violation_type,frame,track_id,leader_track_id,class_name,lane,d
Lane Straddling,,17,,motorcycle,,
Lane Straddling,,32,,person,,
Lane Straddling,,33,,person,,
Lane Straddling,,53,,person,,
Lane Straddling,,56,,car,,
Lane Straddling,,68,,person,,
Lane Straddling,,82,,person,,
Lane Straddling,,86,,person,,
Lane Straddling,,87,,motorcycle,,
Lane Straddling,,110,,person,,
Lane Straddling,,112,,person,,
Lane Straddling,,124,,motorcycle,,
Lane Straddling,,132,,person,,
Lane Straddling,,134,,motorcycle,,
Lane Straddling,,142,,person,,
Lane Straddling,,151,,motorcycle,,
Lane Straddling,,180,,person,,
Lane Straddling,,182,,person,,
Lane Straddling,,193,,car,,
Lane Straddling,,226,,person,,
Lane Straddling,,260,,motorcycle,,
Lane Straddling,,268,,motorcycle,,
Lane Straddling,,271,,person,,
Lane Straddling,,278,,person,,
Lane Straddling,,282,,motorcycle,,
Lane Straddling,,283,,motorcycle,,
Lane Straddling,,300,,person,,
Lane Straddling,,322,,motorcycle,,
Lane Straddling,,329,,person,,
Tailgating,2.0,69,53.0,person,Inner,2.2829612226596523
Tailgating,2.0,55,57.0,car,Outer,2.015638898838438
Tailgating,3.0,69,53.0,person,Inner,2.2607260578543995
Tailgating,3.0,55,57.0,car,Outer,1.9525480256576577
Tailgating,4.0,55,57.0,car,Outer,1.9036725460438904
Tailgating,5.0,69,53.0,person,Inner,2.2572300455837953
Tailgating,7.0,55,57.0,car,Outer,1.8012179579328287
Tailgating,8.0,55,57.0,car,Outer,1.7570523943423997
Tailgating,9.0,69,53.0,person,Inner,2.217319549740719
Tailgating,10.0,55,57.0,car,Outer,1.8069052968071286
Tailgating,11.0,69,53.0,person,Inner,2.193836291946597
Tailgating,11.0,55,57.0,car,Outer,1.8518091720514924
Tailgating,12.0,69,53.0,person,Inner,2.1941680160898267
Tailgating,12.0,24,5.0,motorcycle,Inner,1.2787648372872458
Tailgating,12.0,55,57.0,car,Outer,1.902143116220846
Tailgating,13.0,24,5.0,motorcycle,Inner,1.2972141753729947
Tailgating,13.0,55,57.0,car,Outer,1.9562183815015692
Tailgating,14.0,24,5.0,motorcycle,Inner,1.3281917582212734
Tailgating,14.0,55,57.0,car,Outer,2.019999222311892
Tailgating,15.0,24,5.0,motorcycle,Inner,1.3610054538541034
Tailgating,15.0,55,57.0,car,Outer,2.0794993682916982
Tailgating,16.0,24,5.0,motorcycle,Inner,1.3919277556180636
Tailgating,16.0,80,81.0,car,Outer,0.0008252321843828851
Tailgating,17.0,24,5.0,motorcycle,Inner,1.4210588093923724
Tailgating,17.0,80,81.0,car,Outer,0.00612171371854109
Tailgating,18.0,24,5.0,motorcycle,Inner,1.4519884758551733
Tailgating,18.0,80,81.0,car,Outer,0.0038804342747428048
Tailgating,19.0,24,5.0,motorcycle,Inner,1.4811926917504177
Tailgating,20.0,24,5.0,motorcycle,Inner,1.5104484229480035
Tailgating,21.0,24,5.0,motorcycle,Inner,1.5523967422780045
Tailgating,22.0,24,5.0,motorcycle,Inner,1.5842573612281339
Tailgating,23.0,6,31.0,person,Inner,1.091636044870136
Tailgating,23.0,24,5.0,motorcycle,Inner,1.6055241875520714
Tailgating,24.0,24,5.0,motorcycle,Inner,1.6349213977073453
Tailgating,25.0,24,5.0,motorcycle,Inner,1.6681856585910977
Tailgating,26.0,24,72.0,motorcycle,Outer,1.8555978120756287
Tailgating,27.0,24,72.0,motorcycle,Outer,1.846001337453219
Tailgating,28.0,24,72.0,motorcycle,Outer,1.8313694351330276
Tailgating,29.0,24,72.0,motorcycle,Outer,1.8081815732395825
Tailgating,30.0,24,72.0,motorcycle,Outer,1.804909770270166
Tailgating,31.0,24,72.0,motorcycle,Outer,1.778895134807769
Tailgating,32.0,24,72.0,motorcycle,Outer,1.7633088317976269
Tailgating,33.0,81,80.0,car,Outer,0.12938830062788365
Tailgating,34.0,81,80.0,car,Outer,0.10770788856180695
Tailgating,34.0,55,57.0,car,Outer,2.132874933794303
Tailgating,35.0,112,69.0,person,Inner,3.7234489149807293
Tailgating,35.0,81,80.0,car,Outer,0.07815399119146993
Tailgating,35.0,55,57.0,car,Outer,2.0874170170949067
Tailgating,36.0,112,69.0,person,Inner,3.7459916161597793
Tailgating,36.0,108,14.0,car,Outer,0.011518072716229842
Tailgating,36.0,81,80.0,car,Outer,0.05074355814261721
Tailgating,36.0,55,57.0,car,Outer,2.023881473123357
Tailgating,37.0,112,69.0,person,Inner,3.7723776864362955
Tailgating,37.0,108,14.0,car,Outer,0.001671318874411308
Tailgating,37.0,55,57.0,car,Outer,1.9472663739210734
Tailgating,38.0,112,69.0,person,Inner,3.8045041816394867
Tailgating,38.0,108,14.0,car,Outer,0.0016818576345909923
Tailgating,38.0,55,57.0,car,Outer,1.8839618998936143
Tailgating,39.0,112,69.0,person,Inner,3.8415845112326195
Tailgating,39.0,108,14.0,car,Outer,0.0016994310908918595
Tailgating,39.0,55,57.0,car,Outer,1.811999579718954
Tailgating,40.0,112,69.0,person,Inner,3.861958748330465
Tailgating,40.0,14,108.0,car,Outer,0.009851985331525086
Tailgating,40.0,55,57.0,car,Outer,1.7669640815682375
Tailgating,41.0,112,69.0,person,Inner,3.8736319027039094
Tailgating,41.0,14,108.0,car,Outer,0.009848672456400828
Tailgating,41.0,55,57.0,car,Outer,1.730981257167612
Tailgating,42.0,112,69.0,person,Inner,3.899022565967064
Tailgating,42.0,14,108.0,car,Outer,0.01969230637020116
Tailgating,43.0,112,69.0,person,Inner,3.90782461566289
Tailgating,43.0,14,108.0,car,Outer,0.00984211218390738
Tailgating,43.0,55,57.0,car,Outer,1.7528806536134134
Tailgating,44.0,112,69.0,person,Inner,3.9195202833151814
Tailgating,44.0,14,108.0,car,Outer,0.009837355794982548
Tailgating,44.0,55,57.0,car,Outer,1.8203616154847815
Tailgating,45.0,112,69.0,person,Inner,3.9312213912056486
Tailgating,45.0,14,108.0,car,Outer,0.009832262366458223
Tailgating,45.0,55,57.0,car,Outer,1.88708969859669
Tailgating,46.0,112,69.0,person,Inner,3.937345173763784
Tailgating,46.0,108,14.0,car,Outer,0.0
Tailgating,46.0,55,57.0,car,Outer,1.9670152112819428
Tailgating,47.0,112,69.0,person,Inner,3.9490620322620766
Tailgating,47.0,108,14.0,car,Outer,0.0018812508339612296
Tailgating,47.0,55,57.0,car,Outer,2.0505923829137576
Tailgating,48.0,112,69.0,person,Inner,3.9581036753352783
Tailgating,48.0,108,14.0,car,Outer,0.0
Tailgating,48.0,55,57.0,car,Outer,2.1306085003504482
Tailgating,48.0,11,24.0,motorcycle,Outer,0.7194213375964038
Tailgating,49.0,112,69.0,person,Inner,3.9647247885642782
Tailgating,49.0,14,108.0,car,Outer,0.009811589109959573
Tailgating,49.0,80,81.0,car,Outer,0.006024388908471014
Tailgating,49.0,55,57.0,car,Outer,2.188763243148424
Tailgating,49.0,11,24.0,motorcycle,Outer,0.6336303795538083
Tailgating,50.0,112,69.0,person,Inner,3.9852871095094784
Tailgating,50.0,108,14.0,car,Outer,0.0
Tailgating,50.0,80,81.0,car,Outer,0.04305254519314169
Tailgating,50.0,11,24.0,motorcycle,Outer,0.5442419900100667
Tailgating,51.0,14,108.0,car,Outer,0.007822347059770475
Tailgating,51.0,80,81.0,car,Outer,0.05655687372080048
Tailgating,51.0,55,57.0,car,Outer,2.128589903178332
Tailgating,51.0,11,24.0,motorcycle,Outer,0.4351958926410559
Tailgating,52.0,14,108.0,car,Outer,0.009797847169616123
Tailgating,52.0,80,81.0,car,Outer,0.05261555652136085
Tailgating,52.0,55,57.0,car,Outer,2.065328137614718
Tailgating,52.0,11,24.0,motorcycle,Outer,0.32044719193624543
Tailgating,53.0,108,14.0,car,Outer,0.0
Tailgating,53.0,80,81.0,car,Outer,0.05311361055649897
Tailgating,53.0,55,57.0,car,Outer,1.9655886301607997
Tailgating,53.0,11,24.0,motorcycle,Outer,0.18658880428286895
Tailgating,54.0,14,108.0,car,Outer,0.00978799382618479
Tailgating,54.0,80,81.0,car,Outer,0.04975203152181547
Tailgating,54.0,11,24.0,motorcycle,Outer,0.07947687003015062
Tailgating,55.0,14,108.0,car,Outer,0.019565884670341895
Tailgating,55.0,11,24.0,motorcycle,Outer,0.0240071251099838
Tailgating,56.0,14,108.0,car,Outer,0.02165442441937108
Tailgating,56.0,24,11.0,motorcycle,Outer,0.020992724378057527
Tailgating,57.0,14,108.0,car,Outer,0.019541346259489313
Tailgating,57.0,55,57.0,car,Outer,1.8070588677672312
Tailgating,58.0,14,108.0,car,Outer,0.019532255957467867
Tailgating,58.0,55,57.0,car,Outer,1.8195197063769244
Tailgating,59.0,14,108.0,car,Outer,0.009760708674123928
Tailgating,59.0,55,57.0,car,Outer,1.8520336969436055
Tailgating,60.0,14,108.0,car,Outer,0.009754383945493612
Tailgating,60.0,55,57.0,car,Outer,1.9288704739469977
Tailgating,61.0,14,108.0,car,Outer,0.00974960230529578
Tailgating,61.0,118,80.0,motorcycle,Outer,0.8585884910061935
Tailgating,62.0,14,108.0,car,Outer,0.009743073776710352
Tailgating,62.0,118,80.0,motorcycle,Outer,0.8610610260120555
Tailgating,63.0,108,14.0,car,Outer,0.0
Tailgating,63.0,118,80.0,motorcycle,Outer,0.8769390297941501
Tailgating,64.0,130,10.0,car,Inner,0.00973011556913079
Tailgating,64.0,10,110.0,car,Inner,0.37728319942411953
Tailgating,64.0,53,31.0,person,Inner,0.941142268222377
Tailgating,64.0,108,14.0,car,Outer,0.0022976744267025886
Tailgating,64.0,118,80.0,motorcycle,Outer,0.8901586796763686
Tailgating,65.0,130,10.0,car,Inner,0.0
Tailgating,65.0,10,110.0,car,Inner,0.3530410921215023
Tailgating,65.0,108,14.0,car,Outer,0.0
Tailgating,65.0,118,80.0,motorcycle,Outer,0.9054828460109543
Tailgating,65.0,80,81.0,car,Outer,0.023788204656744333
Tailgating,66.0,130,10.0,car,Inner,0.009701426415830891
Tailgating,66.0,10,110.0,car,Inner,0.3090594052877291
Tailgating,66.0,53,31.0,person,Inner,0.8263854329036926
Tailgating,66.0,108,14.0,car,Outer,0.002346279921115616
Tailgating,66.0,118,80.0,motorcycle,Outer,0.9229008790051069
Tailgating,66.0,80,81.0,car,Outer,0.01776401365914256
Tailgating,66.0,11,24.0,motorcycle,Outer,0.03307495184714373
Tailgating,67.0,130,10.0,car,Inner,0.0
Tailgating,67.0,10,110.0,car,Inner,0.27724816530792973
Tailgating,67.0,53,31.0,person,Inner,0.7024133950952739
Tailgating,67.0,108,14.0,car,Outer,0.0023661797915785618
Tailgating,67.0,67,97.0,person,Outer,0.6235008076761103
Tailgating,67.0,118,80.0,motorcycle,Outer,0.9358362326641294
Tailgating,67.0,80,81.0,car,Outer,0.005595527994932903
Tailgating,67.0,11,24.0,motorcycle,Outer,0.01069537463473045
Tailgating,68.0,130,10.0,car,Inner,0.009672111760984092
Tailgating,68.0,10,110.0,car,Inner,0.23391782958351184
Tailgating,68.0,53,31.0,person,Inner,0.5502011359416074
Tailgating,68.0,108,14.0,car,Outer,0.002393449060964084
Tailgating,68.0,67,97.0,person,Outer,0.6463901363975123
Tailgating,68.0,118,80.0,motorcycle,Outer,0.9559342493633125
Tailgating,68.0,80,81.0,car,Outer,0.0129467355937351
Tailgating,68.0,57,87.0,motorcycle,Outer,1.5473221055120008
Tailgating,68.0,24,11.0,motorcycle,Outer,0.011624371567909107
Tailgating,69.0,130,10.0,car,Inner,0.00965926597421972
Tailgating,69.0,10,110.0,car,Inner,0.20036006935763442
Tailgating,69.0,53,31.0,person,Inner,0.40896831024723906
Tailgating,69.0,108,14.0,car,Outer,0.002420792241226156
Tailgating,69.0,67,97.0,person,Outer,0.6784786429312153
Tailgating,69.0,118,80.0,motorcycle,Outer,0.971366569106253
Tailgating,69.0,80,81.0,car,Outer,0.023842540774411825
Tailgating,69.0,55,57.0,car,Outer,1.8582363317993171
Tailgating,69.0,57,87.0,motorcycle,Outer,1.6160783573108002
Tailgating,69.0,24,11.0,motorcycle,Outer,0.014458421577805238
Tailgating,70.0,130,10.0,car,Inner,0.009646344203745582
Tailgating,70.0,10,110.0,car,Inner,0.16698643628043658
Tailgating,70.0,53,31.0,person,Inner,0.2513714543272415
Tailgating,70.0,108,14.0,car,Outer,0.0024500551726016583
Tailgating,70.0,67,93.0,person,Outer,0.005440344475958094
Tailgating,70.0,118,80.0,motorcycle,Outer,1.0040554318416284
Tailgating,70.0,80,81.0,car,Outer,0.029066484638112976
Tailgating,70.0,57,87.0,motorcycle,Outer,1.6706943236602816
Tailgating,70.0,24,11.0,motorcycle,Outer,0.024431468537780995
Tailgating,71.0,130,10.0,car,Inner,0.0
Tailgating,71.0,10,110.0,car,Inner,0.14779522065112974
Tailgating,71.0,53,31.0,person,Inner,0.08688514729875586
Tailgating,71.0,14,108.0,car,Outer,0.007206065718449798
Tailgating,71.0,67,93.0,person,Outer,0.0394254787713304
Tailgating,71.0,118,80.0,motorcycle,Outer,1.014919273979099
Tailgating,71.0,80,81.0,car,Outer,0.03614700844001692
Tailgating,71.0,24,11.0,motorcycle,Outer,0.024723934486961596
Tailgating,72.0,130,10.0,car,Inner,0.0
Tailgating,72.0,10,110.0,car,Inner,0.12296045391090239
Tailgating,72.0,53,30.0,person,Inner,0.5912581862134378
Tailgating,72.0,44,14.0,motorcycle,Outer,2.751166426396325
Tailgating,72.0,14,108.0,car,Outer,0.016832001643475022
Tailgating,72.0,67,93.0,person,Outer,0.07752031739692761
Tailgating,72.0,118,80.0,motorcycle,Outer,1.032476009850884
Tailgating,72.0,80,81.0,car,Outer,0.027985000229433513
Tailgating,72.0,24,11.0,motorcycle,Outer,0.036914665855596475
Tailgating,72.0,11,44.0,motorcycle,Outer,3.4307452514031875
Tailgating,73.0,130,10.0,car,Inner,0.0
Tailgating,73.0,10,110.0,car,Inner,0.09012150196449438
Tailgating,73.0,53,30.0,person,Inner,0.5341957447195643
Tailgating,73.0,44,14.0,motorcycle,Outer,2.7806801185348546
Tailgating,73.0,14,108.0,car,Outer,0.01677567913956605
Tailgating,73.0,67,93.0,person,Outer,0.11533722366984193
Tailgating,73.0,118,80.0,motorcycle,Outer,1.0453706943361618
Tailgating,73.0,80,81.0,car,Outer,0.03137501379755131
Tailgating,73.0,55,57.0,car,Outer,1.7911340992567275
Tailgating,73.0,57,87.0,motorcycle,Outer,1.6856645944093442
Tailgating,73.0,24,11.0,motorcycle,Outer,0.03697849712015674
Tailgating,73.0,11,44.0,motorcycle,Outer,3.3965839243500717
Tailgating,74.0,10,130.0,car,Inner,0.0
Tailgating,74.0,130,110.0,car,Inner,0.0680873461686535
Tailgating,74.0,44,14.0,motorcycle,Outer,2.8196179655280065
Tailgating,74.0,14,108.0,car,Outer,0.016718859300741743
Tailgating,74.0,67,93.0,person,Outer,0.13431810257686144
Tailgating,74.0,118,80.0,motorcycle,Outer,1.0673448531603917
Tailgating,74.0,80,81.0,car,Outer,0.03299454558384064
Tailgating,74.0,55,57.0,car,Outer,1.7883658511210292
Tailgating,74.0,57,87.0,motorcycle,Outer,1.6727666165645763
Tailgating,74.0,24,11.0,motorcycle,Outer,0.0370236267703537
Tailgating,74.0,11,44.0,motorcycle,Outer,3.365210413913468
Tailgating,75.0,130,10.0,car,Inner,0.0
Tailgating,75.0,10,110.0,car,Inner,0.04876857355961132
Tailgating,75.0,44,14.0,motorcycle,Outer,2.8481186783944947
Tailgating,75.0,14,108.0,car,Outer,0.028943740057144434
Tailgating,75.0,118,80.0,motorcycle,Outer,1.0802392270395549
Tailgating,75.0,80,81.0,car,Outer,0.021286921014328487
Tailgating,75.0,55,57.0,car,Outer,1.7865442703125658
Tailgating,75.0,57,87.0,motorcycle,Outer,1.6321439464936396
Tailgating,75.0,24,11.0,motorcycle,Outer,0.03912312191635305
Tailgating,75.0,11,44.0,motorcycle,Outer,3.3545936890410064
Tailgating,76.0,147,142.0,person,Inner,2.0082630822433623
Tailgating,76.0,130,10.0,car,Inner,0.0
Tailgating,76.0,10,110.0,car,Inner,0.0272544497104734
Tailgating,76.0,44,14.0,motorcycle,Outer,2.8790359027022974
Tailgating,76.0,14,108.0,car,Outer,0.02891130121045724
Tailgating,76.0,118,80.0,motorcycle,Outer,1.0859114166834023
Tailgating,76.0,80,81.0,car,Outer,0.004378223769615343
Tailgating,76.0,55,57.0,car,Outer,1.779413396589107
Tailgating,76.0,57,87.0,motorcycle,Outer,1.606532363221041
Tailgating,76.0,60,2.0,car,Outer,0.11857724595028207
Tailgating,76.0,24,11.0,motorcycle,Outer,0.04120415700754035
Tailgating,76.0,11,44.0,motorcycle,Outer,3.353647109792166
Tailgating,77.0,147,142.0,person,Inner,1.9746125368165093
Tailgating,77.0,130,10.0,car,Inner,0.0
Tailgating,77.0,10,110.0,car,Inner,0.008516974754990787
Tailgating,77.0,44,14.0,motorcycle,Outer,2.9176998428513516
Tailgating,77.0,14,108.0,car,Outer,0.019255337473585033
Tailgating,77.0,118,80.0,motorcycle,Outer,1.0733650507192338
Tailgating,77.0,80,81.0,car,Outer,0.010866908128881247
Tailgating,77.0,57,87.0,motorcycle,Outer,1.580795277384389
Tailgating,77.0,60,2.0,car,Outer,0.31473891096666234
Tailgating,77.0,24,11.0,motorcycle,Outer,0.041204086130455085
Tailgating,77.0,11,44.0,motorcycle,Outer,3.354875073246799
Tailgating,78.0,147,142.0,person,Inner,1.9723934316673242
Tailgating,78.0,10,130.0,car,Inner,0.0
Tailgating,78.0,44,14.0,motorcycle,Outer,2.9466962835884227
Tailgating,78.0,14,108.0,car,Outer,0.009618074872256884
Tailgating,78.0,118,80.0,motorcycle,Outer,1.047085112755961
Tailgating,78.0,80,81.0,car,Outer,0.013698627305696716
Tailgating,78.0,57,87.0,motorcycle,Outer,1.557974252552242
Tailgating,78.0,60,2.0,car,Outer,0.5385181354773658
Tailgating,78.0,24,11.0,motorcycle,Outer,0.03141967755818675
Tailgating,78.0,11,151.0,motorcycle,Outer,2.6033031765100043
Tailgating,79.0,147,142.0,person,Inner,1.9577666660567346
Tailgating,79.0,10,130.0,car,Inner,0.0
Tailgating,79.0,44,14.0,motorcycle,Outer,2.9764986951588455
Tailgating,79.0,14,108.0,car,Outer,0.009609374229527333
Tailgating,79.0,118,80.0,motorcycle,Outer,1.0218164575251814
Tailgating,79.0,80,81.0,car,Outer,0.03176832251828215
Tailgating,79.0,90,86.0,car,Outer,0.3325860972558286
Tailgating,79.0,60,2.0,car,Outer,0.7899486260879313
Tailgating,79.0,24,11.0,motorcycle,Outer,0.13412982213451868
Tailgating,79.0,11,151.0,motorcycle,Outer,2.599325445506704
Tailgating,80.0,147,142.0,person,Inner,1.9361309815167476
Tailgating,80.0,10,130.0,car,Inner,0.0
Tailgating,80.0,44,14.0,motorcycle,Outer,3.0054342217746663
Tailgating,80.0,14,108.0,car,Outer,0.0
Tailgating,80.0,144,97.0,person,Outer,0.6717111670885435
Tailgating,80.0,118,80.0,motorcycle,Outer,0.9874718073079706
Tailgating,80.0,80,81.0,car,Outer,0.04793615360974787
Tailgating,80.0,90,86.0,car,Outer,0.3305769832206332
Tailgating,80.0,60,2.0,car,Outer,1.034978690255871
Tailgating,80.0,24,11.0,motorcycle,Outer,0.2796423846713547
Tailgating,80.0,11,151.0,motorcycle,Outer,2.6020574622374872
Tailgating,81.0,147,142.0,person,Inner,1.925038270235217
Tailgating,81.0,10,130.0,car,Inner,0.0
Tailgating,81.0,44,14.0,motorcycle,Outer,3.0238461234528713
Tailgating,81.0,14,108.0,car,Outer,0.009588746308805267
Tailgating,81.0,144,97.0,person,Outer,0.6961881933086616
Tailgating,81.0,118,80.0,motorcycle,Outer,0.9550271531867984
Tailgating,81.0,55,57.0,car,Outer,2.01998750312682
Tailgating,81.0,60,2.0,car,Outer,1.293562071589803
Tailgating,81.0,24,11.0,motorcycle,Outer,0.47991286158171287
Tailgating,81.0,11,151.0,motorcycle,Outer,2.6072830937601226
Tailgating,82.0,147,142.0,person,Inner,1.8966475196999801
Tailgating,82.0,10,130.0,car,Inner,0.0
Tailgating,82.0,44,14.0,motorcycle,Outer,3.0524148251254757
Tailgating,82.0,14,108.0,car,Outer,0.0
Tailgating,82.0,144,97.0,person,Outer,0.7250277285757173
Tailgating,82.0,118,80.0,motorcycle,Outer,0.9211201768053513
Tailgating,82.0,55,57.0,car,Outer,2.0969293192113962
Tailgating,82.0,60,2.0,car,Outer,1.551649576098609
Tailgating,82.0,24,11.0,motorcycle,Outer,0.6943052784513728
Tailgating,82.0,11,151.0,motorcycle,Outer,2.61087646550191
Tailgating,83.0,147,142.0,person,Inner,1.8802938544719383
Tailgating,83.0,10,130.0,car,Inner,0.0
Tailgating,83.0,44,14.0,motorcycle,Outer,3.068758775491666
Tailgating,83.0,14,108.0,car,Outer,0.0
Tailgating,83.0,118,80.0,motorcycle,Outer,0.8931848573174621
Tailgating,83.0,55,57.0,car,Outer,2.1607131906627077
Tailgating,83.0,60,2.0,car,Outer,1.6803925076374815
Tailgating,83.0,24,11.0,motorcycle,Outer,0.9374097657148938
Tailgating,83.0,11,151.0,motorcycle,Outer,2.6164277193201353
Tailgating,84.0,130,10.0,car,Inner,0.0
Tailgating,84.0,44,108.0,motorcycle,Outer,3.0886006186073014
Tailgating,84.0,108,14.0,car,Outer,0.0
Tailgating,84.0,147,93.0,person,Outer,0.26709760783094716
Tailgating,84.0,118,80.0,motorcycle,Outer,0.8744702567880085
Tailgating,84.0,60,2.0,car,Outer,1.7517459826069768
Tailgating,84.0,24,11.0,motorcycle,Outer,1.185721248115007
Tailgating,84.0,11,151.0,motorcycle,Outer,2.6109119858680323
Tailgating,85.0,10,130.0,car,Inner,0.006183829485464433
Tailgating,85.0,151,44.0,motorcycle,Outer,0.43035438875646115
Tailgating,85.0,44,108.0,motorcycle,Outer,3.1047110694596585
Tailgating,85.0,108,14.0,car,Outer,0.00955036681418863
Tailgating,85.0,147,93.0,person,Outer,0.23306412515441066
Tailgating,85.0,118,80.0,motorcycle,Outer,0.8527051328115884
Tailgating,85.0,60,2.0,car,Outer,1.7781537230980267
Tailgating,85.0,24,11.0,motorcycle,Outer,1.4316370046399047
Tailgating,85.0,11,151.0,motorcycle,Outer,2.6044238714056025
Tailgating,86.0,10,130.0,car,Inner,0.009436996900329928
Tailgating,86.0,151,44.0,motorcycle,Outer,0.4190357628644814
Tailgating,86.0,44,14.0,motorcycle,Outer,3.1423025578144728
Tailgating,86.0,14,108.0,car,Outer,0.0
Tailgating,86.0,147,93.0,person,Outer,0.19038129619488492
Tailgating,86.0,24,11.0,motorcycle,Outer,1.5886886395415978
Tailgating,86.0,11,151.0,motorcycle,Outer,2.6084073423312897
Tailgating,87.0,10,130.0,car,Inner,0.0
Tailgating,87.0,44,108.0,motorcycle,Outer,3.179245739730793
Tailgating,87.0,108,14.0,car,Outer,0.009529893825962452
Tailgating,87.0,14,119.0,car,Outer,3.9873336285530736
Tailgating,87.0,24,11.0,motorcycle,Outer,1.666239695286914
Tailgating,87.0,11,151.0,motorcycle,Outer,2.6113281580781686
Tailgating,88.0,10,130.0,car,Inner,0.0
Tailgating,88.0,44,108.0,motorcycle,Outer,3.206478128971418
Tailgating,88.0,108,14.0,car,Outer,0.009520622297303043
Tailgating,88.0,14,119.0,car,Outer,3.949670066669997
Tailgating,88.0,24,11.0,motorcycle,Outer,1.7151736680109715
Tailgating,88.0,11,151.0,motorcycle,Outer,2.6179713566526672
Tailgating,89.0,130,10.0,car,Inner,0.0034036494243431786
Tailgating,89.0,44,108.0,motorcycle,Outer,3.2258173818941125
Tailgating,89.0,108,14.0,car,Outer,0.006424693322769529
Tailgating,89.0,14,119.0,car,Outer,3.92967404200801
Tailgating,89.0,55,57.0,car,Outer,2.121473347582443
Tailgating,89.0,11,151.0,motorcycle,Outer,2.6119163034525497
Tailgating,90.0,10,130.0,car,Inner,0.0
Tailgating,90.0,44,108.0,motorcycle,Outer,3.261065293872183
Tailgating,90.0,108,14.0,car,Outer,0.009500111987415355
Tailgating,90.0,14,119.0,car,Outer,3.895528010827619
Tailgating,90.0,55,57.0,car,Outer,2.066690869934541
Tailgating,90.0,11,151.0,motorcycle,Outer,2.6164877140071114
Tailgating,91.0,10,130.0,car,Inner,0.0
Tailgating,91.0,44,108.0,motorcycle,Outer,3.288480326523286
Tailgating,91.0,108,14.0,car,Outer,0.009488049084812008
Tailgating,91.0,14,119.0,car,Outer,3.85687680501163
Tailgating,91.0,93,144.0,person,Outer,0.10224366588510002
Tailgating,91.0,55,57.0,car,Outer,1.9897157871962903
Tailgating,91.0,11,151.0,motorcycle,Outer,2.6218465029565388
Tailgating,92.0,10,130.0,car,Inner,0.0
Tailgating,92.0,53,30.0,person,Inner,0.12767691682190943
Tailgating,92.0,44,108.0,motorcycle,Outer,3.3355603960880944
Tailgating,92.0,108,14.0,car,Outer,0.003200019810342489
Tailgating,92.0,14,119.0,car,Outer,3.8264169822724474
Tailgating,92.0,93,147.0,person,Outer,0.0027697297602988467
Tailgating,92.0,55,57.0,car,Outer,1.9074651538137708
Tailgating,92.0,11,151.0,motorcycle,Outer,2.6364987046751365
Tailgating,93.0,130,10.0,car,Inner,0.003551812585048819
Tailgating,93.0,44,108.0,motorcycle,Outer,3.3627040874034324
Tailgating,93.0,108,14.0,car,Outer,0.0032365899051452736
Tailgating,93.0,14,119.0,car,Outer,3.7918691842757086
Tailgating,93.0,93,147.0,person,Outer,0.04733147438435134
Tailgating,93.0,55,57.0,car,Outer,1.8343200591281426
Tailgating,93.0,11,151.0,motorcycle,Outer,2.6421245698711724
Tailgating,94.0,10,130.0,car,Inner,0.0
Tailgating,94.0,44,14.0,motorcycle,Outer,3.391771785491168
Tailgating,94.0,14,108.0,car,Outer,0.009447437838734725
Tailgating,94.0,108,119.0,car,Outer,3.7608922131990115
Tailgating,94.0,93,147.0,person,Outer,0.12426127425837796
Tailgating,94.0,147,144.0,person,Outer,0.0830797693010435
Tailgating,94.0,55,57.0,car,Outer,1.785772001526093
Tailgating,94.0,11,151.0,motorcycle,Outer,2.6364326027439775
Tailgating,95.0,130,10.0,car,Inner,0.003613437915866752
Tailgating,95.0,151,44.0,motorcycle,Outer,0.41316782277975883
Tailgating,95.0,44,14.0,motorcycle,Outer,3.4170154716691408
Tailgating,95.0,14,108.0,car,Outer,0.009432083992515668
Tailgating,95.0,108,119.0,car,Outer,3.725343485934138
Tailgating,95.0,93,147.0,person,Outer,0.1877364827299582
Tailgating,95.0,147,144.0,person,Outer,0.05008141293546308
Tailgating,95.0,11,151.0,motorcycle,Outer,2.6512136725732
Tailgating,96.0,10,130.0,car,Inner,0.0
Tailgating,96.0,151,44.0,motorcycle,Outer,0.40194355741297444
Tailgating,96.0,44,14.0,motorcycle,Outer,3.463490709778941
Tailgating,96.0,14,108.0,car,Outer,0.0
Tailgating,96.0,108,119.0,car,Outer,3.699020677137658
Tailgating,96.0,147,144.0,person,Outer,0.0262690875213099
Tailgating,96.0,11,151.0,motorcycle,Outer,2.6564138271171602
Tailgating,97.0,10,130.0,car,Inner,0.0
Tailgating,97.0,151,44.0,motorcycle,Outer,0.4023572225496657
Tailgating,97.0,44,14.0,motorcycle,Outer,3.497745253284377
Tailgating,97.0,14,108.0,car,Outer,0.0
Tailgating,97.0,108,119.0,car,Outer,3.6770464835730112
Tailgating,97.0,147,118.0,person,Outer,1.684250263503605
Tailgating,97.0,11,151.0,motorcycle,Outer,2.6495666014050085
Tailgating,98.0,10,130.0,car,Inner,0.003723312251858822
Tailgating,98.0,151,44.0,motorcycle,Outer,0.39165908034177904
Tailgating,98.0,44,108.0,motorcycle,Outer,3.5239004446735094
Tailgating,98.0,108,14.0,car,Outer,0.009392548213489359
Tailgating,98.0,14,119.0,car,Outer,3.650431305369912
Tailgating,98.0,147,118.0,person,Outer,1.6461240458858322
Tailgating,98.0,55,57.0,car,Outer,1.7612650662745402
Tailgating,98.0,11,151.0,motorcycle,Outer,2.6564426817002174
Tailgating,99.0,10,130.0,car,Inner,0.013023134936708316
Tailgating,99.0,44,14.0,motorcycle,Outer,3.562044268687511
Tailgating,99.0,14,108.0,car,Outer,0.0
Tailgating,99.0,108,119.0,car,Outer,3.637564446467304
Tailgating,99.0,147,118.0,person,Outer,1.6066848303658336
Tailgating,99.0,55,57.0,car,Outer,1.7925973823255192
Tailgating,99.0,11,151.0,motorcycle,Outer,2.642355888617956
Tailgating,100.0,10,130.0,car,Inner,0.013042267408359296
Tailgating,100.0,130,112.0,car,Inner,3.990750220646488
Tailgating,100.0,44,108.0,motorcycle,Outer,3.585854831950302
Tailgating,100.0,108,14.0,car,Outer,0.012865807804676216
Tailgating,100.0,14,119.0,car,Outer,3.6021671281656853
Tailgating,100.0,147,118.0,person,Outer,1.5701011711016237
Tailgating,100.0,55,57.0,car,Outer,1.8465283666031214
Tailgating,100.0,11,151.0,motorcycle,Outer,2.6481400881263824
Tailgating,101.0,10,130.0,car,Inner,0.007631222955147564
Tailgating,101.0,130,112.0,car,Inner,3.937742740402711
Tailgating,101.0,44,108.0,motorcycle,Outer,3.6117287626785655
Tailgating,101.0,108,14.0,car,Outer,0.012884352258929718
Tailgating,101.0,14,119.0,car,Outer,3.5721131592320896
Tailgating,101.0,147,118.0,person,Outer,1.5461782573822915
Tailgating,101.0,55,57.0,car,Outer,1.8669079771902861
Tailgating,101.0,11,44.0,motorcycle,Outer,3.3573634455882964
Tailgating,102.0,10,130.0,car,Inner,0.007694216680907657
Tailgating,102.0,130,112.0,car,Inner,3.884487058332526
Tailgating,102.0,44,14.0,motorcycle,Outer,3.651801213535447
Tailgating,102.0,14,108.0,car,Outer,0.0
Tailgating,102.0,108,119.0,car,Outer,3.545881954659126
Tailgating,102.0,147,118.0,person,Outer,1.5209927241035202
Tailgating,102.0,55,57.0,car,Outer,1.8746651886521388
Tailgating,102.0,11,44.0,motorcycle,Outer,3.3419581762977644
Tailgating,103.0,10,130.0,car,Inner,0.011627507241101318
Tailgating,103.0,130,112.0,car,Inner,3.829336660730102
Tailgating,103.0,44,108.0,motorcycle,Outer,3.6775077129847302
Tailgating,103.0,108,14.0,car,Outer,0.009331438466363853
Tailgating,103.0,14,119.0,car,Outer,3.4971598817492007
Tailgating,103.0,147,118.0,person,Outer,1.4988582877909338
Tailgating,103.0,55,57.0,car,Outer,1.9040390142303918
Tailgating,103.0,11,44.0,motorcycle,Outer,3.3362798214708764
Tailgating,104.0,10,130.0,car,Inner,0.020910580025577327
Tailgating,104.0,130,112.0,car,Inner,3.782324055467715
Tailgating,104.0,44,108.0,motorcycle,Outer,3.7052999267789466
Tailgating,104.0,108,14.0,car,Outer,0.009319892362194987
Tailgating,104.0,14,119.0,car,Outer,3.462295306900317
Tailgating,104.0,147,118.0,person,Outer,1.457965852099288
Tailgating,104.0,55,57.0,car,Outer,1.9581905053603503
Tailgating,104.0,11,44.0,motorcycle,Outer,3.321176541869612
Tailgating,105.0,10,130.0,car,Inner,0.02491157981186569
Tailgating,105.0,130,112.0,car,Inner,3.7271998958930137
Tailgating,105.0,44,108.0,motorcycle,Outer,3.728679142867718
Tailgating,105.0,108,14.0,car,Outer,0.012966441935480537
Tailgating,105.0,14,119.0,car,Outer,3.404997159680495
Tailgating,105.0,147,118.0,person,Outer,1.4294199339879634
Tailgating,105.0,11,44.0,motorcycle,Outer,3.3263938400940134
Tailgating,106.0,10,130.0,car,Inner,0.025018570793624635
Tailgating,106.0,130,112.0,car,Inner,3.694741235359863
Tailgating,106.0,44,108.0,motorcycle,Outer,3.7585663584407194
Tailgating,106.0,108,14.0,car,Outer,0.009293579598023705
Tailgating,106.0,14,119.0,car,Outer,3.369989769653847
Tailgating,106.0,147,118.0,person,Outer,1.411174276044721
Tailgating,106.0,11,44.0,motorcycle,Outer,3.321127652912544
Tailgating,107.0,71,135.0,car,Inner,2.007956733130477
Tailgating,107.0,10,130.0,car,Inner,0.015951037697771207
Tailgating,107.0,130,112.0,car,Inner,3.6498482347128163
Tailgating,107.0,44,108.0,motorcycle,Outer,3.7839482143910432
Tailgating,107.0,108,14.0,car,Outer,0.009278761418837444
Tailgating,107.0,14,119.0,car,Outer,3.320933356313048
Tailgating,107.0,147,118.0,person,Outer,1.3831078642471717
Tailgating,107.0,11,44.0,motorcycle,Outer,3.3266645183944727
Tailgating,108.0,71,135.0,car,Inner,1.9516791225728145
Tailgating,108.0,10,130.0,car,Inner,0.012058155365850143
Tailgating,108.0,130,112.0,car,Inner,3.602986570140955
Tailgating,108.0,44,108.0,motorcycle,Outer,3.7992794770855243
Tailgating,108.0,108,14.0,car,Outer,0.013024673775558177
Tailgating,108.0,14,119.0,car,Outer,3.2774193904012123
Tailgating,108.0,147,118.0,person,Outer,1.3775357117762417
Tailgating,108.0,55,57.0,car,Outer,2.0237973729374152
Tailgating,108.0,33,19.0,person,Outer,1.1849804344109565
Tailgating,108.0,11,44.0,motorcycle,Outer,3.3333826553318633
Tailgating,109.0,71,135.0,car,Inner,1.887566414444288
Tailgating,109.0,10,130.0,car,Inner,0.012159117713532248
Tailgating,109.0,130,112.0,car,Inner,3.558281633142564
Tailgating,109.0,44,108.0,motorcycle,Outer,3.8266754974407844
Tailgating,109.0,108,14.0,car,Outer,0.00925269410390402
Tailgating,109.0,14,119.0,car,Outer,3.2417349169915592
Tailgating,109.0,147,118.0,person,Outer,1.3661197691231852
Tailgating,109.0,55,57.0,car,Outer,2.0594172554183774
Tailgating,109.0,33,19.0,person,Outer,1.170621376806467
Tailgating,109.0,11,44.0,motorcycle,Outer,3.3491819421512874
Tailgating,110.0,71,135.0,car,Inner,1.8231749906136787
Tailgating,110.0,10,130.0,car,Inner,0.016335857488000368
Tailgating,110.0,130,112.0,car,Inner,3.505400041673904
Tailgating,110.0,44,14.0,motorcycle,Outer,3.8713595246805768
Tailgating,110.0,14,108.0,car,Outer,0.0
Tailgating,110.0,108,119.0,car,Outer,3.1971029428414197
Tailgating,110.0,147,118.0,person,Outer,1.3550035277826342
Tailgating,110.0,55,57.0,car,Outer,2.0866171846152106
Tailgating,110.0,33,19.0,person,Outer,1.1417342211973325
Tailgating,110.0,11,44.0,motorcycle,Outer,3.334936534034764
Tailgating,111.0,71,135.0,car,Inner,1.7645097226883872
Tailgating,111.0,10,130.0,car,Inner,0.01231177390727411
Tailgating,111.0,130,112.0,car,Inner,3.466596031415471
Tailgating,111.0,44,14.0,motorcycle,Outer,3.9083403977233733
Tailgating,111.0,14,108.0,car,Outer,0.0130983219277551
Tailgating,111.0,108,119.0,car,Outer,3.136805190497036
Tailgating,111.0,144,147.0,person,Outer,0.6346555365874801
Tailgating,111.0,147,118.0,person,Outer,1.3404589184728972
Tailgating,111.0,33,19.0,person,Outer,1.1163546038404555
Tailgating,111.0,11,44.0,motorcycle,Outer,3.342048320807316
Tailgating,112.0,71,135.0,car,Inner,1.6979499263502467
Tailgating,112.0,10,130.0,car,Inner,0.012409824648402651
Tailgating,112.0,130,112.0,car,Inner,3.405406686517286
Tailgating,112.0,44,14.0,motorcycle,Outer,3.954991256029191
Tailgating,112.0,14,108.0,car,Outer,0.013127777534292688
Tailgating,112.0,108,119.0,car,Outer,3.0899298204418937
Tailgating,112.0,144,147.0,person,Outer,0.7032707539543178
Tailgating,112.0,147,118.0,person,Outer,1.3259460780994292
Tailgating,113.0,71,135.0,car,Inner,1.6334213903367463
Tailgating,113.0,10,130.0,car,Inner,0.00833310557216792
Tailgating,113.0,130,112.0,car,Inner,3.3585887194507387
Tailgating,113.0,44,14.0,motorcycle,Outer,3.9916852440006325
Tailgating,113.0,14,108.0,car,Outer,0.022327947875756926
Tailgating,113.0,108,119.0,car,Outer,3.042944030319204
Tailgating,113.0,144,147.0,person,Outer,0.7638436115636675
Tailgating,113.0,147,118.0,motorcycle,Outer,1.3148525162721898
Tailgating,114.0,10,130.0,car,Inner,0.008366832245028703
Tailgating,114.0,130,112.0,car,Inner,3.313040075872573
Tailgating,114.0,14,108.0,car,Outer,0.02233350576156687
Tailgating,114.0,108,119.0,car,Outer,3.005126058858732
Tailgating,114.0,144,147.0,person,Outer,0.8231172975339233
Tailgating,114.0,147,118.0,motorcycle,Outer,1.3315520933393015
Tailgating,115.0,10,130.0,car,Inner,0.008430321369484108
Tailgating,115.0,130,112.0,car,Inner,3.251700339875785
Tailgating,115.0,14,108.0,car,Outer,0.03147172449270418
Tailgating,115.0,108,119.0,car,Outer,2.95791121272587
Tailgating,115.0,129,20.0,car,Outer,1.4643505462474606
Tailgating,115.0,144,147.0,person,Outer,0.8790286109717598
Tailgating,115.0,147,118.0,motorcycle,Outer,1.3353000648637203
Tailgating,116.0,10,130.0,car,Inner,0.012718240786436233
Tailgating,116.0,130,112.0,car,Inner,3.198144280095537
Tailgating,116.0,14,108.0,car,Outer,0.03145401404035054
Tailgating,116.0,108,119.0,car,Outer,2.9105915682257706
Tailgating,116.0,129,20.0,car,Outer,1.4907632631870804
Tailgating,116.0,147,118.0,motorcycle,Outer,1.339119120923995
Tailgating,117.0,130,10.0,car,Inner,0.0005197324268492028
Tailgating,117.0,10,112.0,car,Inner,3.162917311962154
Tailgating,117.0,14,108.0,car,Outer,0.03143790949529396
Tailgating,117.0,108,119.0,car,Outer,2.880538924615351
Tailgating,117.0,129,20.0,car,Outer,1.5221241390493565
Tailgating,117.0,147,118.0,motorcycle,Outer,1.3460225651684352
Tailgating,117.0,33,19.0,person,Outer,1.1214522754898448
Tailgating,118.0,10,130.0,car,Inner,0.008577627766146508
Tailgating,118.0,130,112.0,car,Inner,3.107683726982558
Tailgating,118.0,14,108.0,car,Outer,0.03142498077965276
Tailgating,118.0,108,119.0,car,Outer,2.8569537087577688
Tailgating,118.0,129,20.0,car,Outer,1.5463609356621426
Tailgating,118.0,147,118.0,motorcycle,Outer,1.3623479132188823
Tailgating,118.0,33,19.0,person,Outer,1.144616115406868
Tailgating,119.0,130,10.0,car,Inner,0.00040459721154231245
Tailgating,119.0,10,112.0,car,Inner,3.0656001250387965
Tailgating,119.0,14,108.0,car,Outer,0.01811897970265967
Tailgating,119.0,108,119.0,car,Outer,2.842513036218234
Tailgating,119.0,129,20.0,car,Outer,1.5878670445667893
Tailgating,119.0,147,118.0,motorcycle,Outer,1.3695772979077978
Tailgating,119.0,33,19.0,person,Outer,1.1677081408664727
Tailgating,119.0,60,2.0,car,Outer,1.5544422744427433
Tailgating,120.0,10,130.0,car,Inner,0.01298315760470408
Tailgating,120.0,130,112.0,car,Inner,3.0075749803894882
Tailgating,120.0,14,108.0,car,Outer,0.022354991789207416
Tailgating,120.0,108,119.0,car,Outer,2.805114221018703
Tailgating,120.0,129,20.0,car,Outer,1.6182774086637994
Tailgating,120.0,147,118.0,motorcycle,Outer,1.3636557153389213
Tailgating,120.0,33,19.0,person,Outer,1.1849804344109565
Tailgating,120.0,60,2.0,car,Outer,1.368157381893828
Tailgating,121.0,10,130.0,car,Inner,0.017381901790586896
Tailgating,121.0,130,112.0,car,Inner,2.955288107251746
Tailgating,121.0,14,108.0,car,Outer,0.022356867020519037
Tailgating,121.0,108,119.0,car,Outer,2.770766382157562
Tailgating,121.0,129,20.0,car,Outer,1.6165862168215375
Tailgating,121.0,57,87.0,motorcycle,Outer,2.16352540662322
Tailgating,121.0,33,19.0,person,Outer,1.2079483899436594
Tailgating,121.0,60,2.0,car,Outer,1.145805511274616
Tailgating,122.0,10,130.0,car,Inner,0.01748182597991869
Tailgating,122.0,130,112.0,car,Inner,2.901094858855738
Tailgating,122.0,14,108.0,car,Outer,0.022358370897015558
Tailgating,122.0,108,119.0,car,Outer,2.733137544034362
Tailgating,122.0,129,20.0,car,Outer,1.6289668007644638
Tailgating,122.0,57,87.0,motorcycle,Outer,2.1431752634576102
Tailgating,122.0,60,2.0,car,Outer,0.9072547221670907
Tailgating,123.0,10,130.0,car,Inner,0.021939109642217753
Tailgating,123.0,130,112.0,car,Inner,2.841857197697323
Tailgating,123.0,14,108.0,car,Outer,0.008990616765886248
Tailgating,123.0,108,119.0,car,Outer,2.704616947564719
Tailgating,123.0,129,20.0,car,Outer,1.6321793663189919
Tailgating,123.0,60,2.0,car,Outer,0.6481005945072215
Tailgating,124.0,10,130.0,car,Inner,0.03101369559069017
Tailgating,124.0,130,112.0,car,Inner,2.778633376657001
Tailgating,124.0,14,108.0,car,Outer,0.0
Tailgating,124.0,108,119.0,car,Outer,2.6908733680245494
Tailgating,124.0,129,20.0,car,Outer,1.6403528207878717
Tailgating,124.0,60,2.0,car,Outer,0.3806316022627901
Tailgating,125.0,10,130.0,car,Inner,0.02657561066416668
Tailgating,125.0,130,112.0,car,Inner,2.7257708663011044
Tailgating,125.0,108,14.0,car,Outer,0.004430214122511855
Tailgating,125.0,14,119.0,car,Outer,2.662162056812694
Tailgating,125.0,129,20.0,car,Outer,1.658707249522165
Tailgating,125.0,60,2.0,car,Outer,0.11268872318108314
Tailgating,126.0,10,130.0,car,Inner,0.035646978996474545
Tailgating,126.0,130,112.0,car,Inner,2.662137266933332
Tailgating,126.0,108,14.0,car,Outer,0.01341053406935427
Tailgating,126.0,129,20.0,car,Outer,1.6810157499000051
Tailgating,126.0,60,24.0,car,Outer,3.551450603681443
Tailgating,127.0,10,130.0,car,Inner,0.03128888389932085
Tailgating,127.0,130,112.0,car,Inner,2.6000747746172475
Tailgating,127.0,31,30.0,person,Inner,0.6720166189740314
Tailgating,127.0,108,14.0,car,Outer,0.013428929911758425
Tailgating,127.0,129,20.0,car,Outer,1.6902279357559231
Tailgating,127.0,60,24.0,car,Outer,3.4821726574080825
Tailgating,128.0,10,130.0,car,Inner,0.04933410473489305
Tailgating,128.0,130,112.0,car,Inner,2.546063111827453
Tailgating,128.0,31,30.0,person,Inner,0.6693163960514519
Tailgating,128.0,108,14.0,car,Outer,0.01344217784840744
Tailgating,128.0,129,20.0,car,Outer,1.713591320608078
Tailgating,128.0,60,24.0,car,Outer,3.447551425408027
Tailgating,129.0,10,130.0,car,Inner,0.04958014157471646
Tailgating,129.0,130,112.0,car,Inner,2.492559631861457
Tailgating,129.0,31,30.0,person,Inner,0.6593479979697563
Tailgating,129.0,108,14.0,car,Outer,0.018008666439377555
Tailgating,129.0,129,20.0,car,Outer,1.733036188260626
Tailgating,129.0,55,57.0,car,Outer,2.1340625651529543
Tailgating,130.0,10,130.0,car,Inner,0.04988466118798465
Tailgating,130.0,130,112.0,car,Inner,2.431547214376442
Tailgating,130.0,31,30.0,person,Inner,0.6525906238007312
Tailgating,130.0,108,14.0,car,Outer,0.01805827924765684
Tailgating,130.0,129,20.0,car,Outer,1.7564267241883014
Tailgating,130.0,55,57.0,car,Outer,2.0701631428927088
Tailgating,131.0,10,130.0,car,Inner,0.054720702024005995
Tailgating,131.0,130,112.0,car,Inner,2.37723372709881
Tailgating,131.0,31,30.0,person,Inner,0.6201435074141906
Tailgating,131.0,108,14.0,car,Outer,0.022731117750627673
Tailgating,131.0,129,20.0,car,Outer,1.782631480399048
Tailgating,131.0,55,57.0,car,Outer,2.0159873339737246
Tailgating,132.0,10,130.0,car,Inner,0.05504636671709443
Tailgating,132.0,130,112.0,car,Inner,2.315992226141506
Tailgating,132.0,31,30.0,person,Inner,0.5954202602383674
Tailgating,132.0,53,32.0,person,Inner,1.3983438704358326
Tailgating,132.0,108,14.0,car,Outer,0.02282202617202376
Tailgating,132.0,129,20.0,car,Outer,1.8070871163653108
Tailgating,132.0,55,57.0,car,Outer,1.9574221689192808
Tailgating,133.0,151,5.0,motorcycle,Inner,1.618647995133536
Tailgating,133.0,10,130.0,car,Inner,0.050780293293975924
Tailgating,133.0,130,112.0,car,Inner,2.2705756794922465
Tailgating,133.0,31,30.0,person,Inner,0.548345248564262
Tailgating,133.0,53,32.0,person,Inner,1.3891068557904183
Tailgating,133.0,108,14.0,car,Outer,0.018215772580415
Tailgating,133.0,129,20.0,car,Outer,1.8315566863028843
Tailgating,133.0,55,57.0,car,Outer,1.8943959722726376
Tailgating,134.0,10,130.0,car,Inner,0.037090396305011555
Tailgating,134.0,130,112.0,car,Inner,2.2217936758740655
Tailgating,134.0,31,30.0,person,Inner,0.5132575780058245
Tailgating,134.0,108,14.0,car,Outer,0.01826947832631701
Tailgating,134.0,129,20.0,car,Outer,1.859944078483755
Tailgating,134.0,55,57.0,car,Outer,1.8494524056420754
Tailgating,135.0,10,130.0,car,Inner,0.02800429822562335
Tailgating,135.0,130,112.0,car,Inner,2.1762206935268416
Tailgating,135.0,31,30.0,person,Inner,0.47833338212085874
Tailgating,135.0,108,14.0,car,Outer,0.01831779985984393
Tailgating,135.0,129,20.0,car,Outer,1.8925076038497262
Tailgating,135.0,55,57.0,car,Outer,1.8135426755861825
Tailgating,136.0,10,130.0,car,Inner,0.018757411183295176
Tailgating,136.0,130,112.0,car,Inner,2.1216848084534763
Tailgating,136.0,31,30.0,person,Inner,0.4248183768574069
Tailgating,136.0,108,14.0,car,Outer,0.013571354644608548
Tailgating,136.0,129,20.0,car,Outer,1.9159618597114643
Tailgating,137.0,10,130.0,car,Inner,0.004717651551231125
Tailgating,137.0,130,112.0,car,Inner,2.0651245792848028
Tailgating,137.0,31,30.0,person,Inner,0.3889988279881489
Tailgating,137.0,108,14.0,car,Outer,0.013589088084227862
Tailgating,137.0,129,20.0,car,Outer,1.9386602427671686
Tailgating,138.0,130,112.0,car,Inner,2.0195006971067926
Tailgating,138.0,31,30.0,person,Inner,0.3620509449013383
Tailgating,138.0,108,14.0,car,Outer,0.00873542522817353
Tailgating,139.0,10,130.0,car,Inner,0.0
Tailgating,139.0,130,112.0,car,Inner,1.9737608196763885
Tailgating,139.0,31,30.0,person,Inner,0.3431631353427593
Tailgating,139.0,108,14.0,car,Outer,0.013616536352855074
Tailgating,139.0,129,20.0,car,Outer,1.9848837467419962
Tailgating,139.0,91,144.0,person,Outer,0.8401480974202123
Tailgating,139.0,147,118.0,motorcycle,Outer,1.4573491651268167
Tailgating,140.0,130,112.0,car,Inner,1.9401276120527766
Tailgating,140.0,108,14.0,car,Outer,0.0136335085748668
Tailgating,140.0,129,20.0,car,Outer,2.003453277762869
Tailgating,140.0,91,144.0,person,Outer,0.7355952579305677
Tailgating,140.0,97,147.0,person,Outer,0.24966819819684072
Tailgating,140.0,147,118.0,motorcycle,Outer,1.4110563831495573
Tailgating,141.0,130,10.0,car,Inner,0.0015442928413247343
Tailgating,141.0,10,112.0,car,Inner,1.8832190446771464
Tailgating,141.0,108,14.0,car,Outer,0.013650187012318266
Tailgating,141.0,129,20.0,car,Outer,2.0212619460562924
Tailgating,141.0,91,144.0,person,Outer,0.604438702192829
Tailgating,141.0,97,147.0,person,Outer,0.398556514651548
Tailgating,141.0,147,118.0,motorcycle,Outer,1.3519968405606757
Tailgating,141.0,19,2.0,car,Outer,3.633271146035811
Tailgating,142.0,10,130.0,car,Inner,0.011933356200510729
Tailgating,142.0,130,112.0,car,Inner,1.8366808902621699
Tailgating,142.0,108,14.0,car,Outer,0.018678982402746187
Tailgating,142.0,129,20.0,car,Outer,2.0398645717714525
Tailgating,142.0,91,144.0,person,Outer,0.4513767843489181
Tailgating,142.0,97,147.0,person,Outer,0.5465405088630334
Tailgating,142.0,147,118.0,motorcycle,Outer,1.2963773495270767
Tailgating,142.0,87,162.0,motorcycle,Outer,0.46394454280204483
Tailgating,142.0,19,2.0,car,Outer,3.41621963570976
Tailgating,143.0,130,10.0,car,Inner,0.0017307221130765792
Tailgating,143.0,10,112.0,car,Inner,1.7984583658029674
Tailgating,143.0,108,14.0,car,Outer,0.018733627980459876
Tailgating,143.0,129,20.0,car,Outer,2.067633736026763
Tailgating,143.0,91,144.0,person,Outer,0.29042607742073867
Tailgating,143.0,97,147.0,person,Outer,0.6883564409823407
Tailgating,143.0,147,118.0,motorcycle,Outer,1.2481882869566778
Tailgating,143.0,19,2.0,car,Outer,3.160482313599686
Tailgating,144.0,130,10.0,car,Inner,0.010566704329761844
Tailgating,144.0,10,112.0,car,Inner,1.7572123224252791
Tailgating,144.0,44,5.0,motorcycle,Outer,1.6540476542461495
Tailgating,144.0,5,108.0,motorcycle,Outer,2.948323598995221
Tailgating,144.0,108,14.0,car,Outer,0.018787828423635886
Tailgating,144.0,129,20.0,car,Outer,2.0858199524428613
Tailgating,144.0,91,144.0,person,Outer,0.13491611654744118
Tailgating,144.0,97,147.0,person,Outer,0.8360765926369067
Tailgating,144.0,147,118.0,motorcycle,Outer,1.2003015343788574
Tailgating,144.0,19,2.0,car,Outer,2.8852449685584927
Tailgating,145.0,130,10.0,car,Inner,0.005814459094825517
Tailgating,145.0,10,112.0,car,Inner,1.7088472744534615
Tailgating,145.0,44,5.0,motorcycle,Outer,1.663794981360498
Tailgating,145.0,5,108.0,motorcycle,Outer,2.980209664291377
Tailgating,145.0,108,14.0,car,Outer,0.005123432600841164
Tailgating,145.0,91,97.0,person,Outer,0.5467943470923429
Tailgating,145.0,97,147.0,person,Outer,0.9753292955444924
Tailgating,145.0,147,118.0,motorcycle,Outer,1.1436642118958928
Tailgating,145.0,19,2.0,car,Outer,2.597235865582158
Tailgating,146.0,124,110.0,motorcycle,Inner,3.334574298990114
Tailgating,146.0,130,10.0,car,Inner,0.005854156819524619
Tailgating,146.0,10,112.0,car,Inner,1.6673725150452263
Tailgating,146.0,44,5.0,motorcycle,Outer,1.669520447680217
Tailgating,146.0,5,14.0,motorcycle,Outer,3.0165629427849225
Tailgating,146.0,14,108.0,car,Outer,0.0
Tailgating,146.0,91,97.0,person,Outer,0.44391743386054777
Tailgating,146.0,147,118.0,motorcycle,Outer,1.1290420722966017
Tailgating,146.0,33,19.0,person,Outer,2.895317982645254
Tailgating,146.0,19,2.0,car,Outer,2.32581125405487
Tailgating,147.0,124,110.0,motorcycle,Inner,3.289559996546284
Tailgating,147.0,130,10.0,car,Inner,0.0010457350342695055
Tailgating,147.0,10,112.0,car,Inner,1.6090297124267015
Tailgating,147.0,44,5.0,motorcycle,Outer,1.678809546620053
Tailgating,147.0,5,14.0,motorcycle,Outer,3.0453484163319504
Tailgating,147.0,14,108.0,car,Outer,0.0
Tailgating,147.0,91,97.0,person,Outer,0.38987803126703835
Tailgating,147.0,147,118.0,motorcycle,Outer,1.112318812464497
Tailgating,147.0,33,19.0,person,Outer,3.1500114177875465
Tailgating,147.0,19,2.0,car,Outer,2.056684107973114
Tailgating,148.0,124,110.0,motorcycle,Inner,3.258110218210125
Tailgating,148.0,130,10.0,car,Inner,0.004907509848669308
Tailgating,148.0,10,112.0,car,Inner,1.5523996928306905
Tailgating,148.0,44,5.0,motorcycle,Outer,1.6875481304803126
Tailgating,148.0,5,14.0,motorcycle,Outer,3.067942477043257
Tailgating,148.0,14,108.0,car,Outer,0.018976312275801745
Tailgating,148.0,91,97.0,person,Outer,0.36685211611742924
Tailgating,148.0,147,118.0,motorcycle,Outer,1.0991524889316817
Tailgating,148.0,33,19.0,person,Outer,3.252097819869292
Tailgating,148.0,19,2.0,car,Outer,1.9076796575459758
Tailgating,149.0,124,110.0,motorcycle,Inner,3.2251573755457974
Tailgating,149.0,130,10.0,car,Inner,0.004922890907313208
Tailgating,149.0,10,112.0,car,Inner,1.4955311324063587
Tailgating,149.0,44,5.0,motorcycle,Outer,1.694561517069405
Tailgating,149.0,5,14.0,motorcycle,Outer,3.084745897616358
Tailgating,149.0,14,108.0,car,Outer,0.032779051246314944
Tailgating,149.0,147,118.0,motorcycle,Outer,1.0861140167798893
Tailgating,149.0,33,19.0,person,Outer,3.223966553556815
Tailgating,149.0,19,2.0,car,Outer,1.8083006487584388
Tailgating,150.0,124,110.0,motorcycle,Inner,3.1943119360095706
Tailgating,150.0,130,10.0,car,Inner,0.004946296297762262
Tailgating,150.0,10,112.0,car,Inner,1.43851106541921
Tailgating,150.0,30,53.0,person,Inner,1.0440705259339023
Tailgating,150.0,44,5.0,motorcycle,Outer,1.7210117491618437
Tailgating,150.0,5,14.0,motorcycle,Outer,3.117321496830692
Tailgating,150.0,14,108.0,car,Outer,0.02646832950978512
Tailgating,150.0,147,118.0,motorcycle,Outer,1.0640835432866576
Tailgating,150.0,33,19.0,person,Outer,2.9888777588447324
Tailgating,150.0,19,2.0,car,Outer,1.894892002641553
Tailgating,151.0,124,110.0,motorcycle,Inner,3.176154961270059
Tailgating,151.0,130,10.0,car,Inner,0.01364555537509073
Tailgating,151.0,10,112.0,car,Inner,1.3813071982092766
Tailgating,151.0,30,53.0,person,Inner,1.0928217408612815
Tailgating,151.0,44,5.0,motorcycle,Outer,1.7275132868703764
Tailgating,151.0,5,14.0,motorcycle,Outer,3.1724055804778915
Tailgating,151.0,14,108.0,car,Outer,0.0013081435760306892
Tailgating,151.0,147,118.0,motorcycle,Outer,1.053870126980679
Tailgating,151.0,33,19.0,person,Outer,2.78509630921587
Tailgating,151.0,19,2.0,car,Outer,1.9581848978757874
Tailgating,152.0,124,110.0,motorcycle,Inner,3.155466085205127
Tailgating,152.0,130,10.0,car,Inner,0.004984410928288786
Tailgating,152.0,10,112.0,car,Inner,1.3336719994014978
Tailgating,152.0,33,138.0,person,Inner,1.3550203066776498
Tailgating,152.0,44,5.0,motorcycle,Outer,1.7337634682770324
Tailgating,152.0,5,108.0,motorcycle,Outer,3.1988034713377105
Tailgating,152.0,108,14.0,car,Outer,0.026695982365140484
Tailgating,152.0,147,118.0,motorcycle,Outer,1.0539283536049744
Tailgating,152.0,19,2.0,car,Outer,1.9950958254413775
Tailgating,153.0,124,110.0,motorcycle,Inner,3.117972173184848
Tailgating,153.0,130,10.0,car,Inner,0.005007213820617866
Tailgating,153.0,10,112.0,car,Inner,1.2690029374100518
Tailgating,153.0,33,138.0,person,Inner,1.263512937223784
Tailgating,153.0,44,5.0,motorcycle,Outer,1.7495681900454947
Tailgating,153.0,5,108.0,motorcycle,Outer,3.2324891643481215
Tailgating,153.0,108,14.0,car,Outer,0.05977463477565206
Tailgating,153.0,147,118.0,motorcycle,Outer,1.0496253512759646
Tailgating,153.0,19,2.0,car,Outer,2.0257717426363575
Tailgating,154.0,130,10.0,car,Inner,0.005029801720884126
Tailgating,154.0,10,112.0,car,Inner,1.2141142583485567
Tailgating,154.0,33,138.0,person,Inner,1.1927052748397342
Tailgating,154.0,44,5.0,motorcycle,Outer,1.7533511127394696
Tailgating,154.0,5,108.0,motorcycle,Outer,3.2622485530772107
Tailgating,154.0,108,14.0,car,Outer,0.10101796374305112
Tailgating,154.0,147,118.0,motorcycle,Outer,1.0536233937843977
Tailgating,154.0,19,2.0,car,Outer,2.0449938132622947
Tailgating,155.0,124,130.0,motorcycle,Inner,3.9885037662823497
Tailgating,155.0,130,10.0,car,Inner,0.0
Tailgating,155.0,10,112.0,car,Inner,1.1608412512072683
Tailgating,155.0,31,53.0,person,Inner,1.0740773049692438
Tailgating,155.0,33,138.0,person,Inner,1.1211365737002144
Tailgating,155.0,44,5.0,motorcycle,Outer,1.7687552064840635
Tailgating,155.0,5,108.0,motorcycle,Outer,3.296417889174427
Tailgating,155.0,108,14.0,car,Outer,0.12529075541786736
Tailgating,156.0,124,130.0,motorcycle,Inner,3.9802014573072353
Tailgating,156.0,130,10.0,car,Inner,0.0
Tailgating,156.0,10,112.0,car,Inner,1.1056092091951901
Tailgating,156.0,33,138.0,person,Inner,1.1017997785020763
Tailgating,156.0,44,5.0,motorcycle,Outer,1.7643133757671579
Tailgating,156.0,5,108.0,motorcycle,Outer,3.3407277308133985
Tailgating,156.0,108,14.0,car,Outer,0.1576338474602082
Tailgating,156.0,170,19.0,car,Outer,1.73380007272165
Tailgating,157.0,124,130.0,motorcycle,Inner,3.9671176564595982
Tailgating,157.0,130,10.0,car,Inner,0.005083938837955059
Tailgating,157.0,10,112.0,car,Inner,1.022831185677026
Tailgating,157.0,30,31.0,person,Inner,0.09443705620431672
Tailgating,157.0,44,5.0,motorcycle,Outer,1.7793585795813518
Tailgating,157.0,5,108.0,motorcycle,Outer,3.3667238142000238
Tailgating,157.0,108,14.0,car,Outer,0.17343013324333503
Tailgating,157.0,170,19.0,car,Outer,1.8324146013172737
Tailgating,157.0,19,2.0,car,Outer,1.9504958734962126
Tailgating,158.0,124,130.0,motorcycle,Inner,3.9571428260216224
Tailgating,158.0,130,10.0,car,Inner,0.005098024992702166
Tailgating,158.0,10,112.0,car,Inner,0.9741173714997002
Tailgating,158.0,30,31.0,person,Inner,0.09315570164432344
Tailgating,158.0,44,5.0,motorcycle,Outer,1.774562454366349
Tailgating,158.0,5,108.0,motorcycle,Outer,3.4074372175563736
Tailgating,158.0,108,14.0,car,Outer,0.15629664816683664
Tailgating,158.0,19,2.0,car,Outer,1.8821998448702209
Tailgating,159.0,124,130.0,motorcycle,Inner,3.925609551862902
Tailgating,159.0,130,10.0,car,Inner,0.0051120023048023865
Tailgating,159.0,10,112.0,car,Inner,0.8976458308992177
Tailgating,159.0,44,5.0,motorcycle,Outer,1.7813173241037221
Tailgating,159.0,5,108.0,motorcycle,Outer,3.429822939011701
Tailgating,159.0,108,14.0,car,Outer,0.13934819257419814
Tailgating,159.0,55,110.0,car,Outer,0.9692219138770886
Tailgating,159.0,19,60.0,car,Outer,1.8344195714414095
Tailgating,160.0,124,130.0,motorcycle,Inner,3.9065714371511646
Tailgating,160.0,130,10.0,car,Inner,0.0051258719021212385
Tailgating,160.0,10,112.0,car,Inner,0.8414516538139941
Tailgating,160.0,44,5.0,motorcycle,Outer,1.775717580011761
Tailgating,160.0,5,108.0,motorcycle,Outer,3.456941464559933
Tailgating,160.0,108,14.0,car,Outer,0.10605040566198659
Tailgating,160.0,55,110.0,car,Outer,1.0004830381786327
Tailgating,160.0,166,90.0,motorcycle,Outer,3.9756479517468972
Tailgating,160.0,19,60.0,car,Outer,1.8156329143212848
Tailgating,161.0,124,130.0,motorcycle,Inner,3.887699406333272
Tailgating,161.0,130,10.0,car,Inner,0.0
Tailgating,161.0,10,112.0,car,Inner,0.7968711638266123
Tailgating,161.0,44,5.0,motorcycle,Outer,1.7840389063538657
Tailgating,161.0,5,108.0,motorcycle,Outer,3.500768297793589
Tailgating,161.0,108,14.0,car,Outer,0.06444521999696834
Tailgating,161.0,166,90.0,motorcycle,Outer,3.9433854140240037
Tailgating,162.0,124,130.0,motorcycle,Inner,3.868992714050219
Tailgating,162.0,130,10.0,car,Inner,0.0
Tailgating,162.0,10,112.0,car,Inner,0.7474022616712964
Tailgating,162.0,44,5.0,motorcycle,Outer,1.7975244336741063
Tailgating,162.0,5,108.0,motorcycle,Outer,3.5480675189220583
Tailgating,162.0,108,14.0,car,Outer,0.006642254435866871
Tailgating,162.0,166,90.0,motorcycle,Outer,3.921039067046853
Tailgating,163.0,124,130.0,motorcycle,Inner,3.842051060091725
Tailgating,163.0,130,10.0,car,Inner,0.008565400373719492
Tailgating,163.0,10,112.0,car,Inner,0.6977688796616897
Tailgating,163.0,44,5.0,motorcycle,Outer,1.8011806479332464
Tailgating,163.0,5,14.0,motorcycle,Outer,3.563522005926325
Tailgating,163.0,166,90.0,motorcycle,Outer,3.8884403666589775
Tailgating,163.0,170,19.0,car,Outer,2.097553749584925
Tailgating,164.0,124,130.0,motorcycle,Inner,3.8213400998435723
Tailgating,164.0,130,10.0,car,Inner,0.0
Tailgating,164.0,10,112.0,car,Inner,0.6770226420444762
Tailgating,164.0,44,5.0,motorcycle,Outer,1.8081575877423905
Tailgating,164.0,5,14.0,motorcycle,Outer,3.56348146058913
Tailgating,164.0,166,90.0,motorcycle,Outer,3.8557510889611417
Tailgating,164.0,170,19.0,car,Outer,2.163650149498058
Tailgating,165.0,151,44.0,motorcycle,Inner,0.0052777404633511885
Tailgating,165.0,124,130.0,motorcycle,Inner,3.7980373912784358
Tailgating,165.0,10,112.0,car,Inner,0.6375961828743055
Tailgating,165.0,5,14.0,motorcycle,Outer,3.5869234257464666
Tailgating,165.0,14,108.0,car,Outer,0.13479215367698222
Tailgating,165.0,166,90.0,motorcycle,Outer,3.825258817112462
Tailgating,165.0,170,19.0,car,Outer,2.189883522591937
Tailgating,166.0,44,151.0,motorcycle,Inner,0.0070841553481907306
Tailgating,166.0,124,130.0,motorcycle,Inner,3.7800159382760548
Tailgating,166.0,130,10.0,car,Inner,0.008548359100999882
Tailgating,166.0,10,112.0,car,Inner,0.6051642862817207
Tailgating,166.0,5,14.0,motorcycle,Outer,3.60552404874383
Tailgating,166.0,14,108.0,car,Outer,0.1589608101867178
Tailgating,166.0,166,90.0,motorcycle,Outer,3.8021242026678026
Tailgating,167.0,44,151.0,motorcycle,Inner,0.020918389805965554
Tailgating,167.0,124,130.0,motorcycle,Inner,3.777608946052597
Tailgating,167.0,130,10.0,car,Inner,0.00854032311890438
Tailgating,167.0,10,112.0,car,Inner,0.5726566004548637
Tailgating,167.0,5,14.0,motorcycle,Outer,3.6375255966238123
Tailgating,167.0,14,108.0,car,Outer,0.1785855494729706
Tailgating,167.0,166,90.0,motorcycle,Outer,3.771430496344723
Tailgating,168.0,44,151.0,motorcycle,Inner,0.0351319655681915
Tailgating,168.0,124,130.0,motorcycle,Inner,3.759923685315858
Tailgating,168.0,130,10.0,car,Inner,0.008532319954606814
Tailgating,168.0,10,112.0,car,Inner,0.5223255385949416
Tailgating,168.0,14,108.0,car,Outer,0.18436162970200637
Tailgating,168.0,55,110.0,car,Outer,1.1668765011006623
Tailgating,168.0,166,90.0,motorcycle,Outer,3.7579015362069854
Tailgating,169.0,44,151.0,motorcycle,Inner,0.047440221393473134
Tailgating,169.0,124,130.0,motorcycle,Inner,3.745879678023561
Tailgating,169.0,130,112.0,car,Inner,0.4893386405581769
Tailgating,169.0,14,108.0,car,Outer,0.16817390794287454
Tailgating,169.0,55,110.0,car,Outer,1.2256146804537484
Tailgating,169.0,166,90.0,motorcycle,Outer,3.7390895053716173
Tailgating,170.0,44,151.0,motorcycle,Inner,0.05198861543214059
Tailgating,170.0,124,130.0,motorcycle,Inner,3.7369041277475423
Tailgating,170.0,130,112.0,car,Inner,0.4247875428693666
Tailgating,170.0,5,14.0,motorcycle,Outer,3.7398002398339707
Tailgating,170.0,14,108.0,car,Outer,0.14197912346045585
Tailgating,170.0,55,110.0,car,Outer,1.3009104003281424
Tailgating,170.0,166,90.0,motorcycle,Outer,3.730058316782408
Tailgating,171.0,44,151.0,motorcycle,Inner,0.06426902357858806
Tailgating,171.0,124,112.0,motorcycle,Inner,3.2266006444060564
Tailgating,171.0,5,14.0,motorcycle,Outer,3.8069862025572907
Tailgating,171.0,14,108.0,car,Outer,0.08000678929166895
Tailgating,171.0,55,110.0,car,Outer,1.3763282980535456
Tailgating,171.0,130,87.0,car,Outer,1.4104566419637194
Tailgating,171.0,166,90.0,motorcycle,Outer,3.7209248290289456
Tailgating,172.0,44,151.0,motorcycle,Inner,0.07652385923278802
Tailgating,172.0,124,112.0,motorcycle,Inner,3.1723262024898875
Tailgating,172.0,98,5.0,car,Outer,2.175482627653562
Tailgating,172.0,5,14.0,motorcycle,Outer,3.864605681529556
Tailgating,172.0,14,108.0,car,Outer,0.02023155467882255
Tailgating,172.0,55,110.0,car,Outer,1.4518699014622962
Tailgating,172.0,130,87.0,car,Outer,1.4265028456577409
Tailgating,172.0,166,90.0,motorcycle,Outer,3.701839338898925
Tailgating,173.0,44,151.0,motorcycle,Inner,0.09013399378004854
Tailgating,173.0,124,10.0,motorcycle,Inner,3.6501807714576007
Tailgating,173.0,10,112.0,car,Inner,0.3105814257578949
Tailgating,173.0,98,5.0,car,Outer,2.183146553011131
Tailgating,173.0,5,108.0,motorcycle,Outer,3.876753441704435
Tailgating,173.0,130,87.0,car,Outer,1.448524455317231
Tailgating,173.0,166,90.0,motorcycle,Outer,3.680416728417213
Tailgating,174.0,44,151.0,motorcycle,Inner,0.10376062639548507
Tailgating,174.0,124,112.0,motorcycle,Inner,3.0570519574033517
Tailgating,174.0,98,5.0,car,Outer,2.1839970845632766
Tailgating,174.0,5,108.0,motorcycle,Outer,3.896868397713379
Tailgating,174.0,108,14.0,car,Outer,0.07505002004386298
Tailgating,174.0,10,130.0,car,Outer,0.0531215486153989
Tailgating,174.0,130,87.0,car,Outer,1.4820991076088363
Tailgating,174.0,166,90.0,motorcycle,Outer,3.656678883350891
Tailgating,175.0,44,151.0,motorcycle,Inner,0.11598044226912138
Tailgating,175.0,124,112.0,motorcycle,Inner,2.992937457730945
Tailgating,175.0,98,5.0,car,Outer,2.1873584200748755
Tailgating,175.0,5,108.0,motorcycle,Outer,3.9077011431024187
Tailgating,175.0,108,14.0,car,Outer,0.10894261824162775
Tailgating,175.0,10,130.0,car,Outer,0.0380860396247247
Tailgating,175.0,130,87.0,car,Outer,1.5153929210486574
Tailgating,175.0,166,90.0,motorcycle,Outer,3.6250723740937234
Tailgating,176.0,44,151.0,motorcycle,Inner,0.12046232303905206
Tailgating,176.0,124,112.0,motorcycle,Inner,2.9418723151318544
Tailgating,176.0,98,5.0,car,Outer,2.185647000374128
Tailgating,176.0,5,108.0,motorcycle,Outer,3.9374888867553692
Tailgating,176.0,108,14.0,car,Outer,0.1384850286522606
Tailgating,176.0,14,129.0,car,Outer,3.9941979860506764
Tailgating,176.0,10,130.0,car,Outer,0.02632421970005382
Tailgating,176.0,130,87.0,car,Outer,1.5439010028184579
Tailgating,176.0,166,90.0,motorcycle,Outer,3.601138933201824
Tailgating,177.0,44,151.0,motorcycle,Inner,0.13268408553814517
Tailgating,177.0,124,112.0,motorcycle,Inner,2.8677291987858395
Tailgating,177.0,98,5.0,car,Outer,2.1798310310205453
Tailgating,177.0,5,108.0,motorcycle,Outer,3.9698414670982825
Tailgating,177.0,108,14.0,car,Outer,0.15049564713000896
Tailgating,177.0,14,129.0,car,Outer,3.926561342839895
Tailgating,177.0,10,130.0,car,Outer,0.02309813503298371
Tailgating,177.0,130,87.0,car,Outer,1.5533081751596396
Tailgating,177.0,166,90.0,motorcycle,Outer,3.5648571173682257
Tailgating,178.0,124,112.0,motorcycle,Inner,2.8166358694794913
Tailgating,178.0,108,14.0,car,Outer,0.1346087989555247
Tailgating,178.0,14,129.0,car,Outer,3.878527309416717
Tailgating,178.0,10,130.0,car,Outer,0.01687964656971108
Tailgating,178.0,130,87.0,car,Outer,1.5626890700198104
Tailgating,178.0,166,90.0,motorcycle,Outer,3.546323949213429
Tailgating,179.0,44,151.0,motorcycle,Inner,0.14766612014005995
Tailgating,179.0,124,112.0,motorcycle,Inner,2.761620496168946
Tailgating,179.0,108,14.0,car,Outer,0.12654815889724066
Tailgating,179.0,14,129.0,car,Outer,3.82478905247587
Tailgating,179.0,130,10.0,car,Outer,0.0030432278630589445
Tailgating,179.0,10,87.0,car,Outer,1.569564278784598
Tailgating,179.0,166,90.0,motorcycle,Outer,3.5176439907558255
Tailgating,180.0,44,151.0,motorcycle,Inner,0.16135661447598743
Tailgating,180.0,124,112.0,motorcycle,Inner,2.6874384771246196
Tailgating,180.0,98,5.0,car,Outer,2.156918604043504
Tailgating,180.0,108,14.0,car,Outer,0.11224763066853165
Tailgating,180.0,14,129.0,car,Outer,3.7580803316839497
Tailgating,180.0,130,10.0,car,Outer,0.008420872808797093
Tailgating,180.0,10,87.0,car,Outer,1.5737597532477763
Tailgating,180.0,166,90.0,motorcycle,Outer,3.5012056599234977
Tailgating,181.0,44,151.0,motorcycle,Inner,0.16450094647028202
Tailgating,181.0,151,68.0,motorcycle,Inner,3.990713212495665
Tailgating,181.0,124,112.0,motorcycle,Inner,2.6323755372615363
Tailgating,181.0,98,5.0,car,Outer,2.1503498883565815
Tailgating,181.0,108,14.0,car,Outer,0.12750661485513048
Tailgating,181.0,14,129.0,car,Outer,3.6855527141847504
Tailgating,181.0,130,10.0,car,Outer,0.008413349033672675
Tailgating,181.0,10,87.0,car,Outer,1.5832400577849952
Tailgating,181.0,166,90.0,motorcycle,Outer,3.4775369088871635
Tailgating,182.0,44,151.0,motorcycle,Inner,0.1782310059242847
Tailgating,182.0,151,68.0,motorcycle,Inner,3.9358433592989615
Tailgating,182.0,124,112.0,motorcycle,Inner,2.5632062534731705
Tailgating,182.0,98,5.0,car,Outer,2.1416802492193012
Tailgating,182.0,108,14.0,car,Outer,0.12082526984511349
Tailgating,182.0,14,129.0,car,Outer,3.612000335932093
Tailgating,182.0,130,10.0,car,Outer,0.008405856786958425
Tailgating,182.0,10,87.0,car,Outer,1.592748473201846
Tailgating,182.0,166,90.0,motorcycle,Outer,3.46340441988533
Tailgating,183.0,44,151.0,motorcycle,Inner,0.17951958949268104
Tailgating,183.0,151,68.0,motorcycle,Inner,3.890124559562263
Tailgating,183.0,124,112.0,motorcycle,Inner,2.5080653771785295
Tailgating,183.0,98,5.0,car,Outer,2.1412594951479598
Tailgating,183.0,108,14.0,car,Outer,0.11406548862917669
Tailgating,183.0,14,129.0,car,Outer,3.546584216426608
Tailgating,183.0,57,130.0,motorcycle,Outer,1.4167340954700034
Tailgating,183.0,130,10.0,car,Outer,0.008398395965425015
Tailgating,183.0,10,87.0,car,Outer,1.596978904543797
Tailgating,183.0,166,90.0,motorcycle,Outer,3.4571216971632204
Tailgating,184.0,44,151.0,motorcycle,Inner,0.1807936833073928
Tailgating,184.0,151,68.0,motorcycle,Inner,3.839854357344424
Tailgating,184.0,124,112.0,motorcycle,Inner,2.445938318052544
Tailgating,184.0,98,5.0,car,Outer,2.1340420718775337
Tailgating,184.0,108,14.0,car,Outer,0.12259906826376463
Tailgating,184.0,14,129.0,car,Outer,3.474402803447262
Tailgating,184.0,57,130.0,motorcycle,Outer,1.5013214485451143
Tailgating,184.0,130,10.0,car,Outer,0.008390966464427708
Tailgating,184.0,10,87.0,car,Outer,1.5993142058617826
Tailgating,184.0,166,90.0,motorcycle,Outer,3.433520234515531
Tailgating,185.0,44,151.0,motorcycle,Inner,0.18561170024030887
Tailgating,185.0,151,68.0,motorcycle,Inner,3.789954654145286
Tailgating,185.0,180,20.0,person,Inner,0.9675716321826735
Tailgating,185.0,124,112.0,motorcycle,Inner,2.3818279437947827
Tailgating,185.0,98,5.0,car,Outer,2.1265976951030487
Tailgating,185.0,108,14.0,car,Outer,0.13738104477258647
Tailgating,185.0,14,129.0,car,Outer,3.396254790343946
Tailgating,185.0,57,130.0,motorcycle,Outer,1.5909869849292937
Tailgating,185.0,130,10.0,car,Outer,0.01383636206914307
Tailgating,185.0,10,87.0,car,Outer,1.5944296447886963
Tailgating,185.0,166,90.0,motorcycle,Outer,3.416979368708903
Tailgating,186.0,44,151.0,motorcycle,Inner,0.18689388276542018
Tailgating,186.0,151,68.0,motorcycle,Inner,3.7538672113446916
Tailgating,186.0,124,112.0,motorcycle,Inner,2.3195117144606514
Tailgating,186.0,98,5.0,car,Outer,2.1176905234324237
Tailgating,186.0,108,14.0,car,Outer,0.1510004682539126
Tailgating,186.0,14,129.0,car,Outer,3.331749857020568
Tailgating,186.0,57,10.0,motorcycle,Outer,1.7107204151791204
Tailgating,186.0,10,130.0,car,Outer,0.0
Tailgating,186.0,130,87.0,car,Outer,1.6035975129806475
Tailgating,186.0,166,90.0,motorcycle,Outer,3.4131223200516585
Tailgating,187.0,44,151.0,motorcycle,Inner,0.1900362076647391
Tailgating,187.0,151,153.0,motorcycle,Inner,0.7847213419758472
Tailgating,187.0,153,68.0,person,Inner,2.538960570001212
Tailgating,187.0,124,112.0,motorcycle,Inner,2.2641579907246783
Tailgating,187.0,98,5.0,car,Outer,2.1187632104911827
Tailgating,187.0,108,14.0,car,Outer,0.16457094254872956
Tailgating,187.0,14,129.0,car,Outer,3.2602875418503205
Tailgating,187.0,57,130.0,motorcycle,Outer,1.8168981696054591
Tailgating,187.0,130,10.0,car,Outer,0.008363046856381676
Tailgating,187.0,10,87.0,car,Outer,1.598791496086468
Tailgating,187.0,166,90.0,motorcycle,Outer,3.394371032965755
Tailgating,188.0,44,151.0,motorcycle,Inner,0.1929567069769232
Tailgating,188.0,153,68.0,person,Inner,2.4967782394439304
Tailgating,188.0,124,112.0,motorcycle,Inner,2.217548776438986
Tailgating,188.0,108,14.0,car,Outer,0.18586495543325016
Tailgating,188.0,14,129.0,car,Outer,3.209571615126783
Tailgating,188.0,57,110.0,motorcycle,Outer,0.04247176837797336
Tailgating,188.0,130,10.0,car,Outer,0.0054991869325353975
Tailgating,188.0,10,87.0,car,Outer,1.5944983798652743
Tailgating,188.0,166,90.0,motorcycle,Outer,3.377742991385113
Tailgating,189.0,44,151.0,motorcycle,Inner,0.19420626290873624
Tailgating,189.0,153,68.0,person,Inner,2.44483826039559
Tailgating,189.0,124,112.0,motorcycle,Inner,2.165277944313336
Tailgating,189.0,98,5.0,car,Outer,2.1126527675530187
Tailgating,189.0,108,14.0,car,Outer,0.1929432941177695
Tailgating,189.0,14,129.0,car,Outer,3.1521151247413375
Tailgating,189.0,57,110.0,motorcycle,Outer,0.12293358830377522
Tailgating,189.0,130,10.0,car,Outer,0.013856223345769149
Tailgating,189.0,10,87.0,car,Outer,1.595125926478166
Tailgating,189.0,166,90.0,motorcycle,Outer,3.3610703691088677
Tailgating,190.0,44,151.0,motorcycle,Inner,0.19714850994483854
Tailgating,190.0,153,68.0,person,Inner,2.3923317568625935
Tailgating,190.0,124,112.0,motorcycle,Inner,2.103136933545805
Tailgating,190.0,98,5.0,car,Outer,2.1055438906970236
Tailgating,190.0,108,14.0,car,Outer,0.21318726283090775
Tailgating,190.0,14,129.0,car,Outer,3.087645380398891
Tailgating,190.0,57,110.0,motorcycle,Outer,0.16490170537217372
Tailgating,190.0,130,10.0,car,Outer,0.013859911326787513
Tailgating,190.0,10,87.0,car,Outer,1.5922931461191414
Tailgating,190.0,166,90.0,motorcycle,Outer,3.339775166039701
Tailgating,191.0,44,151.0,motorcycle,Inner,0.19838544090117669
Tailgating,191.0,153,68.0,person,Inner,2.3507623001948246
Tailgating,191.0,124,112.0,motorcycle,Inner,2.047523998373975
Tailgating,191.0,98,5.0,car,Outer,2.10879531478903
Tailgating,191.0,108,14.0,car,Outer,0.1976813702334015
Tailgating,191.0,14,129.0,car,Outer,3.0306228573423835
Tailgating,191.0,57,110.0,motorcycle,Outer,0.21202425564344135
Tailgating,191.0,130,10.0,car,Outer,0.00832694641545107
Tailgating,191.0,10,87.0,car,Outer,1.6020573272841236
Tailgating,191.0,166,90.0,motorcycle,Outer,3.312537484792243
Tailgating,192.0,44,151.0,motorcycle,Inner,0.1906365562962356
Tailgating,192.0,153,68.0,person,Inner,2.3040229490449766
Tailgating,192.0,71,135.0,car,Inner,1.6534088900548938
Tailgating,192.0,124,112.0,motorcycle,Inner,1.9824986712276755
Tailgating,192.0,108,14.0,car,Outer,0.17487438028470015
Tailgating,192.0,14,129.0,car,Outer,2.979947227677363
Tailgating,192.0,130,10.0,car,Outer,0.008319789365726674
Tailgating,192.0,10,87.0,car,Outer,1.6118470641140346
Tailgating,192.0,166,90.0,motorcycle,Outer,3.285186855102515
Tailgating,193.0,44,151.0,motorcycle,Inner,0.18287664102749232
Tailgating,193.0,153,68.0,person,Inner,2.261340836289972
Tailgating,193.0,71,160.0,car,Inner,0.008486733001044498
Tailgating,193.0,124,112.0,motorcycle,Inner,1.916296229522441
Tailgating,193.0,108,14.0,car,Outer,0.14546751344277353
Tailgating,193.0,14,129.0,car,Outer,2.923312449576543
Tailgating,193.0,130,10.0,car,Outer,0.008312662674230344
Tailgating,193.0,10,87.0,car,Outer,1.609067836410172
Tailgating,193.0,166,90.0,motorcycle,Outer,3.26149222340892
Tailgating,194.0,44,151.0,motorcycle,Inner,0.1751057006689874
Tailgating,194.0,153,68.0,person,Inner,2.2248731485187245
Tailgating,194.0,71,160.0,car,Inner,0.030190692299010412
Tailgating,194.0,124,112.0,motorcycle,Inner,1.860505983066134
Tailgating,194.0,33,138.0,person,Inner,1.185986170972759
Tailgating,194.0,98,5.0,car,Outer,2.1012301697996945
Tailgating,194.0,108,14.0,car,Outer,0.11625792993106263
Tailgating,194.0,14,129.0,car,Outer,2.8801596893984396
Tailgating,194.0,130,10.0,car,Outer,0.008305566222424817
Tailgating,194.0,10,87.0,car,Outer,1.618901885347586
Tailgating,194.0,166,90.0,motorcycle,Outer,3.2294060113529577
Tailgating,195.0,44,151.0,motorcycle,Inner,0.16732374338429026
Tailgating,195.0,153,68.0,person,Inner,2.1872200935085684
Tailgating,195.0,160,135.0,motorcycle,Inner,1.729856947382339
Tailgating,195.0,124,112.0,motorcycle,Inner,1.7903733158831434
Tailgating,195.0,33,138.0,person,Inner,1.160497968691077
Tailgating,195.0,98,5.0,car,Outer,2.0947537279268786
Tailgating,195.0,108,14.0,car,Outer,0.09388027180074586
Tailgating,195.0,14,129.0,car,Outer,2.8169145497194084
Tailgating,195.0,147,182.0,motorcycle,Outer,2.805916613354109
Tailgating,195.0,130,10.0,car,Outer,0.008298499891036447
Tailgating,195.0,10,87.0,car,Outer,1.6233107932772008
Tailgating,195.0,166,90.0,motorcycle,Outer,3.212377871617185
Tailgating,196.0,44,151.0,motorcycle,Inner,0.1595307800203256
Tailgating,196.0,153,68.0,person,Inner,2.1416501703147977
Tailgating,196.0,160,135.0,motorcycle,Inner,1.7455142139544881
Tailgating,196.0,124,112.0,motorcycle,Inner,1.7288568061554177
Tailgating,196.0,108,14.0,car,Outer,0.05756116092385112
Tailgating,196.0,14,129.0,car,Outer,2.7598861131207015
Tailgating,196.0,147,182.0,motorcycle,Outer,2.7925792735168895
Tailgating,196.0,130,10.0,car,Outer,0.008291463560083439
Tailgating,196.0,10,87.0,car,Outer,1.6277233718659903
Tailgating,196.0,166,90.0,motorcycle,Outer,3.182561705111501
Tailgating,197.0,44,151.0,motorcycle,Inner,0.1431650198382145
Tailgating,197.0,151,153.0,motorcycle,Inner,1.0816841017070882
Tailgating,197.0,153,68.0,person,Inner,2.0868817465719887
Tailgating,197.0,124,112.0,motorcycle,Inner,1.672873027162612
Tailgating,197.0,53,138.0,person,Inner,0.6753920278243065
Tailgating,197.0,108,14.0,car,Outer,0.028722582001797406
Tailgating,197.0,14,129.0,car,Outer,2.7111414146828627
Tailgating,197.0,147,182.0,motorcycle,Outer,2.7868101839669297
Tailgating,197.0,130,87.0,car,Outer,1.6465955513825115
Tailgating,197.0,166,90.0,motorcycle,Outer,3.160839808663528
Tailgating,198.0,44,151.0,motorcycle,Inner,0.13538546031088652
Tailgating,198.0,153,68.0,person,Inner,2.041412212882099
Tailgating,198.0,124,112.0,motorcycle,Inner,1.622433814764502
Tailgating,198.0,53,138.0,person,Inner,0.6256386332099519
Tailgating,198.0,108,14.0,car,Outer,0.021406010590247437
Tailgating,198.0,14,129.0,car,Outer,2.661403451695941
Tailgating,198.0,147,182.0,motorcycle,Outer,2.7750954686260956
Tailgating,198.0,10,130.0,car,Outer,0.005350223743200625
Tailgating,198.0,130,87.0,car,Outer,1.643879252455596
Tailgating,198.0,166,90.0,motorcycle,Outer,3.129958075267296
Tailgating,199.0,44,151.0,motorcycle,Inner,0.11679543900083765
Tailgating,199.0,153,68.0,person,Inner,1.9966839692327405
Tailgating,199.0,124,112.0,motorcycle,Inner,1.5626390118228408
Tailgating,199.0,53,138.0,person,Inner,0.5760552281706273
Tailgating,199.0,108,14.0,car,Outer,0.007247181744692393
Tailgating,199.0,14,129.0,car,Outer,2.611925262591263
Tailgating,199.0,129,185.0,car,Outer,1.518737138870404
Tailgating,199.0,147,186.0,motorcycle,Outer,2.505343671502397
Tailgating,199.0,10,130.0,car,Outer,0.01357721184522546
Tailgating,199.0,130,87.0,car,Outer,1.644827483827138
Tailgating,199.0,166,90.0,motorcycle,Outer,3.1102320966371293
Tailgating,200.0,44,151.0,motorcycle,Inner,0.0962918054003132
Tailgating,200.0,153,68.0,person,Inner,1.9475083627033087
Tailgating,200.0,124,112.0,motorcycle,Inner,1.5171276838062095
Tailgating,200.0,53,22.0,person,Inner,0.5198129005843826
Tailgating,200.0,14,108.0,car,Outer,0.0
Tailgating,200.0,108,129.0,car,Outer,2.569574982660701
Tailgating,200.0,147,186.0,motorcycle,Outer,2.478556797114781
Tailgating,200.0,10,130.0,car,Outer,0.010898169141086234
Tailgating,200.0,130,87.0,car,Outer,1.6492783947884944
Tailgating,200.0,166,90.0,motorcycle,Outer,3.081779573021539
Tailgating,201.0,44,151.0,motorcycle,Inner,0.08847196258887922
Tailgating,201.0,153,68.0,person,Inner,1.8985464105944798
Tailgating,201.0,124,112.0,motorcycle,Inner,1.4616569919988789
Tailgating,201.0,53,138.0,person,Inner,0.46225906347047957
Tailgating,201.0,14,108.0,car,Outer,0.0072024422266705095
Tailgating,201.0,108,129.0,car,Outer,2.5058465442019653
Tailgating,201.0,185,180.0,person,Outer,0.6192647155559404
Tailgating,201.0,147,186.0,motorcycle,Outer,2.4716416396426175
Tailgating,201.0,10,130.0,car,Outer,0.0026116905865989476
Tailgating,201.0,130,87.0,car,Outer,1.653732676354469
Tailgating,201.0,166,90.0,motorcycle,Outer,3.064440894361116
Tailgating,202.0,44,151.0,motorcycle,Inner,0.07879752882874085
Tailgating,202.0,153,68.0,person,Inner,1.8415445409963567
Tailgating,202.0,124,112.0,motorcycle,Inner,1.3939071314174112
Tailgating,202.0,53,138.0,person,Inner,0.4131499120906867
Tailgating,202.0,14,108.0,car,Outer,0.007183799211478021
Tailgating,202.0,108,129.0,car,Outer,2.463733853698462
Tailgating,202.0,10,130.0,car,Outer,0.010845938569405363
Tailgating,202.0,130,87.0,car,Outer,1.6617052239894212
Tailgating,202.0,166,90.0,motorcycle,Outer,3.036229693063665
Tailgating,203.0,44,151.0,motorcycle,Inner,0.07136850247736286
Tailgating,203.0,153,68.0,person,Inner,1.7755167799245513
Tailgating,203.0,124,112.0,motorcycle,Inner,1.3453923746550076
Tailgating,203.0,53,22.0,person,Inner,0.3642068596813725
Tailgating,203.0,14,108.0,car,Outer,0.014140813743308563
Tailgating,203.0,108,129.0,car,Outer,2.419033931998156
Tailgating,203.0,10,130.0,car,Outer,0.002574810760738158
Tailgating,203.0,166,90.0,motorcycle,Outer,3.0187371987700207
Tailgating,204.0,44,151.0,motorcycle,Inner,0.07244950579076609
Tailgating,204.0,151,153.0,motorcycle,Inner,1.3035796529794295
Tailgating,204.0,153,68.0,person,Inner,1.7180370635150306
Tailgating,204.0,124,112.0,motorcycle,Inner,1.2898220796006519
Tailgating,204.0,108,129.0,car,Outer,2.3744129055208165
Tailgating,204.0,10,130.0,car,Outer,0.0
Tailgating,204.0,166,90.0,motorcycle,Outer,3.003699571435806
Tailgating,205.0,44,151.0,motorcycle,Inner,0.060742980594000004
Tailgating,205.0,151,153.0,motorcycle,Inner,1.3468742610567594
Tailgating,205.0,153,68.0,person,Inner,1.6476848464024154
Tailgating,205.0,124,112.0,motorcycle,Inner,1.2412798736012043
Tailgating,205.0,108,129.0,car,Outer,2.335654698352228
Tailgating,205.0,10,130.0,car,Outer,0.0
Tailgating,205.0,166,90.0,motorcycle,Outer,2.986092500521966
Tailgating,206.0,44,151.0,motorcycle,Inner,0.05531122706715146
Tailgating,206.0,151,153.0,motorcycle,Inner,1.3771856996799159
Tailgating,206.0,153,68.0,person,Inner,1.5824570078430689
Tailgating,206.0,185,20.0,person,Inner,1.804191444553683
Tailgating,206.0,124,112.0,motorcycle,Inner,1.1819945665533245
Tailgating,206.0,108,129.0,car,Outer,2.2781819897363786
Tailgating,206.0,130,10.0,car,Outer,0.0
Tailgating,206.0,166,90.0,motorcycle,Outer,2.957451597630047
Tailgating,207.0,44,151.0,motorcycle,Inner,0.04786494843282856
Tailgating,207.0,151,153.0,motorcycle,Inner,1.3970565592701785
Tailgating,207.0,153,68.0,person,Inner,1.53479022342718
Tailgating,207.0,185,20.0,person,Inner,1.792723269418636
Tailgating,207.0,124,112.0,motorcycle,Inner,1.1226755220374702
Tailgating,207.0,108,129.0,car,Outer,2.2422481674894
Tailgating,207.0,130,10.0,car,Outer,0.0
Tailgating,207.0,166,90.0,motorcycle,Outer,2.9442512522829127
Tailgating,208.0,44,151.0,motorcycle,Inner,0.04889513347360557
Tailgating,208.0,151,153.0,motorcycle,Inner,1.4196036666559897
Tailgating,208.0,153,68.0,person,Inner,1.4873007929183597
Tailgating,208.0,185,20.0,person,Inner,1.8006618617393455
Tailgating,208.0,130,10.0,car,Outer,0.0
Tailgating,208.0,166,90.0,motorcycle,Outer,2.9238648451730374
Tailgating,209.0,44,151.0,motorcycle,Inner,0.05428319238954334
Tailgating,209.0,151,153.0,motorcycle,Inner,1.4193811120389768
Tailgating,209.0,153,68.0,person,Inner,1.440621432389891
Tailgating,209.0,185,20.0,person,Inner,1.7777025414083072
Tailgating,209.0,108,129.0,car,Outer,2.1748038160502228
Tailgating,209.0,130,10.0,car,Outer,0.00818654465028582
Tailgating,209.0,166,90.0,motorcycle,Outer,2.897131846076539
Tailgating,210.0,44,151.0,motorcycle,Inner,0.048993829237756296
Tailgating,210.0,151,153.0,motorcycle,Inner,1.4280117779995145
Tailgating,210.0,153,68.0,person,Inner,1.4023334922935802
Tailgating,210.0,185,20.0,person,Inner,1.7736449967858168
Tailgating,210.0,124,112.0,motorcycle,Inner,0.9815086032355835
Tailgating,210.0,108,129.0,car,Outer,2.1130715090003056
Tailgating,210.0,130,10.0,car,Outer,0.0
Tailgating,210.0,166,90.0,motorcycle,Outer,2.8882865113922547
Tailgating,211.0,44,151.0,motorcycle,Inner,0.04375968159789383
Tailgating,211.0,151,153.0,motorcycle,Inner,1.4456388611322943
Tailgating,211.0,153,68.0,person,Inner,1.3552630659031253
Tailgating,211.0,185,20.0,person,Inner,1.7734500352175528
Tailgating,211.0,124,112.0,motorcycle,Inner,0.9184393193727498
Tailgating,211.0,14,108.0,car,Outer,0.12701812106706398
Tailgating,211.0,108,129.0,car,Outer,2.067335220029961
Tailgating,211.0,189,180.0,person,Outer,2.182636650040727
Tailgating,211.0,130,10.0,car,Outer,0.0
Tailgating,211.0,166,90.0,motorcycle,Outer,2.8723213322606527
Tailgating,212.0,44,151.0,motorcycle,Inner,0.03858167243942029
Tailgating,212.0,151,153.0,motorcycle,Inner,1.4532719742909073
Tailgating,212.0,153,68.0,person,Inner,1.322265440072861
Tailgating,212.0,185,20.0,person,Inner,1.7882852464964407
Tailgating,212.0,124,112.0,motorcycle,Inner,0.8837865388447819
Tailgating,212.0,14,108.0,car,Outer,0.11949452418447412
Tailgating,212.0,108,129.0,car,Outer,2.0058974601703126
Tailgating,212.0,189,180.0,person,Outer,2.1943390080016063
Tailgating,212.0,10,130.0,car,Outer,0.0
Tailgating,213.0,44,151.0,motorcycle,Inner,0.030764238259164495
Tailgating,213.0,151,153.0,motorcycle,Inner,1.4639444493622729
Tailgating,213.0,153,68.0,person,Inner,1.2977541916933277
Tailgating,213.0,185,20.0,person,Inner,1.77926645786147
Tailgating,213.0,124,112.0,motorcycle,Inner,0.8241954936922843
Tailgating,213.0,188,172.0,car,Inner,0.009392831004355277
Tailgating,213.0,14,108.0,car,Outer,0.11195591424954542
Tailgating,213.0,108,129.0,car,Outer,1.9587129816914826
Tailgating,213.0,189,180.0,person,Outer,2.216519237375849
Tailgating,213.0,10,130.0,car,Outer,0.00815105209381318
Tailgating,214.0,44,151.0,motorcycle,Inner,0.025665560949766984
Tailgating,214.0,151,153.0,motorcycle,Inner,1.4579289222781506
Tailgating,214.0,153,68.0,person,Inner,1.2791715482503716
Tailgating,214.0,185,20.0,person,Inner,1.7868223767049762
Tailgating,214.0,124,112.0,motorcycle,Inner,0.7697278554959397
Tailgating,214.0,172,188.0,car,Inner,0.02198573826897973
Tailgating,214.0,14,108.0,car,Outer,0.10454934831500846
Tailgating,214.0,108,129.0,car,Outer,1.911997966250203
Tailgating,214.0,189,180.0,person,Outer,2.2335602348792216
Tailgating,214.0,10,130.0,car,Outer,0.013947849272376956
Tailgating,215.0,44,151.0,motorcycle,Inner,0.020625532884788418
Tailgating,215.0,151,153.0,motorcycle,Inner,1.464253311889765
Tailgating,215.0,153,68.0,person,Inner,1.2465494839781381
Tailgating,215.0,185,20.0,person,Inner,1.7982021511878088
Tailgating,215.0,124,112.0,motorcycle,Inner,0.7127885412630278
Tailgating,215.0,172,188.0,car,Inner,0.04442448833791561
Tailgating,215.0,14,108.0,car,Outer,0.10389112734012945
Tailgating,215.0,108,129.0,car,Outer,1.8509155714982233
Tailgating,215.0,189,180.0,person,Outer,2.251826059454611
Tailgating,215.0,10,130.0,car,Outer,0.008137045089860736
Tailgating,216.0,44,151.0,motorcycle,Inner,0.01795184842397088
Tailgating,216.0,151,153.0,motorcycle,Inner,1.4701114737581462
Tailgating,216.0,153,68.0,person,Inner,1.2140560922290387
Tailgating,216.0,185,20.0,person,Inner,1.81237920573412
Tailgating,216.0,124,112.0,motorcycle,Inner,0.663996578219188
Tailgating,216.0,172,188.0,car,Inner,0.09419459957654266
Tailgating,216.0,14,108.0,car,Outer,0.08256871078003905
Tailgating,216.0,189,180.0,person,Outer,2.2780899969467643
Tailgating,216.0,10,130.0,car,Outer,0.013953401713405545
Tailgating,217.0,44,151.0,motorcycle,Inner,0.01114527973404614
Tailgating,217.0,151,153.0,motorcycle,Inner,1.485190082229153
Tailgating,217.0,153,68.0,person,Inner,1.184885364339749
Tailgating,217.0,185,20.0,person,Inner,1.819936309216099
Tailgating,217.0,124,112.0,motorcycle,Inner,0.5999735487406679
Tailgating,217.0,172,188.0,car,Inner,0.144251692715876
Tailgating,217.0,14,108.0,car,Outer,0.026839488561972012
Tailgating,217.0,189,180.0,person,Outer,2.2872711515019586
Tailgating,217.0,10,130.0,car,Outer,0.008123186175269905
Tailgating,218.0,44,151.0,motorcycle,Inner,0.006303844106996608
Tailgating,218.0,151,153.0,motorcycle,Inner,1.4810783924202846
Tailgating,218.0,153,68.0,person,Inner,1.161256609543673
Tailgating,218.0,185,20.0,person,Inner,1.8210150366168822
Tailgating,218.0,124,112.0,motorcycle,Inner,0.540203778538706
Tailgating,218.0,172,188.0,car,Inner,0.20845020422011248
Tailgating,218.0,14,193.0,car,Outer,1.7764020617655247
Tailgating,218.0,189,180.0,person,Outer,2.3055825839794637
Tailgating,218.0,10,130.0,car,Outer,0.013957229171871938
Tailgating,219.0,44,151.0,motorcycle,Inner,0.0015252140571146878
Tailgating,219.0,151,153.0,motorcycle,Inner,1.4766063726147076
Tailgating,219.0,153,68.0,person,Inner,1.1324402724124951
Tailgating,219.0,185,20.0,person,Inner,1.840631210832333
Tailgating,219.0,124,112.0,motorcycle,Inner,0.4735095495161263
Tailgating,219.0,172,188.0,car,Inner,0.23667009841967168
Tailgating,219.0,14,193.0,car,Outer,1.735569889244497
Tailgating,219.0,189,180.0,person,Outer,2.318786673292355
Tailgating,219.0,10,130.0,car,Outer,0.005850416582372079
Tailgating,220.0,44,151.0,motorcycle,Inner,0.005579078141442508
Tailgating,220.0,151,153.0,motorcycle,Inner,1.48075270234098
Tailgating,220.0,153,68.0,person,Inner,1.1003259595293093
Tailgating,220.0,185,20.0,person,Inner,1.8453550311181584
Tailgating,220.0,124,112.0,motorcycle,Inner,0.4187392582366741
Tailgating,220.0,172,188.0,car,Inner,0.2467199541088194
Tailgating,220.0,14,193.0,car,Outer,1.6875895205193685
Tailgating,220.0,189,180.0,person,Outer,2.326951917410357
Tailgating,220.0,10,130.0,car,Outer,0.013963622465093613
Tailgating,221.0,151,44.0,motorcycle,Inner,0.002052141504320418
Tailgating,221.0,44,153.0,motorcycle,Inner,1.6429184033243784
Tailgating,221.0,153,68.0,person,Inner,1.0630369728730114
Tailgating,221.0,185,20.0,person,Inner,1.845437255717628
Tailgating,221.0,124,112.0,motorcycle,Inner,0.34376460199892683
Tailgating,221.0,172,188.0,car,Inner,0.2526080542376227
Tailgating,221.0,10,130.0,car,Outer,0.01984091358501505
Tailgating,222.0,151,44.0,motorcycle,Inner,0.006199468967254306
Tailgating,222.0,44,153.0,motorcycle,Inner,1.6642180564130846
Tailgating,222.0,153,68.0,person,Inner,1.0172991658231527
Tailgating,222.0,185,20.0,person,Inner,1.8566695655540448
Tailgating,222.0,124,112.0,motorcycle,Inner,0.2780165086276934
Tailgating,222.0,172,188.0,car,Inner,0.24783258000301145
Tailgating,222.0,10,130.0,car,Outer,0.019858734564623243
Tailgating,223.0,151,44.0,motorcycle,Inner,0.005036591005552364
Tailgating,223.0,44,153.0,motorcycle,Inner,1.6716857936414773
Tailgating,223.0,153,68.0,person,Inner,0.977018768473119
Tailgating,223.0,185,20.0,person,Inner,1.8446711377407228
Tailgating,223.0,124,112.0,motorcycle,Inner,0.217323040747652
Tailgating,223.0,172,188.0,car,Inner,0.24301352480649063
Tailgating,223.0,10,130.0,car,Outer,0.011809142878885764
Tailgating,224.0,151,44.0,motorcycle,Inner,0.009574452392510658
Tailgating,224.0,44,153.0,motorcycle,Inner,1.6697525910677207
Tailgating,224.0,153,68.0,person,Inner,0.9399591845723058
Tailgating,224.0,185,20.0,person,Inner,1.8522309478620056
Tailgating,224.0,160,135.0,motorcycle,Inner,1.4791356855868658
Tailgating,224.0,124,112.0,motorcycle,Inner,0.14557153944908383
Tailgating,224.0,53,32.0,person,Inner,1.089590512887252
Tailgating,224.0,172,188.0,car,Inner,0.22488188252958016
Tailgating,224.0,10,130.0,car,Outer,0.011836672799202698
Tailgating,225.0,151,44.0,motorcycle,Inner,0.01602840287572432
Tailgating,225.0,44,153.0,motorcycle,Inner,1.6723331868715594
Tailgating,225.0,153,68.0,person,Inner,0.9051246061222472
Tailgating,225.0,185,20.0,person,Inner,1.8486078097197713
Tailgating,225.0,160,135.0,motorcycle,Inner,1.5137109048854545
Tailgating,225.0,124,112.0,motorcycle,Inner,0.09401720990466997
Tailgating,225.0,53,32.0,person,Inner,1.074921417062079
Tailgating,225.0,172,188.0,car,Inner,0.19742448179573693
Tailgating,225.0,10,130.0,car,Outer,0.011863986548731161
Tailgating,226.0,44,151.0,motorcycle,Inner,8.532468280011086e-05
Tailgating,226.0,151,153.0,motorcycle,Inner,1.5252293471150762
Tailgating,226.0,153,68.0,person,Inner,0.873589123221553
Tailgating,226.0,185,20.0,person,Inner,1.8561936838281454
Tailgating,226.0,124,112.0,motorcycle,Inner,0.03394193819331095
Tailgating,226.0,53,32.0,person,Inner,1.0460687146604128
Tailgating,226.0,172,188.0,car,Inner,0.179183595134761
Tailgating,226.0,10,130.0,car,Outer,0.0038578580487914653
Tailgating,227.0,151,44.0,motorcycle,Inner,0.00371527879619719
Tailgating,227.0,44,153.0,motorcycle,Inner,1.6876111268137863
Tailgating,227.0,153,68.0,person,Inner,0.8419382004268376
Tailgating,227.0,185,20.0,person,Inner,1.8700489764923942
Tailgating,227.0,53,32.0,person,Inner,1.0312416735023022
Tailgating,227.0,172,188.0,car,Inner,0.1663763306043939
Tailgating,227.0,130,10.0,car,Outer,0.002063536999078035
Tailgating,228.0,44,151.0,motorcycle,Inner,0.0007181642811165204
Tailgating,228.0,151,153.0,motorcycle,Inner,1.5282961724699489
Tailgating,228.0,153,68.0,person,Inner,0.7965145819445352
Tailgating,228.0,185,20.0,person,Inner,1.8775046897164311
Tailgating,228.0,53,32.0,person,Inner,1.0166366928245179
Tailgating,228.0,172,188.0,car,Inner,0.13873800577154558
Tailgating,228.0,130,10.0,car,Outer,0.00801577400262552
Tailgating,229.0,44,151.0,motorcycle,Inner,0.008928847243979287
Tailgating,229.0,151,153.0,motorcycle,Inner,1.5344297062833991
Tailgating,229.0,153,68.0,person,Inner,0.7565683797112431
Tailgating,229.0,185,20.0,person,Inner,1.8912834599745063
Tailgating,229.0,53,32.0,person,Inner,0.9949724007033294
Tailgating,229.0,172,188.0,car,Inner,0.11108868862358165
Tailgating,229.0,10,130.0,car,Outer,0.005991461512093275
Tailgating,230.0,151,44.0,motorcycle,Inner,0.0026311842725041143
Tailgating,230.0,44,153.0,motorcycle,Inner,1.7025375847947806
Tailgating,230.0,153,68.0,person,Inner,0.7077871385934303
Tailgating,230.0,185,20.0,person,Inner,1.9134360558527175
Tailgating,230.0,172,188.0,car,Inner,0.06663359517158449
Tailgating,230.0,182,17.0,person,Outer,2.2677250810569554
Tailgating,230.0,10,130.0,car,Outer,0.0
Tailgating,231.0,44,151.0,motorcycle,Inner,0.004673563008659466
Tailgating,231.0,151,153.0,motorcycle,Inner,1.5441436745283754
Tailgating,231.0,153,68.0,person,Inner,0.6596435069297707
Tailgating,231.0,185,20.0,person,Inner,1.9185726394682778
Tailgating,231.0,112,124.0,person,Inner,0.23871782366474878
Tailgating,231.0,172,188.0,car,Inner,0.02965542075207805
Tailgating,232.0,44,151.0,motorcycle,Inner,0.001984253624612042
Tailgating,232.0,151,153.0,motorcycle,Inner,1.5536416167525204
Tailgating,232.0,153,68.0,person,Inner,0.6223661556618586
Tailgating,232.0,185,20.0,person,Inner,1.928696600478345
Tailgating,232.0,112,124.0,person,Inner,0.29669170468902395
Tailgating,232.0,172,188.0,car,Inner,0.001866225138166269
Tailgating,233.0,44,151.0,motorcycle,Inner,0.0068263770314199125
Tailgating,233.0,151,153.0,motorcycle,Inner,1.5517349977936392
Tailgating,233.0,153,68.0,person,Inner,0.582619446002975
Tailgating,233.0,185,20.0,person,Inner,1.9252374547016258
Tailgating,233.0,112,124.0,person,Inner,0.3571186215676906
Tailgating,233.0,188,172.0,car,Inner,0.020343414875110245
Tailgating,234.0,44,151.0,motorcycle,Inner,0.0016516107789018998
Tailgating,234.0,151,153.0,motorcycle,Inner,1.563641401669571
Tailgating,234.0,153,68.0,person,Inner,0.5491387038648587
Tailgating,234.0,185,20.0,person,Inner,1.9352753053248324
Tailgating,234.0,112,124.0,person,Inner,0.4175892467072356
Tailgating,234.0,188,172.0,car,Inner,0.02954276104437324
Tailgating,234.0,5,201.0,motorcycle,Outer,2.304539872477511
Tailgating,235.0,44,151.0,motorcycle,Inner,0.006611688980202391
Tailgating,235.0,151,153.0,motorcycle,Inner,1.5443323816716696
Tailgating,235.0,185,20.0,person,Inner,1.9375448067750902
Tailgating,235.0,112,124.0,person,Inner,0.47508673276266133
Tailgating,235.0,188,172.0,car,Inner,0.029459327688707362
Tailgating,235.0,5,201.0,motorcycle,Outer,2.2675850455997106
Tailgating,236.0,44,153.0,motorcycle,Inner,1.7083452869353735
Tailgating,236.0,185,20.0,person,Inner,1.9389960241583986
Tailgating,236.0,71,135.0,car,Inner,1.5679548436422441
Tailgating,236.0,112,124.0,person,Inner,0.5498941654049424
Tailgating,236.0,188,172.0,car,Inner,0.03870842365474262
Tailgating,236.0,5,201.0,motorcycle,Outer,2.249689857479697
Tailgating,236.0,10,130.0,car,Outer,0.13597608874979375
Tailgating,237.0,44,153.0,motorcycle,Inner,1.6919469159878697
Tailgating,237.0,185,20.0,person,Inner,1.9326120562949365
Tailgating,237.0,112,124.0,person,Inner,0.616240736701221
Tailgating,237.0,188,172.0,car,Inner,0.029265723497052917
Tailgating,237.0,10,130.0,car,Outer,0.14191960015424976
Tailgating,238.0,44,153.0,motorcycle,Inner,1.666541803398712
Tailgating,238.0,185,20.0,person,Inner,1.9399227655809248
Tailgating,238.0,112,124.0,person,Inner,0.6825919404679889
Tailgating,238.0,166,56.0,motorcycle,Inner,0.9141408342109905
Tailgating,238.0,188,172.0,car,Inner,0.04202593712185087
Tailgating,238.0,10,130.0,car,Outer,0.11790181012197537
Tailgating,239.0,44,153.0,motorcycle,Inner,1.6498680677622868
Tailgating,239.0,185,20.0,person,Inner,1.9334003848709003
Tailgating,239.0,112,124.0,person,Inner,0.7541456102327696
Tailgating,239.0,166,56.0,motorcycle,Inner,0.9371476779448131
Tailgating,239.0,188,172.0,car,Inner,0.03251082353291335
Tailgating,239.0,10,130.0,car,Outer,0.08598338739104763
Tailgating,240.0,44,153.0,motorcycle,Inner,1.619442586332338
Tailgating,240.0,185,20.0,person,Inner,1.9378995376987864
Tailgating,240.0,202,142.0,motorcycle,Inner,3.48448648165335
Tailgating,240.0,112,124.0,person,Inner,0.8092133437160447
Tailgating,240.0,166,56.0,motorcycle,Inner,0.9598452598010079
Tailgating,240.0,188,172.0,car,Inner,0.028975400240604902
Tailgating,240.0,10,130.0,car,Outer,0.048144079141712114
Tailgating,241.0,44,153.0,motorcycle,Inner,1.6154957350895014
Tailgating,241.0,153,68.0,person,Inner,0.4037845360952026
Tailgating,241.0,202,142.0,motorcycle,Inner,3.4631993712227436
Tailgating,241.0,112,124.0,person,Inner,0.8777032818386982
Tailgating,241.0,166,56.0,motorcycle,Inner,0.984325779016179
Tailgating,241.0,188,172.0,car,Inner,0.019423386721519893
Tailgating,241.0,10,130.0,car,Outer,0.0024579153606127846
Tailgating,242.0,44,153.0,motorcycle,Inner,1.6328887295724295
Tailgating,242.0,153,68.0,person,Inner,0.3513475745245956
Tailgating,242.0,202,142.0,motorcycle,Inner,3.4508227129068114
Tailgating,242.0,112,124.0,person,Inner,0.946827520875255
Tailgating,242.0,166,56.0,motorcycle,Inner,1.006270361824382
Tailgating,242.0,188,172.0,car,Inner,0.019298482101567545
Tailgating,242.0,130,10.0,car,Outer,0.02914155121133413
Tailgating,243.0,44,153.0,motorcycle,Inner,1.6486905213314207
Tailgating,243.0,153,68.0,person,Inner,0.2910736423527598
Tailgating,243.0,202,142.0,motorcycle,Inner,3.425755352068614
Tailgating,243.0,112,124.0,person,Inner,1.0180331356671315
Tailgating,243.0,166,56.0,motorcycle,Inner,1.0188306149971427
Tailgating,243.0,188,172.0,car,Inner,0.019163150738382085
Tailgating,243.0,130,10.0,car,Outer,0.0649940116444236
Tailgating,244.0,44,153.0,motorcycle,Inner,1.6647158884750048
Tailgating,244.0,153,68.0,person,Inner,0.23608224789580146
Tailgating,244.0,202,142.0,motorcycle,Inner,3.4239691120269944
Tailgating,244.0,112,124.0,person,Inner,1.0863391649355691
Tailgating,244.0,166,56.0,motorcycle,Inner,1.0376653648035656
Tailgating,244.0,188,172.0,car,Inner,0.019040325910542485
Tailgating,244.0,130,10.0,car,Outer,0.09471315965168627
Tailgating,245.0,44,153.0,motorcycle,Inner,1.683267766464278
Tailgating,245.0,153,68.0,person,Inner,0.17918700722342473
Tailgating,245.0,202,142.0,motorcycle,Inner,3.4312436578576238
Tailgating,245.0,112,124.0,person,Inner,1.1459987830140483
Tailgating,245.0,166,56.0,motorcycle,Inner,1.0477865225654006
Tailgating,245.0,188,172.0,car,Inner,0.01579415833949866
Tailgating,245.0,130,10.0,car,Outer,0.0946022130683852
Tailgating,246.0,44,153.0,motorcycle,Inner,1.7099771001891289
Tailgating,246.0,153,68.0,person,Inner,0.12067624105735571
Tailgating,246.0,202,142.0,motorcycle,Inner,3.4516543145365333
Tailgating,246.0,112,85.0,person,Inner,0.7849522166909867
Tailgating,246.0,166,56.0,motorcycle,Inner,1.0598219658125876
Tailgating,246.0,188,172.0,car,Inner,0.015718555993303743
Tailgating,246.0,130,10.0,car,Outer,0.07705853671987394
Tailgating,247.0,44,153.0,motorcycle,Inner,1.7217648297810837
Tailgating,247.0,153,68.0,person,Inner,0.04947422622965421
Tailgating,247.0,202,142.0,motorcycle,Inner,3.489120726678428
Tailgating,247.0,112,85.0,person,Inner,0.8436092536550661
Tailgating,247.0,166,56.0,motorcycle,Inner,1.0695675414533539
Tailgating,247.0,188,172.0,car,Inner,0.012580231702730729
Tailgating,247.0,130,10.0,car,Outer,0.03938718042729106
Tailgating,248.0,44,153.0,motorcycle,Inner,1.7248556554787104
Tailgating,248.0,153,68.0,person,Inner,0.00034895500604257033
Tailgating,248.0,202,142.0,motorcycle,Inner,3.5374405076049324
Tailgating,248.0,112,85.0,person,Inner,0.8917062693189116
Tailgating,248.0,166,56.0,motorcycle,Inner,1.0791267736108034
Tailgating,248.0,188,172.0,car,Inner,0.012558437667159713
Tailgating,249.0,44,68.0,motorcycle,Inner,1.5316018598396346
Tailgating,249.0,202,142.0,motorcycle,Inner,3.619886578783746
Tailgating,249.0,112,85.0,person,Inner,0.9439074544675028
Tailgating,249.0,166,56.0,motorcycle,Inner,1.0995025705650725
Tailgating,249.0,188,172.0,car,Inner,0.0125283445754447
Tailgating,249.0,172,206.0,car,Inner,3.4007791071761426
Tailgating,250.0,44,68.0,motorcycle,Inner,1.4862072913485955
Tailgating,250.0,202,142.0,motorcycle,Inner,3.7193506080202035
Tailgating,250.0,112,85.0,person,Inner,0.9936134769003293
Tailgating,250.0,166,56.0,motorcycle,Inner,1.1060285486871386
Tailgating,250.0,188,172.0,car,Inner,0.0029465060651638546
Tailgating,250.0,172,206.0,car,Inner,3.4082836854873246
Tailgating,251.0,44,68.0,motorcycle,Inner,1.4274103568497627
Tailgating,251.0,185,207.0,person,Inner,0.024217885422781863
Tailgating,251.0,202,142.0,motorcycle,Inner,3.8125364300067957
Tailgating,251.0,112,85.0,person,Inner,1.0412252419478127
Tailgating,251.0,166,56.0,motorcycle,Inner,1.1238162077134972
Tailgating,251.0,172,188.0,car,Inner,0.0029034017621473365
Tailgating,251.0,188,206.0,car,Inner,3.4168312097101285
Tailgating,252.0,44,68.0,motorcycle,Inner,1.373095208196184
Tailgating,252.0,185,207.0,person,Inner,0.026604092361127783
Tailgating,252.0,71,135.0,car,Inner,1.7642092617763767
Tailgating,252.0,202,142.0,motorcycle,Inner,3.8726337828048085
Tailgating,252.0,166,56.0,motorcycle,Inner,1.1414260361017607
Tailgating,252.0,172,188.0,car,Inner,0.0028607194303071756
Tailgating,252.0,188,206.0,car,Inner,3.414639739836502
Tailgating,252.0,10,130.0,car,Outer,0.14908137475472744
Tailgating,253.0,44,68.0,motorcycle,Inner,1.3277145714811203
Tailgating,253.0,185,207.0,person,Inner,0.01577195286686014
Tailgating,253.0,71,135.0,car,Inner,1.7995107055208712
Tailgating,253.0,202,142.0,motorcycle,Inner,3.9302644741047628
Tailgating,253.0,166,56.0,motorcycle,Inner,1.1504568411370515
Tailgating,253.0,188,172.0,car,Inner,0.006783991516867535
Tailgating,253.0,172,206.0,car,Inner,3.3922640838383398
Tailgating,253.0,193,204.0,car,Outer,1.9092111398356209
Tailgating,253.0,10,130.0,car,Outer,0.1409062870648376
Tailgating,254.0,44,68.0,motorcycle,Inner,1.273342720919894
Tailgating,254.0,185,207.0,person,Inner,0.005832117764144257
Tailgating,254.0,207,180.0,motorcycle,Inner,0.10985173735768405
Tailgating,254.0,202,142.0,motorcycle,Inner,3.9560812648729105
Tailgating,254.0,166,56.0,motorcycle,Inner,1.167805492921435
Tailgating,254.0,188,172.0,car,Inner,0.013696053915189412
Tailgating,254.0,172,206.0,car,Inner,3.3804650560537906
Tailgating,254.0,10,130.0,car,Outer,0.10927137800327588
Tailgating,255.0,44,68.0,motorcycle,Inner,1.2372465409475797
Tailgating,255.0,185,180.0,person,Inner,0.10890979466454619
Tailgating,255.0,166,56.0,motorcycle,Inner,1.1829555400329002
Tailgating,255.0,188,172.0,car,Inner,0.023442169636245132
Tailgating,255.0,172,206.0,car,Inner,3.368495508482935
Tailgating,255.0,10,130.0,car,Outer,0.06375572678437652
Tailgating,256.0,206,44.0,motorcycle,Inner,1.4835299524987553
Tailgating,256.0,44,68.0,motorcycle,Inner,1.1915113669366302
Tailgating,256.0,153,193.0,person,Inner,2.705564055419506
Tailgating,256.0,193,207.0,car,Inner,2.11034840552216
Tailgating,256.0,207,185.0,motorcycle,Inner,0.007104405191585069
Tailgating,256.0,185,180.0,person,Inner,0.10470806221720418
Tailgating,256.0,202,142.0,motorcycle,Inner,3.9179671520466144
Tailgating,256.0,112,85.0,person,Inner,1.2665146146820376
Tailgating,256.0,166,56.0,motorcycle,Inner,1.2025851080351013
Tailgating,256.0,188,172.0,car,Inner,0.026257881174810788
Tailgating,256.0,172,206.0,car,Inner,3.3676584808410834
Tailgating,256.0,57,110.0,motorcycle,Outer,1.1014166094189797
Tailgating,256.0,10,130.0,car,Outer,0.03248624463919153
Tailgating,257.0,206,44.0,motorcycle,Inner,1.4700839385691826
Tailgating,257.0,44,68.0,motorcycle,Inner,1.1462982673071807
Tailgating,257.0,153,193.0,person,Inner,2.659669024640112
Tailgating,257.0,193,207.0,car,Inner,2.119783142141685
Tailgating,257.0,207,185.0,motorcycle,Inner,0.00811438796062437
Tailgating,257.0,185,180.0,person,Inner,0.09903614025542647
Tailgating,257.0,202,142.0,motorcycle,Inner,3.788454611111596
Tailgating,257.0,112,85.0,person,Inner,1.324891585417759
Tailgating,257.0,166,56.0,motorcycle,Inner,1.2108849055240523
Tailgating,257.0,188,172.0,car,Inner,0.026331579196556848
Tailgating,257.0,172,206.0,car,Inner,3.3883345805033143
Tailgating,257.0,5,201.0,motorcycle,Outer,2.0504698470313176
Tailgating,257.0,10,130.0,car,Outer,0.023224236613736182
Tailgating,258.0,206,44.0,motorcycle,Inner,1.4737965230572476
Tailgating,258.0,44,68.0,motorcycle,Inner,1.1004137624475852
Tailgating,258.0,153,193.0,person,Inner,2.621748233214084
Tailgating,258.0,207,185.0,motorcycle,Inner,0.013189666192006778
Tailgating,258.0,185,180.0,person,Inner,0.08204145042536125
Tailgating,258.0,202,142.0,motorcycle,Inner,3.6292703849984753
Tailgating,258.0,112,85.0,person,Inner,1.3727182757672045
Tailgating,258.0,166,56.0,motorcycle,Inner,1.2362016351441927
Tailgating,258.0,53,9.0,person,Inner,0.6270079119320145
Tailgating,258.0,188,172.0,car,Inner,0.0289829208761433
Tailgating,258.0,172,206.0,car,Inner,3.398365333039325
Tailgating,258.0,5,201.0,motorcycle,Outer,2.023111590748485
Tailgating,258.0,57,110.0,motorcycle,Outer,1.1784050346033228
Tailgating,258.0,10,130.0,car,Outer,0.007722424933934552
Tailgating,259.0,206,44.0,motorcycle,Inner,1.4615806114970629
Tailgating,259.0,44,68.0,motorcycle,Inner,1.0637431224718124
Tailgating,259.0,153,193.0,person,Inner,2.576650494851213
Tailgating,259.0,207,185.0,motorcycle,Inner,0.013179962789197669
Tailgating,259.0,185,180.0,person,Inner,0.06829992794167736
Tailgating,259.0,71,135.0,car,Inner,1.7051676178367712
Tailgating,259.0,202,142.0,motorcycle,Inner,3.465955693313361
Tailgating,259.0,112,85.0,person,Inner,1.4205848621535009
Tailgating,259.0,166,56.0,motorcycle,Inner,1.244067908062087
Tailgating,259.0,188,172.0,car,Inner,0.029014486527769483
Tailgating,259.0,172,206.0,car,Inner,3.419290881356842
Tailgating,259.0,5,201.0,motorcycle,Outer,2.0088852741507908
Tailgating,259.0,57,110.0,motorcycle,Outer,1.225308034667339
Tailgating,259.0,10,130.0,car,Outer,0.0013386975829288172
Tailgating,260.0,206,44.0,motorcycle,Inner,1.4602895770934057
Tailgating,260.0,44,68.0,motorcycle,Inner,1.0047552687035926
Tailgating,260.0,153,193.0,person,Inner,2.5459032824897054
Tailgating,260.0,207,185.0,motorcycle,Inner,0.004015128641811341
Tailgating,260.0,185,180.0,person,Inner,0.07351031663126009
Tailgating,260.0,71,135.0,car,Inner,1.6489460761502222
Tailgating,260.0,202,142.0,motorcycle,Inner,3.3227951824606206
Tailgating,260.0,112,85.0,person,Inner,1.4800453527264545
Tailgating,260.0,166,56.0,motorcycle,Inner,1.264244462045936
Tailgating,260.0,188,172.0,car,Inner,0.016849331975393678
Tailgating,260.0,172,206.0,car,Inner,3.450624900374828
Tailgating,260.0,57,110.0,motorcycle,Outer,1.2856669466664286
Tailgating,260.0,130,10.0,car,Outer,0.007694958590354914
Tailgating,261.0,206,44.0,motorcycle,Inner,1.4659083484970743
Tailgating,261.0,44,68.0,motorcycle,Inner,0.9537944919806511
Tailgating,261.0,153,193.0,person,Inner,2.5075024223880633
Tailgating,261.0,207,185.0,motorcycle,Inner,0.003997043065932507
Tailgating,261.0,185,180.0,person,Inner,0.05954508060643607
Tailgating,261.0,202,142.0,motorcycle,Inner,3.187900630067623
Tailgating,261.0,112,85.0,person,Inner,1.5371536819786067
Tailgating,261.0,166,56.0,motorcycle,Inner,1.269266485154758
Tailgating,261.0,53,9.0,person,Inner,0.556712628884136
Tailgating,261.0,9,82.0,person,Inner,0.1829713841505612
Tailgating,261.0,188,172.0,car,Inner,0.00721108125313658
Tailgating,261.0,172,206.0,car,Inner,3.481918884639027
Tailgating,261.0,130,10.0,car,Outer,0.0140842390249454
Tailgating,262.0,206,44.0,motorcycle,Inner,1.466186780740897
Tailgating,262.0,44,68.0,motorcycle,Inner,0.9074807431355323
Tailgating,262.0,153,193.0,person,Inner,2.4698814381394656
Tailgating,262.0,207,185.0,motorcycle,Inner,0.003984349277304489
Tailgating,262.0,185,180.0,person,Inner,0.05040103867373787
Tailgating,262.0,202,142.0,motorcycle,Inner,3.008252295969702
Tailgating,262.0,112,85.0,person,Inner,1.5957250526636142
Tailgating,262.0,166,56.0,motorcycle,Inner,1.2888628626175638
Tailgating,262.0,53,9.0,person,Inner,0.5520215291607067
Tailgating,262.0,9,82.0,person,Inner,0.14748371756697978
Tailgating,262.0,172,188.0,car,Inner,0.012145545592066053
Tailgating,262.0,188,206.0,car,Inner,3.512883473148428
Tailgating,262.0,130,10.0,car,Outer,0.007667703728942796
Tailgating,263.0,206,44.0,motorcycle,Inner,1.4706783798485983
Tailgating,263.0,44,68.0,motorcycle,Inner,0.8561767835008973
Tailgating,263.0,153,193.0,person,Inner,2.432210828307548
Tailgating,263.0,207,185.0,motorcycle,Inner,0.003965443101197969
Tailgating,263.0,185,180.0,person,Inner,0.04706296063840338
Tailgating,263.0,202,142.0,motorcycle,Inner,2.943390933930059
Tailgating,263.0,112,85.0,person,Inner,1.654998296245869
Tailgating,263.0,166,56.0,motorcycle,Inner,1.2934674207185695
Tailgating,263.0,31,138.0,person,Inner,0.900692805164382
Tailgating,263.0,53,9.0,person,Inner,0.5441039942301237
Tailgating,263.0,9,82.0,person,Inner,0.12152856761592722
Tailgating,263.0,172,188.0,car,Inner,0.02182454286240657
Tailgating,263.0,188,206.0,car,Inner,3.5341561204011627
Tailgating,263.0,130,10.0,car,Outer,0.007655675323044242
Tailgating,264.0,206,44.0,motorcycle,Inner,1.4590757581870815
Tailgating,264.0,44,68.0,motorcycle,Inner,0.823381725747036
Tailgating,264.0,153,193.0,person,Inner,2.3947157267592756
Tailgating,264.0,207,185.0,motorcycle,Inner,0.003932301803279617
Tailgating,264.0,185,180.0,person,Inner,0.021024802167856186
Tailgating,264.0,202,142.0,motorcycle,Inner,2.936868352384817
Tailgating,264.0,112,85.0,person,Inner,1.7051180547140796
Tailgating,264.0,166,56.0,motorcycle,Inner,1.3124899062335906
Tailgating,264.0,31,138.0,person,Inner,0.8102873847431518
Tailgating,264.0,9,82.0,person,Inner,0.087894945604069
Tailgating,264.0,172,188.0,car,Inner,0.029132525931843224
Tailgating,264.0,188,206.0,car,Inner,3.5555958251683455
Tailgating,264.0,130,10.0,car,Outer,0.021735414377289954
Tailgating,265.0,206,44.0,motorcycle,Inner,1.4535660007468822
Tailgating,265.0,44,68.0,motorcycle,Inner,0.7717376304354578
Tailgating,265.0,153,193.0,person,Inner,2.3501248321066894
Tailgating,265.0,207,185.0,motorcycle,Inner,0.003912282586771801
Tailgating,265.0,185,180.0,person,Inner,0.006408847012868529
Tailgating,265.0,202,142.0,motorcycle,Inner,2.940957448238163
Tailgating,265.0,112,85.0,person,Inner,1.777074145084541
Tailgating,265.0,166,56.0,motorcycle,Inner,1.3187761691285316
Tailgating,265.0,31,138.0,person,Inner,0.7201314613467454
Tailgating,265.0,53,9.0,person,Inner,0.6240945914116538
Tailgating,265.0,9,82.0,person,Inner,0.028548568587294557
Tailgating,265.0,172,188.0,car,Inner,0.029160011753400338
Tailgating,265.0,188,206.0,car,Inner,3.587546792277438
Tailgating,265.0,130,10.0,car,Outer,0.029361021975098097
Tailgating,266.0,206,44.0,motorcycle,Inner,1.4539162631837819
Tailgating,266.0,44,68.0,motorcycle,Inner,0.7248424718497255
Tailgating,266.0,153,193.0,person,Inner,2.3122761948081076
Tailgating,266.0,202,142.0,motorcycle,Inner,2.945821383051002
Tailgating,266.0,112,85.0,person,Inner,1.827245721475375
Tailgating,266.0,166,56.0,motorcycle,Inner,1.3211831305428803
Tailgating,266.0,31,138.0,person,Inner,0.636126276561621
Tailgating,266.0,53,9.0,person,Inner,0.6270970960688694
Tailgating,266.0,9,82.0,person,Inner,0.016428523453049296
Tailgating,266.0,172,188.0,car,Inner,0.03661177441876788
Tailgating,266.0,188,206.0,car,Inner,3.599201355309534
Tailgating,266.0,130,10.0,car,Outer,0.02933941486050089
Tailgating,267.0,206,44.0,motorcycle,Inner,1.4587465695896293
Tailgating,267.0,44,68.0,motorcycle,Inner,0.672805142302988
Tailgating,267.0,153,193.0,person,Inner,2.274962568230006
Tailgating,267.0,202,142.0,motorcycle,Inner,2.942317230809755
Tailgating,267.0,112,85.0,person,Inner,1.8972543169477412
Tailgating,267.0,85,124.0,motorcycle,Inner,0.14668723255902488
Tailgating,267.0,166,56.0,motorcycle,Inner,1.3270417950515072
Tailgating,267.0,31,22.0,person,Inner,0.5532417208960302
Tailgating,267.0,9,82.0,person,Inner,0.007159254835060097
Tailgating,267.0,172,188.0,car,Inner,0.026934774498354037
Tailgating,267.0,188,206.0,car,Inner,3.6310051013409033
Tailgating,267.0,130,10.0,car,Outer,0.029324391528428133
Tailgating,268.0,206,44.0,motorcycle,Inner,1.46056668916066
Tailgating,268.0,44,68.0,motorcycle,Inner,0.6255748472759635
Tailgating,268.0,153,193.0,person,Inner,2.2302360778186014
Tailgating,268.0,202,142.0,motorcycle,Inner,2.939527785930838
Tailgating,268.0,112,85.0,person,Inner,1.9673140954429091
Tailgating,268.0,166,56.0,motorcycle,Inner,1.328989521188672
Tailgating,268.0,31,138.0,person,Inner,0.4771525880588526
Tailgating,268.0,53,9.0,person,Inner,0.5960416510412818
Tailgating,268.0,9,82.0,person,Inner,0.041632375776392436
Tailgating,268.0,172,188.0,car,Inner,0.017255458823242687
Tailgating,268.0,188,206.0,car,Inner,3.6529090416481234
Tailgating,268.0,130,10.0,car,Outer,0.02170236592874634
Tailgating,269.0,206,44.0,motorcycle,Inner,1.4670399333236785
Tailgating,269.0,44,68.0,motorcycle,Inner,0.5731167647067296
Tailgating,269.0,153,193.0,person,Inner,2.20020129907883
Tailgating,269.0,202,142.0,motorcycle,Inner,2.9341462735487056
Tailgating,269.0,112,85.0,person,Inner,2.0281844420704753
Tailgating,269.0,85,124.0,motorcycle,Inner,0.13053126292359168
Tailgating,269.0,166,56.0,motorcycle,Inner,1.3423257247066513
Tailgating,269.0,31,138.0,person,Inner,0.38809400785216325
Tailgating,269.0,53,9.0,person,Inner,0.5553599012229238
Tailgating,269.0,9,82.0,person,Inner,0.07911967471280205
Tailgating,269.0,172,188.0,car,Inner,0.015131863946833732
Tailgating,269.0,188,206.0,car,Inner,3.6648911881143547
Tailgating,269.0,130,10.0,car,Outer,0.028200455175926068
Tailgating,270.0,206,44.0,motorcycle,Inner,1.4512186639940612
Tailgating,270.0,44,68.0,motorcycle,Inner,0.5308798748499965
Tailgating,270.0,153,193.0,person,Inner,2.155628214309187
Tailgating,270.0,202,142.0,motorcycle,Inner,2.917747822970343
Tailgating,270.0,112,214.0,person,Inner,0.38365013076505433
Tailgating,270.0,85,124.0,motorcycle,Inner,0.1317471771363813
Tailgating,270.0,166,56.0,motorcycle,Inner,1.355401374749962
Tailgating,270.0,53,9.0,person,Inner,0.51042927590091
Tailgating,270.0,9,82.0,person,Inner,0.1349973275566712
Tailgating,270.0,172,188.0,car,Inner,0.005467178441494874
Tailgating,270.0,188,206.0,car,Inner,3.697632986237401
Tailgating,270.0,204,203.0,motorcycle,Outer,0.3033526080096765
Tailgating,270.0,130,10.0,car,Outer,0.021688817675411334
Tailgating,271.0,206,44.0,motorcycle,Inner,1.4520968364350813
Tailgating,271.0,44,68.0,motorcycle,Inner,0.483148113735762
Tailgating,271.0,153,193.0,person,Inner,2.118322895045229
Tailgating,271.0,202,142.0,motorcycle,Inner,2.902122376316146
Tailgating,271.0,112,214.0,person,Inner,0.4314373909250123
Tailgating,271.0,214,85.0,motorcycle,Inner,2.018507175309934
Tailgating,271.0,85,124.0,motorcycle,Inner,0.12645780122639622
Tailgating,271.0,166,56.0,motorcycle,Inner,1.3683830531139058
Tailgating,271.0,9,82.0,person,Inner,0.19830678912363517
Tailgating,271.0,172,188.0,car,Inner,0.005571144499735041
Tailgating,271.0,188,206.0,car,Inner,3.7103155763359346
Tailgating,271.0,204,203.0,motorcycle,Outer,0.2992788203205103
Tailgating,271.0,130,10.0,car,Outer,0.014102927925315027
Tailgating,272.0,206,44.0,motorcycle,Inner,1.452758642132985
Tailgating,272.0,44,68.0,motorcycle,Inner,0.42197613069071876
Tailgating,272.0,153,193.0,person,Inner,2.0742617899715103
Tailgating,272.0,202,142.0,motorcycle,Inner,2.875610505903717
Tailgating,272.0,112,214.0,person,Inner,0.47689496728656783
Tailgating,272.0,85,124.0,motorcycle,Inner,0.12563736341834078
Tailgating,272.0,166,56.0,motorcycle,Inner,1.3710387221857196
Tailgating,272.0,9,82.0,person,Inner,0.26210246415253485
Tailgating,272.0,172,188.0,car,Inner,0.007728671249544728
Tailgating,272.0,188,206.0,car,Inner,3.733481921312407
Tailgating,272.0,204,203.0,motorcycle,Outer,0.2809167196795524
Tailgating,273.0,206,68.0,motorcycle,Inner,2.0075044922383376
Tailgating,273.0,153,193.0,person,Inner,2.029948103503242
Tailgating,273.0,202,142.0,motorcycle,Inner,2.862177385745514
Tailgating,273.0,112,214.0,person,Inner,0.5243037659897261
Tailgating,273.0,85,124.0,motorcycle,Inner,0.11758582392432788
Tailgating,273.0,166,56.0,motorcycle,Inner,1.3851755534762225
Tailgating,273.0,9,82.0,person,Inner,0.3155189741870056
Tailgating,273.0,188,172.0,car,Inner,0.002014690718502323
Tailgating,273.0,172,206.0,car,Inner,3.7572444014542645
Tailgating,273.0,204,203.0,motorcycle,Outer,0.2758239256905391
Tailgating,274.0,206,68.0,motorcycle,Inner,1.9468195977461729
Tailgating,274.0,153,193.0,person,Inner,1.9857105267307595
Tailgating,274.0,202,142.0,motorcycle,Inner,2.8495283181382867
Tailgating,274.0,112,214.0,person,Inner,0.5702271217790554
Tailgating,274.0,85,124.0,motorcycle,Inner,0.12407367040894787
Tailgating,274.0,166,56.0,motorcycle,Inner,1.3870482406973028
Tailgating,274.0,9,82.0,person,Inner,0.3499491081444776
Tailgating,274.0,188,172.0,car,Inner,0.001969097621186261
Tailgating,274.0,172,206.0,car,Inner,3.780932126792648
Tailgating,274.0,204,203.0,motorcycle,Outer,0.2576251715178129
Tailgating,275.0,206,68.0,motorcycle,Inner,1.8825293026047385
Tailgating,275.0,153,193.0,person,Inner,1.948788323402599
Tailgating,275.0,202,142.0,motorcycle,Inner,2.847393339631736
Tailgating,275.0,112,214.0,person,Inner,0.6172268572457212
Tailgating,275.0,85,124.0,motorcycle,Inner,0.10826796908882984
Tailgating,275.0,166,56.0,motorcycle,Inner,1.3805468537715062
Tailgating,275.0,172,188.0,car,Inner,0.0
Tailgating,275.0,188,206.0,car,Inner,3.8148632310299435
Tailgating,275.0,204,203.0,motorcycle,Outer,0.24482262927559173
Tailgating,276.0,206,68.0,motorcycle,Inner,1.8146170230006444
Tailgating,276.0,153,193.0,person,Inner,1.8977626192301293
Tailgating,276.0,202,142.0,motorcycle,Inner,2.8344544544427954
Tailgating,276.0,142,112.0,person,Inner,0.7514391910061505
Tailgating,276.0,112,214.0,person,Inner,0.6627975547309358
Tailgating,276.0,85,124.0,motorcycle,Inner,0.10792224405441726
Tailgating,276.0,166,56.0,motorcycle,Inner,1.3932731359147357
Tailgating,276.0,172,188.0,car,Inner,0.0
Tailgating,276.0,188,206.0,car,Inner,3.8400218046672627
Tailgating,276.0,204,203.0,motorcycle,Outer,0.23862173197941575
Tailgating,277.0,206,68.0,motorcycle,Inner,1.7546365977858451
Tailgating,277.0,153,193.0,person,Inner,1.8539690659248167
Tailgating,277.0,202,142.0,motorcycle,Inner,2.8348583272810117
Tailgating,277.0,142,112.0,person,Inner,0.6971456126078373
Tailgating,277.0,112,214.0,person,Inner,0.7202320975386326
Tailgating,277.0,214,85.0,motorcycle,Inner,2.0964328242814743
Tailgating,277.0,85,124.0,motorcycle,Inner,0.11153823593273092
Tailgating,277.0,166,56.0,motorcycle,Inner,1.374154724660311
Tailgating,277.0,172,188.0,car,Inner,0.0
Tailgating,277.0,188,206.0,car,Inner,3.874893480451184
Tailgating,277.0,204,203.0,motorcycle,Outer,0.2245464127203653
Tailgating,278.0,206,68.0,motorcycle,Inner,1.709203762435389
Tailgating,278.0,153,193.0,person,Inner,1.8102478502136787
Tailgating,278.0,202,142.0,motorcycle,Inner,2.83542521033258
Tailgating,278.0,142,112.0,person,Inner,0.6429588804372603
Tailgating,278.0,112,214.0,person,Inner,0.7775053351832231
Tailgating,278.0,214,85.0,motorcycle,Inner,2.107321379862053
Tailgating,278.0,166,56.0,motorcycle,Inner,1.3745218554064815
Tailgating,278.0,172,188.0,car,Inner,0.0
Tailgating,278.0,188,206.0,car,Inner,3.899412070440845
Tailgating,278.0,204,203.0,motorcycle,Outer,0.21443592945693432
Tailgating,279.0,206,68.0,motorcycle,Inner,1.6494319062132932
Tailgating,279.0,153,193.0,person,Inner,1.7738697382335848
Tailgating,279.0,202,142.0,motorcycle,Inner,2.820815504007206
Tailgating,279.0,142,112.0,person,Inner,0.577475662613536
Tailgating,279.0,112,214.0,person,Inner,0.8459303958742972
Tailgating,279.0,214,85.0,motorcycle,Inner,2.1042396778412034
Tailgating,279.0,166,56.0,motorcycle,Inner,1.3546283944966684
Tailgating,279.0,172,188.0,car,Inner,0.0
Tailgating,279.0,188,206.0,car,Inner,3.934790154978409
Tailgating,279.0,204,203.0,motorcycle,Outer,0.20031660115692168
Tailgating,280.0,206,68.0,motorcycle,Inner,1.598065885423888
Tailgating,280.0,153,193.0,person,Inner,1.7302376419694054
Tailgating,280.0,202,142.0,motorcycle,Inner,2.81712161839387
Tailgating,280.0,142,112.0,person,Inner,0.5230604783897091
Tailgating,280.0,112,214.0,person,Inner,0.9019944589210557
Tailgating,280.0,214,85.0,motorcycle,Inner,2.1145316763632356
Tailgating,280.0,166,56.0,motorcycle,Inner,1.3560303210266313
Tailgating,280.0,172,188.0,car,Inner,0.009842431916885804
Tailgating,280.0,188,206.0,car,Inner,3.9584148019550134
Tailgating,280.0,204,203.0,motorcycle,Outer,0.19541419180448547
Tailgating,280.0,171,213.0,car,Outer,1.9358073830258749
Tailgating,280.0,213,90.0,person,Outer,2.472998658213612
Tailgating,281.0,206,68.0,motorcycle,Inner,1.5483053138444154
Tailgating,281.0,153,193.0,person,Inner,1.6937302639037048
Tailgating,281.0,202,142.0,motorcycle,Inner,2.801184257543513
Tailgating,281.0,112,214.0,person,Inner,0.9682214703384064
Tailgating,281.0,214,85.0,motorcycle,Inner,2.1023505610664586
Tailgating,281.0,85,124.0,motorcycle,Inner,0.10370588397597844
Tailgating,281.0,166,56.0,motorcycle,Inner,1.3579149209962258
Tailgating,281.0,172,188.0,car,Inner,0.009848122604429039
Tailgating,281.0,188,206.0,car,Inner,3.9941883178472866
Tailgating,281.0,204,203.0,motorcycle,Outer,0.17480557733139265
Tailgating,281.0,171,213.0,car,Outer,1.9587280345949716
Tailgating,281.0,213,90.0,person,Outer,2.4538419893127976
Tailgating,282.0,206,68.0,motorcycle,Inner,1.5024284603262015
Tailgating,282.0,153,193.0,person,Inner,1.65045708870229
Tailgating,282.0,202,142.0,motorcycle,Inner,2.7919373255087394
Tailgating,282.0,112,214.0,person,Inner,1.0244037846501475
Tailgating,282.0,214,85.0,motorcycle,Inner,2.1120225471910135
Tailgating,282.0,85,124.0,motorcycle,Inner,0.09948752361712661
Tailgating,282.0,166,56.0,motorcycle,Inner,1.347292498254264
Tailgating,282.0,172,188.0,car,Inner,0.009853652030212115
Tailgating,282.0,204,203.0,motorcycle,Outer,0.16454630854380356
Tailgating,282.0,171,213.0,car,Outer,1.9749920748956034
Tailgating,282.0,213,90.0,person,Outer,2.446678357218722
Tailgating,283.0,206,68.0,motorcycle,Inner,1.45126303769556
Tailgating,283.0,153,193.0,person,Inner,1.599619712748701
Tailgating,283.0,204,180.0,motorcycle,Inner,0.8249835120236287
Tailgating,283.0,202,142.0,motorcycle,Inner,2.7739784703209116
Tailgating,283.0,112,214.0,person,Inner,1.0700928690527607
Tailgating,283.0,214,85.0,motorcycle,Inner,2.115957611453584
Tailgating,283.0,85,124.0,motorcycle,Inner,0.09995299770606192
Tailgating,283.0,166,56.0,motorcycle,Inner,1.3487403347915943
Tailgating,283.0,172,188.0,car,Inner,0.019715554163884735
Tailgating,283.0,171,213.0,car,Outer,1.9722730419099774
Tailgating,283.0,213,90.0,person,Outer,2.4376903084272703
Tailgating,284.0,206,68.0,motorcycle,Inner,1.4018633207659632
Tailgating,284.0,153,193.0,person,Inner,1.563326737903488
Tailgating,284.0,204,180.0,motorcycle,Inner,0.8325586131276614
Tailgating,284.0,202,142.0,motorcycle,Inner,2.754391788296235
Tailgating,284.0,112,214.0,person,Inner,1.1346894983915272
Tailgating,284.0,214,85.0,motorcycle,Inner,2.1163026775872593
Tailgating,284.0,85,124.0,motorcycle,Inner,0.08807664889462255
Tailgating,284.0,166,56.0,motorcycle,Inner,1.3574218320350508
Tailgating,284.0,53,82.0,person,Inner,0.3710841021576417
Tailgating,284.0,172,188.0,car,Inner,0.019726060579196913
Tailgating,284.0,5,201.0,motorcycle,Outer,1.9139791569486895
Tailgating,284.0,171,213.0,car,Outer,1.9566631386834608
Tailgating,284.0,213,90.0,person,Outer,2.420248209097353
Tailgating,285.0,206,68.0,motorcycle,Inner,1.3464840204415607
Tailgating,285.0,153,193.0,person,Inner,1.5201171857217348
Tailgating,285.0,204,180.0,motorcycle,Inner,0.8394282379575264
Tailgating,285.0,202,142.0,motorcycle,Inner,2.7456904659649823
Tailgating,285.0,112,214.0,person,Inner,1.1800426839747127
Tailgating,285.0,214,85.0,motorcycle,Inner,2.108498556720712
Tailgating,285.0,85,124.0,motorcycle,Inner,0.09206635704358708
Tailgating,285.0,166,56.0,motorcycle,Inner,1.3459459527175341
Tailgating,285.0,53,82.0,person,Inner,0.3084119411661371
Tailgating,285.0,172,188.0,car,Inner,0.019739242345040264
Tailgating,285.0,5,201.0,motorcycle,Outer,1.842259628117447
Tailgating,285.0,171,213.0,car,Outer,1.941037825325729
Tailgating,285.0,213,90.0,person,Outer,2.413052782788843
Tailgating,286.0,206,68.0,motorcycle,Inner,1.2874583294001096
Tailgating,286.0,204,180.0,motorcycle,Inner,0.8471480445557392
Tailgating,286.0,202,142.0,motorcycle,Inner,2.7369950494722217
Tailgating,286.0,112,214.0,person,Inner,1.2247177481438603
Tailgating,286.0,214,85.0,motorcycle,Inner,2.1144678359232127
Tailgating,286.0,85,124.0,motorcycle,Inner,0.08827164140349072
Tailgating,286.0,53,82.0,person,Inner,0.23787242215978652
Tailgating,286.0,172,188.0,car,Inner,0.009873677295402304
Tailgating,286.0,5,201.0,motorcycle,Outer,1.7674096384971472
Tailgating,286.0,171,213.0,car,Outer,1.9220625014564499
Tailgating,286.0,213,90.0,person,Outer,2.412043782280426
Tailgating,287.0,206,68.0,motorcycle,Inner,1.2427929142020784
Tailgating,287.0,204,180.0,motorcycle,Inner,0.8631483082545555
Tailgating,287.0,135,202.0,motorcycle,Inner,2.076685619343971
Tailgating,287.0,202,142.0,motorcycle,Inner,2.7203268960101017
Tailgating,287.0,112,214.0,person,Inner,1.2788393286041388
Tailgating,287.0,214,85.0,motorcycle,Inner,2.1106965958964445
Tailgating,287.0,53,82.0,person,Inner,0.14541140949761105
Tailgating,287.0,172,188.0,car,Inner,0.0015496781536403863
Tailgating,287.0,5,201.0,motorcycle,Outer,1.6962091559714796
Tailgating,287.0,171,213.0,car,Outer,1.8934942044421994
Tailgating,288.0,206,68.0,motorcycle,Inner,1.2024572801229738
Tailgating,288.0,204,180.0,motorcycle,Inner,0.8673098840224464
Tailgating,288.0,135,202.0,motorcycle,Inner,2.152093559244381
Tailgating,288.0,202,142.0,motorcycle,Inner,2.7161706691217673
Tailgating,288.0,112,214.0,person,Inner,1.3127727431550889
Tailgating,288.0,214,85.0,motorcycle,Inner,2.1128745712257104
Tailgating,288.0,53,82.0,person,Inner,0.06831319286333037
Tailgating,288.0,172,188.0,car,Inner,0.001521400731700049
Tailgating,288.0,5,201.0,motorcycle,Outer,1.6302682212944348
Tailgating,288.0,171,213.0,car,Outer,1.8588299849889005
Tailgating,289.0,206,68.0,motorcycle,Inner,1.1522741815983453
Tailgating,289.0,204,180.0,motorcycle,Inner,0.8732325246308119
Tailgating,289.0,135,202.0,motorcycle,Inner,2.194794831603317
Tailgating,289.0,202,142.0,motorcycle,Inner,2.7338532646340674
Tailgating,289.0,214,85.0,motorcycle,Inner,2.109514839081826
Tailgating,289.0,53,32.0,person,Inner,0.4736266129308688
Tailgating,289.0,172,188.0,car,Inner,0.011375278382077768
Tailgating,289.0,5,201.0,motorcycle,Outer,1.5595781337376942
Tailgating,289.0,171,213.0,car,Outer,1.823871779214628
Tailgating,290.0,206,68.0,motorcycle,Inner,1.0991642988954595
Tailgating,290.0,204,180.0,motorcycle,Inner,0.8895511789480429
Tailgating,290.0,135,202.0,motorcycle,Inner,2.2786636941982774
Tailgating,290.0,202,142.0,motorcycle,Inner,2.729420229500033
Tailgating,290.0,214,85.0,motorcycle,Inner,2.116661599340679
Tailgating,290.0,53,32.0,person,Inner,0.4169043484685932
Tailgating,290.0,172,188.0,car,Inner,0.0
Tailgating,290.0,5,201.0,motorcycle,Outer,1.5029989308754728
Tailgating,290.0,171,213.0,car,Outer,1.7541656176968536
Tailgating,291.0,206,68.0,motorcycle,Inner,1.0505682057448091
Tailgating,291.0,204,180.0,motorcycle,Inner,0.902059249218064
Tailgating,291.0,215,160.0,person,Inner,3.3710725568043576
Tailgating,291.0,135,202.0,motorcycle,Inner,2.3246542705939164
Tailgating,291.0,202,142.0,motorcycle,Inner,2.7409773305580343
Tailgating,291.0,214,85.0,motorcycle,Inner,2.11788614966563
Tailgating,291.0,172,188.0,car,Inner,0.0014241059111248086
Tailgating,291.0,171,213.0,car,Outer,1.7067142799590216
Tailgating,292.0,206,68.0,motorcycle,Inner,0.9929613851076768
Tailgating,292.0,204,180.0,motorcycle,Inner,0.9138110197196105
Tailgating,292.0,215,160.0,person,Inner,3.3813530557853806
Tailgating,292.0,202,142.0,motorcycle,Inner,2.7526463847441307
Tailgating,292.0,214,85.0,motorcycle,Inner,2.1323949750021365
Tailgating,292.0,172,188.0,car,Inner,0.0013952831247157045
Tailgating,292.0,171,213.0,car,Outer,1.659005123703959
Tailgating,293.0,206,68.0,motorcycle,Inner,0.9301464768101643
Tailgating,293.0,204,180.0,motorcycle,Inner,0.9117697516065436
Tailgating,293.0,215,160.0,person,Inner,3.392360642337885
Tailgating,293.0,202,142.0,motorcycle,Inner,2.7544078821187674
Tailgating,293.0,214,85.0,motorcycle,Inner,2.126471277314708
Tailgating,293.0,188,172.0,car,Inner,0.008545434458316386
Tailgating,293.0,171,213.0,car,Outer,1.5951488319356102
Tailgating,294.0,206,68.0,motorcycle,Inner,0.8589681133190573
Tailgating,294.0,204,180.0,motorcycle,Inner,0.924444727767681
Tailgating,294.0,135,202.0,motorcycle,Inner,2.3922573086763363
Tailgating,294.0,202,112.0,motorcycle,Inner,2.566618602618283
Tailgating,294.0,214,85.0,motorcycle,Inner,2.1400805807012317
Tailgating,294.0,172,188.0,car,Inner,0.0026573138145532505
Tailgating,294.0,171,213.0,car,Outer,1.5374509398946574
Tailgating,295.0,206,68.0,motorcycle,Inner,0.7978633015838008
Tailgating,295.0,193,204.0,car,Inner,2.5610932853252195
Tailgating,295.0,204,180.0,motorcycle,Inner,0.9363539128743265
Tailgating,295.0,135,202.0,motorcycle,Inner,2.3619222503692843
Tailgating,295.0,202,112.0,motorcycle,Inner,2.5578404157694656
Tailgating,295.0,214,85.0,motorcycle,Inner,2.1424169114332288
Tailgating,295.0,188,172.0,car,Inner,0.007324859883337343
Tailgating,295.0,171,213.0,car,Outer,1.4950805295536544
Tailgating,296.0,206,68.0,motorcycle,Inner,0.7261262875652005
Tailgating,296.0,193,204.0,car,Inner,2.58040884730272
Tailgating,296.0,204,180.0,motorcycle,Inner,0.9491446587825302
Tailgating,296.0,135,202.0,motorcycle,Inner,2.3431534647567105
Tailgating,296.0,202,142.0,motorcycle,Inner,2.7507947419060783
Tailgating,296.0,112,214.0,person,Inner,1.5735041535885412
Tailgating,296.0,214,85.0,motorcycle,Inner,2.144453643833142
Tailgating,296.0,172,188.0,car,Inner,0.0037896320948752117
Tailgating,296.0,171,213.0,car,Outer,1.4627245084583613
Tailgating,297.0,206,68.0,motorcycle,Inner,0.6535316998502128
Tailgating,297.0,193,204.0,car,Inner,2.605454152716839
Tailgating,297.0,204,180.0,motorcycle,Inner,0.9473201703203958
Tailgating,297.0,135,202.0,motorcycle,Inner,2.3112531346227114
Tailgating,297.0,202,112.0,motorcycle,Inner,2.4949416133579847
Tailgating,297.0,112,214.0,person,Inner,1.6379493260663307
Tailgating,297.0,214,85.0,motorcycle,Inner,2.1476946953664875
Tailgating,297.0,188,172.0,car,Inner,0.007461439055672549
Tailgating,297.0,171,213.0,car,Outer,1.4301582048431556
Tailgating,298.0,206,68.0,motorcycle,Inner,0.5864155333167196
Tailgating,298.0,193,204.0,car,Inner,2.627268607024028
Tailgating,298.0,204,180.0,motorcycle,Inner,0.9637514077253511
Tailgating,298.0,112,214.0,person,Inner,1.691802154956864
Tailgating,298.0,214,85.0,motorcycle,Inner,2.1490140500114
Tailgating,298.0,172,188.0,car,Inner,0.0024003417585157713
Tailgating,298.0,5,201.0,motorcycle,Outer,1.484677789391912
Tailgating,298.0,202,142.0,motorcycle,Outer,2.7428439362067554
Tailgating,298.0,171,213.0,car,Outer,1.419670643869799
Tailgating,299.0,206,68.0,motorcycle,Inner,0.5193172590412188
Tailgating,299.0,193,204.0,car,Inner,2.660557070671709
Tailgating,299.0,204,180.0,motorcycle,Inner,0.9580161730404628
Tailgating,299.0,112,142.0,person,Inner,0.12309252257458765
Tailgating,299.0,214,85.0,motorcycle,Inner,2.153127876604929
Tailgating,299.0,188,172.0,car,Inner,0.007592757696707866
Tailgating,299.0,5,201.0,motorcycle,Outer,1.5253416232778674
Tailgating,299.0,171,213.0,car,Outer,1.3869716425352296
Tailgating,300.0,206,68.0,motorcycle,Inner,0.44391075037950306
Tailgating,300.0,193,204.0,car,Inner,2.68550059523819
Tailgating,300.0,204,180.0,motorcycle,Inner,0.9710102794788243
Tailgating,300.0,112,214.0,person,Inner,1.8199352567056837
Tailgating,300.0,214,85.0,motorcycle,Inner,2.151041686818807
Tailgating,300.0,172,188.0,car,Inner,0.0034143568690517545
Tailgating,300.0,5,201.0,motorcycle,Outer,1.5748599328117912
Tailgating,300.0,202,142.0,motorcycle,Outer,2.743591381256192
Tailgating,300.0,171,213.0,car,Outer,1.354146902015906
Tailgating,301.0,206,68.0,motorcycle,Inner,0.37685218272077314
Tailgating,301.0,204,180.0,motorcycle,Inner,0.9840681591118757
Tailgating,301.0,112,214.0,person,Inner,1.8831551469208683
Tailgating,301.0,214,85.0,motorcycle,Inner,2.1645854117757284
Tailgating,301.0,172,188.0,car,Inner,0.0022040684875893213
Tailgating,301.0,5,201.0,motorcycle,Outer,1.6156331348332715
Tailgating,301.0,202,142.0,motorcycle,Outer,2.74929333050279
Tailgating,301.0,171,213.0,car,Outer,1.3405438539557635
Tailgating,302.0,206,68.0,motorcycle,Inner,0.311563754284269
Tailgating,302.0,204,180.0,motorcycle,Inner,1.0006309490003158
Tailgating,302.0,215,160.0,person,Inner,3.3713231723911687
Tailgating,302.0,112,214.0,person,Inner,1.9568103806624981
Tailgating,302.0,214,85.0,motorcycle,Inner,2.152446861081479
Tailgating,302.0,172,188.0,car,Inner,0.00215406566153281
Tailgating,302.0,5,201.0,motorcycle,Outer,1.665292984908849
Tailgating,302.0,202,142.0,motorcycle,Outer,2.756982387459743
Tailgating,302.0,171,213.0,car,Outer,1.3014823635031887
Tailgating,303.0,206,68.0,motorcycle,Inner,0.2362570319148645
Tailgating,303.0,204,180.0,motorcycle,Inner,1.0129644994531997
Tailgating,303.0,112,214.0,person,Inner,2.009747480375015
Tailgating,303.0,214,85.0,motorcycle,Inner,2.1651744615248143
Tailgating,303.0,53,32.0,person,Inner,0.11789704814422224
Tailgating,303.0,172,188.0,car,Inner,0.0010414802417350773
Tailgating,303.0,5,201.0,motorcycle,Outer,1.701181264668037
Tailgating,303.0,202,142.0,motorcycle,Outer,2.776393017110344
Tailgating,303.0,171,213.0,car,Outer,1.2877135094412981
Tailgating,304.0,206,68.0,motorcycle,Inner,0.18396167727490534
Tailgating,304.0,204,180.0,motorcycle,Inner,1.0261964424867862
Tailgating,304.0,71,160.0,car,Inner,0.01712192831583028
Tailgating,304.0,112,214.0,person,Inner,2.0634723038207645
Tailgating,304.0,214,85.0,motorcycle,Inner,2.162054177897133
Tailgating,304.0,53,32.0,person,Inner,0.17747146683900245
Tailgating,304.0,172,188.0,car,Inner,0.00203276419799331
Tailgating,304.0,202,142.0,motorcycle,Outer,2.7861826537367076
Tailgating,304.0,171,213.0,car,Outer,1.2555520596252503
Tailgating,305.0,206,68.0,motorcycle,Inner,0.11252542156568247
Tailgating,305.0,204,180.0,motorcycle,Inner,1.0386593688635763
Tailgating,305.0,71,160.0,car,Inner,0.057545139918044386
Tailgating,305.0,112,214.0,person,Inner,2.106888280739115
Tailgating,305.0,214,85.0,motorcycle,Inner,2.158006702112932
Tailgating,305.0,53,32.0,person,Inner,0.2491163908507021
Tailgating,305.0,188,172.0,car,Inner,0.007977315981058828
Tailgating,305.0,202,142.0,motorcycle,Outer,2.7943966789092807
Tailgating,305.0,171,213.0,car,Outer,1.2353560838762676
Tailgating,305.0,213,90.0,person,Outer,2.3264142677497133
Tailgating,306.0,206,68.0,motorcycle,Inner,0.060321425541620975
Tailgating,306.0,204,180.0,motorcycle,Inner,1.0520272218253406
Tailgating,306.0,180,215.0,person,Inner,3.9793813736903805
Tailgating,306.0,71,160.0,car,Inner,0.09769012457501938
Tailgating,306.0,112,214.0,person,Inner,2.1504326629003656
Tailgating,306.0,214,85.0,motorcycle,Inner,2.1600102339649987
Tailgating,306.0,53,32.0,person,Inner,0.29854151033477644
Tailgating,306.0,188,172.0,car,Inner,0.0080280495638492
Tailgating,306.0,202,142.0,motorcycle,Outer,2.8044509493274488
Tailgating,306.0,171,213.0,car,Outer,1.2094205289472457
Tailgating,307.0,206,68.0,motorcycle,Inner,0.0034862560126280805
Tailgating,307.0,204,180.0,motorcycle,Inner,1.072994918042889
Tailgating,307.0,180,215.0,person,Inner,3.950369712985367
Tailgating,307.0,71,160.0,car,Inner,0.13093538905027832
Tailgating,307.0,112,214.0,person,Inner,2.1841339144261673
Tailgating,307.0,214,85.0,motorcycle,Inner,2.1648839350694375
Tailgating,307.0,53,32.0,person,Inner,0.3715988297199983
Tailgating,307.0,188,172.0,car,Inner,0.009016572154714844
Tailgating,307.0,202,142.0,motorcycle,Outer,2.8130127826399693
Tailgating,307.0,171,213.0,car,Outer,1.1992066756108386
Tailgating,308.0,206,193.0,motorcycle,Inner,3.220090011408084
Tailgating,308.0,204,180.0,motorcycle,Inner,1.0865070774935548
Tailgating,308.0,180,215.0,person,Inner,3.9103653461557046
Tailgating,308.0,71,160.0,car,Inner,0.17058335126507443
Tailgating,308.0,214,85.0,motorcycle,Inner,2.1658546229891957
Tailgating,308.0,53,32.0,person,Inner,0.503460363485271
Tailgating,308.0,188,172.0,car,Inner,0.019916869215271315
Tailgating,308.0,202,142.0,motorcycle,Outer,2.832916309392058
Tailgating,308.0,171,213.0,car,Outer,1.1829508798654287
Tailgating,309.0,206,193.0,motorcycle,Inner,3.173808887030567
Tailgating,309.0,204,180.0,motorcycle,Inner,1.1084659811143895
Tailgating,309.0,180,215.0,person,Inner,3.869866772349519
Tailgating,309.0,71,160.0,car,Inner,0.20996719824998739
Tailgating,309.0,214,85.0,motorcycle,Inner,2.1634033852248304
Tailgating,309.0,53,32.0,person,Inner,0.610007808920896
Tailgating,309.0,188,172.0,car,Inner,0.009961012828273254
Tailgating,309.0,202,142.0,motorcycle,Outer,2.844078591842747
Tailgating,309.0,171,213.0,car,Outer,1.175627992213732
Tailgating,310.0,206,193.0,motorcycle,Inner,3.121750227001105
Tailgating,310.0,204,180.0,motorcycle,Inner,1.12540307909926
Tailgating,310.0,180,215.0,person,Inner,3.8295360439272454
Tailgating,310.0,71,160.0,car,Inner,0.24258880701875662
Tailgating,310.0,112,214.0,person,Inner,2.2854820593767156
Tailgating,310.0,214,85.0,motorcycle,Inner,2.1605536762464834
Tailgating,310.0,188,172.0,car,Inner,0.019926838658903125
Tailgating,310.0,202,142.0,motorcycle,Outer,2.8546236260913327
Tailgating,310.0,171,213.0,car,Outer,1.1622660718061804
Tailgating,311.0,206,193.0,motorcycle,Inner,3.055643318112171
Tailgating,311.0,204,180.0,motorcycle,Inner,1.1391157683889386
Tailgating,311.0,180,215.0,person,Inner,3.789032129953485
Tailgating,311.0,214,85.0,motorcycle,Inner,2.1668844617304694
Tailgating,311.0,53,32.0,person,Inner,0.6923923682969539
Tailgating,311.0,188,172.0,car,Inner,0.03986488063344027
Tailgating,311.0,202,142.0,motorcycle,Outer,2.8757807245511624
Tailgating,311.0,171,213.0,car,Outer,1.144655673088725
Tailgating,312.0,206,193.0,motorcycle,Inner,3.0038863284692807
Tailgating,312.0,204,180.0,motorcycle,Inner,1.1488294346155234
Tailgating,312.0,180,215.0,person,Inner,3.7485046336017103
Tailgating,312.0,214,85.0,motorcycle,Inner,2.163014683362892
Tailgating,312.0,53,32.0,person,Inner,0.7406732369924475
Tailgating,312.0,202,142.0,motorcycle,Outer,2.885067053741764
Tailgating,312.0,171,213.0,car,Outer,1.1311978870722785
Tailgating,312.0,170,19.0,car,Outer,2.301000495341608
Tailgating,312.0,188,172.0,car,Outer,0.029905466696940233
Tailgating,313.0,206,193.0,motorcycle,Inner,2.9380146567774745
Tailgating,313.0,204,180.0,motorcycle,Inner,1.1575350170015544
Tailgating,313.0,180,215.0,person,Inner,3.70764236682255
Tailgating,313.0,214,85.0,motorcycle,Inner,2.1590922491315707
Tailgating,313.0,53,32.0,person,Inner,0.794624081940385
Tailgating,313.0,202,142.0,motorcycle,Outer,2.900868733223639
Tailgating,313.0,171,213.0,car,Outer,1.1163199251954643
Tailgating,313.0,170,19.0,car,Outer,2.473866958970429
Tailgating,313.0,188,172.0,car,Outer,0.03988267380501955
Tailgating,314.0,206,193.0,motorcycle,Inner,2.8780776889634017
Tailgating,314.0,204,180.0,motorcycle,Inner,1.163079399702384
Tailgating,314.0,180,215.0,person,Inner,3.6665954390125517
Tailgating,314.0,214,85.0,motorcycle,Inner,2.1575554476851466
Tailgating,314.0,202,142.0,motorcycle,Outer,2.9194707494640992
Tailgating,314.0,171,213.0,car,Outer,1.1046695854374642
Tailgating,314.0,170,19.0,car,Outer,2.6623977354219344
Tailgating,314.0,188,172.0,car,Outer,0.02991824647386023
Tailgating,315.0,206,193.0,motorcycle,Inner,2.8348271762968045
Tailgating,315.0,204,180.0,motorcycle,Inner,1.1718390155998764
Tailgating,315.0,180,215.0,person,Inner,3.6253598750492295
Tailgating,315.0,214,85.0,motorcycle,Inner,2.15889899149827
Tailgating,315.0,202,142.0,motorcycle,Outer,2.929265030813662
Tailgating,315.0,171,213.0,car,Outer,1.1115576691807538
Tailgating,315.0,170,19.0,car,Outer,2.8579644941443476
Tailgating,315.0,188,172.0,car,Outer,0.040609097408192726
Tailgating,315.0,172,98.0,car,Outer,3.9975609016257883
Tailgating,316.0,206,193.0,motorcycle,Inner,2.7669830118051517
Tailgating,316.0,204,180.0,motorcycle,Inner,1.1690760108811082
Tailgating,316.0,180,215.0,person,Inner,3.5836821568359833
Tailgating,316.0,214,85.0,motorcycle,Inner,2.1498713302700816
Tailgating,316.0,202,142.0,motorcycle,Outer,2.9172792127688068
Tailgating,316.0,124,234.0,motorcycle,Outer,0.535540364511997
Tailgating,316.0,235,171.0,motorcycle,Outer,0.12692994209458336
Tailgating,316.0,171,213.0,car,Outer,1.0859182721849778
Tailgating,316.0,170,19.0,car,Outer,3.0553849332188854
Tailgating,316.0,188,172.0,car,Outer,0.039905425228723625
Tailgating,317.0,206,193.0,motorcycle,Inner,2.7098336934938105
Tailgating,317.0,204,180.0,motorcycle,Inner,1.1817873883135273
Tailgating,317.0,180,215.0,person,Inner,3.5515937536480084
Tailgating,317.0,214,85.0,motorcycle,Inner,2.1568094115003285
Tailgating,317.0,202,142.0,motorcycle,Outer,2.9192283073906182
Tailgating,317.0,235,171.0,motorcycle,Outer,0.14333037463495452
Tailgating,317.0,171,213.0,car,Outer,1.060074530407524
Tailgating,317.0,170,19.0,car,Outer,3.259756861795781
Tailgating,317.0,188,172.0,car,Outer,0.019955706410198632
Tailgating,318.0,206,193.0,motorcycle,Inner,2.650522999060359
Tailgating,318.0,204,180.0,motorcycle,Inner,1.1852601986670406
Tailgating,318.0,180,215.0,person,Inner,3.520597458732437
Tailgating,318.0,71,160.0,car,Inner,0.2344786717306563
Tailgating,318.0,214,85.0,motorcycle,Inner,2.1476122411511556
Tailgating,318.0,202,142.0,motorcycle,Outer,2.9012646197857435
Tailgating,318.0,171,213.0,car,Outer,1.0472752202693973
Tailgating,318.0,170,19.0,car,Outer,3.455421168402366
Tailgating,318.0,172,188.0,car,Outer,0.0
Tailgating,319.0,206,193.0,motorcycle,Inner,2.5830516698523227
Tailgating,319.0,204,180.0,motorcycle,Inner,1.1841906798720523
Tailgating,319.0,180,215.0,person,Inner,3.4889028689374935
Tailgating,319.0,214,85.0,motorcycle,Inner,2.1405699662927145
Tailgating,319.0,31,9.0,person,Inner,0.7274985569038306
Tailgating,319.0,202,142.0,motorcycle,Outer,2.8741877234724447
Tailgating,319.0,235,171.0,motorcycle,Outer,0.18494993846180577
Tailgating,319.0,171,213.0,car,Outer,1.021029690455611
Tailgating,319.0,170,19.0,car,Outer,3.5103649760824114
Tailgating,319.0,172,188.0,car,Outer,0.0
Tailgating,320.0,206,193.0,motorcycle,Inner,2.5178437846266233
Tailgating,320.0,204,180.0,motorcycle,Inner,1.1930060960130704
Tailgating,320.0,180,215.0,person,Inner,3.446753119969866
Tailgating,320.0,214,85.0,motorcycle,Inner,2.142766019064799
Tailgating,320.0,202,142.0,motorcycle,Outer,2.875645350850838
Tailgating,320.0,235,171.0,motorcycle,Outer,0.2070752620499432
Tailgating,320.0,171,213.0,car,Outer,0.9973427254007797
Tailgating,320.0,172,188.0,car,Outer,0.0
Tailgating,321.0,206,193.0,motorcycle,Inner,2.4448019641386636
Tailgating,321.0,193,204.0,car,Inner,3.139612653351128
Tailgating,321.0,204,180.0,motorcycle,Inner,1.2218227920548013
Tailgating,321.0,180,215.0,person,Inner,3.3931431036161155
Tailgating,321.0,214,85.0,motorcycle,Inner,2.141312445724106
Tailgating,321.0,9,82.0,person,Inner,0.8354872073253881
Tailgating,321.0,202,142.0,motorcycle,Outer,2.894434234410099
Tailgating,321.0,235,171.0,motorcycle,Outer,0.22937008531056904
Tailgating,321.0,171,213.0,car,Outer,0.9706446155738498
Tailgating,321.0,172,188.0,car,Outer,0.00998242703528163
Tailgating,322.0,206,193.0,motorcycle,Inner,2.3634766032620096
Tailgating,322.0,193,204.0,car,Inner,3.174290001742673
Tailgating,322.0,204,180.0,motorcycle,Inner,1.2306820155413756
Tailgating,322.0,180,215.0,person,Inner,3.35054321926877
Tailgating,322.0,214,85.0,motorcycle,Inner,2.129194210792109
Tailgating,322.0,9,82.0,person,Inner,0.8822481765279131
Tailgating,322.0,202,142.0,motorcycle,Outer,2.902723011664369
Tailgating,322.0,235,171.0,motorcycle,Outer,0.2433911538374055
Tailgating,322.0,171,213.0,car,Outer,0.947058862948497
Tailgating,322.0,172,188.0,car,Outer,0.00998364329245658
Tailgating,323.0,206,193.0,motorcycle,Inner,2.282240871091587
Tailgating,323.0,193,204.0,car,Inner,3.200091300860398
Tailgating,323.0,204,180.0,motorcycle,Inner,1.2480482389211733
Tailgating,323.0,180,215.0,person,Inner,3.3077222847834222
Tailgating,323.0,214,85.0,motorcycle,Inner,2.12673350811733
Tailgating,323.0,9,82.0,person,Inner,0.928910772390512
Tailgating,323.0,202,142.0,motorcycle,Outer,2.918542940330518
Tailgating,323.0,235,171.0,motorcycle,Outer,0.24762303128499916
Tailgating,323.0,171,213.0,car,Outer,0.919163742903389
Tailgating,323.0,172,188.0,car,Outer,0.00998483866591577
Tailgating,324.0,206,193.0,motorcycle,Inner,2.2116042201484554
Tailgating,324.0,193,204.0,car,Inner,3.2352722877933693
Tailgating,324.0,204,180.0,motorcycle,Inner,1.2648269255493445
Tailgating,324.0,180,215.0,person,Inner,3.2536281090265793
Tailgating,324.0,214,85.0,motorcycle,Inner,2.116690044699946
Tailgating,324.0,202,142.0,motorcycle,Outer,2.9513272268166717
Tailgating,324.0,235,171.0,motorcycle,Outer,0.24352742685241577
Tailgating,324.0,171,213.0,car,Outer,0.8852452856289302
Tailgating,324.0,172,188.0,car,Outer,0.0
Tailgating,325.0,206,193.0,motorcycle,Inner,2.13831329623061
Tailgating,325.0,193,204.0,car,Inner,3.2609266488036273
Tailgating,325.0,204,180.0,motorcycle,Inner,1.2822915901406544
Tailgating,325.0,180,215.0,person,Inner,3.210310234815512
Tailgating,325.0,214,85.0,motorcycle,Inner,2.113212933663314
Tailgating,325.0,202,142.0,motorcycle,Outer,2.9809105185587113
Tailgating,325.0,235,171.0,motorcycle,Outer,0.2508692435550226
Tailgating,325.0,171,213.0,car,Outer,0.8458549174599085
Tailgating,325.0,172,188.0,car,Outer,0.0
Tailgating,326.0,206,193.0,motorcycle,Inner,2.0572788175215866
Tailgating,326.0,193,204.0,car,Inner,3.3016317592696383
Tailgating,326.0,204,180.0,motorcycle,Inner,1.2992616297919923
Tailgating,326.0,180,215.0,person,Inner,3.155627029378478
Tailgating,326.0,214,85.0,motorcycle,Inner,2.1092524821740857
Tailgating,326.0,98,5.0,car,Outer,2.2031168298136943
Tailgating,326.0,5,201.0,motorcycle,Outer,1.5920006259195545
Tailgating,326.0,202,142.0,motorcycle,Outer,3.0020463245579085
Tailgating,326.0,55,57.0,motorcycle,Outer,1.6417276548048385
Tailgating,326.0,235,171.0,motorcycle,Outer,0.25139785099127493
Tailgating,326.0,171,213.0,car,Outer,0.8097864929082506
Tailgating,326.0,188,172.0,car,Outer,0.010467770142579961
Tailgating,327.0,206,193.0,motorcycle,Inner,1.984035654266195
Tailgating,327.0,193,204.0,car,Inner,3.3271408879701654
Tailgating,327.0,214,85.0,motorcycle,Inner,2.101405870536192
Tailgating,327.0,5,201.0,motorcycle,Outer,1.530874116730334
Tailgating,327.0,202,142.0,motorcycle,Outer,2.9973392996079053
Tailgating,327.0,235,171.0,motorcycle,Outer,0.24745963450609296
Tailgating,327.0,171,213.0,car,Outer,0.7789137518506322
Tailgating,327.0,188,172.0,car,Outer,0.00998989922284732
Tailgating,328.0,206,193.0,motorcycle,Inner,1.9193183081319292
Tailgating,328.0,214,85.0,motorcycle,Inner,2.0964582944320798
Tailgating,328.0,5,201.0,motorcycle,Outer,1.4696101528311494
Tailgating,328.0,202,142.0,motorcycle,Outer,2.963730188607299
Tailgating,328.0,235,171.0,motorcycle,Outer,0.25576393948744996
Tailgating,328.0,171,213.0,car,Outer,0.75318296554622
Tailgating,328.0,188,172.0,car,Outer,0.01041984639327926
Tailgating,329.0,206,193.0,motorcycle,Inner,1.8546391460498322
Tailgating,329.0,193,204.0,car,Inner,3.385718479780914
Tailgating,329.0,214,85.0,motorcycle,Inner,2.0981709066802914
Tailgating,329.0,98,5.0,car,Outer,2.309793783088934
Tailgating,329.0,5,201.0,motorcycle,Outer,1.4140483040029104
Tailgating,329.0,202,142.0,motorcycle,Outer,2.903890802829567
Tailgating,329.0,124,234.0,motorcycle,Outer,0.7577493005261308
Tailgating,329.0,235,171.0,motorcycle,Outer,0.2573510570963444
Tailgating,329.0,171,213.0,car,Outer,0.7280508141575036
Tailgating,329.0,213,231.0,person,Outer,2.321425881385355
Tailgating,329.0,188,172.0,car,Outer,0.010400701219153046
Tailgating,330.0,206,193.0,motorcycle,Inner,1.7794297818487554
Tailgating,330.0,193,204.0,car,Inner,3.4200231678488002
Tailgating,330.0,214,85.0,motorcycle,Inner,2.0816850348361764
Tailgating,330.0,5,201.0,motorcycle,Outer,1.344874652102961
Tailgating,330.0,202,142.0,motorcycle,Outer,2.8651795257658184
Tailgating,330.0,124,234.0,motorcycle,Outer,0.7652565328238111
Tailgating,330.0,235,171.0,motorcycle,Outer,0.2719174167253642
Tailgating,330.0,171,213.0,car,Outer,0.6979909264471259
Tailgating,330.0,213,231.0,person,Outer,2.3249408848770745
Tailgating,330.0,188,172.0,car,Outer,0.010381619478734611
Tailgating,331.0,206,193.0,motorcycle,Inner,1.7071811128381211
Tailgating,331.0,193,204.0,car,Inner,3.446078797754552
Tailgating,331.0,214,85.0,motorcycle,Inner,2.0825058398772205
Tailgating,331.0,5,201.0,motorcycle,Outer,1.284296174982745
Tailgating,331.0,202,142.0,motorcycle,Outer,2.806565302429759
Tailgating,331.0,124,234.0,motorcycle,Outer,0.7783095823399633
Tailgating,331.0,235,171.0,motorcycle,Outer,0.2765929725241183
Tailgating,331.0,171,213.0,car,Outer,0.6923500521056505
Tailgating,331.0,213,90.0,person,Outer,2.290034693024888
Tailgating,331.0,188,172.0,car,Outer,0.009993180680868168
Tailgating,332.0,206,193.0,motorcycle,Inner,1.6320220151508946
Tailgating,332.0,193,204.0,car,Inner,3.4866857396178736
Tailgating,332.0,214,85.0,motorcycle,Inner,2.0649127920008103
Tailgating,332.0,5,201.0,motorcycle,Outer,1.2208612417714528
Tailgating,332.0,202,142.0,motorcycle,Outer,2.759433020386989
Tailgating,332.0,124,234.0,motorcycle,Outer,0.8087711740100287
Tailgating,332.0,235,171.0,motorcycle,Outer,0.2913202934705972
Tailgating,332.0,171,213.0,car,Outer,0.6704435087506515
Tailgating,332.0,213,90.0,person,Outer,2.2754979529911243
Tailgating,332.0,188,172.0,car,Outer,0.009993887501865677
Tailgating,333.0,206,193.0,motorcycle,Inner,1.549287567375402
Tailgating,333.0,193,204.0,car,Inner,3.518218027347054
Tailgating,333.0,214,85.0,motorcycle,Inner,2.069059425075342
Tailgating,333.0,171,56.0,car,Inner,3.17020841006929
Tailgating,333.0,202,142.0,motorcycle,Outer,2.7114373714015954
Tailgating,333.0,55,57.0,motorcycle,Outer,1.702164194243423
Tailgating,333.0,124,234.0,motorcycle,Outer,0.8442324263809968
Tailgating,333.0,235,213.0,motorcycle,Outer,1.0650641794056037
Tailgating,333.0,188,172.0,car,Outer,0.0003345407436373692
Tailgating,334.0,206,193.0,motorcycle,Inner,1.468551655561365
Tailgating,334.0,193,204.0,car,Inner,3.552398465820752
Tailgating,334.0,214,85.0,motorcycle,Inner,2.050236955387165
Tailgating,334.0,171,56.0,car,Inner,3.166283200977016
Tailgating,334.0,202,142.0,motorcycle,Outer,2.6843442785839873
Tailgating,334.0,124,234.0,motorcycle,Outer,0.8879129608548614
Tailgating,334.0,235,213.0,motorcycle,Outer,1.060991035540644
Tailgating,334.0,188,172.0,car,Outer,0.00032435411857256155
Tailgating,335.0,206,193.0,motorcycle,Inner,1.40208333479039
Tailgating,335.0,193,204.0,car,Inner,3.5874809390148017
Tailgating,335.0,214,85.0,motorcycle,Inner,2.0491605947106826
Tailgating,335.0,171,56.0,car,Inner,3.162013872635829
Tailgating,335.0,53,32.0,person,Inner,0.9855742438503333
Tailgating,335.0,202,142.0,motorcycle,Outer,2.666370685463323
Tailgating,335.0,124,234.0,motorcycle,Outer,0.9357476002804579
Tailgating,335.0,235,213.0,motorcycle,Outer,1.0442674847103894
Tailgating,335.0,188,172.0,car,Outer,0.000304989878569777
Tailgating,336.0,206,193.0,motorcycle,Inner,1.3149193081347252
Tailgating,336.0,193,204.0,car,Inner,3.6201393024276896
Tailgating,336.0,214,85.0,motorcycle,Inner,2.037421612926904
Tailgating,336.0,171,56.0,car,Inner,3.156163112320299
Tailgating,336.0,53,32.0,person,Inner,0.955608489700141
Tailgating,336.0,226,203.0,person,Outer,1.8732838488897696
Tailgating,336.0,202,142.0,motorcycle,Outer,2.6294270433942915
Tailgating,336.0,124,234.0,motorcycle,Outer,0.9785345043339699
Tailgating,336.0,235,213.0,motorcycle,Outer,1.0304336980839384
Tailgating,336.0,172,188.0,car,Outer,0.0
Tailgating,337.0,214,85.0,motorcycle,Inner,2.0277506271594237
Tailgating,337.0,171,56.0,car,Inner,3.1502258675812462
Tailgating,337.0,53,32.0,person,Inner,0.920578778249283
Tailgating,337.0,206,201.0,motorcycle,Outer,0.5248548335446234
Tailgating,337.0,226,203.0,person,Outer,1.8843385645344688
Tailgating,337.0,202,142.0,motorcycle,Outer,2.601709965337648
Tailgating,337.0,124,234.0,motorcycle,Outer,1.0342198135768275
Tailgating,337.0,235,213.0,motorcycle,Outer,1.0040196259594751
Tailgating,337.0,188,172.0,car,Outer,0.00026632723390409473
Tailgating,338.0,214,85.0,motorcycle,Inner,2.0142213854392725
Tailgating,338.0,171,56.0,car,Inner,3.142770176623662
Tailgating,338.0,53,32.0,person,Inner,0.8866440605480416
Tailgating,338.0,206,201.0,motorcycle,Outer,0.4879763519902672
Tailgating,338.0,226,203.0,person,Outer,1.8954143975309317
Tailgating,338.0,202,142.0,motorcycle,Outer,2.5561450103165404
Tailgating,338.0,55,57.0,motorcycle,Outer,1.6606698098614177
Tailgating,338.0,124,234.0,motorcycle,Outer,1.0753872200480883
Tailgating,338.0,235,213.0,motorcycle,Outer,0.9899983281097093
Tailgating,338.0,172,188.0,car,Outer,0.0
Tailgating,339.0,112,214.0,person,Inner,3.1416399547562643
Tailgating,339.0,214,85.0,motorcycle,Inner,2.056867403208391
Tailgating,339.0,171,56.0,car,Inner,3.144141271465172
Tailgating,339.0,53,32.0,person,Inner,0.8462258133221973
Tailgating,339.0,206,201.0,motorcycle,Outer,0.4432174645273528
Tailgating,339.0,226,203.0,person,Outer,1.9087840436139458
Tailgating,339.0,202,142.0,motorcycle,Outer,2.5221600529316563
Tailgating,339.0,55,57.0,motorcycle,Outer,1.6131725371537253
Tailgating,339.0,124,234.0,motorcycle,Outer,1.1216774870192723
Tailgating,339.0,235,213.0,motorcycle,Outer,0.9855073017867311
Tailgating,339.0,172,188.0,car,Outer,0.009997498212111452
Tailgating,340.0,112,214.0,person,Inner,3.441078439677031
Tailgating,340.0,214,85.0,motorcycle,Inner,2.11830904660002
Tailgating,340.0,171,56.0,car,Inner,3.116817043087606
Tailgating,340.0,31,138.0,person,Inner,0.18075977109613506
Tailgating,340.0,53,32.0,person,Inner,0.8387308163957454
Tailgating,340.0,206,201.0,motorcycle,Outer,0.4132789442528015
Tailgating,340.0,226,203.0,person,Outer,1.9199107687833872
Tailgating,340.0,202,142.0,motorcycle,Outer,2.497696822262543
Tailgating,340.0,55,57.0,motorcycle,Outer,1.5562582010170822
Tailgating,340.0,235,213.0,motorcycle,Outer,0.9771640986820399
Tailgating,340.0,172,188.0,car,Outer,0.03999338811724821
Tailgating,340.0,188,98.0,car,Outer,3.96045025291124
Tailgating,341.0,112,214.0,person,Inner,3.7359271264600262
Tailgating,341.0,214,85.0,motorcycle,Inner,2.21284190583783
Tailgating,341.0,171,56.0,car,Inner,3.1075666915186093
Tailgating,341.0,31,138.0,person,Inner,0.5548276717540453
Tailgating,341.0,53,32.0,person,Inner,0.8066510802012304
Tailgating,341.0,206,201.0,motorcycle,Outer,0.37390605302020385
Tailgating,341.0,226,203.0,person,Outer,1.9280115535502926
Tailgating,341.0,202,142.0,motorcycle,Outer,2.465800073865777
Tailgating,341.0,55,57.0,motorcycle,Outer,1.489971983203816
Tailgating,341.0,235,213.0,motorcycle,Outer,0.9531019816798486
Tailgating,341.0,170,19.0,car,Outer,3.4500121430045128
Tailgating,341.0,172,188.0,car,Outer,0.06984235325699535
Tailgating,341.0,188,98.0,car,Outer,3.9243638021923855
Tailgating,342.0,160,135.0,motorcycle,Inner,1.7762071891412379
Tailgating,342.0,214,85.0,motorcycle,Inner,2.3029118421482835
Tailgating,342.0,171,56.0,car,Inner,3.090872811065534
Tailgating,342.0,31,138.0,person,Inner,0.9370624256937191
Tailgating,342.0,53,32.0,person,Inner,0.7665404768927494
Tailgating,342.0,206,201.0,motorcycle,Outer,0.3413761826777934
Tailgating,342.0,226,203.0,person,Outer,1.9282688646476338
Tailgating,342.0,202,142.0,motorcycle,Outer,2.4430090485889466
Tailgating,342.0,55,57.0,motorcycle,Outer,1.423808636110514
Tailgating,342.0,235,213.0,motorcycle,Outer,0.9444395669066665
Tailgating,342.0,170,19.0,car,Outer,3.4797946522803826
Tailgating,342.0,172,188.0,car,Outer,0.08987120799131529
Tailgating,342.0,188,98.0,car,Outer,3.9020743413087833
Tailgating,343.0,160,135.0,motorcycle,Inner,1.8326327164453715
Tailgating,343.0,214,85.0,motorcycle,Inner,2.3978858461565107
Tailgating,343.0,171,56.0,car,Inner,3.072763727678195
Tailgating,343.0,31,138.0,person,Inner,1.3499337374231435
Tailgating,343.0,53,32.0,person,Inner,0.7404026115677744
Tailgating,343.0,206,201.0,motorcycle,Outer,0.30261353739266933
Tailgating,343.0,226,203.0,person,Outer,1.9315629926984235
Tailgating,343.0,202,142.0,motorcycle,Outer,2.4279562038932365
Tailgating,343.0,55,57.0,motorcycle,Outer,1.3483441797576938
Tailgating,343.0,235,213.0,motorcycle,Outer,0.9204062248944813
Tailgating,343.0,170,19.0,car,Outer,3.504109102124579
Tailgating,343.0,188,98.0,car,Outer,3.887192674625034
Tailgating,344.0,214,85.0,motorcycle,Inner,2.49536645782076
Tailgating,344.0,171,56.0,car,Inner,3.0553067148801203
Tailgating,344.0,31,33.0,person,Inner,0.26465606296425026
Tailgating,344.0,53,32.0,person,Inner,0.7268284208371754
Tailgating,344.0,206,201.0,motorcycle,Outer,0.2634497293707805
Tailgating,344.0,202,142.0,motorcycle,Outer,2.44134654655266
Tailgating,344.0,55,57.0,motorcycle,Outer,1.3012607344174376
Tailgating,344.0,235,213.0,motorcycle,Outer,0.908504291657422
Tailgating,344.0,170,19.0,car,Outer,3.53858457213072
Tailgating,345.0,214,85.0,motorcycle,Inner,2.5811653980717164
Tailgating,345.0,171,56.0,car,Inner,3.0374239489835486
Tailgating,345.0,31,33.0,person,Inner,0.7666368741954542
Tailgating,345.0,5,206.0,motorcycle,Outer,0.9238289196807864
Tailgating,345.0,206,201.0,motorcycle,Outer,0.21008670805509272
Tailgating,345.0,112,202.0,person,Outer,0.9785620539730955
Tailgating,345.0,202,142.0,motorcycle,Outer,2.4607935019714002
Tailgating,345.0,124,234.0,motorcycle,Outer,1.1858025146510773
Tailgating,345.0,235,213.0,motorcycle,Outer,0.8866201568906231
Tailgating,345.0,170,19.0,car,Outer,3.5692799842945324
Tailgating,346.0,193,204.0,car,Inner,3.944117584187187
Tailgating,346.0,214,85.0,motorcycle,Inner,2.5907036424647387
Tailgating,346.0,171,56.0,car,Inner,3.0284801646408743
Tailgating,346.0,31,33.0,person,Inner,1.0398850075486232
Tailgating,346.0,53,32.0,person,Inner,0.7165031238600947
Tailgating,346.0,188,98.0,car,Outer,3.8870974820758804
Tailgating,346.0,98,5.0,car,Outer,2.2020742953192385
Tailgating,346.0,206,201.0,motorcycle,Outer,0.15554853374099256
Tailgating,346.0,235,213.0,motorcycle,Outer,0.8743714788090222
Tailgating,346.0,170,19.0,car,Outer,3.5998630629935526
Tailgating,347.0,193,204.0,car,Inner,3.9807593678300477
Tailgating,347.0,214,85.0,motorcycle,Inner,2.5759674766091143
Tailgating,347.0,171,56.0,car,Inner,3.0097738348797565
Tailgating,347.0,82,53.0,person,Inner,0.657139867319476
Tailgating,347.0,53,32.0,person,Inner,0.6992264706958986
Tailgating,347.0,188,98.0,car,Outer,3.8960232430098687
Tailgating,347.0,98,5.0,car,Outer,2.1681981552526532
Tailgating,347.0,206,201.0,motorcycle,Outer,0.10567863675112031
Tailgating,347.0,235,213.0,motorcycle,Outer,0.8457353533523646
Tailgating,347.0,170,19.0,car,Outer,3.6275394572810846
Tailgating,347.0,172,188.0,car,Outer,0.13000523077638643
Tailgating,348.0,160,135.0,motorcycle,Inner,1.8069806381861344
Tailgating,348.0,214,85.0,motorcycle,Inner,2.5237754943059687
Tailgating,348.0,171,56.0,car,Inner,2.999220478209362
Tailgating,348.0,82,53.0,person,Inner,0.6916578641547816
Tailgating,348.0,53,32.0,person,Inner,0.742059933658341
Tailgating,348.0,172,188.0,car,Outer,0.1100650990469679
Tailgating,348.0,188,98.0,car,Outer,3.8808546559965142
Tailgating,348.0,98,5.0,car,Outer,2.1329410093418426
Tailgating,348.0,206,201.0,motorcycle,Outer,0.04877156774719563
Tailgating,348.0,55,57.0,motorcycle,Outer,1.295395709036188
Tailgating,348.0,235,213.0,motorcycle,Outer,0.8331512492774067
Tailgating,349.0,160,135.0,motorcycle,Inner,1.7633316140605344
Tailgating,349.0,214,85.0,motorcycle,Inner,2.435157622215285
Tailgating,349.0,171,56.0,car,Inner,2.98917783854265
Tailgating,349.0,82,53.0,person,Inner,0.7241311060357901
Tailgating,349.0,53,32.0,person,Inner,0.7871770041306896
Tailgating,349.0,172,188.0,car,Outer,0.09999136514407084
Tailgating,349.0,188,98.0,car,Outer,3.847918615333254
Tailgating,349.0,98,5.0,car,Outer,2.1119960713143398
Tailgating,349.0,206,226.0,motorcycle,Outer,2.955926428627152
Tailgating,349.0,235,213.0,motorcycle,Outer,0.8084020755147983
Tailgating,350.0,160,135.0,motorcycle,Inner,1.7198381391843804
Tailgating,350.0,214,85.0,motorcycle,Inner,2.317118229733972
Tailgating,350.0,171,56.0,car,Inner,2.98958360571568
Tailgating,350.0,82,53.0,person,Inner,0.7407671093741675
Tailgating,350.0,53,32.0,person,Inner,0.8349088076584101
Tailgating,350.0,188,98.0,car,Outer,3.823306026898212
Tailgating,350.0,98,5.0,car,Outer,2.072716079578156
Tailgating,350.0,206,226.0,motorcycle,Outer,2.8983981123892204
Tailgating,350.0,124,234.0,motorcycle,Outer,1.302615344459231
Tailgating,350.0,235,213.0,motorcycle,Outer,0.7835605318456271
Tailgating,351.0,204,215.0,motorcycle,Inner,3.9860702381716666
Tailgating,351.0,214,85.0,motorcycle,Inner,2.1996004641765055
Tailgating,351.0,171,56.0,car,Inner,2.9700002613165766
Tailgating,351.0,53,32.0,person,Inner,0.8627836024756579
Tailgating,351.0,188,98.0,car,Outer,3.787734713590324
Tailgating,351.0,206,226.0,motorcycle,Outer,2.8627453311455993
Tailgating,351.0,55,57.0,motorcycle,Outer,1.3802511295227804
Tailgating,351.0,124,234.0,motorcycle,Outer,1.3311688203518317
Tailgating,351.0,235,213.0,motorcycle,Outer,0.7515740285175886
Tailgating,352.0,204,215.0,motorcycle,Inner,3.91594819065303
Tailgating,352.0,214,85.0,motorcycle,Inner,2.0539055730692684
Tailgating,352.0,171,56.0,car,Inner,2.9587532328036787
Tailgating,352.0,188,98.0,car,Outer,3.766445563357747
Tailgating,352.0,206,226.0,motorcycle,Outer,2.819783242208674
Tailgating,352.0,55,57.0,motorcycle,Outer,1.4179872156297182
Tailgating,352.0,124,234.0,motorcycle,Outer,1.351798209818856
Tailgating,352.0,235,213.0,motorcycle,Outer,0.7267703422444173
Tailgating,352.0,53,24.0,person,Outer,2.7207491625857307
Tailgating,353.0,204,215.0,motorcycle,Inner,3.8448290941288636
Tailgating,353.0,214,85.0,motorcycle,Inner,1.966025623491867
Tailgating,353.0,171,56.0,car,Inner,2.9471329527064714
Tailgating,353.0,206,226.0,motorcycle,Outer,2.769893963368751
Tailgating,353.0,55,57.0,motorcycle,Outer,1.4617420495581348
Tailgating,353.0,235,213.0,motorcycle,Outer,0.708090160074452
Tailgating,353.0,53,24.0,person,Outer,2.7156066113804416
Tailgating,354.0,204,215.0,motorcycle,Inner,3.7736089432268916
Tailgating,354.0,214,85.0,motorcycle,Inner,1.84315422781872
Tailgating,354.0,171,56.0,car,Inner,2.9352397602481566
Tailgating,354.0,206,226.0,motorcycle,Outer,2.726613534601483
Tailgating,354.0,55,57.0,motorcycle,Outer,1.4995831277554084
Tailgating,354.0,235,213.0,motorcycle,Outer,0.6804336172986846
Tailgating,355.0,204,215.0,motorcycle,Inner,3.6916606120186897
Tailgating,355.0,135,112.0,motorcycle,Inner,2.2990699090904196
Tailgating,355.0,214,85.0,motorcycle,Inner,1.7758710855798265
Tailgating,355.0,171,56.0,car,Inner,2.9130411720217393
Tailgating,355.0,206,226.0,motorcycle,Outer,2.6907236330335436
Tailgating,355.0,235,213.0,motorcycle,Outer,0.6487646910079128
Tailgating,356.0,204,215.0,motorcycle,Inner,3.620270091234559
Tailgating,356.0,135,112.0,motorcycle,Inner,2.361794629638449
Tailgating,356.0,171,56.0,car,Inner,2.8994238333179174
Tailgating,356.0,206,226.0,motorcycle,Outer,2.6407247428012615
Tailgating,356.0,235,213.0,motorcycle,Outer,0.6153332081496203
Tailgating,356.0,213,231.0,person,Outer,2.1574331642832543
Tailgating,357.0,204,215.0,motorcycle,Inner,3.5391117273577866
Tailgating,357.0,135,112.0,motorcycle,Inner,2.416087626421337
Tailgating,357.0,171,56.0,car,Inner,2.875634211348534
Tailgating,357.0,206,226.0,motorcycle,Outer,2.6126375198086027
Tailgating,357.0,142,17.0,person,Outer,2.208310658988125
Tailgating,357.0,235,213.0,motorcycle,Outer,0.5805056333973767
Tailgating,357.0,213,231.0,person,Outer,2.1526577923127768
Tailgating,358.0,135,112.0,motorcycle,Inner,2.477898100050543
Tailgating,358.0,171,56.0,car,Inner,2.8619692964907464
Tailgating,358.0,206,226.0,motorcycle,Outer,2.570449416198173
Tailgating,358.0,142,17.0,person,Outer,2.2077411445583555
Tailgating,358.0,55,57.0,motorcycle,Outer,1.3954905965942181
Tailgating,358.0,235,213.0,motorcycle,Outer,0.5557434346197654
Tailgating,359.0,193,226.0,car,Inner,2.6362238672306475
Tailgating,359.0,135,112.0,motorcycle,Inner,2.536002414060286
Tailgating,359.0,171,56.0,car,Inner,2.847037391330382
Tailgating,359.0,235,213.0,motorcycle,Outer,0.5218134910237335
Tailgating,360.0,193,226.0,car,Inner,2.6761456350555837
Tailgating,360.0,135,112.0,motorcycle,Inner,2.592580867183807
Tailgating,360.0,171,56.0,car,Inner,2.822548785157667
Tailgating,360.0,235,213.0,motorcycle,Outer,0.49950708965005625
Tailgating,361.0,193,226.0,car,Inner,2.7153513457703298
Tailgating,361.0,171,56.0,car,Inner,2.7969648576962567
Tailgating,361.0,235,213.0,motorcycle,Outer,0.4770902921405489
Tailgating,362.0,193,226.0,car,Inner,2.748162635815504
Tailgating,362.0,171,56.0,car,Inner,2.771487409162575
Tailgating,362.0,55,57.0,motorcycle,Outer,1.508746457432082
Tailgating,362.0,235,213.0,motorcycle,Outer,0.4626148979184725
Tailgating,363.0,193,226.0,car,Inner,2.794971926423098
Tailgating,363.0,171,56.0,car,Inner,2.7449584264461264
Tailgating,363.0,55,57.0,motorcycle,Outer,1.5690742526534116
Tailgating,363.0,235,213.0,motorcycle,Outer,0.441196460818071
Tailgating,364.0,193,226.0,car,Inner,2.8206080662703203
Tailgating,364.0,71,160.0,car,Inner,0.22680340400265092
Tailgating,364.0,135,112.0,motorcycle,Inner,2.5445745455734605
Tailgating,364.0,171,56.0,car,Inner,2.7179612402442843
Tailgating,364.0,55,57.0,motorcycle,Outer,1.6354650602970486
Tailgating,364.0,235,213.0,motorcycle,Outer,0.4262873345256116
Tailgating,365.0,193,226.0,car,Inner,2.8520619705504404
Tailgating,365.0,71,160.0,car,Inner,0.18056576001654503
Tailgating,365.0,135,112.0,motorcycle,Inner,2.4832899358414506
Tailgating,365.0,171,56.0,car,Inner,2.6804032927511754
Tailgating,365.0,55,57.0,motorcycle,Outer,1.7080345853048284
Tailgating,365.0,124,234.0,motorcycle,Outer,1.3831009562244958
Tailgating,365.0,235,213.0,motorcycle,Outer,0.4172702418415942
Tailgating,366.0,193,226.0,car,Inner,2.8856513381867415
Tailgating,366.0,71,160.0,car,Inner,0.15543522051075606
Tailgating,366.0,135,112.0,motorcycle,Inner,2.4071695231200216
Tailgating,366.0,171,56.0,car,Inner,2.6524937811309175
Tailgating,366.0,98,5.0,car,Outer,1.6211759252548639
Tailgating,366.0,124,234.0,motorcycle,Outer,1.3929728182093983
Tailgating,366.0,235,213.0,motorcycle,Outer,0.38903411496712254
Tailgating,367.0,193,226.0,car,Inner,2.9180946746487093
Tailgating,367.0,135,112.0,motorcycle,Inner,2.335599876812901
Tailgating,367.0,171,56.0,car,Inner,2.6141010058855563
Tailgating,367.0,98,5.0,car,Outer,1.574318996261819
Tailgating,367.0,124,234.0,motorcycle,Outer,1.3984654234870666
Tailgating,367.0,235,213.0,motorcycle,Outer,0.3710136700458226
Tailgating,368.0,193,226.0,car,Inner,2.943076718302587
Tailgating,368.0,135,112.0,motorcycle,Inner,2.283002297649409
Tailgating,368.0,171,56.0,car,Inner,2.5852485318362297
Tailgating,368.0,98,5.0,car,Outer,1.5358809168031837
Tailgating,368.0,235,213.0,motorcycle,Outer,0.34995479221607073
Tailgating,369.0,193,226.0,car,Inner,2.967975847523866
Tailgating,369.0,171,56.0,car,Inner,2.5554793237651787
Tailgating,369.0,98,5.0,car,Outer,1.4793679377995497
Tailgating,369.0,235,213.0,motorcycle,Outer,0.31215275918265434
Tailgating,370.0,193,226.0,car,Inner,3.0000743294293177
Tailgating,370.0,171,56.0,car,Inner,2.5053576536676156
Tailgating,370.0,98,5.0,car,Outer,1.4288681219783321
Tailgating,370.0,235,213.0,motorcycle,Outer,0.27944417926284937
Tailgating,371.0,193,226.0,car,Inner,3.0246366576627657
Tailgating,371.0,71,160.0,car,Inner,0.1718746604793908
Tailgating,371.0,171,56.0,car,Inner,2.4749867623613477
Tailgating,371.0,98,5.0,car,Outer,1.3652229664397666
Tailgating,371.0,5,201.0,motorcycle,Outer,1.2203671886835328
Tailgating,371.0,124,234.0,motorcycle,Outer,1.4186894547415907
Tailgating,371.0,235,213.0,motorcycle,Outer,0.23650769954056988
Tailgating,372.0,193,226.0,car,Inner,3.0573472263569736
Tailgating,372.0,71,160.0,car,Inner,0.21898779889417852
Tailgating,372.0,171,56.0,car,Inner,2.433258429950951
Tailgating,372.0,98,5.0,car,Outer,1.2944050397423306
Tailgating,372.0,5,201.0,motorcycle,Outer,1.2546390328495058
Tailgating,372.0,124,234.0,motorcycle,Outer,1.4238466113988426
Tailgating,372.0,235,213.0,motorcycle,Outer,0.19059209397554627
Tailgating,372.0,53,24.0,person,Outer,2.4405172864425806
Tailgating,373.0,193,226.0,car,Inner,3.082928117638272
Tailgating,373.0,71,160.0,car,Inner,0.25135335560117733
Tailgating,373.0,135,112.0,motorcycle,Inner,2.2007926829739968
Tailgating,373.0,171,56.0,car,Inner,2.4015718418223653
Tailgating,373.0,124,234.0,motorcycle,Outer,1.4103749546235167
Tailgating,373.0,235,213.0,motorcycle,Outer,0.15575608621073422
Tailgating,374.0,193,226.0,car,Inner,3.1218205124129708
Tailgating,374.0,135,112.0,motorcycle,Inner,2.1925993854097263
Tailgating,374.0,171,56.0,car,Inner,2.3493003323248995
Tailgating,374.0,124,234.0,motorcycle,Outer,1.3978145377695077
Tailgating,374.0,235,213.0,motorcycle,Outer,0.12352876021058802
Tailgating,374.0,53,24.0,person,Outer,2.3898695609124307
Tailgating,375.0,193,226.0,car,Inner,3.138846227714319
Tailgating,375.0,171,56.0,car,Inner,2.3167509055784827
Tailgating,375.0,9,244.0,person,Inner,0.9354866033445162
Tailgating,375.0,124,234.0,motorcycle,Outer,1.3906968099809982
Tailgating,375.0,235,213.0,motorcycle,Outer,0.09667922874400696
Tailgating,375.0,53,24.0,person,Outer,2.357816350915139
Tailgating,376.0,193,226.0,car,Inner,3.1775808885422965
Tailgating,376.0,235,171.0,motorcycle,Inner,0.8114612771831284
Tailgating,376.0,171,56.0,car,Inner,2.2739150473013634
Tailgating,376.0,9,244.0,person,Inner,0.9936293225518492
Tailgating,376.0,124,234.0,motorcycle,Outer,1.3823126895594886
Tailgating,377.0,193,226.0,car,Inner,3.194391697287237
Tailgating,377.0,135,112.0,motorcycle,Inner,2.0388304606698897
Tailgating,377.0,235,171.0,motorcycle,Inner,0.8334328499543291
Tailgating,377.0,171,56.0,car,Inner,2.2307456691719625
Tailgating,377.0,124,234.0,motorcycle,Outer,1.361839825295767
Tailgating,378.0,193,226.0,car,Inner,3.2245429603321587
Tailgating,378.0,235,171.0,motorcycle,Inner,0.856327798079016
Tailgating,378.0,171,56.0,car,Inner,2.1869743534870265
Tailgating,378.0,9,244.0,person,Inner,1.0732199050515254
Tailgating,378.0,5,201.0,motorcycle,Outer,1.1796511279539994
Tailgating,378.0,124,234.0,motorcycle,Outer,1.3631340183504579
Tailgating,379.0,193,226.0,car,Inner,3.2485654260038683
Tailgating,379.0,235,171.0,motorcycle,Inner,0.8809952728282139
Tailgating,379.0,171,56.0,car,Inner,2.1427619650213385
Tailgating,379.0,9,244.0,person,Inner,1.1243879662241707
Tailgating,379.0,5,201.0,motorcycle,Outer,1.1309947116800085
Tailgating,379.0,124,234.0,motorcycle,Outer,1.3545898980524471
Tailgating,380.0,193,226.0,car,Inner,3.2853021188703226
Tailgating,380.0,235,171.0,motorcycle,Inner,0.8959104823965538
Tailgating,380.0,171,56.0,car,Inner,2.098100642077456
Tailgating,380.0,9,244.0,person,Inner,1.1754577469201841
Tailgating,380.0,98,5.0,car,Outer,1.158682565845433
Tailgating,380.0,201,206.0,person,Outer,1.4429790429816987
Tailgating,381.0,193,226.0,car,Inner,3.3175927177657316
Tailgating,381.0,235,171.0,motorcycle,Inner,0.9208639565370189
Tailgating,381.0,171,56.0,car,Inner,2.052957686534339
Tailgating,381.0,9,244.0,person,Inner,1.2118996113837712
Tailgating,381.0,98,5.0,car,Outer,1.128315418934643
Tailgating,382.0,193,226.0,car,Inner,3.3405389450042704
Tailgating,382.0,235,171.0,motorcycle,Inner,0.9375872704932936
Tailgating,382.0,171,56.0,car,Inner,2.016681035931755
Tailgating,382.0,98,5.0,car,Outer,1.097911376082549
Tailgating,383.0,193,226.0,car,Inner,3.385309475655265
Tailgating,383.0,235,171.0,motorcycle,Inner,0.9524180784048196
Tailgating,383.0,171,56.0,car,Inner,1.9704597432716175
Tailgating,384.0,193,226.0,car,Inner,3.437535908064074
Tailgating,384.0,235,171.0,motorcycle,Inner,0.9778060085295144
Tailgating,384.0,171,56.0,car,Inner,1.9238056244996444
Tailgating,385.0,193,226.0,car,Inner,3.46950908107331
Tailgating,385.0,135,112.0,motorcycle,Inner,2.008079701167659
Tailgating,385.0,235,171.0,motorcycle,Inner,0.9949588207367704
Tailgating,385.0,171,56.0,car,Inner,1.876658941224213
Tailgating,385.0,213,231.0,person,Outer,1.979140530677454
Tailgating,386.0,193,226.0,car,Inner,3.513942621070438
Tailgating,386.0,235,171.0,motorcycle,Inner,1.0104156879144985
Tailgating,386.0,171,56.0,car,Inner,1.8289844771945163
Tailgating,387.0,193,226.0,car,Inner,3.5514523110403444
Tailgating,387.0,135,112.0,motorcycle,Inner,2.0544435845046327
Tailgating,387.0,235,171.0,motorcycle,Inner,1.0278827748583552
Tailgating,387.0,171,56.0,car,Inner,1.7899451161231186
Tailgating,388.0,193,226.0,car,Inner,3.5823802359660215
Tailgating,388.0,135,112.0,motorcycle,Inner,2.0911288174805263
Tailgating,388.0,235,171.0,motorcycle,Inner,1.0437951506064227
Tailgating,388.0,171,56.0,car,Inner,1.7318124898894192
Tailgating,389.0,193,226.0,car,Inner,3.6283045527001248
Tailgating,389.0,135,112.0,motorcycle,Inner,2.1320738835422377
Tailgating,389.0,235,171.0,motorcycle,Inner,1.0604822015557038
Tailgating,389.0,171,56.0,car,Inner,1.6828405413717387
Tailgating,390.0,193,226.0,car,Inner,3.665607914361007
Tailgating,390.0,235,171.0,motorcycle,Inner,1.089183862289719
Tailgating,390.0,171,56.0,car,Inner,1.6212447270005763
Tailgating,391.0,193,226.0,car,Inner,3.6972079491677916
Tailgating,391.0,235,171.0,motorcycle,Inner,1.1073728500498123
Tailgating,391.0,171,56.0,car,Inner,1.5708157291622598
Tailgating,391.0,55,57.0,motorcycle,Outer,1.6602996375564993
Tailgating,392.0,193,226.0,car,Inner,3.7351346017635207
Tailgating,392.0,235,171.0,motorcycle,Inner,1.137996198645034
Tailgating,392.0,171,56.0,car,Inner,1.4998125285224302
Tailgating,392.0,98,5.0,car,Outer,0.7819761832438265
Tailgating,392.0,55,57.0,motorcycle,Outer,1.606830304556838
Tailgating,393.0,193,226.0,car,Inner,3.7643382445675795
Tailgating,393.0,235,56.0,motorcycle,Inner,3.0345837943635265
Tailgating,393.0,98,5.0,car,Outer,0.7432072595274172
Tailgating,393.0,55,57.0,motorcycle,Outer,1.5405063754747668
Tailgating,394.0,193,226.0,car,Inner,3.794128319967422
Tailgating,394.0,135,112.0,motorcycle,Inner,2.0312307793901687
Tailgating,394.0,235,56.0,motorcycle,Inner,2.9974530908574692
Tailgating,394.0,98,5.0,car,Outer,0.7000506777084918
Tailgating,394.0,55,57.0,motorcycle,Outer,1.464858036744433
Tailgating,395.0,193,226.0,car,Inner,3.831643368719185
Tailgating,395.0,135,112.0,motorcycle,Inner,1.9672597376419836
Tailgating,395.0,235,56.0,motorcycle,Inner,2.960038796406815
Tailgating,395.0,98,5.0,car,Outer,0.6612805168443353
Tailgating,395.0,55,57.0,motorcycle,Outer,1.389370555865654
Tailgating,396.0,193,226.0,car,Inner,3.860672413716521
Tailgating,396.0,135,112.0,motorcycle,Inner,1.8988295927771774
Tailgating,396.0,235,56.0,motorcycle,Inner,2.922336430638227
Tailgating,396.0,98,5.0,car,Outer,0.6181769960320378
Tailgating,396.0,55,57.0,motorcycle,Outer,1.3140443106966968
Tailgating,397.0,193,226.0,car,Inner,3.8899424804131297
Tailgating,397.0,135,112.0,motorcycle,Inner,1.815098096088678
Tailgating,397.0,235,56.0,motorcycle,Inner,2.88434140510605
Tailgating,397.0,98,5.0,car,Outer,0.5751153230673629
Tailgating,397.0,55,57.0,motorcycle,Outer,1.257655647417337
Tailgating,398.0,193,226.0,car,Inner,3.9183883261913066
Tailgating,398.0,135,112.0,motorcycle,Inner,1.759697620542862
Tailgating,398.0,235,56.0,motorcycle,Inner,2.8353372649710886
Tailgating,398.0,98,5.0,car,Outer,0.5350695329021145
Tailgating,398.0,55,57.0,motorcycle,Outer,1.2294954422714366
Tailgating,399.0,193,226.0,car,Inner,3.9530725635079076
Tailgating,399.0,235,56.0,motorcycle,Inner,2.8066196469107276
Tailgating,399.0,98,5.0,car,Outer,0.4962983474660004
Tailgating,400.0,193,226.0,car,Inner,3.948823746107421
Tailgating,400.0,226,203.0,person,Inner,1.9772680947225376
Tailgating,400.0,235,56.0,motorcycle,Inner,2.7676327440601383
Tailgating,400.0,98,5.0,car,Outer,0.4533131218072022
Tailgating,401.0,193,226.0,car,Inner,3.966665793364432
Tailgating,401.0,226,203.0,person,Inner,1.9876948196593993
Tailgating,401.0,235,56.0,motorcycle,Inner,2.738894147318373
Tailgating,401.0,98,5.0,car,Outer,0.41037083084823833
Tailgating,402.0,193,226.0,car,Inner,3.984112707492266
Tailgating,402.0,226,203.0,person,Inner,1.9981640449278186
Tailgating,402.0,235,56.0,motorcycle,Inner,2.6991597785638315
Tailgating,402.0,98,5.0,car,Outer,0.37687751430802713
Tailgating,402.0,237,213.0,motorcycle,Outer,1.7991839108173804
Tailgating,403.0,193,226.0,car,Inner,3.9930957906000155
Tailgating,403.0,226,203.0,person,Inner,2.0136551317840286
Tailgating,403.0,235,56.0,motorcycle,Inner,2.658825369886344
Tailgating,403.0,98,5.0,car,Outer,0.3368613474969653
Tailgating,403.0,55,57.0,motorcycle,Outer,1.2518717246938469
Tailgating,403.0,237,213.0,motorcycle,Outer,1.7700344273448383
Tailgating,404.0,226,203.0,person,Inner,2.024238841677038
Tailgating,404.0,235,56.0,motorcycle,Inner,2.628644551628089
Tailgating,404.0,55,57.0,motorcycle,Outer,1.3176294577580194
Tailgating,404.0,237,213.0,motorcycle,Outer,1.7403105936647019
Tailgating,405.0,226,203.0,person,Inner,2.036679727670473
Tailgating,405.0,235,56.0,motorcycle,Inner,2.577434823661592
Tailgating,405.0,55,57.0,motorcycle,Outer,1.3929323909374567
Tailgating,405.0,237,213.0,motorcycle,Outer,1.7153780245031551
Tailgating,406.0,226,203.0,person,Inner,2.026628083317609
Tailgating,406.0,235,56.0,motorcycle,Inner,2.5257031023978302
Tailgating,406.0,244,32.0,person,Inner,2.209056472487737
Tailgating,406.0,55,57.0,motorcycle,Outer,1.4778406036068856
Tailgating,406.0,237,213.0,motorcycle,Outer,1.700209997888669
Tailgating,407.0,235,56.0,motorcycle,Inner,2.463281922631633
Tailgating,407.0,244,32.0,person,Inner,2.177845892699084
Tailgating,407.0,98,5.0,car,Outer,0.20436738792902417
Tailgating,407.0,55,57.0,motorcycle,Outer,1.5345590085825962
Tailgating,407.0,237,213.0,motorcycle,Outer,1.6823059425529634
Tailgating,408.0,235,56.0,motorcycle,Inner,2.4108966321653575
Tailgating,408.0,98,5.0,car,Outer,0.1709747287648626
Tailgating,408.0,55,57.0,motorcycle,Outer,1.5629520263273966
Tailgating,408.0,237,213.0,motorcycle,Outer,1.6763624407618098
Tailgating,409.0,235,56.0,motorcycle,Inner,2.3475699286190634
Tailgating,409.0,98,5.0,car,Outer,0.1322498595147415
Tailgating,409.0,55,57.0,motorcycle,Outer,1.6292899144753625
Tailgating,409.0,237,213.0,motorcycle,Outer,1.6703642285993334
Tailgating,410.0,235,56.0,motorcycle,Inner,2.2846192379618477
Tailgating,410.0,98,5.0,car,Outer,0.09351615605642531
Tailgating,410.0,237,213.0,motorcycle,Outer,1.6669809031854028
Tailgating,411.0,226,203.0,person,Inner,1.9632715817934951
Tailgating,411.0,235,56.0,motorcycle,Inner,2.2415036244410924
Tailgating,411.0,98,5.0,car,Outer,0.050125447707322926
Tailgating,411.0,237,213.0,motorcycle,Outer,1.6519455720324978
Tailgating,412.0,226,203.0,person,Inner,1.97729751072241
Tailgating,412.0,235,56.0,motorcycle,Inner,2.1877502863289457
Tailgating,412.0,98,5.0,car,Outer,0.011395929817962034
Tailgating,412.0,237,213.0,motorcycle,Outer,1.64576431524244
Tailgating,413.0,226,203.0,person,Inner,1.976419730604943
Tailgating,413.0,235,56.0,motorcycle,Inner,2.153718161383313
Tailgating,413.0,237,213.0,motorcycle,Outer,1.6309835026117694
Tailgating,414.0,226,203.0,person,Inner,1.9959947361148027
Tailgating,414.0,235,56.0,motorcycle,Inner,2.119207418343865
Tailgating,414.0,237,213.0,motorcycle,Outer,1.61432266300756
Tailgating,415.0,226,203.0,person,Inner,1.9993864233600411
Tailgating,415.0,235,56.0,motorcycle,Inner,2.084210614263949
Tailgating,415.0,55,57.0,motorcycle,Outer,1.7018576456120365
Tailgating,415.0,237,213.0,motorcycle,Outer,1.6020209456855428
Tailgating,416.0,226,203.0,person,Inner,2.010419997695874
Tailgating,416.0,235,56.0,motorcycle,Inner,2.0383201046602726
Tailgating,416.0,5,98.0,motorcycle,Outer,0.19762229195020736
Tailgating,416.0,237,213.0,motorcycle,Outer,1.5736064278700752
Tailgating,417.0,226,203.0,person,Inner,2.0234014823594526
Tailgating,417.0,235,56.0,motorcycle,Inner,2.0022911177416143
Tailgating,417.0,237,213.0,motorcycle,Outer,1.5554274298859472
Tailgating,418.0,226,203.0,person,Inner,2.03494522335675
Tailgating,418.0,235,56.0,motorcycle,Inner,1.9754731623546296
Tailgating,418.0,237,213.0,motorcycle,Outer,1.543193789267003
Tailgating,419.0,226,203.0,person,Inner,2.058851231745849
Tailgating,419.0,235,56.0,motorcycle,Inner,1.9481572041218302
Tailgating,419.0,237,213.0,motorcycle,Outer,1.5365706365683658
Tailgating,420.0,226,203.0,person,Inner,2.0771355478580937
Tailgating,420.0,235,56.0,motorcycle,Inner,1.910606811505138
Tailgating,420.0,5,98.0,motorcycle,Outer,0.4944856986876086
Tailgating,420.0,237,213.0,motorcycle,Outer,1.5341686930030862
Tailgating,421.0,226,203.0,person,Inner,2.088691514725403
Tailgating,421.0,235,56.0,motorcycle,Inner,1.871842014272656
Tailgating,421.0,237,213.0,motorcycle,Outer,1.5124133997898432
Tailgating,422.0,226,203.0,person,Inner,2.0927041334220293
Tailgating,422.0,235,56.0,motorcycle,Inner,1.8236585172289537
Tailgating,422.0,237,213.0,motorcycle,Outer,1.5125652184371672
Tailgating,422.0,213,90.0,person,Outer,1.6491645269655135
Tailgating,423.0,226,203.0,person,Inner,2.0901241477417978
Tailgating,423.0,203,254.0,motorcycle,Inner,1.1687546018869541
Tailgating,423.0,71,160.0,car,Inner,0.24945568524735678
Tailgating,423.0,235,56.0,motorcycle,Inner,1.7741436949257123
Tailgating,423.0,237,213.0,motorcycle,Outer,1.502438984885693
Tailgating,423.0,213,90.0,person,Outer,1.6421766398031916
Tailgating,424.0,226,203.0,person,Inner,2.0949822032541907
Tailgating,424.0,203,254.0,motorcycle,Inner,1.2086799472222685
Tailgating,424.0,71,160.0,car,Inner,0.23166043304243797
Tailgating,424.0,235,56.0,motorcycle,Inner,1.7263007899229517
Tailgating,424.0,55,57.0,motorcycle,Outer,1.6766365905552914
Tailgating,424.0,237,213.0,motorcycle,Outer,1.4831861554275003
Tailgating,424.0,213,90.0,person,Outer,1.636667611984524
Tailgating,425.0,226,203.0,person,Inner,2.1006225778266834
Tailgating,425.0,203,254.0,motorcycle,Inner,1.2306331972469489
Tailgating,425.0,71,160.0,car,Inner,0.22207440747365662
Tailgating,425.0,235,56.0,motorcycle,Inner,1.6682779003799706
Tailgating,425.0,55,57.0,motorcycle,Outer,1.6197014550443103
Tailgating,425.0,237,213.0,motorcycle,Outer,1.4665052650954045
Tailgating,426.0,226,203.0,person,Inner,2.0844714118911214
Tailgating,426.0,203,254.0,motorcycle,Inner,1.269191526805605
Tailgating,426.0,71,160.0,car,Inner,0.2044447956799124
Tailgating,426.0,235,56.0,motorcycle,Inner,1.619246595359231
Tailgating,426.0,98,260.0,car,Outer,3.938323942227684
Tailgating,426.0,55,57.0,motorcycle,Outer,1.5437812869282213
Tailgating,426.0,237,213.0,motorcycle,Outer,1.456278745980812
Tailgating,427.0,226,203.0,person,Inner,2.0681329163596445
Tailgating,427.0,203,254.0,motorcycle,Inner,1.3156290931230277
Tailgating,427.0,71,160.0,car,Inner,0.1863334338878835
Tailgating,427.0,235,56.0,motorcycle,Inner,1.5604830837116912
Tailgating,427.0,98,260.0,car,Outer,3.8978262755919943
Tailgating,427.0,55,57.0,motorcycle,Outer,1.4552438306864026
Tailgating,427.0,237,213.0,motorcycle,Outer,1.4296269277934928
Tailgating,428.0,203,254.0,motorcycle,Inner,1.3476045441140176
Tailgating,428.0,71,160.0,car,Inner,0.16765992126706208
Tailgating,428.0,235,56.0,motorcycle,Inner,1.5113570976542485
Tailgating,428.0,98,260.0,car,Outer,3.8281242010156915
Tailgating,428.0,55,57.0,motorcycle,Outer,1.3797987594552372
Tailgating,428.0,237,213.0,motorcycle,Outer,1.4003097297113163
Tailgating,429.0,226,203.0,person,Inner,2.0722757588956715
Tailgating,429.0,203,254.0,motorcycle,Inner,1.3706825749222953
Tailgating,429.0,215,71.0,person,Inner,3.1256328682474734
Tailgating,429.0,71,160.0,car,Inner,0.14178566780562854
Tailgating,429.0,235,56.0,motorcycle,Inner,1.453092872390515
Tailgating,429.0,98,260.0,car,Outer,3.749344152592147
Tailgating,429.0,55,262.0,motorcycle,Outer,1.762152501580626
Tailgating,429.0,237,213.0,motorcycle,Outer,1.3683290913602761
Tailgating,430.0,226,203.0,person,Inner,2.0630632260421553
Tailgating,430.0,203,254.0,motorcycle,Inner,1.4062715367351724
Tailgating,430.0,235,56.0,motorcycle,Inner,1.4013951800914377
Tailgating,430.0,98,260.0,car,Outer,3.692585574799247
Tailgating,430.0,55,262.0,motorcycle,Outer,1.6726206603118485
Tailgating,430.0,237,213.0,motorcycle,Outer,1.3418124171062038
Tailgating,431.0,226,203.0,person,Inner,2.061049311492781
Tailgating,431.0,203,254.0,motorcycle,Inner,1.446105519480477
Tailgating,431.0,215,71.0,person,Inner,3.100727601520936
Tailgating,431.0,235,56.0,motorcycle,Inner,1.350497112916051
Tailgating,431.0,98,260.0,car,Outer,3.636164516347437
Tailgating,431.0,55,262.0,motorcycle,Outer,1.6011749180105532
Tailgating,431.0,237,213.0,motorcycle,Outer,1.3253303186211216
Tailgating,432.0,226,203.0,person,Inner,2.080199904236553
Tailgating,432.0,203,254.0,motorcycle,Inner,1.4583653998407302
Tailgating,432.0,215,71.0,person,Inner,3.0814763817515476
Tailgating,432.0,235,56.0,motorcycle,Inner,1.2966170662345213
Tailgating,432.0,98,260.0,car,Outer,3.587431086120154
Tailgating,432.0,55,262.0,motorcycle,Outer,1.5261432053303257
Tailgating,432.0,237,213.0,motorcycle,Outer,1.2960478140990088
Tailgating,433.0,226,203.0,person,Inner,2.076841864880773
Tailgating,433.0,203,254.0,motorcycle,Inner,1.498192910212262
Tailgating,433.0,215,71.0,person,Inner,3.0636050040809746
Tailgating,433.0,235,56.0,motorcycle,Inner,1.2397189080160391
Tailgating,433.0,98,260.0,car,Outer,3.546569773352987
Tailgating,433.0,55,262.0,motorcycle,Outer,1.4816582231269344
Tailgating,433.0,237,213.0,motorcycle,Outer,1.2765402094320106
Tailgating,434.0,226,203.0,person,Inner,2.0675138049763824
Tailgating,434.0,203,254.0,motorcycle,Inner,1.5433962066299802
Tailgating,434.0,215,71.0,person,Inner,3.0455176221123654
Tailgating,434.0,235,56.0,motorcycle,Inner,1.1847711398374858
Tailgating,434.0,98,260.0,car,Outer,3.4885894157865636
Tailgating,434.0,55,262.0,motorcycle,Outer,1.4468176530731136
Tailgating,434.0,237,213.0,motorcycle,Outer,1.269836340133065
Tailgating,435.0,226,203.0,person,Inner,2.0722229985624914
Tailgating,435.0,203,254.0,motorcycle,Inner,1.5696037373255736
Tailgating,435.0,235,56.0,motorcycle,Inner,1.1366031799942637
Tailgating,435.0,98,260.0,car,Outer,3.4316303091603064
Tailgating,435.0,55,262.0,motorcycle,Outer,1.3935915656254645
Tailgating,435.0,237,213.0,motorcycle,Outer,1.2555415560858136
Tailgating,436.0,203,254.0,motorcycle,Inner,1.6193771778460138
Tailgating,436.0,235,56.0,motorcycle,Inner,1.0773783820758804
Tailgating,436.0,98,260.0,car,Outer,3.373740611583543
Tailgating,436.0,237,213.0,motorcycle,Outer,1.2485592493524056
Tailgating,437.0,203,254.0,motorcycle,Inner,1.6566106138763443
Tailgating,437.0,235,56.0,motorcycle,Inner,1.0278766693644517
Tailgating,437.0,98,260.0,car,Outer,3.346872238931845
Tailgating,437.0,237,213.0,motorcycle,Outer,1.24400652871527
Tailgating,437.0,231,86.0,car,Outer,0.6220955116991648
Tailgating,438.0,203,254.0,motorcycle,Inner,1.6884409955802018
Tailgating,438.0,235,56.0,motorcycle,Inner,0.9599612260158185
Tailgating,438.0,237,213.0,motorcycle,Outer,1.236091878037481
Tailgating,438.0,231,90.0,car,Outer,0.009961436755241911
Tailgating,439.0,203,254.0,motorcycle,Inner,1.7282366360472592
Tailgating,439.0,215,160.0,person,Inner,3.065135429552589
Tailgating,439.0,237,213.0,motorcycle,Outer,1.2287002590032865
Tailgating,440.0,203,254.0,motorcycle,Inner,1.769923950134266
Tailgating,440.0,215,160.0,person,Inner,3.0620649516154215
Tailgating,440.0,237,213.0,motorcycle,Outer,1.2211607110357814
Tailgating,441.0,203,254.0,motorcycle,Inner,1.8115591691281205
Tailgating,441.0,237,213.0,motorcycle,Outer,1.206219671529154
Tailgating,442.0,203,254.0,motorcycle,Inner,1.846933977180893
Tailgating,442.0,237,213.0,motorcycle,Outer,1.2004434038562952
Tailgating,443.0,226,203.0,person,Inner,1.9796599529546417
Tailgating,443.0,203,254.0,motorcycle,Inner,1.8884788808362665
Tailgating,443.0,98,260.0,car,Outer,3.0715162094871737
Tailgating,443.0,237,213.0,motorcycle,Outer,1.172691897004784
Tailgating,444.0,226,203.0,person,Inner,1.9760159683682001
Tailgating,444.0,203,254.0,motorcycle,Inner,1.9282145120457796
Tailgating,444.0,98,260.0,car,Outer,3.0149813347833017
Tailgating,444.0,237,213.0,motorcycle,Outer,1.1474013771815004
Tailgating,445.0,226,260.0,person,Inner,1.9703487782618037
Tailgating,445.0,260,203.0,motorcycle,Inner,0.3797047783414921
Tailgating,445.0,203,254.0,motorcycle,Inner,1.9696896362437069
Tailgating,445.0,237,213.0,motorcycle,Outer,1.1197278792511283
Tailgating,445.0,231,90.0,car,Outer,0.010832783252051646
Tailgating,446.0,203,254.0,motorcycle,Inner,2.008462377998557
Tailgating,446.0,237,213.0,motorcycle,Outer,1.08179619671709
Tailgating,446.0,231,90.0,car,Outer,0.014322443111295022
Tailgating,447.0,203,254.0,motorcycle,Inner,2.0579716904715104
Tailgating,447.0,9,138.0,person,Inner,0.4061578601257017
Tailgating,447.0,237,213.0,motorcycle,Outer,1.0536439164815614
Tailgating,447.0,231,90.0,car,Outer,0.017822911777523657
Tailgating,448.0,203,254.0,motorcycle,Inner,2.0940790036532126
Tailgating,448.0,9,138.0,person,Inner,0.5757216134831619
Tailgating,448.0,237,213.0,motorcycle,Outer,1.0228882955514753
Tailgating,449.0,203,254.0,motorcycle,Inner,2.1345415671939323
Tailgating,449.0,9,138.0,person,Inner,0.7623113769648725
Tailgating,449.0,237,213.0,motorcycle,Outer,0.9869047056654565
Tailgating,450.0,260,203.0,motorcycle,Inner,0.28906012795997543
Tailgating,450.0,203,254.0,motorcycle,Inner,2.17430391227317
Tailgating,450.0,9,138.0,person,Inner,0.977220650459187
Tailgating,450.0,237,213.0,motorcycle,Outer,0.9438770529873305
Tailgating,451.0,203,254.0,motorcycle,Inner,2.2005684257412197
Tailgating,451.0,9,138.0,person,Inner,1.1882544848095833
Tailgating,451.0,237,213.0,motorcycle,Outer,0.9129137098452946
Tailgating,452.0,226,260.0,person,Inner,2.0669950727855877
Tailgating,452.0,203,254.0,motorcycle,Inner,2.2455371709176544
Tailgating,452.0,9,31.0,person,Inner,0.01743049917193186
Tailgating,452.0,237,213.0,motorcycle,Outer,0.8916584924111803
Tailgating,453.0,226,260.0,person,Inner,2.0804655045343052
Tailgating,453.0,260,203.0,motorcycle,Inner,0.235715473093453
Tailgating,453.0,203,254.0,motorcycle,Inner,2.2771426111119384
Tailgating,453.0,33,9.0,person,Inner,0.5923099377715317
Tailgating,453.0,9,31.0,person,Inner,0.15343840532624292
Tailgating,453.0,265,237.0,person,Outer,1.2112719402287886
Tailgating,453.0,237,213.0,motorcycle,Outer,0.8484746504569185
Tailgating,454.0,226,260.0,person,Inner,2.0992638135425605
Tailgating,454.0,203,254.0,motorcycle,Inner,2.3070653308760383
Tailgating,454.0,33,9.0,person,Inner,0.5849837973022795
Tailgating,454.0,265,247.0,person,Outer,0.04880588897829315
Tailgating,454.0,247,237.0,motorcycle,Outer,1.2044083357861048
Tailgating,454.0,237,213.0,motorcycle,Outer,0.8101386173708073
Tailgating,455.0,226,260.0,person,Inner,2.119551377684864
Tailgating,455.0,203,254.0,motorcycle,Inner,2.3386583839683164
Tailgating,455.0,33,9.0,person,Inner,0.6609007961684671
Tailgating,455.0,9,31.0,person,Inner,0.04470299455437833
Tailgating,455.0,265,247.0,person,Outer,0.02852040411475554
Tailgating,455.0,247,237.0,motorcycle,Outer,1.2604676928746088
Tailgating,455.0,237,213.0,motorcycle,Outer,0.7569232227037952
Tailgating,456.0,226,260.0,person,Inner,2.1526865107294295
Tailgating,456.0,203,254.0,motorcycle,Inner,2.378209207721597
Tailgating,456.0,9,22.0,person,Inner,1.217261299477606
Tailgating,456.0,265,247.0,person,Outer,0.007906109971159899
Tailgating,456.0,247,237.0,motorcycle,Outer,1.3297103579903051
Tailgating,456.0,237,213.0,motorcycle,Outer,0.7083104021821499
Tailgating,457.0,226,260.0,person,Inner,2.1911218221738777
Tailgating,457.0,203,254.0,motorcycle,Inner,2.409782117829665
Tailgating,457.0,9,138.0,person,Inner,1.0277338015054145
Tailgating,457.0,193,188.0,car,Outer,0.38806717675343
Tailgating,457.0,247,265.0,motorcycle,Outer,0.003417694843070769
Tailgating,457.0,265,237.0,person,Outer,1.342422148644161
Tailgating,457.0,237,213.0,motorcycle,Outer,0.7055958089336403
Tailgating,458.0,9,138.0,person,Inner,0.8262516963981289
Tailgating,458.0,193,188.0,car,Outer,0.4205201590973078
Tailgating,458.0,247,265.0,motorcycle,Outer,0.022296043275615785
Tailgating,458.0,265,237.0,person,Outer,1.3476083146563769
Tailgating,458.0,237,213.0,motorcycle,Outer,0.7050785488484054
Tailgating,459.0,226,260.0,person,Inner,2.2426106588611185
Tailgating,459.0,203,254.0,motorcycle,Inner,2.4896902470870748
Tailgating,459.0,9,22.0,person,Inner,0.6386031599817015
Tailgating,459.0,193,188.0,car,Outer,0.4614569994667409
Tailgating,459.0,247,265.0,motorcycle,Outer,0.037410810749871834
Tailgating,459.0,265,237.0,person,Outer,1.3546723626267962
Tailgating,459.0,237,213.0,motorcycle,Outer,0.6803134666842776
Tailgating,460.0,226,260.0,person,Inner,2.254647676416198
Tailgating,460.0,203,254.0,motorcycle,Inner,2.5307647881984265
Tailgating,460.0,9,138.0,person,Inner,0.513065263062456
Tailgating,460.0,193,188.0,car,Outer,0.5224637158115376
Tailgating,460.0,268,5.0,motorcycle,Outer,2.673097534393512
Tailgating,460.0,247,265.0,motorcycle,Outer,0.03947624138298308
Tailgating,460.0,265,237.0,person,Outer,1.3527740912546675
Tailgating,460.0,237,213.0,motorcycle,Outer,0.6535000129102057
Tailgating,461.0,226,260.0,person,Inner,2.2871749529388565
Tailgating,461.0,203,254.0,motorcycle,Inner,2.574878777305328
Tailgating,461.0,9,22.0,person,Inner,0.44801941314470967
Tailgating,461.0,193,188.0,car,Outer,0.5400950098864772
Tailgating,461.0,188,268.0,car,Outer,1.8167040929973826
Tailgating,461.0,268,5.0,motorcycle,Outer,2.630430622666522
Tailgating,461.0,247,265.0,motorcycle,Outer,0.03776800680818735
Tailgating,461.0,265,237.0,person,Outer,1.3390051352562253
Tailgating,461.0,237,213.0,motorcycle,Outer,0.6248513237232363
Tailgating,461.0,213,231.0,person,Outer,1.4140960334873987
Tailgating,462.0,226,203.0,person,Inner,1.9019384772279124
Tailgating,462.0,203,260.0,motorcycle,Inner,0.0058633985881600586
Tailgating,462.0,33,31.0,person,Inner,0.7721977208053645
Tailgating,462.0,193,188.0,car,Outer,0.5559286775165269
Tailgating,462.0,188,268.0,car,Outer,1.8918515393240942
Tailgating,462.0,268,5.0,motorcycle,Outer,2.5831791869091263
Tailgating,462.0,247,265.0,motorcycle,Outer,0.03973116132737808
Tailgating,462.0,265,237.0,person,Outer,1.2993442311351422
Tailgating,462.0,237,213.0,motorcycle,Outer,0.5968985704794667
Tailgating,462.0,213,231.0,person,Outer,1.4638057317494968
Tailgating,463.0,226,203.0,person,Inner,1.887868751592782
Tailgating,463.0,203,260.0,motorcycle,Inner,0.03784320260838683
Tailgating,463.0,33,31.0,person,Inner,0.8136249502336244
Tailgating,463.0,193,188.0,car,Outer,0.6127529783578202
Tailgating,463.0,268,5.0,motorcycle,Outer,2.5318563081343166
Tailgating,463.0,247,213.0,motorcycle,Outer,1.952464070050411
Tailgating,463.0,213,231.0,person,Outer,1.5175553264439603
Tailgating,464.0,226,203.0,person,Inner,1.8947648708894287
Tailgating,464.0,203,260.0,motorcycle,Inner,0.050145058029780705
Tailgating,464.0,260,254.0,motorcycle,Inner,3.2846586282149195
Tailgating,464.0,193,188.0,car,Outer,0.6958040014710117
Tailgating,464.0,188,268.0,car,Outer,1.9169285530827402
Tailgating,464.0,268,5.0,motorcycle,Outer,2.493199138821011
Tailgating,464.0,247,213.0,motorcycle,Outer,1.8496527005024692
Tailgating,464.0,213,231.0,person,Outer,1.5897652496458095
Tailgating,465.0,226,203.0,person,Inner,1.8953525511281057
Tailgating,465.0,203,260.0,motorcycle,Inner,0.05810523004947482
Tailgating,465.0,260,254.0,motorcycle,Inner,3.3274964684564643
Tailgating,465.0,193,188.0,car,Outer,0.8162574614216932
Tailgating,465.0,188,268.0,car,Outer,1.8831507302703312
Tailgating,465.0,268,5.0,motorcycle,Outer,2.4544326391284303
Tailgating,465.0,247,213.0,motorcycle,Outer,1.7236840871259065
Tailgating,465.0,213,231.0,person,Outer,1.6772673337858395
Tailgating,466.0,252,226.0,person,Inner,1.3624507410613331
Tailgating,466.0,226,203.0,person,Inner,1.8954321653325208
Tailgating,466.0,260,254.0,motorcycle,Inner,3.3784578210792726
Tailgating,466.0,193,188.0,car,Outer,0.9168361172740207
Tailgating,466.0,188,268.0,car,Outer,1.8467342538094595
Tailgating,466.0,268,5.0,motorcycle,Outer,2.430495016747506
Tailgating,466.0,247,213.0,motorcycle,Outer,1.6300748871929438
Tailgating,466.0,213,231.0,person,Outer,1.7322574366640102
Tailgating,467.0,252,226.0,person,Inner,1.2927675081589556
Tailgating,467.0,226,203.0,person,Inner,1.9021117055978103
Tailgating,467.0,260,254.0,motorcycle,Inner,3.4148370819615295
Tailgating,467.0,193,188.0,car,Outer,1.0088849870550176
Tailgating,467.0,188,268.0,car,Outer,1.8441795871513535
Tailgating,467.0,268,5.0,motorcycle,Outer,2.3915399221943137
Tailgating,467.0,247,213.0,motorcycle,Outer,1.5651775977318336
Tailgating,467.0,213,231.0,person,Outer,1.7710902090458573
Tailgating,468.0,250,252.0,motorcycle,Inner,0.06944718338038593
Tailgating,468.0,252,226.0,person,Inner,1.2255685015033233
Tailgating,468.0,226,203.0,person,Inner,1.8943522156409305
Tailgating,468.0,260,254.0,motorcycle,Inner,3.4793252869987765
Tailgating,468.0,193,188.0,car,Outer,1.0780263007505344
Tailgating,468.0,188,268.0,car,Outer,1.8279526978999794
Tailgating,468.0,268,5.0,motorcycle,Outer,2.367469141101207
Tailgating,468.0,247,213.0,motorcycle,Outer,1.5172245308451584
Tailgating,468.0,213,90.0,person,Outer,1.8519064703138226
Tailgating,468.0,231,86.0,car,Outer,0.5238526510246556
Tailgating,469.0,250,252.0,motorcycle,Inner,0.08244190503768203
Tailgating,469.0,252,226.0,person,Inner,1.1506095056266301
Tailgating,469.0,226,203.0,person,Inner,1.9092798621057787
Tailgating,469.0,260,254.0,motorcycle,Inner,3.5239052483574866
Tailgating,469.0,237,213.0,motorcycle,Inner,0.0744095142292916
Tailgating,469.0,193,188.0,car,Outer,1.151219602967934
Tailgating,469.0,188,268.0,car,Outer,1.8288092568739542
Tailgating,469.0,247,90.0,motorcycle,Outer,3.776276710502656
Tailgating,469.0,231,86.0,car,Outer,0.36157965732391617
Tailgating,470.0,250,252.0,motorcycle,Inner,0.05477625033978616
Tailgating,470.0,252,226.0,person,Inner,1.0799428351630285
Tailgating,470.0,226,203.0,person,Inner,1.9097138189315481
Tailgating,470.0,260,254.0,motorcycle,Inner,3.564548245235394
Tailgating,470.0,237,213.0,motorcycle,Inner,0.03496303067698579
Tailgating,470.0,33,31.0,person,Inner,0.7907955424460544
Tailgating,470.0,193,188.0,car,Outer,1.189929186347091
Tailgating,470.0,247,90.0,motorcycle,Outer,3.7608693530577297
Tailgating,470.0,231,86.0,car,Outer,0.19099611945485673
Tailgating,471.0,250,252.0,motorcycle,Inner,0.05460897948291519
Tailgating,471.0,252,226.0,person,Inner,1.0029549790291108
Tailgating,471.0,226,203.0,person,Inner,1.909343978917156
Tailgating,471.0,260,254.0,motorcycle,Inner,3.616099172128465
Tailgating,471.0,237,213.0,motorcycle,Inner,0.015071591414620085
Tailgating,471.0,33,31.0,person,Inner,0.7785022852158151
Tailgating,471.0,193,188.0,car,Outer,1.2127628199362581
Tailgating,471.0,247,90.0,motorcycle,Outer,3.747821059827692
Tailgating,471.0,231,86.0,car,Outer,0.01089412622533488
Tailgating,472.0,250,252.0,motorcycle,Inner,0.04117530704003437
Tailgating,472.0,252,226.0,person,Inner,0.9325087385202369
Tailgating,472.0,226,203.0,person,Inner,1.9182077553031835
Tailgating,472.0,260,254.0,motorcycle,Inner,3.6542703268054795
Tailgating,472.0,237,213.0,motorcycle,Inner,0.002598260180363066
Tailgating,472.0,33,31.0,person,Inner,0.7691368010773194
Tailgating,472.0,193,188.0,car,Outer,1.2249802151099924
Tailgating,472.0,188,268.0,car,Outer,1.9422419326451623
Tailgating,472.0,247,90.0,motorcycle,Outer,3.722407248503048
Tailgating,473.0,250,252.0,motorcycle,Inner,0.05429172973945957
Tailgating,473.0,252,226.0,person,Inner,0.8467776477667831
Tailgating,473.0,226,203.0,person,Inner,1.918588842781976
Tailgating,473.0,260,254.0,motorcycle,Inner,3.698200296709154
Tailgating,473.0,237,213.0,motorcycle,Inner,0.016799698430919465
Tailgating,473.0,33,31.0,person,Inner,0.7700453920602179
Tailgating,473.0,193,188.0,car,Outer,1.264795520024659
Tailgating,473.0,247,90.0,motorcycle,Outer,3.68492816403234
Tailgating,474.0,250,252.0,motorcycle,Inner,0.05415951763471539
Tailgating,474.0,252,226.0,person,Inner,0.7643423381521729
Tailgating,474.0,226,203.0,person,Inner,1.930606555865427
Tailgating,474.0,237,213.0,motorcycle,Inner,0.03087734999391116
Tailgating,474.0,193,188.0,car,Outer,1.303184253267915
Tailgating,474.0,247,90.0,motorcycle,Outer,3.671795902709651
Tailgating,475.0,250,252.0,motorcycle,Inner,0.05398925304050349
Tailgating,475.0,252,226.0,person,Inner,0.6842582438253166
Tailgating,475.0,226,203.0,person,Inner,1.9382679448831828
Tailgating,475.0,237,213.0,motorcycle,Inner,0.03966294294119609
Tailgating,475.0,193,188.0,car,Outer,1.3626059888727349
Tailgating,475.0,98,273.0,car,Outer,3.9723761671188025
Tailgating,475.0,247,90.0,motorcycle,Outer,3.64619500133493
Tailgating,476.0,250,252.0,motorcycle,Inner,0.053856326852164724
Tailgating,476.0,252,226.0,person,Inner,0.6141634591611859
Tailgating,476.0,226,203.0,person,Inner,1.9384921624636977
Tailgating,476.0,237,213.0,motorcycle,Inner,0.0744211918732299
Tailgating,476.0,193,188.0,car,Outer,1.430755178145347
Tailgating,476.0,268,5.0,motorcycle,Outer,2.1917654544359455
Tailgating,476.0,98,273.0,car,Outer,3.9202339094948977
Tailgating,476.0,273,272.0,motorcycle,Outer,1.1060910348467552
Tailgating,476.0,247,90.0,motorcycle,Outer,3.630701105432582
Tailgating,477.0,250,252.0,motorcycle,Inner,0.053685095034321104
Tailgating,477.0,252,226.0,person,Inner,0.522024829630948
Tailgating,477.0,226,203.0,person,Inner,1.9588099028256274
Tailgating,477.0,203,260.0,motorcycle,Inner,0.12900159089447832
Tailgating,477.0,237,213.0,motorcycle,Inner,0.09672315966095756
Tailgating,477.0,193,188.0,car,Outer,1.4865442954537522
Tailgating,477.0,268,5.0,motorcycle,Outer,2.152192425304348
Tailgating,477.0,98,273.0,car,Outer,3.893500225310812
Tailgating,477.0,273,272.0,motorcycle,Outer,1.0971120668226373
Tailgating,477.0,247,90.0,motorcycle,Outer,3.5978327828247534
Tailgating,478.0,250,252.0,motorcycle,Inner,0.04464216173675415
Tailgating,478.0,252,226.0,person,Inner,0.4618204601816804
Tailgating,478.0,226,203.0,person,Inner,1.9589591439187888
Tailgating,478.0,237,213.0,motorcycle,Inner,0.12064425313758771
Tailgating,478.0,193,188.0,car,Outer,1.5444022510535091
Tailgating,478.0,268,5.0,motorcycle,Outer,2.112503987803541
Tailgating,478.0,98,273.0,car,Outer,3.848249779664791
Tailgating,478.0,247,90.0,motorcycle,Outer,3.579715750222741
Tailgating,479.0,250,252.0,motorcycle,Inner,0.031067716125554454
Tailgating,479.0,252,226.0,person,Inner,0.3928138476530676
Tailgating,479.0,226,203.0,person,Inner,1.9560285842138911
Tailgating,479.0,237,213.0,motorcycle,Inner,0.10948725106286018
Tailgating,479.0,193,188.0,car,Outer,1.6009235737070735
Tailgating,479.0,268,5.0,motorcycle,Outer,2.0726993451036346
Tailgating,479.0,98,273.0,car,Outer,3.8189108895025594
Tailgating,479.0,247,90.0,motorcycle,Outer,3.564169484375049
Tailgating,479.0,53,24.0,person,Outer,1.3689740705571238
Tailgating,480.0,250,252.0,motorcycle,Inner,0.030897337951959633
Tailgating,480.0,252,226.0,person,Inner,0.3087680940576347
Tailgating,480.0,226,203.0,person,Inner,1.969001948690844
Tailgating,480.0,237,213.0,motorcycle,Inner,0.1062406923227621
Tailgating,480.0,193,188.0,car,Outer,1.6596716503323001
Tailgating,480.0,268,5.0,motorcycle,Outer,2.0280216855415274
Tailgating,480.0,98,273.0,car,Outer,3.801683378938607
Tailgating,480.0,247,90.0,motorcycle,Outer,3.5382588982094507
Tailgating,480.0,53,24.0,person,Outer,1.3218013776163957
Tailgating,481.0,250,252.0,motorcycle,Inner,0.021912498857252157
Tailgating,481.0,252,226.0,person,Inner,0.23977616015382666
Tailgating,481.0,226,203.0,person,Inner,1.9835310110390485
Tailgating,481.0,237,213.0,motorcycle,Inner,0.09675417387347197
Tailgating,481.0,193,188.0,car,Outer,1.72583918403669
Tailgating,481.0,268,5.0,motorcycle,Outer,1.9879569553850884
Tailgating,481.0,273,272.0,motorcycle,Outer,1.0887471807862292
Tailgating,481.0,247,90.0,motorcycle,Outer,3.520188627017154
Tailgating,481.0,2,60.0,car,Outer,0.08480415125865853
Tailgating,481.0,53,24.0,person,Outer,1.265908579165744
Tailgating,482.0,250,252.0,motorcycle,Inner,0.02180346885840078
Tailgating,482.0,252,226.0,person,Inner,0.1574376114373701
Tailgating,482.0,226,203.0,person,Inner,1.996177216172725
Tailgating,482.0,237,213.0,motorcycle,Inner,0.07003795062979937
Tailgating,482.0,213,56.0,person,Inner,3.9841898224450065
Tailgating,482.0,193,188.0,car,Outer,1.8101867558020412
Tailgating,482.0,188,268.0,car,Outer,2.133495652960912
Tailgating,482.0,268,5.0,motorcycle,Outer,1.966775478709549
Tailgating,482.0,273,272.0,motorcycle,Outer,1.0793913744866084
Tailgating,482.0,247,90.0,motorcycle,Outer,3.4941281260800845
Tailgating,482.0,2,60.0,car,Outer,0.2682647337592051
Tailgating,482.0,53,24.0,person,Outer,1.2197095264705826
Tailgating,483.0,250,252.0,motorcycle,Inner,0.021663585427110832
Tailgating,483.0,252,226.0,person,Inner,0.07349902281416917
Tailgating,483.0,226,203.0,person,Inner,2.001680675722023
Tailgating,483.0,237,213.0,motorcycle,Inner,0.047250947055484764
Tailgating,483.0,213,56.0,person,Inner,3.963458237316421
Tailgating,483.0,193,188.0,car,Outer,1.877335917966448
Tailgating,483.0,188,268.0,car,Outer,2.1411472954629756
Tailgating,483.0,273,272.0,motorcycle,Outer,1.0712319476866354
Tailgating,483.0,247,90.0,motorcycle,Outer,3.4759734808923604
Tailgating,483.0,2,60.0,car,Outer,0.5069772025879341
Tailgating,483.0,53,24.0,person,Outer,1.1686728971072062
Tailgating,484.0,250,226.0,motorcycle,Inner,0.013179123931897204
Tailgating,484.0,226,252.0,person,Inner,0.010387451826917445
Tailgating,484.0,252,203.0,person,Inner,1.828110379521972
Tailgating,484.0,237,213.0,motorcycle,Inner,0.02258192870766949
Tailgating,484.0,213,56.0,person,Inner,3.93218712380236
Tailgating,484.0,193,188.0,car,Outer,1.970407260174218
Tailgating,484.0,188,268.0,car,Outer,2.1091860275658165
Tailgating,484.0,273,272.0,motorcycle,Outer,1.0801009840235953
Tailgating,484.0,247,90.0,motorcycle,Outer,3.43811637074633
Tailgating,484.0,2,60.0,car,Outer,0.7546676657409337
Tailgating,484.0,53,24.0,person,Outer,1.1104207420194174
Tailgating,485.0,226,250.0,person,Inner,0.07074348623732718
Tailgating,485.0,250,252.0,motorcycle,Inner,0.021385653217233538
Tailgating,485.0,252,203.0,person,Inner,1.7722807090848753
Tailgating,485.0,213,237.0,person,Inner,0.0016507754700621552
Tailgating,485.0,237,56.0,motorcycle,Inner,3.87744152049844
Tailgating,485.0,193,188.0,car,Outer,2.072574314283323
Tailgating,485.0,188,268.0,car,Outer,2.0839051207759383
Tailgating,485.0,5,98.0,motorcycle,Outer,3.5218425935503803
Tailgating,485.0,273,272.0,motorcycle,Outer,1.0706794529259778
Tailgating,485.0,247,90.0,motorcycle,Outer,3.409595906631699
Tailgating,485.0,2,60.0,car,Outer,1.0291677612489656
Tailgating,485.0,53,24.0,person,Outer,1.0693408814786116
Tailgating,486.0,226,250.0,person,Inner,0.14505950250722635
Tailgating,486.0,250,252.0,motorcycle,Inner,0.02998285204248202
Tailgating,486.0,252,203.0,person,Inner,1.7101536653128844
Tailgating,486.0,213,237.0,person,Inner,0.007899669128748753
Tailgating,486.0,237,56.0,motorcycle,Inner,3.8384560080386945
Tailgating,486.0,193,188.0,car,Outer,2.166678069701609
Tailgating,486.0,188,268.0,car,Outer,2.0647226210625704
Tailgating,486.0,5,98.0,motorcycle,Outer,3.5860049013398396
Tailgating,486.0,273,272.0,motorcycle,Outer,1.0581832370566011
Tailgating,486.0,247,90.0,motorcycle,Outer,3.3762751677981524
Tailgating,486.0,2,60.0,car,Outer,1.2963677445849702
Tailgating,487.0,226,250.0,person,Inner,0.23337444660189266
Tailgating,487.0,250,252.0,motorcycle,Inner,0.02114121734197274
Tailgating,487.0,252,203.0,person,Inner,1.6621978477252697
Tailgating,487.0,213,237.0,person,Inner,0.011994953825940059
Tailgating,487.0,237,56.0,motorcycle,Inner,3.788939878665236
Tailgating,487.0,193,188.0,car,Outer,2.269028465795803
Tailgating,487.0,188,268.0,car,Outer,2.025087675480046
Tailgating,487.0,5,98.0,motorcycle,Outer,3.690219799517803
Tailgating,487.0,98,273.0,car,Outer,3.6478936756530373
Tailgating,487.0,273,272.0,motorcycle,Outer,1.071892600212006
Tailgating,487.0,247,90.0,motorcycle,Outer,3.3475916244524493
Tailgating,487.0,2,60.0,car,Outer,1.5761896334531549
Tailgating,488.0,226,250.0,person,Inner,0.30251015480446636
Tailgating,488.0,250,252.0,motorcycle,Inner,0.02105296837788638
Tailgating,488.0,252,203.0,person,Inner,1.618232384567013
Tailgating,488.0,237,213.0,motorcycle,Inner,0.005599343732425095
Tailgating,488.0,213,56.0,person,Inner,3.7601546652255773
Tailgating,488.0,193,188.0,car,Outer,2.3794502810636065
Tailgating,488.0,188,268.0,car,Outer,1.9923798357244185
Tailgating,488.0,268,5.0,motorcycle,Outer,1.5994570037030764
Tailgating,488.0,5,98.0,motorcycle,Outer,3.810584402796791
Tailgating,488.0,98,273.0,car,Outer,3.610184979213929
Tailgating,488.0,247,90.0,motorcycle,Outer,3.326982939432209
Tailgating,488.0,2,60.0,car,Outer,1.7477329111665592
Tailgating,489.0,268,274.0,motorcycle,Inner,0.7653362543665463
Tailgating,489.0,226,250.0,person,Inner,0.3679897583296187
Tailgating,489.0,250,252.0,motorcycle,Inner,0.02096541258939153
Tailgating,489.0,252,203.0,person,Inner,1.576204956523633
Tailgating,489.0,237,213.0,motorcycle,Inner,0.0
Tailgating,489.0,213,56.0,person,Inner,3.708399185268808
Tailgating,489.0,193,188.0,car,Outer,2.480883422653411
Tailgating,489.0,188,5.0,car,Outer,3.9839469476905798
Tailgating,489.0,5,98.0,motorcycle,Outer,3.9450514496078752
Tailgating,489.0,98,273.0,car,Outer,3.544662409569958
Tailgating,489.0,247,90.0,motorcycle,Outer,3.2841635043097357
Tailgating,489.0,2,60.0,car,Outer,1.8267335681488939
Tailgating,490.0,268,274.0,motorcycle,Inner,0.7079356219798217
Tailgating,490.0,226,250.0,person,Inner,0.43350013860021586
Tailgating,490.0,250,252.0,motorcycle,Inner,0.029498727707703006
Tailgating,490.0,252,203.0,person,Inner,1.518181266132202
Tailgating,490.0,237,213.0,motorcycle,Inner,0.01968142788555363
Tailgating,490.0,213,56.0,person,Inner,3.648198161567989
Tailgating,490.0,193,188.0,car,Outer,2.583537005820129
Tailgating,490.0,188,5.0,car,Outer,3.851479877215074
Tailgating,490.0,98,273.0,car,Outer,3.501792721502983
Tailgating,490.0,247,90.0,motorcycle,Outer,3.263496341622494
Tailgating,490.0,2,60.0,car,Outer,1.8694604967768835
Tailgating,491.0,268,274.0,motorcycle,Inner,0.6529695612626328
Tailgating,491.0,226,250.0,person,Inner,0.5040443638338133
Tailgating,491.0,250,252.0,motorcycle,Inner,0.0207619786805769
Tailgating,491.0,252,203.0,person,Inner,1.4761732694121343
Tailgating,491.0,237,213.0,motorcycle,Inner,0.019697764899240997
Tailgating,491.0,213,56.0,person,Inner,3.6082749204851488
Tailgating,491.0,193,188.0,car,Outer,2.6699505290300127
Tailgating,491.0,188,5.0,car,Outer,3.7660436095756453
Tailgating,491.0,98,273.0,car,Outer,3.459550900873674
Tailgating,491.0,247,90.0,motorcycle,Outer,3.243817335441924
Tailgating,492.0,226,250.0,person,Inner,0.5696038920390581
Tailgating,492.0,250,252.0,motorcycle,Inner,0.02415241814296762
Tailgating,492.0,252,260.0,person,Inner,2.2186042296581885
Tailgating,492.0,237,213.0,motorcycle,Inner,0.019714545621679905
Tailgating,492.0,213,56.0,person,Inner,3.5579552697353565
Tailgating,492.0,193,188.0,car,Outer,2.7260500531694607
Tailgating,492.0,98,273.0,car,Outer,3.423007250863683
Tailgating,492.0,247,90.0,motorcycle,Outer,3.2147679968449396
Tailgating,493.0,226,250.0,person,Inner,0.6579968533664864
Tailgating,493.0,250,252.0,motorcycle,Inner,0.015398180866903732
Tailgating,493.0,252,260.0,person,Inner,2.1891107106891576
Tailgating,493.0,237,213.0,motorcycle,Inner,0.01162000162428064
Tailgating,493.0,213,56.0,person,Inner,3.55323225710979
Tailgating,493.0,193,188.0,car,Outer,2.8013568774753845
Tailgating,493.0,188,5.0,car,Outer,3.6560317235782627
Tailgating,493.0,98,273.0,car,Outer,3.3769357975403467
Tailgating,493.0,247,90.0,motorcycle,Outer,3.185624521041051
Tailgating,494.0,226,250.0,person,Inner,0.7368007185943726
Tailgating,494.0,250,252.0,motorcycle,Inner,0.015243861338909417
Tailgating,494.0,252,260.0,person,Inner,2.143744588415893
Tailgating,494.0,213,237.0,person,Inner,0.025342923633830186
Tailgating,494.0,237,56.0,motorcycle,Inner,3.474470715915863
Tailgating,494.0,98,273.0,car,Outer,3.363584195923933
Tailgating,494.0,247,90.0,motorcycle,Outer,3.165571661075138
Tailgating,494.0,193,188.0,car,Outer,2.87865439351027
Tailgating,495.0,226,274.0,person,Inner,0.003690398820847468
Tailgating,495.0,274,250.0,motorcycle,Inner,0.8149209991265424
Tailgating,495.0,250,252.0,motorcycle,Inner,0.020316874969860402
Tailgating,495.0,252,260.0,person,Inner,2.098587955849913
Tailgating,495.0,213,237.0,person,Inner,0.06768299318186602
Tailgating,495.0,237,56.0,motorcycle,Inner,3.433029408156537
Tailgating,495.0,33,31.0,person,Inner,0.9831896315399973
Tailgating,495.0,98,273.0,car,Outer,3.350052323361717
Tailgating,495.0,247,90.0,motorcycle,Outer,3.1489410182151683
Tailgating,495.0,193,188.0,car,Outer,2.9345894769772762
Tailgating,496.0,226,274.0,person,Inner,0.012603453732524736
Tailgating,496.0,274,250.0,motorcycle,Inner,0.8905556637528287
Tailgating,496.0,250,252.0,motorcycle,Inner,0.020186437067102138
Tailgating,496.0,252,260.0,person,Inner,2.039602306912305
Tailgating,496.0,160,71.0,motorcycle,Inner,0.08511518265324022
Tailgating,496.0,71,135.0,car,Inner,1.522582091727525
Tailgating,496.0,213,237.0,person,Inner,0.11967479332055454
Tailgating,496.0,237,56.0,motorcycle,Inner,3.3814806333427474
Tailgating,496.0,98,273.0,car,Outer,3.335239510085828
Tailgating,496.0,247,90.0,motorcycle,Outer,3.1216533679533773
Tailgating,497.0,226,274.0,person,Inner,0.025705432243280715
Tailgating,497.0,274,250.0,motorcycle,Inner,0.9610967707805024
Tailgating,497.0,250,252.0,motorcycle,Inner,0.011620948174192305
Tailgating,497.0,252,260.0,person,Inner,1.9898105086293025
Tailgating,497.0,260,272.0,motorcycle,Inner,3.5919178101432885
Tailgating,497.0,71,135.0,car,Inner,1.503461386066178
Tailgating,497.0,213,237.0,person,Inner,0.18829486553195973
Tailgating,497.0,237,56.0,motorcycle,Inner,3.329141498992609
Tailgating,497.0,33,31.0,person,Inner,1.0116539338035397
Tailgating,497.0,98,273.0,car,Outer,3.301133492787543
Tailgating,497.0,247,90.0,motorcycle,Outer,3.092103954011915
Tailgating,498.0,226,274.0,person,Inner,0.029658219893958497
Tailgating,498.0,274,250.0,motorcycle,Inner,1.0223478574798566
Tailgating,498.0,250,252.0,motorcycle,Inner,0.008452692126145005
Tailgating,498.0,252,260.0,person,Inner,1.941903831051563
Tailgating,498.0,260,272.0,motorcycle,Inner,3.6185039117546425
Tailgating,498.0,213,237.0,person,Inner,0.248699233958491
Tailgating,498.0,237,56.0,motorcycle,Inner,3.276623439471722
Tailgating,498.0,98,273.0,car,Outer,3.28141189097956
Tailgating,498.0,247,90.0,motorcycle,Outer,3.062063582221098
Tailgating,499.0,226,274.0,person,Inner,0.03967979128996256
Tailgating,499.0,274,250.0,motorcycle,Inner,1.0965325742023875
Tailgating,499.0,250,252.0,motorcycle,Inner,0.011503455634205234
Tailgating,499.0,252,260.0,person,Inner,1.8922530699825886
Tailgating,499.0,260,272.0,motorcycle,Inner,3.6314121004120374
Tailgating,499.0,213,237.0,person,Inner,0.3187152596911644
Tailgating,499.0,237,56.0,motorcycle,Inner,3.234478127183585
Tailgating,499.0,33,31.0,person,Inner,1.028280869571218
Tailgating,499.0,98,273.0,car,Outer,3.250107223916384
Tailgating,499.0,247,90.0,motorcycle,Outer,3.045120227937223
Tailgating,500.0,226,274.0,person,Inner,0.05072861339280698
Tailgating,500.0,274,250.0,motorcycle,Inner,1.1814036363219715
Tailgating,500.0,250,252.0,motorcycle,Inner,0.01683365355711072
Tailgating,500.0,252,260.0,person,Inner,1.8498978092634777
Tailgating,500.0,213,237.0,person,Inner,0.3715800819600383
Tailgating,500.0,237,56.0,motorcycle,Inner,3.181588108867382
Tailgating,500.0,98,273.0,car,Outer,3.2336826671425363
Tailgating,500.0,247,90.0,motorcycle,Outer,3.021784664745135
Tailgating,501.0,226,268.0,person,Inner,0.0015323995635097515
Tailgating,501.0,274,250.0,motorcycle,Inner,1.2549086602876345
Tailgating,501.0,250,252.0,motorcycle,Inner,0.01679893698224827
Tailgating,501.0,252,260.0,person,Inner,1.814712348663187
Tailgating,501.0,273,272.0,motorcycle,Inner,0.9743364695469863
Tailgating,501.0,237,56.0,motorcycle,Inner,3.129143850426893
Tailgating,501.0,247,90.0,motorcycle,Outer,2.9938935472817665
Tailgating,502.0,226,268.0,person,Inner,0.06921246509283098
Tailgating,502.0,274,250.0,motorcycle,Inner,1.321252866540419
Tailgating,502.0,250,252.0,motorcycle,Inner,0.016764423328222717
Tailgating,502.0,252,260.0,person,Inner,1.7925547185694861
Tailgating,502.0,273,272.0,motorcycle,Inner,0.9699258054704198
Tailgating,502.0,160,135.0,motorcycle,Inner,1.5721476656499591
Tailgating,502.0,237,56.0,motorcycle,Inner,3.076580627496163
Tailgating,502.0,247,90.0,motorcycle,Outer,2.965870086760957
Tailgating,503.0,226,274.0,person,Inner,0.12591052306820366
Tailgating,503.0,274,268.0,motorcycle,Inner,0.0006838725035124012
Tailgating,503.0,250,252.0,motorcycle,Inner,0.016730113082632857
Tailgating,503.0,252,260.0,person,Inner,1.764800767601486
Tailgating,503.0,273,272.0,motorcycle,Inner,0.9696282084582216
Tailgating,503.0,160,71.0,motorcycle,Inner,0.11989555197538257
Tailgating,503.0,71,135.0,car,Inner,1.4482867151662298
Tailgating,503.0,237,56.0,motorcycle,Inner,3.0340460527570188
Tailgating,503.0,33,31.0,person,Inner,1.0327496448181455
Tailgating,503.0,247,90.0,motorcycle,Outer,2.935633730332441
Tailgating,504.0,226,274.0,person,Inner,0.16946712293096727
Tailgating,504.0,274,268.0,motorcycle,Inner,0.023174448867363317
Tailgating,504.0,250,252.0,motorcycle,Inner,0.01119782431868387
Tailgating,504.0,252,260.0,person,Inner,1.7441666693077338
Tailgating,504.0,273,272.0,motorcycle,Inner,0.9692846445521657
Tailgating,504.0,71,135.0,car,Inner,1.4835397583043684
Tailgating,504.0,237,56.0,motorcycle,Inner,2.9710122075767647
Tailgating,504.0,33,31.0,person,Inner,1.0306209984831876
Tailgating,504.0,247,90.0,motorcycle,Outer,2.9073485256744944
Tailgating,505.0,226,274.0,person,Inner,0.21422019116773217
Tailgating,505.0,274,268.0,motorcycle,Inner,0.04659652229167924
Tailgating,505.0,250,252.0,motorcycle,Inner,0.011138312612888964
Tailgating,505.0,252,260.0,person,Inner,1.71668163220778
Tailgating,505.0,273,272.0,motorcycle,Inner,0.9679154198798582
Tailgating,505.0,71,135.0,car,Inner,1.5143926046450675
Tailgating,505.0,237,56.0,motorcycle,Inner,2.928803206840361
Tailgating,505.0,33,31.0,person,Inner,1.0310524482182621
Tailgating,505.0,247,90.0,motorcycle,Outer,2.8789230837780573
Tailgating,506.0,226,274.0,person,Inner,0.26684770923612167
Tailgating,506.0,274,268.0,motorcycle,Inner,0.055537908342835327
Tailgating,506.0,250,252.0,motorcycle,Inner,0.0055365317083709295
Tailgating,506.0,252,260.0,person,Inner,1.6891021584149046
Tailgating,506.0,273,272.0,motorcycle,Inner,0.9715115879578687
Tailgating,506.0,160,71.0,motorcycle,Inner,0.11263195183912039
Tailgating,506.0,71,135.0,car,Inner,1.5492693974013811
Tailgating,506.0,237,56.0,motorcycle,Inner,2.8661137144535553
Tailgating,506.0,33,9.0,person,Inner,1.418889342598449
Tailgating,506.0,247,90.0,motorcycle,Outer,2.8478183992372155
Tailgating,507.0,226,274.0,person,Inner,0.3316161931027764
Tailgating,507.0,274,268.0,motorcycle,Inner,0.06045254146278296
Tailgating,507.0,250,252.0,motorcycle,Inner,0.005474043054865919
Tailgating,507.0,252,260.0,person,Inner,1.6674969359652876
Tailgating,507.0,273,272.0,motorcycle,Inner,0.9788331974372385
Tailgating,507.0,237,56.0,motorcycle,Inner,2.8216845906798596
Tailgating,507.0,247,90.0,motorcycle,Outer,2.810234179880916
Tailgating,508.0,226,274.0,person,Inner,0.3850690934990046
Tailgating,508.0,274,268.0,motorcycle,Inner,0.05861157007384035
Tailgating,508.0,252,250.0,person,Inner,0.0028854894127231467
Tailgating,508.0,250,260.0,motorcycle,Inner,1.6362056874376631
Tailgating,508.0,273,272.0,motorcycle,Inner,0.9784466514641954
Tailgating,508.0,237,56.0,motorcycle,Inner,2.7676856946048867
Tailgating,508.0,247,90.0,motorcycle,Outer,2.783418881126017
Tailgating,509.0,226,274.0,person,Inner,0.46079419458725857
Tailgating,509.0,252,250.0,person,Inner,0.002934213099743661
Tailgating,509.0,250,260.0,motorcycle,Inner,1.5943709957115866
Tailgating,509.0,260,273.0,motorcycle,Inner,2.905240951957548
Tailgating,509.0,273,272.0,motorcycle,Inner,0.9722997008834258
Tailgating,509.0,237,56.0,motorcycle,Inner,2.7336906706582007
Tailgating,509.0,247,90.0,motorcycle,Outer,2.743056456064619
Tailgating,510.0,226,274.0,person,Inner,0.5188845142519032
Tailgating,510.0,274,268.0,motorcycle,Inner,0.059672362155874466
Tailgating,510.0,252,250.0,person,Inner,0.002998923812763763
Tailgating,510.0,250,260.0,motorcycle,Inner,1.5529116132501863
Tailgating,510.0,273,272.0,motorcycle,Inner,0.9755560284414927
Tailgating,510.0,237,56.0,motorcycle,Inner,2.699454958793877
Tailgating,510.0,247,90.0,motorcycle,Outer,2.7162625626532297
Tailgating,511.0,226,274.0,person,Inner,0.5887478978810239
Tailgating,511.0,274,268.0,motorcycle,Inner,0.051983092825122486
Tailgating,511.0,250,252.0,motorcycle,Inner,0.0026078341773567975
Tailgating,511.0,252,260.0,person,Inner,1.5236867517836619
Tailgating,511.0,273,272.0,motorcycle,Inner,0.9657337279746905
Tailgating,511.0,204,180.0,motorcycle,Inner,0.6168420925264212
Tailgating,511.0,237,56.0,motorcycle,Inner,2.645784403682628
Tailgating,511.0,247,90.0,motorcycle,Outer,2.667111733518822
Tailgating,512.0,226,274.0,person,Inner,0.6542837031514132
Tailgating,512.0,274,268.0,motorcycle,Inner,0.04822783097575096
Tailgating,512.0,252,250.0,person,Inner,0.00566780123220321
Tailgating,512.0,250,260.0,motorcycle,Inner,1.4896292687443977
Tailgating,512.0,273,272.0,motorcycle,Inner,0.9688063887057614
Tailgating,512.0,204,180.0,motorcycle,Inner,0.5811374787941771
Tailgating,512.0,247,213.0,motorcycle,Inner,1.563419495556752
Tailgating,512.0,237,56.0,motorcycle,Inner,2.5998836877121767
Tailgating,513.0,226,274.0,person,Inner,0.7384144306558718
Tailgating,513.0,274,268.0,motorcycle,Inner,0.040354278870436494
Tailgating,513.0,252,250.0,person,Inner,0.005684963810766629
Tailgating,513.0,250,260.0,motorcycle,Inner,1.4624365123714238
Tailgating,513.0,273,272.0,motorcycle,Inner,0.9678541566641689
Tailgating,513.0,247,213.0,motorcycle,Inner,1.5367861956892073
Tailgating,513.0,237,56.0,motorcycle,Inner,2.5559859001275145
Tailgating,514.0,226,274.0,person,Inner,0.8112254843885233
Tailgating,514.0,274,268.0,motorcycle,Inner,0.0372025877549552
Tailgating,514.0,252,250.0,person,Inner,0.0
Tailgating,514.0,250,260.0,motorcycle,Inner,1.4273139878087702
Tailgating,514.0,260,273.0,motorcycle,Inner,2.987251623555936
Tailgating,514.0,273,272.0,motorcycle,Inner,0.972376546541271
Tailgating,514.0,247,213.0,motorcycle,Inner,1.4954688471850672
Tailgating,514.0,237,56.0,motorcycle,Inner,2.5017166714058576
Tailgating,515.0,226,274.0,person,Inner,0.8848908925232924
Tailgating,515.0,274,268.0,motorcycle,Inner,0.024215335556110367
Tailgating,515.0,252,250.0,person,Inner,0.0
Tailgating,515.0,250,260.0,motorcycle,Inner,1.3853564403598673
Tailgating,515.0,260,273.0,motorcycle,Inner,3.0172602853371564
Tailgating,515.0,273,272.0,motorcycle,Inner,0.9544502004263958
Tailgating,515.0,247,213.0,motorcycle,Inner,1.4540819672803558
Tailgating,515.0,237,56.0,motorcycle,Inner,2.4560499552143873
Tailgating,516.0,226,274.0,person,Inner,0.9600921658275383
Tailgating,516.0,274,268.0,motorcycle,Inner,0.02501810833076359
Tailgating,516.0,252,250.0,person,Inner,0.0
Tailgating,516.0,250,260.0,motorcycle,Inner,1.3574184182215443
Tailgating,516.0,273,272.0,motorcycle,Inner,0.9550435791589811
Tailgating,516.0,71,135.0,car,Inner,1.5049070850803006
Tailgating,516.0,247,213.0,motorcycle,Inner,1.4126010864274907
Tailgating,516.0,237,56.0,motorcycle,Inner,2.400223144193999
Tailgating,517.0,226,274.0,person,Inner,1.0376155806751457
Tailgating,517.0,274,268.0,motorcycle,Inner,0.020992704542077946
Tailgating,517.0,252,250.0,person,Inner,0.0024569714675054953
Tailgating,517.0,250,260.0,motorcycle,Inner,1.3294002365192066
Tailgating,517.0,273,272.0,motorcycle,Inner,0.9595103228710127
Tailgating,517.0,71,135.0,car,Inner,1.538044853610876
Tailgating,517.0,44,204.0,motorcycle,Inner,3.607112520328809
Tailgating,517.0,247,213.0,motorcycle,Inner,1.3662198365500324
Tailgating,517.0,213,237.0,person,Inner,1.1597448119879077
Tailgating,517.0,237,56.0,motorcycle,Inner,2.34416162114876
Tailgating,517.0,55,262.0,car,Outer,1.4311706307289476
Tailgating,518.0,226,274.0,person,Inner,1.1091008523182089
Tailgating,518.0,274,268.0,motorcycle,Inner,0.016824145410680773
Tailgating,518.0,252,250.0,person,Inner,0.008182802701289888
Tailgating,518.0,250,260.0,motorcycle,Inner,1.30219514613035
Tailgating,518.0,273,272.0,motorcycle,Inner,0.9639495337096514
Tailgating,518.0,44,204.0,motorcycle,Inner,3.6251028374996754
Tailgating,518.0,247,213.0,motorcycle,Inner,1.331955583110749
Tailgating,518.0,213,237.0,person,Inner,1.2030446727072783
Tailgating,518.0,237,56.0,motorcycle,Inner,2.305568712659319
Tailgating,518.0,55,262.0,car,Outer,1.475644972926998
Tailgating,519.0,226,274.0,person,Inner,1.1743169026775624
Tailgating,519.0,274,268.0,motorcycle,Inner,0.021655427917714538
Tailgating,519.0,252,250.0,person,Inner,0.0
Tailgating,519.0,250,260.0,motorcycle,Inner,1.3045936674101328
Tailgating,519.0,273,272.0,motorcycle,Inner,0.9552078358429287
Tailgating,519.0,272,284.0,motorcycle,Inner,0.06610050574083132
Tailgating,519.0,135,44.0,motorcycle,Inner,0.27217966762375045
Tailgating,519.0,44,204.0,motorcycle,Inner,3.6427235866801997
Tailgating,519.0,247,213.0,motorcycle,Inner,1.2976805496262975
Tailgating,519.0,213,237.0,person,Inner,1.2483393410142631
Tailgating,519.0,237,56.0,motorcycle,Inner,2.2581113110454956
Tailgating,519.0,55,262.0,car,Outer,1.5105875645270845
Tailgating,520.0,226,274.0,person,Inner,1.249462964840143
Tailgating,520.0,252,250.0,person,Inner,0.0
Tailgating,520.0,250,260.0,motorcycle,Inner,1.3065814301930352
Tailgating,520.0,273,272.0,motorcycle,Inner,0.9542835531064205
Tailgating,520.0,272,284.0,motorcycle,Inner,0.053679044043660834
Tailgating,520.0,135,44.0,motorcycle,Inner,0.3675226774313116
Tailgating,520.0,44,204.0,motorcycle,Inner,3.6707715697982666
Tailgating,520.0,247,213.0,motorcycle,Inner,1.2729520682440756
Tailgating,520.0,213,237.0,person,Inner,1.294813013595416
Tailgating,520.0,237,56.0,motorcycle,Inner,2.198760709278893
Tailgating,520.0,55,262.0,car,Outer,1.567819851571769
Tailgating,521.0,226,274.0,person,Inner,1.3230670381842575
Tailgating,521.0,250,252.0,motorcycle,Inner,0.011563794516468365
Tailgating,521.0,252,260.0,person,Inner,1.3004648555737885
Tailgating,521.0,273,272.0,motorcycle,Inner,0.9400063715467465
Tailgating,521.0,272,284.0,motorcycle,Inner,0.06010749625732346
Tailgating,521.0,135,44.0,motorcycle,Inner,0.4628464481443888
Tailgating,521.0,44,204.0,motorcycle,Inner,3.706141114517507
Tailgating,521.0,247,213.0,motorcycle,Inner,1.2385721521303616
Tailgating,521.0,213,237.0,person,Inner,1.351977918607861
Tailgating,521.0,237,56.0,motorcycle,Inner,2.1500085679289986
Tailgating,521.0,55,262.0,car,Outer,1.6214180739735333
Tailgating,522.0,226,274.0,person,Inner,1.3978819871126702
Tailgating,522.0,250,252.0,motorcycle,Inner,0.02322169688910688
Tailgating,522.0,252,260.0,person,Inner,1.281732884950193
Tailgating,522.0,273,272.0,motorcycle,Inner,0.9442931633925121
Tailgating,522.0,272,284.0,motorcycle,Inner,0.0506134649955671
Tailgating,522.0,135,44.0,motorcycle,Inner,0.5534233542661999
Tailgating,522.0,44,204.0,motorcycle,Inner,3.7444678265592386
Tailgating,522.0,247,213.0,motorcycle,Inner,1.2160799451129567
Tailgating,522.0,237,56.0,motorcycle,Inner,2.092524410318491
Tailgating,522.0,55,262.0,car,Outer,1.6751056312056642
Tailgating,523.0,226,274.0,person,Inner,1.4778947422249464
Tailgating,523.0,250,252.0,motorcycle,Inner,0.05706804797212967
Tailgating,523.0,252,260.0,person,Inner,1.2487810075662942
Tailgating,523.0,273,272.0,motorcycle,Inner,0.9336447234757147
Tailgating,523.0,272,284.0,motorcycle,Inner,0.034749835655216124
Tailgating,523.0,135,44.0,motorcycle,Inner,0.6563495905227835
Tailgating,523.0,44,204.0,motorcycle,Inner,3.7808054433728704
Tailgating,523.0,247,213.0,motorcycle,Inner,1.1934838798859808
Tailgating,523.0,237,56.0,motorcycle,Inner,2.05483285702637
Tailgating,523.0,55,262.0,car,Outer,1.7249607742934638
Tailgating,524.0,226,274.0,person,Inner,1.5489968107934702
Tailgating,524.0,250,252.0,motorcycle,Inner,0.0630303878745453
Tailgating,524.0,252,260.0,person,Inner,1.2509384555815335
Tailgating,524.0,273,272.0,motorcycle,Inner,0.9359465705230141
Tailgating,524.0,272,284.0,motorcycle,Inner,0.021925161466233776
Tailgating,524.0,135,44.0,motorcycle,Inner,0.7825149755227743
Tailgating,524.0,44,204.0,motorcycle,Inner,3.8138857195517613
Tailgating,524.0,247,213.0,motorcycle,Inner,1.163134794424878
Tailgating,524.0,237,56.0,motorcycle,Inner,1.9835821379625314
Tailgating,525.0,226,274.0,person,Inner,1.618763310316602
Tailgating,525.0,250,252.0,motorcycle,Inner,0.06908968454308574
Tailgating,525.0,252,260.0,person,Inner,1.2316681642502518
Tailgating,525.0,273,272.0,motorcycle,Inner,0.9345006414360826
Tailgating,525.0,272,284.0,motorcycle,Inner,0.008979955314626867
Tailgating,525.0,135,44.0,motorcycle,Inner,0.8914252492904506
Tailgating,525.0,44,204.0,motorcycle,Inner,3.8487272175876863
Tailgating,525.0,247,213.0,motorcycle,Inner,1.1401854286672053
Tailgating,525.0,237,56.0,motorcycle,Inner,1.9252232817225592
Tailgating,526.0,226,274.0,person,Inner,1.6895857793005606
Tailgating,526.0,250,260.0,motorcycle,Inner,1.2925024730499826
Tailgating,526.0,273,272.0,motorcycle,Inner,0.9363131672172099
Tailgating,526.0,272,284.0,motorcycle,Inner,0.015295544191688411
Tailgating,526.0,135,44.0,motorcycle,Inner,0.9773087110022838
Tailgating,526.0,44,204.0,motorcycle,Inner,3.893883581603533
Tailgating,526.0,247,213.0,motorcycle,Inner,1.126640887902733
Tailgating,526.0,237,56.0,motorcycle,Inner,1.876068825265696
Tailgating,527.0,226,274.0,person,Inner,1.7591644371439257
Tailgating,527.0,250,260.0,motorcycle,Inner,1.2495678217385646
Tailgating,527.0,260,283.0,motorcycle,Inner,1.0272142993422622
Tailgating,527.0,273,272.0,motorcycle,Inner,0.934559373370962
Tailgating,527.0,272,284.0,motorcycle,Inner,0.015159023188670224
Tailgating,527.0,44,204.0,motorcycle,Inner,3.94930001245251
Tailgating,527.0,247,213.0,motorcycle,Inner,1.0934042388915461
Tailgating,527.0,237,56.0,motorcycle,Inner,1.8065833574212575
Tailgating,528.0,226,274.0,person,Inner,1.816005860791785
Tailgating,528.0,250,260.0,motorcycle,Inner,1.1988195408302187
Tailgating,528.0,260,283.0,motorcycle,Inner,1.0642309061958792
Tailgating,528.0,273,272.0,motorcycle,Inner,0.9362141632602946
Tailgating,528.0,272,284.0,motorcycle,Inner,0.012040483478157787
Tailgating,528.0,247,213.0,motorcycle,Inner,1.0700186469719577
Tailgating,528.0,237,56.0,motorcycle,Inner,1.7488131112495198
Tailgating,529.0,226,274.0,person,Inner,1.876509034323424
Tailgating,529.0,250,260.0,motorcycle,Inner,1.1402642161778038
Tailgating,529.0,260,283.0,motorcycle,Inner,1.0950667006503216
Tailgating,529.0,273,272.0,motorcycle,Inner,0.9319831438776585
Tailgating,529.0,272,284.0,motorcycle,Inner,0.0059727442047478275
Tailgating,529.0,135,44.0,motorcycle,Inner,1.053326606462818
Tailgating,529.0,247,213.0,motorcycle,Inner,1.0384597115278682
Tailgating,529.0,237,56.0,motorcycle,Inner,1.699948964724738
Tailgating,530.0,226,274.0,person,Inner,1.952418355476524
Tailgating,530.0,250,260.0,motorcycle,Inner,1.0813063216874972
Tailgating,530.0,260,283.0,motorcycle,Inner,1.1273750188627465
Tailgating,530.0,273,272.0,motorcycle,Inner,0.9391843328893158
Tailgating,530.0,272,284.0,motorcycle,Inner,0.0
Tailgating,530.0,135,44.0,motorcycle,Inner,1.024811535200576
Tailgating,530.0,247,213.0,motorcycle,Inner,1.0067791917112772
Tailgating,530.0,237,56.0,motorcycle,Inner,1.6402355696867772
Tailgating,531.0,226,274.0,person,Inner,2.012702005927372
Tailgating,531.0,250,260.0,motorcycle,Inner,1.0141480128164977
Tailgating,531.0,260,283.0,motorcycle,Inner,1.16745962517487
Tailgating,531.0,273,272.0,motorcycle,Inner,0.9275222351485394
Tailgating,531.0,272,284.0,motorcycle,Inner,0.006627004426348206
Tailgating,531.0,135,44.0,motorcycle,Inner,0.9943325333223817
Tailgating,531.0,247,213.0,motorcycle,Inner,0.9848287767537235
Tailgating,531.0,237,56.0,motorcycle,Inner,1.590673111850857
Tailgating,532.0,226,268.0,person,Inner,2.078849445154508
Tailgating,532.0,250,260.0,motorcycle,Inner,0.9323618262405845
Tailgating,532.0,260,283.0,motorcycle,Inner,1.2091478349035065
Tailgating,532.0,273,284.0,motorcycle,Inner,0.9146657708734156
Tailgating,532.0,284,272.0,motorcycle,Inner,0.005823241459273007
Tailgating,532.0,135,44.0,motorcycle,Inner,0.9683538012565576
Tailgating,532.0,247,213.0,motorcycle,Inner,0.9639846283405046
Tailgating,532.0,237,56.0,motorcycle,Inner,1.5317915912909494
Tailgating,533.0,226,274.0,person,Inner,2.1332325668007295
Tailgating,533.0,250,260.0,motorcycle,Inner,0.8788895117638503
Tailgating,533.0,260,278.0,motorcycle,Inner,1.0901218420419276
Tailgating,533.0,273,284.0,motorcycle,Inner,0.9181555570159012
Tailgating,533.0,284,272.0,motorcycle,Inner,0.0028836999903030873
Tailgating,533.0,135,44.0,motorcycle,Inner,0.9283258453989884
Tailgating,533.0,247,213.0,motorcycle,Inner,0.9313229703478986
Tailgating,533.0,237,56.0,motorcycle,Inner,1.4835432264253685
Tailgating,534.0,171,226.0,car,Inner,0.3163803803011715
Tailgating,534.0,226,268.0,person,Inner,2.2054110910004274
Tailgating,534.0,252,250.0,person,Inner,0.04751096905210295
Tailgating,534.0,250,260.0,motorcycle,Inner,0.8344955437112008
Tailgating,534.0,260,278.0,motorcycle,Inner,1.1344109075948507
Tailgating,534.0,273,284.0,motorcycle,Inner,0.8454589463642175
Tailgating,534.0,284,272.0,motorcycle,Inner,0.07191304804477955
Tailgating,534.0,247,213.0,motorcycle,Inner,0.9003876532744115
Tailgating,534.0,237,56.0,motorcycle,Inner,1.4335078416422415
Tailgating,535.0,171,226.0,car,Inner,0.24265096409590675
Tailgating,535.0,226,274.0,person,Inner,2.25975898728699
Tailgating,535.0,252,250.0,person,Inner,0.027470025106217547
Tailgating,535.0,250,260.0,motorcycle,Inner,0.7764715061058419
Tailgating,535.0,260,278.0,motorcycle,Inner,1.1723487883621113
Tailgating,535.0,278,283.0,person,Inner,0.11371611156381847
Tailgating,535.0,273,284.0,motorcycle,Inner,0.7376590848143191
Tailgating,535.0,284,272.0,motorcycle,Inner,0.17272817402368065
Tailgating,535.0,247,213.0,motorcycle,Inner,0.879605358802336
Tailgating,535.0,237,56.0,motorcycle,Inner,1.3832258127237311
Tailgating,536.0,171,226.0,car,Inner,0.1624318450209514
Tailgating,536.0,226,274.0,person,Inner,2.3259545447811996
Tailgating,536.0,252,250.0,person,Inner,0.01649293462506028
Tailgating,536.0,250,291.0,motorcycle,Inner,0.6770194090562758
Tailgating,536.0,260,278.0,motorcycle,Inner,1.2165537401925248
Tailgating,536.0,273,284.0,motorcycle,Inner,0.6392283966656288
Tailgating,536.0,284,272.0,motorcycle,Inner,0.25101455685533675
Tailgating,536.0,247,213.0,motorcycle,Inner,0.8441145465414766
Tailgating,536.0,237,56.0,motorcycle,Inner,1.3346148212488378
Tailgating,537.0,171,226.0,car,Inner,0.09133851268065077
Tailgating,537.0,226,274.0,person,Inner,2.3799200438628114
Tailgating,537.0,252,250.0,person,Inner,0.012365057841432452
Tailgating,537.0,250,291.0,motorcycle,Inner,0.6483116872852548
Tailgating,537.0,273,284.0,motorcycle,Inner,0.5572682621349598
Tailgating,537.0,284,272.0,motorcycle,Inner,0.3235169670163878
Tailgating,537.0,247,213.0,motorcycle,Inner,0.8124606619518028
Tailgating,537.0,237,56.0,motorcycle,Inner,1.2838720076830918
Tailgating,537.0,132,244.0,person,Inner,0.598144262227524
Tailgating,538.0,171,226.0,car,Inner,0.028781758470684485
Tailgating,538.0,226,274.0,person,Inner,2.436025557917641
Tailgating,538.0,252,250.0,person,Inner,0.012674529869128
Tailgating,538.0,250,291.0,motorcycle,Inner,0.6218021587032655
Tailgating,538.0,273,284.0,motorcycle,Inner,0.4660337818700405
Tailgating,538.0,284,272.0,motorcycle,Inner,0.40277229060857467
Tailgating,538.0,247,213.0,motorcycle,Inner,0.7889804274104024
Tailgating,538.0,237,56.0,motorcycle,Inner,1.2328747542316176
Tailgating,539.0,226,171.0,person,Inner,0.043006904554002474
Tailgating,539.0,171,274.0,car,Inner,2.0916340469396046
Tailgating,539.0,252,250.0,person,Inner,0.003129307394007299
Tailgating,539.0,250,291.0,motorcycle,Inner,0.6096027326449647
Tailgating,539.0,278,273.0,person,Inner,2.5230870633667877
Tailgating,539.0,273,284.0,motorcycle,Inner,0.3655984797553951
Tailgating,539.0,284,272.0,motorcycle,Inner,0.4979209194291562
Tailgating,539.0,247,213.0,motorcycle,Inner,0.7652893060087866
Tailgating,539.0,237,56.0,motorcycle,Inner,1.172874271151663
Tailgating,540.0,226,171.0,person,Inner,0.11399174259467248
Tailgating,540.0,171,274.0,car,Inner,2.070855995487748
Tailgating,540.0,250,252.0,motorcycle,Inner,0.0
Tailgating,540.0,252,291.0,person,Inner,0.5677801921465395
Tailgating,540.0,273,284.0,motorcycle,Inner,0.23575120670847166
Tailgating,540.0,284,272.0,motorcycle,Inner,0.6159140229639349
Tailgating,540.0,247,213.0,motorcycle,Inner,0.741635554760404
Tailgating,540.0,237,56.0,motorcycle,Inner,1.1015303901522375
Tailgating,541.0,226,171.0,person,Inner,0.18227028628420144
Tailgating,541.0,171,274.0,car,Inner,2.069049787587068
Tailgating,541.0,250,252.0,motorcycle,Inner,0.0
Tailgating,541.0,252,260.0,person,Inner,0.5460540308793458
Tailgating,541.0,273,284.0,motorcycle,Inner,0.16893985825102853
Tailgating,541.0,284,272.0,motorcycle,Inner,0.6824195822905444
Tailgating,541.0,247,213.0,motorcycle,Inner,0.7175210419824497
Tailgating,541.0,237,56.0,motorcycle,Inner,1.0515719404309858
Tailgating,542.0,226,171.0,person,Inner,0.2558004210076141
Tailgating,542.0,171,274.0,car,Inner,2.0478505825793394
Tailgating,542.0,250,252.0,motorcycle,Inner,0.00614347477497734
Tailgating,542.0,252,260.0,person,Inner,0.5114849939054311
Tailgating,542.0,273,284.0,motorcycle,Inner,0.13733952771754004
Tailgating,542.0,284,272.0,motorcycle,Inner,0.7011079200029839
Tailgating,542.0,247,213.0,motorcycle,Inner,0.6913777091693905
Tailgating,542.0,237,56.0,motorcycle,Inner,0.9837742593922458
Tailgating,543.0,226,171.0,person,Inner,0.32931500664425534
Tailgating,543.0,171,274.0,car,Inner,2.0271212701139203
Tailgating,543.0,250,252.0,motorcycle,Inner,0.0
Tailgating,543.0,252,260.0,person,Inner,0.4757254660164581
Tailgating,543.0,273,284.0,motorcycle,Inner,0.10577772024251493
Tailgating,543.0,284,272.0,motorcycle,Inner,0.7482393148366194
Tailgating,543.0,247,213.0,motorcycle,Inner,0.6650566015332219
Tailgating,543.0,237,56.0,motorcycle,Inner,0.9046820820808368
Tailgating,543.0,55,262.0,car,Outer,1.6204789937441046
Tailgating,544.0,226,171.0,person,Inner,0.3892168670508275
Tailgating,544.0,171,274.0,car,Inner,2.0184546181854723
Tailgating,544.0,250,252.0,motorcycle,Inner,0.0061863586116558
Tailgating,544.0,252,260.0,person,Inner,0.43409138573094636
Tailgating,544.0,273,284.0,motorcycle,Inner,0.051933718428093856
Tailgating,544.0,284,272.0,motorcycle,Inner,0.7957666020385028
Tailgating,544.0,247,213.0,motorcycle,Inner,0.6365145033074938
Tailgating,544.0,237,56.0,motorcycle,Inner,0.852316125293896
Tailgating,544.0,55,262.0,car,Outer,1.5847240037867072
Tailgating,545.0,226,171.0,person,Inner,0.47107112709494153
Tailgating,545.0,171,274.0,car,Inner,1.987601094094692
Tailgating,545.0,250,252.0,motorcycle,Inner,0.007837700073891056
Tailgating,545.0,252,291.0,person,Inner,0.3842924666943649
Tailgating,545.0,284,273.0,motorcycle,Inner,0.005597877739874512
Tailgating,545.0,273,272.0,motorcycle,Inner,0.8461111950006245
Tailgating,545.0,247,213.0,motorcycle,Inner,0.5900720143337453
Tailgating,545.0,237,56.0,motorcycle,Inner,0.7822255597914207
Tailgating,545.0,55,262.0,car,Outer,1.5536849103537673
Tailgating,546.0,226,171.0,person,Inner,0.5419321082794142
Tailgating,546.0,171,274.0,car,Inner,1.969369423328679
Tailgating,546.0,250,252.0,motorcycle,Inner,0.014052442134428366
Tailgating,546.0,252,291.0,person,Inner,0.3342418133529687
Tailgating,546.0,284,273.0,motorcycle,Inner,0.05385081959488368
Tailgating,546.0,273,272.0,motorcycle,Inner,0.8183475804966082
Tailgating,546.0,247,213.0,motorcycle,Inner,0.5594901322298026
Tailgating,546.0,237,56.0,motorcycle,Inner,0.7181137541525561
Tailgating,546.0,55,262.0,car,Outer,1.5002209901947712
Tailgating,547.0,226,171.0,person,Inner,0.6153955551748159
Tailgating,547.0,171,274.0,car,Inner,1.9473287914853517
Tailgating,547.0,250,252.0,motorcycle,Inner,0.02185827043651144
Tailgating,547.0,252,291.0,person,Inner,0.27716729756213193
Tailgating,547.0,284,273.0,motorcycle,Inner,0.06679910443298537
Tailgating,547.0,273,272.0,motorcycle,Inner,0.8103484503286231
Tailgating,547.0,247,213.0,motorcycle,Inner,0.5217827592159476
Tailgating,547.0,237,56.0,motorcycle,Inner,0.6609473638492399
Tailgating,547.0,55,262.0,car,Outer,1.4557359258894904
Tailgating,548.0,226,171.0,person,Inner,0.6881730987712752
Tailgating,548.0,171,274.0,car,Inner,1.9327516133853635
Tailgating,548.0,250,252.0,motorcycle,Inner,0.02184843229281812
Tailgating,548.0,252,291.0,person,Inner,0.24974905143207568
Tailgating,548.0,284,273.0,motorcycle,Inner,0.07610651639799834
Tailgating,548.0,273,272.0,motorcycle,Inner,0.7927550235898805
Tailgating,548.0,247,213.0,motorcycle,Inner,0.4730635223723913
Tailgating,548.0,237,56.0,motorcycle,Inner,0.6296726826990267
Tailgating,548.0,55,262.0,car,Outer,1.4201925249079927
Tailgating,549.0,226,171.0,person,Inner,0.7616483373799701
Tailgating,549.0,171,274.0,car,Inner,1.9032745703392533
Tailgating,549.0,250,252.0,motorcycle,Inner,0.01553539293150812
Tailgating,549.0,252,291.0,person,Inner,0.2082648801253507
Tailgating,549.0,284,273.0,motorcycle,Inner,0.08900511916167474
Tailgating,549.0,273,272.0,motorcycle,Inner,0.7750115917153966
Tailgating,549.0,247,213.0,motorcycle,Inner,0.4348762520396096
Tailgating,549.0,237,56.0,motorcycle,Inner,0.5629509434088708
Tailgating,549.0,244,32.0,person,Inner,1.9100997308218013
Tailgating,550.0,226,171.0,person,Inner,0.8408677640694635
Tailgating,550.0,171,274.0,car,Inner,1.8896347904625872
Tailgating,550.0,250,252.0,motorcycle,Inner,0.03098002434919891
Tailgating,550.0,252,291.0,person,Inner,0.14435266470986474
Tailgating,550.0,284,273.0,motorcycle,Inner,0.08896403695404351
Tailgating,550.0,273,272.0,motorcycle,Inner,0.7663709300165509
Tailgating,550.0,247,213.0,motorcycle,Inner,0.3965418250516072
Tailgating,550.0,237,56.0,motorcycle,Inner,0.5155627474476486
Tailgating,551.0,226,171.0,person,Inner,0.9169838176790857
Tailgating,551.0,171,274.0,car,Inner,1.8646787538298548
Tailgating,551.0,250,252.0,motorcycle,Inner,0.03862496556615036
Tailgating,551.0,252,291.0,person,Inner,0.10332505168637666
Tailgating,551.0,284,273.0,motorcycle,Inner,0.08892555946930816
Tailgating,551.0,273,272.0,motorcycle,Inner,0.7485237247147103
Tailgating,551.0,247,213.0,motorcycle,Inner,0.3597771255059606
Tailgating,551.0,237,56.0,motorcycle,Inner,0.4725187735312878
Tailgating,551.0,282,132.0,motorcycle,Inner,1.4386377153978616
Tailgating,552.0,226,171.0,person,Inner,0.9871861832762444
Tailgating,552.0,171,274.0,car,Inner,1.8667818281306927
Tailgating,552.0,250,291.0,motorcycle,Inner,0.08937652170086763
Tailgating,552.0,278,284.0,person,Inner,2.7153519891418685
Tailgating,552.0,284,273.0,motorcycle,Inner,0.07949959547619971
Tailgating,552.0,273,272.0,motorcycle,Inner,0.7495352963899377
Tailgating,552.0,247,213.0,motorcycle,Inner,0.31927737221599783
Tailgating,552.0,237,56.0,motorcycle,Inner,0.42653334476034965
Tailgating,552.0,282,132.0,motorcycle,Inner,1.38196808088675
Tailgating,552.0,5,252.0,motorcycle,Outer,2.0383610660977345
Tailgating,553.0,226,171.0,person,Inner,1.0625869501832128
Tailgating,553.0,171,274.0,car,Inner,1.8500278706139808
Tailgating,553.0,278,283.0,person,Inner,0.038226490394947694
Tailgating,553.0,284,273.0,motorcycle,Inner,0.05725069036989784
Tailgating,553.0,273,272.0,motorcycle,Inner,0.7636032366847871
Tailgating,553.0,204,20.0,motorcycle,Inner,1.4730243598766801
Tailgating,553.0,247,213.0,motorcycle,Inner,0.2710564602812801
Tailgating,553.0,237,56.0,motorcycle,Inner,0.3693592342552129
Tailgating,553.0,282,132.0,motorcycle,Inner,1.3257103444930383
Tailgating,553.0,250,252.0,motorcycle,Outer,0.024367317931123955
Tailgating,554.0,226,171.0,person,Inner,1.1418318408224786
Tailgating,554.0,171,274.0,car,Inner,1.83808613791165
Tailgating,554.0,278,283.0,person,Inner,0.12801471095026154
Tailgating,554.0,283,284.0,motorcycle,Inner,2.738178388601893
Tailgating,554.0,284,273.0,motorcycle,Inner,0.05382060378450055
Tailgating,554.0,273,272.0,motorcycle,Inner,0.767300332855119
Tailgating,554.0,204,20.0,motorcycle,Inner,1.4466431864814
Tailgating,554.0,247,213.0,motorcycle,Inner,0.22063725705820159
Tailgating,554.0,282,132.0,motorcycle,Inner,1.2621020568176577
Tailgating,554.0,5,252.0,motorcycle,Outer,2.1429977774971114
Tailgating,554.0,252,250.0,person,Outer,0.05032235576468873
Tailgating,555.0,226,171.0,person,Inner,1.2218269706353466
Tailgating,555.0,171,274.0,car,Inner,1.8188861043591165
Tailgating,555.0,278,283.0,person,Inner,0.2232561024940977
Tailgating,555.0,283,284.0,motorcycle,Inner,2.7448577128478044
Tailgating,555.0,284,273.0,motorcycle,Inner,0.04439530847348653
Tailgating,555.0,273,272.0,motorcycle,Inner,0.773463920360124
Tailgating,555.0,204,20.0,motorcycle,Inner,1.425008723973193
Tailgating,555.0,247,213.0,motorcycle,Inner,0.18081786726904142
Tailgating,555.0,282,132.0,motorcycle,Inner,1.2139283998897399
Tailgating,555.0,244,32.0,person,Inner,1.9384776184837549
Tailgating,555.0,5,252.0,motorcycle,Outer,2.215679324109955
Tailgating,555.0,252,250.0,person,Outer,0.1943025774544547
Tailgating,556.0,226,171.0,person,Inner,1.2945860663482072
Tailgating,556.0,171,274.0,car,Inner,1.8077889149630717
Tailgating,556.0,278,283.0,person,Inner,0.3004534113772947
Tailgating,556.0,204,20.0,motorcycle,Inner,1.3907325921536
Tailgating,556.0,247,213.0,motorcycle,Inner,0.14069619287327648
Tailgating,556.0,282,132.0,motorcycle,Inner,1.15138230694779
Tailgating,556.0,244,32.0,person,Inner,1.8756587558782258
Tailgating,556.0,252,250.0,person,Outer,0.37402877516210287
Tailgating,557.0,226,171.0,person,Inner,1.3661484354811593
Tailgating,557.0,171,274.0,car,Inner,1.7926842834363508
Tailgating,557.0,250,278.0,motorcycle,Inner,0.7741746130109303
Tailgating,557.0,278,283.0,person,Inner,0.3701560175613894
Tailgating,557.0,204,20.0,motorcycle,Inner,1.3608904663431096
Tailgating,557.0,247,213.0,motorcycle,Inner,0.10026671524789393
Tailgating,557.0,282,132.0,motorcycle,Inner,1.102311886084233
Tailgating,557.0,244,32.0,person,Inner,1.865962976000203
Tailgating,557.0,287,226.0,motorcycle,Inner,1.0514585149887548
Tailgating,558.0,287,226.0,motorcycle,Inner,0.9627673197426757
Tailgating,558.0,226,171.0,person,Inner,1.439648522411873
Tailgating,558.0,171,274.0,car,Inner,1.7663809404134205
Tailgating,558.0,250,278.0,motorcycle,Inner,0.4776271859970728
Tailgating,558.0,278,283.0,person,Inner,0.41275529993114063
Tailgating,558.0,204,20.0,motorcycle,Inner,1.3393790319581003
Tailgating,558.0,247,213.0,motorcycle,Inner,0.0689451517643491
Tailgating,558.0,282,132.0,motorcycle,Inner,1.0515843524192343
Tailgating,558.0,5,252.0,motorcycle,Outer,2.220613036940419
Tailgating,559.0,287,226.0,motorcycle,Inner,0.8746614442584904
Tailgating,559.0,226,171.0,person,Inner,1.4995946594270604
Tailgating,559.0,171,274.0,car,Inner,1.7627052614090137
Tailgating,559.0,250,278.0,motorcycle,Inner,0.19446150856350644
Tailgating,559.0,278,283.0,person,Inner,0.42714325528586183
Tailgating,559.0,204,20.0,motorcycle,Inner,1.3179479906063551
Tailgating,559.0,247,213.0,motorcycle,Inner,0.03686845407256415
Tailgating,559.0,282,132.0,motorcycle,Inner,1.0097094032340166
Tailgating,559.0,5,252.0,motorcycle,Outer,2.2030282877085043
Tailgating,560.0,287,226.0,motorcycle,Inner,0.7862743207721031
Tailgating,560.0,226,171.0,person,Inner,1.5704207803506731
Tailgating,560.0,171,274.0,car,Inner,1.7496917125375802
Tailgating,560.0,250,283.0,motorcycle,Inner,0.3396035389877395
Tailgating,560.0,204,20.0,motorcycle,Inner,1.2916053270420795
Tailgating,560.0,247,213.0,motorcycle,Inner,0.005101291268835194
Tailgating,560.0,282,132.0,motorcycle,Inner,0.9597116052989222
Tailgating,561.0,287,226.0,motorcycle,Inner,0.7108890040320763
Tailgating,561.0,226,171.0,person,Inner,1.643936242651943
Tailgating,561.0,171,274.0,car,Inner,1.7325124852225828
Tailgating,561.0,44,180.0,motorcycle,Inner,3.728373824516253
Tailgating,561.0,180,204.0,motorcycle,Inner,1.5996024920095486
Tailgating,561.0,204,20.0,motorcycle,Inner,1.2702875265299616
Tailgating,561.0,247,56.0,motorcycle,Inner,3.077568814763021
Tailgating,561.0,282,132.0,motorcycle,Inner,0.918597159186415
Tailgating,562.0,287,226.0,motorcycle,Inner,0.6227434659769849
Tailgating,562.0,226,171.0,person,Inner,1.7058788561131502
Tailgating,562.0,171,274.0,car,Inner,1.721482072977749
Tailgating,562.0,180,204.0,motorcycle,Inner,1.2789950756735204
Tailgating,562.0,204,20.0,motorcycle,Inner,1.2439730106148876
Tailgating,562.0,247,56.0,motorcycle,Inner,3.0314822985375356
Tailgating,562.0,282,132.0,motorcycle,Inner,0.8572790196995257
Tailgating,563.0,287,226.0,motorcycle,Inner,0.5562739123002742
Tailgating,563.0,226,171.0,person,Inner,1.7573814624658874
Tailgating,563.0,171,274.0,car,Inner,1.7153657227658432
Tailgating,563.0,180,204.0,motorcycle,Inner,0.9770740618466407
Tailgating,563.0,204,20.0,motorcycle,Inner,1.2176552417381192
Tailgating,563.0,247,56.0,motorcycle,Inner,2.975017719096755
Tailgating,563.0,282,132.0,motorcycle,Inner,0.7993792287891489
Tailgating,563.0,134,90.0,motorcycle,Outer,2.8045477297691193
Tailgating,564.0,287,226.0,motorcycle,Inner,0.46838742897364954
Tailgating,564.0,226,171.0,person,Inner,1.8193535129912761
Tailgating,564.0,171,274.0,car,Inner,1.7094563451424178
Tailgating,564.0,180,204.0,motorcycle,Inner,0.6924922907267737
Tailgating,564.0,204,20.0,motorcycle,Inner,1.1964877267189102
Tailgating,564.0,247,56.0,motorcycle,Inner,2.9194825706495684
Tailgating,564.0,282,132.0,motorcycle,Inner,0.7493965434957834
Tailgating,564.0,134,90.0,motorcycle,Outer,2.8158257909157838
Tailgating,565.0,287,226.0,motorcycle,Inner,0.3934065737570815
Tailgating,565.0,226,171.0,person,Inner,1.8902144058705699
Tailgating,565.0,171,274.0,car,Inner,1.6979245268765681
Tailgating,565.0,180,204.0,motorcycle,Inner,0.41276545020577393
Tailgating,565.0,204,20.0,motorcycle,Inner,1.1664817471349342
Tailgating,565.0,20,294.0,car,Inner,0.013215128831965068
Tailgating,565.0,247,56.0,motorcycle,Inner,2.8733720042989632
Tailgating,565.0,282,132.0,motorcycle,Inner,0.6940105101941996
Tailgating,565.0,134,90.0,motorcycle,Outer,2.837392880910834
Tailgating,566.0,287,226.0,motorcycle,Inner,0.31754737785170206
Tailgating,566.0,226,171.0,person,Inner,1.952222999840215
Tailgating,566.0,171,274.0,car,Inner,1.6841919768671822
Tailgating,566.0,180,204.0,motorcycle,Inner,0.16790548914347167
Tailgating,566.0,204,20.0,motorcycle,Inner,1.1324173525998704
Tailgating,566.0,20,294.0,car,Inner,0.00925733216256512
Tailgating,566.0,247,56.0,motorcycle,Inner,2.8269936942751013
Tailgating,566.0,282,132.0,motorcycle,Inner,0.6449015863832613
Tailgating,566.0,134,90.0,motorcycle,Outer,2.8487916101788926
Tailgating,567.0,287,171.0,motorcycle,Inner,1.7987067086688946
Tailgating,567.0,171,274.0,car,Inner,1.6788911572316096
Tailgating,567.0,204,180.0,motorcycle,Inner,0.08596482236327561
Tailgating,567.0,180,20.0,motorcycle,Inner,0.9566956318596019
Tailgating,567.0,20,294.0,car,Inner,0.005340534182435586
Tailgating,567.0,247,56.0,motorcycle,Inner,2.781141086087484
Tailgating,567.0,282,132.0,motorcycle,Inner,0.587181098306198
Tailgating,567.0,55,262.0,car,Outer,1.4765831260830564
Tailgating,568.0,287,171.0,motorcycle,Inner,1.78686559592492
Tailgating,568.0,171,274.0,car,Inner,1.6738584247996802
Tailgating,568.0,204,180.0,motorcycle,Inner,0.06704614950562757
Tailgating,568.0,180,20.0,motorcycle,Inner,0.9373485457393328
Tailgating,568.0,20,294.0,car,Inner,0.006438940599401525
Tailgating,568.0,247,56.0,motorcycle,Inner,2.7460762150441216
Tailgating,568.0,282,132.0,motorcycle,Inner,0.5388600345190124
Tailgating,568.0,55,262.0,car,Outer,1.5120759764260507
Tailgating,569.0,287,171.0,motorcycle,Inner,1.7730481726965805
Tailgating,569.0,171,274.0,car,Inner,1.660689002076563
Tailgating,569.0,204,180.0,motorcycle,Inner,0.05056879961752178
Tailgating,569.0,180,20.0,motorcycle,Inner,0.9238458570620947
Tailgating,569.0,20,294.0,car,Inner,0.002601460292120429
Tailgating,569.0,247,56.0,motorcycle,Inner,2.6998698014188394
Tailgating,569.0,282,132.0,motorcycle,Inner,0.4930809613720326
Tailgating,569.0,55,262.0,car,Outer,1.5564972789501499
Tailgating,570.0,287,171.0,motorcycle,Inner,1.7687781856168459
Tailgating,570.0,171,274.0,car,Inner,1.650481705457151
Tailgating,570.0,204,180.0,motorcycle,Inner,0.051569336997864416
Tailgating,570.0,180,294.0,motorcycle,Inner,0.8931614535331289
Tailgating,570.0,247,56.0,motorcycle,Inner,2.6534660808395847
Tailgating,570.0,282,132.0,motorcycle,Inner,0.4454426126417334
Tailgating,570.0,55,262.0,car,Outer,1.6046666645145737
Tailgating,570.0,295,134.0,person,Outer,3.4056908225283724
Tailgating,571.0,287,171.0,motorcycle,Inner,1.7550185703623509
Tailgating,571.0,171,274.0,car,Inner,1.6415219647184638
Tailgating,571.0,204,180.0,motorcycle,Inner,0.02999209694699304
Tailgating,571.0,180,294.0,motorcycle,Inner,0.8746462921739259
Tailgating,571.0,247,56.0,motorcycle,Inner,2.618729762143627
Tailgating,571.0,282,132.0,motorcycle,Inner,0.3981673826582481
Tailgating,571.0,55,262.0,car,Outer,1.6484667159621176
Tailgating,571.0,295,134.0,person,Outer,3.4250718192390224
Tailgating,572.0,287,171.0,motorcycle,Inner,1.7527701018977837
Tailgating,572.0,171,274.0,car,Inner,1.6272780729393241
Tailgating,572.0,204,180.0,motorcycle,Inner,0.01267280828556125
Tailgating,572.0,180,294.0,motorcycle,Inner,0.8570251511602797
Tailgating,572.0,294,20.0,car,Inner,0.008678329153401464
Tailgating,572.0,247,56.0,motorcycle,Inner,2.563410217563536
Tailgating,572.0,282,132.0,motorcycle,Inner,0.35321153665439575
Tailgating,572.0,55,262.0,car,Outer,1.698345246824644
Tailgating,573.0,287,171.0,motorcycle,Inner,1.7393779529840283
Tailgating,573.0,171,274.0,car,Inner,1.6279149491776679
Tailgating,573.0,135,44.0,motorcycle,Inner,2.5946160561058704
Tailgating,573.0,204,180.0,motorcycle,Inner,0.005928517849265078
Tailgating,573.0,180,294.0,motorcycle,Inner,0.8303158751434786
Tailgating,573.0,294,20.0,car,Inner,0.013651602095130406
Tailgating,573.0,247,56.0,motorcycle,Inner,2.5258606842318083
Tailgating,573.0,282,132.0,motorcycle,Inner,0.3065752319962987
Tailgating,573.0,55,262.0,car,Outer,1.7519795914413483
Tailgating,574.0,287,171.0,motorcycle,Inner,1.7373059970568547
Tailgating,574.0,171,274.0,car,Inner,1.6181017178098063
Tailgating,574.0,180,204.0,motorcycle,Inner,0.011209310303875489
Tailgating,574.0,204,294.0,motorcycle,Inner,0.8645441000820202
Tailgating,574.0,294,20.0,car,Inner,0.008665747545303549
Tailgating,574.0,247,56.0,motorcycle,Inner,2.4797009534027854
Tailgating,574.0,282,132.0,motorcycle,Inner,0.2674567741638268
Tailgating,575.0,287,171.0,motorcycle,Inner,1.7240257446936054
Tailgating,575.0,171,274.0,car,Inner,1.6231527618209898
Tailgating,575.0,180,204.0,motorcycle,Inner,0.032557177791483066
Tailgating,575.0,204,294.0,motorcycle,Inner,0.8306599862066028
Tailgating,575.0,294,20.0,car,Inner,0.0086577433947733
Tailgating,575.0,247,56.0,motorcycle,Inner,2.431498083677483
Tailgating,575.0,282,132.0,motorcycle,Inner,0.22138186891364922
Tailgating,575.0,295,134.0,person,Outer,3.5329601594549094
Tailgating,576.0,287,171.0,motorcycle,Inner,1.7116363290499828
Tailgating,576.0,171,274.0,car,Inner,1.6224209118351438
Tailgating,576.0,180,204.0,motorcycle,Inner,0.03943783905156583
Tailgating,576.0,204,20.0,motorcycle,Inner,0.811003378941871
Tailgating,576.0,20,294.0,car,Inner,0.0
Tailgating,576.0,247,56.0,motorcycle,Inner,2.3849942343641835
Tailgating,576.0,282,132.0,motorcycle,Inner,0.1632714045719403
Tailgating,576.0,295,134.0,person,Outer,3.579153212476709
Tailgating,577.0,287,171.0,motorcycle,Inner,1.70768654268369
Tailgating,577.0,171,274.0,car,Inner,1.6222965193975298
Tailgating,577.0,180,204.0,motorcycle,Inner,0.05628851941526336
Tailgating,577.0,204,20.0,motorcycle,Inner,0.7771380920643852
Tailgating,577.0,20,294.0,car,Inner,0.0
Tailgating,577.0,247,56.0,motorcycle,Inner,2.3383469500311915
Tailgating,577.0,282,132.0,motorcycle,Inner,0.12751622069089635
Tailgating,577.0,295,134.0,person,Outer,3.608186777080345
Tailgating,578.0,287,171.0,motorcycle,Inner,1.7047401397152933
Tailgating,578.0,171,268.0,car,Inner,1.6279917464719422
Tailgating,578.0,274,291.0,motorcycle,Inner,0.7505267283077962
Tailgating,578.0,180,204.0,motorcycle,Inner,0.07296281282040323
Tailgating,578.0,204,20.0,motorcycle,Inner,0.7362923005358786
Tailgating,578.0,20,294.0,car,Inner,0.0
Tailgating,578.0,247,56.0,motorcycle,Inner,2.2894720122441687
Tailgating,578.0,282,132.0,motorcycle,Inner,0.08318625724574455
Tailgating,578.0,295,134.0,person,Outer,3.631405263238823
Tailgating,579.0,287,171.0,motorcycle,Inner,1.6916443180138712
Tailgating,579.0,171,268.0,car,Inner,1.6341859540753894
Tailgating,579.0,274,291.0,motorcycle,Inner,0.7001233530066824
Tailgating,579.0,180,204.0,motorcycle,Inner,0.08961705379646975
Tailgating,579.0,204,20.0,motorcycle,Inner,0.7024858223140509
Tailgating,579.0,20,294.0,car,Inner,0.005055921279967481
Tailgating,579.0,247,56.0,motorcycle,Inner,2.2608539661841256
Tailgating,579.0,282,132.0,motorcycle,Inner,0.025812660559357183
Tailgating,579.0,295,134.0,person,Outer,3.654736690851187
Tailgating,580.0,287,171.0,motorcycle,Inner,1.67829043523742
Tailgating,580.0,171,268.0,car,Inner,1.6403075217069483
Tailgating,580.0,180,204.0,motorcycle,Inner,0.10227311887030348
Tailgating,580.0,204,20.0,motorcycle,Inner,0.6762793780382245
Tailgating,580.0,20,294.0,car,Inner,0.0050689690878129474
Tailgating,580.0,247,56.0,motorcycle,Inner,2.2126418721210097
Tailgating,580.0,282,244.0,motorcycle,Inner,1.6657780152925872
Tailgating,580.0,295,134.0,person,Outer,3.675088813388709
Tailgating,581.0,287,171.0,motorcycle,Inner,1.6731155607216408
Tailgating,581.0,171,268.0,car,Inner,1.6554878474757624
Tailgating,581.0,180,204.0,motorcycle,Inner,0.11780246276000197
Tailgating,581.0,204,20.0,motorcycle,Inner,0.6279168463044532
Tailgating,581.0,20,294.0,car,Inner,0.013692195966997067
Tailgating,581.0,247,56.0,motorcycle,Inner,2.1732086341323518
Tailgating,581.0,282,244.0,motorcycle,Inner,1.6545825393094782
Tailgating,581.0,295,134.0,person,Outer,3.6863903234310373
Tailgating,582.0,287,171.0,motorcycle,Inner,1.6702189709690327
Tailgating,582.0,171,268.0,car,Inner,1.6620369636417833
Tailgating,582.0,180,204.0,motorcycle,Inner,0.1341704839323808
Tailgating,582.0,204,20.0,motorcycle,Inner,0.5942138025771191
Tailgating,582.0,20,294.0,car,Inner,0.005084235974501744
Tailgating,582.0,247,56.0,motorcycle,Inner,2.124552872516494
Tailgating,582.0,282,244.0,motorcycle,Inner,1.6393119713080737
Tailgating,582.0,295,134.0,person,Outer,3.711070172857486
Tailgating,583.0,287,171.0,motorcycle,Inner,1.655846829577613
Tailgating,583.0,171,268.0,car,Inner,1.6957284583449295
Tailgating,583.0,268,274.0,motorcycle,Inner,0.0014639992483577045
Tailgating,583.0,180,294.0,motorcycle,Inner,0.648661776327579
Tailgating,583.0,294,20.0,car,Inner,0.0
Tailgating,583.0,247,56.0,motorcycle,Inner,2.085913522167735
Tailgating,583.0,282,244.0,motorcycle,Inner,1.6189926378558808
Tailgating,583.0,295,134.0,person,Outer,3.718475146915967
Tailgating,584.0,287,171.0,motorcycle,Inner,1.647921121121726
Tailgating,584.0,171,274.0,car,Inner,1.6988622726250941
Tailgating,584.0,268,260.0,motorcycle,Inner,0.4395054313682399
Tailgating,584.0,180,294.0,motorcycle,Inner,0.6306863604172133
Tailgating,584.0,294,20.0,car,Inner,0.0
Tailgating,584.0,247,56.0,motorcycle,Inner,2.047081271968063
Tailgating,584.0,282,244.0,motorcycle,Inner,1.6045178236271416
Tailgating,584.0,295,134.0,person,Outer,3.730088653005539
Tailgating,585.0,287,171.0,motorcycle,Inner,1.6321800228438679
Tailgating,585.0,171,274.0,car,Inner,1.706656824941795
Tailgating,585.0,268,260.0,motorcycle,Inner,0.3459190004959856
Tailgating,585.0,180,294.0,motorcycle,Inner,0.6170678922932493
Tailgating,585.0,294,20.0,car,Inner,0.0
Tailgating,585.0,247,56.0,motorcycle,Inner,2.009133872890557
Tailgating,585.0,282,244.0,motorcycle,Inner,1.584860213102613
Tailgating,585.0,295,134.0,person,Outer,3.742641142221926
Tailgating,586.0,287,171.0,motorcycle,Inner,1.6383619382991643
Tailgating,586.0,171,274.0,car,Inner,1.704982428655182
Tailgating,586.0,268,260.0,motorcycle,Inner,0.25229591488166986
Tailgating,586.0,278,250.0,person,Inner,3.133596823491013
Tailgating,586.0,180,20.0,motorcycle,Inner,0.5857711745118491
Tailgating,586.0,20,294.0,car,Inner,0.008582759171649853
Tailgating,586.0,247,56.0,motorcycle,Inner,1.9585532788554854
Tailgating,586.0,282,244.0,motorcycle,Inner,1.5578060949338783
Tailgating,586.0,226,300.0,person,Outer,1.2538156117517505
Tailgating,586.0,295,134.0,person,Outer,3.746186793703473
Tailgating,587.0,287,171.0,motorcycle,Inner,1.630220344230738
Tailgating,587.0,171,274.0,car,Inner,1.7133298063492755
Tailgating,587.0,268,260.0,motorcycle,Inner,0.15863326767905359
Tailgating,587.0,278,250.0,person,Inner,3.163992892750856
Tailgating,587.0,180,20.0,motorcycle,Inner,0.5667787820310629
Tailgating,587.0,20,294.0,car,Inner,0.01886346295096572
Tailgating,587.0,247,56.0,motorcycle,Inner,1.921639942985196
Tailgating,587.0,282,244.0,motorcycle,Inner,1.548018050203646
Tailgating,587.0,226,300.0,person,Outer,1.2717342070118283
Tailgating,587.0,295,134.0,person,Outer,3.7498122952920134
Tailgating,587.0,134,90.0,motorcycle,Outer,2.8406882526709807
Tailgating,588.0,287,171.0,motorcycle,Inner,1.6363451417697297
Tailgating,588.0,171,274.0,car,Inner,1.7079196643112824
Tailgating,588.0,268,260.0,motorcycle,Inner,0.0739855480335529
Tailgating,588.0,278,250.0,person,Inner,3.2114165385848845
Tailgating,588.0,180,20.0,motorcycle,Inner,0.5566701461198774
Tailgating,588.0,20,294.0,car,Inner,0.010301856235898436
Tailgating,588.0,247,56.0,motorcycle,Inner,1.883180238514587
Tailgating,588.0,282,244.0,motorcycle,Inner,1.5387628625267906
Tailgating,588.0,226,300.0,person,Outer,1.2976000070945228
Tailgating,588.0,295,134.0,person,Outer,3.762328279409451
Tailgating,588.0,134,90.0,motorcycle,Outer,2.838684604097264
Tailgating,589.0,287,171.0,motorcycle,Inner,1.628060065330103
Tailgating,589.0,171,274.0,car,Inner,1.7167783273613908
Tailgating,589.0,268,260.0,motorcycle,Inner,0.00044001910167564635
Tailgating,589.0,278,250.0,person,Inner,3.246681372743214
Tailgating,589.0,180,20.0,motorcycle,Inner,0.5375995445902834
Tailgating,589.0,20,294.0,car,Inner,0.02065107954774997
Tailgating,589.0,247,56.0,motorcycle,Inner,1.8433887888826705
Tailgating,589.0,282,244.0,motorcycle,Inner,1.5262966052054208
Tailgating,589.0,226,300.0,person,Outer,1.325327854792615
Tailgating,589.0,295,134.0,person,Outer,3.7660769143197412
Tailgating,590.0,287,171.0,motorcycle,Inner,1.6237121549019835
Tailgating,590.0,171,274.0,car,Inner,1.7077792904450382
Tailgating,590.0,278,250.0,person,Inner,3.294150532846306
Tailgating,590.0,180,20.0,motorcycle,Inner,0.5239378990140687
Tailgating,590.0,20,294.0,car,Inner,0.020697799322264836
Tailgating,590.0,282,244.0,motorcycle,Inner,1.5142326737781817
Tailgating,590.0,226,300.0,person,Outer,1.3508388451920503
Tailgating,590.0,295,134.0,person,Outer,3.7752222617591404
Tailgating,591.0,287,171.0,motorcycle,Inner,1.6193839700768864
Tailgating,591.0,171,274.0,car,Inner,1.703280646709655
Tailgating,591.0,278,250.0,person,Inner,3.341507184375749
Tailgating,591.0,180,20.0,motorcycle,Inner,0.502347852470859
Tailgating,591.0,20,294.0,car,Inner,0.02074396935601448
Tailgating,591.0,282,244.0,motorcycle,Inner,1.4836451394950356
Tailgating,591.0,226,300.0,person,Outer,1.3876733696162233
Tailgating,591.0,204,302.0,motorcycle,Outer,3.387094414041525
Tailgating,591.0,295,134.0,person,Outer,3.7791589482970784
Tailgating,591.0,134,90.0,motorcycle,Outer,2.8537892431563616
Tailgating,592.0,287,171.0,motorcycle,Inner,1.6225039309658527
Tailgating,592.0,171,274.0,car,Inner,1.6857753130268824
Tailgating,592.0,278,250.0,person,Inner,3.4001828993025867
Tailgating,592.0,180,20.0,motorcycle,Inner,0.4887011005988876
Tailgating,592.0,20,294.0,car,Inner,0.026001765486162804
Tailgating,592.0,282,244.0,motorcycle,Inner,1.475732492488782
Tailgating,592.0,226,300.0,person,Outer,1.4138190604003762
Tailgating,592.0,204,302.0,motorcycle,Outer,3.3304450392481395
Tailgating,592.0,295,134.0,person,Outer,3.7923635561661224
Tailgating,592.0,134,90.0,motorcycle,Outer,2.851839892430999
Tailgating,593.0,287,171.0,motorcycle,Inner,1.609146537847891
Tailgating,593.0,171,274.0,car,Inner,1.6821270479497943
Tailgating,593.0,180,20.0,motorcycle,Inner,0.4726759384274329
Tailgating,593.0,20,294.0,car,Inner,0.020858112264664913
Tailgating,593.0,282,244.0,motorcycle,Inner,1.4649266882398768
Tailgating,593.0,226,300.0,person,Outer,1.4415796296486372
Tailgating,593.0,204,302.0,motorcycle,Outer,3.2808546249149146
Tailgating,593.0,295,134.0,person,Outer,3.8120556833360113
Tailgating,593.0,134,90.0,motorcycle,Outer,2.857596207663163
Tailgating,594.0,287,171.0,motorcycle,Inner,1.612580279039203
Tailgating,594.0,171,274.0,car,Inner,1.6831988781849354
Tailgating,594.0,268,278.0,motorcycle,Inner,1.7557530631687057
Tailgating,594.0,180,20.0,motorcycle,Inner,0.4545039856168208
Tailgating,594.0,20,294.0,car,Inner,0.015668159716854712
Tailgating,594.0,213,56.0,person,Inner,3.1033103345922335
Tailgating,594.0,282,244.0,motorcycle,Inner,1.4481239702207263
Tailgating,594.0,226,300.0,person,Outer,1.479412461370736
Tailgating,594.0,204,302.0,motorcycle,Outer,3.233668824274627
Tailgating,594.0,295,134.0,person,Outer,3.8318981468344018
Tailgating,595.0,287,171.0,motorcycle,Inner,1.6065671321013222
Tailgating,595.0,171,274.0,car,Inner,1.6799759622297612
Tailgating,595.0,268,278.0,motorcycle,Inner,1.7715283199782499
Tailgating,595.0,180,20.0,motorcycle,Inner,0.456035331783625
Tailgating,595.0,20,294.0,car,Inner,0.010492128532968553
Tailgating,595.0,213,56.0,person,Inner,3.080948285510017
Tailgating,595.0,282,244.0,motorcycle,Inner,1.422065467668803
Tailgating,595.0,226,300.0,person,Outer,1.5178580140171558
Tailgating,595.0,204,302.0,motorcycle,Outer,3.184878867132989
Tailgating,595.0,295,134.0,person,Outer,3.859345549608544
Tailgating,596.0,287,171.0,motorcycle,Inner,1.6022152651710018
Tailgating,596.0,171,260.0,car,Inner,1.4985640277766576
Tailgating,596.0,180,20.0,motorcycle,Inner,0.44016817124452223
Tailgating,596.0,20,294.0,car,Inner,0.005259756373013275
Tailgating,596.0,282,244.0,motorcycle,Inner,1.4025746238549621
Tailgating,596.0,226,300.0,person,Outer,1.5568246726249355
Tailgating,596.0,204,302.0,motorcycle,Outer,3.129860336872046
Tailgating,596.0,295,134.0,person,Outer,3.8917083073806493
Tailgating,597.0,287,171.0,motorcycle,Inner,1.6078340085916827
Tailgating,597.0,171,260.0,car,Inner,1.4460182224959968
Tailgating,597.0,180,20.0,motorcycle,Inner,0.4265876048393159
Tailgating,597.0,20,294.0,car,Inner,0.0052704222212569644
Tailgating,597.0,282,244.0,motorcycle,Inner,1.3961314176754376
Tailgating,597.0,226,300.0,person,Outer,1.5844482204697632
Tailgating,597.0,204,302.0,motorcycle,Outer,3.0818977114491664
Tailgating,597.0,295,134.0,person,Outer,3.9199677445840613
Tailgating,597.0,134,90.0,motorcycle,Outer,2.8338543541657804
Tailgating,598.0,287,171.0,motorcycle,Inner,1.5913754923636714
Tailgating,598.0,171,260.0,car,Inner,1.4156229752120284
Tailgating,598.0,180,20.0,motorcycle,Inner,0.41866619637138325
Tailgating,598.0,20,294.0,car,Inner,0.0
Tailgating,598.0,282,244.0,motorcycle,Inner,1.3900113491384654
Tailgating,598.0,226,300.0,person,Outer,1.6222851736958828
Tailgating,598.0,55,262.0,car,Outer,1.6995943119017012
Tailgating,598.0,204,302.0,motorcycle,Outer,3.0276844760689565
Tailgating,598.0,295,134.0,person,Outer,3.930613530311779
Tailgating,598.0,134,90.0,motorcycle,Outer,2.841615317255351
Tailgating,599.0,287,171.0,motorcycle,Inner,1.5941882172854487
Tailgating,599.0,171,260.0,car,Inner,1.3620327515287247
Tailgating,599.0,180,20.0,motorcycle,Inner,0.4051112205928116
Tailgating,599.0,20,294.0,car,Inner,0.0
Tailgating,599.0,282,244.0,motorcycle,Inner,1.3776955248583307
Tailgating,599.0,226,300.0,person,Outer,1.659913938312838
Tailgating,599.0,55,262.0,car,Outer,1.6640507364742432
Tailgating,599.0,204,302.0,motorcycle,Outer,2.973862251221783
Tailgating,599.0,295,134.0,person,Outer,3.9432985844712802
Tailgating,599.0,134,90.0,motorcycle,Outer,2.835772498893922
Tailgating,600.0,287,171.0,motorcycle,Inner,1.5926408677922381
Tailgating,600.0,171,260.0,car,Inner,1.3093706476283786
Tailgating,600.0,180,294.0,motorcycle,Inner,0.39155930338488937
Tailgating,600.0,294,20.0,car,Inner,0.0053074075645704365
Tailgating,600.0,132,282.0,person,Inner,0.9805668065659477
Tailgating,600.0,282,244.0,motorcycle,Inner,1.3626918031404858
Tailgating,600.0,226,300.0,person,Outer,1.696587555286933
Tailgating,600.0,204,302.0,motorcycle,Outer,2.9204257843558104
Tailgating,600.0,295,134.0,person,Outer,3.9662768386878358
Tailgating,601.0,287,171.0,motorcycle,Inner,1.6043075546546273
Tailgating,601.0,171,260.0,car,Inner,1.2530669570012603
Tailgating,601.0,180,20.0,motorcycle,Inner,0.3759378651991462
Tailgating,601.0,20,294.0,car,Inner,0.0
Tailgating,601.0,282,244.0,motorcycle,Inner,1.357457565616364
Tailgating,601.0,226,300.0,person,Outer,1.7236378550733389
Tailgating,601.0,55,262.0,car,Outer,1.6092484399026605
Tailgating,601.0,204,302.0,motorcycle,Outer,2.8613540796926427
Tailgating,601.0,295,134.0,person,Outer,3.9771396670459747
Tailgating,601.0,134,90.0,motorcycle,Outer,2.839767758111237
Tailgating,602.0,287,171.0,motorcycle,Inner,1.6088739834486079
Tailgating,602.0,171,260.0,car,Inner,1.191335491162423
Tailgating,602.0,180,20.0,motorcycle,Inner,0.3624208834973084
Tailgating,602.0,20,294.0,car,Inner,0.0
Tailgating,602.0,282,244.0,motorcycle,Inner,1.3525334855952225
Tailgating,602.0,55,262.0,car,Outer,1.5738301819109026
Tailgating,602.0,204,302.0,motorcycle,Outer,2.8086385083518173
Tailgating,602.0,295,134.0,person,Outer,3.9692176042875094
Tailgating,602.0,134,90.0,motorcycle,Outer,2.851561599408351
Tailgating,602.0,226,300.0,person,Outer,1.7599997664812017
Tailgating,603.0,287,171.0,motorcycle,Inner,1.6148654234824165
Tailgating,603.0,171,260.0,car,Inner,1.1428690774569104
Tailgating,603.0,180,294.0,motorcycle,Inner,0.348907086427185
Tailgating,603.0,294,20.0,car,Inner,0.005343226712614782
Tailgating,603.0,282,244.0,motorcycle,Inner,1.3479162903146333
Tailgating,603.0,55,262.0,car,Outer,1.529611220352611
Tailgating,603.0,204,302.0,motorcycle,Outer,2.75765073829968
Tailgating,603.0,295,134.0,person,Outer,3.9715146361500766
Tailgating,603.0,134,90.0,motorcycle,Outer,2.863435124047713
Tailgating,603.0,226,300.0,person,Outer,1.8053577152789817
Tailgating,604.0,287,171.0,motorcycle,Inner,1.62634885627351
Tailgating,604.0,171,260.0,car,Inner,1.0964329432861994
Tailgating,604.0,180,294.0,motorcycle,Inner,0.33539658753884816
Tailgating,604.0,294,20.0,car,Inner,0.0053530395804798426
Tailgating,604.0,282,244.0,motorcycle,Inner,1.3436027601039964
Tailgating,604.0,204,302.0,motorcycle,Outer,2.6928315275656978
Tailgating,604.0,295,134.0,person,Outer,3.972334110247588
Tailgating,604.0,134,90.0,motorcycle,Outer,2.87342943573466
Tailgating,604.0,226,300.0,person,Outer,1.8406971047622638
Tailgating,605.0,171,260.0,car,Inner,1.0345605473305033
Tailgating,605.0,180,294.0,motorcycle,Inner,0.3276970944711327
Tailgating,605.0,294,20.0,car,Inner,0.0
Tailgating,605.0,20,295.0,car,Inner,3.112029638057176
Tailgating,605.0,282,244.0,motorcycle,Inner,1.342589559913731
Tailgating,605.0,204,302.0,motorcycle,Outer,2.6411383235833936
Tailgating,605.0,134,90.0,motorcycle,Outer,2.885472374752282
Tailgating,605.0,226,300.0,person,Outer,1.8858173424900293
Tailgating,606.0,287,171.0,motorcycle,Inner,1.6539763261020628
Tailgating,606.0,171,260.0,car,Inner,0.9859174544750494
Tailgating,606.0,180,294.0,motorcycle,Inner,0.30473938135852374
Tailgating,606.0,294,20.0,car,Inner,0.008435346437661907
Tailgating,606.0,20,295.0,car,Inner,3.080396837026271
Tailgating,606.0,282,244.0,motorcycle,Inner,1.338849177682124
Tailgating,606.0,204,302.0,motorcycle,Outer,2.576923701589109
Tailgating,606.0,134,90.0,motorcycle,Outer,2.895539405461314
Tailgating,606.0,226,300.0,person,Outer,1.9401903352500975
Tailgating,607.0,287,171.0,motorcycle,Inner,1.6652436158497044
Tailgating,607.0,171,260.0,car,Inner,0.9238933232968888
Tailgating,607.0,283,250.0,motorcycle,Inner,3.4638159456172533
Tailgating,607.0,180,294.0,motorcycle,Inner,0.29126803197162904
Tailgating,607.0,294,20.0,car,Inner,0.013810551375296904
Tailgating,607.0,20,295.0,car,Inner,3.0282321762240847
Tailgating,607.0,237,82.0,motorcycle,Inner,0.8742798591495194
Tailgating,607.0,282,244.0,motorcycle,Inner,1.3447426501517075
Tailgating,607.0,204,302.0,motorcycle,Outer,2.498240178576009
Tailgating,607.0,134,90.0,motorcycle,Outer,2.9036346450534043
Tailgating,607.0,226,300.0,person,Outer,1.9744084145665532
Tailgating,608.0,287,171.0,motorcycle,Inner,1.6779171619340338
Tailgating,608.0,171,260.0,car,Inner,0.8797042402436683
Tailgating,608.0,283,250.0,motorcycle,Inner,3.5531112727661935
Tailgating,608.0,294,20.0,car,Inner,0.0
Tailgating,608.0,20,295.0,car,Inner,3.0056629319893813
Tailgating,608.0,237,82.0,motorcycle,Inner,0.8115163803588807
Tailgating,608.0,282,244.0,motorcycle,Inner,1.3316354211104087
Tailgating,608.0,180,204.0,motorcycle,Outer,0.6711487972762392
Tailgating,608.0,204,302.0,motorcycle,Outer,2.442610093300341
Tailgating,608.0,134,90.0,motorcycle,Outer,2.901960297884688
Tailgating,608.0,226,300.0,person,Outer,1.997814289446122
Tailgating,609.0,287,171.0,motorcycle,Inner,1.672954270308424
Tailgating,609.0,171,260.0,car,Inner,0.8211017683978363
Tailgating,609.0,283,250.0,motorcycle,Inner,3.623783521612142
Tailgating,609.0,294,20.0,car,Inner,0.0
Tailgating,609.0,20,295.0,car,Inner,2.967600466640007
Tailgating,609.0,237,82.0,motorcycle,Inner,0.7307783083055905
Tailgating,609.0,282,244.0,motorcycle,Inner,1.3287179505794937
Tailgating,609.0,180,204.0,motorcycle,Outer,0.6985264619670261
Tailgating,609.0,204,302.0,motorcycle,Outer,2.3855738272222307
Tailgating,609.0,226,300.0,person,Outer,2.0317888787237277
Tailgating,610.0,287,171.0,motorcycle,Inner,1.687611666124998
Tailgating,610.0,171,260.0,car,Inner,0.7745621711395851
Tailgating,610.0,283,250.0,motorcycle,Inner,3.671939631246757
Tailgating,610.0,294,20.0,car,Inner,0.0
Tailgating,610.0,20,295.0,car,Inner,2.929164816041155
Tailgating,610.0,56,33.0,motorcycle,Inner,1.290268278090604
Tailgating,610.0,237,82.0,motorcycle,Inner,0.6663558759457004
Tailgating,610.0,282,244.0,motorcycle,Inner,1.3260861181536638
Tailgating,610.0,180,204.0,motorcycle,Outer,0.7288216906744616
Tailgating,610.0,204,302.0,motorcycle,Outer,2.3287659056679106
Tailgating,610.0,226,300.0,person,Outer,2.064967455141322
Tailgating,611.0,287,171.0,motorcycle,Inner,1.6883346539856614
Tailgating,611.0,171,260.0,car,Inner,0.7122731999679385
Tailgating,611.0,283,250.0,motorcycle,Inner,3.7365156242098148
Tailgating,611.0,294,20.0,car,Inner,0.008403942109765944
Tailgating,611.0,20,295.0,car,Inner,2.8909236866642267
Tailgating,611.0,56,33.0,motorcycle,Inner,1.3408609248227468
Tailgating,611.0,237,82.0,motorcycle,Inner,0.5962681206446597
Tailgating,611.0,282,244.0,motorcycle,Inner,1.3144586154466031
Tailgating,611.0,180,204.0,motorcycle,Outer,0.7591651819866182
Tailgating,611.0,204,302.0,motorcycle,Outer,2.2722862037804443
Tailgating,611.0,226,300.0,person,Outer,2.099330891597954
Tailgating,612.0,287,171.0,motorcycle,Inner,1.7029333749815543
Tailgating,612.0,171,260.0,car,Inner,0.6498919017659146
Tailgating,612.0,283,250.0,motorcycle,Inner,3.7815731137860893
Tailgating,612.0,294,20.0,car,Inner,0.0
Tailgating,612.0,20,295.0,car,Inner,2.866873243735251
Tailgating,612.0,56,33.0,motorcycle,Inner,1.3978312591389086
Tailgating,612.0,237,82.0,motorcycle,Inner,0.5266372032203562
Tailgating,612.0,282,244.0,motorcycle,Inner,1.3124043358769657
Tailgating,612.0,180,204.0,motorcycle,Outer,0.7843972695277719
Tailgating,612.0,204,302.0,motorcycle,Outer,2.222868639687474
Tailgating,612.0,226,300.0,person,Outer,2.13354750125597
Tailgating,613.0,287,171.0,motorcycle,Inner,1.7138159343000552
Tailgating,613.0,171,260.0,car,Inner,0.5874143196483572
Tailgating,613.0,283,307.0,motorcycle,Inner,3.516483570558221
Tailgating,613.0,294,20.0,car,Inner,0.00839425884841847
Tailgating,613.0,20,295.0,car,Inner,2.8284190720566924
Tailgating,613.0,56,33.0,motorcycle,Inner,1.4638358841885806
Tailgating,613.0,237,82.0,motorcycle,Inner,0.4574609523275974
Tailgating,613.0,282,244.0,motorcycle,Inner,1.320743181595192
Tailgating,613.0,180,204.0,motorcycle,Outer,0.8096165690551705
Tailgating,613.0,204,302.0,motorcycle,Outer,2.1801800181781945
Tailgating,613.0,226,300.0,person,Outer,2.1577572494804897
Tailgating,614.0,287,171.0,motorcycle,Inner,1.72681478459435
Tailgating,614.0,171,260.0,car,Inner,0.5171635147329403
Tailgating,614.0,307,250.0,motorcycle,Inner,0.813038656651923
Tailgating,614.0,294,20.0,car,Inner,0.008388512770945948
Tailgating,614.0,20,295.0,car,Inner,2.7969512374182552
Tailgating,614.0,56,33.0,motorcycle,Inner,1.528860511947154
Tailgating,614.0,237,82.0,motorcycle,Inner,0.37893802744415855
Tailgating,614.0,282,244.0,motorcycle,Inner,1.319275890661827
Tailgating,614.0,180,204.0,motorcycle,Outer,0.8348225211897237
Tailgating,614.0,204,302.0,motorcycle,Outer,2.1378848423215215
Tailgating,614.0,226,300.0,person,Outer,2.192354646613558
Tailgating,615.0,287,171.0,motorcycle,Inner,1.7445472892402105
Tailgating,615.0,171,260.0,car,Inner,0.45039278256534576
Tailgating,615.0,260,268.0,motorcycle,Inner,0.8673311292733017
Tailgating,615.0,294,20.0,car,Inner,0.008379288801916268
Tailgating,615.0,20,295.0,car,Inner,2.751138258799096
Tailgating,615.0,56,33.0,motorcycle,Inner,1.5865972612754464
Tailgating,615.0,237,82.0,motorcycle,Inner,0.31065215159282616
Tailgating,615.0,282,244.0,motorcycle,Inner,1.3113498478850794
Tailgating,615.0,180,204.0,motorcycle,Outer,0.8607751005775779
Tailgating,615.0,204,302.0,motorcycle,Outer,2.09623487359425
Tailgating,615.0,226,300.0,person,Outer,2.22619595901003
Tailgating,616.0,287,171.0,motorcycle,Inner,1.755260408514802
Tailgating,616.0,171,260.0,car,Inner,0.3772053649893267
Tailgating,616.0,20,294.0,car,Inner,0.0
Tailgating,616.0,294,295.0,car,Inner,2.725814305711618
Tailgating,616.0,56,33.0,motorcycle,Inner,1.6498392735994285
Tailgating,616.0,237,82.0,motorcycle,Inner,0.23298143123237813
Tailgating,616.0,282,244.0,motorcycle,Inner,1.3104031506556413
Tailgating,616.0,180,204.0,motorcycle,Outer,0.8884572422396841
Tailgating,616.0,204,302.0,motorcycle,Outer,2.0537407887126915
Tailgating,616.0,226,300.0,person,Outer,2.261131139714917
Tailgating,617.0,287,171.0,motorcycle,Inner,1.7730068672812163
Tailgating,617.0,171,260.0,car,Inner,0.310234523758583
Tailgating,617.0,20,294.0,car,Inner,0.0
Tailgating,617.0,294,295.0,car,Inner,2.6869118930757763
Tailgating,617.0,56,33.0,motorcycle,Inner,1.67274046769179
Tailgating,617.0,237,82.0,motorcycle,Inner,0.16557982549505396
Tailgating,617.0,282,244.0,motorcycle,Inner,1.3070214740435249
Tailgating,617.0,180,204.0,motorcycle,Outer,0.910757473212488
Tailgating,617.0,204,302.0,motorcycle,Outer,2.01187788536105
Tailgating,617.0,226,300.0,person,Outer,2.2855567451294228
Tailgating,618.0,287,171.0,motorcycle,Inner,1.786912849295593
Tailgating,618.0,171,260.0,car,Inner,0.24318404071130137
Tailgating,618.0,20,294.0,car,Inner,0.0
Tailgating,618.0,294,295.0,car,Inner,2.64005855502718
Tailgating,618.0,237,82.0,motorcycle,Inner,0.09862154593547193
Tailgating,618.0,282,244.0,motorcycle,Inner,1.3090222952896453
Tailgating,618.0,180,204.0,motorcycle,Outer,0.9305001286718982
Tailgating,618.0,204,302.0,motorcycle,Outer,1.9712425371801716
Tailgating,618.0,134,290.0,motorcycle,Outer,1.361648119306264
Tailgating,618.0,226,300.0,person,Outer,2.3196406490435844
Tailgating,619.0,287,171.0,motorcycle,Inner,1.8077010772844009
Tailgating,619.0,171,260.0,car,Inner,0.1800808467374363
Tailgating,619.0,294,20.0,car,Inner,0.00834278175320073
Tailgating,619.0,20,295.0,car,Inner,2.5929891223924524
Tailgating,619.0,237,82.0,motorcycle,Inner,0.02223436828618839
Tailgating,619.0,282,244.0,motorcycle,Inner,1.2867117856023487
Tailgating,619.0,180,204.0,motorcycle,Outer,0.9578705759719175
Tailgating,619.0,204,302.0,motorcycle,Outer,1.9233578219089793
Tailgating,619.0,134,290.0,motorcycle,Outer,1.375994142713138
Tailgating,619.0,226,300.0,person,Outer,2.3438816149909094
Tailgating,620.0,287,171.0,motorcycle,Inner,1.8128527315396217
Tailgating,620.0,171,260.0,car,Inner,0.12043510019399274
Tailgating,620.0,307,250.0,motorcycle,Inner,0.9509943115780154
Tailgating,620.0,20,294.0,car,Inner,0.0
Tailgating,620.0,294,295.0,car,Inner,2.5601671787944276
Tailgating,620.0,237,132.0,motorcycle,Inner,0.94206161710609
Tailgating,620.0,282,244.0,motorcycle,Inner,1.2761473416966764
Tailgating,620.0,180,204.0,motorcycle,Outer,0.9851392953271989
Tailgating,620.0,204,302.0,motorcycle,Outer,1.8758386763834982
Tailgating,620.0,134,290.0,motorcycle,Outer,1.3967828554718424
Tailgating,620.0,226,300.0,person,Outer,2.378925727596629
Tailgating,621.0,287,171.0,motorcycle,Inner,1.8306166821120622
Tailgating,621.0,171,260.0,car,Inner,0.06932408002875659
Tailgating,621.0,283,278.0,motorcycle,Inner,0.0003281025037147091
Tailgating,621.0,307,250.0,motorcycle,Inner,0.9794997476624899
Tailgating,621.0,20,294.0,car,Inner,0.0
Tailgating,621.0,294,295.0,car,Inner,2.51329163207764
Tailgating,621.0,237,132.0,motorcycle,Inner,0.8733120052191129
Tailgating,621.0,282,244.0,motorcycle,Inner,1.2660700624887586
Tailgating,621.0,180,204.0,motorcycle,Outer,1.0176712915556083
Tailgating,621.0,204,302.0,motorcycle,Outer,1.815265894404222
Tailgating,621.0,226,300.0,person,Outer,2.413198507599009
Tailgating,622.0,287,171.0,motorcycle,Inner,1.841025836399672
Tailgating,622.0,171,260.0,car,Inner,0.00591932079737736
Tailgating,622.0,283,278.0,motorcycle,Inner,0.028841039893782686
Tailgating,622.0,307,250.0,motorcycle,Inner,0.9955743149393572
Tailgating,622.0,294,20.0,car,Inner,0.008312568806448558
Tailgating,622.0,20,295.0,car,Inner,2.46600674107231
Tailgating,622.0,237,132.0,motorcycle,Inner,0.7963944675807543
Tailgating,622.0,282,244.0,motorcycle,Inner,1.2561812944201753
Tailgating,622.0,180,204.0,motorcycle,Outer,1.0371387948720632
Tailgating,622.0,204,302.0,motorcycle,Outer,1.7758478947397436
Tailgating,622.0,226,300.0,person,Outer,2.447951155855753
Tailgating,623.0,203,287.0,motorcycle,Inner,0.3997731007286131
Tailgating,623.0,287,260.0,motorcycle,Inner,1.4983022336318828
Tailgating,623.0,171,268.0,car,Inner,1.4404995500253783
Tailgating,623.0,283,278.0,motorcycle,Inner,0.057398043348059036
Tailgating,623.0,307,250.0,motorcycle,Inner,1.0119356456776234
Tailgating,623.0,294,20.0,car,Inner,0.0
Tailgating,623.0,20,295.0,car,Inner,2.4264269720523637
Tailgating,623.0,237,132.0,motorcycle,Inner,0.7219681383350048
Tailgating,623.0,282,244.0,motorcycle,Inner,1.2529830582049044
Tailgating,623.0,180,204.0,motorcycle,Outer,1.0695598583917243
Tailgating,623.0,204,302.0,motorcycle,Outer,1.7300702501650311
Tailgating,623.0,226,300.0,person,Outer,2.481942054608318
Tailgating,624.0,203,287.0,motorcycle,Inner,0.461883503827796
Tailgating,624.0,287,260.0,motorcycle,Inner,1.4483939477749965
Tailgating,624.0,171,268.0,car,Inner,1.4219492793554747
Tailgating,624.0,283,278.0,motorcycle,Inner,0.08629615624461288
Tailgating,624.0,307,250.0,motorcycle,Inner,1.038576695683809
Tailgating,624.0,20,294.0,car,Inner,0.005580987299478316
Tailgating,624.0,294,295.0,car,Inner,2.387236362060813
Tailgating,624.0,237,132.0,motorcycle,Inner,0.6385069247795162
Tailgating,624.0,282,244.0,motorcycle,Inner,1.2434675485702966
Tailgating,624.0,180,204.0,motorcycle,Outer,1.099441290569169
Tailgating,624.0,204,302.0,motorcycle,Outer,1.6703796265678896
Tailgating,624.0,226,300.0,person,Outer,2.5157973539419136
Tailgating,625.0,203,287.0,motorcycle,Inner,0.5116762219586002
Tailgating,625.0,287,260.0,motorcycle,Inner,1.394923961648737
Tailgating,625.0,171,268.0,car,Inner,1.4197604572460991
Tailgating,625.0,283,278.0,motorcycle,Inner,0.10807826088336236
Tailgating,625.0,294,20.0,car,Inner,0.00829346216299418
Tailgating,625.0,20,295.0,car,Inner,2.3547821423848827
Tailgating,625.0,237,132.0,motorcycle,Inner,0.55865423022929
Tailgating,625.0,282,244.0,motorcycle,Inner,1.2341343365021344
Tailgating,625.0,180,204.0,motorcycle,Outer,1.1318041588684
Tailgating,625.0,204,302.0,motorcycle,Outer,1.6109629088900492
Tailgating,625.0,226,300.0,person,Outer,2.550064794009652
Tailgating,626.0,203,287.0,motorcycle,Inner,0.5738461062146868
Tailgating,626.0,287,260.0,motorcycle,Inner,1.3406743435956736
Tailgating,626.0,260,171.0,motorcycle,Inner,0.2870568298003168
Tailgating,626.0,171,268.0,car,Inner,1.3959454065072463
Tailgating,626.0,283,278.0,motorcycle,Inner,0.1441815366748066
Tailgating,626.0,294,20.0,car,Inner,0.008288357483638919
Tailgating,626.0,20,295.0,car,Inner,2.322205568533886
Tailgating,626.0,237,132.0,motorcycle,Inner,0.47341946156224174
Tailgating,626.0,282,244.0,motorcycle,Inner,1.242040031983267
Tailgating,626.0,180,204.0,motorcycle,Outer,1.169599736010344
Tailgating,626.0,204,302.0,motorcycle,Outer,1.5451133585114702
Tailgating,626.0,226,300.0,person,Outer,2.5830370301407055
Tailgating,627.0,203,287.0,motorcycle,Inner,0.6464955190874216
Tailgating,627.0,287,260.0,motorcycle,Inner,1.2785960146961668
Tailgating,627.0,260,268.0,motorcycle,Inner,1.4699638684798475
Tailgating,627.0,283,278.0,motorcycle,Inner,0.17299544766757935
Tailgating,627.0,294,20.0,car,Inner,0.002676521931519029
Tailgating,627.0,20,295.0,car,Inner,2.289503779696712
Tailgating,627.0,237,132.0,motorcycle,Inner,0.40544177468050724
Tailgating,627.0,282,244.0,motorcycle,Inner,1.2330993000249735
Tailgating,627.0,171,5.0,car,Outer,0.41896265867007015
Tailgating,627.0,180,204.0,motorcycle,Outer,1.193159644989412
Tailgating,627.0,204,302.0,motorcycle,Outer,1.4931364428770517
Tailgating,627.0,226,300.0,person,Outer,2.615886214782117
Tailgating,628.0,287,260.0,motorcycle,Inner,1.2334255239807126
Tailgating,628.0,20,294.0,car,Inner,0.005608606011107707
Tailgating,628.0,294,295.0,car,Inner,2.2576367858962425
Tailgating,628.0,237,132.0,motorcycle,Inner,0.3409371892629572
Tailgating,628.0,282,244.0,motorcycle,Inner,1.2354870063124268
Tailgating,628.0,171,5.0,car,Outer,0.39534610334023756
Tailgating,628.0,180,204.0,motorcycle,Outer,1.2265950924568918
Tailgating,628.0,204,302.0,motorcycle,Outer,1.4486989524162492
Tailgating,628.0,226,300.0,person,Outer,2.647482008546513
Tailgating,629.0,287,260.0,motorcycle,Inner,1.1797120575604876
Tailgating,629.0,260,268.0,motorcycle,Inner,1.5745390961398953
Tailgating,629.0,20,294.0,car,Inner,0.00562112627309561
Tailgating,629.0,294,295.0,car,Inner,2.2180047562462506
Tailgating,629.0,237,132.0,motorcycle,Inner,0.2785242200421194
Tailgating,629.0,282,244.0,motorcycle,Inner,1.2371265179614044
Tailgating,629.0,171,5.0,car,Outer,0.36189985989631135
Tailgating,629.0,180,204.0,motorcycle,Outer,1.2568527330228563
Tailgating,629.0,204,302.0,motorcycle,Outer,1.3978189899370421
Tailgating,629.0,226,300.0,person,Outer,2.67897973422354
Tailgating,630.0,287,260.0,motorcycle,Inner,1.1105138329415747
Tailgating,630.0,260,268.0,motorcycle,Inner,1.627376857474356
Tailgating,630.0,20,294.0,car,Inner,0.0029878907739937775
Tailgating,630.0,294,295.0,car,Inner,2.179314174754946
Tailgating,630.0,237,132.0,motorcycle,Inner,0.2163987123319148
Tailgating,630.0,282,244.0,motorcycle,Inner,1.2286950080808623
Tailgating,630.0,171,5.0,car,Outer,0.3158578672408138
Tailgating,630.0,180,204.0,motorcycle,Outer,1.2815584736822703
Tailgating,630.0,204,302.0,motorcycle,Outer,1.3464121728200353
Tailgating,630.0,226,300.0,person,Outer,2.7003821106496257
Tailgating,631.0,287,260.0,motorcycle,Inner,1.0524913180005193
Tailgating,631.0,260,268.0,motorcycle,Inner,1.6813056922662974
Tailgating,631.0,294,20.0,car,Inner,0.002622867773311068
Tailgating,631.0,20,295.0,car,Inner,2.1451218094563678
Tailgating,631.0,237,132.0,motorcycle,Inner,0.16713246180577243
Tailgating,631.0,282,244.0,motorcycle,Inner,1.2197267382760582
Tailgating,631.0,16,300.0,car,Outer,0.9701922432665564
Tailgating,631.0,171,5.0,car,Outer,0.2447744849801404
Tailgating,631.0,180,204.0,motorcycle,Outer,1.3062468969173784
Tailgating,631.0,204,302.0,motorcycle,Outer,1.3027256218142451
Tailgating,631.0,226,16.0,person,Outer,1.9376295540649695
Tailgating,632.0,287,260.0,motorcycle,Inner,0.998565187593687
Tailgating,632.0,260,268.0,motorcycle,Inner,1.7343463843934106
Tailgating,632.0,268,274.0,motorcycle,Inner,0.018595977208621054
Tailgating,632.0,20,294.0,car,Inner,0.011285815707592165
Tailgating,632.0,294,295.0,car,Inner,2.090935097544556
Tailgating,632.0,237,132.0,motorcycle,Inner,0.09621025771485729
Tailgating,632.0,16,300.0,car,Outer,0.9383270682466419
Tailgating,632.0,171,5.0,car,Outer,0.1738974142535711
Tailgating,632.0,180,204.0,motorcycle,Outer,1.3395531457759082
Tailgating,632.0,204,302.0,motorcycle,Outer,1.2592829295645716
Tailgating,632.0,282,68.0,motorcycle,Outer,2.2356125969847445
Tailgating,632.0,226,16.0,person,Outer,1.9985249090869208
Tailgating,633.0,287,260.0,motorcycle,Inner,0.9361715921667103
Tailgating,633.0,268,274.0,motorcycle,Inner,0.012439443552956678
Tailgating,633.0,20,294.0,car,Inner,0.011299955757232664
Tailgating,633.0,294,295.0,car,Inner,2.057409366701253
Tailgating,633.0,237,132.0,motorcycle,Inner,0.034948277614300714
Tailgating,633.0,16,300.0,car,Outer,0.9099824998251321
Tailgating,633.0,171,5.0,car,Outer,0.09106662260121945
Tailgating,633.0,180,204.0,motorcycle,Outer,1.3716100279467498
Tailgating,633.0,204,302.0,motorcycle,Outer,1.2090269971972731
Tailgating,633.0,134,290.0,motorcycle,Outer,1.3698517300113102
Tailgating,633.0,282,68.0,motorcycle,Outer,2.2059765230696122
Tailgating,633.0,226,16.0,person,Outer,2.0593724091634575
Tailgating,634.0,287,260.0,motorcycle,Inner,0.8729111480194077
Tailgating,634.0,20,294.0,car,Inner,0.011324115826468554
Tailgating,634.0,294,295.0,car,Inner,2.0095378264414903
Tailgating,634.0,237,244.0,motorcycle,Inner,2.961489382110622
Tailgating,634.0,16,300.0,car,Outer,0.8804915255064664
Tailgating,634.0,171,5.0,car,Outer,0.014763301633694256
Tailgating,634.0,180,204.0,motorcycle,Outer,1.3962123579788306
Tailgating,634.0,204,302.0,motorcycle,Outer,1.1732294680724784
Tailgating,634.0,134,290.0,motorcycle,Outer,1.387814230971439
Tailgating,634.0,282,68.0,motorcycle,Outer,2.1681229433048688
Tailgating,634.0,226,16.0,person,Outer,2.1101538264829034
Tailgating,635.0,287,260.0,motorcycle,Inner,0.818795061748503
Tailgating,635.0,71,135.0,car,Inner,1.6208221792747781
Tailgating,635.0,20,294.0,car,Inner,0.011337945472919718
Tailgating,635.0,294,295.0,car,Inner,1.9824114158741806
Tailgating,635.0,237,244.0,motorcycle,Inner,2.937221026888163
Tailgating,635.0,5,171.0,motorcycle,Outer,0.07302670710821942
Tailgating,635.0,180,204.0,motorcycle,Outer,1.4293899251913451
Tailgating,635.0,204,302.0,motorcycle,Outer,1.1305599235928983
Tailgating,635.0,134,290.0,motorcycle,Outer,1.4038358579941432
Tailgating,635.0,282,68.0,motorcycle,Outer,2.138689960292586
Tailgating,635.0,226,16.0,person,Outer,2.1608254269626097
Tailgating,636.0,287,260.0,motorcycle,Inner,0.7626238642241229
Tailgating,636.0,20,294.0,car,Inner,0.011361734395496665
Tailgating,636.0,294,295.0,car,Inner,1.9420015761209881
Tailgating,636.0,237,244.0,motorcycle,Inner,2.906219705895139
Tailgating,636.0,180,204.0,motorcycle,Outer,1.4613077244457031
Tailgating,636.0,204,302.0,motorcycle,Outer,1.0739591944073181
Tailgating,636.0,134,290.0,motorcycle,Outer,1.4431303097772472
Tailgating,636.0,282,68.0,motorcycle,Outer,2.108929503033505
Tailgating,636.0,226,16.0,person,Outer,2.2116210260689892
Tailgating,637.0,287,260.0,motorcycle,Inner,0.7042799302097682
Tailgating,637.0,20,294.0,car,Inner,0.011375262118749263
Tailgating,637.0,294,295.0,car,Inner,1.9001404018820762
Tailgating,637.0,132,237.0,person,Inner,0.268632115148041
Tailgating,637.0,237,244.0,motorcycle,Inner,2.879748047752804
Tailgating,637.0,180,204.0,motorcycle,Outer,1.485823885885982
Tailgating,637.0,204,302.0,motorcycle,Outer,1.0248026315553878
Tailgating,637.0,134,290.0,motorcycle,Outer,1.4705029363242865
Tailgating,637.0,282,68.0,motorcycle,Outer,2.069644024031763
Tailgating,637.0,226,16.0,person,Outer,2.25235646299945
Tailgating,638.0,287,260.0,motorcycle,Inner,0.6499980628659586
Tailgating,638.0,278,283.0,person,Inner,0.0
Tailgating,638.0,20,294.0,car,Inner,0.013914365891097425
Tailgating,638.0,294,295.0,car,Inner,1.8669391159093507
Tailgating,638.0,237,244.0,motorcycle,Inner,2.853805514864789
Tailgating,638.0,180,204.0,motorcycle,Outer,1.5121938978040306
Tailgating,638.0,204,302.0,motorcycle,Outer,0.9687996532399519
Tailgating,638.0,134,290.0,motorcycle,Outer,1.501376378576222
Tailgating,638.0,282,68.0,motorcycle,Outer,2.0326764112866016
Tailgating,638.0,226,16.0,person,Outer,2.2829668111915367
Tailgating,639.0,287,260.0,motorcycle,Inner,0.6053503918588172
Tailgating,639.0,20,294.0,car,Inner,0.005701257886193046
Tailgating,639.0,294,295.0,car,Inner,1.833557548062463
Tailgating,639.0,132,237.0,person,Inner,0.42699073881274735
Tailgating,639.0,237,244.0,motorcycle,Inner,2.8278283945159925
Tailgating,639.0,5,171.0,motorcycle,Outer,0.2597553904901916
Tailgating,639.0,55,262.0,car,Outer,1.4046939074406173
Tailgating,639.0,180,204.0,motorcycle,Outer,1.5366339290989302
Tailgating,639.0,204,302.0,motorcycle,Outer,0.9203582341710486
Tailgating,639.0,134,290.0,motorcycle,Outer,1.5318883372269103
Tailgating,639.0,282,68.0,motorcycle,Outer,1.9954194574188797
Tailgating,639.0,226,16.0,person,Outer,2.333726846355523
Tailgating,640.0,203,287.0,motorcycle,Inner,1.3627523526700926
Tailgating,640.0,287,260.0,motorcycle,Inner,0.5426045947661656
Tailgating,640.0,20,294.0,car,Inner,0.0057128277476592056
Tailgating,640.0,294,295.0,car,Inner,1.7926501213569206
Tailgating,640.0,132,237.0,person,Inner,0.49248631087907657
Tailgating,640.0,237,244.0,motorcycle,Inner,2.794008785433523
Tailgating,640.0,5,171.0,motorcycle,Outer,0.2597239583507371
Tailgating,640.0,180,204.0,motorcycle,Outer,1.5695836977064719
Tailgating,640.0,204,302.0,motorcycle,Outer,0.8644538252745986
Tailgating,640.0,134,290.0,motorcycle,Outer,1.5786894175586046
Tailgating,640.0,282,68.0,motorcycle,Outer,1.9564346371164505
Tailgating,640.0,226,16.0,person,Outer,2.3643995732834164
Tailgating,641.0,203,287.0,motorcycle,Inner,1.448351777482291
Tailgating,641.0,287,260.0,motorcycle,Inner,0.4881237685983227
Tailgating,641.0,268,274.0,motorcycle,Inner,0.12794170459823836
Tailgating,641.0,294,20.0,car,Inner,0.0
Tailgating,641.0,20,295.0,car,Inner,1.7511539185451117
Tailgating,641.0,237,244.0,motorcycle,Inner,2.7570508000866223
Tailgating,641.0,5,171.0,motorcycle,Outer,0.24889749998720087
Tailgating,641.0,180,204.0,motorcycle,Outer,1.5939727512728579
Tailgating,641.0,204,302.0,motorcycle,Outer,0.8158796287523429
Tailgating,641.0,134,290.0,motorcycle,Outer,1.6099935783357793
Tailgating,641.0,282,68.0,motorcycle,Outer,1.9290817621243106
Tailgating,642.0,203,287.0,motorcycle,Inner,1.5169535488368204
Tailgating,642.0,287,260.0,motorcycle,Inner,0.42845543167884376
Tailgating,642.0,268,274.0,motorcycle,Inner,0.10307162580180011
Tailgating,642.0,294,20.0,car,Inner,0.0
Tailgating,642.0,20,295.0,car,Inner,1.702037855092587
Tailgating,642.0,237,244.0,motorcycle,Inner,2.730149006119394
Tailgating,642.0,5,171.0,motorcycle,Outer,0.23133623384415058
Tailgating,642.0,180,204.0,motorcycle,Outer,1.6030652051196148
Tailgating,642.0,204,302.0,motorcycle,Outer,0.7598774001961998
Tailgating,642.0,134,290.0,motorcycle,Outer,1.663842597878792
Tailgating,642.0,282,68.0,motorcycle,Outer,1.8920802619169608
Tailgating,643.0,203,287.0,motorcycle,Inner,1.5993394439864734
Tailgating,643.0,287,260.0,motorcycle,Inner,0.36141847006028704
Tailgating,643.0,268,274.0,motorcycle,Inner,0.08568787258883064
Tailgating,643.0,294,20.0,car,Inner,0.0
Tailgating,643.0,20,295.0,car,Inner,1.6601492683219445
Tailgating,643.0,132,237.0,person,Inner,0.6687207388695023
Tailgating,643.0,237,244.0,motorcycle,Inner,2.684054572416335
Tailgating,643.0,5,171.0,motorcycle,Outer,0.22468780831584204
Tailgating,643.0,180,204.0,motorcycle,Outer,1.6274097813811028
Tailgating,643.0,204,302.0,motorcycle,Outer,0.7185977558759676
Tailgating,643.0,134,290.0,motorcycle,Outer,1.67324661197873
Tailgating,643.0,297,282.0,car,Outer,0.795325396923053
Tailgating,643.0,282,68.0,motorcycle,Outer,1.8534543957640053
Tailgating,644.0,203,287.0,motorcycle,Inner,1.6783567275420446
Tailgating,644.0,287,260.0,motorcycle,Inner,0.29013985197921904
Tailgating,644.0,268,274.0,motorcycle,Inner,0.059095084081070295
Tailgating,644.0,274,278.0,motorcycle,Inner,0.4072591731004097
Tailgating,644.0,294,20.0,car,Inner,0.0
Tailgating,644.0,20,295.0,car,Inner,1.6038233275702092
Tailgating,644.0,237,244.0,motorcycle,Inner,2.6551442449072664
Tailgating,644.0,5,171.0,motorcycle,Outer,0.22664899764773933
Tailgating,644.0,180,204.0,motorcycle,Outer,1.6326067929661825
Tailgating,644.0,204,302.0,motorcycle,Outer,0.6843836915243756
Tailgating,644.0,134,290.0,motorcycle,Outer,1.6929712165681408
Tailgating,644.0,282,68.0,motorcycle,Outer,1.836429781028113
Tailgating,645.0,287,260.0,motorcycle,Inner,0.2147261063890012
Tailgating,645.0,268,274.0,motorcycle,Inner,0.0334761834964686
Tailgating,645.0,274,278.0,motorcycle,Inner,0.40064279087084326
Tailgating,645.0,294,20.0,car,Inner,0.0
Tailgating,645.0,20,295.0,car,Inner,1.5542327166829626
Tailgating,645.0,237,244.0,motorcycle,Inner,2.623651809906381
Tailgating,645.0,5,171.0,motorcycle,Outer,0.25938697879864564
Tailgating,645.0,180,302.0,motorcycle,Outer,2.1565014127666324
Tailgating,645.0,134,290.0,motorcycle,Outer,1.6998026072853707
Tailgating,645.0,282,68.0,motorcycle,Outer,1.7980247073637388
Tailgating,646.0,287,260.0,motorcycle,Inner,0.15727839236222158
Tailgating,646.0,268,274.0,motorcycle,Inner,0.01299251977712987
Tailgating,646.0,274,278.0,motorcycle,Inner,0.3650141013665403
Tailgating,646.0,294,20.0,car,Inner,0.005772538339735358
Tailgating,646.0,20,295.0,car,Inner,1.5043465673530212
Tailgating,646.0,237,244.0,motorcycle,Inner,2.601376697085445
Tailgating,646.0,180,302.0,motorcycle,Outer,2.140670056336147
Tailgating,646.0,134,290.0,motorcycle,Outer,1.7255870200748034
Tailgating,646.0,282,68.0,motorcycle,Outer,1.7631268912997755
Tailgating,647.0,287,260.0,motorcycle,Inner,0.08179196898913577
Tailgating,647.0,274,268.0,motorcycle,Inner,0.0
Tailgating,647.0,268,278.0,motorcycle,Inner,0.3231073501644023
Tailgating,647.0,20,294.0,car,Inner,0.008157196837202915
Tailgating,647.0,294,295.0,car,Inner,1.4462571712076364
Tailgating,647.0,237,244.0,motorcycle,Inner,2.5736328896698812
Tailgating,647.0,5,171.0,motorcycle,Outer,0.41122102067724037
Tailgating,647.0,180,302.0,motorcycle,Outer,2.125951003414875
Tailgating,647.0,134,290.0,motorcycle,Outer,1.7427739504944946
Tailgating,647.0,282,68.0,motorcycle,Outer,1.734829300522107
Tailgating,648.0,287,260.0,motorcycle,Inner,0.029406687779499445
Tailgating,648.0,20,294.0,car,Inner,0.002358347731214602
Tailgating,648.0,294,295.0,car,Inner,1.3951304298438294
Tailgating,648.0,237,244.0,motorcycle,Inner,2.5493899515542955
Tailgating,648.0,5,171.0,motorcycle,Outer,0.48037518378717575
Tailgating,648.0,180,302.0,motorcycle,Outer,2.1130481390958225
Tailgating,648.0,282,68.0,motorcycle,Outer,1.7181685424030297
Tailgating,649.0,287,274.0,motorcycle,Inner,2.9520394712930482
Tailgating,649.0,294,20.0,car,Inner,0.005802196520166227
Tailgating,649.0,20,295.0,car,Inner,1.3294335794047545
Tailgating,649.0,237,244.0,motorcycle,Inner,2.531525244580622
Tailgating,649.0,180,302.0,motorcycle,Outer,2.099352404860765
Tailgating,649.0,282,68.0,motorcycle,Outer,1.6883477514202223
Tailgating,650.0,287,274.0,motorcycle,Inner,2.9537107560320197
Tailgating,650.0,294,20.0,car,Inner,0.0
Tailgating,650.0,20,295.0,car,Inner,1.2928696847586
Tailgating,650.0,237,244.0,motorcycle,Inner,2.5047729163236796
Tailgating,650.0,180,302.0,motorcycle,Outer,2.0875997435066376
Tailgating,650.0,297,282.0,car,Outer,0.993043777578113
Tailgating,650.0,282,68.0,motorcycle,Outer,1.6701196149318502
Tailgating,651.0,287,274.0,motorcycle,Inner,2.941978081107997
Tailgating,651.0,274,268.0,motorcycle,Inner,0.0008894921171074383
Tailgating,651.0,294,20.0,car,Inner,0.005818635975864849
Tailgating,651.0,20,295.0,car,Inner,1.2349023518413609
Tailgating,651.0,237,244.0,motorcycle,Inner,2.490393576643219
Tailgating,651.0,180,302.0,motorcycle,Outer,2.082022575586705
Tailgating,651.0,134,290.0,motorcycle,Outer,1.7744634936280714
Tailgating,651.0,282,68.0,motorcycle,Outer,1.6536823181856364
Tailgating,652.0,287,274.0,motorcycle,Inner,2.9356497483855386
Tailgating,652.0,274,268.0,motorcycle,Inner,0.0008527573595550267
Tailgating,652.0,268,278.0,motorcycle,Inner,0.16569402226829574
Tailgating,652.0,294,20.0,car,Inner,0.0
Tailgating,652.0,20,295.0,car,Inner,1.1826282811718525
Tailgating,652.0,237,244.0,motorcycle,Inner,2.4541675162824
Tailgating,652.0,5,171.0,motorcycle,Outer,0.6722657371955222
Tailgating,652.0,180,302.0,motorcycle,Outer,2.0557019579224196
Tailgating,652.0,134,290.0,motorcycle,Outer,1.7949046771137538
Tailgating,652.0,282,68.0,motorcycle,Outer,1.6356917939626625
Tailgating,653.0,287,268.0,motorcycle,Inner,2.9420365073801946
Tailgating,653.0,268,274.0,motorcycle,Inner,0.006661598311169318
Tailgating,653.0,274,278.0,motorcycle,Inner,0.11549018862772494
Tailgating,653.0,294,20.0,car,Inner,0.0
Tailgating,653.0,20,295.0,car,Inner,1.1325381165842139
Tailgating,653.0,237,244.0,motorcycle,Inner,2.4310712935038694
Tailgating,653.0,5,171.0,motorcycle,Outer,0.6789639745376294
Tailgating,653.0,180,302.0,motorcycle,Outer,2.0370116568346477
Tailgating,653.0,134,290.0,motorcycle,Outer,1.8122901292199438
Tailgating,653.0,282,68.0,motorcycle,Outer,1.607815068762444
Tailgating,654.0,287,268.0,motorcycle,Inner,2.9377382365005396
Tailgating,654.0,268,274.0,motorcycle,Inner,0.0066878233887499245
Tailgating,654.0,274,278.0,motorcycle,Inner,0.07873772114950772
Tailgating,654.0,294,20.0,car,Inner,0.0
Tailgating,654.0,20,295.0,car,Inner,1.0822763466689467
Tailgating,654.0,237,244.0,motorcycle,Inner,2.41499219239635
Tailgating,654.0,5,171.0,motorcycle,Outer,0.6753445206685973
Tailgating,654.0,180,302.0,motorcycle,Outer,2.025963660431455
Tailgating,654.0,282,68.0,motorcycle,Outer,1.5900119263372698
Tailgating,655.0,260,287.0,motorcycle,Inner,0.44010906720242937
Tailgating,655.0,287,274.0,motorcycle,Inner,2.9339955784042893
Tailgating,655.0,274,268.0,motorcycle,Inner,0.0
Tailgating,655.0,268,278.0,motorcycle,Inner,0.04307153711853763
Tailgating,655.0,20,294.0,car,Inner,0.005855455692824126
Tailgating,655.0,294,295.0,car,Inner,1.031840730888501
Tailgating,655.0,237,244.0,motorcycle,Inner,2.396495905398999
Tailgating,655.0,5,171.0,motorcycle,Outer,0.6587973274498157
Tailgating,655.0,180,302.0,motorcycle,Outer,2.0008924612445265
Tailgating,655.0,282,68.0,motorcycle,Outer,1.5739394886121878
Tailgating,656.0,260,287.0,motorcycle,Inner,0.5160033143752608
Tailgating,656.0,287,274.0,motorcycle,Inner,2.9308087361281125
Tailgating,656.0,274,268.0,motorcycle,Inner,0.0
Tailgating,656.0,268,278.0,motorcycle,Inner,0.006850574093364946
Tailgating,656.0,237,244.0,motorcycle,Inner,2.3717577581954745
Tailgating,656.0,5,171.0,motorcycle,Outer,0.6723903515338643
Tailgating,656.0,20,294.0,car,Outer,0.0058656642564771004
Tailgating,656.0,294,180.0,car,Outer,0.21345080692163773
Tailgating,656.0,180,302.0,motorcycle,Outer,1.9834237641389232
Tailgating,656.0,282,68.0,motorcycle,Outer,1.5462795208159426
Tailgating,657.0,260,287.0,motorcycle,Inner,0.5919565238147824
Tailgating,657.0,287,283.0,motorcycle,Inner,3.126738268992247
Tailgating,657.0,274,268.0,motorcycle,Inner,0.0
Tailgating,657.0,268,307.0,motorcycle,Inner,3.8654534101227354
Tailgating,657.0,237,244.0,motorcycle,Inner,2.3593373191607028
Tailgating,657.0,5,171.0,motorcycle,Outer,0.6870688682347412
Tailgating,657.0,294,20.0,car,Outer,0.0022184151588312863
Tailgating,657.0,20,180.0,car,Outer,0.23671947693125645
Tailgating,657.0,180,302.0,motorcycle,Outer,1.9444533951084595
Tailgating,657.0,282,68.0,motorcycle,Outer,1.5105124330932853
Tailgating,658.0,287,278.0,motorcycle,Inner,3.088078808655147
Tailgating,658.0,268,307.0,motorcycle,Inner,3.855068885360864
Tailgating,658.0,237,244.0,motorcycle,Inner,2.344723057564109
Tailgating,658.0,20,294.0,car,Outer,0.005881128296257538
Tailgating,658.0,294,180.0,car,Outer,0.25075547659878794
Tailgating,658.0,180,302.0,motorcycle,Outer,1.9205888103783308
Tailgating,658.0,282,68.0,motorcycle,Outer,1.4930616596908075
Tailgating,659.0,287,283.0,motorcycle,Inner,3.027596005414092
Tailgating,659.0,71,135.0,car,Inner,1.7352012061612585
Tailgating,659.0,237,244.0,motorcycle,Inner,2.330468797018544
Tailgating,659.0,20,294.0,car,Outer,0.005891117583439674
Tailgating,659.0,294,180.0,car,Outer,0.257058788472873
Tailgating,659.0,180,302.0,motorcycle,Outer,1.8966630686572277
Tailgating,659.0,134,290.0,motorcycle,Outer,1.8249787130759898
Tailgating,659.0,282,68.0,motorcycle,Outer,1.4687417482133835
Tailgating,660.0,203,260.0,motorcycle,Inner,1.6134396425413373
Tailgating,660.0,287,283.0,motorcycle,Inner,2.982474392079716
Tailgating,660.0,268,307.0,motorcycle,Inner,3.8276898435298863
Tailgating,660.0,71,160.0,car,Inner,0.0014612496546085316
Tailgating,660.0,237,244.0,motorcycle,Inner,2.31657071391552
Tailgating,660.0,20,294.0,car,Outer,0.0
Tailgating,660.0,294,180.0,car,Outer,0.2754569189660499
Tailgating,660.0,180,302.0,motorcycle,Outer,1.8729805908321353
Tailgating,661.0,203,260.0,motorcycle,Inner,1.6154364126075387
Tailgating,661.0,287,283.0,motorcycle,Inner,2.9427364543521426
Tailgating,661.0,274,268.0,motorcycle,Inner,0.007281008429342364
Tailgating,661.0,268,307.0,motorcycle,Inner,3.823650101439128
Tailgating,661.0,71,160.0,car,Inner,0.014641958715445833
Tailgating,661.0,237,244.0,motorcycle,Inner,2.310144752194864
Tailgating,661.0,294,20.0,car,Outer,0.005906191848063506
Tailgating,661.0,20,180.0,car,Outer,0.27992038845286304
Tailgating,661.0,180,302.0,motorcycle,Outer,1.8499428730168395
Tailgating,662.0,203,32.0,motorcycle,Inner,0.0051856768888126495
Tailgating,662.0,287,283.0,motorcycle,Inner,2.889138893571179
Tailgating,662.0,274,268.0,motorcycle,Inner,0.014137024942628543
Tailgating,662.0,268,307.0,motorcycle,Inner,3.811664386867054
Tailgating,662.0,237,244.0,motorcycle,Inner,2.297026300828856
Tailgating,662.0,294,20.0,car,Outer,0.013977461603986115
Tailgating,662.0,20,180.0,car,Outer,0.2915782826690344
Tailgating,662.0,180,302.0,motorcycle,Outer,1.8271827631661
Tailgating,663.0,203,32.0,motorcycle,Inner,0.051192796052859965
Tailgating,663.0,287,283.0,motorcycle,Inner,2.83615470726619
Tailgating,663.0,274,268.0,motorcycle,Inner,0.007236031859912195
Tailgating,663.0,237,244.0,motorcycle,Inner,2.2818603973517115
Tailgating,663.0,294,20.0,car,Outer,0.011834041794030538
Tailgating,663.0,20,180.0,car,Outer,0.3122248268381548
Tailgating,663.0,180,302.0,motorcycle,Outer,1.7840099466448402
Tailgating,663.0,134,290.0,motorcycle,Outer,1.871796436045595
Tailgating,664.0,203,32.0,motorcycle,Inner,0.10583363782572887
Tailgating,664.0,287,283.0,motorcycle,Inner,2.8077703890968078
Tailgating,664.0,274,268.0,motorcycle,Inner,0.014412997296328188
Tailgating,664.0,268,307.0,motorcycle,Inner,3.7874731387236427
Tailgating,664.0,237,244.0,motorcycle,Inner,2.2694729322800953
Tailgating,664.0,294,20.0,car,Outer,0.019903857808015877
Tailgating,664.0,180,302.0,motorcycle,Outer,1.754503170924466
Tailgating,664.0,134,290.0,motorcycle,Outer,1.8875627969070714
Tailgating,665.0,203,32.0,motorcycle,Inner,0.13957238685060416
Tailgating,665.0,274,268.0,motorcycle,Inner,0.007183260447285492
Tailgating,665.0,268,307.0,motorcycle,Inner,3.78542936062312
Tailgating,665.0,237,244.0,motorcycle,Inner,2.247676675346606
Tailgating,665.0,294,20.0,car,Outer,0.011860021992428577
Tailgating,665.0,180,302.0,motorcycle,Outer,1.7113557262249202
Tailgating,666.0,203,32.0,motorcycle,Inner,0.19338765270000716
Tailgating,666.0,274,268.0,motorcycle,Inner,0.007156562917692016
Tailgating,666.0,268,307.0,motorcycle,Inner,3.7754641258505752
Tailgating,666.0,213,56.0,person,Inner,1.655238689636218
Tailgating,666.0,237,244.0,motorcycle,Inner,2.233671323860421
Tailgating,666.0,300,320.0,person,Outer,1.1782060600151723
Tailgating,666.0,20,180.0,car,Outer,0.356053143247735
Tailgating,666.0,180,302.0,motorcycle,Outer,1.6757997214731073
Tailgating,667.0,203,32.0,motorcycle,Inner,0.26345105980995637
Tailgating,667.0,287,283.0,motorcycle,Inner,2.71136307400205
Tailgating,667.0,274,268.0,motorcycle,Inner,0.007129547974957753
Tailgating,667.0,237,244.0,motorcycle,Inner,2.220115443692338
Tailgating,667.0,300,320.0,person,Outer,1.1818597956033614
Tailgating,667.0,5,171.0,motorcycle,Outer,1.217783667527236
Tailgating,667.0,180,302.0,motorcycle,Outer,1.6326712726033041
Tailgating,668.0,203,32.0,motorcycle,Inner,0.32173121250672776
Tailgating,668.0,287,283.0,motorcycle,Inner,2.6809275936942845
Tailgating,668.0,237,244.0,motorcycle,Inner,2.197098287571611
Tailgating,668.0,300,320.0,person,Outer,1.18785219703118
Tailgating,668.0,5,171.0,motorcycle,Outer,1.2915516450952815
Tailgating,668.0,20,180.0,car,Outer,0.40825838768385353
Tailgating,668.0,180,302.0,motorcycle,Outer,1.5971320555165183
Tailgating,669.0,203,32.0,motorcycle,Inner,0.3673607430959937
Tailgating,669.0,287,283.0,motorcycle,Inner,2.622489499202505
Tailgating,669.0,237,244.0,motorcycle,Inner,2.1864050194637015
Tailgating,669.0,300,320.0,person,Outer,1.1803379855723821
Tailgating,669.0,5,171.0,motorcycle,Outer,1.3584685223641084
Tailgating,669.0,294,180.0,car,Outer,0.4266430212361957
Tailgating,669.0,180,302.0,motorcycle,Outer,1.5540215730318752
Tailgating,670.0,203,32.0,motorcycle,Inner,0.42184660181181527
Tailgating,670.0,287,283.0,motorcycle,Inner,2.5663708493024533
Tailgating,670.0,268,274.0,motorcycle,Inner,0.007102471825670655
Tailgating,670.0,299,295.0,person,Inner,2.369482099235865
Tailgating,670.0,237,244.0,motorcycle,Inner,2.1837465815564934
Tailgating,670.0,5,171.0,motorcycle,Outer,1.443541895114244
Tailgating,670.0,294,180.0,car,Outer,0.44504210219925977
Tailgating,670.0,180,302.0,motorcycle,Outer,1.5314926187184814
Tailgating,671.0,203,32.0,motorcycle,Inner,0.4677331262069535
Tailgating,671.0,287,283.0,motorcycle,Inner,2.498221880214891
Tailgating,671.0,268,274.0,motorcycle,Inner,0.014282039865024668
Tailgating,671.0,237,244.0,motorcycle,Inner,2.1737022835397135
Tailgating,671.0,294,180.0,car,Outer,0.45656707454219114
Tailgating,671.0,180,302.0,motorcycle,Outer,1.487691377857714
Tailgating,671.0,134,306.0,motorcycle,Outer,0.9883207788200962
Tailgating,671.0,306,290.0,motorcycle,Outer,1.0709445326445683
Tailgating,672.0,203,32.0,motorcycle,Inner,0.522435552401217
Tailgating,672.0,287,283.0,motorcycle,Inner,2.4205846639512627
Tailgating,672.0,268,274.0,motorcycle,Inner,0.014394658619986378
Tailgating,672.0,237,244.0,motorcycle,Inner,2.159936722685981
Tailgating,672.0,294,180.0,car,Outer,0.4749851511839108
Tailgating,672.0,180,302.0,motorcycle,Outer,1.4652577787626826
Tailgating,672.0,134,306.0,motorcycle,Outer,1.0319983204355614
Tailgating,672.0,306,290.0,motorcycle,Outer,1.0231492371316973
Tailgating,673.0,203,32.0,motorcycle,Inner,0.5681270496953634
Tailgating,673.0,287,278.0,motorcycle,Inner,2.3550458716274476
Tailgating,673.0,268,274.0,motorcycle,Inner,0.014507935819221312
Tailgating,673.0,71,135.0,car,Inner,1.6752458802070194
Tailgating,673.0,295,254.0,person,Inner,0.2651080646427708
Tailgating,673.0,237,244.0,motorcycle,Inner,2.1485851863359495
Tailgating,673.0,320,5.0,motorcycle,Outer,3.9635323927495176
Tailgating,673.0,5,171.0,motorcycle,Outer,1.6001957960717281
Tailgating,673.0,294,180.0,car,Outer,0.4935988113586885
Tailgating,673.0,180,302.0,motorcycle,Outer,1.4349693283714613
Tailgating,673.0,134,306.0,motorcycle,Outer,1.0763100840987383
Tailgating,673.0,306,290.0,motorcycle,Outer,0.9897373266121443
Tailgating,674.0,268,274.0,motorcycle,Inner,0.014621870960078038
Tailgating,674.0,295,254.0,person,Inner,0.341162538967631
Tailgating,674.0,237,244.0,motorcycle,Inner,2.1356880809739587
Tailgating,674.0,287,5.0,motorcycle,Outer,1.4817112724822792
Tailgating,674.0,5,171.0,motorcycle,Outer,1.6125863621640404
Tailgating,674.0,294,180.0,car,Outer,0.4976019528349098
Tailgating,674.0,180,302.0,motorcycle,Outer,1.410988669467578
Tailgating,674.0,134,306.0,motorcycle,Outer,1.1134450275888415
Tailgating,674.0,306,290.0,motorcycle,Outer,0.9405737737446852
Tailgating,675.0,268,274.0,motorcycle,Inner,0.021646367454389553
Tailgating,675.0,295,254.0,person,Inner,0.4207551308665967
Tailgating,675.0,237,244.0,motorcycle,Inner,2.125175513970067
Tailgating,675.0,287,5.0,motorcycle,Outer,1.488710588464409
Tailgating,675.0,5,171.0,motorcycle,Outer,1.6230960133248211
Tailgating,675.0,294,180.0,car,Outer,0.5091055902162458
Tailgating,675.0,180,302.0,motorcycle,Outer,1.401380903106469
Tailgating,675.0,134,306.0,motorcycle,Outer,1.153648996773433
Tailgating,675.0,306,290.0,motorcycle,Outer,0.9100733330073534
Tailgating,676.0,268,274.0,motorcycle,Inner,0.0072439292598321554
Tailgating,676.0,295,254.0,person,Inner,0.4806162647825325
Tailgating,676.0,237,244.0,motorcycle,Inner,2.1131395854523523
Tailgating,676.0,320,287.0,motorcycle,Outer,2.0779027268042127
Tailgating,676.0,287,5.0,motorcycle,Outer,1.4880240257737867
Tailgating,676.0,5,171.0,motorcycle,Outer,1.6476131574163009
Tailgating,676.0,294,180.0,car,Outer,0.520599146858724
Tailgating,676.0,180,302.0,motorcycle,Outer,1.3920048941243566
Tailgating,676.0,134,306.0,motorcycle,Outer,1.181906938258201
Tailgating,676.0,306,290.0,motorcycle,Outer,0.9009549209339284
Tailgating,677.0,268,274.0,motorcycle,Inner,0.00040184803452340134
Tailgating,677.0,295,254.0,person,Inner,0.5619440168453234
Tailgating,677.0,138,22.0,car,Inner,0.02974910997311775
Tailgating,677.0,237,244.0,motorcycle,Inner,2.114845855983982
Tailgating,677.0,320,287.0,motorcycle,Outer,2.091049035855078
Tailgating,677.0,287,5.0,motorcycle,Outer,1.4884810072829129
Tailgating,677.0,5,171.0,motorcycle,Outer,1.6614374110015528
Tailgating,677.0,55,262.0,car,Outer,1.4569026603075956
Tailgating,677.0,294,180.0,car,Outer,0.5391403189352876
Tailgating,677.0,180,302.0,motorcycle,Outer,1.3751411022894373
Tailgating,677.0,134,306.0,motorcycle,Outer,1.2009355243620201
Tailgating,677.0,306,290.0,motorcycle,Outer,0.8939651985503468
Tailgating,678.0,268,274.0,motorcycle,Inner,0.00046106853622255363
Tailgating,678.0,138,22.0,car,Inner,0.06478435170062168
Tailgating,678.0,237,244.0,motorcycle,Inner,2.1054263967627724
Tailgating,678.0,320,287.0,motorcycle,Outer,2.0885155714111723
Tailgating,678.0,287,5.0,motorcycle,Outer,1.4796365858255598
Tailgating,678.0,5,171.0,motorcycle,Outer,1.6961890113677343
Tailgating,678.0,55,262.0,car,Outer,1.491918782967935
Tailgating,678.0,180,302.0,motorcycle,Outer,1.359160695736315
Tailgating,678.0,306,290.0,motorcycle,Outer,0.8818511779477393
Tailgating,679.0,283,268.0,motorcycle,Inner,1.0190531838949528
Tailgating,679.0,268,274.0,motorcycle,Inner,0.007323296071615868
Tailgating,679.0,138,22.0,car,Inner,0.09185778480389703
Tailgating,679.0,237,244.0,motorcycle,Inner,2.0974522859345672
Tailgating,679.0,320,287.0,motorcycle,Outer,2.1031392278317544
Tailgating,679.0,287,5.0,motorcycle,Outer,1.4399600886518416
Tailgating,679.0,55,262.0,car,Outer,1.5492153704471006
Tailgating,679.0,294,180.0,car,Outer,0.5606026586222254
Tailgating,679.0,180,302.0,motorcycle,Outer,1.3500015941185328
Tailgating,679.0,134,306.0,motorcycle,Outer,1.2517958980676063
Tailgating,679.0,306,290.0,motorcycle,Outer,0.8794577981355307
Tailgating,680.0,278,283.0,person,Inner,0.00844326590679276
Tailgating,680.0,283,268.0,motorcycle,Inner,1.075986803197864
Tailgating,680.0,268,274.0,motorcycle,Inner,0.0
Tailgating,680.0,138,22.0,car,Inner,0.11816745267254303
Tailgating,680.0,237,244.0,motorcycle,Inner,2.08007962404959
Tailgating,680.0,320,287.0,motorcycle,Outer,2.1360226821048913
Tailgating,680.0,287,5.0,motorcycle,Outer,1.360289126234524
Tailgating,680.0,55,262.0,car,Outer,1.6079819635064603
Tailgating,680.0,294,180.0,car,Outer,0.572042702844206
Tailgating,680.0,180,302.0,motorcycle,Outer,1.348272551270759
Tailgating,680.0,134,306.0,motorcycle,Outer,1.2889793273343424
Tailgating,680.0,306,290.0,motorcycle,Outer,0.8549774026390354
Tailgating,681.0,278,283.0,person,Inner,0.009696552216213147
Tailgating,681.0,268,274.0,motorcycle,Inner,0.006754275301232461
Tailgating,681.0,299,295.0,person,Inner,1.845251375257718
Tailgating,681.0,295,254.0,person,Inner,0.8485278659079672
Tailgating,681.0,138,22.0,car,Inner,0.15070682886721687
Tailgating,681.0,237,244.0,motorcycle,Inner,2.0725031983490245
Tailgating,681.0,203,32.0,motorcycle,Inner,0.866813999298309
Tailgating,681.0,320,287.0,motorcycle,Outer,2.147251794054889
Tailgating,681.0,287,5.0,motorcycle,Outer,1.2687367552145699
Tailgating,681.0,5,171.0,motorcycle,Outer,1.8896678137276934
Tailgating,681.0,55,262.0,car,Outer,1.6558076315606194
Tailgating,681.0,294,180.0,car,Outer,0.6031033455902773
Tailgating,681.0,180,302.0,motorcycle,Outer,1.326221412383185
Tailgating,681.0,134,306.0,motorcycle,Outer,1.3238907323166362
Tailgating,681.0,306,290.0,motorcycle,Outer,0.8426699671474985
Tailgating,682.0,260,278.0,motorcycle,Inner,3.586674433945729
Tailgating,682.0,278,283.0,person,Inner,0.009545740541586436
Tailgating,682.0,268,274.0,motorcycle,Inner,0.006722355198298164
Tailgating,682.0,299,295.0,person,Inner,1.7577128113888216
Tailgating,682.0,295,254.0,person,Inner,0.921862039757436
Tailgating,682.0,138,22.0,car,Inner,0.17548897679815967
Tailgating,682.0,237,244.0,motorcycle,Inner,2.068512951699085
Tailgating,682.0,203,32.0,motorcycle,Inner,0.9000624753387816
Tailgating,682.0,320,287.0,motorcycle,Outer,2.1623593455569043
Tailgating,682.0,287,5.0,motorcycle,Outer,1.1715870134729578
Tailgating,682.0,5,171.0,motorcycle,Outer,1.9800089938796084
Tailgating,682.0,55,262.0,car,Outer,1.7187094349117846
Tailgating,682.0,294,180.0,car,Outer,0.6145380309045375
Tailgating,682.0,180,302.0,motorcycle,Outer,1.3112080580011967
Tailgating,682.0,134,306.0,motorcycle,Outer,1.3553716158706957
Tailgating,682.0,306,290.0,motorcycle,Outer,0.8278106196992538
Tailgating,683.0,260,278.0,motorcycle,Inner,3.5876623967809587
Tailgating,683.0,278,283.0,person,Inner,0.017182620182373345
Tailgating,683.0,274,268.0,motorcycle,Inner,0.0007363382940606684
Tailgating,683.0,299,295.0,person,Inner,1.6762176343607826
Tailgating,683.0,295,254.0,person,Inner,1.0307228973941562
Tailgating,683.0,138,22.0,car,Inner,0.20719957390361732
Tailgating,683.0,237,244.0,motorcycle,Inner,2.0509212277123665
Tailgating,683.0,203,32.0,motorcycle,Inner,0.9367817981225188
Tailgating,683.0,320,287.0,motorcycle,Outer,2.189916525319324
Tailgating,683.0,287,5.0,motorcycle,Outer,1.1202164346837828
Tailgating,683.0,55,262.0,car,Outer,1.776300449773461
Tailgating,683.0,294,180.0,car,Outer,0.6456249366061613
Tailgating,683.0,180,302.0,motorcycle,Outer,1.2833971997466744
Tailgating,683.0,134,306.0,motorcycle,Outer,1.383731038304455
Tailgating,683.0,306,290.0,motorcycle,Outer,0.8249346369619639
Tailgating,684.0,260,278.0,motorcycle,Inner,3.601121409136962
Tailgating,684.0,274,268.0,motorcycle,Inner,0.0007983855836059412
Tailgating,684.0,295,254.0,person,Inner,1.136997632661263
Tailgating,684.0,138,22.0,car,Inner,0.20390163901444783
Tailgating,684.0,237,244.0,motorcycle,Inner,2.043821974763973
Tailgating,684.0,203,32.0,motorcycle,Inner,0.9697815800665337
Tailgating,684.0,287,5.0,motorcycle,Outer,1.0676365161733943
Tailgating,684.0,294,180.0,car,Outer,0.6626613722703538
Tailgating,684.0,180,302.0,motorcycle,Outer,1.2549368765325872
Tailgating,684.0,134,306.0,motorcycle,Outer,1.4097943690860597
Tailgating,684.0,306,290.0,motorcycle,Outer,0.8222728872788303
Tailgating,685.0,260,278.0,motorcycle,Inner,3.610424000437239
Tailgating,685.0,274,268.0,motorcycle,Inner,0.0008609080155179115
Tailgating,685.0,295,254.0,person,Inner,1.237591461515142
Tailgating,685.0,237,244.0,motorcycle,Inner,2.0280869441216316
Tailgating,685.0,203,32.0,motorcycle,Inner,1.003103459516508
Tailgating,685.0,287,5.0,motorcycle,Outer,1.026846017697874
Tailgating,685.0,294,180.0,car,Outer,0.6866941544772492
Tailgating,685.0,180,302.0,motorcycle,Outer,1.2274482636528339
Tailgating,685.0,134,306.0,motorcycle,Outer,1.4345651584579386
Tailgating,685.0,306,290.0,motorcycle,Outer,0.8120737223160833
Tailgating,686.0,260,278.0,motorcycle,Inner,3.6108534214064627
Tailgating,686.0,278,283.0,person,Inner,0.02467142555904626
Tailgating,686.0,274,268.0,motorcycle,Inner,0.0009100246712615621
Tailgating,686.0,295,254.0,person,Inner,1.345662875430587
Tailgating,686.0,237,244.0,motorcycle,Inner,2.0212914110656572
Tailgating,686.0,203,32.0,motorcycle,Inner,1.0478513425259781
Tailgating,686.0,287,5.0,motorcycle,Outer,0.9909982641302918
Tailgating,686.0,294,180.0,car,Outer,0.6981123492289444
Tailgating,686.0,180,302.0,motorcycle,Outer,1.2061460633144234
Tailgating,686.0,134,306.0,motorcycle,Outer,1.4730472428811985
Tailgating,686.0,306,290.0,motorcycle,Outer,0.7994111359222449
Tailgating,687.0,260,278.0,motorcycle,Inner,3.6159413202618484
Tailgating,687.0,278,283.0,person,Inner,0.03068703687539193
Tailgating,687.0,268,274.0,motorcycle,Inner,0.005604678132886599
Tailgating,687.0,295,254.0,person,Inner,1.455006175018057
Tailgating,687.0,237,244.0,motorcycle,Inner,2.0163494959192074
Tailgating,687.0,287,5.0,motorcycle,Outer,0.9983225333703623
Tailgating,687.0,5,171.0,motorcycle,Outer,2.1686167975656607
Tailgating,687.0,294,180.0,car,Outer,0.713334824752374
Tailgating,687.0,180,302.0,motorcycle,Outer,1.1793239405259344
Tailgating,687.0,134,306.0,motorcycle,Outer,1.4889628566082385
Tailgating,687.0,306,290.0,motorcycle,Outer,0.7965884925748331
Tailgating,687.0,282,68.0,motorcycle,Outer,0.9462242373570351
Tailgating,688.0,274,268.0,motorcycle,Inner,0.0010236327238756233
Tailgating,688.0,295,254.0,person,Inner,1.5537960961563622
Tailgating,688.0,237,244.0,motorcycle,Inner,2.0098842817278904
Tailgating,688.0,287,5.0,motorcycle,Outer,1.0085967538160552
Tailgating,688.0,5,171.0,motorcycle,Outer,2.1649874340474873
Tailgating,688.0,294,302.0,car,Outer,1.71449568573995
Tailgating,688.0,306,290.0,motorcycle,Outer,0.7842159279276453
Tailgating,688.0,282,68.0,motorcycle,Outer,0.5413784978352921
Tailgating,689.0,278,283.0,person,Inner,0.022449277816992946
Tailgating,689.0,283,274.0,motorcycle,Inner,1.5584991910574797
Tailgating,689.0,274,268.0,motorcycle,Inner,0.008670486502550314
Tailgating,689.0,295,254.0,person,Inner,1.6411385743783988
Tailgating,689.0,237,244.0,motorcycle,Inner,2.0124511343700893
Tailgating,689.0,287,5.0,motorcycle,Outer,1.0264262314776962
Tailgating,689.0,5,171.0,motorcycle,Outer,2.1599941199158934
Tailgating,689.0,294,302.0,car,Outer,1.6968981578441993
Tailgating,689.0,306,290.0,motorcycle,Outer,0.783773879393574
Tailgating,689.0,282,68.0,motorcycle,Outer,0.13062753733283683
Tailgating,690.0,278,283.0,person,Inner,0.02417348620698732
Tailgating,690.0,283,274.0,motorcycle,Inner,1.6139963753988278
Tailgating,690.0,274,268.0,motorcycle,Inner,0.008745067362846375
Tailgating,690.0,295,254.0,person,Inner,1.7412784901768266
Tailgating,690.0,237,244.0,motorcycle,Inner,2.018513931261705
Tailgating,690.0,300,320.0,person,Outer,1.5697937049995927
Tailgating,690.0,287,5.0,motorcycle,Outer,0.9917368429834317
Tailgating,690.0,294,302.0,car,Outer,1.6872604513222773
Tailgating,690.0,306,290.0,motorcycle,Outer,0.7831666497732269
Tailgating,690.0,282,16.0,motorcycle,Outer,2.716593642066123
Tailgating,691.0,278,283.0,person,Inner,0.016053974233368833
Tailgating,691.0,283,274.0,motorcycle,Inner,1.6699494382223985
Tailgating,691.0,274,268.0,motorcycle,Inner,0.016468814118441862
Tailgating,691.0,295,254.0,person,Inner,1.8362791092345072
Tailgating,691.0,237,244.0,motorcycle,Inner,2.0126131822808744
Tailgating,691.0,300,320.0,person,Outer,1.5841050421619005
Tailgating,691.0,287,5.0,motorcycle,Outer,0.9797224439195081
Tailgating,691.0,5,171.0,motorcycle,Outer,2.2268732848191313
Tailgating,691.0,294,302.0,car,Outer,1.6713002142439062
Tailgating,691.0,306,290.0,motorcycle,Outer,0.7726421624849414
Tailgating,691.0,282,16.0,motorcycle,Outer,2.3061964053461255
Tailgating,692.0,278,283.0,person,Inner,0.01591909054963571
Tailgating,692.0,283,274.0,motorcycle,Inner,1.7192758921731917
Tailgating,692.0,274,268.0,motorcycle,Inner,0.01656836429027939
Tailgating,692.0,295,254.0,person,Inner,1.9307026246574843
Tailgating,692.0,237,244.0,motorcycle,Inner,2.017460177003674
Tailgating,692.0,300,320.0,person,Outer,1.5983589788678791
Tailgating,692.0,320,287.0,motorcycle,Outer,2.5165060464297078
Tailgating,692.0,287,5.0,motorcycle,Outer,0.9608957481938287
Tailgating,692.0,5,171.0,motorcycle,Outer,2.2505414263946233
Tailgating,692.0,294,302.0,car,Outer,1.6688706260270199
Tailgating,692.0,306,290.0,motorcycle,Outer,0.7572803372959969
Tailgating,692.0,282,16.0,motorcycle,Outer,1.9210173679960318
Tailgating,693.0,278,283.0,person,Inner,0.015747393473207628
Tailgating,693.0,283,274.0,motorcycle,Inner,1.7752859929028286
Tailgating,693.0,295,254.0,person,Inner,2.011165346262892
Tailgating,693.0,237,244.0,motorcycle,Inner,2.024068647488268
Tailgating,693.0,282,16.0,motorcycle,Outer,1.5403115693420997
Tailgating,693.0,300,320.0,person,Outer,1.6046828961544846
Tailgating,693.0,320,287.0,motorcycle,Outer,2.542128895984026
Tailgating,693.0,287,5.0,motorcycle,Outer,0.9496365440291762
Tailgating,693.0,5,171.0,motorcycle,Outer,2.274149471462903
Tailgating,693.0,294,302.0,car,Outer,1.6663401044219155
Tailgating,693.0,306,290.0,motorcycle,Outer,0.756616856930731
Tailgating,694.0,278,283.0,person,Inner,0.023656700442199034
Tailgating,694.0,283,274.0,motorcycle,Inner,1.824697011228943
Tailgating,694.0,274,268.0,motorcycle,Inner,0.02449473431873724
Tailgating,694.0,295,254.0,person,Inner,2.0921612346841694
Tailgating,694.0,237,244.0,motorcycle,Inner,2.018695675013189
Tailgating,694.0,282,16.0,motorcycle,Outer,1.528209584238858
Tailgating,694.0,320,287.0,motorcycle,Outer,2.5686653187233692
Tailgating,694.0,287,5.0,motorcycle,Outer,0.8916082884429114
Tailgating,694.0,294,302.0,car,Outer,1.6498541808025755
Tailgating,694.0,306,90.0,motorcycle,Outer,2.16665362840734
Tailgating,695.0,278,283.0,person,Inner,0.009545964804588835
Tailgating,695.0,283,274.0,motorcycle,Inner,1.8950803890311687
Tailgating,695.0,274,268.0,motorcycle,Inner,0.024653139671659892
Tailgating,695.0,295,254.0,person,Inner,2.174918241473283
Tailgating,695.0,237,244.0,motorcycle,Inner,2.0136602277819873
Tailgating,695.0,203,32.0,motorcycle,Inner,1.2174223628820442
Tailgating,695.0,282,16.0,motorcycle,Outer,1.5153333430712266
Tailgating,695.0,320,287.0,motorcycle,Outer,2.5987786337061216
Tailgating,695.0,287,5.0,motorcycle,Outer,0.8238038277406842
Tailgating,695.0,294,302.0,car,Outer,1.64040347184985
Tailgating,695.0,306,90.0,motorcycle,Outer,2.1593443539926316
Tailgating,696.0,278,283.0,person,Inner,0.009408577119972469
Tailgating,696.0,283,274.0,motorcycle,Inner,1.959291192808756
Tailgating,696.0,274,268.0,motorcycle,Inner,0.02481222182767716
Tailgating,696.0,295,254.0,person,Inner,2.256054185099887
Tailgating,696.0,203,32.0,motorcycle,Inner,1.2503307553806096
Tailgating,696.0,282,16.0,motorcycle,Outer,1.5128476396752837
Tailgating,696.0,320,287.0,motorcycle,Outer,2.6340501828183585
Tailgating,696.0,287,5.0,motorcycle,Outer,0.7393820797900305
Tailgating,696.0,294,302.0,car,Outer,1.6309906531918337
Tailgating,696.0,306,90.0,motorcycle,Outer,2.1508667491400164
Tailgating,696.0,90,86.0,car,Outer,0.29746001648963977
Tailgating,696.0,237,68.0,motorcycle,Outer,1.4695377825238853
Tailgating,697.0,278,283.0,person,Inner,0.017425337472436044
Tailgating,697.0,283,274.0,motorcycle,Inner,2.0088859834099573
Tailgating,697.0,274,268.0,motorcycle,Inner,0.032763413127931205
Tailgating,697.0,282,16.0,motorcycle,Outer,1.5094187080755859
Tailgating,697.0,320,287.0,motorcycle,Outer,2.672900092417569
Tailgating,697.0,287,5.0,motorcycle,Outer,0.6628095352767109
Tailgating,697.0,306,90.0,motorcycle,Outer,2.1382421106775817
Tailgating,697.0,90,86.0,car,Outer,0.2724661102105888
Tailgating,697.0,237,68.0,motorcycle,Outer,1.4390368455102953
Tailgating,698.0,278,283.0,person,Inner,0.017296317944626362
Tailgating,698.0,283,274.0,motorcycle,Inner,2.0794733758898776
Tailgating,698.0,274,268.0,motorcycle,Inner,0.02510046938569238
Tailgating,698.0,282,16.0,motorcycle,Outer,1.5068277855750913
Tailgating,698.0,320,287.0,motorcycle,Outer,2.6920417014319016
Tailgating,698.0,287,5.0,motorcycle,Outer,0.5853736937467945
Tailgating,698.0,306,90.0,motorcycle,Outer,2.111566639156349
Tailgating,698.0,237,68.0,motorcycle,Outer,1.419488890005632
Tailgating,699.0,278,283.0,person,Inner,0.01718343979579457
Tailgating,699.0,283,274.0,motorcycle,Inner,2.135577287181347
Tailgating,699.0,274,268.0,motorcycle,Inner,0.03930799565642008
Tailgating,699.0,203,244.0,motorcycle,Inner,0.000883707662351232
Tailgating,699.0,282,16.0,motorcycle,Outer,1.513012566588701
Tailgating,699.0,320,287.0,motorcycle,Outer,2.71192080258067
Tailgating,699.0,287,5.0,motorcycle,Outer,0.49629315635595156
Tailgating,699.0,5,171.0,motorcycle,Outer,2.7055175812691994
Tailgating,699.0,306,90.0,motorcycle,Outer,2.0996830797600365
Tailgating,699.0,237,68.0,motorcycle,Outer,1.3861392455067891
Tailgating,700.0,278,283.0,person,Inner,0.011374247961864993
Tailgating,700.0,283,274.0,motorcycle,Inner,2.2145161231442043
Tailgating,700.0,274,268.0,motorcycle,Inner,0.031584483686955905
Tailgating,700.0,295,254.0,person,Inner,2.5432995061329824
Tailgating,700.0,282,16.0,motorcycle,Outer,1.510244480019367
Tailgating,700.0,300,320.0,person,Outer,1.9039537691695667
Tailgating,700.0,320,287.0,motorcycle,Outer,2.739888913876463
Tailgating,700.0,287,5.0,motorcycle,Outer,0.40745625343053476
Tailgating,700.0,294,302.0,car,Outer,1.6011737433154687
Tailgating,700.0,306,90.0,motorcycle,Outer,2.0798736425039333
Tailgating,700.0,237,68.0,motorcycle,Outer,1.368498540403974
Tailgating,701.0,301,278.0,motorcycle,Inner,1.3576378051771771
Tailgating,701.0,278,283.0,person,Inner,0.01129798945355288
Tailgating,701.0,283,274.0,motorcycle,Inner,2.2873530600160796
Tailgating,701.0,274,268.0,motorcycle,Inner,0.017688062677453913
Tailgating,701.0,295,254.0,person,Inner,2.631074128948625
Tailgating,701.0,282,16.0,motorcycle,Outer,1.5075023523867501
Tailgating,701.0,300,320.0,person,Outer,1.9618088946999768
Tailgating,701.0,287,5.0,motorcycle,Outer,0.328100498423229
Tailgating,701.0,294,302.0,car,Outer,1.5842578939058785
Tailgating,701.0,306,90.0,motorcycle,Outer,2.0598142346311983
Tailgating,701.0,237,68.0,motorcycle,Outer,1.3479414781235906
Tailgating,702.0,301,278.0,motorcycle,Inner,1.271980126674053
Tailgating,702.0,278,283.0,person,Inner,0.011210073864950796
Tailgating,702.0,283,274.0,motorcycle,Inner,2.358238070102685
Tailgating,702.0,274,268.0,motorcycle,Inner,0.02389002441831259
Tailgating,702.0,295,254.0,person,Inner,2.71092922581395
Tailgating,702.0,282,16.0,motorcycle,Outer,1.5031468831684298
Tailgating,702.0,320,287.0,motorcycle,Outer,2.7713479899298847
Tailgating,702.0,287,5.0,motorcycle,Outer,0.2639402063219429
Tailgating,702.0,294,302.0,car,Outer,1.574651916550518
Tailgating,702.0,306,90.0,motorcycle,Outer,2.0414842012166434
Tailgating,702.0,237,68.0,motorcycle,Outer,1.3058113298981393
Tailgating,703.0,301,278.0,motorcycle,Inner,1.2066458198554624
Tailgating,703.0,278,283.0,person,Inner,0.011132827495858212
Tailgating,703.0,283,274.0,motorcycle,Inner,2.4313654674092677
Tailgating,703.0,274,268.0,motorcycle,Inner,0.015996156267709918
Tailgating,703.0,295,254.0,person,Inner,2.81506935876526
Tailgating,703.0,282,16.0,motorcycle,Outer,1.5097898006774149
Tailgating,703.0,320,287.0,motorcycle,Outer,2.8030277044446974
Tailgating,703.0,287,5.0,motorcycle,Outer,0.1845464018382136
Tailgating,703.0,294,302.0,car,Outer,1.5585903060167006
Tailgating,703.0,306,90.0,motorcycle,Outer,2.0126589692630206
Tailgating,703.0,237,68.0,motorcycle,Outer,1.285537212790834
Tailgating,704.0,301,278.0,motorcycle,Inner,1.121314476065978
Tailgating,704.0,278,283.0,person,Inner,0.01104399305909149
Tailgating,704.0,283,274.0,motorcycle,Inner,2.5109122115434905
Tailgating,704.0,274,268.0,motorcycle,Inner,0.010113133879928711
Tailgating,704.0,295,254.0,person,Inner,2.919817248883643
Tailgating,704.0,203,244.0,motorcycle,Inner,0.12347654918040651
Tailgating,704.0,282,16.0,motorcycle,Outer,1.5068851128748448
Tailgating,704.0,320,287.0,motorcycle,Outer,2.8205449168997685
Tailgating,704.0,287,5.0,motorcycle,Outer,0.11918115826263363
Tailgating,704.0,294,302.0,car,Outer,1.5418788954936813
Tailgating,704.0,306,90.0,motorcycle,Outer,1.993866874987394
Tailgating,704.0,237,68.0,motorcycle,Outer,1.2651926679216394
Tailgating,705.0,301,278.0,motorcycle,Inner,1.056215450441695
Tailgating,705.0,278,283.0,person,Inner,0.01096576969551697
Tailgating,705.0,283,274.0,motorcycle,Inner,2.575977255931071
Tailgating,705.0,274,268.0,motorcycle,Inner,0.008065861501668556
Tailgating,705.0,295,254.0,person,Inner,3.049484242165196
Tailgating,705.0,203,244.0,motorcycle,Inner,0.1841031578156959
Tailgating,705.0,282,16.0,motorcycle,Outer,1.503163788542661
Tailgating,705.0,320,287.0,motorcycle,Outer,2.8326711036056613
Tailgating,705.0,287,5.0,motorcycle,Outer,0.06318399450621276
Tailgating,705.0,294,302.0,car,Outer,1.539426061100676
Tailgating,705.0,306,90.0,motorcycle,Outer,1.9767728237656188
Tailgating,705.0,237,68.0,motorcycle,Outer,1.246863362498921
Tailgating,706.0,301,278.0,motorcycle,Inner,0.9711795043310157
Tailgating,706.0,278,283.0,person,Inner,0.010876034099547873
Tailgating,706.0,283,274.0,motorcycle,Inner,2.6474143245940502
Tailgating,706.0,274,268.0,motorcycle,Inner,0.01032879422792648
Tailgating,706.0,295,254.0,person,Inner,3.14924473741808
Tailgating,706.0,203,244.0,motorcycle,Inner,0.2446626936981667
Tailgating,706.0,282,16.0,motorcycle,Outer,1.4890608173204736
Tailgating,706.0,320,287.0,motorcycle,Outer,2.8536814856549007
Tailgating,706.0,287,5.0,motorcycle,Outer,0.043447725191682406
Tailgating,706.0,294,302.0,car,Outer,1.5159099414205384
Tailgating,706.0,306,90.0,motorcycle,Outer,1.9485477853150532
Tailgating,706.0,237,68.0,motorcycle,Outer,1.227792620895497
Tailgating,707.0,32,260.0,person,Inner,0.12645512748776883
Tailgating,707.0,301,278.0,motorcycle,Inner,0.8918631588762768
Tailgating,707.0,278,283.0,person,Inner,0.02461657703261201
Tailgating,707.0,283,274.0,motorcycle,Inner,2.706468431933095
Tailgating,707.0,274,268.0,motorcycle,Inner,0.0081301174565927
Tailgating,707.0,295,254.0,person,Inner,3.255523844621153
Tailgating,707.0,203,244.0,motorcycle,Inner,0.2943991448821321
Tailgating,707.0,282,16.0,motorcycle,Outer,1.4860012951397603
Tailgating,707.0,320,287.0,motorcycle,Outer,2.8426216062750176
Tailgating,707.0,287,5.0,motorcycle,Outer,0.05699928025083
Tailgating,707.0,294,302.0,car,Outer,1.507000941574022
Tailgating,707.0,306,90.0,motorcycle,Outer,1.91136271194936
Tailgating,707.0,237,68.0,motorcycle,Outer,1.211322998683703
Tailgating,708.0,32,260.0,person,Inner,0.038019419673513424
Tailgating,708.0,301,278.0,motorcycle,Inner,0.8025196909283621
Tailgating,708.0,278,283.0,person,Inner,0.02450965197574377
Tailgating,708.0,283,274.0,motorcycle,Inner,2.7697313607327634
Tailgating,708.0,274,268.0,motorcycle,Inner,0.008155702266024478
Tailgating,708.0,295,254.0,person,Inner,3.338907464499736
Tailgating,708.0,203,244.0,motorcycle,Inner,0.34412140417812304
Tailgating,708.0,282,16.0,motorcycle,Outer,1.4829908790485755
Tailgating,708.0,320,287.0,motorcycle,Outer,2.8446872855209393
Tailgating,708.0,287,5.0,motorcycle,Outer,0.06422789077184796
Tailgating,708.0,294,302.0,car,Outer,1.4981257678012019
Tailgating,708.0,306,90.0,motorcycle,Outer,1.89328113080479
Tailgating,708.0,237,68.0,motorcycle,Outer,1.1855268139435016
Tailgating,709.0,301,278.0,motorcycle,Inner,0.717943652490097
Tailgating,709.0,278,283.0,person,Inner,0.03288368547878175
Tailgating,709.0,283,274.0,motorcycle,Inner,2.826819525544961
Tailgating,709.0,274,268.0,motorcycle,Inner,0.013930438127041336
Tailgating,709.0,295,254.0,person,Inner,3.437427619188703
Tailgating,709.0,203,244.0,motorcycle,Inner,0.39493824217753687
Tailgating,709.0,282,32.0,motorcycle,Outer,1.2364044202246027
Tailgating,709.0,32,16.0,person,Outer,0.06245413179063296
Tailgating,709.0,7,320.0,car,Outer,1.8242956325082162
Tailgating,709.0,320,287.0,motorcycle,Outer,2.8327119787054746
Tailgating,709.0,294,302.0,car,Outer,1.4892841292527679
Tailgating,709.0,306,90.0,motorcycle,Outer,1.872451678875304
Tailgating,709.0,237,68.0,motorcycle,Outer,1.168471831556851
Tailgating,710.0,301,278.0,motorcycle,Inner,0.6289832179668073
Tailgating,710.0,278,283.0,person,Inner,0.03807912436984345
Tailgating,710.0,283,274.0,motorcycle,Inner,2.892441134668203
Tailgating,710.0,295,254.0,person,Inner,3.5232740898121784
Tailgating,710.0,203,244.0,motorcycle,Inner,0.45622111897786477
Tailgating,710.0,282,16.0,motorcycle,Outer,1.4652115767290639
Tailgating,710.0,32,300.0,person,Outer,0.08313025044999925
Tailgating,710.0,320,287.0,motorcycle,Outer,2.8070214833907916
Tailgating,710.0,294,302.0,car,Outer,1.4877012876484152
Tailgating,710.0,306,90.0,motorcycle,Outer,1.8281932150957165
Tailgating,710.0,237,68.0,motorcycle,Outer,1.1522142242158748
Tailgating,711.0,301,278.0,motorcycle,Inner,0.5380027266593631
Tailgating,711.0,278,283.0,person,Inner,0.02944060116167196
Tailgating,711.0,295,254.0,person,Inner,3.5987015577776327
Tailgating,711.0,203,244.0,motorcycle,Inner,0.496163166016705
Tailgating,711.0,282,16.0,motorcycle,Outer,1.4525450942926037
Tailgating,711.0,32,7.0,person,Outer,0.8895002620554944
Tailgating,711.0,320,287.0,motorcycle,Outer,2.794711185130499
Tailgating,711.0,287,5.0,motorcycle,Outer,0.18624607499589174
Tailgating,711.0,294,302.0,car,Outer,1.4789322756639383
Tailgating,711.0,306,90.0,motorcycle,Outer,1.8039439759213414
Tailgating,711.0,237,68.0,motorcycle,Outer,1.135101199114392
Tailgating,712.0,301,278.0,motorcycle,Inner,0.43399545427265834
Tailgating,712.0,278,283.0,person,Inner,0.037863784137350386
Tailgating,712.0,203,244.0,motorcycle,Inner,0.5149048265021896
Tailgating,712.0,282,16.0,motorcycle,Outer,1.4385951410933584
Tailgating,712.0,32,7.0,person,Outer,0.7720419144699547
Tailgating,712.0,320,287.0,motorcycle,Outer,2.795376367784153
Tailgating,712.0,287,5.0,motorcycle,Outer,0.20706442585448162
Tailgating,712.0,294,302.0,car,Outer,1.470195966861194
Tailgating,712.0,306,90.0,motorcycle,Outer,1.7796167364905642
Tailgating,712.0,237,68.0,motorcycle,Outer,1.1292859362425087
Tailgating,713.0,301,278.0,motorcycle,Inner,0.31065733199368745
Tailgating,713.0,278,283.0,person,Inner,0.03773478690896698
Tailgating,713.0,295,254.0,person,Inner,3.7671493707319015
Tailgating,713.0,203,244.0,motorcycle,Inner,0.5547229643406721
Tailgating,713.0,282,16.0,motorcycle,Outer,1.4258503755380647
Tailgating,713.0,32,7.0,person,Outer,0.6618779385418754
Tailgating,713.0,320,287.0,motorcycle,Outer,2.818863929014764
Tailgating,713.0,287,5.0,motorcycle,Outer,0.16465576229502404
Tailgating,713.0,294,302.0,car,Outer,1.4614920828152538
Tailgating,713.0,306,90.0,motorcycle,Outer,1.752050039401486
Tailgating,713.0,237,68.0,motorcycle,Outer,1.1116063698725225
Tailgating,714.0,301,278.0,motorcycle,Inner,0.22523783458011587
Tailgating,714.0,278,283.0,person,Inner,0.029036419977015508
Tailgating,714.0,295,254.0,person,Inner,3.8518933022502875
Tailgating,714.0,203,244.0,motorcycle,Inner,0.6049714312274198
Tailgating,714.0,282,16.0,motorcycle,Outer,1.4135803379876075
Tailgating,714.0,32,7.0,person,Outer,0.6021949618159306
Tailgating,714.0,320,287.0,motorcycle,Outer,2.8278500272389193
Tailgating,714.0,287,5.0,motorcycle,Outer,0.1030044097949688
Tailgating,714.0,306,90.0,motorcycle,Outer,1.7260097493820357
Tailgating,714.0,237,68.0,motorcycle,Outer,1.0861453171189424
Tailgating,715.0,301,278.0,motorcycle,Inner,0.1364925863680022
Tailgating,715.0,295,254.0,person,Inner,3.9226713968981155
Tailgating,715.0,203,244.0,motorcycle,Inner,0.6655835785617139
Tailgating,715.0,282,16.0,motorcycle,Outer,1.4101371367234996
Tailgating,715.0,32,7.0,person,Outer,0.5982245507542003
Tailgating,715.0,7,320.0,car,Outer,1.9356602631178406
Tailgating,715.0,320,287.0,motorcycle,Outer,2.855358235329897
Tailgating,715.0,287,5.0,motorcycle,Outer,0.018777156474453483
Tailgating,715.0,306,90.0,motorcycle,Outer,1.707490966486378
Tailgating,715.0,90,86.0,car,Outer,0.3857412669195656
Tailgating,715.0,237,68.0,motorcycle,Outer,1.078876747432129
Tailgating,716.0,301,278.0,motorcycle,Inner,0.05168242810681098
Tailgating,716.0,295,299.0,person,Inner,0.0625415140984356
Tailgating,716.0,203,244.0,motorcycle,Inner,0.715560621905837
Tailgating,716.0,282,16.0,motorcycle,Outer,1.3982600005392167
Tailgating,716.0,7,320.0,car,Outer,1.9379928605671377
Tailgating,716.0,320,5.0,motorcycle,Outer,3.0639767083456504
Tailgating,716.0,5,287.0,motorcycle,Outer,0.091134345434772
Tailgating,716.0,306,90.0,motorcycle,Outer,1.6779706511798997
Tailgating,716.0,237,68.0,motorcycle,Outer,1.0536391843934683
Tailgating,717.0,295,299.0,person,Inner,0.11580077861895595
Tailgating,717.0,138,82.0,car,Inner,1.71192659613612
Tailgating,717.0,203,244.0,motorcycle,Inner,0.7458927266367547
Tailgating,717.0,282,16.0,motorcycle,Outer,1.3841763080429588
Tailgating,717.0,7,320.0,car,Outer,1.917894889710222
Tailgating,717.0,5,287.0,motorcycle,Outer,0.19710590686251578
Tailgating,717.0,306,90.0,motorcycle,Outer,1.6683064649516837
Tailgating,717.0,237,68.0,motorcycle,Outer,1.028439336773551
Tailgating,718.0,295,299.0,person,Inner,0.1649394353535641
Tailgating,718.0,138,82.0,car,Inner,1.6933329934043
Tailgating,718.0,203,244.0,motorcycle,Inner,0.785739974394411
Tailgating,718.0,5,287.0,motorcycle,Outer,0.2844939941172588
Tailgating,718.0,55,262.0,car,Outer,1.7503554834984594
Tailgating,718.0,306,90.0,motorcycle,Outer,1.652557611288813
Tailgating,718.0,237,68.0,motorcycle,Outer,1.0231512657519874
Tailgating,719.0,295,299.0,person,Inner,0.21771112990713853
Tailgating,719.0,138,82.0,car,Inner,1.681844955597577
Tailgating,719.0,203,330.0,motorcycle,Inner,0.08960596131491426
Tailgating,719.0,5,287.0,motorcycle,Outer,0.37285071674558196
Tailgating,719.0,55,262.0,car,Outer,1.71510624594922
Tailgating,719.0,306,90.0,motorcycle,Outer,1.6349535163488502
Tailgating,719.0,237,68.0,motorcycle,Outer,1.0049986962650852
Tailgating,720.0,295,299.0,person,Inner,0.2552507026049326
Tailgating,720.0,138,132.0,car,Inner,1.4442782884569487
Tailgating,720.0,203,330.0,motorcycle,Inner,0.06966356364406438
Tailgating,720.0,330,244.0,car,Inner,0.8036196366725084
Tailgating,720.0,5,287.0,motorcycle,Outer,0.43858209865564723
Tailgating,720.0,55,262.0,car,Outer,1.685882703422457
Tailgating,720.0,306,90.0,motorcycle,Outer,1.617598350561953
Tailgating,720.0,237,68.0,motorcycle,Outer,0.9868539616926074
Tailgating,721.0,295,299.0,person,Inner,0.3064704039251071
Tailgating,721.0,138,132.0,car,Inner,1.4250627555592492
Tailgating,721.0,203,330.0,motorcycle,Inner,0.04973751197487487
Tailgating,721.0,330,244.0,car,Inner,0.8641567648487541
Tailgating,721.0,282,16.0,motorcycle,Outer,1.3611741263597716
Tailgating,721.0,32,7.0,person,Outer,0.7138455668030403
Tailgating,721.0,55,262.0,car,Outer,1.6609939126174869
Tailgating,721.0,306,90.0,motorcycle,Outer,1.5967311855698554
Tailgating,721.0,237,68.0,motorcycle,Outer,0.9664851373922615
Tailgating,722.0,308,278.0,motorcycle,Inner,1.931410637314955
Tailgating,722.0,278,283.0,person,Inner,0.018434303450180267
Tailgating,722.0,295,299.0,person,Inner,0.34340006256653616
Tailgating,722.0,138,132.0,car,Inner,1.3843371328803316
Tailgating,722.0,203,330.0,motorcycle,Inner,0.038729017473849166
Tailgating,722.0,330,244.0,car,Inner,0.894733873673421
Tailgating,722.0,282,16.0,motorcycle,Outer,1.3570521401972206
Tailgating,722.0,32,7.0,person,Outer,0.7677255094292946
Tailgating,722.0,262,294.0,motorcycle,Outer,2.9521260716761786
Tailgating,722.0,306,90.0,motorcycle,Outer,1.5811040305392388
Tailgating,722.0,237,68.0,motorcycle,Outer,0.9467117487000258
Tailgating,723.0,308,278.0,motorcycle,Inner,1.8558334936045127
Tailgating,723.0,278,283.0,person,Inner,0.023166514263070023
Tailgating,723.0,283,301.0,motorcycle,Inner,0.41454712064258137
Tailgating,723.0,295,299.0,person,Inner,0.40671049861649883
Tailgating,723.0,138,132.0,car,Inner,1.347812521285714
Tailgating,723.0,203,330.0,motorcycle,Inner,0.01774439393226065
Tailgating,723.0,330,244.0,car,Inner,0.9354425382818983
Tailgating,723.0,282,16.0,motorcycle,Outer,1.3517951427268269
Tailgating,723.0,32,7.0,person,Outer,0.8471711048058352
Tailgating,723.0,306,90.0,motorcycle,Outer,1.5434873037164403
Tailgating,723.0,237,68.0,motorcycle,Outer,0.9366181428580682
Tailgating,724.0,308,278.0,motorcycle,Inner,1.777492646096237
Tailgating,724.0,278,283.0,person,Inner,0.023072313854697272
Tailgating,724.0,283,301.0,motorcycle,Inner,0.47437184096630053
Tailgating,724.0,295,299.0,person,Inner,0.463879948628629
Tailgating,724.0,138,132.0,car,Inner,1.321767417426364
Tailgating,724.0,203,330.0,motorcycle,Inner,0.006650198565545437
Tailgating,724.0,282,16.0,motorcycle,Outer,1.3499324574053355
Tailgating,724.0,32,7.0,person,Outer,0.9256240796763541
Tailgating,724.0,320,5.0,motorcycle,Outer,2.6054495040531185
Tailgating,724.0,306,90.0,motorcycle,Outer,1.5180967486750343
Tailgating,724.0,237,68.0,motorcycle,Outer,0.9148611973166824
Tailgating,725.0,308,278.0,motorcycle,Inner,1.7022073805744429
Tailgating,725.0,278,283.0,person,Inner,0.03650770124716535
Tailgating,725.0,283,301.0,motorcycle,Inner,0.5388712403278932
Tailgating,725.0,295,299.0,person,Inner,0.5201972482234425
Tailgating,725.0,254,134.0,motorcycle,Inner,1.9183907022407136
Tailgating,725.0,138,132.0,car,Inner,1.290559364815314
Tailgating,725.0,203,244.0,motorcycle,Inner,1.003060068389508
Tailgating,725.0,282,16.0,motorcycle,Outer,1.3269223571278166
Tailgating,725.0,32,7.0,person,Outer,1.0177091196902879
Tailgating,725.0,320,5.0,motorcycle,Outer,2.5698673528631755
Tailgating,725.0,306,90.0,motorcycle,Outer,1.4926035066026997
Tailgating,725.0,237,68.0,motorcycle,Outer,0.8964837201374707
Tailgating,726.0,308,278.0,motorcycle,Inner,1.6242421046737892
Tailgating,726.0,278,283.0,person,Inner,0.03639467270141813
Tailgating,726.0,283,301.0,motorcycle,Inner,0.6041996292081468
Tailgating,726.0,295,299.0,person,Inner,0.6040827021614824
Tailgating,726.0,254,134.0,motorcycle,Inner,1.8848747067519769
Tailgating,726.0,138,132.0,car,Inner,1.2463657593459985
Tailgating,726.0,330,203.0,car,Inner,0.02443642767190758
Tailgating,726.0,282,16.0,motorcycle,Outer,1.3239087034894805
Tailgating,726.0,32,300.0,person,Outer,0.02958375504949545
Tailgating,726.0,320,5.0,motorcycle,Outer,2.552348780484708
Tailgating,726.0,55,262.0,car,Outer,1.7653124532645568
Tailgating,726.0,306,90.0,motorcycle,Outer,1.457859733732209
Tailgating,726.0,237,68.0,motorcycle,Outer,0.8765719852923191
Tailgating,727.0,308,278.0,motorcycle,Inner,1.5351478810127859
Tailgating,727.0,278,283.0,person,Inner,0.054400686213159015
Tailgating,727.0,295,299.0,person,Inner,0.67413922437979
Tailgating,727.0,254,134.0,motorcycle,Inner,1.8399474770119821
Tailgating,727.0,138,132.0,car,Inner,1.20997465602259
Tailgating,727.0,330,203.0,car,Inner,0.05315721741252347
Tailgating,727.0,203,244.0,motorcycle,Inner,1.0704662607840032
Tailgating,727.0,282,32.0,motorcycle,Outer,1.0879639337791787
Tailgating,727.0,32,16.0,person,Outer,0.10054255544439536
Tailgating,727.0,320,5.0,motorcycle,Outer,2.557622756924319
Tailgating,727.0,5,287.0,motorcycle,Outer,0.7771930156062664
Tailgating,727.0,55,262.0,car,Outer,1.7946896569820996
Tailgating,727.0,306,90.0,motorcycle,Outer,1.4211723112818704
Tailgating,727.0,237,68.0,motorcycle,Outer,0.8681586757683384
Tailgating,728.0,308,278.0,motorcycle,Inner,1.457554458564939
Tailgating,728.0,278,283.0,person,Inner,0.05422921529657637
Tailgating,728.0,295,299.0,person,Inner,0.7315616100088428
Tailgating,728.0,254,134.0,motorcycle,Inner,1.8034791649255097
Tailgating,728.0,138,132.0,car,Inner,1.1666797403320506
Tailgating,728.0,330,203.0,car,Inner,0.0619391406807848
Tailgating,728.0,32,16.0,person,Outer,0.1381224148526714
Tailgating,728.0,320,5.0,motorcycle,Outer,2.5516147026707516
Tailgating,728.0,5,287.0,motorcycle,Outer,0.8251974342121634
Tailgating,728.0,55,262.0,car,Outer,1.8012031184680417
Tailgating,728.0,262,294.0,motorcycle,Outer,3.0243764098187973
Tailgating,728.0,306,90.0,motorcycle,Outer,1.3967386597400764
Tailgating,728.0,237,68.0,motorcycle,Outer,0.8616543379170981
Tailgating,729.0,308,278.0,motorcycle,Inner,1.3884026077501845
Tailgating,729.0,278,283.0,person,Inner,0.04975972831604701
Tailgating,729.0,283,301.0,motorcycle,Inner,0.7187312756541595
Tailgating,729.0,295,299.0,person,Inner,0.8152666489042116
Tailgating,729.0,254,134.0,motorcycle,Inner,1.7586169825498048
Tailgating,729.0,138,132.0,car,Inner,1.1310595504259333
Tailgating,729.0,330,203.0,car,Inner,0.06196329913660292
Tailgating,729.0,282,32.0,motorcycle,Outer,0.9697720645806304
Tailgating,729.0,32,16.0,person,Outer,0.21464079044922407
Tailgating,729.0,7,320.0,car,Outer,2.2856178042653896
Tailgating,729.0,320,5.0,motorcycle,Outer,2.5319462373548776
Tailgating,729.0,262,294.0,motorcycle,Outer,3.0552367073391236
Tailgating,729.0,306,90.0,motorcycle,Outer,1.372497515659668
Tailgating,729.0,237,68.0,motorcycle,Outer,0.8534614581227166
Tailgating,730.0,308,278.0,motorcycle,Inner,1.3137983236147777
Tailgating,730.0,278,283.0,person,Inner,0.05841794943289512
Tailgating,730.0,295,299.0,person,Inner,0.8727840886101073
Tailgating,730.0,254,134.0,motorcycle,Inner,1.7139650296489222
Tailgating,730.0,138,132.0,car,Inner,1.097363485838862
Tailgating,730.0,330,203.0,car,Inner,0.07069583057955692
Tailgating,730.0,203,244.0,motorcycle,Inner,1.1552705735633642
Tailgating,730.0,282,32.0,motorcycle,Outer,0.9376023181704981
Tailgating,730.0,7,320.0,car,Outer,2.345220185366273
Tailgating,730.0,320,5.0,motorcycle,Outer,2.5271474577943653
Tailgating,730.0,5,287.0,motorcycle,Outer,0.9106978263609363
Tailgating,730.0,306,90.0,motorcycle,Outer,1.3277943090518707
Tailgating,730.0,237,68.0,motorcycle,Outer,0.8356948105402386
Tailgating,731.0,308,278.0,motorcycle,Inner,1.236711099570026
Tailgating,731.0,278,283.0,person,Inner,0.05820510011582473
Tailgating,731.0,295,299.0,person,Inner,0.9464699331573926
Tailgating,731.0,254,134.0,motorcycle,Inner,1.6725711474067753
Tailgating,731.0,138,132.0,car,Inner,1.0636905646023438
Tailgating,731.0,330,203.0,car,Inner,0.05207710026928986
Tailgating,731.0,203,244.0,motorcycle,Inner,1.2028376302684431
Tailgating,731.0,282,32.0,motorcycle,Outer,0.9239958972467761
Tailgating,731.0,320,333.0,motorcycle,Outer,1.5381035070822613
Tailgating,731.0,5,287.0,motorcycle,Outer,0.934341010126173
Tailgating,731.0,306,90.0,motorcycle,Outer,1.3032890454321588
Tailgating,731.0,86,231.0,person,Outer,0.5018032377181744
Tailgating,731.0,237,68.0,motorcycle,Outer,0.8193247973346537
Tailgating,732.0,308,278.0,motorcycle,Inner,1.1556614524262112
Tailgating,732.0,278,283.0,person,Inner,0.07590661713338348
Tailgating,732.0,283,301.0,motorcycle,Inner,0.848547815956349
Tailgating,732.0,295,299.0,person,Inner,1.0262679170386482
Tailgating,732.0,254,134.0,motorcycle,Inner,1.636606230716264
Tailgating,732.0,330,203.0,car,Inner,0.05210051675725446
Tailgating,732.0,203,244.0,motorcycle,Inner,1.2303447301639647
Tailgating,732.0,282,32.0,motorcycle,Outer,0.9006908146448868
Tailgating,732.0,16,300.0,car,Outer,0.05319605840137336
Tailgating,732.0,320,333.0,motorcycle,Outer,1.5009287048888327
Tailgating,732.0,5,287.0,motorcycle,Outer,0.942030116869175
Tailgating,732.0,55,262.0,car,Outer,1.678959141183237
Tailgating,732.0,306,90.0,motorcycle,Outer,1.2769265987436622
Tailgating,732.0,86,231.0,person,Outer,0.469636928595937
Tailgating,732.0,237,68.0,motorcycle,Outer,0.8015533535426941
Tailgating,733.0,308,278.0,motorcycle,Inner,1.0630995578839149
Tailgating,733.0,278,283.0,person,Inner,0.0847068848699547
Tailgating,733.0,283,301.0,motorcycle,Inner,0.9079857360081367
Tailgating,733.0,295,299.0,person,Inner,1.0873683398880263
Tailgating,733.0,330,203.0,car,Inner,0.032283250320592365
Tailgating,733.0,203,244.0,motorcycle,Inner,1.2773145439555649
Tailgating,733.0,282,16.0,motorcycle,Outer,1.2843567482214424
Tailgating,733.0,320,333.0,motorcycle,Outer,1.463743597254028
Tailgating,733.0,5,287.0,motorcycle,Outer,0.9560942306211859
Tailgating,733.0,55,262.0,car,Outer,1.6304796953647462
Tailgating,733.0,306,90.0,motorcycle,Outer,1.2321256186560945
Tailgating,733.0,86,231.0,person,Outer,0.41642581186672756
Tailgating,733.0,237,68.0,motorcycle,Outer,0.7740813679598872
Tailgating,734.0,308,278.0,motorcycle,Inner,0.9972503004751991
Tailgating,734.0,278,283.0,person,Inner,0.07115856047305823
Tailgating,734.0,283,301.0,motorcycle,Inner,1.0088242218846333
Tailgating,734.0,295,299.0,person,Inner,1.1389599053881947
Tailgating,734.0,330,203.0,car,Inner,0.03231019079508409
Tailgating,734.0,203,244.0,motorcycle,Inner,1.304757718283873
Tailgating,734.0,282,16.0,motorcycle,Outer,1.2795259785503361
Tailgating,734.0,320,333.0,motorcycle,Outer,1.4265483500729703
Tailgating,734.0,55,262.0,car,Outer,1.5767347524780604
Tailgating,734.0,294,302.0,car,Outer,1.3968957601192165
Tailgating,734.0,306,90.0,motorcycle,Outer,1.2055118334583226
Tailgating,734.0,237,68.0,motorcycle,Outer,0.7383506490330392
Tailgating,735.0,308,278.0,motorcycle,Inner,0.9199076991309454
Tailgating,735.0,278,283.0,person,Inner,0.06667756335622764
Tailgating,735.0,283,301.0,motorcycle,Inner,1.0995822824686408
Tailgating,735.0,295,299.0,person,Inner,1.196726644297183
Tailgating,735.0,330,203.0,car,Inner,0.021122726089939068
Tailgating,735.0,203,244.0,motorcycle,Inner,1.3321858632605428
Tailgating,735.0,282,16.0,motorcycle,Outer,1.265400535066881
Tailgating,735.0,320,333.0,motorcycle,Outer,1.3846575151664509
Tailgating,735.0,55,262.0,car,Outer,1.5194078586536903
Tailgating,735.0,294,302.0,car,Outer,1.3813506521023937
Tailgating,735.0,306,90.0,motorcycle,Outer,1.1716285742008394
Tailgating,735.0,237,68.0,motorcycle,Outer,0.7010895194823865
Tailgating,735.0,68,282.0,person,Outer,2.1525663433009505
Tailgating,736.0,308,278.0,motorcycle,Inner,0.8385823440313523
Tailgating,736.0,278,283.0,person,Inner,0.07133767250301801
Tailgating,736.0,283,301.0,motorcycle,Inner,1.1964304890885347
Tailgating,736.0,295,299.0,person,Inner,1.2396810919869343
Tailgating,736.0,330,203.0,car,Inner,0.021134819730087104
Tailgating,736.0,203,244.0,motorcycle,Inner,1.359571430825194
Tailgating,736.0,282,16.0,motorcycle,Outer,1.2617155810136553
Tailgating,736.0,16,300.0,car,Outer,0.03259565623362906
Tailgating,736.0,55,262.0,car,Outer,1.456496206802422
Tailgating,736.0,294,302.0,car,Outer,1.3658647616835473
Tailgating,736.0,306,90.0,motorcycle,Outer,1.1246982819610978
Tailgating,736.0,237,68.0,motorcycle,Outer,0.68211700989883
Tailgating,737.0,308,278.0,motorcycle,Inner,0.765759844555594
Tailgating,737.0,283,301.0,motorcycle,Inner,1.3104871084530032
Tailgating,737.0,295,299.0,person,Inner,1.2961017723559503
Tailgating,737.0,306,213.0,motorcycle,Inner,2.78626108431847
Tailgating,737.0,330,203.0,car,Inner,0.011229782784236015
Tailgating,737.0,203,244.0,motorcycle,Inner,1.3880145961740873
Tailgating,737.0,282,16.0,motorcycle,Outer,1.2675125337683628
Tailgating,737.0,16,7.0,car,Outer,1.0026856933317487
Tailgating,737.0,320,333.0,motorcycle,Outer,1.3101945912532675
Tailgating,737.0,55,262.0,car,Outer,1.4208291083418756
Tailgating,737.0,294,302.0,car,Outer,1.336426503028226
Tailgating,737.0,237,68.0,motorcycle,Outer,0.6563668281267813
Tailgating,738.0,308,278.0,motorcycle,Inner,0.7014695498866157
Tailgating,738.0,295,299.0,person,Inner,1.3342939855936544
Tailgating,738.0,306,213.0,motorcycle,Inner,2.773454158240906
Tailgating,738.0,330,244.0,car,Inner,1.4074814012784782
Tailgating,738.0,320,333.0,motorcycle,Outer,1.2547276642930472
Tailgating,738.0,5,287.0,motorcycle,Outer,1.2841114886103169
Tailgating,738.0,294,302.0,car,Outer,1.3070911094600104
Tailgating,738.0,237,68.0,motorcycle,Outer,0.6204238199941674
Tailgating,738.0,68,282.0,person,Outer,2.258986997437264
Tailgating,739.0,308,278.0,motorcycle,Inner,0.6415452235349244
Tailgating,739.0,295,299.0,person,Inner,1.3671078626690674
Tailgating,739.0,306,213.0,motorcycle,Inner,2.7604487763577774
Tailgating,739.0,203,330.0,motorcycle,Inner,0.0
Tailgating,739.0,330,244.0,car,Inner,1.416972156457478
Tailgating,739.0,5,287.0,motorcycle,Outer,1.3763487972593091
Tailgating,739.0,294,302.0,car,Outer,1.2846313282316562
Tailgating,739.0,237,68.0,motorcycle,Outer,0.5857502425138937
Tailgating,739.0,68,282.0,person,Outer,2.3259950821802104
Tailgating,740.0,260,300.0,motorcycle,Inner,0.9216745167281076
Tailgating,740.0,308,278.0,motorcycle,Inner,0.5776437129945172
Tailgating,740.0,295,329.0,person,Inner,0.035979813618519096
Tailgating,740.0,306,213.0,motorcycle,Inner,2.7600977746866695
Tailgating,740.0,203,330.0,motorcycle,Inner,0.0
Tailgating,740.0,330,244.0,car,Inner,1.4364362458818376
Tailgating,740.0,282,16.0,motorcycle,Outer,1.2566363723167717
Tailgating,740.0,16,7.0,car,Outer,1.0089919559369367
Tailgating,740.0,320,333.0,motorcycle,Outer,1.1760524794968685
Tailgating,740.0,294,302.0,car,Outer,1.2483287474456228
Tailgating,740.0,237,68.0,motorcycle,Outer,0.5147626139418844
Tailgating,740.0,68,282.0,person,Outer,2.390738426176175
Tailgating,741.0,260,300.0,motorcycle,Inner,1.0015024243514687
Tailgating,741.0,308,278.0,motorcycle,Inner,0.5139231595052796
Tailgating,741.0,295,329.0,person,Inner,0.09887924449062947
Tailgating,741.0,306,213.0,motorcycle,Inner,2.738746097190669
Tailgating,741.0,203,330.0,motorcycle,Inner,0.0
Tailgating,741.0,330,244.0,car,Inner,1.4564510342556503
Tailgating,741.0,282,16.0,motorcycle,Outer,1.2624473072782636
Tailgating,741.0,7,320.0,car,Outer,2.5836406082452585
Tailgating,741.0,294,302.0,car,Outer,1.2332308461360753
Tailgating,741.0,237,68.0,motorcycle,Outer,0.44536459245594495
Tailgating,741.0,68,282.0,person,Outer,2.455075054399557
Tailgating,742.0,244,260.0,person,Inner,0.39374394838867743
Tailgating,742.0,260,300.0,motorcycle,Inner,1.0723768201533928
Tailgating,742.0,308,278.0,motorcycle,Inner,0.4503787842801791
Tailgating,742.0,295,329.0,person,Inner,0.15940829028103246
Tailgating,742.0,306,213.0,motorcycle,Inner,2.7382797374519954
Tailgating,742.0,203,330.0,motorcycle,Inner,0.0
Tailgating,742.0,330,244.0,car,Inner,1.4764606895356966
Tailgating,742.0,282,16.0,motorcycle,Outer,1.2585668338260771
Tailgating,742.0,7,320.0,car,Outer,2.5804782575040304
Tailgating,742.0,294,302.0,car,Outer,1.2114269175495418
Tailgating,742.0,237,68.0,motorcycle,Outer,0.37470454587826746
Tailgating,742.0,68,282.0,person,Outer,2.512240694964417
Tailgating,743.0,244,260.0,person,Inner,0.330193656886258
Tailgating,743.0,260,300.0,motorcycle,Inner,1.153783434304617
Tailgating,743.0,308,278.0,motorcycle,Inner,0.37672185460987234
Tailgating,743.0,295,329.0,person,Inner,0.2117010007910329
Tailgating,743.0,306,213.0,motorcycle,Inner,2.725095513019971
Tailgating,743.0,138,82.0,car,Inner,1.3174522853338237
Tailgating,743.0,203,330.0,motorcycle,Inner,0.0
Tailgating,743.0,330,244.0,car,Inner,1.495981056837102
Tailgating,743.0,282,16.0,motorcycle,Outer,1.253248839127398
Tailgating,743.0,16,7.0,car,Outer,1.0295457052626873
Tailgating,743.0,7,320.0,car,Outer,2.6316604311433704
Tailgating,743.0,320,333.0,motorcycle,Outer,1.0349679628066604
Tailgating,743.0,294,302.0,car,Outer,1.1826534081947906
Tailgating,743.0,237,68.0,motorcycle,Outer,0.2674276122614597
Tailgating,743.0,68,282.0,person,Outer,2.605300047959313
Tailgating,744.0,260,300.0,motorcycle,Inner,1.2126466650841727
Tailgating,744.0,308,278.0,motorcycle,Inner,0.31703443682891513
Tailgating,744.0,295,329.0,person,Inner,0.272030434537306
Tailgating,744.0,306,213.0,motorcycle,Inner,2.703170281008103
Tailgating,744.0,203,330.0,motorcycle,Inner,0.0
Tailgating,744.0,330,244.0,car,Inner,1.5154530116314011
Tailgating,744.0,282,16.0,motorcycle,Outer,1.2601210688976772
Tailgating,744.0,16,7.0,car,Outer,1.0334742236937557
Tailgating,744.0,7,320.0,car,Outer,2.660642192587505
Tailgating,744.0,320,333.0,motorcycle,Outer,0.9660056779012752
Tailgating,744.0,294,302.0,car,Outer,1.1677144218025646
Tailgating,744.0,237,68.0,motorcycle,Outer,0.16340180605480253
Tailgating,744.0,68,282.0,person,Outer,2.686897341843809
Tailgating,745.0,260,300.0,motorcycle,Inner,1.261428508583843
Tailgating,745.0,308,278.0,motorcycle,Inner,0.24983433701838348
Tailgating,745.0,295,329.0,person,Inner,0.3235242050746874
Tailgating,745.0,306,213.0,motorcycle,Inner,2.681505507661811
Tailgating,745.0,203,330.0,motorcycle,Inner,0.0
Tailgating,745.0,330,244.0,car,Inner,1.543872485551071
Tailgating,745.0,282,16.0,motorcycle,Outer,1.2667495400911246
Tailgating,745.0,16,7.0,car,Outer,1.03487952633075
Tailgating,745.0,7,320.0,car,Outer,2.693696177073157
Tailgating,745.0,320,333.0,motorcycle,Outer,0.9002624845137065
Tailgating,745.0,294,302.0,car,Outer,1.1673366430151886
Tailgating,745.0,237,68.0,motorcycle,Outer,0.08754011905829312
Tailgating,745.0,68,282.0,person,Outer,2.7497635573850325
Tailgating,746.0,260,300.0,motorcycle,Inner,1.2969425623881445
Tailgating,746.0,308,278.0,motorcycle,Inner,0.18347978606518045
Tailgating,746.0,295,329.0,person,Inner,0.3885938995250929
Tailgating,746.0,306,213.0,motorcycle,Inner,2.6680631252737825
Tailgating,746.0,330,203.0,car,Inner,0.009903447616793454
Tailgating,746.0,203,244.0,motorcycle,Inner,1.5628169985385365
Tailgating,746.0,282,16.0,motorcycle,Outer,1.2733478947581467
Tailgating,746.0,16,7.0,car,Outer,1.008650718637368
Tailgating,746.0,320,333.0,motorcycle,Outer,0.8133092483736375
Tailgating,746.0,294,302.0,car,Outer,1.145746375212049
Tailgating,746.0,237,68.0,motorcycle,Outer,0.020012312063783243
Tailgating,746.0,68,282.0,person,Outer,2.8036417790885535
Tailgating,747.0,124,300.0,motorcycle,Inner,0.8133255189696366
Tailgating,747.0,308,278.0,motorcycle,Inner,0.11230038592193997
Tailgating,747.0,295,329.0,person,Inner,0.4643476553002874
Tailgating,747.0,306,213.0,motorcycle,Inner,2.645831377028091
Tailgating,747.0,203,330.0,motorcycle,Inner,0.005727781055216404
Tailgating,747.0,282,16.0,motorcycle,Outer,1.2801454072789746
Tailgating,747.0,16,7.0,car,Outer,0.9826604262415998
Tailgating,747.0,320,333.0,motorcycle,Outer,0.71648116396837
Tailgating,747.0,294,254.0,car,Outer,3.0474475088515103
Tailgating,747.0,68,237.0,person,Outer,0.017834094453431783
Tailgating,747.0,237,282.0,motorcycle,Outer,2.820661521276876
Tailgating,748.0,124,300.0,motorcycle,Inner,0.7145104615961159
Tailgating,748.0,308,278.0,motorcycle,Inner,0.056259095950630306
Tailgating,748.0,295,329.0,person,Inner,0.5284719961870413
Tailgating,748.0,306,213.0,motorcycle,Inner,2.632032239610017
Tailgating,748.0,203,330.0,motorcycle,Inner,0.0043140561067443114
Tailgating,748.0,320,333.0,motorcycle,Outer,0.5917761327317523
Tailgating,748.0,294,254.0,car,Outer,3.0708094249777433
Tailgating,748.0,68,237.0,person,Outer,0.03596336561961173
Tailgating,748.0,237,282.0,motorcycle,Outer,2.82145047042683
Tailgating,749.0,124,300.0,motorcycle,Inner,0.6518617317311102
Tailgating,749.0,308,283.0,motorcycle,Inner,0.014360520372146978
Tailgating,749.0,295,329.0,person,Inner,0.6038118749969679
Tailgating,749.0,306,213.0,motorcycle,Inner,2.6186059918235163
Tailgating,749.0,203,330.0,motorcycle,Inner,0.019954706559399637
Tailgating,749.0,282,16.0,motorcycle,Outer,1.2832429793326066
Tailgating,749.0,16,7.0,car,Outer,0.9229440455541953
Tailgating,749.0,320,333.0,motorcycle,Outer,0.4863838800456055
Tailgating,749.0,294,254.0,car,Outer,3.1073432315798324
Tailgating,749.0,68,237.0,person,Outer,0.05411280213117277
Tailgating,749.0,237,282.0,motorcycle,Outer,2.8226191648167607
Tailgating,750.0,124,300.0,motorcycle,Inner,0.5917385916116038
Tailgating,750.0,308,301.0,motorcycle,Inner,1.8228595784829127
Tailgating,750.0,295,329.0,person,Inner,0.7006847088810182
Tailgating,750.0,306,213.0,motorcycle,Inner,2.5957467738693976
Tailgating,750.0,203,330.0,motorcycle,Inner,0.03422191038123692
Tailgating,750.0,282,16.0,motorcycle,Outer,1.2899611154271595
Tailgating,750.0,320,333.0,motorcycle,Outer,0.43484006986511164
Tailgating,750.0,294,254.0,car,Outer,3.130445284378338
Tailgating,750.0,68,237.0,person,Outer,0.06239613217378113
Tailgating,750.0,237,282.0,motorcycle,Outer,2.8237916844672837
Tailgating,751.0,124,300.0,motorcycle,Inner,0.5351854239670576
Tailgating,751.0,308,301.0,motorcycle,Inner,1.8213329268782519
Tailgating,751.0,295,329.0,person,Inner,0.7972898620606655
Tailgating,751.0,306,56.0,motorcycle,Inner,3.008111687560641
Tailgating,751.0,282,16.0,motorcycle,Outer,1.27380654168245
Tailgating,751.0,7,320.0,car,Outer,3.305900527660073
Tailgating,751.0,320,333.0,motorcycle,Outer,0.38266651616171193
Tailgating,751.0,294,254.0,car,Outer,3.1534330245156625
Tailgating,751.0,68,237.0,person,Outer,0.05250861910041197
Tailgating,751.0,237,282.0,motorcycle,Outer,2.8455116104833564
Tailgating,752.0,124,300.0,motorcycle,Inner,0.4743234355944425
Tailgating,752.0,308,301.0,motorcycle,Inner,1.8325204218422284
Tailgating,752.0,295,329.0,person,Inner,0.8718999359231401
Tailgating,752.0,306,56.0,motorcycle,Inner,2.967825714889807
Tailgating,752.0,330,244.0,car,Inner,1.5643798654260355
Tailgating,752.0,282,16.0,motorcycle,Outer,1.2682592411302227
Tailgating,752.0,7,320.0,car,Outer,3.395184540798622
Tailgating,752.0,320,333.0,motorcycle,Outer,0.33645428024563895
Tailgating,752.0,294,254.0,car,Outer,3.1833928334685835
Tailgating,752.0,68,237.0,person,Outer,0.05405513026100198
Tailgating,752.0,237,282.0,motorcycle,Outer,2.8675422035867246
Tailgating,753.0,282,124.0,motorcycle,Inner,0.42481653641291056
Tailgating,753.0,124,300.0,motorcycle,Inner,0.44732011999558985
Tailgating,753.0,300,278.0,person,Inner,1.652973111141346
Tailgating,753.0,308,301.0,motorcycle,Inner,1.8227270434515797
Tailgating,753.0,295,329.0,person,Inner,0.94626557393248
Tailgating,753.0,306,56.0,motorcycle,Inner,2.93736759466277
Tailgating,753.0,132,82.0,person,Inner,0.24792324715423927
Tailgating,753.0,320,333.0,motorcycle,Outer,0.3035364401006924
Tailgating,753.0,294,254.0,car,Outer,3.2122629019116897
Tailgating,753.0,68,237.0,person,Outer,0.057723063177272826
Tailgating,754.0,282,124.0,motorcycle,Inner,0.46544958622029864
Tailgating,754.0,124,300.0,motorcycle,Inner,0.4183626261643613
Tailgating,754.0,300,278.0,person,Inner,1.593984791650435
Tailgating,754.0,308,301.0,motorcycle,Inner,1.833771961087308
Tailgating,754.0,295,329.0,person,Inner,1.0180687494022456
Tailgating,754.0,306,56.0,motorcycle,Inner,2.896197526024371
Tailgating,754.0,132,82.0,person,Inner,0.28314087786328795
Tailgating,754.0,203,330.0,motorcycle,Inner,0.06774150084516217
Tailgating,754.0,330,244.0,car,Inner,1.5815983034939647
Tailgating,754.0,294,254.0,car,Outer,3.226645790590848
Tailgating,754.0,68,237.0,person,Outer,0.07128206686979853
Tailgating,755.0,282,124.0,motorcycle,Inner,0.50711023754576
Tailgating,755.0,124,300.0,motorcycle,Inner,0.3864240696929349
Tailgating,755.0,300,278.0,person,Inner,1.5481915180743178
Tailgating,755.0,308,301.0,motorcycle,Inner,1.8225465280080422
Tailgating,755.0,295,329.0,person,Inner,1.0769682690597904
Tailgating,755.0,306,56.0,motorcycle,Inner,2.855528693934125
Tailgating,755.0,132,82.0,person,Inner,0.30575978483905814
Tailgating,755.0,203,330.0,motorcycle,Inner,0.059189234017441396
Tailgating,755.0,330,244.0,car,Inner,1.5998157586202242
Tailgating,755.0,294,254.0,car,Outer,3.255303837869706
Tailgating,755.0,68,237.0,person,Outer,0.08484776385989994
Tailgating,756.0,282,124.0,motorcycle,Inner,0.5225205515823358
Tailgating,756.0,124,300.0,motorcycle,Inner,0.3752221449732857
Tailgating,756.0,300,278.0,person,Inner,1.4953087266122336
Tailgating,756.0,308,301.0,motorcycle,Inner,1.8342471822473103
Tailgating,756.0,295,329.0,person,Inner,1.133496442065165
Tailgating,756.0,306,56.0,motorcycle,Inner,2.8245759081334754
Tailgating,756.0,132,82.0,person,Inner,0.33144602613511054
Tailgating,756.0,203,330.0,motorcycle,Inner,0.05200173162059845
Tailgating,756.0,330,260.0,car,Inner,1.522912012352434
Tailgating,756.0,7,320.0,car,Outer,3.522706043148008
Tailgating,756.0,294,254.0,car,Outer,3.269487404824545
Tailgating,756.0,68,237.0,person,Outer,0.11411644897775132
Tailgating,757.0,260,244.0,motorcycle,Inner,0.06366091451155337
Tailgating,757.0,282,124.0,motorcycle,Inner,0.5630596095191628
Tailgating,757.0,124,300.0,motorcycle,Inner,0.3282288498634496
Tailgating,757.0,308,301.0,motorcycle,Inner,1.8402094339542014
Tailgating,757.0,306,56.0,motorcycle,Inner,2.7734479769173612
Tailgating,757.0,132,82.0,person,Inner,0.35232289028347846
Tailgating,757.0,203,330.0,motorcycle,Inner,0.027644469519736106
Tailgating,757.0,330,260.0,car,Inner,1.496671687062256
Tailgating,757.0,7,320.0,car,Outer,3.528197059299687
Tailgating,757.0,294,254.0,car,Outer,3.292034238356544
Tailgating,757.0,68,237.0,person,Outer,0.14750649940249938
Tailgating,758.0,260,244.0,motorcycle,Inner,0.10560138040674766
Tailgating,758.0,124,300.0,motorcycle,Inner,0.29423279628743426
Tailgating,758.0,283,308.0,motorcycle,Inner,0.2832395504837996
Tailgating,758.0,308,301.0,motorcycle,Inner,1.8380957365915775
Tailgating,758.0,306,56.0,motorcycle,Inner,2.7422338147041843
Tailgating,758.0,132,82.0,person,Inner,0.3564407580531002
Tailgating,758.0,203,330.0,motorcycle,Inner,0.013105990652977495
Tailgating,758.0,330,260.0,car,Inner,1.48937534197852
Tailgating,758.0,7,320.0,car,Outer,3.5098558036884144
Tailgating,758.0,294,254.0,car,Outer,3.3134551444771296
Tailgating,758.0,68,237.0,person,Outer,0.19125134619482764
Tailgating,759.0,260,244.0,motorcycle,Inner,0.1376531606442261
Tailgating,759.0,124,300.0,motorcycle,Inner,0.25814085224991135
Tailgating,759.0,308,301.0,motorcycle,Inner,1.8566497429028985
Tailgating,759.0,306,56.0,motorcycle,Inner,2.7008100040407728
Tailgating,759.0,132,82.0,person,Inner,0.3758319801553655
Tailgating,759.0,203,330.0,motorcycle,Inner,0.0058413179309606015
Tailgating,759.0,330,260.0,car,Inner,1.4816749063303218
Tailgating,759.0,7,320.0,car,Outer,3.4896255482213765
Tailgating,759.0,294,254.0,car,Outer,3.321723748266484
Tailgating,759.0,68,237.0,person,Outer,0.2324239796421963
Tailgating,760.0,260,244.0,motorcycle,Inner,0.17952037340976557
Tailgating,760.0,124,300.0,motorcycle,Inner,0.22401283469627567
Tailgating,760.0,308,301.0,motorcycle,Inner,1.8701000903291947
Tailgating,760.0,306,56.0,motorcycle,Inner,2.6696062364775446
Tailgating,760.0,330,203.0,car,Inner,0.0027231230276292453
Tailgating,760.0,203,260.0,motorcycle,Inner,1.4652864888196901
Tailgating,760.0,7,320.0,car,Outer,3.444222147403778
Tailgating,760.0,294,254.0,car,Outer,3.3368987978852385
Tailgating,761.0,260,244.0,motorcycle,Inner,0.21147711479473616
Tailgating,761.0,124,300.0,motorcycle,Inner,0.19284328377187301
Tailgating,761.0,308,301.0,motorcycle,Inner,1.8735558343378897
Tailgating,761.0,295,329.0,person,Inner,1.276206248424267
Tailgating,761.0,306,56.0,motorcycle,Inner,2.617615005103038
Tailgating,761.0,213,336.0,person,Inner,0.5768881426691586
Tailgating,761.0,330,203.0,car,Inner,0.0013639810153989664
Tailgating,761.0,203,260.0,motorcycle,Inner,1.4407533137976505
Tailgating,761.0,7,320.0,car,Outer,3.421498354477469
Tailgating,761.0,320,333.0,motorcycle,Outer,0.14566091451957194
Tailgating,761.0,294,254.0,car,Outer,3.358141228684149
Tailgating,762.0,260,244.0,motorcycle,Inner,0.25421593537833775
Tailgating,762.0,282,124.0,motorcycle,Inner,0.6934033995891684
Tailgating,762.0,300,278.0,person,Inner,1.2780131078820527
Tailgating,762.0,308,301.0,motorcycle,Inner,1.88394526577292
Tailgating,762.0,295,329.0,person,Inner,1.317016260334932
Tailgating,762.0,306,56.0,motorcycle,Inner,2.5759267100391297
Tailgating,762.0,213,336.0,person,Inner,0.5355355045054389
Tailgating,762.0,330,203.0,car,Inner,0.0027327506582481564
Tailgating,762.0,203,260.0,motorcycle,Inner,1.405332265914006
Tailgating,762.0,7,320.0,car,Outer,3.416884888082106
Tailgating,762.0,320,333.0,motorcycle,Outer,0.09938123289968306
Tailgating,762.0,55,262.0,car,Outer,1.4535475522969719
Tailgating,762.0,294,254.0,car,Outer,3.3862242342769124
Tailgating,763.0,260,244.0,motorcycle,Inner,0.3535027656407889
Tailgating,763.0,244,282.0,person,Inner,0.6165770991997774
Tailgating,763.0,282,124.0,motorcycle,Inner,0.7515563461167689
Tailgating,763.0,124,300.0,motorcycle,Inner,0.12285506299398143
Tailgating,763.0,300,278.0,person,Inner,1.256268675696719
Tailgating,763.0,308,301.0,motorcycle,Inner,1.8658164449180967
Tailgating,763.0,295,329.0,person,Inner,1.357678760908294
Tailgating,763.0,306,56.0,motorcycle,Inner,2.5341609180340465
Tailgating,763.0,213,336.0,person,Inner,0.5027914290357707
Tailgating,763.0,330,260.0,car,Inner,1.3707768637494557
Tailgating,763.0,7,320.0,car,Outer,3.3822144509005847
Tailgating,763.0,320,333.0,motorcycle,Outer,0.0423048692127259
Tailgating,763.0,294,254.0,car,Outer,3.414955052522356
Tailgating,763.0,203,237.0,motorcycle,Outer,0.01377606100451264
Tailgating,764.0,260,244.0,motorcycle,Inner,0.40377138284019065
Tailgating,764.0,244,282.0,person,Inner,0.6091418296906898
Tailgating,764.0,282,124.0,motorcycle,Inner,0.803005487740788
Tailgating,764.0,124,300.0,motorcycle,Inner,0.06606834885668926
Tailgating,764.0,300,278.0,person,Inner,1.2184614330515713
Tailgating,764.0,308,301.0,motorcycle,Inner,1.8462914921798932
Tailgating,764.0,295,329.0,person,Inner,1.4326894657716345
Tailgating,764.0,306,56.0,motorcycle,Inner,2.49251664405849
Tailgating,764.0,213,336.0,person,Inner,0.48077668699089543
Tailgating,764.0,338,22.0,motorcycle,Inner,0.0331912613118387
Tailgating,764.0,7,333.0,car,Outer,3.5061665303341636
Tailgating,764.0,294,254.0,car,Outer,3.4647364018342293
Tailgating,764.0,330,203.0,car,Outer,0.011274184222022766
Tailgating,764.0,203,237.0,motorcycle,Outer,0.017346230129482654
Tailgating,765.0,260,244.0,motorcycle,Inner,0.4639580478643214
Tailgating,765.0,282,124.0,motorcycle,Inner,0.8195179950394845
Tailgating,765.0,124,300.0,motorcycle,Inner,0.035912744932764466
Tailgating,765.0,300,278.0,person,Inner,1.1881939560504107
Tailgating,765.0,283,308.0,motorcycle,Inner,0.645546252040467
Tailgating,765.0,308,301.0,motorcycle,Inner,1.8281975131701766
Tailgating,765.0,295,329.0,person,Inner,1.4837179834244427
Tailgating,765.0,306,56.0,motorcycle,Inner,2.4501972192063786
Tailgating,765.0,213,336.0,person,Inner,0.441224948062382
Tailgating,765.0,338,138.0,car,Inner,0.5940381294300962
Tailgating,765.0,7,333.0,car,Outer,3.489565468425832
Tailgating,765.0,294,254.0,car,Outer,3.4931599634701294
Tailgating,765.0,330,203.0,car,Outer,0.011276774329190033
Tailgating,765.0,203,237.0,motorcycle,Outer,0.022109249396471502
Tailgating,766.0,260,244.0,motorcycle,Inner,0.5043800138501375
Tailgating,766.0,282,300.0,motorcycle,Inner,0.9998034892520784
Tailgating,766.0,124,278.0,motorcycle,Inner,0.9458211019292168
Tailgating,766.0,283,308.0,motorcycle,Inner,0.7135299056687056
Tailgating,766.0,308,301.0,motorcycle,Inner,1.8075008904657317
Tailgating,766.0,295,329.0,person,Inner,1.5544018310123933
Tailgating,766.0,306,56.0,motorcycle,Inner,2.397794732532579
Tailgating,766.0,213,336.0,person,Inner,0.41609135329084734
Tailgating,766.0,7,188.0,car,Outer,0.1448200966905709
Tailgating,766.0,188,333.0,car,Outer,3.394723471014861
Tailgating,766.0,294,254.0,car,Outer,3.5419952232041143
Tailgating,766.0,330,203.0,car,Outer,0.0027400880623811782
Tailgating,766.0,203,237.0,motorcycle,Outer,0.017994011539745863
Tailgating,767.0,282,300.0,motorcycle,Inner,0.9964934899109071
Tailgating,767.0,124,278.0,motorcycle,Inner,0.8529226062052028
Tailgating,767.0,308,301.0,motorcycle,Inner,1.803283823223138
Tailgating,767.0,295,329.0,person,Inner,1.6157684530369818
Tailgating,767.0,306,56.0,motorcycle,Inner,2.365727242648225
Tailgating,767.0,213,336.0,person,Inner,0.3965134530816347
Tailgating,767.0,260,244.0,motorcycle,Inner,0.5555866779145672
Tailgating,767.0,7,188.0,car,Outer,0.1724454494781491
Tailgating,767.0,188,320.0,car,Outer,3.1962543638891057
Tailgating,767.0,320,333.0,motorcycle,Outer,0.07567519678866368
Tailgating,767.0,55,262.0,car,Outer,1.8299280013779158
Tailgating,767.0,330,203.0,car,Outer,0.012644846472752025
Tailgating,767.0,203,237.0,motorcycle,Outer,0.013052887854611155
Tailgating,768.0,124,278.0,motorcycle,Inner,0.7493322684926519
Tailgating,768.0,308,301.0,motorcycle,Inner,1.7791927785493336
Tailgating,768.0,295,329.0,person,Inner,1.6754423536703587
Tailgating,768.0,306,56.0,motorcycle,Inner,2.3236957135123384
Tailgating,768.0,7,188.0,car,Outer,0.20913403655409313
Tailgating,768.0,188,320.0,car,Outer,3.0102783737446095
Tailgating,768.0,320,333.0,motorcycle,Outer,0.23413932855412745
Tailgating,768.0,330,203.0,car,Outer,0.01265282947301021
Tailgating,768.0,203,237.0,motorcycle,Outer,0.019322902258260086
Tailgating,769.0,124,278.0,motorcycle,Inner,0.654662642219236
Tailgating,769.0,308,301.0,motorcycle,Inner,1.7688857398790856
Tailgating,769.0,295,329.0,person,Inner,1.7456458371385575
Tailgating,769.0,306,56.0,motorcycle,Inner,2.291091054389272
Tailgating,769.0,320,333.0,motorcycle,Outer,0.4149428630338846
Tailgating,769.0,330,203.0,car,Outer,0.011275003688843563
Tailgating,769.0,203,237.0,motorcycle,Outer,0.017161791052891704
Tailgating,770.0,124,278.0,motorcycle,Inner,0.5768381686258649
Tailgating,770.0,308,301.0,motorcycle,Inner,1.7738973227067656
Tailgating,770.0,295,329.0,person,Inner,1.8156954080354113
Tailgating,770.0,306,56.0,motorcycle,Inner,2.2583317370275613
Tailgating,770.0,188,320.0,car,Outer,2.557800391327541
Tailgating,770.0,320,333.0,motorcycle,Outer,0.6365779813901132
Tailgating,770.0,330,203.0,car,Outer,0.012653345750796246
Tailgating,770.0,203,237.0,motorcycle,Outer,0.02464773965403329
Tailgating,771.0,124,278.0,motorcycle,Inner,0.5071265611265461
Tailgating,771.0,283,308.0,motorcycle,Inner,1.0107177418023796
Tailgating,771.0,308,301.0,motorcycle,Inner,1.7926502457772557
Tailgating,771.0,295,329.0,person,Inner,1.8869686817745224
Tailgating,771.0,306,56.0,motorcycle,Inner,2.204906457159982
Tailgating,771.0,325,16.0,car,Outer,2.4658777848523656
Tailgating,771.0,188,320.0,car,Outer,2.3340613961927605
Tailgating,771.0,320,333.0,motorcycle,Outer,0.8593602051273217
Tailgating,771.0,330,203.0,car,Outer,0.012661206328241484
Tailgating,771.0,203,237.0,motorcycle,Outer,0.03212536599566746
Tailgating,772.0,124,278.0,motorcycle,Inner,0.4370680116936073
Tailgating,772.0,283,308.0,motorcycle,Inner,1.1136584834247807
Tailgating,772.0,308,301.0,motorcycle,Inner,1.7974523243719212
Tailgating,772.0,295,329.0,person,Inner,1.9689353378130094
Tailgating,772.0,306,56.0,motorcycle,Inner,2.171817285693375
Tailgating,772.0,338,138.0,motorcycle,Inner,0.6585728675447452
Tailgating,772.0,325,16.0,car,Outer,2.491764053312413
Tailgating,772.0,7,188.0,car,Outer,0.07197442315989729
Tailgating,772.0,188,320.0,car,Outer,2.0996778646521608
Tailgating,772.0,320,333.0,motorcycle,Outer,1.1058731336965992
Tailgating,772.0,330,203.0,car,Outer,0.012669002537054002
Tailgating,772.0,203,237.0,motorcycle,Outer,0.03836781760934931
Tailgating,773.0,244,282.0,person,Inner,0.5373527316411325
Tailgating,773.0,124,278.0,motorcycle,Inner,0.389199534773562
Tailgating,773.0,283,308.0,motorcycle,Inner,1.2214109075212924
Tailgating,773.0,308,301.0,motorcycle,Inner,1.8097281919120012
Tailgating,773.0,295,329.0,person,Inner,2.040293220435355
Tailgating,773.0,306,56.0,motorcycle,Inner,2.128903921904623
Tailgating,773.0,325,16.0,car,Outer,2.5004047716016227
Tailgating,773.0,7,188.0,car,Outer,0.012008838455399273
Tailgating,773.0,320,333.0,motorcycle,Outer,1.1995719300884424
Tailgating,773.0,262,294.0,motorcycle,Outer,3.752866465209986
Tailgating,773.0,330,203.0,car,Outer,0.01267673515954043
Tailgating,773.0,203,237.0,motorcycle,Outer,0.03688965945191775
Tailgating,774.0,244,282.0,person,Inner,0.42309368436720407
Tailgating,774.0,300,124.0,person,Inner,0.544768173455856
Tailgating,774.0,283,308.0,motorcycle,Inner,1.3475831929018285
Tailgating,774.0,308,301.0,motorcycle,Inner,1.8106057121837038
Tailgating,774.0,295,329.0,person,Inner,2.100296839825835
Tailgating,774.0,306,56.0,motorcycle,Inner,2.095162669929841
Tailgating,774.0,325,16.0,car,Outer,2.5216194512449377
Tailgating,774.0,16,188.0,car,Outer,0.5975184878212678
Tailgating,774.0,7,320.0,car,Outer,1.868948621797888
Tailgating,774.0,330,203.0,car,Outer,0.02119352207012486
Tailgating,774.0,203,237.0,motorcycle,Outer,0.02581941546597728
Tailgating,775.0,244,282.0,person,Inner,0.3118542881931972
Tailgating,775.0,282,300.0,motorcycle,Inner,0.7551315710715957
Tailgating,775.0,300,124.0,person,Inner,0.6226232980694383
Tailgating,775.0,283,308.0,motorcycle,Inner,1.4648055170857268
Tailgating,775.0,308,301.0,motorcycle,Inner,1.8075718633596
Tailgating,775.0,295,329.0,person,Inner,2.1722416742046464
Tailgating,775.0,306,56.0,motorcycle,Inner,2.0418087894439294
Tailgating,775.0,325,16.0,car,Outer,2.553664685469959
Tailgating,775.0,16,188.0,car,Outer,0.5673057865539632
Tailgating,775.0,7,320.0,car,Outer,1.785191932328424
Tailgating,775.0,330,203.0,car,Outer,0.02119647913316024
Tailgating,775.0,203,237.0,motorcycle,Outer,0.024307870277975395
Tailgating,776.0,244,282.0,person,Inner,0.17656527810076766
Tailgating,776.0,282,300.0,motorcycle,Inner,0.6217298922278502
Tailgating,776.0,300,124.0,person,Inner,0.7223722763484891
Tailgating,776.0,283,278.0,motorcycle,Inner,0.02653095268620485
Tailgating,776.0,308,301.0,motorcycle,Inner,1.810897674555574
Tailgating,776.0,295,329.0,person,Inner,2.2456271764174853
Tailgating,776.0,306,56.0,motorcycle,Inner,2.0081087103052315
Tailgating,776.0,325,16.0,car,Outer,2.5625216853503985
Tailgating,776.0,16,188.0,car,Outer,0.5415998535256066
Tailgating,776.0,7,320.0,car,Outer,1.7798819330177775
Tailgating,776.0,330,203.0,car,Outer,0.022593244299269746
Tailgating,776.0,203,237.0,motorcycle,Outer,0.022476898874161808
Tailgating,777.0,282,124.0,motorcycle,Inner,1.2779372341044455
Tailgating,777.0,124,283.0,motorcycle,Inner,0.17048183504536904
Tailgating,777.0,283,278.0,motorcycle,Inner,0.07673418444931095
Tailgating,777.0,308,301.0,motorcycle,Inner,1.7913526698517983
Tailgating,777.0,301,341.0,motorcycle,Inner,0.04413941530805844
Tailgating,777.0,295,329.0,person,Inner,2.3232151836776596
Tailgating,777.0,306,56.0,motorcycle,Inner,1.9650743377547761
Tailgating,777.0,325,244.0,car,Outer,1.1669759534070885
Tailgating,777.0,244,16.0,person,Outer,1.155138930669241
Tailgating,777.0,16,188.0,car,Outer,0.5555816813251768
Tailgating,777.0,188,7.0,car,Outer,0.16596063687845816
Tailgating,777.0,330,203.0,car,Outer,0.03249465202847553
Tailgating,777.0,203,237.0,motorcycle,Outer,0.011100708527167427
Tailgating,778.0,124,283.0,motorcycle,Inner,0.08431640228385551
Tailgating,778.0,283,278.0,motorcycle,Inner,0.09862195699947826
Tailgating,778.0,308,301.0,motorcycle,Inner,1.7732868962118165
Tailgating,778.0,301,341.0,motorcycle,Inner,0.03523801438268419
Tailgating,778.0,295,329.0,person,Inner,2.4023547377326646
Tailgating,778.0,306,56.0,motorcycle,Inner,1.9219443433730934
Tailgating,778.0,244,16.0,person,Outer,0.993701118924119
Tailgating,778.0,16,188.0,car,Outer,0.5546151045923909
Tailgating,778.0,188,7.0,car,Outer,0.12571214654845228
Tailgating,778.0,330,203.0,car,Outer,0.03248644814735448
Tailgating,778.0,203,237.0,motorcycle,Outer,0.007456922925178456
Tailgating,779.0,124,283.0,motorcycle,Inner,0.012524510958839238
Tailgating,779.0,308,301.0,motorcycle,Inner,1.7627059366210283
Tailgating,779.0,301,341.0,motorcycle,Inner,0.019610989422135305
Tailgating,779.0,295,329.0,person,Inner,2.481187770080988
Tailgating,779.0,306,56.0,motorcycle,Inner,1.8878150362996036
Tailgating,779.0,260,282.0,motorcycle,Inner,1.6109623770601127
Tailgating,779.0,244,16.0,person,Outer,0.8257178194046544
Tailgating,779.0,16,188.0,car,Outer,0.5535318097361654
Tailgating,779.0,7,320.0,car,Outer,1.9642165861137129
Tailgating,779.0,330,237.0,car,Outer,0.03230981541451103
Tailgating,779.0,203,325.0,motorcycle,Outer,2.249133331217899
Tailgating,780.0,124,278.0,motorcycle,Inner,0.030049250723700238
Tailgating,780.0,308,301.0,motorcycle,Inner,1.7446729537622983
Tailgating,780.0,295,329.0,person,Inner,2.570507979834554
Tailgating,780.0,306,56.0,motorcycle,Inner,1.8333323066723153
Tailgating,780.0,260,282.0,motorcycle,Inner,1.6449531312179821
Tailgating,780.0,244,16.0,person,Outer,0.7947418937842493
Tailgating,780.0,7,320.0,car,Outer,2.05517950322875
Tailgating,780.0,320,341.0,motorcycle,Outer,2.9262266416588236
Tailgating,780.0,330,237.0,car,Outer,0.042196192062253536
Tailgating,780.0,237,203.0,motorcycle,Outer,0.006566952561586928
Tailgating,780.0,203,325.0,motorcycle,Outer,2.2539011234267416
Tailgating,781.0,124,308.0,motorcycle,Inner,1.5959355367445156
Tailgating,781.0,308,301.0,motorcycle,Inner,1.7415178260530988
Tailgating,781.0,295,329.0,person,Inner,2.6476032149282203
Tailgating,781.0,306,56.0,motorcycle,Inner,1.7898331921297594
Tailgating,781.0,260,282.0,motorcycle,Inner,1.6776730963867816
Tailgating,781.0,320,341.0,motorcycle,Outer,2.908629153378898
Tailgating,781.0,330,237.0,car,Outer,0.01822893661921354
Tailgating,781.0,203,325.0,motorcycle,Outer,2.258290155200913
Tailgating,782.0,124,308.0,motorcycle,Inner,1.5541610398566237
Tailgating,782.0,295,329.0,person,Inner,2.726116460869785
Tailgating,782.0,306,56.0,motorcycle,Inner,1.7439371212677124
Tailgating,782.0,320,301.0,motorcycle,Outer,2.8391055880731186
Tailgating,782.0,301,341.0,motorcycle,Outer,0.045366105317704575
Tailgating,782.0,330,237.0,car,Outer,0.01584195827110718
Tailgating,782.0,203,325.0,motorcycle,Outer,2.2548717042264728
Tailgating,783.0,124,308.0,motorcycle,Inner,1.531569333288582
Tailgating,783.0,295,329.0,person,Inner,2.7953906894969953
Tailgating,783.0,306,56.0,motorcycle,Inner,1.699696616727665
Tailgating,783.0,260,282.0,motorcycle,Inner,1.7252174877320887
Tailgating,783.0,7,320.0,car,Outer,2.181138709683433
Tailgating,783.0,320,301.0,motorcycle,Outer,2.8249115349352514
Tailgating,783.0,301,341.0,motorcycle,Outer,0.029949450529217773
Tailgating,783.0,86,231.0,person,Outer,0.38286176959435103
Tailgating,783.0,330,237.0,car,Outer,0.0016948553671576416
Tailgating,783.0,203,325.0,motorcycle,Outer,2.2594525220502453
Tailgating,784.0,124,308.0,motorcycle,Inner,1.5147220528444225
Tailgating,784.0,295,329.0,person,Inner,2.854956579707296
Tailgating,784.0,306,56.0,motorcycle,Inner,1.6553272935603367
Tailgating,784.0,260,282.0,motorcycle,Inner,1.7484003517949231
Tailgating,784.0,325,244.0,car,Outer,1.6752305489679045
Tailgating,784.0,7,320.0,car,Outer,2.211828220549935
Tailgating,784.0,320,301.0,motorcycle,Outer,2.826636527710954
Tailgating,784.0,301,341.0,motorcycle,Outer,0.03709789346972631
Tailgating,784.0,86,231.0,person,Outer,0.40553126766126296
Tailgating,784.0,330,203.0,car,Outer,0.03378844944569459
Tailgating,784.0,203,325.0,motorcycle,Outer,2.2556753054813936
Tailgating,785.0,124,308.0,motorcycle,Inner,1.4930572034849765
Tailgating,785.0,295,329.0,person,Inner,2.913448713139874
Tailgating,785.0,306,56.0,motorcycle,Inner,1.6087883044257745
Tailgating,785.0,325,244.0,car,Outer,1.6805671366773702
Tailgating,785.0,16,188.0,car,Outer,0.4514612434275291
Tailgating,785.0,7,320.0,car,Outer,2.2260400662606115
Tailgating,785.0,320,301.0,motorcycle,Outer,2.821435084828797
Tailgating,785.0,301,341.0,motorcycle,Outer,0.03695123233898853
Tailgating,785.0,86,231.0,person,Outer,0.44864125901360175
Tailgating,785.0,330,203.0,car,Outer,0.03242654779360989
Tailgating,785.0,203,325.0,motorcycle,Outer,2.2520585929929733
Tailgating,786.0,124,308.0,motorcycle,Inner,1.482135363862575
Tailgating,786.0,295,329.0,person,Inner,2.971175633977592
Tailgating,786.0,306,56.0,motorcycle,Inner,1.5525911462019741
Tailgating,786.0,260,282.0,motorcycle,Inner,1.7950876389552164
Tailgating,786.0,325,244.0,car,Outer,1.6836590683829666
Tailgating,786.0,7,320.0,car,Outer,2.2235049465640975
Tailgating,786.0,320,301.0,motorcycle,Outer,2.821992554496854
Tailgating,786.0,301,341.0,motorcycle,Outer,0.036774584032472864
Tailgating,786.0,86,231.0,person,Outer,0.49179616041191765
Tailgating,786.0,330,203.0,car,Outer,0.021160181159009108
Tailgating,786.0,203,325.0,motorcycle,Outer,2.238335338952466
Tailgating,787.0,124,308.0,motorcycle,Inner,1.5033188461273095
Tailgating,787.0,295,329.0,person,Inner,3.030800393277661
Tailgating,787.0,86,306.0,person,Inner,0.2737750698379405
Tailgating,787.0,306,56.0,motorcycle,Inner,1.5158384232758713
Tailgating,787.0,260,282.0,motorcycle,Inner,1.8186641637109804
Tailgating,787.0,325,244.0,car,Outer,1.660224546526221
Tailgating,787.0,7,320.0,car,Outer,2.2203137811522082
Tailgating,787.0,330,203.0,car,Outer,0.021156655687621893
Tailgating,787.0,203,325.0,motorcycle,Outer,2.2520439854555927
Tailgating,788.0,124,308.0,motorcycle,Inner,1.4931595422603765
Tailgating,788.0,295,329.0,person,Inner,3.079134723030678
Tailgating,788.0,306,56.0,motorcycle,Inner,1.4817487154447635
Tailgating,788.0,260,282.0,motorcycle,Inner,1.8421526498892715
Tailgating,788.0,325,244.0,car,Outer,1.6050436971801514
Tailgating,788.0,7,320.0,car,Outer,2.248448919753676
Tailgating,788.0,330,203.0,car,Outer,0.021153150555040856
Tailgating,788.0,203,325.0,motorcycle,Outer,2.2838516501390007
Tailgating,789.0,124,308.0,motorcycle,Inner,1.4961894036470251
Tailgating,789.0,295,329.0,person,Inner,3.1273382300851487
Tailgating,789.0,306,56.0,motorcycle,Inner,1.445716736675407
Tailgating,789.0,260,282.0,motorcycle,Inner,1.8655546079234944
Tailgating,789.0,325,244.0,car,Outer,1.550946659250584
Tailgating,789.0,330,203.0,car,Outer,0.01982345646936556
Tailgating,789.0,203,325.0,motorcycle,Outer,2.316423732830776
Tailgating,790.0,124,308.0,motorcycle,Inner,1.4735607029030067
Tailgating,790.0,295,329.0,person,Inner,3.185637758951617
Tailgating,790.0,306,56.0,motorcycle,Inner,1.397204160388787
Tailgating,790.0,260,282.0,motorcycle,Inner,1.8787097408006432
Tailgating,790.0,325,244.0,car,Outer,1.4982700084817935
Tailgating,790.0,330,203.0,car,Outer,0.02114533753050636
Tailgating,790.0,203,325.0,motorcycle,Outer,2.3488292486317564
Tailgating,791.0,124,308.0,motorcycle,Inner,1.447149407161318
Tailgating,791.0,295,329.0,person,Inner,3.2536094379835836
Tailgating,791.0,306,56.0,motorcycle,Inner,1.3509009280114095
Tailgating,791.0,260,282.0,motorcycle,Inner,1.9013313001809315
Tailgating,791.0,325,244.0,car,Outer,1.4630244355423618
Tailgating,791.0,188,7.0,car,Outer,0.2285309482551596
Tailgating,791.0,330,203.0,car,Outer,0.029741165875630735
Tailgating,791.0,203,325.0,motorcycle,Outer,2.3529468656439616
Tailgating,792.0,124,308.0,motorcycle,Inner,1.3970365293206528
Tailgating,792.0,295,329.0,person,Inner,3.3128141844562022
Tailgating,792.0,306,56.0,motorcycle,Inner,1.3038442778527628
Tailgating,792.0,260,282.0,motorcycle,Inner,1.9043632860087674
Tailgating,792.0,325,244.0,car,Outer,1.4366889517951051
Tailgating,792.0,188,7.0,car,Outer,0.22315225206469544
Tailgating,792.0,330,203.0,car,Outer,0.029743456520934314
Tailgating,792.0,203,325.0,motorcycle,Outer,2.3584631537329828
Tailgating,793.0,247,124.0,motorcycle,Inner,0.6167206001406547
Tailgating,793.0,124,308.0,motorcycle,Inner,1.354297005165582
Tailgating,793.0,295,329.0,person,Inner,3.3704954880741953
Tailgating,793.0,306,56.0,motorcycle,Inner,1.2668721817676982
Tailgating,793.0,325,244.0,car,Outer,1.3991884265778323
Tailgating,793.0,7,320.0,car,Outer,2.3994252206394235
Tailgating,793.0,330,203.0,car,Outer,0.039663247220288966
Tailgating,793.0,203,325.0,motorcycle,Outer,2.3532588995909887
Tailgating,794.0,247,124.0,motorcycle,Inner,0.6320138595352518
Tailgating,794.0,124,308.0,motorcycle,Inner,1.3046320976928274
Tailgating,794.0,295,329.0,person,Inner,3.429217120415448
Tailgating,794.0,306,56.0,motorcycle,Inner,1.2193585372874505
Tailgating,794.0,260,282.0,motorcycle,Inner,1.9405476618259812
Tailgating,794.0,325,244.0,car,Outer,1.4031433493408945
Tailgating,794.0,7,320.0,car,Outer,2.426241854623536
Tailgating,794.0,349,90.0,person,Outer,0.7610549538857754
Tailgating,794.0,330,203.0,car,Outer,0.03966620187092851
Tailgating,794.0,203,325.0,motorcycle,Outer,2.340712391309318
Tailgating,795.0,247,124.0,motorcycle,Inner,0.6616357727904998
Tailgating,795.0,124,308.0,motorcycle,Inner,1.2501318973109699
Tailgating,795.0,295,329.0,person,Inner,3.5066563924114216
Tailgating,795.0,306,56.0,motorcycle,Inner,1.1698417682015414
Tailgating,795.0,260,282.0,motorcycle,Inner,1.9634495496835067
Tailgating,795.0,325,244.0,car,Outer,1.4139010721489336
Tailgating,795.0,7,320.0,car,Outer,2.445276694218627
Tailgating,795.0,330,203.0,car,Outer,0.04958361045094776
Tailgating,795.0,203,325.0,motorcycle,Outer,2.3093837906327583
Tailgating,796.0,247,124.0,motorcycle,Inner,0.6682688245092097
Tailgating,796.0,124,308.0,motorcycle,Inner,1.21061615946978
Tailgating,796.0,295,329.0,person,Inner,3.5649227114410653
Tailgating,796.0,306,56.0,motorcycle,Inner,1.1118107920167541
Tailgating,796.0,260,282.0,motorcycle,Inner,1.9869059943813863
Tailgating,796.0,325,244.0,car,Outer,1.4401853283611743
Tailgating,796.0,7,320.0,car,Outer,2.459271686506417
Tailgating,796.0,330,203.0,car,Outer,0.04958651157371072
Tailgating,796.0,203,325.0,motorcycle,Outer,2.2591624992244124
Tailgating,797.0,247,124.0,motorcycle,Inner,0.6851505663548242
Tailgating,797.0,124,308.0,motorcycle,Inner,1.1838329366525433
Tailgating,797.0,295,329.0,person,Inner,3.6217732692653706
Tailgating,797.0,306,56.0,motorcycle,Inner,1.0634737690667417
Tailgating,797.0,260,282.0,motorcycle,Inner,2.000012425934185
Tailgating,797.0,325,244.0,car,Outer,1.4533582615001697
Tailgating,797.0,7,320.0,car,Outer,2.4641281302964955
Tailgating,797.0,320,341.0,motorcycle,Outer,2.3648986515938355
Tailgating,797.0,330,203.0,car,Outer,0.04831128975779524
Tailgating,797.0,203,325.0,motorcycle,Outer,2.2374332174383413
Tailgating,798.0,247,124.0,motorcycle,Inner,0.7075728622352799
Tailgating,798.0,124,308.0,motorcycle,Inner,1.1532134320227185
Tailgating,798.0,295,329.0,person,Inner,3.668251624325546
Tailgating,798.0,306,56.0,motorcycle,Inner,1.0049099198652218
Tailgating,798.0,260,282.0,motorcycle,Inner,2.0136451030073963
Tailgating,798.0,325,244.0,car,Outer,1.4654623763785317
Tailgating,798.0,7,320.0,car,Outer,2.469367230337524
Tailgating,798.0,320,341.0,motorcycle,Outer,2.2961359542939404
Tailgating,798.0,330,203.0,car,Outer,0.048304471606833266
Tailgating,798.0,203,325.0,motorcycle,Outer,2.225929693790677
Tailgating,799.0,247,124.0,motorcycle,Inner,0.7078403108111109
Tailgating,799.0,124,308.0,motorcycle,Inner,1.1377764495353702
Tailgating,799.0,306,56.0,motorcycle,Inner,0.9549125518632328
Tailgating,799.0,260,282.0,motorcycle,Inner,2.0377514092185907
Tailgating,799.0,325,244.0,car,Outer,1.4807857437383947
Tailgating,799.0,7,320.0,car,Outer,2.4741243396558517
Tailgating,799.0,320,341.0,motorcycle,Outer,2.2335613093479383
Tailgating,799.0,330,203.0,car,Outer,0.04959026407707049
Tailgating,799.0,203,325.0,motorcycle,Outer,2.2131102009710255
Tailgating,800.0,247,124.0,motorcycle,Inner,0.712770996608312
Tailgating,800.0,124,308.0,motorcycle,Inner,1.1255538383991952
Tailgating,800.0,306,56.0,motorcycle,Inner,0.9057124642169336
Tailgating,800.0,260,282.0,motorcycle,Inner,2.0619286470497222
Tailgating,800.0,325,244.0,car,Outer,1.4748852715012846
Tailgating,800.0,7,320.0,car,Outer,2.5007211666627915
Tailgating,800.0,320,341.0,motorcycle,Outer,2.165100805567476
Tailgating,800.0,330,203.0,car,Outer,0.038395584245703586
Tailgating,800.0,203,325.0,motorcycle,Outer,2.2204578336038105
Tailgating,801.0,247,124.0,motorcycle,Inner,0.713156792916291
Tailgating,801.0,124,308.0,motorcycle,Inner,1.110262289855986
Tailgating,801.0,306,56.0,motorcycle,Inner,0.8462838499928554
Tailgating,801.0,260,282.0,motorcycle,Inner,2.0861786651425476
Tailgating,801.0,325,244.0,car,Outer,1.4799959516324248
Tailgating,801.0,320,341.0,motorcycle,Outer,2.102697113390654
Tailgating,801.0,330,203.0,car,Outer,0.038403820738598486
Tailgating,801.0,203,325.0,motorcycle,Outer,2.2168065324731137
Tailgating,802.0,283,278.0,motorcycle,Inner,0.0792386820142896
Tailgating,802.0,247,124.0,motorcycle,Inner,0.7183176326758539
Tailgating,802.0,124,308.0,motorcycle,Inner,1.0980702889475522
Tailgating,802.0,306,56.0,motorcycle,Inner,0.8088642515925344
Tailgating,802.0,260,282.0,motorcycle,Inner,2.09989249681748
Tailgating,802.0,325,244.0,car,Outer,1.4941406459558284
Tailgating,802.0,320,341.0,motorcycle,Outer,2.0461384536590135
Tailgating,802.0,2,60.0,car,Outer,1.8654683832110497
Tailgating,802.0,330,203.0,car,Outer,0.029759975413602074
Tailgating,802.0,203,325.0,motorcycle,Outer,2.203622945564003
Tailgating,803.0,283,278.0,motorcycle,Inner,0.2117775395723588
Tailgating,803.0,247,124.0,motorcycle,Inner,0.7275192098983355
Tailgating,803.0,124,308.0,motorcycle,Inner,1.0849041099803878
Tailgating,803.0,306,56.0,motorcycle,Inner,0.7489033740176214
Tailgating,803.0,260,282.0,motorcycle,Inner,2.1242518251975415
Tailgating,803.0,320,341.0,motorcycle,Outer,1.9913046567545072
Tailgating,803.0,2,60.0,car,Outer,1.940367298141044
Tailgating,803.0,330,203.0,car,Outer,0.0297620086262275
Tailgating,803.0,203,325.0,motorcycle,Outer,2.2004405794712247
Tailgating,804.0,283,278.0,motorcycle,Inner,0.33359852196727663
Tailgating,804.0,247,124.0,motorcycle,Inner,0.7199707280322633
Tailgating,804.0,124,308.0,motorcycle,Inner,1.0742256095454272
Tailgating,804.0,306,56.0,motorcycle,Inner,0.7003608915828822
Tailgating,804.0,260,282.0,motorcycle,Inner,2.148689260739366
Tailgating,804.0,320,341.0,motorcycle,Outer,1.9854213180965141
Tailgating,804.0,2,60.0,car,Outer,1.9838908863754139
Tailgating,804.0,330,203.0,car,Outer,0.02976441469492666
Tailgating,804.0,203,325.0,motorcycle,Outer,2.2065756135259047
Tailgating,805.0,300,283.0,person,Inner,0.5502123243346879
Tailgating,805.0,283,278.0,motorcycle,Inner,0.4315697083711542
Tailgating,805.0,247,124.0,motorcycle,Inner,0.7255498487247253
Tailgating,805.0,124,308.0,motorcycle,Inner,1.0619903349316147
Tailgating,805.0,71,135.0,car,Inner,1.642475534671815
Tailgating,805.0,306,56.0,motorcycle,Inner,0.6720091437506043
Tailgating,805.0,260,282.0,motorcycle,Inner,2.1726215492036522
Tailgating,805.0,320,341.0,motorcycle,Outer,1.9916760862556677
Tailgating,805.0,2,60.0,car,Outer,2.015972074698514
Tailgating,805.0,330,203.0,car,Outer,0.01984530012569346
Tailgating,805.0,203,325.0,motorcycle,Outer,2.222927103965282
Tailgating,806.0,282,283.0,motorcycle,Inner,0.6516084823619935
Tailgating,806.0,283,278.0,motorcycle,Inner,0.5380680631388208
Tailgating,806.0,247,124.0,motorcycle,Inner,0.7362961615695994
Tailgating,806.0,124,308.0,motorcycle,Inner,1.042012563575624
Tailgating,806.0,71,160.0,car,Inner,0.03034769788336273
Tailgating,806.0,306,56.0,motorcycle,Inner,0.6345507168134176
Tailgating,806.0,325,244.0,car,Outer,1.4917848485814256
Tailgating,806.0,300,16.0,person,Outer,1.189382625136465
Tailgating,806.0,320,341.0,motorcycle,Outer,1.9989847082336503
Tailgating,806.0,330,203.0,car,Outer,0.02977143966569433
Tailgating,806.0,203,325.0,motorcycle,Outer,2.2190284220396377
Tailgating,807.0,282,283.0,motorcycle,Inner,0.5486019347414135
Tailgating,807.0,283,278.0,motorcycle,Inner,0.636772120496509
Tailgating,807.0,247,124.0,motorcycle,Inner,0.7339202223756126
Tailgating,807.0,124,308.0,motorcycle,Inner,1.031323288020027
Tailgating,807.0,71,160.0,car,Inner,0.07845171034523614
Tailgating,807.0,352,329.0,motorcycle,Inner,0.13078261024503673
Tailgating,807.0,306,56.0,motorcycle,Inner,0.585376321449062
Tailgating,807.0,260,282.0,motorcycle,Inner,2.2199727612672135
Tailgating,807.0,325,244.0,car,Outer,1.4977263268904695
Tailgating,807.0,300,16.0,person,Outer,1.319365952252891
Tailgating,807.0,320,341.0,motorcycle,Outer,2.010790784137292
Tailgating,807.0,330,203.0,car,Outer,0.029773720361178115
Tailgating,807.0,203,325.0,motorcycle,Outer,2.2158770200076976
Tailgating,808.0,282,283.0,motorcycle,Inner,0.4507214006663817
Tailgating,808.0,283,278.0,motorcycle,Inner,0.702595002135166
Tailgating,808.0,247,124.0,motorcycle,Inner,0.7347779362174459
Tailgating,808.0,124,308.0,motorcycle,Inner,1.00870150932684
Tailgating,808.0,71,160.0,car,Inner,0.1194877241148076
Tailgating,808.0,306,56.0,motorcycle,Inner,0.5572350648891884
Tailgating,808.0,325,300.0,car,Outer,1.4739808210449508
Tailgating,808.0,300,244.0,person,Outer,0.051891334053279295
Tailgating,808.0,320,341.0,motorcycle,Outer,2.028420727131969
Tailgating,808.0,330,203.0,car,Outer,0.030996773527881143
Tailgating,808.0,203,325.0,motorcycle,Outer,2.222933866174328
Tailgating,809.0,282,283.0,motorcycle,Inner,0.4343331763939847
Tailgating,809.0,283,278.0,motorcycle,Inner,0.713896372839655
Tailgating,809.0,247,124.0,motorcycle,Inner,0.7416276418072133
Tailgating,809.0,124,308.0,motorcycle,Inner,0.9970606140528133
Tailgating,809.0,306,56.0,motorcycle,Inner,0.5084432375697233
Tailgating,809.0,325,300.0,car,Outer,1.4776550978710512
Tailgating,809.0,300,244.0,person,Outer,0.08233270542703282
Tailgating,809.0,320,341.0,motorcycle,Outer,2.0317999441930743
Tailgating,809.0,2,60.0,car,Outer,1.9138409447556992
Tailgating,809.0,330,203.0,car,Outer,0.029777078161105905
Tailgating,809.0,203,325.0,motorcycle,Outer,2.2203003920095568
Tailgating,810.0,282,283.0,motorcycle,Inner,0.4691276539049612
Tailgating,810.0,283,278.0,motorcycle,Inner,0.6632903342840839
Tailgating,810.0,247,124.0,motorcycle,Inner,0.752444430666695
Tailgating,810.0,124,308.0,motorcycle,Inner,0.9772198205546729
Tailgating,810.0,306,56.0,motorcycle,Inner,0.4671295266817344
Tailgating,810.0,325,300.0,car,Outer,1.5235282753453876
Tailgating,810.0,300,244.0,person,Outer,0.06540606602130648
Tailgating,810.0,320,341.0,motorcycle,Outer,2.0367939858937594
Tailgating,810.0,2,60.0,car,Outer,1.9507368817034731
Tailgating,810.0,330,203.0,car,Outer,0.029778911526020527
Tailgating,810.0,203,325.0,motorcycle,Outer,2.2173864423768106
Tailgating,811.0,282,283.0,motorcycle,Inner,0.4821930553682146
Tailgating,811.0,283,278.0,motorcycle,Inner,0.6310607238403968
Tailgating,811.0,247,124.0,motorcycle,Inner,0.761431149251303
Tailgating,811.0,124,308.0,motorcycle,Inner,0.9533744895898154
Tailgating,811.0,306,56.0,motorcycle,Inner,0.41665915403820186
Tailgating,811.0,260,282.0,motorcycle,Inner,2.278500152894446
Tailgating,811.0,325,300.0,car,Outer,1.57916317438475
Tailgating,811.0,300,244.0,person,Outer,0.027446783872935712
Tailgating,811.0,320,341.0,motorcycle,Outer,2.0325229782144034
Tailgating,811.0,2,60.0,car,Outer,2.1180344559169595
Tailgating,811.0,330,203.0,car,Outer,0.03970960908148507
Tailgating,811.0,203,325.0,motorcycle,Outer,2.2142468827188333
Tailgating,812.0,282,283.0,motorcycle,Inner,0.49034111195428687
Tailgating,812.0,247,124.0,motorcycle,Inner,0.7641674855045564
Tailgating,812.0,124,308.0,motorcycle,Inner,0.9555421680365245
Tailgating,812.0,306,56.0,motorcycle,Inner,0.3747482268591502
Tailgating,812.0,260,282.0,motorcycle,Inner,2.284026357093787
Tailgating,812.0,325,300.0,car,Outer,1.6038881346675633
Tailgating,812.0,320,341.0,motorcycle,Outer,2.029666746187473
Tailgating,812.0,2,60.0,car,Outer,2.347761208289239
Tailgating,812.0,330,203.0,car,Outer,0.03971586867224793
Tailgating,812.0,203,325.0,motorcycle,Outer,2.191456836886686
Tailgating,813.0,282,283.0,motorcycle,Inner,0.5001410843777502
Tailgating,813.0,247,124.0,motorcycle,Inner,0.7694376118271067
Tailgating,813.0,124,308.0,motorcycle,Inner,0.9372722919401787
Tailgating,813.0,71,160.0,car,Inner,0.10626490187344673
Tailgating,813.0,352,329.0,motorcycle,Inner,0.08718396776238248
Tailgating,813.0,306,56.0,motorcycle,Inner,0.332526222694643
Tailgating,813.0,325,300.0,car,Outer,1.6123136785025027
Tailgating,813.0,320,341.0,motorcycle,Outer,2.026848134215405
Tailgating,813.0,2,60.0,car,Outer,2.6161840216587997
Tailgating,813.0,330,203.0,car,Outer,0.04965013558996155
Tailgating,813.0,203,260.0,motorcycle,Outer,0.5391369879983553
Tailgating,813.0,260,325.0,motorcycle,Outer,1.4398649831832397
Tailgating,814.0,282,283.0,motorcycle,Inner,0.5140075882769808
Tailgating,814.0,247,124.0,motorcycle,Inner,0.7802273279121592
Tailgating,814.0,124,308.0,motorcycle,Inner,0.9227682879158612
Tailgating,814.0,71,160.0,car,Inner,0.0657181443177726
Tailgating,814.0,352,329.0,motorcycle,Inner,0.0777298864906543
Tailgating,814.0,299,134.0,person,Inner,3.1837555016336365
Tailgating,814.0,306,56.0,motorcycle,Inner,0.28023604091255416
Tailgating,814.0,325,300.0,car,Outer,1.602088393532859
Tailgating,814.0,7,320.0,car,Outer,2.9420804430515606
Tailgating,814.0,320,341.0,motorcycle,Outer,2.0237749036560007
Tailgating,814.0,2,315.0,car,Outer,2.9291139984012804
Tailgating,814.0,330,203.0,car,Outer,0.04965770573804278
Tailgating,814.0,203,260.0,motorcycle,Outer,0.529976373799622
Tailgating,814.0,260,325.0,motorcycle,Outer,1.448206318094923
Tailgating,815.0,282,283.0,motorcycle,Inner,0.5162365611416969
Tailgating,815.0,247,124.0,motorcycle,Inner,0.7786330773804729
Tailgating,815.0,71,160.0,car,Inner,0.02497869499557509
Tailgating,815.0,352,329.0,motorcycle,Inner,0.04640891379442817
Tailgating,815.0,299,134.0,person,Inner,3.038970625576862
Tailgating,815.0,306,56.0,motorcycle,Inner,0.23641585584778232
Tailgating,815.0,325,300.0,car,Outer,1.612980552409731
Tailgating,815.0,300,16.0,person,Outer,1.5694389268753803
Tailgating,815.0,7,320.0,car,Outer,2.9542578672566395
Tailgating,815.0,320,308.0,motorcycle,Outer,0.4992384931233813
Tailgating,815.0,308,341.0,motorcycle,Outer,1.340910497627713
Tailgating,815.0,45,240.0,car,Outer,0.029890048495310982
Tailgating,815.0,2,60.0,car,Outer,3.250211325925779
Tailgating,815.0,330,203.0,car,Outer,0.049665675397521834
Tailgating,815.0,203,260.0,motorcycle,Outer,0.5089484359239911
Tailgating,815.0,260,325.0,motorcycle,Outer,1.4586506120473588
Tailgating,816.0,282,283.0,motorcycle,Inner,0.4987683476128487
Tailgating,816.0,247,124.0,motorcycle,Inner,0.7859207001706274
Tailgating,816.0,352,329.0,motorcycle,Inner,0.026864370628409687
Tailgating,816.0,299,134.0,person,Inner,2.867889494119211
Tailgating,816.0,306,56.0,motorcycle,Inner,0.20154904190087156
Tailgating,816.0,300,16.0,person,Outer,1.5753906492584389
Tailgating,816.0,7,320.0,car,Outer,2.9663574763771026
Tailgating,816.0,320,308.0,motorcycle,Outer,0.4900004230747891
Tailgating,816.0,308,341.0,motorcycle,Outer,1.3508684895233862
Tailgating,816.0,45,240.0,car,Outer,0.07972378600938358
Tailgating,816.0,2,60.0,car,Outer,3.599212086600403
Tailgating,816.0,330,203.0,car,Outer,0.039736940520340235
Tailgating,816.0,203,260.0,motorcycle,Outer,0.4979685774256922
Tailgating,816.0,260,325.0,motorcycle,Outer,1.4780793089845532
Tailgating,817.0,282,283.0,motorcycle,Inner,0.4708421100408828
Tailgating,817.0,283,278.0,motorcycle,Inner,0.5297461555123744
Tailgating,817.0,247,124.0,motorcycle,Inner,0.7657499118922652
Tailgating,817.0,352,299.0,motorcycle,Inner,1.9028723749059941
Tailgating,817.0,299,134.0,person,Inner,2.700130813618417
Tailgating,817.0,306,56.0,motorcycle,Inner,0.15697259934023952
Tailgating,817.0,300,16.0,person,Outer,1.577417403884389
Tailgating,817.0,320,308.0,motorcycle,Outer,0.481487278435318
Tailgating,817.0,308,341.0,motorcycle,Outer,1.3534362312917023
Tailgating,817.0,45,240.0,car,Outer,0.10963004180935534
Tailgating,817.0,2,60.0,car,Outer,3.813058060239563
Tailgating,817.0,330,203.0,car,Outer,0.029805949039859624
Tailgating,817.0,203,260.0,motorcycle,Outer,0.47493392840534954
Tailgating,817.0,260,325.0,motorcycle,Outer,1.4995979675375324
Tailgating,818.0,282,283.0,motorcycle,Inner,0.4073112414709147
Tailgating,818.0,283,278.0,motorcycle,Inner,0.5483107386827641
Tailgating,818.0,278,247.0,person,Inner,1.3153765059115048
Tailgating,818.0,247,124.0,motorcycle,Inner,0.7572963452405755
Tailgating,818.0,352,299.0,motorcycle,Inner,2.054065184966503
Tailgating,818.0,299,134.0,person,Inner,2.5428169847644586
Tailgating,818.0,306,56.0,motorcycle,Inner,0.11303122208338294
Tailgating,818.0,320,308.0,motorcycle,Outer,0.46292567377450167
Tailgating,818.0,308,341.0,motorcycle,Outer,1.3658675515143919
Tailgating,818.0,2,60.0,car,Outer,3.937315531638166
Tailgating,818.0,330,203.0,car,Outer,0.030937677682206437
Tailgating,818.0,203,260.0,motorcycle,Outer,0.4500680899493781
Tailgating,818.0,260,325.0,motorcycle,Outer,1.530219698776594
Tailgating,819.0,282,247.0,motorcycle,Inner,2.128471786200114
Tailgating,819.0,247,124.0,motorcycle,Inner,0.75478315549466
Tailgating,819.0,352,299.0,motorcycle,Inner,2.207915805544156
Tailgating,819.0,299,134.0,person,Inner,2.345601709792157
Tailgating,819.0,306,56.0,motorcycle,Inner,0.08113969104741013
Tailgating,819.0,320,308.0,motorcycle,Outer,0.45074940635804533
Tailgating,819.0,308,341.0,motorcycle,Outer,1.377464050792876
Tailgating,819.0,45,240.0,car,Outer,0.18102189663108192
Tailgating,819.0,330,203.0,car,Outer,0.019872390681153863
Tailgating,819.0,203,260.0,motorcycle,Outer,0.42393607713454584
Tailgating,819.0,260,325.0,motorcycle,Outer,1.562557032138129
Tailgating,820.0,282,247.0,motorcycle,Inner,2.1490779773459936
Tailgating,820.0,247,124.0,motorcycle,Inner,0.7701991462514333
Tailgating,820.0,352,299.0,motorcycle,Inner,2.3509564027771037
Tailgating,820.0,299,134.0,person,Inner,2.1586289341805056
Tailgating,820.0,306,56.0,motorcycle,Inner,0.029896042489373557
Tailgating,820.0,320,308.0,motorcycle,Outer,0.4317545448705472
Tailgating,820.0,308,341.0,motorcycle,Outer,1.3843330030182692
Tailgating,820.0,330,203.0,car,Outer,0.011062400495038123
Tailgating,820.0,203,260.0,motorcycle,Outer,0.4191079847521166
Tailgating,820.0,260,325.0,motorcycle,Outer,1.5821542566802071
Tailgating,821.0,282,247.0,motorcycle,Inner,2.1660941604128565
Tailgating,821.0,247,124.0,motorcycle,Inner,0.7810655192597726
Tailgating,821.0,352,299.0,motorcycle,Inner,2.4003916849204345
Tailgating,821.0,299,134.0,person,Inner,2.072910660019766
Tailgating,821.0,306,336.0,motorcycle,Inner,1.1141230447651558
Tailgating,821.0,320,308.0,motorcycle,Outer,0.40590923046483873
Tailgating,821.0,308,341.0,motorcycle,Outer,1.4114606123237259
Tailgating,821.0,330,203.0,car,Outer,0.011064603693161259
Tailgating,821.0,203,260.0,motorcycle,Outer,0.40397383526443215
Tailgating,822.0,282,247.0,motorcycle,Inner,2.185966306630627
Tailgating,822.0,247,124.0,motorcycle,Inner,0.8043789457234793
Tailgating,822.0,352,307.0,motorcycle,Inner,0.22872436911786795
Tailgating,822.0,307,299.0,motorcycle,Inner,1.9425883469532366
Tailgating,822.0,299,134.0,person,Inner,2.009061518103061
Tailgating,822.0,306,336.0,motorcycle,Inner,1.0718551187647434
Tailgating,822.0,320,308.0,motorcycle,Outer,0.4063926165976258
Tailgating,822.0,308,341.0,motorcycle,Outer,1.3986929651044921
Tailgating,822.0,330,203.0,car,Outer,0.0011348039098119393
Tailgating,822.0,203,260.0,motorcycle,Outer,0.3967522145176597
Tailgating,823.0,282,247.0,motorcycle,Inner,2.2000757301784306
Tailgating,823.0,247,124.0,motorcycle,Inner,0.8173415722517189
Tailgating,823.0,124,356.0,motorcycle,Inner,0.14683560170499937
Tailgating,823.0,71,160.0,car,Inner,0.03854495265522581
Tailgating,823.0,352,307.0,motorcycle,Inner,0.23279262467088788
Tailgating,823.0,307,299.0,motorcycle,Inner,1.9329308507425298
Tailgating,823.0,306,336.0,motorcycle,Inner,1.0316624735011861
Tailgating,823.0,320,308.0,motorcycle,Outer,0.3827673111836694
Tailgating,823.0,308,341.0,motorcycle,Outer,1.3737567681657274
Tailgating,823.0,45,240.0,car,Outer,0.13953670275431754
Tailgating,823.0,330,203.0,car,Outer,0.03154898330668774
Tailgating,823.0,203,260.0,motorcycle,Outer,0.3600997152002268
Tailgating,824.0,282,247.0,motorcycle,Inner,2.225775710408695
Tailgating,824.0,247,124.0,motorcycle,Inner,0.8341285422953114
Tailgating,824.0,124,356.0,motorcycle,Inner,0.12118483758445955
Tailgating,824.0,71,160.0,car,Inner,0.07926970711256655
Tailgating,824.0,352,307.0,motorcycle,Inner,0.23709746106053461
Tailgating,824.0,307,299.0,motorcycle,Inner,1.921827470216123
Tailgating,824.0,306,336.0,motorcycle,Inner,0.9913181220378535
Tailgating,824.0,320,308.0,motorcycle,Outer,0.3360975348005553
Tailgating,824.0,308,341.0,motorcycle,Outer,1.3721062553215453
Tailgating,824.0,330,203.0,car,Outer,0.06881160994497314
Tailgating,824.0,203,260.0,motorcycle,Outer,0.30558046971359454
Tailgating,825.0,282,247.0,motorcycle,Inner,2.241108386986901
Tailgating,825.0,247,124.0,motorcycle,Inner,0.8573152784782498
Tailgating,825.0,124,356.0,motorcycle,Inner,0.07952582941911318
Tailgating,825.0,352,307.0,motorcycle,Inner,0.22801538943861294
Tailgating,825.0,307,299.0,motorcycle,Inner,1.9182720581839463
Tailgating,825.0,306,336.0,motorcycle,Inner,0.9484193540745793
Tailgating,825.0,320,308.0,motorcycle,Outer,0.2953699595319785
Tailgating,825.0,308,341.0,motorcycle,Outer,1.349312155738799
Tailgating,825.0,237,330.0,motorcycle,Outer,0.4109359430151999
Tailgating,825.0,330,203.0,car,Outer,0.11140282666042815
Tailgating,825.0,203,260.0,motorcycle,Outer,0.2470901374891225
Tailgating,826.0,282,247.0,motorcycle,Inner,2.2566097540311625
Tailgating,826.0,247,124.0,motorcycle,Inner,0.8662402032730588
Tailgating,826.0,124,356.0,motorcycle,Inner,0.05199112746896377
Tailgating,826.0,295,329.0,person,Inner,3.1127551828257896
Tailgating,826.0,352,307.0,motorcycle,Inner,0.2189299298437694
Tailgating,826.0,306,336.0,motorcycle,Inner,0.9028018832419897
Tailgating,826.0,325,16.0,car,Outer,3.0786333433289155
Tailgating,826.0,320,308.0,motorcycle,Outer,0.24530370560496628
Tailgating,826.0,308,341.0,motorcycle,Outer,1.3361992242747207
Tailgating,826.0,45,240.0,car,Outer,0.06717309790694001
Tailgating,826.0,237,330.0,motorcycle,Outer,0.34956349584431656
Tailgating,826.0,330,203.0,car,Outer,0.1716162194314528
Tailgating,826.0,203,260.0,motorcycle,Outer,0.18150664514957834
Tailgating,826.0,260,325.0,motorcycle,Outer,1.7174854049229753
Tailgating,827.0,282,247.0,motorcycle,Inner,2.2710312905284833
Tailgating,827.0,247,124.0,motorcycle,Inner,0.8846041038623711
Tailgating,827.0,124,356.0,motorcycle,Inner,0.024686781100938315
Tailgating,827.0,295,329.0,person,Inner,2.3533693510817884
Tailgating,827.0,352,307.0,motorcycle,Inner,0.18924909927864395
Tailgating,827.0,325,16.0,car,Outer,3.102827532381098
Tailgating,827.0,320,308.0,motorcycle,Outer,0.18060283133270888
Tailgating,827.0,308,341.0,motorcycle,Outer,1.3365128349355822
Tailgating,827.0,237,330.0,motorcycle,Outer,0.29129105270853844
Tailgating,827.0,330,203.0,car,Outer,0.20152552463112286
Tailgating,827.0,203,260.0,motorcycle,Outer,0.13794743156774084
Tailgating,827.0,260,325.0,motorcycle,Outer,1.7177717341413596
Tailgating,828.0,282,247.0,motorcycle,Inner,2.2889113461138724
Tailgating,828.0,247,124.0,motorcycle,Inner,0.8780526702468494
Tailgating,828.0,124,356.0,motorcycle,Inner,0.013950017494641538
Tailgating,828.0,352,307.0,motorcycle,Inner,0.17915142843599854
Tailgating,828.0,325,16.0,car,Outer,3.124407871209735
Tailgating,828.0,320,308.0,motorcycle,Outer,0.14435591290508343
Tailgating,828.0,308,341.0,motorcycle,Outer,1.3212795477353763
Tailgating,828.0,240,45.0,car,Outer,0.024194465687497505
Tailgating,828.0,237,330.0,motorcycle,Outer,0.23213536333358095
Tailgating,828.0,330,203.0,car,Outer,0.24371472654998694
Tailgating,828.0,203,260.0,motorcycle,Outer,0.07352362945350457
Tailgating,828.0,260,325.0,motorcycle,Outer,1.7191249548590781
Tailgating,829.0,282,247.0,motorcycle,Inner,2.302720570006112
Tailgating,829.0,247,124.0,motorcycle,Inner,0.8715590205072898
Tailgating,829.0,124,356.0,motorcycle,Inner,0.009135259952079196
Tailgating,829.0,352,307.0,motorcycle,Inner,0.16227494674100337
Tailgating,829.0,325,16.0,car,Outer,3.1465693636094167
Tailgating,829.0,320,308.0,motorcycle,Outer,0.08248585416331108
Tailgating,829.0,237,330.0,motorcycle,Outer,0.1635685310802518
Tailgating,829.0,330,203.0,car,Outer,0.2870943763868684
Tailgating,829.0,203,260.0,motorcycle,Outer,0.009113540854272894
Tailgating,829.0,260,325.0,motorcycle,Outer,1.7296662831815812
Tailgating,830.0,282,247.0,motorcycle,Inner,2.306399158448308
Tailgating,830.0,247,124.0,motorcycle,Inner,0.8821811966610908
Tailgating,830.0,124,356.0,motorcycle,Inner,0.0008340467307458805
Tailgating,830.0,352,307.0,motorcycle,Inner,0.13282535962094585
Tailgating,830.0,325,16.0,car,Outer,3.1625672145316948
Tailgating,830.0,320,308.0,motorcycle,Outer,0.021920547258825404
Tailgating,830.0,308,341.0,motorcycle,Outer,1.4221732253678105
Tailgating,830.0,295,262.0,person,Outer,3.6996878301611047
Tailgating,830.0,237,330.0,motorcycle,Outer,0.09266861492087397
Tailgating,830.0,330,260.0,car,Outer,0.28104551886752305
Tailgating,830.0,260,203.0,motorcycle,Outer,0.03167654188588151
Tailgating,830.0,203,325.0,motorcycle,Outer,1.7079337108410597
Tailgating,831.0,282,247.0,motorcycle,Inner,2.3096366949159104
Tailgating,831.0,247,124.0,motorcycle,Inner,0.8834032091006662
Tailgating,831.0,124,356.0,motorcycle,Inner,0.006517717081451401
Tailgating,831.0,352,307.0,motorcycle,Inner,0.12647710382464347
Tailgating,831.0,295,262.0,person,Outer,3.0213435482800395
Tailgating,831.0,237,330.0,motorcycle,Outer,0.04501902181215344
Tailgating,831.0,330,260.0,car,Outer,0.2698571050300441
Tailgating,831.0,260,203.0,motorcycle,Outer,0.03169211422314856
Tailgating,831.0,203,325.0,motorcycle,Outer,1.7087394073748714
Tailgating,832.0,282,247.0,motorcycle,Inner,2.321633223510344
Tailgating,832.0,247,124.0,motorcycle,Inner,0.884644038072997
Tailgating,832.0,124,356.0,motorcycle,Inner,0.012272916443091588
Tailgating,832.0,71,160.0,car,Inner,0.28455447778370424
Tailgating,832.0,352,307.0,motorcycle,Inner,0.09718397544921344
Tailgating,832.0,295,262.0,person,Outer,2.3946987215620483
Tailgating,832.0,237,330.0,motorcycle,Outer,0.003445137487706987
Tailgating,832.0,330,260.0,car,Outer,0.2552991646243808
Tailgating,832.0,260,203.0,motorcycle,Outer,0.038778432615756635
Tailgating,833.0,282,247.0,motorcycle,Inner,2.3236914720833113
Tailgating,833.0,247,124.0,motorcycle,Inner,0.9028276311493308
Tailgating,833.0,124,356.0,motorcycle,Inner,0.010066924873715844
Tailgating,833.0,71,160.0,car,Inner,0.340708396144415
Tailgating,833.0,352,307.0,motorcycle,Inner,0.09102381555138311
Tailgating,833.0,7,320.0,car,Outer,3.823304433154261
Tailgating,833.0,295,262.0,person,Outer,2.3550897553806585
Tailgating,833.0,330,237.0,car,Outer,0.022953802967355625
Tailgating,833.0,260,203.0,motorcycle,Outer,0.026821566919755516
Tailgating,834.0,282,247.0,motorcycle,Inner,2.324987431882714
Tailgating,834.0,247,124.0,motorcycle,Inner,0.9040593053818314
Tailgating,834.0,124,356.0,motorcycle,Inner,0.009989269431012762
Tailgating,834.0,71,160.0,car,Inner,0.36956930963723705
Tailgating,834.0,352,307.0,motorcycle,Inner,0.07224391053611219
Tailgating,834.0,7,320.0,car,Outer,3.7808278428937725
Tailgating,834.0,295,262.0,person,Outer,2.333765357773427
Tailgating,834.0,330,237.0,car,Outer,0.020698742040765623
Tailgating,834.0,237,260.0,motorcycle,Outer,0.2101170428428735
Tailgating,834.0,260,203.0,motorcycle,Outer,0.03661503292249298
Tailgating,834.0,203,325.0,motorcycle,Outer,1.7778045260642399
Tailgating,835.0,282,247.0,motorcycle,Inner,2.3296698911998743
Tailgating,835.0,247,124.0,motorcycle,Inner,0.9134403221569538
Tailgating,835.0,124,356.0,motorcycle,Inner,0.009899395102472836
Tailgating,835.0,352,307.0,motorcycle,Inner,0.06268601083544173
Tailgating,835.0,7,320.0,car,Outer,3.7418018208694277
Tailgating,835.0,240,45.0,car,Outer,0.061504662571448945
Tailgating,835.0,330,237.0,car,Outer,0.029504634554071176
Tailgating,835.0,237,260.0,motorcycle,Outer,0.19893788138386903
Tailgating,835.0,260,203.0,motorcycle,Outer,0.027466286127502987
Tailgating,835.0,203,325.0,motorcycle,Outer,1.807234851484249
Tailgating,836.0,282,247.0,motorcycle,Inner,2.3393185318102865
Tailgating,836.0,247,124.0,motorcycle,Inner,0.9222099241001128
Tailgating,836.0,124,356.0,motorcycle,Inner,0.0018704705566480204
Tailgating,836.0,352,307.0,motorcycle,Inner,0.05585185976460223
Tailgating,836.0,7,320.0,car,Outer,3.689098886107889
Tailgating,836.0,330,237.0,car,Outer,0.03061903290801294
Tailgating,836.0,237,260.0,motorcycle,Outer,0.20578975992533566
Tailgating,836.0,260,203.0,motorcycle,Outer,0.01844260651478509
Tailgating,836.0,203,325.0,motorcycle,Outer,1.8262823118964369
Tailgating,837.0,282,247.0,motorcycle,Inner,2.3526538222702125
Tailgating,837.0,247,124.0,motorcycle,Inner,0.9315076956296297
Tailgating,837.0,124,356.0,motorcycle,Inner,0.0018087821248154834
Tailgating,837.0,352,307.0,motorcycle,Inner,0.045472258315304014
Tailgating,837.0,16,7.0,car,Outer,0.6573439304573702
Tailgating,837.0,7,320.0,car,Outer,3.681429705173374
Tailgating,837.0,246,49.0,person,Outer,0.8657538961914426
Tailgating,837.0,330,237.0,car,Outer,0.020695567567040125
Tailgating,837.0,237,260.0,motorcycle,Outer,0.19148272428513052
Tailgating,837.0,260,203.0,motorcycle,Outer,0.020202702051295096
Tailgating,837.0,203,325.0,motorcycle,Outer,1.8652590706191892
Tailgating,838.0,282,247.0,motorcycle,Inner,2.3470613533884737
Tailgating,838.0,247,124.0,motorcycle,Inner,0.9436744796310967
Tailgating,838.0,124,356.0,motorcycle,Inner,0.01579045316963043
Tailgating,838.0,352,307.0,motorcycle,Inner,0.039686565109917395
Tailgating,838.0,16,7.0,car,Outer,0.6653766982036187
Tailgating,838.0,7,320.0,car,Outer,3.6598595734687684
Tailgating,838.0,246,49.0,person,Outer,0.9029140047982642
Tailgating,838.0,330,237.0,car,Outer,0.031776305473321574
Tailgating,838.0,237,260.0,motorcycle,Outer,0.17818407221696111
Tailgating,838.0,260,203.0,motorcycle,Outer,0.011117582717068619
Tailgating,838.0,203,325.0,motorcycle,Outer,1.8946570757812338
Tailgating,839.0,282,247.0,motorcycle,Inner,2.355946425870988
Tailgating,839.0,247,124.0,motorcycle,Inner,0.9592340861332865
Tailgating,839.0,124,356.0,motorcycle,Inner,0.007871179054001733
Tailgating,839.0,352,307.0,motorcycle,Inner,0.03969594524158228
Tailgating,839.0,16,7.0,car,Outer,0.6818487885918827
Tailgating,839.0,7,320.0,car,Outer,3.6525893548899147
Tailgating,839.0,246,49.0,person,Outer,0.9372961145318449
Tailgating,839.0,330,237.0,car,Outer,0.022984808560607722
Tailgating,839.0,237,260.0,motorcycle,Outer,0.1750170339835911
Tailgating,839.0,260,203.0,motorcycle,Outer,0.002063656825297365
Tailgating,839.0,203,325.0,motorcycle,Outer,1.914331130522388
Tailgating,840.0,282,247.0,motorcycle,Inner,2.3542881320698013
Tailgating,840.0,247,124.0,motorcycle,Inner,0.9632757538423341
Tailgating,840.0,124,356.0,motorcycle,Inner,0.007848695287797854
Tailgating,840.0,352,307.0,motorcycle,Inner,0.012920473781941255
Tailgating,840.0,138,82.0,car,Inner,0.07423573455732818
Tailgating,840.0,16,7.0,car,Outer,0.6701158810777637
Tailgating,840.0,330,237.0,car,Outer,0.024111749182719976
Tailgating,840.0,237,203.0,motorcycle,Outer,0.16257360362576517
Tailgating,840.0,203,260.0,motorcycle,Outer,0.006968495815327381
Tailgating,840.0,260,325.0,motorcycle,Outer,1.94222187168526
Tailgating,841.0,282,247.0,motorcycle,Inner,2.3483433555825224
Tailgating,841.0,247,124.0,motorcycle,Inner,0.9713926600112924
Tailgating,841.0,124,356.0,motorcycle,Inner,0.009429602029200249
Tailgating,841.0,307,352.0,motorcycle,Inner,0.005517088907481491
Tailgating,841.0,352,299.0,motorcycle,Inner,2.258366941412291
Tailgating,841.0,138,82.0,car,Inner,0.06564542146558125
Tailgating,841.0,16,7.0,car,Outer,0.6378130490032987
Tailgating,841.0,330,237.0,car,Outer,0.025269951074192058
Tailgating,841.0,237,203.0,motorcycle,Outer,0.14040351906576062
Tailgating,841.0,203,260.0,motorcycle,Outer,0.006056700339053007
Tailgating,841.0,260,325.0,motorcycle,Outer,1.971491512830118
Tailgating,842.0,282,247.0,motorcycle,Inner,2.351743273825998
Tailgating,842.0,247,124.0,motorcycle,Inner,0.9817664375538657
Tailgating,842.0,124,356.0,motorcycle,Inner,0.0015583403034418243
Tailgating,842.0,307,352.0,motorcycle,Inner,0.028588986818556882
Tailgating,842.0,352,299.0,motorcycle,Inner,2.2461195452096283
Tailgating,842.0,138,82.0,car,Inner,0.05878048076546409
Tailgating,842.0,16,7.0,car,Outer,0.6156023838298449
Tailgating,842.0,330,237.0,car,Outer,0.015340011792010408
Tailgating,842.0,237,203.0,motorcycle,Outer,0.11474032753892671
Tailgating,842.0,203,260.0,motorcycle,Outer,0.0161164259005909
Tailgating,842.0,260,325.0,motorcycle,Outer,2.000888810646134
Tailgating,843.0,282,247.0,motorcycle,Inner,2.3534330972897894
Tailgating,843.0,247,124.0,motorcycle,Inner,0.9755917026388112
Tailgating,843.0,124,356.0,motorcycle,Inner,0.009302019101078104
Tailgating,843.0,307,352.0,motorcycle,Inner,0.05537931013340101
Tailgating,843.0,352,299.0,motorcycle,Inner,2.228823091534177
Tailgating,843.0,138,82.0,car,Inner,0.059659893308882724
Tailgating,843.0,330,237.0,car,Outer,0.016464278551360567
Tailgating,843.0,237,203.0,motorcycle,Outer,0.11272285473210644
Tailgating,843.0,203,260.0,motorcycle,Outer,0.005187302586770614
Tailgating,843.0,260,325.0,motorcycle,Outer,2.0202768048362607
Tailgating,844.0,282,247.0,motorcycle,Inner,2.337002743223923
Tailgating,844.0,247,356.0,motorcycle,Inner,0.9971803558701989
Tailgating,844.0,356,124.0,person,Inner,0.004833405521855444
Tailgating,844.0,307,352.0,motorcycle,Inner,0.06716867709320394
Tailgating,844.0,352,299.0,motorcycle,Inner,2.2173347901653795
Tailgating,844.0,330,237.0,car,Outer,0.016479914308803262
Tailgating,844.0,237,203.0,motorcycle,Outer,0.09056500660316466
Tailgating,844.0,203,260.0,motorcycle,Outer,0.014131578946248719
Tailgating,844.0,260,325.0,motorcycle,Outer,2.0194920602516384
Tailgating,845.0,282,247.0,motorcycle,Inner,2.324450878877311
Tailgating,845.0,247,356.0,motorcycle,Inner,1.0000968328260464
Tailgating,845.0,356,124.0,person,Inner,0.004891628106192818
Tailgating,845.0,71,160.0,car,Inner,0.2608896444307932
Tailgating,845.0,329,307.0,person,Inner,0.5540869415748844
Tailgating,845.0,307,352.0,motorcycle,Inner,0.0983379245033776
Tailgating,845.0,352,299.0,motorcycle,Inner,2.1890302020402586
Tailgating,845.0,325,16.0,car,Outer,3.411861755251948
Tailgating,845.0,240,45.0,car,Outer,0.06974702775146563
Tailgating,845.0,203,260.0,motorcycle,Outer,0.004224676508840872
Tailgating,845.0,260,325.0,motorcycle,Outer,2.0187591754590564
Tailgating,846.0,282,247.0,motorcycle,Inner,2.315518668830325
Tailgating,846.0,247,356.0,motorcycle,Inner,1.0103732322585346
Tailgating,846.0,356,124.0,person,Inner,0.004966314852875816
Tailgating,846.0,71,160.0,car,Inner,0.24679015743792362
Tailgating,846.0,307,352.0,motorcycle,Inner,0.12516850103298416
Tailgating,846.0,352,299.0,motorcycle,Inner,2.163964904764968
Tailgating,846.0,325,16.0,car,Outer,3.392920358975198
Tailgating,846.0,203,260.0,motorcycle,Outer,0.013138652355985577
Tailgating,846.0,260,325.0,motorcycle,Outer,2.027481094432488
Tailgating,847.0,282,247.0,motorcycle,Inner,2.3052605845904353
Tailgating,847.0,247,124.0,motorcycle,Inner,1.0173694326920606
Tailgating,847.0,124,356.0,motorcycle,Inner,0.0013284549512107805
Tailgating,847.0,160,135.0,motorcycle,Inner,1.6400039759483855
Tailgating,847.0,307,352.0,motorcycle,Inner,0.148205387827214
Tailgating,847.0,352,299.0,motorcycle,Inner,2.144524509972768
Tailgating,847.0,325,16.0,car,Outer,3.3836527711670876
Tailgating,847.0,203,260.0,motorcycle,Outer,0.003220905310060731
Tailgating,847.0,260,325.0,motorcycle,Outer,2.0361530926051628
Tailgating,848.0,282,247.0,motorcycle,Inner,2.2910206387075065
Tailgating,848.0,247,356.0,motorcycle,Inner,1.0313269323343328
Tailgating,848.0,356,124.0,person,Inner,0.012801725791514295
Tailgating,848.0,71,160.0,car,Inner,0.3466891976317177
Tailgating,848.0,160,135.0,motorcycle,Inner,1.6114495744423267
Tailgating,848.0,352,299.0,motorcycle,Inner,2.128145754170023
Tailgating,848.0,138,82.0,car,Inner,0.019091876302565043
Tailgating,848.0,203,260.0,motorcycle,Outer,0.003209579441091198
Tailgating,848.0,260,325.0,motorcycle,Outer,2.0446825408002183
Tailgating,849.0,282,247.0,motorcycle,Inner,2.2906408704749825
Tailgating,849.0,160,135.0,motorcycle,Inner,1.5785193317055173
Tailgating,849.0,307,352.0,motorcycle,Inner,0.20407882647917922
Tailgating,849.0,352,299.0,motorcycle,Inner,2.095113706126326
Tailgating,849.0,138,82.0,car,Inner,0.0006688965725736461
Tailgating,849.0,325,361.0,car,Outer,2.2840457429346914
Tailgating,849.0,356,124.0,person,Outer,0.006428765747022886
Tailgating,849.0,124,320.0,motorcycle,Outer,0.3257794946656138
Tailgating,849.0,349,90.0,person,Outer,0.6987638544947495
Tailgating,849.0,203,260.0,motorcycle,Outer,0.003221639024226436
Tailgating,849.0,260,325.0,motorcycle,Outer,2.0433077925464307
Tailgating,850.0,282,247.0,motorcycle,Inner,2.2830087367648533
Tailgating,850.0,160,135.0,motorcycle,Inner,1.5406622285914997
Tailgating,850.0,307,352.0,motorcycle,Inner,0.23097299870393712
Tailgating,850.0,352,299.0,motorcycle,Inner,2.0709854402490526
Tailgating,850.0,124,356.0,motorcycle,Outer,0.0
Tailgating,850.0,356,320.0,person,Outer,0.31614524660747284
Tailgating,850.0,349,90.0,person,Outer,0.6824911211467698
Tailgating,850.0,260,203.0,motorcycle,Outer,0.0067187200550151436
Tailgating,850.0,203,325.0,motorcycle,Outer,2.0526557871348516
Tailgating,851.0,282,247.0,motorcycle,Inner,2.271064418413517
Tailgating,851.0,307,352.0,motorcycle,Inner,0.2578885347718514
Tailgating,851.0,352,299.0,motorcycle,Inner,2.052916887413223
Tailgating,851.0,356,124.0,person,Outer,0.007608913704124552
Tailgating,851.0,124,320.0,motorcycle,Outer,0.3042454827648075
Tailgating,851.0,203,260.0,motorcycle,Outer,0.0032223611331245036
Tailgating,851.0,260,325.0,motorcycle,Outer,2.0710569802395504
Tailgating,852.0,282,247.0,motorcycle,Inner,2.270394444759287
Tailgating,852.0,329,307.0,person,Inner,0.6389548542090838
Tailgating,852.0,307,352.0,motorcycle,Inner,0.2809252593348816
Tailgating,852.0,352,299.0,motorcycle,Inner,2.034702119151721
Tailgating,852.0,16,7.0,car,Outer,0.8602413335512307
Tailgating,852.0,356,124.0,person,Outer,0.029264631561629017
Tailgating,852.0,124,320.0,motorcycle,Outer,0.2899946382027586
Tailgating,852.0,320,365.0,motorcycle,Outer,3.956690290503717
Tailgating,852.0,240,45.0,car,Outer,0.1004846910017472
Tailgating,852.0,262,354.0,motorcycle,Outer,1.865100124796148
Tailgating,852.0,203,260.0,motorcycle,Outer,0.004314157510558433
Tailgating,852.0,260,325.0,motorcycle,Outer,2.099993625482241
Tailgating,853.0,282,247.0,motorcycle,Inner,2.2652786887438183
Tailgating,853.0,307,352.0,motorcycle,Inner,0.30786316573271694
Tailgating,853.0,352,299.0,motorcycle,Inner,2.011325207937279
Tailgating,853.0,16,7.0,car,Outer,0.8734143393111415
Tailgating,853.0,356,124.0,person,Outer,0.03024308928214356
Tailgating,853.0,124,320.0,motorcycle,Outer,0.3012230948046616
Tailgating,853.0,320,365.0,motorcycle,Outer,3.882506178860382
Tailgating,853.0,364,295.0,car,Outer,1.7169964290487094
Tailgating,853.0,262,354.0,motorcycle,Outer,1.8539848938338557
Tailgating,853.0,203,260.0,motorcycle,Outer,0.005414617448472776
Tailgating,853.0,260,325.0,motorcycle,Outer,2.1293398356843607
Tailgating,854.0,282,247.0,motorcycle,Inner,2.2442847526126455
Tailgating,854.0,71,160.0,car,Inner,0.29187440232011275
Tailgating,854.0,160,135.0,motorcycle,Inner,1.6239155501632592
Tailgating,854.0,307,352.0,motorcycle,Inner,0.3308879586802726
Tailgating,854.0,352,299.0,motorcycle,Inner,1.9935895515029571
Tailgating,854.0,16,7.0,car,Outer,0.8811537559037683
Tailgating,854.0,124,320.0,motorcycle,Outer,0.3160165462006345
Tailgating,854.0,320,365.0,motorcycle,Outer,3.804485368332876
Tailgating,854.0,364,295.0,car,Outer,1.6314488334173072
Tailgating,854.0,262,354.0,motorcycle,Outer,1.8555288657670326
Tailgating,854.0,203,260.0,motorcycle,Outer,0.015353990212800648
Tailgating,854.0,260,325.0,motorcycle,Outer,2.1385549034837057
Tailgating,855.0,282,247.0,motorcycle,Inner,2.2295327203495443
Tailgating,855.0,71,160.0,car,Inner,0.2111347194095132
Tailgating,855.0,160,135.0,motorcycle,Inner,1.6647526631346468
Tailgating,855.0,307,352.0,motorcycle,Inner,0.427742550349477
Tailgating,855.0,352,299.0,motorcycle,Inner,1.9840118865775374
Tailgating,855.0,16,7.0,car,Outer,0.8692610955420701
Tailgating,855.0,124,320.0,motorcycle,Outer,0.34084948901782164
Tailgating,855.0,320,365.0,motorcycle,Outer,3.7410344036844463
Tailgating,855.0,203,260.0,motorcycle,Outer,0.015377439267884168
Tailgating,855.0,260,325.0,motorcycle,Outer,2.157871734659795
Tailgating,856.0,282,247.0,motorcycle,Inner,2.203315295866923
Tailgating,856.0,160,135.0,motorcycle,Inner,1.7200386632963152
Tailgating,856.0,307,352.0,motorcycle,Inner,0.49695876472155426
Tailgating,856.0,352,299.0,motorcycle,Inner,1.9754585683488548
Tailgating,856.0,16,7.0,car,Outer,0.8588799882080301
Tailgating,856.0,124,320.0,motorcycle,Outer,0.36500734686606223
Tailgating,856.0,320,365.0,motorcycle,Outer,3.6866758390751575
Tailgating,856.0,203,260.0,motorcycle,Outer,0.015396177362299968
Tailgating,856.0,260,325.0,motorcycle,Outer,2.1771030762977497
Tailgating,857.0,282,247.0,motorcycle,Inner,2.1858133035047342
Tailgating,857.0,160,135.0,motorcycle,Inner,1.7866725877114955
Tailgating,857.0,352,299.0,motorcycle,Inner,1.9668912360519004
Tailgating,857.0,361,16.0,motorcycle,Outer,1.296483581680526
Tailgating,857.0,16,7.0,car,Outer,0.8488944658631986
Tailgating,857.0,124,320.0,motorcycle,Outer,0.37343418095748615
Tailgating,857.0,320,365.0,motorcycle,Outer,3.632838930997877
Tailgating,857.0,240,45.0,car,Outer,0.029877089369018294
Tailgating,857.0,203,260.0,motorcycle,Outer,0.015419289839475547
Tailgating,857.0,260,325.0,motorcycle,Outer,2.1963829459794493
Tailgating,858.0,282,247.0,motorcycle,Inner,2.1660496656709074
Tailgating,858.0,160,135.0,motorcycle,Inner,1.850051124629382
Tailgating,858.0,352,299.0,motorcycle,Inner,1.9690495547732805
Tailgating,858.0,124,320.0,motorcycle,Outer,0.4195266779687285
Tailgating,858.0,320,365.0,motorcycle,Outer,3.572993948000086
Tailgating,858.0,203,260.0,motorcycle,Outer,0.014307171203025996
Tailgating,858.0,260,325.0,motorcycle,Outer,2.2059193149879226
Tailgating,859.0,282,247.0,motorcycle,Inner,2.1495121369767713
Tailgating,859.0,160,135.0,motorcycle,Inner,1.9321299223061634
Tailgating,859.0,352,299.0,motorcycle,Inner,1.9625563105389148
Tailgating,859.0,124,320.0,motorcycle,Outer,0.45947384546890946
Tailgating,859.0,320,365.0,motorcycle,Outer,3.510292540523545
Tailgating,859.0,364,295.0,car,Outer,1.5184945948014674
Tailgating,859.0,203,260.0,motorcycle,Outer,0.0032780854534376434
Tailgating,860.0,160,71.0,motorcycle,Inner,0.0372857688900432
Tailgating,860.0,124,320.0,motorcycle,Outer,0.48627384573826626
Tailgating,860.0,320,365.0,motorcycle,Outer,3.46598149457218
Tailgating,860.0,203,260.0,motorcycle,Outer,0.0021807978420823725
Unsafe Overtaking,19.0,80,81.0,car,Outer,0.09219345804062762
Unsafe Overtaking,20.0,81,80.0,car,Outer,0.08244630405272169
Unsafe Overtaking,40.0,108,14.0,car,Outer,0.001714173120953788
Unsafe Overtaking,68.0,118,11.0,motorcycle,Outer,1.6307244827639984
Unsafe Overtaking,68.0,118,24.0,motorcycle,Outer,1.6648547372835765
Unsafe Overtaking,68.0,11,24.0,motorcycle,Outer,0.034130254519578074
Unsafe Overtaking,71.0,108,14.0,car,Outer,0.01216850976460293
Unsafe Overtaking,72.0,53,31.0,person,Inner,1.452307915181077
Unsafe Overtaking,78.0,130,110.0,car,Inner,2.4798596981948986
Unsafe Overtaking,78.0,10,110.0,car,Inner,2.4798596981948986
Unsafe Overtaking,83.0,24,118.0,motorcycle,Outer,1.275497953330575
Unsafe Overtaking,94.0,108,14.0,car,Outer,0.003278097661315371
Unsafe Overtaking,97.0,147,144.0,person,Outer,1.4003557421023185
Unsafe Overtaking,117.0,10,130.0,car,Inner,0.022354638863587795
Unsafe Overtaking,118.0,112,68.0,person,Inner,0.10630098955777978
Unsafe Overtaking,118.0,130,10.0,car,Inner,0.018067218932431572
Unsafe Overtaking,119.0,10,130.0,car,Inner,0.02235701906345966
Unsafe Overtaking,120.0,130,10.0,car,Inner,0.027045112532112725
Unsafe Overtaking,126.0,60,2.0,car,Outer,0.022096814065312387
Unsafe Overtaking,142.0,130,10.0,car,Inner,0.04071358205075093
Unsafe Overtaking,143.0,10,130.0,car,Inner,0.044687857628030514
Unsafe Overtaking,145.0,91,144.0,person,Outer,0.2641772869684651
Unsafe Overtaking,152.0,14,108.0,car,Outer,0.0882458740460983
Unsafe Overtaking,163.0,108,14.0,car,Outer,0.029397638776783808
Unsafe Overtaking,166.0,151,44.0,motorcycle,Inner,1.7042447758918353
Unsafe Overtaking,168.0,55,5.0,car,Outer,2.5655011881195424
Unsafe Overtaking,173.0,14,108.0,car,Outer,0.08029942794027356
Unsafe Overtaking,179.0,10,130.0,car,Outer,0.013810820699328374
Unsafe Overtaking,183.0,44,124.0,motorcycle,Inner,2.0566468366012822
Unsafe Overtaking,186.0,87,14.0,motorcycle,Outer,0.47507836780999924
Unsafe Overtaking,192.0,87,108.0,motorcycle,Outer,0.5906333049643191
Unsafe Overtaking,214.0,188,172.0,car,Inner,0.02272948637356187
Unsafe Overtaking,218.0,14,108.0,car,Outer,0.04210751796757073
Unsafe Overtaking,221.0,44,151.0,motorcycle,Inner,1.4533051402306922
Unsafe Overtaking,225.0,124,44.0,motorcycle,Inner,0.8200237468830833
Unsafe Overtaking,226.0,151,44.0,motorcycle,Inner,1.468400487876992
Unsafe Overtaking,226.0,44,124.0,motorcycle,Inner,0.8859986212577509
Unsafe Overtaking,227.0,44,151.0,motorcycle,Inner,1.480805979137073
Unsafe Overtaking,227.0,124,112.0,motorcycle,Inner,2.0688133234823516
Unsafe Overtaking,227.0,10,130.0,car,Outer,0.013990776121550752
Unsafe Overtaking,228.0,151,44.0,motorcycle,Inner,1.4808104166113836
Unsafe Overtaking,229.0,130,10.0,car,Outer,0.008006397039098445
Unsafe Overtaking,230.0,124,151.0,motorcycle,Inner,2.641684362981146
Unsafe Overtaking,230.0,44,151.0,motorcycle,Inner,1.5152864939911677
Unsafe Overtaking,230.0,124,44.0,motorcycle,Inner,1.1263978689899785
Unsafe Overtaking,231.0,151,44.0,motorcycle,Inner,1.524853573993182
Unsafe Overtaking,233.0,172,188.0,car,Inner,0.024210475334509596
Unsafe Overtaking,242.0,10,130.0,car,Outer,0.060421644934818275
Unsafe Overtaking,248.0,130,10.0,car,Outer,0.018486423828742105
Unsafe Overtaking,249.0,153,68.0,person,Inner,1.2587536736653755
Unsafe Overtaking,251.0,188,172.0,car,Inner,0.009569235169833767
Unsafe Overtaking,253.0,172,188.0,car,Inner,0.01240876677608238
Unsafe Overtaking,255.0,185,207.0,person,Inner,0.08528406259645749
Unsafe Overtaking,259.0,71,160.0,car,Inner,0.11304500201600831
Unsafe Overtaking,260.0,10,130.0,car,Outer,0.006386518395537166
Unsafe Overtaking,262.0,188,172.0,car,Inner,0.007244707114082871
Unsafe Overtaking,273.0,172,188.0,car,Inner,0.009794948835779138
Unsafe Overtaking,289.0,53,82.0,person,Inner,0.4824716532906219
Unsafe Overtaking,293.0,172,188.0,car,Inner,0.011268344240241035
Unsafe Overtaking,294.0,188,172.0,car,Inner,0.019822681233943484
Unsafe Overtaking,295.0,172,188.0,car,Inner,0.021126914078422487
Unsafe Overtaking,296.0,188,172.0,car,Inner,0.029759682871446813
Unsafe Overtaking,297.0,172,188.0,car,Inner,0.02107906542469351
Unsafe Overtaking,298.0,188,172.0,car,Inner,0.019855436680334293
Unsafe Overtaking,299.0,172,188.0,car,Inner,0.021032120761407924
Unsafe Overtaking,300.0,188,172.0,car,Inner,0.029805069963360964
Unsafe Overtaking,305.0,172,188.0,car,Inner,0.020889291655848297
Unsafe Overtaking,307.0,71,31.0,car,Inner,2.3071955988960546
Unsafe Overtaking,308.0,206,68.0,motorcycle,Inner,1.6854346010075307
Unsafe Overtaking,308.0,71,22.0,car,Inner,1.1900419031711387
Unsafe Overtaking,310.0,71,138.0,car,Inner,1.0676501425184197
Unsafe Overtaking,316.0,85,206.0,motorcycle,Inner,1.0018273054006954
Unsafe Overtaking,343.0,160,22.0,motorcycle,Inner,1.364598785243155
Unsafe Overtaking,349.0,206,201.0,motorcycle,Outer,2.9713546621756137
Unsafe Overtaking,373.0,71,138.0,car,Inner,1.0968376603908325
Unsafe Overtaking,373.0,71,22.0,car,Inner,1.0959101321184574
Unsafe Overtaking,379.0,9,160.0,person,Inner,2.46268640300457
Unsafe Overtaking,389.0,193,124.0,car,Inner,1.122364911992376
Unsafe Overtaking,452.0,226,124.0,person,Inner,1.2513788014808016
Unsafe Overtaking,456.0,9,31.0,person,Inner,2.102817228948185
Unsafe Overtaking,457.0,265,247.0,person,Outer,0.044590575158720114
Unsafe Overtaking,468.0,231,90.0,car,Outer,0.1587556634887779
Unsafe Overtaking,472.0,231,86.0,car,Outer,2.7760815680116746
Unsafe Overtaking,481.0,237,254.0,motorcycle,Inner,3.0012315781822076
Unsafe Overtaking,483.0,213,254.0,person,Inner,3.247768243934323
Unsafe Overtaking,484.0,252,226.0,person,Inner,1.2258437487724239
Unsafe Overtaking,485.0,237,213.0,motorcycle,Inner,0.09218066506273281
Unsafe Overtaking,485.0,250,226.0,motorcycle,Inner,1.2146734492856393
Unsafe Overtaking,488.0,213,237.0,person,Inner,0.029472825414858406
Unsafe Overtaking,494.0,237,213.0,motorcycle,Inner,0.33861184417351
Unsafe Overtaking,495.0,274,226.0,motorcycle,Inner,0.03140670329626882
Unsafe Overtaking,508.0,250,252.0,motorcycle,Inner,0.022173722501205084
Unsafe Overtaking,511.0,252,250.0,person,Inner,0.013899611747352658
Unsafe Overtaking,512.0,250,252.0,motorcycle,Inner,0.008238691650145569
Unsafe Overtaking,532.0,272,284.0,motorcycle,Inner,0.019133476238310188
Unsafe Overtaking,539.0,171,226.0,car,Inner,2.5903485376271904
Unsafe Overtaking,539.0,278,283.0,person,Inner,0.05889992661904486
Unsafe Overtaking,542.0,226,204.0,person,Inner,0.9766466961362488
Unsafe Overtaking,545.0,273,284.0,motorcycle,Inner,0.012987062642358715
Unsafe Overtaking,553.0,171,204.0,car,Inner,1.696406201075173
Unsafe Overtaking,554.0,250,252.0,motorcycle,Outer,0.07528413465425565
Unsafe Overtaking,560.0,250,278.0,motorcycle,Inner,0.046912377117534376
Unsafe Overtaking,561.0,247,213.0,motorcycle,Inner,1.8214173763049155
Unsafe Overtaking,566.0,171,180.0,car,Inner,0.4387647289526422
Unsafe Overtaking,567.0,180,204.0,motorcycle,Inner,1.0847301353053123
Unsafe Overtaking,570.0,20,294.0,car,Inner,0.008693468330336351
Unsafe Overtaking,574.0,204,180.0,motorcycle,Inner,1.1635612933358601
Unsafe Overtaking,580.0,282,132.0,motorcycle,Inner,1.2799482459076605
Unsafe Overtaking,584.0,268,274.0,motorcycle,Inner,0.04921550810759001
Unsafe Overtaking,620.0,237,82.0,motorcycle,Inner,3.2153311941860503
Unsafe Overtaking,623.0,171,260.0,car,Inner,2.882016415853565
Unsafe Overtaking,625.0,20,294.0,car,Inner,0.005587351540544461
Unsafe Overtaking,628.0,294,20.0,car,Inner,0.008279102991213705
Unsafe Overtaking,631.0,20,294.0,car,Inner,0.013896782675331565
Unsafe Overtaking,632.0,294,20.0,car,Inner,0.016511525814991046
Unsafe Overtaking,634.0,237,132.0,motorcycle,Inner,1.3225887561433645
Unsafe Overtaking,635.0,171,5.0,car,Outer,2.8371718978328335
Unsafe Overtaking,647.0,294,20.0,car,Inner,0.005784474881293633
Unsafe Overtaking,649.0,287,260.0,motorcycle,Inner,2.185354483955055
Unsafe Overtaking,649.0,20,294.0,car,Inner,0.008144600812869385
Unsafe Overtaking,651.0,295,283.0,person,Inner,0.48751491500472177
Unsafe Overtaking,653.0,274,268.0,motorcycle,Inner,0.007458091007809031
Unsafe Overtaking,654.0,295,278.0,person,Inner,0.5024936843960308
Unsafe Overtaking,657.0,274,278.0,motorcycle,Inner,1.4098365200982883
Unsafe Overtaking,657.0,268,278.0,motorcycle,Inner,1.4098365200982883
Unsafe Overtaking,657.0,274,283.0,motorcycle,Inner,1.3533285812002287
Unsafe Overtaking,657.0,268,283.0,motorcycle,Inner,1.3533285812002287
Unsafe Overtaking,657.0,20,294.0,car,Outer,0.013967055401128192
Unsafe Overtaking,658.0,294,20.0,car,Outer,0.008087789346092222
Unsafe Overtaking,663.0,180,171.0,motorcycle,Outer,1.1138557778241118
Unsafe Overtaking,669.0,274,268.0,motorcycle,Inner,0.021230510458210006
Unsafe Overtaking,683.0,268,274.0,motorcycle,Inner,0.01412295317925949
Unsafe Overtaking,683.0,55,320.0,car,Outer,0.8891650779717093
Unsafe Overtaking,687.0,274,268.0,motorcycle,Inner,0.021646885861779097
Unsafe Overtaking,688.0,268,274.0,motorcycle,Inner,0.01410504084466524
Unsafe Overtaking,690.0,282,68.0,motorcycle,Outer,0.2638435423453025
Unsafe Overtaking,708.0,295,301.0,person,Inner,1.3875520672817778
Unsafe Overtaking,710.0,32,16.0,person,Outer,2.785752521219127
Unsafe Overtaking,711.0,32,300.0,person,Outer,0.02638921535103833
Unsafe Overtaking,716.0,287,5.0,motorcycle,Outer,2.194779255951527
Unsafe Overtaking,717.0,301,278.0,motorcycle,Inner,1.5031108836948386
Unsafe Overtaking,717.0,301,283.0,motorcycle,Inner,1.4958004211141782
Unsafe Overtaking,725.0,203,330.0,motorcycle,Inner,0.039752457354131465
Unsafe Overtaking,733.0,295,308.0,person,Inner,1.3681138675875824
Unsafe Overtaking,734.0,278,299.0,person,Inner,1.6281524028410468
Unsafe Overtaking,736.0,283,299.0,motorcycle,Inner,1.579444114189129
Unsafe Overtaking,747.0,237,68.0,motorcycle,Outer,0.047769720463566756
Unsafe Overtaking,749.0,308,278.0,motorcycle,Inner,1.2868972490895434
Unsafe Overtaking,750.0,295,300.0,person,Inner,1.9199175884384099
Unsafe Overtaking,750.0,308,283.0,motorcycle,Inner,1.247497745129536
Unsafe Overtaking,755.0,295,124.0,person,Inner,1.805452509069645
Unsafe Overtaking,760.0,203,330.0,motorcycle,Inner,0.019813747967953432
Unsafe Overtaking,764.0,320,333.0,motorcycle,Outer,0.8966970514479229
Unsafe Overtaking,765.0,295,282.0,person,Inner,1.453560243258254
Unsafe Overtaking,765.0,338,22.0,car,Inner,0.09962789640718661
Unsafe Overtaking,766.0,124,300.0,motorcycle,Inner,3.0130701744695907
Unsafe Overtaking,773.0,320,262.0,motorcycle,Outer,1.0187045460477187
Unsafe Overtaking,774.0,7,188.0,car,Outer,0.3560110313471423
Unsafe Overtaking,779.0,203,237.0,motorcycle,Outer,2.453667640455004
Unsafe Overtaking,780.0,124,283.0,motorcycle,Inner,1.5209045504636958
Unsafe Overtaking,781.0,124,278.0,motorcycle,Inner,1.4064585357383894
Unsafe Overtaking,784.0,330,237.0,car,Outer,2.3942393228046246
Unsafe Overtaking,793.0,295,260.0,person,Inner,0.2890398600519575
Unsafe Overtaking,808.0,71,338.0,car,Inner,0.9616003868033509
Unsafe Overtaking,808.0,71,22.0,car,Inner,0.9616003868033509
Unsafe Overtaking,817.0,124,299.0,motorcycle,Inner,0.49831334415956263
Unsafe Overtaking,817.0,352,329.0,motorcycle,Inner,1.5781314794686807
Unsafe Overtaking,821.0,306,56.0,motorcycle,Inner,3.1964032988118776
Unsafe Overtaking,830.0,203,260.0,motorcycle,Outer,0.017222023601917158
Unsafe Overtaking,840.0,260,203.0,motorcycle,Outer,0.06965228322867922
Unsafe Overtaking,841.0,352,307.0,motorcycle,Inner,1.7810025206951083
Unsafe Overtaking,844.0,124,356.0,motorcycle,Inner,0.021832045726506877
Unsafe Overtaking,847.0,356,124.0,person,Inner,0.014079602562965476
Unsafe Overtaking,848.0,124,356.0,motorcycle,Inner,0.015366064437097648
Unsafe Overtaking,850.0,138,82.0,car,Inner,0.13206285974672305
Unsafe Overtaking,850.0,203,260.0,motorcycle,Outer,0.030900791009797146
Unsafe Overtaking,851.0,260,203.0,motorcycle,Outer,0.029826438044247894
