frame,track_id,class_name,x1,y1,x2,y2,center_x,center_y,world_x,world_y,confidence,velocity_ms
0,1,person,1385.25,433.26,1399.54,465.32,1392.39,449.29,69.6197,22.4647,0.7038,0.0
0,2,person,1360.33,432.64,1372.59,458.33,1366.46,445.49,68.3229,22.2745,0.6008,0.0
0,3,person,1322.04,435.92,1334.15,463.18,1328.1,449.55,66.4048,22.4776,0.5284,0.0
0,4,person,889.25,438.1,897.99,460.17,893.62,449.14,44.6811,22.4568,0.528,0.0
0,5,person,721.31,614.55,731.19,637.92,726.25,626.23,36.3127,31.3116,0.5276,0.0
0,6,person,801.32,432.27,810.82,454.2,806.07,443.23,40.3036,22.1615,0.5071,0.0
0,7,car,937.44,971.27,989.17,1008.86,963.31,990.07,48.1654,49.5033,0.6153,0.0
0,8,car,542.78,512.16,597.05,559.01,569.92,535.59,28.4958,26.7793,0.8435,0.0
0,9,car,636.28,693.39,676.64,745.04,656.46,719.22,32.823,35.9608,0.7939,0.0
0,10,car,751.51,664.58,786.56,699.91,769.04,682.25,38.4519,34.1123,0.7767,0.0
0,11,car,319.16,535.76,379.77,575.19,349.46,555.48,17.4732,27.7739,0.6356,0.0
0,12,car,406.41,521.52,467.06,574.33,436.73,547.93,21.8367,27.3963,0.6335,0.0
0,13,truck,1186.47,930.97,1338.04,1079.43,1262.25,1005.2,63.1127,50.26,0.5988,0.0
0,14,car,610.2,349.5,637.98,414.03,624.09,381.77,31.2047,19.0883,0.5877,0.0
0,15,car,706.59,733.82,735.46,772.63,721.02,753.23,36.0512,37.6613,0.5321,0.0
0,16,car,395.18,795.0,428.71,856.25,411.95,825.63,20.5973,41.2815,0.5296,0.0
0,17,car,1120.81,683.89,1151.39,741.02,1136.1,712.45,56.8049,35.6226,0.5001,0.0
1,1,person,1385.11,433.38,1399.47,465.15,1392.34,449.28,69.6171,22.464,0.6918,0.082
1,2,person,1360.28,432.21,1372.86,458.42,1366.51,445.4,68.3257,22.2701,0.6848,0.1544
1,3,person,1321.95,435.85,1334.32,463.06,1328.12,449.5,66.4058,22.4751,0.5375,0.0795
1,4,person,889.34,438.12,897.94,460.52,893.63,449.23,44.6815,22.4614,0.4964,0.1386
1,5,person,716.53,614.36,731.06,638.28,725.02,626.27,36.2512,31.3137,0.548,1.8454
1,6,person,800.35,432.1,810.42,454.44,805.73,443.25,40.2865,22.1626,0.5166,0.5159
1,7,car,937.18,971.39,989.11,1008.8,963.23,990.08,48.1613,49.504,0.6164,0.1222
1,8,car,542.55,511.46,600.56,558.87,570.74,535.37,28.5368,26.7687,0.8064,1.2688
1,9,car,636.8,693.15,676.75,744.85,656.62,719.11,32.8308,35.9554,0.7836,0.2837
1,10,car,751.55,664.67,786.69,699.92,769.08,682.27,38.454,34.1136,0.7717,0.0757
1,11,car,319.83,535.88,380.72,575.23,349.87,555.52,17.4935,27.7758,0.6721,0.6103
1,12,car,407.0,522.75,468.91,574.59,437.34,548.3,21.8672,27.415,0.6051,1.0733
1,13,truck,1186.12,930.9,1337.84,1079.49,1262.12,1005.2,63.1058,50.26,0.5513,0.2066
1,14,car,610.47,349.5,638.12,413.97,624.19,381.75,31.2097,19.0875,0.571,0.1536
1,15,car,706.67,733.77,735.56,772.89,721.07,753.28,36.0535,37.6639,0.5274,0.103
1,16,car,395.25,794.9,428.54,856.3,411.92,825.61,20.596,41.2807,0.5221,0.0458
1,17,car,1120.89,683.95,1151.47,740.93,1136.14,712.44,56.8069,35.6222,0.4964,0.062
1,18,car,626.55,626.86,662.25,667.15,644.4,647.0,32.2201,32.3501,0.5382,0.0
1,19,car,758.99,246.44,784.42,287.9,771.71,267.17,38.5854,13.3584,0.5035,0.0
2,1,person,1385.29,433.2,1399.51,464.49,1392.36,449.13,69.6181,22.4567,0.6553,0.2198
2,2,person,1360.14,432.19,1373.04,458.45,1366.54,445.38,68.327,22.2688,0.6603,0.056
2,3,person,1321.97,435.87,1334.43,463.02,1328.14,449.48,66.4072,22.4742,0.5131,0.0508
2,4,person,889.47,438.25,898.63,460.71,893.77,449.31,44.6885,22.4656,0.4788,0.2437
2,5,person,716.19,614.21,730.99,639.32,724.55,626.44,36.2273,31.3218,0.5076,0.7577
2,6,person,799.76,432.61,810.59,454.6,805.54,443.37,40.2772,22.1685,0.4963,0.3292
2,7,car,937.15,971.42,989.08,1008.95,963.19,990.12,48.1595,49.5058,0.6197,0.0785
2,8,car,545.17,510.68,599.92,558.47,571.34,535.11,28.5669,26.7554,0.773,0.9885
2,9,car,636.88,693.23,676.68,744.86,656.67,719.09,32.8336,35.9543,0.7733,0.0887
2,10,car,751.57,664.77,786.68,699.91,769.1,682.3,38.4548,34.1148,0.7759,0.0415
2,11,car,319.42,504.28,381.72,575.46,350.1,550.3,17.5052,27.515,0.6555,7.8335
2,12,car,408.66,521.12,469.77,574.08,437.97,548.07,21.8985,27.4033,0.6036,0.9996
2,13,truck,1185.96,931.33,1338.17,1079.5,1262.1,1005.27,63.105,50.2636,0.5509,0.1101
2,14,car,610.28,349.7,638.21,414.36,624.21,381.84,31.2105,19.0921,0.5299,0.1417
2,15,car,706.55,733.69,735.63,772.72,721.08,753.25,36.0538,37.6627,0.5301,0.0373
2,16,car,395.3,795.0,428.47,856.24,411.91,825.62,20.5954,41.2808,0.5119,0.0173
2,17,car,1120.86,683.9,1151.54,741.07,1136.16,712.46,56.808,35.6228,0.4905,0.0357
2,18,car,626.78,626.69,662.32,667.06,644.48,646.94,32.2238,32.347,0.4893,0.145
2,19,car,759.22,246.65,784.6,288.08,771.81,267.27,38.5904,13.3633,0.5124,0.2092
2,20,motorcycle,1077.49,728.78,1093.13,755.79,1085.31,742.28,54.2655,37.1141,0.5098,0.0
2,21,car,587.9,411.94,623.17,474.23,605.53,443.08,30.2767,22.1542,0.5734,0.0
3,1,person,1386.05,433.37,1399.26,461.29,1392.44,448.68,69.6218,22.4342,0.6695,0.6866
3,2,person,1360.19,432.11,1372.76,458.37,1366.52,445.34,68.3262,22.2671,0.5625,0.057
3,3,person,1322.09,436.05,1334.42,463.09,1328.17,449.5,66.4086,22.4752,0.4889,0.0523
3,4,person,889.92,438.47,898.98,461.09,893.94,449.43,44.697,22.4714,0.537,0.3095
3,5,person,715.79,613.76,731.18,639.67,724.28,626.51,36.2141,31.3253,0.5358,0.4095
3,6,person,794.83,429.75,810.48,454.81,804.82,443.1,40.2411,22.1549,0.5172,1.1573
3,7,car,937.16,971.54,989.08,1009.21,963.17,990.18,48.1586,49.5091,0.6895,0.1008
3,8,car,546.52,509.66,600.96,558.03,571.94,534.79,28.5969,26.7397,0.798,1.0173
3,9,car,636.7,693.34,676.72,744.86,656.68,719.09,32.834,35.9545,0.802,0.0147
3,10,car,751.5,664.77,786.68,699.9,769.09,682.31,38.4547,34.1153,0.7914,0.0155
3,11,car,319.3,524.89,382.35,575.68,350.28,550.3,17.5142,27.5148,0.5832,0.27
3,12,car,410.01,520.58,469.08,573.82,438.36,547.85,21.9182,27.3925,0.6613,0.6749
3,14,car,610.27,349.91,638.32,417.89,624.23,382.36,31.2116,19.1179,0.4662,0.7726
3,15,car,706.66,733.72,735.52,772.61,721.08,753.23,36.0541,37.6616,0.5474,0.0339
3,16,car,395.33,794.8,428.55,856.26,411.92,825.59,20.5958,41.2797,0.5214,0.0346
3,17,car,1120.84,683.87,1151.36,741.75,1136.14,712.54,56.8072,35.6272,0.5073,0.1337
3,18,car,627.0,626.79,662.35,667.31,644.54,646.98,32.2271,32.3488,0.5591,0.1139
3,19,car,759.7,246.07,784.01,287.28,771.82,267.07,38.5912,13.3534,0.4067,0.2962
4,1,person,1386.38,433.24,1399.21,459.76,1392.51,448.25,69.6254,22.4123,0.7045,0.6633
4,2,person,1360.32,432.33,1372.87,458.32,1366.54,445.34,68.3269,22.2669,0.5795,0.022
4,3,person,1322.13,436.17,1334.37,462.99,1328.19,449.52,66.4093,22.476,0.5383,0.0321
4,4,person,886.11,438.79,898.95,464.93,893.66,449.91,44.6829,22.4957,0.5481,0.8445
4,5,person,720.18,614.01,731.29,638.92,724.57,626.5,36.2286,31.3249,0.5086,0.4368
4,6,person,793.28,428.68,810.37,454.88,804.22,442.83,40.2111,22.1417,0.5055,0.9818
4,7,car,937.52,971.55,989.03,1009.61,963.19,990.26,48.1597,49.5131,0.6399,0.1234
4,8,car,545.99,509.18,603.32,557.67,572.48,534.52,28.6241,26.726,0.8409,0.9117
4,9,car,636.25,693.59,676.67,744.97,656.64,719.13,32.8318,35.9564,0.7779,0.0882
4,10,car,751.47,664.65,786.58,699.98,769.08,682.31,38.4541,34.1153,0.8104,0.0197
4,11,car,319.9,508.18,382.91,575.6,350.51,548.61,17.5254,27.4307,0.5811,2.544
4,12,car,410.3,522.96,468.3,573.79,438.55,547.96,21.9275,27.3978,0.6907,0.321
4,14,car,610.26,349.98,638.35,419.64,624.25,382.85,31.2123,19.1424,0.5377,0.7368
4,15,car,706.6,733.75,735.42,770.39,721.07,753.0,36.0533,37.65,0.5426,0.3489
4,16,car,395.33,795.32,428.63,856.12,411.93,825.62,20.5965,41.281,0.515,0.0423
4,17,car,1120.74,683.9,1151.31,741.63,1136.12,712.59,56.806,35.6294,0.5358,0.0738
4,18,car,626.88,626.98,662.63,667.57,644.6,647.05,32.2298,32.3526,0.5268,0.1377
4,19,car,759.64,245.55,784.35,287.09,771.87,266.88,38.5933,13.3441,0.4541,0.2864
4,20,motorcycle,1078.49,731.95,1093.29,759.25,1085.6,743.94,54.28,37.1971,0.414,2.5272
4,21,car,588.09,412.29,623.24,473.74,605.6,443.05,30.28,22.1524,0.5764,0.1138
5,1,person,1386.68,433.43,1399.11,458.67,1392.57,447.88,69.6286,22.394,0.7049,0.5576
5,2,person,1360.41,432.51,1372.48,458.29,1366.52,445.35,68.3261,22.2675,0.6262,0.0285
5,3,person,1322.21,436.18,1334.36,463.11,1328.2,449.54,66.4101,22.477,0.4964,0.0397
5,4,person,888.36,438.93,899.28,463.89,893.69,450.16,44.6843,22.5082,0.4996,0.3758
5,5,person,722.0,614.25,731.26,638.88,724.91,626.51,36.2457,31.3254,0.6021,0.5139
5,6,person,792.56,427.83,810.25,454.97,803.75,442.6,40.1877,22.1298,0.431,0.79
5,7,car,937.61,971.47,989.05,1009.76,963.22,990.32,48.1608,49.516,0.5893,0.0948
5,8,car,547.91,509.05,603.77,557.44,573.04,534.31,28.6521,26.7154,0.854,0.898
5,9,car,636.42,693.9,676.63,745.08,656.62,719.19,32.8309,35.9594,0.8091,0.0947
5,10,car,751.43,664.64,786.57,700.07,769.07,682.31,38.4534,34.1157,0.8308,0.0234
5,11,car,321.75,523.35,383.24,575.43,350.84,548.74,17.542,27.4372,0.6774,0.5333
5,12,car,411.33,523.82,469.91,573.94,438.9,548.11,21.9448,27.4054,0.7018,0.566
5,14,car,610.21,349.99,638.37,419.09,624.25,383.13,31.2127,19.1565,0.6184,0.4226
5,15,car,706.4,733.86,735.57,771.43,721.05,752.94,36.0526,37.647,0.5632,0.0918
5,16,car,395.36,795.47,428.77,856.11,411.95,825.65,20.5976,41.2824,0.5635,0.0542
5,17,car,1120.74,683.89,1151.47,741.82,1136.12,712.63,56.8059,35.6316,0.5711,0.0666
5,18,car,626.81,626.81,662.72,667.69,644.63,647.09,32.2315,32.3546,0.5338,0.0777
5,19,car,759.91,245.74,783.71,287.12,771.85,266.79,38.5927,13.3396,0.4545,0.1367
5,20,motorcycle,1078.79,734.23,1093.47,761.08,1085.78,745.18,54.2888,37.259,0.3243,1.8747
5,21,car,588.75,412.34,623.29,473.98,605.74,443.09,30.2869,22.1543,0.5227,0.2157
5,22,person,1047.33,462.61,1060.46,486.81,1053.9,474.71,52.6948,23.7353,0.5244,0.0
5,23,motorcycle,1383.14,452.54,1406.06,477.97,1394.6,465.25,69.7299,23.2627,0.5394,0.0
5,25,car,738.43,568.76,768.25,613.82,753.34,591.29,37.667,29.5645,0.534,0.0
5,13,truck,1186.46,931.42,1338.03,1079.44,1262.14,1005.31,63.1069,50.2656,0.5547,0.0818
6,1,person,1386.8,433.54,1399.04,457.91,1392.62,447.57,69.6311,22.3786,0.6598,0.4677
6,2,person,1360.42,432.88,1372.15,458.27,1366.49,445.38,68.3244,22.2691,0.5936,0.0697
6,3,person,1322.27,436.38,1334.35,463.41,1328.22,449.59,66.4109,22.4796,0.4359,0.0797
6,4,person,889.55,439.05,899.62,463.66,893.81,450.33,44.6907,22.5167,0.4975,0.3196
6,5,person,719.35,614.69,731.18,639.83,724.97,626.62,36.2483,31.3308,0.6186,0.1774
6,6,person,792.0,427.21,809.98,455.11,803.36,442.39,40.1679,22.1195,0.402,0.6671
6,7,car,937.62,971.35,989.05,1009.61,963.23,990.34,48.1617,49.5172,0.6656,0.0429
6,8,car,548.72,508.9,604.77,557.41,573.57,534.14,28.6785,26.7072,0.8465,0.8313
6,9,car,636.48,694.08,676.66,745.11,656.61,719.25,32.8305,35.9623,0.7931,0.0874
6,10,car,751.43,664.66,786.62,700.07,769.06,682.32,38.4531,34.1161,0.8002,0.014
6,11,car,322.89,530.84,383.78,575.38,351.2,549.37,17.5598,27.4683,0.5922,1.0775
6,12,car,411.86,523.18,470.99,574.02,439.26,548.18,21.9628,27.409,0.6764,0.5522
6,14,car,610.28,350.03,638.32,418.23,624.26,383.27,31.213,19.1636,0.7171,0.2142
6,15,car,706.32,733.88,735.39,769.02,721.02,752.73,36.0512,37.6364,0.5351,0.3222
6,16,car,395.29,795.45,429.05,856.15,411.98,825.67,20.5992,41.2835,0.5496,0.0573
6,17,car,1120.73,683.91,1151.4,742.09,1136.11,712.69,56.8055,35.6343,0.5776,0.0802
6,18,car,626.73,626.88,663.61,667.63,644.72,647.12,32.236,32.3559,0.5627,0.1414
6,19,car,759.75,245.89,783.98,287.11,771.86,266.74,38.5928,13.3372,0.4695,0.073
6,20,motorcycle,1078.8,735.68,1093.6,762.61,1085.88,746.17,54.2941,37.3086,0.4005,1.4954
6,21,car,588.34,412.12,623.2,474.38,605.75,443.13,30.2874,22.1563,0.5672,0.064
6,22,person,1049.66,463.01,1060.64,487.04,1054.52,474.87,52.7262,23.7433,0.4,0.9722
6,23,motorcycle,1382.46,451.8,1405.37,477.91,1394.26,465.05,69.7129,23.2527,0.5279,0.5917
6,25,car,737.25,567.88,767.33,616.86,752.81,591.83,37.6406,29.5916,0.4731,1.1342
6,26,person,560.0,573.62,567.96,593.27,563.98,583.45,28.199,29.1723,0.6088,0.0
6,27,car,1157.76,969.97,1179.85,990.31,1168.8,980.14,58.4401,49.0072,0.5428,0.0
6,28,car,548.59,509.21,604.65,554.63,576.62,531.92,28.831,26.5962,0.5125,0.0
6,29,motorcycle,647.31,331.56,658.21,362.56,652.76,347.06,32.638,17.353,0.4685,0.0
6,30,motorcycle,1339.71,441.2,1356.12,458.5,1347.92,449.85,67.3959,22.4926,0.3686,0.0
6,13,truck,1186.55,931.47,1338.39,1079.49,1262.2,1005.35,63.1102,50.2673,0.5796,0.1125
7,1,person,1386.87,433.78,1399.07,457.95,1392.7,447.08,69.6352,22.3542,0.6811,0.7449
7,2,person,1360.39,433.01,1372.38,458.33,1366.48,445.41,68.3239,22.2703,0.6399,0.0415
7,3,person,1322.28,436.48,1334.37,463.52,1328.25,449.66,66.4125,22.4828,0.4666,0.1076
7,4,person,887.2,439.07,900.07,464.73,893.81,450.73,44.6907,22.5364,0.4672,0.5917
7,5,person,718.28,615.12,731.04,640.42,724.74,626.84,36.2369,31.3418,0.4779,0.4741
7,6,person,791.55,426.85,809.76,455.16,802.58,442.07,40.1292,22.1036,0.4235,1.2556
7,7,car,937.65,971.33,989.27,1009.4,963.25,990.39,48.1627,49.5193,0.6365,0.0713
7,8,car,549.63,508.74,605.92,557.21,574.69,533.77,28.7347,26.6885,0.7948,1.7752
7,9,car,636.64,694.09,676.62,745.14,656.64,719.3,32.8318,35.9652,0.7773,0.094
7,10,car,751.49,664.7,786.64,700.16,769.07,682.35,38.4533,34.1174,0.7989,0.0402
7,11,car,323.06,534.35,384.68,575.25,351.82,549.27,17.5912,27.4635,0.6019,0.9542
7,12,car,412.22,529.16,470.95,575.05,439.95,548.78,21.9975,27.4388,0.6977,1.3724
7,14,car,610.33,349.98,638.29,417.04,624.29,383.52,31.2146,19.1761,0.6414,0.3774
7,15,car,706.31,733.95,735.28,768.19,720.99,752.42,36.0496,37.621,0.5226,0.4652
7,16,car,395.26,795.53,429.2,856.26,412.02,825.71,20.6012,41.2854,0.5895,0.0835
7,17,car,1120.67,684.01,1151.7,742.32,1136.12,712.79,56.8062,35.6394,0.5389,0.1544
7,18,car,626.48,627.0,663.94,667.6,644.79,647.14,32.2395,32.3572,0.5315,0.1131
7,19,car,759.43,246.09,784.78,287.29,771.89,266.74,38.5946,13.3368,0.4611,0.0547
7,20,motorcycle,1079.25,737.21,1093.86,764.35,1086.02,747.09,54.3008,37.3547,0.364,1.3974
7,21,car,588.1,411.84,623.41,474.45,605.75,443.13,30.2874,22.1565,0.4212,0.0052
7,22,person,1050.12,462.67,1060.84,487.11,1054.84,474.87,52.7421,23.7437,0.4655,0.4778
7,23,motorcycle,1382.2,450.97,1405.1,477.77,1394.06,464.82,69.7028,23.2412,0.5394,0.4585
7,25,car,736.28,566.89,766.46,616.88,752.33,591.85,37.6166,29.5925,0.5411,0.7226
7,26,person,560.31,573.36,568.12,593.62,564.1,583.47,28.2049,29.1734,0.4636,0.1805
7,27,car,1157.71,970.08,1179.74,990.44,1168.76,980.2,58.4382,49.01,0.5268,0.1029
7,28,car,549.39,509.0,606.01,554.45,577.16,531.82,28.8579,26.5912,0.5446,0.8197
7,29,motorcycle,647.33,330.11,658.34,361.55,652.8,346.45,32.6399,17.3223,0.4962,0.9232
7,30,motorcycle,1339.72,441.1,1356.13,458.58,1347.92,449.85,67.396,22.4923,0.4068,0.0085
7,13,truck,1186.6,931.38,1338.63,1079.49,1262.27,1005.36,63.1136,50.268,0.5676,0.1054
7,31,person,706.62,676.01,720.04,702.77,713.33,689.39,35.6665,34.4694,0.4892,0.0
7,32,person,1027.39,592.04,1039.68,617.49,1033.53,604.77,51.6767,30.2383,0.5728,0.0
7,33,car,1120.8,683.91,1151.38,742.05,1136.09,712.98,56.8047,35.6491,0.494,0.0
7,34,car,609.41,301.62,633.9,367.01,621.65,334.32,31.0827,16.7158,0.4483,0.0
8,1,person,1386.87,433.72,1398.97,458.86,1392.79,446.66,69.6397,22.3329,0.7069,0.6519
8,2,person,1360.4,433.18,1372.17,458.36,1366.44,445.47,68.3218,22.2736,0.6382,0.1147
8,3,person,1322.33,436.34,1334.38,463.53,1328.28,449.72,66.4141,22.4862,0.4901,0.1129
8,4,person,889.1,439.68,900.45,464.94,893.98,451.16,44.6988,22.5578,0.4181,0.6854
8,5,person,718.14,615.31,731.05,640.13,724.85,627.04,36.2426,31.3518,0.6071,0.3461
8,6,person,791.38,426.8,809.48,455.29,801.88,441.75,40.0938,22.0877,0.3549,1.1636
8,7,car,937.69,971.36,989.28,1009.26,963.3,990.42,48.1652,49.5208,0.6428,0.0865
8,8,car,551.52,508.33,606.08,556.3,575.73,533.36,28.7864,26.6682,0.7541,1.6674
8,9,car,636.76,694.16,676.6,745.05,656.62,719.39,32.8311,35.9695,0.7809,0.1303
8,10,car,751.5,664.72,786.68,700.17,769.06,682.37,38.4531,34.1184,0.7963,0.0321
8,11,car,323.64,536.5,385.22,575.28,352.42,549.32,17.6209,27.4659,0.5623,0.8931
8,12,car,413.38,526.9,471.09,574.54,440.56,549.07,22.028,27.4535,0.6799,1.0167
8,14,car,610.39,350.03,638.25,415.97,624.3,383.7,31.2148,19.1851,0.7108,0.2703
8,15,car,706.37,734.03,735.12,766.1,720.94,751.95,36.0469,37.5976,0.4954,0.704
8,16,car,395.22,795.56,429.31,856.39,412.08,825.76,20.6039,41.2881,0.5571,0.1132
8,17,car,1120.67,683.95,1151.78,742.51,1136.13,712.9,56.8065,35.645,0.5691,0.1708
8,18,car,626.36,626.99,664.2,667.56,644.92,647.18,32.2458,32.3592,0.5373,0.1974
8,19,car,759.32,246.29,785.68,287.42,772.01,266.69,38.6003,13.3346,0.5404,0.1832
8,20,motorcycle,1079.15,738.61,1094.05,765.92,1086.11,747.96,54.3057,37.3978,0.3965,1.302
8,21,car,587.88,412.06,623.31,474.03,605.72,443.12,30.2861,22.1558,0.5111,0.0446
8,22,person,1051.18,462.75,1061.11,487.43,1055.17,474.93,52.7584,23.7464,0.519,0.4938
8,23,motorcycle,1381.6,451.5,1405.01,477.35,1393.87,464.73,69.6934,23.2363,0.5779,0.3185
8,25,car,735.3,565.94,765.64,615.74,751.87,591.6,37.5933,29.5798,0.4856,0.7939
8,26,person,560.71,573.28,568.41,593.61,564.25,583.46,28.2126,29.1731,0.5208,0.2316
8,27,car,1157.65,970.11,1179.72,990.39,1168.74,980.22,58.4369,49.0108,0.5274,0.0454
8,28,car,551.65,508.45,605.82,553.1,577.68,531.48,28.8842,26.5738,0.5527,0.9463
8,29,motorcycle,647.6,328.68,658.55,359.75,652.89,345.7,32.6445,17.2851,0.4686,1.1238
8,30,motorcycle,1339.76,441.06,1356.21,458.59,1347.94,449.84,67.3971,22.492,0.4911,0.0338
8,31,person,706.43,675.84,720.13,702.74,713.3,689.34,35.6652,34.4669,0.5261,0.0841
8,32,person,1027.57,592.19,1040.09,618.08,1033.68,604.95,51.6842,30.2476,0.5701,0.3585
8,33,car,1120.85,683.94,1151.41,742.28,1136.11,713.05,56.8057,35.6523,0.5118,0.0985
8,34,car,609.6,301.73,633.91,366.85,621.7,334.3,31.0852,16.7152,0.496,0.0779
8,35,car,1060.23,496.94,1129.04,544.85,1094.64,520.9,54.7318,26.0448,0.508,0.0
9,1,person,1386.94,433.66,1399.01,459.37,1392.88,446.33,69.6438,22.3163,0.7217,0.5142
9,2,person,1360.44,433.24,1372.06,458.41,1366.39,445.54,68.3194,22.2771,0.6252,0.1295
9,3,person,1322.32,436.38,1334.38,463.58,1328.3,449.8,66.4152,22.49,0.4963,0.1196
9,4,person,886.73,440.48,900.8,465.95,893.94,451.69,44.6968,22.5845,0.4487,0.8037
9,5,person,718.62,615.91,731.03,640.15,725.03,627.22,36.2515,31.3608,0.5717,0.3794
9,6,person,791.3,426.57,808.91,455.31,801.15,441.37,40.0576,22.0687,0.3994,1.227
9,7,car,937.68,971.41,989.28,1009.35,963.36,990.44,48.1678,49.5222,0.6284,0.0883
9,8,car,552.3,507.97,607.64,556.05,576.79,533.0,28.8395,26.6498,0.841,1.6847
9,9,car,636.81,694.2,676.66,744.97,656.62,719.47,32.8308,35.9734,0.7636,0.1168
9,10,car,751.49,664.66,786.88,700.2,769.07,682.38,38.4535,34.1191,0.7787,0.0228
9,11,car,324.68,537.79,385.76,575.22,353.08,551.7,17.6541,27.5848,0.6069,3.7024
9,12,car,413.95,525.98,472.46,574.87,441.13,549.47,22.0565,27.4736,0.6699,1.0457
9,14,car,610.45,350.09,638.17,415.09,624.31,383.78,31.2153,19.1891,0.8109,0.1212
9,15,car,706.7,734.07,734.93,763.79,720.9,751.34,36.045,37.5671,0.272,0.9175
9,16,car,395.19,795.81,429.41,856.27,412.14,825.82,20.6068,41.2911,0.6176,0.1266
9,17,car,1120.69,683.84,1151.61,742.71,1136.12,713.01,56.8062,35.6507,0.5201,0.17
9,18,car,626.34,627.04,664.05,667.33,645.01,647.23,32.2504,32.3614,0.4765,0.1526
9,19,car,759.36,246.8,786.38,287.73,772.14,266.68,38.6072,13.3339,0.5963,0.2073
9,20,motorcycle,1079.18,740.41,1094.84,767.52,1086.24,748.81,54.3121,37.4407,0.5307,1.302
9,21,car,588.06,412.18,623.17,464.18,605.71,442.41,30.2853,22.1205,0.6005,1.0571
9,22,person,1051.81,463.3,1061.35,487.68,1055.45,475.04,52.7726,23.752,0.5596,0.4572
9,23,motorcycle,1381.04,451.69,1404.7,476.05,1393.67,464.55,69.6834,23.2277,0.6646,0.3942
9,25,car,734.38,565.08,764.86,614.42,751.42,591.23,37.5709,29.5614,0.4997,0.8723
9,26,person,561.0,573.37,569.02,594.19,564.44,583.54,28.2221,29.1771,0.4854,0.3075
9,27,car,1157.63,970.04,1179.75,990.24,1168.73,980.2,58.4363,49.0098,0.5169,0.0341
9,28,car,552.25,508.04,607.69,552.28,578.26,531.15,28.9128,26.5573,0.5841,0.9895
9,29,motorcycle,647.64,326.2,658.69,357.95,652.96,344.8,32.648,17.2398,0.4014,1.3637
9,30,motorcycle,1340.11,441.06,1356.26,458.64,1348.0,449.84,67.4002,22.4921,0.5518,0.092
9,31,person,706.39,676.16,720.24,702.85,713.31,689.39,35.6654,34.4697,0.5126,0.0831
9,32,person,1027.67,592.63,1040.5,618.64,1033.82,605.18,51.6909,30.259,0.6187,0.3968
9,33,car,1120.89,683.85,1151.33,742.31,1136.11,713.06,56.8056,35.6528,0.5221,0.0174
9,34,car,609.65,301.69,633.75,366.82,621.7,334.29,31.0852,16.7144,0.4537,0.0237
9,35,car,1060.54,497.81,1128.69,543.71,1094.62,520.83,54.7312,26.0415,0.3413,0.1008
9,36,car,651.07,363.35,669.57,415.14,660.32,389.25,33.016,19.4624,0.5719,0.0
10,1,person,1386.89,433.47,1399.22,460.4,1392.93,446.27,69.6466,22.3135,0.7231,0.1197
10,2,person,1360.31,433.06,1372.29,458.51,1366.36,445.62,68.3182,22.281,0.7024,0.1226
10,3,person,1322.31,436.22,1334.4,463.7,1328.32,449.86,66.4159,22.4928,0.503,0.0868
10,4,person,888.86,441.11,901.17,466.05,894.02,452.23,44.7008,22.6116,0.5268,0.823
10,5,person,718.92,616.38,731.08,640.28,725.25,627.45,36.2623,31.3724,0.59,0.4745
10,6,person,791.12,426.36,808.05,455.4,800.71,441.17,40.0357,22.0587,0.4459,0.7227
10,7,car,937.68,971.57,989.31,1009.45,963.41,990.46,48.1704,49.5232,0.6312,0.0844
10,8,car,553.98,507.35,608.9,555.47,577.89,532.65,28.8945,26.6324,0.7996,1.7307
10,9,car,636.77,694.28,676.76,744.99,656.62,719.54,32.8312,35.9772,0.762,0.116
10,10,car,750.86,664.46,787.01,700.23,769.05,682.38,38.4524,34.1191,0.8022,0.0329
10,11,car,325.14,538.55,386.35,575.29,353.79,552.64,17.6893,27.6322,0.604,1.7705
10,12,car,414.5,524.95,473.02,574.5,441.73,549.83,22.0866,27.4916,0.6463,1.0522
10,14,car,610.39,350.13,638.13,414.8,624.3,383.58,31.215,19.1789,0.8114,0.3078
10,15,car,706.61,734.11,734.82,762.67,720.85,750.66,36.0423,37.533,0.414,1.026
10,16,car,395.09,796.03,429.61,856.36,412.2,825.92,20.6098,41.2958,0.6231,0.1672
10,17,car,1120.71,683.9,1151.63,742.82,1136.13,713.09,56.8067,35.6546,0.5219,0.1188
10,18,car,626.35,626.96,663.75,667.3,645.06,647.24,32.2531,32.362,0.5103,0.0822
10,19,car,759.31,247.03,786.95,288.14,772.32,266.81,38.6162,13.3404,0.5714,0.335
10,20,motorcycle,1079.48,741.88,1095.05,769.38,1086.52,750.72,54.3261,37.5361,0.4979,2.8911
10,21,car,588.33,412.4,623.1,459.08,605.73,441.36,30.2866,22.0681,0.5797,1.5744
10,22,person,1052.28,463.26,1061.86,487.93,1055.72,475.13,52.786,23.7566,0.6588,0.4278
10,23,motorcycle,1380.41,451.55,1404.43,475.14,1393.46,464.35,69.673,23.2177,0.6726,0.4351
10,25,car,733.36,564.14,764.11,613.2,750.97,590.8,37.5485,29.5401,0.5004,0.9276
10,26,person,561.53,573.57,569.77,594.49,564.68,583.64,28.2341,29.182,0.5172,0.3913
10,27,car,1157.61,970.07,1179.88,990.31,1168.73,980.2,58.4365,49.0098,0.5621,0.006
10,28,car,554.06,507.35,609.01,552.14,578.91,530.87,28.9456,26.5433,0.5118,1.0693
10,29,motorcycle,647.71,324.54,658.83,356.71,653.02,343.96,32.6511,17.198,0.4122,1.2561
10,30,motorcycle,1340.17,440.9,1356.46,458.72,1348.07,449.84,67.4033,22.4918,0.6189,0.0945
10,31,person,706.36,676.29,720.51,702.79,713.34,689.43,35.667,34.4715,0.5045,0.0731
10,32,person,1028.01,593.24,1041.34,619.23,1034.03,605.44,51.7016,30.2722,0.5302,0.5099
10,33,car,1120.91,683.83,1151.28,742.33,1136.11,713.06,56.8054,35.6531,0.4937,0.0104
10,34,car,609.73,301.7,633.69,366.87,621.7,334.29,31.0852,16.7143,0.4969,0.0023
10,35,car,1063.02,496.91,1129.62,539.92,1095.19,520.03,54.7595,26.0013,0.3136,1.4755
10,36,car,651.02,362.7,669.69,414.54,660.34,388.93,33.0169,19.4467,0.5607,0.471
10,13,truck,1185.68,931.25,1338.68,1079.4,1262.26,1005.36,63.113,50.2678,0.5768,0.0213
11,1,person,1386.91,433.46,1399.24,460.32,1392.97,446.32,69.6486,22.3162,0.7073,0.1023
11,2,person,1360.2,432.93,1372.36,458.58,1366.32,445.68,68.3159,22.2841,0.6969,0.1146
11,3,person,1322.32,436.22,1334.4,463.82,1328.33,449.92,66.4167,22.496,0.4918,0.0973
11,4,person,890.28,441.69,901.59,466.02,894.5,452.52,44.7251,22.6258,0.475,0.8448
11,5,person,719.52,616.64,731.15,640.46,725.19,627.75,36.2594,31.3873,0.6085,0.4546
11,6,person,791.22,426.01,807.08,455.68,800.33,441.04,40.0166,22.052,0.3475,0.6071
11,7,car,937.84,971.69,989.32,1009.54,963.45,990.47,48.1726,49.5234,0.7212,0.0661
11,8,car,555.41,506.86,609.74,555.05,579.02,532.29,28.9511,26.6147,0.8319,1.7786
11,9,car,636.74,694.34,676.83,745.05,656.67,719.6,32.8335,35.9801,0.7618,0.1121
11,10,car,750.53,664.28,787.15,700.23,769.02,682.37,38.4511,34.1187,0.8139,0.0423
11,11,car,324.95,538.79,386.94,575.33,354.43,554.81,17.7217,27.7405,0.5724,3.3937
11,12,car,415.12,524.75,474.01,574.47,442.48,550.01,22.1242,27.5005,0.6418,1.1592
11,14,car,610.38,350.18,638.13,414.75,624.29,383.24,31.2146,19.1621,0.8087,0.5031
11,15,car,706.62,734.13,734.86,763.22,720.81,750.18,36.0403,37.5088,0.414,0.73
11,16,car,395.05,796.27,429.59,856.39,412.24,826.0,20.6122,41.3001,0.6214,0.1494
11,17,car,1120.85,683.91,1151.4,742.63,1136.15,713.17,56.8074,35.6583,0.4599,0.1109
11,18,car,626.26,626.93,663.75,667.27,645.1,647.21,32.2548,32.3607,0.5489,0.0651
11,19,car,759.46,247.17,786.44,288.1,772.46,266.99,38.6231,13.3497,0.5172,0.348
11,20,motorcycle,1079.85,743.53,1095.05,771.33,1086.74,752.41,54.3372,37.6205,0.4383,2.5565
11,21,car,588.63,412.66,622.97,455.11,605.75,440.06,30.2876,22.0029,0.5822,1.9564
11,22,person,1052.72,463.35,1062.29,488.04,1055.98,475.21,52.7988,23.7607,0.6859,0.4002
11,23,motorcycle,1379.85,451.59,1404.42,474.4,1393.27,464.16,69.6635,23.208,0.5912,0.4062
11,25,car,732.38,563.19,763.12,612.14,750.51,590.35,37.5255,29.5177,0.6037,0.9636
11,26,person,561.99,573.74,570.71,594.45,564.96,583.72,28.2481,29.1858,0.4255,0.4325
11,27,car,1157.59,970.12,1179.98,990.42,1168.74,980.21,58.4369,49.0104,0.5872,0.0232
11,28,car,555.51,506.83,609.8,551.58,579.53,530.59,28.9767,26.5295,0.5368,1.0237
11,29,motorcycle,647.79,322.81,659.16,355.34,653.1,343.15,32.6549,17.1573,0.4189,1.227
11,30,motorcycle,1340.42,440.94,1356.56,458.76,1348.14,449.84,67.4069,22.4919,0.5731,0.1065
11,31,person,706.46,676.44,720.67,702.79,713.38,689.47,35.6692,34.4733,0.4709,0.0869
11,32,person,1028.15,593.67,1042.14,619.61,1034.25,605.68,51.7127,30.2842,0.4931,0.4915
11,33,car,1120.87,683.99,1151.36,742.49,1136.11,713.1,56.8055,35.6549,0.5572,0.0534
11,34,car,609.78,301.78,633.48,367.02,621.69,334.31,31.0845,16.7155,0.4485,0.0415
11,35,car,1064.75,496.75,1130.43,538.88,1095.79,519.47,54.7896,25.9737,0.4071,1.2237
11,36,car,650.99,361.76,669.62,413.82,660.33,388.55,33.0164,19.4276,0.5342,0.574
11,37,person,1098.17,460.42,1107.94,482.03,1103.05,471.22,55.1526,23.5612,0.5232,0.0
11,38,car,1146.79,627.75,1171.53,672.7,1159.16,650.23,57.9582,32.5114,0.4562,0.0
11,39,motorcycle,1360.47,473.45,1399.49,513.2,1379.98,493.33,68.9991,24.6663,0.4854,0.0
11,40,motorcycle,1422.36,435.9,1443.37,455.31,1432.86,445.6,71.6432,22.2802,0.4502,0.0
11,41,car,736.17,269.54,760.86,312.15,748.52,290.85,37.4259,14.5424,0.5067,0.0
11,13,truck,1185.54,931.28,1338.68,1079.41,1262.24,1005.38,63.1119,50.2688,0.6059,0.0438
12,1,person,1386.92,433.64,1399.2,460.56,1393.0,446.47,69.6498,22.3237,0.7201,0.2272
12,2,person,1360.17,432.8,1372.28,458.62,1366.29,445.73,68.3143,22.2863,0.653,0.0816
12,3,person,1322.39,436.19,1334.52,463.81,1328.36,449.97,66.418,22.4985,0.4862,0.0844
12,4,person,891.29,442.27,902.06,465.79,894.91,452.89,44.7455,22.6446,0.4365,0.8308
12,5,person,720.24,616.96,731.38,640.6,725.07,628.06,36.2536,31.4031,0.5658,0.506
12,6,person,791.31,425.51,806.34,456.17,799.96,440.96,39.9982,22.048,0.3879,0.5655
12,7,car,937.99,971.76,989.29,1009.53,963.5,990.47,48.1748,49.5237,0.7614,0.0657
12,8,car,556.11,506.43,611.16,554.68,580.13,531.91,29.0067,26.5955,0.8597,1.7666
12,9,car,636.93,694.52,676.83,745.05,656.72,719.65,32.836,35.9823,0.7644,0.099
12,10,car,750.23,664.21,787.18,700.34,768.98,682.36,38.449,34.1182,0.8047,0.0654
12,11,car,325.15,538.63,387.6,575.36,354.99,555.9,17.7494,27.7948,0.5304,1.8293
12,12,car,415.95,525.37,475.19,575.05,443.19,550.2,22.1596,27.51,0.6233,1.0986
12,14,car,610.43,350.32,638.15,414.7,624.29,382.95,31.2146,19.1476,0.7235,0.4351
12,15,car,706.6,734.3,734.93,763.82,720.77,749.66,36.0387,37.4832,0.4535,0.769
12,16,car,394.95,796.38,429.63,856.3,412.28,826.08,20.6138,41.3041,0.6247,0.1276
12,17,car,1120.84,684.05,1151.53,742.75,1136.16,713.24,56.808,35.6622,0.5346,0.1183
12,18,car,626.17,626.98,663.54,667.3,645.11,647.2,32.2555,32.36,0.54,0.0302
12,19,car,759.76,247.06,785.84,288.22,772.6,267.17,38.6302,13.3584,0.5199,0.3352
12,20,motorcycle,1080.5,745.01,1095.44,772.91,1087.01,754.03,54.3503,37.7013,0.5056,2.4545
12,21,car,589.01,412.71,622.96,453.03,605.75,438.59,30.2874,21.9294,0.57,2.205
12,22,person,1053.14,463.51,1062.92,488.05,1056.57,475.37,52.8283,23.7683,0.6623,0.9158
12,23,motorcycle,1379.47,451.36,1403.75,474.21,1392.84,463.81,69.6422,23.1903,0.5443,0.8307
12,25,car,731.45,562.29,762.25,611.09,749.58,589.7,37.4791,29.4848,0.3742,1.7045
12,26,person,562.32,574.1,571.6,594.53,565.25,583.8,28.2623,29.19,0.4223,0.4473
12,27,car,1157.59,970.15,1180.02,990.43,1168.75,980.22,58.4374,49.011,0.5862,0.0228
12,28,car,556.1,506.69,611.28,551.37,580.13,530.37,29.0064,26.5183,0.559,0.9508
12,29,motorcycle,648.01,321.32,659.27,353.65,653.18,342.34,32.6588,17.1169,0.4511,1.2179
12,30,motorcycle,1340.24,441.09,1356.5,458.76,1348.17,449.85,67.4085,22.4925,0.5698,0.0537
12,31,person,706.61,676.35,720.76,702.73,713.44,689.48,35.6718,34.474,0.4666,0.0779
12,32,person,1028.17,594.23,1042.74,619.75,1034.45,605.9,51.7227,30.2951,0.5148,0.4436
12,33,car,1120.93,684.08,1151.24,742.43,1136.11,713.12,56.8053,35.6562,0.4665,0.0399
12,34,car,609.9,301.82,633.4,367.11,621.68,334.34,31.0842,16.7168,0.5269,0.0404
12,35,car,1065.05,496.41,1132.14,539.3,1096.35,519.15,54.8176,25.9575,0.3733,0.9713
12,36,car,651.09,360.49,669.5,413.01,660.32,388.1,33.0159,19.405,0.6155,0.6768
12,37,person,1099.15,460.28,1108.91,481.92,1103.54,471.16,55.177,23.558,0.43,0.7397
12,38,car,1146.78,627.63,1171.61,672.73,1159.18,650.2,57.9589,32.5102,0.332,0.0413
12,39,motorcycle,1362.03,473.79,1400.39,512.21,1380.6,493.16,69.0298,24.6581,0.4912,0.9534
12,40,motorcycle,1422.53,436.03,1443.38,455.24,1432.91,445.62,71.6455,22.2809,0.4435,0.0738
12,41,car,736.15,270.68,761.79,313.48,748.74,291.46,37.4371,14.5732,0.5885,0.9841
12,42,person,1341.86,428.19,1358.19,457.94,1350.02,443.07,67.5012,22.1533,0.4446,0.0
12,43,car,581.31,139.62,602.15,161.12,591.73,150.37,29.5864,7.5185,0.4348,0.0
12,44,car,666.79,613.23,702.0,650.01,684.4,631.62,34.2198,31.5811,0.4507,0.0
12,45,car,644.27,195.13,669.09,253.06,656.68,224.1,32.834,11.2049,0.3653,0.0
12,24,car,1185.82,931.1,1338.48,1079.44,1262.15,1005.27,63.1075,50.2635,0.5375,0.0
13,1,person,1386.88,433.73,1399.26,461.41,1393.02,446.74,69.6508,22.3369,0.6819,0.3964
13,2,person,1360.08,432.68,1372.55,458.67,1366.29,445.74,68.3145,22.287,0.6613,0.0226
13,3,person,1322.4,436.18,1334.58,463.77,1328.39,449.98,66.4193,22.4991,0.4896,0.0423
13,4,person,892.01,442.8,902.39,466.01,895.28,453.33,44.7642,22.6663,0.4385,0.861
13,5,person,720.83,617.09,731.49,640.78,725.2,628.3,36.2599,31.4151,0.6102,0.4074
13,6,person,791.32,424.81,805.88,456.68,799.62,440.9,39.9811,22.045,0.3912,0.5207
13,7,car,938.05,971.77,989.38,1009.62,963.55,990.5,48.1775,49.5252,0.7871,0.0933
13,8,car,557.42,505.95,612.16,554.19,581.28,531.47,29.0642,26.5735,0.8257,1.846
13,9,car,636.94,694.61,676.81,745.15,656.76,719.69,32.8382,35.9843,0.7689,0.0895
13,10,car,750.16,664.23,787.18,700.38,768.93,682.36,38.4464,34.1178,0.8127,0.0774
13,11,car,326.45,538.83,388.27,575.41,355.56,556.47,17.7782,27.8235,0.5722,1.2187
13,12,car,416.74,525.02,475.92,574.73,443.89,550.38,22.1946,27.5191,0.6442,1.0866
13,14,car,610.44,350.37,638.12,414.64,624.29,382.72,31.2145,19.136,0.6785,0.3479
13,15,car,706.49,734.39,735.09,766.79,720.77,749.54,36.0383,37.4771,0.434,0.1845
13,16,car,395.01,796.44,429.73,856.29,412.3,826.16,20.6152,41.3081,0.6402,0.1283
13,17,car,1120.8,684.04,1151.55,742.93,1136.18,713.31,56.8088,35.6656,0.5233,0.1069
13,18,car,626.17,627.01,663.35,667.24,645.05,647.18,32.2525,32.3591,0.489,0.0921
13,19,car,759.95,246.98,785.69,288.17,772.74,267.32,38.637,13.3661,0.4356,0.3088
13,20,motorcycle,1080.84,747.35,1095.84,774.58,1087.31,755.71,54.3656,37.7857,0.4414,2.574
13,21,car,589.01,412.86,623.01,461.52,605.78,437.72,30.289,21.8861,0.512,1.2999
13,22,person,1053.57,463.61,1063.79,488.08,1057.07,475.48,52.8535,23.7742,0.5846,0.7768
13,23,motorcycle,1379.01,453.2,1403.24,474.18,1392.44,463.64,69.6222,23.182,0.3906,0.6487
13,25,car,730.54,561.44,761.2,610.07,748.67,588.75,37.4333,29.4376,0.407,1.9745
13,26,person,562.7,574.55,572.58,594.64,565.77,583.97,28.2885,29.1983,0.4109,0.8217
13,27,car,1157.61,970.18,1179.98,990.47,1168.75,980.25,58.4374,49.0123,0.5811,0.0388
13,28,car,557.43,506.32,612.25,551.16,581.3,529.91,29.0651,26.4956,0.5828,1.8885
13,29,motorcycle,648.15,320.26,659.39,351.92,653.32,340.77,32.666,17.0385,0.3744,2.3615
13,30,motorcycle,1340.04,441.03,1356.44,458.85,1348.22,449.86,67.4108,22.4931,0.5136,0.0715
13,31,person,706.58,676.33,720.73,702.63,713.47,689.48,35.6733,34.474,0.4934,0.0471
13,32,person,1028.3,594.64,1043.04,619.56,1034.63,606.07,51.7314,30.3036,0.5277,0.366
13,33,car,1120.94,684.21,1151.04,742.5,1136.09,713.16,56.8044,35.6578,0.4507,0.0554
13,34,car,609.91,301.86,633.34,367.14,621.68,334.36,31.0838,16.718,0.4922,0.0379
13,35,car,1065.78,495.74,1132.85,538.96,1096.85,518.85,54.8423,25.9425,0.387,0.866
13,36,car,651.09,359.71,669.46,412.19,660.31,387.67,33.0155,19.3835,0.5418,0.6446
13,37,person,1099.76,459.82,1110.22,481.37,1104.02,470.97,55.2012,23.5486,0.4717,0.7776
13,38,car,1146.75,627.62,1171.63,672.76,1159.18,650.2,57.9592,32.5099,0.3485,0.011
13,39,motorcycle,1363.43,474.03,1401.37,511.51,1381.2,493.03,69.0599,24.6516,0.3149,0.9232
13,40,motorcycle,1422.47,435.9,1443.35,455.2,1432.91,445.6,71.6455,22.2798,0.4218,0.0356
13,41,car,736.33,271.75,761.79,314.97,748.85,292.1,37.4424,14.6048,0.3646,0.9606
13,42,person,1341.67,428.18,1358.06,458.28,1349.94,443.15,67.4972,22.1574,0.4767,0.1691
13,43,car,581.36,139.7,602.1,160.83,591.73,150.32,29.5864,7.5159,0.407,0.0768
13,44,car,665.45,612.99,700.39,649.98,683.66,631.56,34.1829,31.5778,0.4683,1.1112
13,45,car,644.51,194.3,668.83,250.75,656.67,223.31,32.8337,11.1656,0.2891,1.1775
13,13,truck,1185.86,931.33,1338.85,1079.36,1262.29,1005.4,63.1146,50.2698,0.5805,0.0862
14,1,person,1386.85,433.77,1399.34,462.39,1393.03,447.05,69.6517,22.3527,0.6428,0.4745
14,2,person,1360.06,432.6,1372.85,458.73,1366.3,445.74,68.315,22.287,0.6193,0.0155
14,3,person,1322.45,436.14,1334.59,463.75,1328.41,449.97,66.4207,22.4987,0.4459,0.0442
14,4,person,892.36,443.26,902.73,466.21,895.84,453.73,44.7922,22.6866,0.4195,1.036
14,5,person,721.31,617.41,731.63,640.92,725.46,628.5,36.2729,31.4251,0.6469,0.4895
14,6,person,791.43,424.4,805.41,456.95,799.3,440.85,39.9651,22.0427,0.5043,0.4839
14,7,car,938.08,971.79,989.48,1009.57,963.6,990.55,48.1798,49.5275,0.771,0.0967
14,8,car,558.16,505.45,612.99,553.91,582.4,531.0,29.1199,26.5499,0.8724,1.8139
14,9,car,636.82,694.7,676.81,745.26,656.79,719.74,32.8395,35.9869,0.7646,0.0861
14,10,car,750.13,664.23,787.14,700.4,768.87,682.34,38.4434,34.1169,0.7983,0.0951
14,11,car,327.66,539.03,388.86,575.45,356.19,556.82,17.8096,27.8409,0.5963,1.0765
14,12,car,417.52,531.93,475.89,574.7,444.62,550.55,22.2312,27.5277,0.645,1.1266
14,14,car,610.46,350.41,638.15,414.68,624.29,382.58,31.2144,19.1291,0.6015,0.207
14,15,car,706.38,734.46,735.29,769.1,720.77,749.64,36.0386,37.4822,0.4182,0.1534
14,16,car,395.08,796.58,429.83,856.25,412.34,826.24,20.6168,41.3118,0.6285,0.1217
14,17,car,1120.84,684.08,1151.55,742.98,1136.18,713.37,56.8088,35.6683,0.5202,0.0788
14,18,car,626.13,627.11,663.2,667.01,644.97,647.15,32.2486,32.3573,0.4349,0.1287
14,19,car,760.03,246.83,785.98,288.35,772.87,267.45,38.6434,13.3725,0.4575,0.2724
14,20,motorcycle,1081.19,749.58,1096.26,776.61,1087.62,757.47,54.3811,37.8737,0.4397,2.6801
14,21,car,589.02,413.01,623.08,466.45,605.82,437.23,30.2912,21.8617,0.5671,0.7348
14,22,person,1053.99,463.6,1064.77,487.97,1057.63,475.61,52.8814,23.7806,0.5712,0.8574
14,23,motorcycle,1378.56,453.04,1402.7,473.82,1392.01,463.51,69.6007,23.1753,0.3982,0.6785
14,25,car,729.6,560.5,760.32,609.01,747.75,587.73,37.3875,29.3866,0.421,2.0543
14,26,person,563.14,574.88,573.21,594.96,566.33,584.17,28.3167,29.2085,0.4837,0.9019
14,27,car,1157.63,970.25,1179.96,990.54,1168.76,980.27,58.4379,49.0133,0.5886,0.0344
14,28,car,558.13,505.66,613.05,551.01,582.43,529.43,29.1215,26.4714,0.4432,1.8414
14,29,motorcycle,648.28,319.59,659.55,350.56,653.47,339.23,32.6737,16.9617,0.4469,2.3167
14,30,motorcycle,1339.95,440.94,1356.52,458.93,1348.26,449.88,67.4131,22.4938,0.5164,0.0698
14,31,person,706.67,676.32,720.71,702.53,713.52,689.48,35.6759,34.4742,0.5041,0.0777
14,32,person,1028.44,594.93,1043.35,619.4,1034.97,606.42,51.7483,30.3208,0.5009,0.7222
14,33,car,1121.0,684.29,1150.86,742.62,1136.07,713.22,56.8033,35.6612,0.4314,0.1073
14,34,car,609.95,301.85,633.27,367.23,621.67,334.39,31.0835,16.7196,0.5198,0.0492
14,35,car,1066.86,495.7,1133.52,538.93,1097.32,518.63,54.8662,25.9315,0.4159,0.7891
14,36,car,651.0,359.32,669.51,411.34,660.3,387.28,33.015,19.364,0.4951,0.5851
14,37,person,1100.33,459.64,1111.7,481.21,1104.52,470.84,55.226,23.5418,0.4378,0.7739
14,38,car,1146.75,627.63,1171.57,672.84,1159.18,650.21,57.9588,32.5103,0.3376,0.016
14,39,motorcycle,1364.91,474.05,1402.43,511.42,1381.82,492.96,69.0908,24.6478,0.3249,0.9343
14,40,motorcycle,1422.24,435.61,1443.24,455.17,1432.87,445.54,71.6435,22.2772,0.4096,0.0985
14,41,car,736.42,273.26,761.89,316.08,748.93,292.74,37.4463,14.637,0.3103,0.9723
14,42,person,1341.64,428.08,1358.0,458.45,1349.9,443.19,67.4951,22.1594,0.4983,0.0879
14,43,car,581.33,139.83,602.08,161.02,591.72,150.35,29.5861,7.5177,0.4349,0.0541
14,44,car,664.28,612.28,698.96,649.18,682.98,631.28,34.149,31.564,0.4622,1.0976
14,45,car,644.52,192.6,668.54,249.57,656.63,222.57,32.8314,11.1285,0.3097,1.1159
14,46,car,935.59,463.02,970.42,489.66,953.01,476.34,47.6504,23.8171,0.4296,0.0
14,13,truck,1186.05,931.37,1338.97,1079.37,1262.36,1005.39,63.1178,50.2695,0.5981,0.0951
15,1,person,1386.83,433.84,1399.35,463.28,1393.06,447.38,69.653,22.3689,0.6676,0.4877
15,2,person,1360.05,432.59,1372.81,458.76,1366.32,445.73,68.316,22.2863,0.5806,0.0363
15,3,person,1322.49,436.09,1334.58,463.74,1328.44,449.97,66.422,22.4986,0.4522,0.0392
15,4,person,892.55,443.49,903.09,466.5,896.28,454.12,44.8139,22.7058,0.3453,0.8692
15,5,person,721.69,617.6,731.71,641.08,725.76,628.73,36.2879,31.4367,0.6106,0.5698
15,6,person,791.71,423.74,805.1,457.12,799.01,440.77,39.9507,22.0383,0.4875,0.454
15,7,car,938.06,971.85,989.65,1009.56,963.65,990.61,48.1824,49.5303,0.7525,0.1154
15,8,car,558.52,504.78,614.34,553.52,583.49,530.55,29.1744,26.5273,0.8446,1.7707
15,9,car,637.02,694.73,676.83,745.27,656.82,719.79,32.8412,35.9897,0.7457,0.1001
15,10,car,750.05,664.11,787.18,700.44,768.8,682.31,38.4399,34.1157,0.7896,0.1083
15,11,car,328.48,539.04,389.36,575.55,356.83,557.02,17.8416,27.851,0.5782,1.0081
15,12,car,418.49,536.3,476.03,574.42,445.34,551.22,22.2671,27.5608,0.6419,1.4651
15,14,car,610.55,350.45,638.26,414.69,624.3,382.52,31.215,19.1261,0.6817,0.0932
15,15,car,706.34,734.52,735.44,770.67,720.79,750.0,36.0396,37.5002,0.3848,0.5429
15,16,car,395.06,796.53,429.92,856.3,412.37,826.3,20.6184,41.315,0.6735,0.1061
15,17,car,1120.84,684.09,1151.48,743.01,1136.17,713.41,56.8083,35.6705,0.5273,0.0687
15,18,car,626.72,627.06,662.96,661.07,644.91,646.69,32.2455,32.3343,0.4092,0.6956
15,19,car,760.14,246.6,785.6,288.31,772.92,267.54,38.6461,13.3768,0.3648,0.1515
15,20,motorcycle,1081.7,751.36,1096.61,778.59,1087.99,759.29,54.3994,37.9645,0.3812,2.7782
15,21,car,589.03,412.94,623.14,469.56,605.89,436.98,30.2947,21.8489,0.5857,0.3982
15,22,person,1054.5,463.64,1065.92,487.82,1058.21,475.7,52.9104,23.7852,0.4778,0.8819
15,23,motorcycle,1378.04,452.98,1402.18,473.68,1391.56,463.35,69.5778,23.1675,0.4106,0.7245
15,25,car,728.78,559.53,759.47,607.97,746.84,586.72,37.3422,29.336,0.4278,2.0391
15,26,person,563.54,575.07,573.58,595.01,566.91,584.4,28.3453,29.2199,0.4735,0.9221
15,27,car,1157.65,970.36,1179.96,990.68,1168.78,980.3,58.4388,49.0152,0.6385,0.0629
15,28,car,558.43,505.25,614.43,550.56,583.53,529.02,29.1765,26.4509,0.4959,1.7604
15,29,motorcycle,648.42,318.17,659.81,349.46,653.62,337.75,32.6812,16.8874,0.3902,2.2404
15,30,motorcycle,1339.99,441.14,1356.57,459.04,1348.3,449.91,67.4152,22.4957,0.5209,0.0844
15,31,person,706.65,676.21,720.74,702.47,713.58,689.49,35.6789,34.4746,0.481,0.0896
15,32,person,1028.82,595.14,1043.47,619.31,1035.3,606.71,51.7648,30.3357,0.5269,0.6675
15,33,car,1121.04,684.31,1150.87,742.69,1136.04,713.28,56.802,35.664,0.4361,0.0916
15,34,car,609.95,301.88,633.25,367.33,621.65,334.44,31.0824,16.7219,0.5136,0.0748
15,35,car,1068.97,495.3,1134.54,537.94,1098.34,518.02,54.917,25.901,0.5077,1.7795
15,36,car,650.96,358.61,669.47,410.39,660.29,386.88,33.0144,19.3442,0.5661,0.5964
15,37,person,1100.78,459.71,1112.71,481.05,1104.97,470.75,55.2483,23.5373,0.3982,0.6805
15,38,car,1146.79,627.65,1171.52,672.89,1159.17,650.22,57.9586,32.511,0.3345,0.0197
15,39,motorcycle,1366.21,474.07,1403.65,512.0,1382.44,492.97,69.1219,24.6486,0.3864,0.9349
15,40,motorcycle,1422.2,435.52,1443.18,455.24,1432.83,445.51,71.6417,22.2756,0.3982,0.0727
15,42,person,1341.63,428.25,1357.73,458.68,1349.85,443.26,67.4924,22.1628,0.5025,0.1317
15,43,car,581.25,139.8,602.15,161.09,591.72,150.38,29.5858,7.5189,0.4006,0.035
15,44,car,663.41,611.59,697.58,640.65,682.36,629.99,34.1179,31.4995,0.2722,2.1482
15,45,car,644.29,192.23,668.15,248.16,656.53,221.98,32.8263,11.0989,0.42,0.9022
15,46,car,935.52,463.11,970.6,490.06,953.03,476.46,47.6517,23.8232,0.3886,0.1877
15,13,truck,1186.13,931.39,1339.05,1079.35,1262.4,1005.38,63.1202,50.2691,0.6216,0.0743
15,47,car,832.98,476.11,853.64,503.76,843.31,489.94,42.1656,24.4968,0.3275,0.0
16,1,person,1386.77,433.8,1399.42,464.13,1393.08,447.73,69.6538,22.3864,0.6704,0.5261
16,2,person,1360.07,432.75,1372.66,458.81,1366.34,445.72,68.3169,22.286,0.6125,0.0262
16,3,person,1322.44,436.13,1334.55,463.83,1328.46,449.97,66.423,22.4985,0.4869,0.0301
16,4,person,890.06,443.79,903.27,468.19,896.69,454.51,44.8346,22.7256,0.3232,0.8596
16,5,person,722.24,617.73,731.89,641.4,726.08,628.95,36.3039,31.4476,0.5684,0.5825
16,6,person,792.01,423.09,804.83,457.33,798.77,440.66,39.9386,22.0331,0.4193,0.394
16,7,car,938.04,971.96,989.78,1009.59,963.71,990.66,48.1855,49.5331,0.7321,0.1246
16,8,car,560.05,504.11,614.92,552.45,584.56,530.01,29.2281,26.5007,0.7816,1.7965
16,9,car,636.99,694.74,676.83,745.31,656.85,719.86,32.8425,35.9928,0.7445,0.1013
16,10,car,750.64,664.32,787.22,700.48,768.76,682.31,38.4381,34.1155,0.816,0.0553
16,11,car,328.56,538.79,390.03,575.65,357.41,557.12,17.8707,27.8561,0.647,0.8857
16,12,car,420.0,538.66,477.62,574.21,446.14,552.08,22.3071,27.6038,0.6262,1.7618
16,14,car,610.6,350.5,638.27,414.72,624.32,382.52,31.2158,19.1262,0.719,0.0264
16,15,car,706.36,734.54,735.44,770.75,720.81,750.53,36.0403,37.5267,0.3589,0.7959
16,16,car,395.05,796.53,430.05,856.33,412.4,826.36,20.6202,41.3178,0.6648,0.0987
16,17,car,1120.8,684.1,1151.56,743.1,1136.17,713.46,56.8085,35.6728,0.5292,0.0701
16,18,car,627.59,626.94,662.69,656.45,644.9,645.9,32.2451,32.2951,0.3842,1.177
16,19,car,760.27,246.76,784.82,288.49,772.88,267.59,38.6438,13.3794,0.3709,0.1043
16,20,motorcycle,1082.1,752.92,1096.43,780.04,1088.31,761.08,54.4155,38.0539,0.4027,2.7252
16,21,car,589.2,412.95,623.06,462.48,605.97,436.91,30.2984,21.8455,0.5765,0.1494
16,22,person,1054.96,463.76,1066.87,487.64,1058.83,475.73,52.9414,23.7866,0.4614,0.929
16,23,motorcycle,1377.35,453.06,1401.73,473.45,1391.08,463.26,69.554,23.1631,0.5155,0.7258
16,25,car,728.13,558.7,758.61,606.83,745.95,585.72,37.2975,29.2861,0.5562,2.008
16,26,person,564.0,575.22,573.68,594.97,567.45,584.58,28.3727,29.2292,0.4524,0.8684
16,27,car,1157.65,970.41,1179.95,990.68,1168.79,980.36,58.4395,49.0181,0.6023,0.0903
16,28,car,559.99,504.61,614.98,550.25,584.6,528.63,29.2302,26.4313,0.3542,1.7131
16,29,motorcycle,648.59,317.04,659.74,347.99,653.77,336.38,32.6883,16.8191,0.3708,2.0601
16,30,motorcycle,1339.98,441.22,1356.67,459.02,1348.32,449.95,67.4162,22.4976,0.5538,0.0651
16,31,person,706.74,676.23,720.77,702.46,713.64,689.47,35.682,34.4735,0.4553,0.0999
16,32,person,1029.32,595.49,1043.35,619.27,1035.62,606.96,51.7809,30.3482,0.4798,0.6099
16,33,car,1121.0,684.31,1150.87,742.67,1136.02,713.34,56.8008,35.667,0.5096,0.096
16,34,car,609.91,301.91,633.3,367.39,621.63,334.49,31.0817,16.7247,0.5144,0.0861
16,35,car,1069.48,495.32,1135.25,538.12,1099.45,517.44,54.9724,25.8721,0.4874,1.8734
16,36,car,650.94,357.98,669.39,409.21,660.27,386.08,33.0133,19.3038,0.5898,1.2112
16,37,person,1101.14,459.65,1113.4,480.92,1105.35,470.67,55.2675,23.5334,0.3766,0.5879
16,38,car,1146.89,627.7,1171.52,672.92,1159.18,650.23,57.9589,32.5117,0.3683,0.0246
16,39,motorcycle,1367.1,473.92,1405.38,511.95,1383.07,492.97,69.1536,24.6483,0.4752,0.9499
16,40,motorcycle,1422.26,435.57,1443.21,455.19,1432.82,445.49,71.6409,22.2745,0.4021,0.0413
16,42,person,1341.72,428.32,1357.55,458.67,1349.8,443.3,67.4902,22.1652,0.5169,0.0959
16,43,car,581.1,139.8,602.18,161.16,591.7,150.4,29.5851,7.5199,0.4619,0.039
16,44,car,662.31,611.28,696.38,634.83,681.76,628.6,34.0878,31.4301,0.3208,2.2691
16,45,car,644.4,191.13,668.22,247.23,656.48,221.42,32.8241,11.0709,0.288,0.8417
16,46,car,935.33,463.13,970.83,492.54,953.05,476.92,47.6525,23.8461,0.3133,0.687
16,13,truck,1186.17,931.45,1339.06,1079.36,1262.42,1005.37,63.1212,50.2685,0.5972,0.0356
16,47,car,834.13,477.35,855.16,504.96,843.98,490.54,42.1988,24.5272,0.4295,1.3513
17,1,person,1386.74,433.61,1399.53,464.65,1393.09,448.04,69.6544,22.4021,0.6962,0.4705
17,2,person,1360.12,432.86,1372.5,458.82,1366.34,445.73,68.3169,22.2865,0.5823,0.0126
17,3,person,1322.28,436.07,1334.48,463.91,1328.46,449.98,66.4231,22.4988,0.4746,0.0077
17,4,person,891.25,444.13,903.56,468.12,897.03,454.88,44.8517,22.7438,0.3628,0.748
17,5,person,722.57,618.04,732.19,641.73,726.42,629.17,36.3209,31.4587,0.6055,0.6081
17,6,person,792.18,422.62,804.64,457.36,798.6,440.53,39.9302,22.0267,0.3987,0.3163
17,7,car,938.05,972.04,989.93,1009.57,963.78,990.7,48.1891,49.5352,0.7819,0.1238
17,8,car,560.37,503.82,615.6,550.76,585.5,529.43,29.2748,26.4713,0.3554,1.6559
17,9,car,636.89,694.73,676.84,745.54,656.86,719.93,32.8432,35.9964,0.7689,0.1092
17,10,car,751.02,664.48,787.26,700.52,768.79,682.33,38.4396,34.1167,0.8175,0.0549
17,11,car,329.13,538.49,390.66,575.65,358.01,557.14,17.9004,27.8572,0.5546,0.891
17,12,car,421.38,534.18,479.01,573.66,447.06,552.67,22.3531,27.6337,0.6428,1.6456
17,14,car,610.66,350.55,638.23,414.74,624.34,382.55,31.2172,19.1275,0.7236,0.0558
17,15,car,706.65,734.55,735.35,769.27,720.85,751.04,36.0423,37.5518,0.3564,0.7553
17,16,car,395.03,796.66,430.08,856.33,412.43,826.4,20.6216,41.3199,0.6817,0.0779
17,17,car,1120.8,684.11,1151.6,743.28,1136.17,713.51,56.8087,35.6753,0.4915,0.0729
17,18,car,628.01,626.92,662.53,653.8,644.93,644.93,32.2467,32.2467,0.3524,1.4518
17,19,car,760.26,246.81,784.25,288.79,772.75,267.62,38.6375,13.3809,0.4332,0.1935
17,20,motorcycle,1082.54,754.33,1096.24,781.64,1088.61,762.84,54.4307,38.1421,0.3163,2.6853
17,21,car,589.15,412.73,623.22,466.62,606.03,437.47,30.3017,21.8737,0.5289,0.8494
17,22,person,1055.42,463.87,1067.62,487.58,1059.46,475.75,52.9731,23.7875,0.3748,0.9541
17,23,motorcycle,1376.91,453.24,1401.41,473.56,1390.62,463.27,69.5308,23.1634,0.5245,0.698
17,25,car,727.31,557.91,757.82,605.86,745.07,584.75,37.2535,29.2377,0.4727,1.9643
17,26,person,564.44,575.38,574.0,595.13,567.96,584.76,28.3982,29.238,0.4905,0.8089
17,27,car,1157.62,970.43,1179.98,990.71,1168.8,980.42,58.4399,49.0208,0.6081,0.0824
17,28,car,560.02,503.7,615.67,549.75,585.5,528.2,29.2752,26.4098,0.797,1.4993
17,29,motorcycle,648.42,315.09,660.04,346.39,653.9,334.97,32.6951,16.7485,0.4302,2.1274
17,30,motorcycle,1339.64,441.0,1356.73,459.15,1348.3,449.99,67.4152,22.4995,0.58,0.0631
17,31,person,706.81,676.32,720.85,702.36,713.7,689.44,35.6848,34.4721,0.4779,0.095
17,32,person,1029.58,595.78,1043.35,619.59,1035.87,607.17,51.7936,30.3586,0.423,0.4937
17,33,car,1121.03,684.35,1150.94,742.78,1136.0,713.41,56.8,35.6705,0.4696,0.1077
17,34,car,609.9,302.01,633.38,367.42,621.62,334.55,31.0812,16.7277,0.5481,0.0935
17,35,car,1070.38,494.94,1136.01,537.45,1100.43,517.12,55.0215,25.8562,0.5584,1.5476
17,36,car,650.87,357.16,669.31,408.27,660.23,385.23,33.0114,19.2616,0.5723,1.2665
17,37,person,1101.34,459.83,1113.7,481.08,1105.66,470.64,55.283,23.5319,0.3593,0.4678
17,38,car,1147.01,627.84,1171.56,672.95,1159.19,650.26,57.9596,32.5129,0.3536,0.0417
17,39,motorcycle,1368.38,474.08,1406.65,511.96,1383.71,492.97,69.1853,24.6487,0.4364,0.9521
17,40,motorcycle,1422.24,435.42,1443.17,455.11,1432.8,445.46,71.6401,22.2728,0.4257,0.0543
17,42,person,1341.46,428.46,1357.37,458.59,1349.74,443.34,67.487,22.167,0.4493,0.112
17,43,car,580.95,139.79,602.21,161.35,591.68,150.43,29.584,7.5213,0.5249,0.0525
17,44,car,661.09,610.93,695.24,640.6,681.16,628.13,34.0578,31.4065,0.3764,1.145
17,45,car,644.43,189.85,668.6,246.13,656.49,220.85,32.8244,11.0423,0.509,0.8573
17,46,car,935.67,463.3,970.66,489.88,953.08,476.84,47.6539,23.842,0.2599,0.1303
17,47,car,835.37,478.71,856.37,505.97,844.61,491.14,42.2304,24.5571,0.458,1.3042
17,48,car,1472.01,490.29,1494.84,505.28,1483.43,497.79,74.1713,24.8893,0.5452,0.0
17,24,car,1186.15,931.31,1339.36,1079.49,1262.45,1005.33,63.1226,50.2667,0.5342,0.4635
18,1,person,1386.71,433.49,1399.69,464.37,1393.11,448.33,69.6553,22.4166,0.5597,0.4374
18,2,person,1360.17,433.07,1372.37,458.87,1366.34,445.76,68.3169,22.288,0.6162,0.0459
18,3,person,1322.19,436.16,1334.43,463.94,1328.46,449.98,66.4228,22.499,0.4752,0.0124
18,4,person,892.11,444.43,903.79,468.14,897.32,455.22,44.8661,22.7612,0.4304,0.6782
18,5,person,723.01,618.17,732.52,642.0,726.76,629.39,36.3382,31.4697,0.6248,0.6157
18,6,person,792.29,422.33,804.58,457.53,798.5,440.4,39.9251,22.0202,0.4429,0.2494
18,7,car,938.21,972.13,989.96,1009.46,963.85,990.73,48.1927,49.5364,0.8444,0.1146
18,8,car,560.92,503.52,616.8,550.1,586.39,528.83,29.3196,26.4417,0.3919,1.6123
18,9,car,636.6,694.69,676.87,745.58,656.86,719.99,32.8428,35.9996,0.7755,0.0947
18,10,car,751.25,664.57,787.26,700.56,768.85,682.38,38.4425,34.1189,0.8243,0.1118
18,11,car,329.93,538.51,391.36,575.74,358.68,557.15,17.9339,27.8576,0.6041,1.0066
18,12,car,422.84,531.63,479.55,573.69,448.01,553.11,22.4004,27.6555,0.6455,1.5643
18,14,car,610.72,350.61,638.29,414.76,624.38,382.58,31.219,19.1291,0.7765,0.0723
18,15,car,706.64,734.52,735.45,770.49,720.89,751.58,36.0445,37.5792,0.3577,0.8234
18,16,car,394.95,796.74,430.18,856.38,412.47,826.43,20.6234,41.3216,0.6632,0.0718
18,17,car,1120.79,684.14,1151.73,743.27,1136.19,713.57,56.8097,35.6784,0.4617,0.0977
18,18,car,627.44,626.93,662.52,659.12,644.93,644.35,32.2465,32.2176,0.3619,0.8733
18,19,car,760.05,246.91,783.7,288.68,772.6,267.64,38.6298,13.3821,0.4418,0.2323
18,20,motorcycle,1082.55,755.35,1096.18,783.65,1088.89,764.57,54.4444,38.2283,0.3004,2.6189
18,21,car,589.06,412.48,623.32,468.53,606.09,438.42,30.3045,21.921,0.565,1.4227
18,22,person,1055.78,464.02,1067.99,487.54,1060.09,475.76,53.0045,23.7881,0.4263,0.9397
18,23,motorcycle,1376.83,453.3,1401.17,473.56,1390.17,463.33,69.5084,23.1666,0.4929,0.6779
18,25,car,726.44,557.25,757.07,604.87,744.21,583.81,37.2107,29.1905,0.3451,1.9113
18,26,person,564.8,575.42,574.31,595.23,568.42,584.94,28.4211,29.2468,0.5655,0.7351
18,27,car,1157.66,970.46,1180.06,990.81,1168.81,980.47,58.4405,49.0234,0.6026,0.0799
18,28,car,560.66,503.0,616.87,549.59,586.38,527.78,29.3189,26.389,0.7498,1.4499
18,29,motorcycle,648.35,313.59,660.11,344.94,654.01,333.57,32.7006,16.6785,0.4575,2.1074
18,30,motorcycle,1339.52,441.03,1356.66,459.28,1348.25,450.03,67.4123,22.5017,0.5387,0.1082
18,31,person,706.84,676.24,720.96,702.31,713.75,689.39,35.6873,34.4696,0.4655,0.103
18,32,person,1030.11,596.22,1043.57,619.91,1036.11,607.37,51.8057,30.3687,0.4225,0.4738
18,33,car,1121.02,684.38,1151.01,742.71,1135.98,713.45,56.7992,35.6726,0.4626,0.0688
18,34,car,609.9,302.06,633.44,367.49,621.63,334.61,31.0815,16.7304,0.5351,0.0797
18,35,car,1071.92,495.11,1136.96,537.06,1101.41,516.88,55.0704,25.8438,0.5834,1.5141
18,36,car,650.79,356.34,669.3,407.48,660.19,384.39,33.0096,19.2197,0.532,1.2602
18,37,person,1101.44,460.02,1113.76,481.16,1106.31,470.55,55.3155,23.5274,0.4028,0.9842
18,38,car,1147.08,627.91,1171.51,672.97,1159.21,650.29,57.9606,32.5144,0.3584,0.0538
18,39,motorcycle,1369.73,474.01,1407.82,512.05,1384.96,492.93,69.2482,24.6465,0.3546,1.8857
18,40,motorcycle,1422.3,435.55,1443.2,455.24,1432.79,445.43,71.6393,22.2713,0.3969,0.0509
18,42,person,1341.24,428.55,1357.26,458.67,1349.67,443.38,67.4835,22.1689,0.4096,0.1194
18,43,car,580.9,139.81,602.23,161.56,591.66,150.46,29.5832,7.5232,0.5088,0.0606
18,44,car,659.48,611.08,693.9,644.01,680.52,628.05,34.0259,31.4023,0.5424,0.9654
18,45,car,644.4,188.57,668.59,244.61,656.49,220.24,32.8245,11.0119,0.4711,0.9114
18,46,car,935.89,463.41,970.48,488.3,953.1,476.64,47.655,23.8321,0.2655,0.2972
18,47,car,836.69,480.04,857.53,506.93,845.23,491.73,42.2617,24.5864,0.4451,1.286
18,48,car,1472.67,490.35,1495.85,505.11,1483.84,497.76,74.1922,24.8878,0.4741,0.6284
18,13,truck,1185.79,931.45,1339.23,1079.4,1262.41,1005.37,63.1205,50.2684,0.5562,0.0231
19,1,person,1386.69,433.3,1399.69,463.43,1393.12,448.51,69.6562,22.4257,0.4686,0.2728
19,2,person,1360.16,433.28,1372.34,458.94,1366.34,445.82,68.3171,22.2908,0.57,0.0847
19,3,person,1322.11,436.28,1334.39,463.93,1328.43,449.99,66.4213,22.4997,0.4674,0.0495
19,4,person,889.05,444.86,903.85,469.86,897.29,455.7,44.8645,22.7849,0.3989,0.7148
19,5,person,723.12,618.29,732.91,642.21,727.08,629.6,36.3539,31.4802,0.4063,0.5665
19,6,person,792.29,422.1,804.64,457.28,798.45,440.24,39.9224,22.012,0.4116,0.259
19,7,car,938.01,972.24,990.01,1009.47,963.91,990.76,48.1953,49.5379,0.7987,0.0918
19,8,car,563.22,502.73,617.44,549.27,587.35,528.18,29.3674,26.4092,0.3255,1.7352
19,9,car,636.39,694.66,676.89,745.64,656.82,720.04,32.8411,36.0022,0.7543,0.0943
19,10,car,751.41,664.65,787.27,700.59,768.94,682.43,38.4471,34.1213,0.8077,0.1547
19,11,car,331.03,538.54,391.97,575.76,359.41,557.18,17.9706,27.8588,0.6809,1.099
19,12,car,424.29,529.28,480.21,573.77,448.96,553.3,22.4482,27.6649,0.6626,1.4595
19,14,car,610.73,350.74,638.32,415.01,624.41,382.63,31.2207,19.1317,0.7467,0.0934
19,15,car,706.6,734.62,735.5,771.49,720.93,752.15,36.0465,37.6077,0.3595,0.8585
19,16,car,394.97,796.97,430.25,856.47,412.51,826.49,20.6257,41.3243,0.6373,0.1069
19,17,car,1120.81,684.2,1151.97,743.2,1136.22,713.61,56.8112,35.6805,0.4541,0.079
19,18,car,627.08,626.93,662.51,662.54,644.92,644.01,32.2461,32.2004,0.3513,0.5157
19,19,car,759.99,246.39,783.36,288.7,772.44,267.63,38.6218,13.3814,0.4351,0.2425
19,20,motorcycle,1082.25,757.21,1096.49,785.69,1089.09,766.35,54.4544,38.3175,0.3751,2.693
19,21,car,589.07,412.45,623.35,470.5,606.12,439.65,30.3061,21.9825,0.5586,1.8444
19,22,person,1056.03,464.28,1068.02,487.65,1060.66,475.79,53.033,23.7895,0.3909,0.8562
19,23,motorcycle,1376.41,454.3,1400.87,473.52,1389.74,463.49,69.4872,23.1746,0.4828,0.6806
19,25,car,725.47,556.34,756.22,604.05,743.36,582.88,37.1678,29.1441,0.6594,1.8955
19,26,person,565.05,575.48,574.53,595.47,568.83,585.1,28.4413,29.255,0.5971,0.6548
19,27,car,1157.66,970.52,1180.13,990.87,1168.82,980.53,58.4411,49.0263,0.5416,0.0882
19,28,car,562.78,502.34,617.6,549.24,587.31,527.32,29.3653,26.3658,0.7666,1.556
19,29,motorcycle,648.39,312.13,660.22,343.21,654.11,332.17,32.7053,16.6083,0.4137,2.1085
19,30,motorcycle,1339.54,440.91,1356.48,459.37,1348.19,450.06,67.4097,22.5032,0.4679,0.0902
19,31,person,707.72,676.88,720.56,702.22,713.81,689.39,35.6905,34.4697,0.4174,0.0962
19,32,person,1030.54,596.63,1043.74,620.25,1036.35,607.58,51.8177,30.3791,0.4685,0.4754
19,33,car,1121.03,684.45,1151.08,742.62,1135.98,713.49,56.799,35.6747,0.5039,0.0612
19,34,car,609.94,302.11,633.53,367.58,621.64,334.66,31.0821,16.7331,0.491,0.0834
19,35,car,1073.31,495.54,1138.0,537.21,1102.42,516.67,55.1208,25.8333,0.562,1.546
19,36,car,650.72,355.29,669.12,406.71,660.14,383.57,33.0069,19.1786,0.5141,1.2349
19,37,person,1101.68,460.2,1113.76,481.22,1106.84,470.49,55.3419,23.5246,0.3839,0.7958
19,38,car,1147.12,627.97,1171.47,672.92,1159.23,650.33,57.9613,32.5163,0.4757,0.0601
19,39,motorcycle,1372.99,490.19,1401.83,512.87,1385.85,494.15,69.2925,24.7075,0.3581,2.2606
19,40,motorcycle,1422.2,435.55,1443.4,455.27,1432.76,445.4,71.6381,22.2698,0.3841,0.0584
19,42,person,1341.05,428.64,1357.23,458.81,1349.54,443.47,67.4772,22.1736,0.3528,0.2359
19,43,car,580.89,139.81,602.25,161.58,591.64,150.51,29.5821,7.5255,0.4769,0.0772
19,44,car,658.03,610.97,692.56,645.89,679.22,627.59,33.9609,31.3795,0.5105,2.0666
19,45,car,644.28,187.69,668.42,243.0,656.44,218.99,32.8221,10.9494,0.5015,1.8763
19,46,car,934.37,463.28,970.73,492.92,953.01,476.89,47.6505,23.8443,0.252,0.3893
19,47,car,837.87,481.26,858.63,508.15,845.84,492.32,42.2919,24.6162,0.3855,1.2725
19,48,car,1473.36,490.34,1496.75,505.1,1484.25,497.75,74.2124,24.8873,0.3975,0.6063
19,13,truck,1185.46,931.5,1339.2,1079.43,1262.43,1005.39,63.1215,50.2694,0.5669,0.0436
20,1,person,1386.77,433.1,1399.58,461.52,1393.14,448.48,69.657,22.4238,0.6894,0.0605
20,2,person,1360.15,433.23,1372.43,459.0,1366.34,445.88,68.3169,22.294,0.5833,0.0955
20,3,person,1322.13,436.29,1334.4,463.97,1328.39,450.02,66.4197,22.5008,0.5,0.0592
20,4,person,886.88,445.25,903.75,471.22,897.02,456.25,44.851,22.8123,0.4264,0.914
20,5,person,723.4,618.38,733.3,642.44,727.39,629.81,36.3696,31.4907,0.477,0.5655
20,6,person,792.21,422.01,804.72,457.56,798.43,440.1,39.9215,22.0051,0.4337,0.2069
20,7,car,937.88,972.27,990.13,1009.57,963.95,990.79,48.1974,49.5395,0.8058,0.0781
20,8,car,564.33,502.26,618.35,548.22,588.28,527.49,29.4142,26.3747,0.3002,1.7435
20,9,car,636.21,694.6,676.91,745.68,656.78,720.08,32.8389,36.004,0.765,0.0874
20,10,car,751.47,664.74,787.24,700.62,769.04,682.48,38.452,34.124,0.8167,0.1678
20,11,car,331.97,538.24,392.63,575.74,360.12,557.16,18.0058,27.8578,0.7,1.0575
20,12,car,425.65,528.09,481.45,574.11,449.99,553.47,22.4997,27.6737,0.6302,1.5688
20,14,car,610.75,350.82,638.36,415.07,624.45,382.7,31.2227,19.1348,0.7693,0.1113
20,15,car,706.58,734.73,735.51,772.25,720.97,752.57,36.0483,37.6284,0.3054,0.6235
20,16,car,394.91,796.98,430.33,856.51,412.55,826.54,20.6274,41.327,0.6596,0.0967
20,17,car,1120.85,684.21,1152.44,743.13,1136.29,713.64,56.8146,35.6818,0.4823,0.1075
20,18,car,626.75,627.01,662.66,664.66,644.91,643.82,32.2457,32.1912,0.3501,0.2767
20,19,car,759.92,246.09,783.2,288.85,772.26,267.61,38.6128,13.3806,0.493,0.2714
20,20,motorcycle,1082.17,759.6,1097.06,787.76,1089.27,768.17,54.4635,38.4083,0.4085,2.7374
20,21,car,589.23,412.43,623.29,465.68,606.16,439.92,30.3079,21.9958,0.5502,0.4026
20,22,person,1056.17,464.48,1067.94,487.7,1061.14,475.82,53.0571,23.7912,0.4055,0.7249
20,23,motorcycle,1376.17,455.03,1400.42,473.59,1389.34,463.58,69.467,23.1791,0.4508,0.6202
20,25,car,724.5,555.46,755.27,603.06,742.5,581.95,37.1251,29.0977,0.5295,1.8931
20,26,person,564.43,575.03,574.75,596.72,569.1,585.28,28.4552,29.2641,0.5452,0.5
20,27,car,1157.66,970.58,1180.15,990.89,1168.84,980.59,58.4418,49.0293,0.5344,0.0916
20,28,car,563.65,501.67,618.59,548.47,588.2,526.79,29.4102,26.3396,0.8223,1.5591
20,29,motorcycle,648.83,310.64,660.39,342.58,654.23,330.81,32.7113,16.5407,0.3799,2.0377
20,30,motorcycle,1339.62,440.91,1356.66,459.43,1348.18,450.1,67.409,22.5048,0.5123,0.0536
20,31,person,707.41,676.18,721.03,702.16,713.89,689.35,35.6945,34.4675,0.4081,0.1381
20,32,person,1030.75,596.78,1044.1,620.57,1036.61,607.81,51.8303,30.3903,0.4417,0.5053
20,33,car,1121.06,684.47,1151.04,742.51,1135.99,713.51,56.7995,35.6756,0.531,0.032
20,34,car,609.97,302.14,633.58,367.65,621.66,334.72,31.0831,16.7359,0.4873,0.0888
20,35,car,1074.13,495.86,1138.82,537.26,1103.44,516.55,55.172,25.8276,0.5504,1.5443
20,36,car,650.61,354.21,668.91,405.79,660.06,382.72,33.0032,19.1361,0.4455,1.28
20,37,person,1102.19,460.14,1113.82,481.34,1107.27,470.51,55.3634,23.5256,0.3507,0.6468
20,38,car,1147.16,627.99,1171.41,672.91,1159.24,650.36,57.9619,32.5182,0.3454,0.0596
20,39,motorcycle,1373.06,479.26,1407.11,512.07,1386.95,494.56,69.3474,24.7282,0.3636,1.7601
20,40,motorcycle,1421.95,435.31,1443.55,455.23,1432.74,445.36,71.637,22.2678,0.3993,0.0685
20,42,person,1341.01,428.66,1357.21,458.84,1349.44,443.55,67.4718,22.1774,0.4557,0.197
20,43,car,580.87,139.8,602.28,161.57,591.62,150.57,29.581,7.5285,0.4942,0.0959
20,44,car,656.69,610.67,691.26,646.67,677.94,627.19,33.897,31.3593,0.4035,2.0104
20,45,car,644.02,185.96,668.6,241.56,656.39,217.74,32.8196,10.8868,0.4679,1.8804
20,46,car,933.53,463.15,970.94,495.42,952.9,477.23,47.6449,23.8614,0.2719,0.5404
20,47,car,839.05,482.04,859.79,509.33,846.43,492.88,42.3217,24.6442,0.3413,1.2285
20,48,car,1474.01,490.27,1497.6,505.08,1484.64,497.73,74.2318,24.8864,0.4056,0.5841
20,13,truck,1185.52,931.47,1339.34,1079.45,1262.48,1005.41,63.1238,50.2703,0.5765,0.0728
21,1,person,1386.88,432.88,1399.53,460.07,1393.16,448.25,69.6578,22.4124,0.7295,0.3434
21,2,person,1360.06,433.1,1372.75,459.01,1366.33,445.94,68.3166,22.2968,0.6231,0.0848
21,3,person,1322.16,436.27,1334.43,464.0,1328.36,450.04,66.418,22.5021,0.5153,0.0634
21,4,person,885.68,445.34,903.84,472.49,896.62,456.84,44.8311,22.8422,0.4512,1.0766
21,5,person,723.69,618.5,733.61,642.71,727.7,630.02,36.3852,31.501,0.5499,0.5605
21,6,person,791.9,421.77,804.61,457.48,798.41,439.95,39.9204,21.9976,0.3863,0.2273
21,7,car,937.8,972.3,990.19,1009.59,963.98,990.83,48.1989,49.5415,0.8165,0.0739
21,8,car,565.69,501.67,620.16,547.67,589.34,526.78,29.4668,26.3389,0.3492,1.9066
21,9,car,636.12,694.57,676.91,745.74,656.73,720.11,32.8367,36.0053,0.7712,0.0747
21,10,car,751.51,664.79,787.23,700.63,769.14,682.54,38.4572,34.1268,0.8177,0.1776
21,11,car,332.04,537.82,393.38,575.66,360.75,557.08,18.0376,27.8542,0.6699,0.9599
21,12,car,426.68,533.09,481.47,574.36,451.05,553.53,22.5524,27.6766,0.6516,1.5828
21,14,car,610.8,350.88,638.39,415.17,624.49,382.77,31.2247,19.1383,0.7866,0.1203
21,15,car,706.61,734.85,735.41,772.73,720.99,752.86,36.0496,37.6428,0.3152,0.4313
21,16,car,394.87,796.95,430.4,856.5,412.57,826.58,20.6287,41.3292,0.6685,0.0762
21,17,car,1120.88,684.23,1152.85,743.01,1136.39,713.65,56.8193,35.6824,0.4632,0.1442
21,18,car,626.59,627.12,662.67,666.06,644.91,643.76,32.2454,32.1879,0.3661,0.1001
21,19,car,759.89,245.86,783.1,288.88,772.04,267.58,38.602,13.379,0.4591,0.3268
21,20,motorcycle,1082.42,761.28,1097.71,789.07,1089.46,769.89,54.473,38.4946,0.432,2.604
21,21,car,589.34,412.27,623.23,461.65,606.19,439.52,30.3096,21.976,0.5963,0.5954
21,22,person,1056.37,464.5,1068.02,487.73,1061.54,475.87,53.0772,23.7936,0.4669,0.6077
21,23,motorcycle,1375.85,455.18,1400.47,473.77,1388.99,463.73,69.4494,23.1866,0.5377,0.5744
21,25,car,723.55,554.64,754.34,602.15,741.64,581.04,37.0821,29.0522,0.5469,1.8763
21,26,person,565.21,575.41,574.85,596.69,569.37,585.44,28.4684,29.2722,0.4983,0.4653
21,27,car,1157.68,970.54,1180.16,990.87,1168.85,980.63,58.4427,49.0314,0.5181,0.0705
21,28,car,565.25,501.12,620.35,547.93,589.23,526.25,29.4617,26.3124,0.8237,1.7472
21,29,motorcycle,649.14,308.75,660.48,334.56,654.35,328.9,32.7176,16.4449,0.3774,2.881
21,30,motorcycle,1339.62,440.84,1356.71,459.4,1348.17,450.12,67.4085,22.5062,0.5354,0.0427
21,31,person,707.18,675.88,721.08,702.09,713.95,689.29,35.6977,34.4643,0.4906,0.1337
21,32,person,1030.95,597.07,1044.46,620.92,1036.86,608.07,51.8432,30.4034,0.3887,0.5513
21,33,car,1121.05,684.51,1151.07,742.42,1136.01,713.51,56.8004,35.6757,0.5589,0.028
21,34,car,609.99,302.19,633.65,367.72,621.69,334.78,31.0846,16.7388,0.4841,0.1
21,35,car,1074.94,496.13,1139.48,537.05,1104.44,516.45,55.2221,25.8225,0.4949,1.5122
21,36,car,650.57,353.31,668.86,404.93,659.99,381.83,32.9994,19.0917,0.4705,1.3355
21,37,person,1102.76,460.15,1114.04,481.56,1107.61,470.57,55.3805,23.5287,0.359,0.5198
21,38,car,1147.17,627.99,1171.34,672.93,1159.25,650.4,57.9626,32.5198,0.3465,0.0532
21,39,motorcycle,1373.52,475.1,1409.9,511.66,1388.1,494.66,69.4048,24.7328,0.3752,1.728
21,40,motorcycle,1421.74,435.06,1443.67,455.09,1432.73,445.31,71.6367,22.2655,0.4043,0.0684
21,42,person,1341.01,428.64,1357.11,458.86,1349.33,443.62,67.4664,22.1808,0.5405,0.1927
21,43,car,580.84,139.84,602.3,161.6,591.6,150.61,29.5801,7.5306,0.4234,0.0688
21,44,car,655.31,610.45,690.05,647.07,676.66,626.91,33.8331,31.3453,0.3759,1.9619
21,45,car,643.8,184.94,668.77,240.06,656.36,216.51,32.8178,10.8255,0.3979,1.8409
21,46,car,933.94,463.11,971.01,495.68,952.82,477.66,47.6411,23.8832,0.2816,0.6632
21,47,car,840.24,482.92,861.18,510.47,847.04,493.43,42.3522,24.6715,0.3682,1.2267
21,48,car,1474.52,490.14,1498.21,505.09,1484.98,497.7,74.2491,24.8852,0.3873,0.5191
21,13,truck,1185.55,931.36,1339.31,1079.47,1262.49,1005.41,63.1244,50.2707,0.5553,0.0221
21,49,car,580.1,598.97,603.82,616.38,591.96,607.67,29.5981,30.3836,0.4933,0.0
22,1,person,1386.94,432.76,1399.52,459.24,1393.18,447.88,69.6588,22.3941,0.6997,0.5491
22,2,person,1360.0,432.99,1372.99,459.03,1366.34,445.98,68.3171,22.2991,0.574,0.0722
22,3,person,1322.24,436.18,1334.48,464.04,1328.34,450.07,66.4168,22.5035,0.491,0.056
22,4,person,884.71,446.21,902.07,473.54,895.99,457.54,44.7995,22.877,0.3315,1.4118
22,5,person,723.92,618.72,734.01,643.09,728.03,630.24,36.4013,31.5122,0.6298,0.5893
22,6,person,791.64,421.62,804.27,457.8,798.34,439.85,39.9171,21.9925,0.4316,0.1824
22,7,car,937.67,972.27,990.24,1009.56,963.99,990.86,48.1996,49.543,0.8384,0.0496
22,8,car,566.87,500.86,621.27,546.87,590.43,526.02,29.5213,26.3012,0.8329,1.9905
22,9,car,636.11,694.49,676.91,745.75,656.68,720.12,32.8338,36.0062,0.7526,0.0927
22,10,car,751.54,664.84,787.23,700.61,769.25,682.6,38.4627,34.13,0.8232,0.1913
22,11,car,332.36,537.53,394.21,575.64,361.38,556.98,18.0688,27.8492,0.6215,0.9487
22,12,car,427.17,536.7,481.86,574.3,452.08,553.55,22.6042,27.6776,0.6257,1.5545
22,14,car,610.8,350.93,638.38,415.1,624.52,382.83,31.2261,19.1414,0.812,0.104
22,15,car,706.61,734.79,735.45,773.04,721.01,753.04,36.0506,37.6522,0.3066,0.2845
22,16,car,394.91,796.81,430.5,856.51,412.6,826.62,20.6302,41.331,0.6509,0.07
22,17,car,1120.86,684.24,1152.99,743.04,1136.5,713.66,56.8248,35.6831,0.4585,0.1649
22,18,car,626.43,627.2,662.75,666.84,644.87,644.18,32.2437,32.209,0.4176,0.6363
22,19,car,759.64,246.12,783.5,289.22,771.85,267.61,38.5927,13.3806,0.5174,0.2834
22,20,motorcycle,1082.47,763.14,1098.23,790.49,1089.63,771.58,54.4816,38.5791,0.4734,2.5492
22,21,car,589.39,412.19,623.15,459.09,606.22,438.72,30.311,21.9359,0.5702,1.2034
22,22,person,1056.72,464.36,1068.18,487.72,1061.86,475.92,53.0932,23.7958,0.4587,0.4856
22,23,motorcycle,1375.51,455.2,1400.52,473.61,1388.69,463.88,69.4344,23.1942,0.5079,0.5031
22,25,car,722.62,553.65,753.53,601.33,740.78,580.15,37.0389,29.0075,0.3862,1.8659
22,26,person,564.66,574.92,574.94,597.31,569.55,585.6,28.4773,29.2799,0.5168,0.3515
22,27,car,1157.7,970.54,1180.16,990.85,1168.87,980.65,58.4436,49.0327,0.5123,0.0467
22,28,car,566.58,500.54,621.4,547.13,590.31,525.67,29.5156,26.2834,0.3688,1.8392
22,29,motorcycle,648.81,307.36,660.49,336.47,654.43,327.2,32.7214,16.3599,0.48,2.5516
22,30,motorcycle,1339.62,440.85,1356.72,459.41,1348.15,450.13,67.4077,22.5065,0.5051,0.0251
22,31,person,707.04,675.76,721.13,702.05,714.01,689.22,35.7004,34.4612,0.5542,0.1249
22,32,person,1031.06,597.54,1044.76,621.51,1037.12,608.4,51.8558,30.4198,0.4039,0.6208
22,33,car,1121.03,684.52,1151.07,742.39,1136.02,713.51,56.8011,35.6754,0.5571,0.0225
22,34,car,609.97,302.18,633.73,367.74,621.73,334.83,31.0864,16.7414,0.4523,0.0929
22,35,car,1075.91,496.08,1140.58,536.86,1105.37,516.43,55.2685,25.8214,0.5378,1.3908
22,36,car,650.56,352.4,668.59,397.15,659.9,380.45,32.9948,19.0223,0.5174,2.0885
22,37,person,1103.48,459.94,1114.27,481.7,1107.91,470.64,55.3957,23.5318,0.3906,0.466
22,38,car,1147.19,627.99,1171.32,672.96,1159.27,650.43,57.9634,32.5213,0.3412,0.0499
22,39,motorcycle,1374.41,473.57,1412.23,511.51,1389.29,494.59,69.4647,24.7293,0.4818,1.8011
22,40,motorcycle,1421.65,434.87,1443.74,455.0,1432.73,445.25,71.6367,22.2623,0.4224,0.0956
22,42,person,1341.12,428.54,1357.02,458.89,1349.24,443.65,67.4619,22.1826,0.5326,0.1432
22,43,car,580.81,139.85,602.31,161.63,591.58,150.65,29.5791,7.5327,0.4561,0.0699
22,44,car,653.91,610.24,688.77,647.09,675.35,627.27,33.7677,31.3635,0.39,2.0372
22,45,car,643.61,182.51,669.44,238.62,656.4,215.13,32.82,10.7567,0.4956,2.0655
22,46,car,934.07,462.96,971.07,496.24,952.75,478.09,47.6376,23.9047,0.2831,0.6543
22,47,car,841.58,484.11,862.43,511.28,848.29,494.54,42.4143,24.7269,0.3471,2.4974
22,48,car,1474.78,490.13,1498.71,505.38,1485.28,497.71,74.2638,24.8857,0.3972,0.4415
22,13,truck,1185.54,931.46,1339.28,1079.48,1262.47,1005.43,63.1237,50.2714,0.6027,0.0295
22,49,car,577.59,599.4,601.36,618.91,590.72,608.41,29.5359,30.4207,0.3803,2.1735
23,1,person,1386.99,432.62,1399.55,458.75,1393.2,447.41,69.6601,22.3707,0.706,0.704
23,2,person,1360.02,432.93,1373.15,459.06,1366.37,446.01,68.3187,22.3007,0.5795,0.0659
23,3,person,1322.31,436.2,1334.45,464.07,1328.32,450.09,66.416,22.5046,0.4979,0.0415
23,4,person,884.12,447.03,900.89,474.55,895.4,458.23,44.7698,22.9113,0.378,1.3605
23,5,person,724.1,618.99,734.22,643.41,728.33,630.48,36.4163,31.5238,0.7115,0.569
23,6,person,791.37,421.36,804.0,458.28,798.24,439.79,39.9119,21.9897,0.3455,0.178
23,7,car,937.61,972.25,990.16,1009.48,963.99,990.87,48.1994,49.5436,0.811,0.0193
23,8,car,567.72,500.15,622.66,545.8,591.53,525.27,29.5763,26.2633,0.3342,2.0046
23,9,car,636.13,694.4,676.95,745.74,656.62,720.13,32.8311,36.0065,0.7456,0.0803
23,10,car,751.59,664.83,787.25,700.6,769.32,682.64,38.4662,34.1322,0.8059,0.124
23,11,car,333.88,537.47,394.98,574.21,362.11,556.79,18.1055,27.8393,0.679,1.1399
23,12,car,428.39,532.75,483.64,574.0,453.11,553.12,22.6557,27.6558,0.6263,1.6774
23,14,car,610.85,350.96,638.37,415.06,624.55,382.89,31.2273,19.1443,0.803,0.0936
23,15,car,706.66,734.85,735.34,772.33,721.03,753.18,36.0513,37.6589,0.3783,0.2029
23,16,car,394.84,796.76,430.45,856.59,412.62,826.65,20.631,41.3327,0.6796,0.0567
23,17,car,1120.87,684.18,1153.12,743.07,1136.61,713.67,56.8306,35.6833,0.4466,0.1747
23,18,car,626.37,627.2,662.66,667.31,644.78,644.97,32.2392,32.2487,0.3818,1.1984
23,19,car,759.52,246.38,783.2,288.69,771.68,267.6,38.5842,13.3799,0.5468,0.2547
23,20,motorcycle,1082.84,765.08,1098.34,791.9,1089.82,773.3,54.491,38.6649,0.4154,2.5888
23,21,car,589.35,412.03,623.09,457.16,606.23,438.27,30.3116,21.9136,0.5697,0.6683
23,22,person,1057.18,464.11,1068.49,487.66,1062.14,475.94,53.1069,23.7972,0.4362,0.4137
23,23,motorcycle,1375.09,455.44,1400.14,473.62,1388.41,464.07,69.4207,23.2033,0.5097,0.4945
23,25,car,721.8,552.79,752.82,600.33,739.91,579.26,36.9956,28.9631,0.4046,1.8597
23,26,person,565.65,575.12,575.09,596.94,569.77,585.73,28.4883,29.2866,0.4471,0.3846
23,27,car,1157.68,970.56,1180.17,990.93,1168.89,980.68,58.4445,49.0342,0.5368,0.0508
23,28,car,567.52,499.72,622.76,546.03,591.41,525.02,29.5703,26.2509,0.82,1.9085
23,29,motorcycle,648.91,306.02,660.66,336.56,654.52,325.59,32.7258,16.2797,0.3827,2.4084
23,30,motorcycle,1339.55,440.96,1356.77,459.52,1348.13,450.15,67.4065,22.5073,0.5061,0.0451
23,31,person,706.97,675.76,721.04,702.06,714.04,689.16,35.7022,34.4581,0.623,0.1086
23,32,person,1031.0,597.77,1045.09,622.12,1037.36,608.76,51.868,30.4381,0.3679,0.6601
23,33,car,1121.03,684.45,1151.01,742.41,1136.03,713.5,56.8017,35.6749,0.5333,0.0221
23,34,car,609.92,302.18,633.66,367.67,621.75,334.87,31.0877,16.7433,0.4481,0.0709
23,35,car,1076.81,495.94,1141.67,536.34,1106.35,516.34,55.3176,25.8172,0.5498,1.4794
23,36,car,650.56,351.47,668.43,391.84,659.8,378.74,32.99,18.937,0.5502,2.5632
23,37,person,1104.34,459.95,1114.67,481.73,1108.23,470.72,55.4117,23.5358,0.3449,0.4939
23,38,car,1147.19,628.02,1171.31,672.94,1159.27,650.45,57.9637,32.5225,0.336,0.0376
23,39,motorcycle,1375.26,473.11,1413.52,511.87,1390.46,494.52,69.5229,24.7261,0.4816,1.7493
23,40,motorcycle,1421.58,434.69,1443.74,454.88,1432.72,445.16,71.6362,22.2581,0.4165,0.1282
23,42,person,1341.12,428.49,1356.99,459.0,1349.16,443.69,67.4578,22.1844,0.5353,0.1348
23,43,car,580.81,139.85,602.3,161.66,591.57,150.69,29.5784,7.5346,0.3939,0.0612
23,44,car,652.58,610.15,687.24,646.91,674.01,628.05,33.7004,31.4026,0.3748,2.3368
23,45,car,643.55,180.75,669.5,237.09,656.43,213.67,32.8215,10.6834,0.3328,2.1994
23,46,car,934.4,462.98,971.14,495.81,952.71,478.32,47.6354,23.9158,0.2696,0.3408
23,47,car,842.8,485.5,863.65,512.12,849.51,495.63,42.4757,24.7816,0.3515,2.4653
23,48,car,1475.17,489.64,1500.76,505.73,1485.66,497.71,74.283,24.8855,0.4183,0.5762
23,13,truck,1185.63,931.48,1339.27,1079.47,1262.45,1005.44,63.1227,50.2722,0.622,0.0382
23,49,car,575.57,599.96,599.16,620.37,589.6,609.0,29.48,30.4499,0.4574,1.8919
23,50,person,647.72,423.62,658.82,447.3,653.27,435.46,32.6635,21.7731,0.4663,0.0
23,51,person,1294.94,572.6,1310.51,609.02,1302.73,590.81,65.1364,29.5405,0.5529,0.0
24,1,person,1387.03,432.67,1399.48,458.38,1393.22,446.9,69.6609,22.3449,0.6685,0.7728
24,2,person,1360.03,432.96,1373.16,459.11,1366.41,446.04,68.3207,22.302,0.5863,0.073
24,3,person,1322.39,436.34,1334.4,464.08,1328.32,450.12,66.4161,22.5062,0.4694,0.0476
24,4,person,883.98,447.47,900.24,475.01,894.64,458.96,44.732,22.9478,0.383,1.5773
24,5,person,724.29,619.29,734.55,643.68,728.62,630.71,36.4309,31.5353,0.662,0.5569
24,6,person,790.84,421.09,803.64,458.67,798.07,439.78,39.9035,21.9889,0.3977,0.253
24,7,car,937.51,972.19,990.11,1009.44,963.96,990.87,48.1982,49.5436,0.7931,0.0385
24,8,car,569.14,499.57,623.71,545.65,592.73,524.6,29.6367,26.2298,0.3463,2.0702
24,9,car,636.14,694.42,676.97,745.72,656.58,720.12,32.8289,36.006,0.7419,0.067
24,10,car,751.62,664.9,787.27,700.6,769.37,682.68,38.4684,34.134,0.8143,0.0841
24,11,car,334.92,537.56,395.53,574.75,362.87,556.65,18.1435,27.8327,0.7144,1.1574
24,12,car,429.52,531.76,485.05,574.22,454.13,552.98,22.7064,27.6491,0.6236,1.5334
24,14,car,610.87,350.93,638.36,415.09,624.57,382.94,31.2285,19.1469,0.8143,0.0862
24,15,car,706.62,734.88,735.32,772.56,721.02,753.44,36.0511,37.6719,0.3718,0.3879
24,16,car,394.8,796.74,430.48,856.64,412.63,826.68,20.6316,41.3341,0.6589,0.0451
24,17,car,1120.9,684.16,1153.38,742.95,1136.75,713.65,56.8373,35.6823,0.4353,0.2038
24,18,car,626.29,627.22,662.6,667.69,644.67,645.99,32.2333,32.2994,0.4268,1.5311
24,19,car,759.37,246.58,782.93,288.01,771.53,267.53,38.5764,13.3763,0.4894,0.2595
24,20,motorcycle,1083.03,766.65,1098.31,793.79,1090.0,775.05,54.5001,38.7523,0.4485,2.6365
24,21,car,589.33,411.91,623.06,455.68,606.23,437.43,30.3117,21.8716,0.5496,1.2604
24,22,person,1057.82,464.08,1068.83,487.58,1062.4,475.96,53.1198,23.7979,0.4486,0.3871
24,23,motorcycle,1374.58,455.48,1400.11,473.54,1388.15,464.23,69.4077,23.2113,0.5014,0.4562
24,25,car,720.97,552.12,752.03,599.45,739.04,578.39,36.9522,28.9196,0.4496,1.8431
24,26,person,566.35,575.33,575.15,596.63,569.98,585.83,28.4992,29.2917,0.4413,0.3628
24,27,car,1157.68,970.56,1180.2,991.08,1168.91,980.72,58.4455,49.0359,0.5378,0.0607
24,28,car,569.01,498.97,623.79,545.94,592.63,524.41,29.6315,26.2203,0.7991,2.0498
24,29,motorcycle,649.04,305.09,660.84,335.87,654.62,324.13,32.7309,16.2065,0.4262,2.2027
24,30,motorcycle,1339.46,441.04,1356.71,459.51,1348.12,450.18,67.4058,22.5088,0.4622,0.0489
24,31,person,706.9,675.73,721.03,702.09,714.06,689.1,35.7032,34.4551,0.5999,0.0958
24,32,person,1030.95,598.18,1045.35,622.54,1037.6,609.14,51.8801,30.4572,0.3455,0.6772
24,33,car,1121.04,684.43,1150.99,742.34,1136.04,713.47,56.8019,35.6736,0.5346,0.0395
24,34,car,609.94,302.2,633.61,367.57,621.77,334.89,31.0887,16.7445,0.4857,0.046
24,35,car,1077.01,495.82,1142.37,536.04,1107.28,516.31,55.364,25.8154,0.5368,1.3928
24,36,car,650.58,350.51,668.24,388.24,659.7,376.83,32.9851,18.8417,0.5559,2.8628
24,37,person,1105.01,460.04,1115.18,481.68,1108.6,470.77,55.43,23.5387,0.4033,0.5582
24,38,car,1147.19,628.06,1171.3,672.87,1159.27,650.46,57.9634,32.523,0.4477,0.0164
24,39,motorcycle,1376.22,473.06,1414.65,511.92,1391.59,494.45,69.5795,24.7223,0.3785,1.7006
24,40,motorcycle,1421.83,435.0,1443.62,454.9,1432.73,445.12,71.6363,22.2559,0.3429,0.0672
24,42,person,1341.02,428.56,1356.97,459.09,1349.1,443.73,67.4548,22.1865,0.4472,0.1109
24,43,car,580.8,139.85,602.29,161.66,591.56,150.72,29.5782,7.536,0.4056,0.0407
24,44,car,651.16,609.94,685.8,646.66,672.62,628.41,33.6312,31.4207,0.4493,2.1438
24,45,car,643.54,179.36,669.75,235.58,656.45,212.16,32.8224,10.6082,0.3958,2.2547
24,46,car,934.67,463.04,971.2,495.47,952.68,478.7,47.6338,23.9349,0.304,0.5723
24,47,car,844.01,486.73,865.03,512.94,850.75,496.7,42.5375,24.8351,0.3623,2.4528
24,48,car,1475.34,489.35,1501.77,505.72,1486.39,497.67,74.3197,24.8837,0.567,1.1009
24,13,truck,1185.64,931.59,1339.34,1079.49,1262.44,1005.46,63.1218,50.2732,0.6585,0.0402
24,49,car,573.28,600.06,596.87,621.35,588.47,609.42,29.4234,30.4712,0.3715,1.8131
24,50,person,647.79,422.99,658.61,446.51,653.23,435.11,32.6617,21.7553,0.3943,0.5383
24,51,person,1294.77,575.17,1309.36,608.75,1302.4,591.39,65.1198,29.5693,0.5906,0.9963
25,1,person,1386.97,432.72,1399.45,458.54,1393.22,446.43,69.661,22.3214,0.6532,0.7064
25,2,person,1360.12,433.06,1373.0,459.14,1366.46,446.06,68.3228,22.303,0.5567,0.0682
25,3,person,1322.4,436.25,1334.39,464.11,1328.33,450.14,66.4167,22.5072,0.4474,0.0338
25,4,person,883.87,447.56,899.66,475.41,893.76,459.7,44.6878,22.9849,0.3912,1.7316
25,5,person,724.36,619.45,734.62,643.87,728.86,630.93,36.4432,31.5465,0.7536,0.5002
25,6,person,790.49,420.75,803.32,458.97,797.85,439.77,39.8926,21.9884,0.4406,0.3283
25,7,car,937.2,972.19,990.08,1009.4,963.9,990.87,48.195,49.5436,0.7838,0.0951
25,8,car,570.27,498.64,624.4,544.92,593.95,523.88,29.6973,26.1939,0.7906,2.1129
25,9,car,636.22,694.48,676.98,745.64,656.56,720.11,32.828,36.0055,0.7276,0.0327
25,10,car,751.58,664.92,787.27,700.67,769.39,682.71,38.4696,34.1356,0.8186,0.0597
25,11,car,335.48,537.38,395.95,574.42,363.59,556.48,18.1797,27.824,0.7384,1.1174
25,12,car,430.08,535.66,485.49,574.38,455.07,553.32,22.7534,27.666,0.6313,1.5001
25,14,car,610.88,350.88,638.31,415.01,624.58,382.98,31.2292,19.1488,0.774,0.058
25,15,car,706.6,734.87,735.25,772.67,721.0,753.62,36.0502,37.6809,0.3518,0.2718
25,16,car,394.76,796.73,430.5,856.66,412.64,826.7,20.632,41.3351,0.6641,0.0322
25,17,car,1120.9,684.09,1153.26,742.74,1136.86,713.6,56.8431,35.6802,0.4488,0.1855
25,18,car,626.38,627.2,662.54,667.99,644.59,646.64,32.2296,32.3321,0.4042,0.9864
25,19,car,759.22,246.51,782.69,287.35,771.39,267.4,38.5697,13.3701,0.4701,0.2717
25,20,motorcycle,1083.44,767.63,1098.39,795.6,1090.22,776.78,54.5112,38.8389,0.3769,2.6176
25,21,car,589.32,412.02,623.03,454.12,606.23,436.37,30.3116,21.8185,0.5637,1.5939
25,22,person,1058.33,464.02,1069.07,487.56,1062.66,475.96,53.1328,23.798,0.4344,0.3887
25,23,motorcycle,1374.23,455.53,1399.17,473.37,1387.83,464.37,69.3913,23.2185,0.5795,0.5387
25,25,car,720.1,551.21,751.11,598.59,738.17,577.51,36.9083,28.8756,0.3852,1.8645
25,26,person,566.87,575.58,575.25,596.54,570.2,585.94,28.5099,29.297,0.4214,0.3588
25,27,car,1157.65,970.6,1180.15,991.22,1168.92,980.76,58.4458,49.0379,0.6047,0.0603
25,28,car,570.49,498.39,624.32,545.11,593.86,523.76,29.6932,26.1879,0.3656,2.0929
25,29,motorcycle,649.18,303.53,660.85,334.49,654.73,322.66,32.7365,16.1332,0.3479,2.2042
25,30,motorcycle,1339.41,441.15,1356.69,459.52,1348.11,450.2,67.4055,22.5101,0.5242,0.0393
25,31,person,706.92,675.77,720.97,702.12,714.07,689.05,35.7035,34.4527,0.5887,0.0704
25,32,person,1030.79,598.62,1045.34,623.06,1037.78,609.54,51.8889,30.477,0.3292,0.6496
25,33,car,1121.05,684.35,1151.04,742.19,1136.04,713.43,56.8021,35.6716,0.4919,0.0592
25,34,car,609.93,302.16,633.5,367.46,621.78,334.9,31.089,16.7448,0.5016,0.0125
25,35,car,1077.61,495.88,1143.25,536.33,1108.14,516.31,55.4068,25.8155,0.5507,1.2825
25,36,car,650.53,349.6,668.09,385.79,659.6,374.8,32.9799,18.7401,0.5304,3.051
25,37,person,1105.54,460.05,1115.65,481.62,1109.03,470.81,55.4514,23.5404,0.4488,0.6432
25,38,car,1147.17,627.99,1171.33,672.87,1159.26,650.46,57.9631,32.5229,0.3164,0.0101
25,39,motorcycle,1377.2,472.91,1415.41,511.55,1392.67,494.33,69.6333,24.7166,0.4181,1.6223
25,40,motorcycle,1421.72,434.98,1443.69,454.92,1432.72,445.05,71.636,22.2527,0.3791,0.0958
25,42,person,1340.96,428.66,1356.93,459.15,1349.05,443.77,67.4527,22.1887,0.4708,0.0908
25,43,car,580.81,139.84,602.28,161.74,591.56,150.73,29.5781,7.5367,0.3921,0.0235
25,44,car,649.78,609.82,684.44,646.36,671.26,628.49,33.5628,31.4246,0.5955,2.0561
25,45,car,643.6,177.9,670.33,234.19,656.52,210.66,32.8258,10.5329,0.3519,2.263
25,46,car,935.12,463.07,971.24,493.54,952.67,479.05,47.6337,23.9524,0.2929,0.5253
25,47,car,845.23,487.9,866.25,513.77,851.98,497.75,42.5991,24.8876,0.3178,2.4288
25,48,car,1476.34,489.5,1501.65,505.42,1487.07,497.64,74.3535,24.8818,0.4988,1.016
25,13,truck,1185.59,931.62,1339.41,1079.48,1262.43,1005.48,63.1217,50.2741,0.6366,0.0268
25,49,car,570.78,600.19,594.46,620.56,587.3,609.62,29.3649,30.4808,0.4088,1.7782
25,50,person,648.05,422.09,658.49,446.11,653.25,434.77,32.6623,21.7384,0.3626,0.5048
25,51,person,1294.41,576.13,1308.94,608.83,1302.16,591.75,65.1078,29.5875,0.6449,0.6548
26,1,person,1386.92,432.7,1399.37,458.31,1393.21,446.02,69.6607,22.301,0.6434,0.6128
26,2,person,1360.13,433.14,1372.89,459.14,1366.49,446.06,68.3246,22.3032,0.5218,0.0555
26,3,person,1322.35,436.09,1334.38,464.11,1328.35,450.14,66.4175,22.5072,0.4507,0.0248
26,4,person,883.9,447.61,898.8,475.33,893.03,460.29,44.6514,23.0143,0.3262,1.4037
26,5,person,724.5,619.54,734.59,644.07,729.08,631.15,36.4542,31.5576,0.7126,0.4675
26,6,person,790.2,420.48,803.16,459.17,797.6,439.79,39.8798,21.9894,0.3726,0.3828
26,7,car,936.85,972.22,990.1,1009.37,963.82,990.86,48.1912,49.5432,0.8114,0.1147
26,8,car,571.14,497.62,625.53,544.74,595.09,523.19,29.7545,26.1594,0.3417,2.003
26,9,car,636.32,694.47,676.97,745.63,656.56,720.1,32.828,36.0048,0.7421,0.0229
26,10,car,751.59,664.87,787.31,700.68,769.41,682.73,38.4703,34.1367,0.8184,0.0414
26,11,car,335.7,537.09,396.7,574.86,364.27,556.31,18.2133,27.8156,0.611,1.0378
26,12,car,431.13,536.77,486.25,574.49,455.99,553.91,22.7994,27.6953,0.6855,1.6361
26,14,car,610.84,350.85,638.33,414.97,624.59,382.98,31.2296,19.1491,0.82,0.015
26,15,car,706.6,734.8,735.2,770.56,720.98,753.56,36.0491,37.6782,0.4015,0.0874
26,16,car,394.71,796.71,430.49,856.66,412.64,826.7,20.6319,41.3348,0.6698,0.008
26,17,car,1120.87,684.06,1153.09,742.63,1136.95,713.55,56.8473,35.6776,0.4548,0.1478
26,18,car,626.39,627.23,662.55,668.17,644.55,647.06,32.2273,32.3532,0.4016,0.638
26,19,car,759.08,246.67,782.48,286.86,771.27,267.29,38.5633,13.3646,0.4501,0.2546
26,20,motorcycle,1083.7,769.92,1098.53,798.28,1090.47,778.58,54.5237,38.9292,0.2871,2.7366
26,21,car,589.32,412.12,623.02,453.37,606.23,435.12,30.3113,21.7561,0.5907,1.8703
26,22,person,1058.93,464.18,1069.29,487.56,1062.95,475.95,53.1477,23.7973,0.3932,0.4473
26,23,motorcycle,1373.88,455.71,1398.38,473.37,1387.47,464.46,69.3733,23.223,0.5341,0.5555
26,25,car,719.3,550.39,750.3,597.87,737.3,576.65,36.8651,28.8323,0.4218,1.8355
26,26,person,567.37,575.97,575.36,596.58,570.42,586.05,28.5212,29.3027,0.3861,0.3793
26,27,car,1157.61,970.56,1180.19,991.27,1168.92,980.79,58.4458,49.0395,0.5913,0.0473
26,28,car,570.84,497.39,625.62,545.08,595.01,523.11,29.7507,26.1554,0.7591,1.9805
26,29,motorcycle,649.16,301.95,660.9,332.9,654.83,321.2,32.7416,16.06,0.3884,2.2018
26,30,motorcycle,1339.37,441.16,1356.76,459.49,1348.12,450.23,67.4059,22.5114,0.4808,0.042
26,31,person,706.93,675.78,721.0,702.15,714.04,688.97,35.7022,34.4485,0.5245,0.1307
26,32,person,1030.77,599.28,1045.38,624.21,1037.91,610.01,51.8956,30.5006,0.3815,0.7358
26,33,car,1121.04,684.32,1151.05,742.19,1136.04,713.39,56.8021,35.6696,0.4804,0.0615
26,34,car,609.94,302.12,633.44,367.4,621.77,334.88,31.0887,16.7442,0.483,0.0213
26,35,car,1078.29,496.0,1144.06,536.38,1108.92,516.28,55.4462,25.8142,0.5183,1.184
26,36,car,650.31,348.7,668.05,390.44,659.49,373.17,32.9746,18.6585,0.5839,2.4538
26,37,person,1106.25,460.1,1116.12,481.48,1109.52,470.82,55.4761,23.541,0.3683,0.7425
26,38,car,1147.19,628.02,1171.35,672.82,1159.26,650.45,57.9629,32.5227,0.3201,0.0068
26,39,motorcycle,1378.37,472.83,1416.17,511.74,1394.07,493.01,69.7037,24.6506,0.5596,2.8962
26,40,motorcycle,1421.6,435.0,1443.71,454.77,1432.7,444.98,71.6349,22.2489,0.4098,0.1169
26,42,person,1340.81,428.66,1357.03,459.22,1349.02,443.8,67.4511,22.1902,0.3881,0.0663
26,43,car,580.81,139.85,602.27,161.8,591.56,150.75,29.5778,7.5377,0.3497,0.0286
26,44,car,648.38,609.78,683.15,646.07,669.9,628.42,33.4948,31.421,0.6316,2.044
26,45,car,643.31,176.14,670.7,232.88,656.61,209.11,32.8305,10.4554,0.4083,2.3273
26,46,car,935.38,462.99,971.28,491.96,952.79,478.96,47.6393,23.9479,0.32,0.2139
26,47,car,846.42,488.76,867.67,514.75,853.24,498.76,42.6619,24.938,0.3382,2.4149
26,48,car,1477.25,489.54,1502.66,505.48,1487.77,497.6,74.3885,24.8802,0.5676,1.0514
26,13,truck,1185.46,931.52,1339.24,1079.45,1262.44,1005.48,63.1218,50.2742,0.5788,0.0065
26,49,car,568.53,600.29,592.19,622.09,586.14,609.88,29.3071,30.4939,0.4181,1.7784
26,50,person,648.22,420.92,658.46,445.73,653.27,434.41,32.6635,21.7204,0.3645,0.5421
26,51,person,1294.19,576.26,1308.64,608.61,1301.97,591.92,65.0985,29.5961,0.6341,0.3793
26,52,person,783.27,707.89,790.88,727.04,787.08,717.47,39.3539,35.8733,0.4601,0.0
26,41,car,741.41,286.72,767.84,328.82,750.07,295.75,37.5033,14.7873,0.5438,4.8238
27,1,person,1386.93,432.63,1399.35,458.13,1393.21,445.74,69.6604,22.2872,0.6669,0.4129
27,2,person,1360.18,433.09,1372.9,459.16,1366.53,446.07,68.3264,22.3033,0.5143,0.0536
27,3,person,1322.35,435.95,1334.39,464.01,1328.37,450.12,66.4183,22.506,0.4269,0.04
27,4,person,883.38,448.48,897.15,475.73,892.31,460.84,44.6153,23.042,0.2679,1.3643
27,5,person,724.64,619.54,734.54,644.29,729.26,631.37,36.463,31.5684,0.7485,0.4183
27,6,person,789.95,420.23,803.17,459.4,797.32,439.79,39.8662,21.9896,0.3178,0.4085
27,7,car,936.45,972.22,990.09,1009.32,963.72,990.84,48.186,49.5421,0.8059,0.1594
27,8,car,572.31,496.71,626.42,544.52,596.24,522.53,29.8118,26.1264,0.3191,1.9852
27,9,car,636.41,694.5,676.95,745.64,656.58,720.09,32.8289,36.0043,0.7421,0.0287
27,10,car,751.6,664.84,787.34,700.64,769.42,682.74,38.4711,34.1372,0.8213,0.0276
27,11,car,336.34,537.07,397.49,574.99,364.93,556.18,18.2463,27.8088,0.6159,1.0109
27,12,car,432.04,537.86,487.11,574.41,456.85,554.63,22.8425,27.7313,0.661,1.683
27,14,car,610.83,350.83,638.32,415.05,624.59,382.98,31.2297,19.149,0.8001,0.0044
27,15,car,706.56,734.81,735.14,771.55,720.96,753.52,36.0478,37.676,0.4064,0.0782
27,16,car,394.73,796.68,430.53,856.68,412.64,826.69,20.632,41.3343,0.6637,0.0142
27,17,car,1120.87,684.03,1152.85,742.48,1136.98,713.49,56.8489,35.6747,0.4638,0.0993
27,18,car,626.34,627.27,662.46,668.26,644.5,647.34,32.2251,32.367,0.3712,0.4177
27,19,car,759.02,246.8,782.35,286.61,771.14,267.18,38.5571,13.3591,0.3879,0.2493
27,20,motorcycle,1084.0,778.4,1096.9,799.99,1090.59,780.8,54.5296,39.0401,0.2987,3.3304
27,21,car,589.22,412.18,623.01,452.61,606.2,434.17,30.3102,21.7086,0.5693,1.4274
27,22,person,1059.52,463.86,1069.74,487.55,1063.32,475.89,53.166,23.7945,0.4233,0.5569
27,23,motorcycle,1373.51,455.66,1398.02,473.5,1387.1,464.5,69.3552,23.2249,0.48,0.5459
27,25,car,718.5,549.45,749.37,597.01,736.45,575.78,36.8226,28.7892,0.3898,1.8155
27,26,person,567.75,576.24,575.59,596.57,570.72,586.13,28.5361,29.3065,0.3484,0.46
27,27,car,1157.61,970.52,1180.26,991.32,1168.92,980.82,58.446,49.0408,0.5633,0.039
27,28,car,572.11,496.56,626.49,545.09,596.18,522.5,29.8091,26.1251,0.7136,1.9744
27,29,motorcycle,649.25,300.35,660.99,331.46,654.91,319.67,32.7453,15.9835,0.3701,2.297
27,30,motorcycle,1339.33,441.19,1356.73,459.47,1348.1,450.25,67.4052,22.5126,0.4753,0.0417
27,31,person,707.78,676.55,720.56,702.18,714.04,689.0,35.7019,34.45,0.5057,0.0436
27,32,person,1030.64,599.91,1045.52,624.96,1038.01,610.55,51.9003,30.5274,0.3288,0.8177
27,33,car,1121.06,684.3,1151.07,742.06,1136.04,713.35,56.8022,35.6674,0.4698,0.0661
27,34,car,609.88,302.09,633.41,367.32,621.75,334.86,31.0877,16.7429,0.4271,0.0487
27,35,car,1079.09,495.89,1144.92,536.05,1109.71,516.2,55.4857,25.81,0.4702,1.1922
27,36,car,650.14,347.74,668.04,392.97,659.4,371.79,32.9698,18.5896,0.4963,2.0717
27,37,person,1106.95,460.11,1116.55,481.38,1110.06,470.82,55.5029,23.5411,0.3465,0.8023
27,38,car,1147.17,628.0,1171.36,672.79,1159.26,650.45,57.9628,32.5224,0.416,0.0125
27,39,motorcycle,1379.25,472.63,1417.47,511.41,1395.26,492.49,69.7628,24.6245,0.3701,1.9365
27,40,motorcycle,1421.63,435.04,1443.65,454.81,1432.68,444.93,71.6342,22.2465,0.3796,0.0775
27,42,person,1340.72,428.56,1357.08,459.26,1348.99,443.83,67.4496,22.1914,0.4182,0.0566
27,43,car,580.81,139.83,602.27,161.81,591.55,150.77,29.5776,7.5386,0.3962,0.0286
27,44,car,646.86,609.59,681.81,645.67,668.52,628.27,33.426,31.4136,0.7112,2.0763
27,45,car,642.73,174.21,669.83,231.01,656.61,207.52,32.8303,10.3758,0.3707,2.3892
27,46,car,935.53,462.93,971.28,490.67,952.95,478.6,47.6477,23.9302,0.332,0.5886
27,47,car,847.6,489.79,869.01,515.69,854.51,499.77,42.7254,24.9884,0.3462,2.4311
27,48,car,1477.41,489.34,1503.63,505.48,1488.44,497.57,74.4222,24.8784,0.5973,1.0128
27,13,truck,1185.2,931.49,1339.32,1079.44,1262.41,1005.49,63.1206,50.2743,0.6427,0.0367
27,49,car,566.17,600.56,589.77,623.23,584.97,610.17,29.2487,30.5083,0.3949,1.8039
27,50,person,648.07,420.31,658.44,445.22,653.27,434.08,32.6633,21.7039,0.3761,0.4941
27,51,person,1293.92,576.32,1308.46,608.56,1301.81,592.03,65.0907,29.6013,0.604,0.2815
27,52,person,782.97,707.55,790.67,726.84,786.95,717.33,39.3475,35.8665,0.5246,0.2783
27,41,car,742.44,287.79,768.44,329.77,750.96,297.92,37.5481,14.8959,0.4898,3.5241
28,1,person,1386.92,432.56,1399.35,458.28,1393.2,445.59,69.6599,22.2797,0.6753,0.227
28,2,person,1360.19,432.78,1373.21,459.17,1366.57,446.05,68.3285,22.3027,0.5556,0.0649
28,3,person,1322.38,436.0,1334.4,463.92,1328.38,450.1,66.419,22.5048,0.4639,0.0428
28,4,person,883.67,450.44,895.99,476.1,891.6,461.46,44.5801,23.0731,0.3047,1.4087
28,5,person,724.71,619.49,734.49,644.61,729.4,631.57,36.4698,31.5787,0.7539,0.3697
28,6,person,789.36,420.6,803.26,459.63,797.05,439.86,39.8523,21.9931,0.3326,0.4294
28,7,car,936.68,972.22,990.12,1009.29,963.64,990.81,48.1818,49.5407,0.8073,0.1338
28,8,car,573.21,496.22,627.07,543.83,597.27,521.86,29.8633,26.0932,0.3484,1.8373
28,9,car,636.47,694.48,676.95,745.68,656.61,720.08,32.8303,36.0038,0.7483,0.0447
28,10,car,751.61,664.82,787.35,700.61,769.44,682.74,38.4719,34.1372,0.8178,0.0231
28,11,car,337.22,537.12,398.19,575.17,365.64,556.09,18.282,27.8045,0.6698,1.0779
28,12,car,433.35,538.23,487.9,574.4,457.78,555.0,22.8892,27.7498,0.63,1.5087
28,14,car,610.92,350.78,638.36,414.98,624.6,382.96,31.2301,19.148,0.7708,0.0332
28,15,car,706.47,734.86,735.2,772.47,720.93,753.5,36.0465,37.6751,0.3603,0.046
28,16,car,394.88,796.57,430.44,856.7,412.64,826.67,20.6322,41.3337,0.6663,0.0198
28,17,car,1120.89,684.02,1152.66,742.43,1136.96,713.44,56.8482,35.6719,0.4549,0.0867
28,18,car,626.27,627.37,662.55,668.29,644.47,647.52,32.2236,32.3758,0.355,0.2692
28,19,car,759.01,246.41,782.39,286.59,771.03,267.06,38.5514,13.3529,0.3725,0.2533
28,20,motorcycle,1083.65,776.59,1098.28,801.76,1090.72,782.8,54.5361,39.1401,0.2711,3.0061
28,21,car,589.18,412.26,622.97,452.07,606.17,433.49,30.3087,21.6743,0.5846,1.029
28,22,person,1059.99,463.82,1070.31,487.61,1063.74,475.83,53.1871,23.7917,0.4405,0.6386
28,23,motorcycle,1373.15,455.76,1397.48,473.85,1386.7,464.55,69.3349,23.2273,0.5047,0.6148
28,25,car,717.66,548.72,748.55,596.3,735.62,574.94,36.7809,28.7472,0.48,1.7757
28,26,person,568.13,576.43,576.1,596.79,571.02,586.21,28.551,29.3105,0.3951,0.4633
28,27,car,1157.6,970.57,1180.31,991.38,1168.93,980.85,58.4463,49.0427,0.5674,0.0584
28,28,car,572.72,495.95,627.28,545.53,597.21,521.96,29.8605,26.098,0.7508,1.7435
28,29,motorcycle,649.37,298.58,661.05,330.05,654.96,318.62,32.7482,15.9311,0.3634,1.5756
28,30,motorcycle,1339.29,441.16,1356.79,459.44,1348.09,450.28,67.4043,22.5139,0.4752,0.0468
28,31,person,708.31,677.09,720.31,701.93,714.06,689.07,35.7032,34.4537,0.5371,0.1185
28,32,person,1030.3,600.64,1045.84,625.44,1038.06,611.13,51.9029,30.5563,0.3131,0.8695
28,33,car,1121.09,684.29,1151.08,742.01,1136.05,713.3,56.8023,35.6652,0.4879,0.0673
28,34,car,609.87,302.11,633.39,367.33,621.73,334.82,31.0863,16.7412,0.472,0.0651
28,35,car,1080.8,496.06,1145.87,536.19,1110.59,516.13,55.5294,25.8066,0.4986,1.3155
28,36,car,650.23,346.72,667.91,387.48,659.3,370.07,32.9652,18.5037,0.5092,2.579
28,37,person,1107.54,459.96,1117.1,481.3,1110.62,470.79,55.5309,23.5394,0.4196,0.8409
28,38,car,1147.19,628.01,1171.4,672.74,1159.26,650.43,57.9631,32.5217,0.4666,0.0203
28,39,motorcycle,1380.18,472.2,1418.41,511.52,1396.34,492.27,69.817,24.6137,0.4072,1.6586
28,40,motorcycle,1421.82,435.01,1443.68,454.88,1432.69,444.91,71.6345,22.2455,0.3812,0.0299
28,42,person,1340.63,428.49,1357.15,459.26,1348.97,443.84,67.4484,22.1922,0.4222,0.0438
28,43,car,580.83,139.86,602.27,161.81,591.55,150.79,29.5774,7.5394,0.3955,0.0256
28,44,car,645.47,609.39,680.34,645.51,667.12,628.09,33.3561,31.4043,0.6543,2.1145
28,45,car,642.64,172.63,670.01,229.16,656.61,205.86,32.8305,10.2929,0.3155,2.4873
28,46,car,935.56,462.89,971.31,489.87,953.09,478.17,47.6545,23.9087,0.2924,0.6772
28,47,car,848.86,490.89,870.17,516.71,855.77,500.78,42.7883,25.0391,0.3286,2.4244
28,48,car,1478.35,489.44,1503.98,505.2,1489.13,497.52,74.4565,24.8762,0.5074,1.0305
28,13,truck,1185.36,931.57,1339.44,1079.46,1262.41,1005.5,63.1204,50.275,0.59,0.0228
28,49,car,563.8,600.72,587.45,624.05,582.64,610.84,29.1321,30.542,0.3012,3.6435
28,50,person,647.86,419.59,658.53,445.01,653.26,433.78,32.6628,21.6891,0.4017,0.4455
28,51,person,1293.63,576.36,1308.17,608.44,1301.66,592.09,65.0831,29.6045,0.6346,0.247
28,52,person,782.72,707.04,790.61,726.43,786.86,717.13,39.3428,35.8566,0.3965,0.3294
28,41,car,743.03,288.87,768.91,330.46,751.68,299.6,37.5838,14.9798,0.469,2.7363
29,1,person,1386.93,432.61,1399.35,458.7,1393.19,445.54,69.6593,22.2772,0.6479,0.0768
29,2,person,1360.21,432.53,1373.54,459.16,1366.62,446.03,68.3312,22.3015,0.5402,0.088
29,3,person,1322.44,436.14,1334.41,463.86,1328.39,450.08,66.4194,22.504,0.4644,0.0271
29,4,person,883.94,451.53,895.22,476.49,891.06,462.05,44.5529,23.1026,0.2765,1.2046
29,5,person,724.47,619.51,734.38,645.01,729.46,631.77,36.4731,31.5884,0.7511,0.3069
29,6,person,788.72,420.27,803.33,459.82,796.77,439.91,39.8386,21.9955,0.3459,0.4188
29,7,car,936.91,972.26,990.13,1009.35,963.57,990.8,48.1786,49.5399,0.8351,0.0967
29,8,car,574.19,495.37,628.39,543.0,598.3,521.19,29.9149,26.0597,0.7447,1.8447
29,9,car,636.56,694.48,676.94,745.7,656.64,720.07,32.832,36.0035,0.7658,0.0521
29,10,car,751.61,664.81,787.36,700.61,769.45,682.74,38.4726,34.1371,0.8304,0.0216
29,11,car,338.02,537.17,398.66,575.26,366.36,556.04,18.318,27.8018,0.7115,1.0854
29,12,car,434.42,539.53,488.71,574.56,458.79,555.22,22.9396,27.7608,0.6292,1.5471
29,14,car,610.99,350.8,638.36,415.39,624.61,382.97,31.2307,19.1485,0.6956,0.0241
29,15,car,706.4,734.91,735.21,772.98,720.9,753.51,36.0449,37.6753,0.3744,0.0486
29,16,car,394.92,796.61,430.39,856.64,412.64,826.67,20.6318,41.3335,0.677,0.0135
29,17,car,1120.9,684.02,1152.49,742.59,1136.93,713.39,56.8466,35.6695,0.4526,0.0868
29,18,car,626.29,627.5,662.57,668.28,644.45,647.64,32.2224,32.3821,0.36,0.1902
29,19,car,758.96,245.91,782.4,286.31,770.9,266.83,38.545,13.3417,0.3793,0.3864
29,20,motorcycle,1083.96,776.75,1098.82,803.4,1090.87,784.7,54.5435,39.2348,0.3222,2.8499
29,21,car,589.21,412.38,623.03,456.04,606.15,433.28,30.3076,21.6641,0.6057,0.3075
29,22,person,1060.43,463.7,1070.75,487.63,1064.19,475.78,53.2095,23.789,0.4444,0.6771
29,23,motorcycle,1372.93,455.86,1396.53,475.78,1386.23,464.75,69.3114,23.2374,0.4224,0.7674
29,25,car,716.7,547.89,747.69,595.42,734.78,574.11,36.7389,28.7056,0.5144,1.7735
29,26,person,568.45,576.57,576.54,597.18,571.4,586.32,28.5702,29.3159,0.447,0.5999
29,27,car,1157.6,970.59,1180.37,991.37,1168.93,980.89,58.4467,49.0447,0.5792,0.0613
29,28,car,574.2,495.28,628.3,543.91,598.25,521.35,29.9124,26.0677,0.3263,1.8014
29,29,motorcycle,649.56,296.78,661.04,321.87,655.06,316.82,32.7528,15.8411,0.2973,2.7023
29,30,motorcycle,1339.51,440.93,1356.88,459.39,1348.09,450.28,67.4045,22.5141,0.4704,0.0088
29,31,person,707.77,676.51,720.6,702.01,714.08,689.13,35.7039,34.4563,0.5483,0.0799
29,32,person,1030.26,601.14,1046.04,625.86,1038.09,611.69,51.9047,30.5847,0.3402,0.8544
29,33,car,1121.1,684.29,1151.08,742.17,1136.05,713.27,56.8026,35.6636,0.479,0.0483
29,34,car,609.9,302.09,633.39,367.36,621.7,334.79,31.0849,16.7395,0.4637,0.0671
29,35,car,1081.75,496.15,1146.97,536.44,1111.46,516.11,55.5731,25.8054,0.4744,1.3111
29,36,car,650.22,345.7,667.83,383.79,659.23,368.64,32.9613,18.4321,0.5054,2.1515
29,37,person,1108.07,459.66,1117.76,481.26,1111.19,470.74,55.5597,23.5369,0.4089,0.8696
29,38,car,1147.18,628.0,1171.45,672.71,1159.27,650.42,57.9635,32.5209,0.4618,0.0296
29,39,motorcycle,1381.39,472.31,1419.15,511.33,1397.33,492.17,69.8666,24.6085,0.3709,1.4975
29,40,motorcycle,1421.94,434.93,1443.75,454.93,1432.71,444.91,71.6356,22.2455,0.3681,0.0328
29,42,person,1340.68,428.44,1357.33,459.24,1348.96,443.86,67.448,22.1931,0.4266,0.0294
29,43,car,580.88,139.85,602.27,161.71,591.55,150.79,29.5775,7.5397,0.3002,0.0095
29,44,car,644.04,609.02,678.92,645.26,665.71,627.87,33.2857,31.3934,0.7718,2.138
29,45,car,642.7,171.01,669.33,223.91,656.54,203.99,32.8269,10.1993,0.3684,2.8097
29,46,car,935.57,462.88,971.35,489.43,953.22,477.68,47.6609,23.8841,0.3386,0.7624
29,47,car,850.14,492.02,871.55,517.68,857.03,501.8,42.8514,25.0902,0.3044,2.4363
29,48,car,1479.38,489.4,1504.4,504.95,1489.86,497.44,74.4932,24.8721,0.5429,1.1093
29,13,truck,1185.37,931.69,1339.56,1079.47,1262.42,1005.52,63.1208,50.2758,0.6013,0.0255
29,50,person,647.92,418.93,658.75,444.69,653.27,433.5,32.6633,21.675,0.4241,0.4231
29,51,person,1293.33,576.51,1307.78,608.16,1301.5,592.12,65.0752,29.6062,0.559,0.2434
29,52,person,781.77,706.43,790.7,726.3,786.7,716.94,39.335,35.847,0.5511,0.3711
29,41,car,743.49,289.88,769.36,331.17,752.81,302.41,37.6403,15.1204,0.3167,4.5441
29,53,car,1144.87,1052.93,1169.98,1080.19,1157.43,1066.56,57.8713,53.3279,0.5678,0.0
30,1,person,1386.93,432.65,1399.36,458.98,1393.17,445.56,69.6583,22.2781,0.6323,0.0395
30,2,person,1360.19,432.41,1373.69,459.12,1366.67,446.0,68.3337,22.2999,0.4728,0.0905
30,3,person,1322.41,436.18,1334.35,463.78,1328.39,450.06,66.4194,22.5029,0.4576,0.0332
30,4,person,884.19,452.18,894.87,476.88,890.63,462.59,44.5317,23.1294,0.3148,1.025
30,5,person,724.3,619.45,734.35,645.32,729.49,631.94,36.4743,31.5969,0.7302,0.2571
30,7,car,937.09,972.28,990.14,1009.38,963.53,990.79,48.1767,49.5397,0.8239,0.0591
30,8,car,575.02,494.72,629.13,542.5,599.28,520.57,29.964,26.0286,0.8222,1.7463
30,9,car,636.6,694.49,676.96,745.7,656.67,720.07,32.8337,36.0037,0.7453,0.0517
30,10,car,751.6,664.77,787.37,700.62,769.46,682.74,38.4731,34.137,0.8155,0.0149
30,11,car,338.46,536.88,399.13,574.64,366.98,556.03,18.3492,27.8013,0.6931,0.9352
30,12,car,435.83,540.21,490.62,575.81,459.82,555.88,22.9911,27.7939,0.6533,1.8358
30,14,car,610.99,350.82,638.38,415.86,624.62,383.02,31.2312,19.1509,0.6936,0.0724
30,15,car,706.38,734.91,735.2,773.31,720.87,753.58,36.0434,37.679,0.3549,0.1209
30,16,car,394.99,796.55,430.35,856.59,412.64,826.65,20.632,41.3327,0.6691,0.0227
30,17,car,1120.91,684.0,1152.37,742.65,1136.88,713.35,56.844,35.6674,0.4767,0.0995
30,18,car,626.27,627.7,662.52,668.26,644.43,647.75,32.2215,32.3873,0.3599,0.1581
30,19,car,759.01,245.76,782.36,286.1,770.8,266.6,38.5402,13.3302,0.3348,0.3734
30,20,motorcycle,1083.64,778.02,1099.05,805.45,1090.98,786.59,54.5489,39.3294,0.3354,2.8434
30,21,car,589.1,412.61,623.07,461.42,606.13,433.63,30.3067,21.6814,0.5435,0.5182
30,22,person,1060.96,463.57,1071.1,487.54,1064.65,475.73,53.2323,23.7867,0.4405,0.6875
30,23,motorcycle,1372.46,456.12,1395.73,477.25,1385.73,465.06,69.2863,23.2529,0.4347,0.8847
30,25,car,715.72,547.01,746.87,594.78,733.92,573.3,36.696,28.6651,0.4524,1.7702
30,26,person,568.71,576.87,577.32,597.48,571.78,586.48,28.5891,29.3241,0.4268,0.6169
30,27,car,1157.58,970.59,1180.37,991.3,1168.94,980.92,58.447,49.0461,0.5522,0.0443
30,28,car,575.31,494.82,628.82,542.91,599.24,520.78,29.9618,26.0391,0.3376,1.7148
30,29,motorcycle,649.57,295.13,661.01,324.16,655.13,315.16,32.7564,15.7579,0.3206,2.4987
30,30,motorcycle,1339.57,440.97,1356.77,459.41,1348.09,450.27,67.4046,22.5137,0.4474,0.0118
30,31,person,707.46,676.21,720.67,701.84,714.09,689.14,35.7043,34.4571,0.6527,0.0277
30,32,person,1030.28,601.52,1046.1,626.42,1038.11,612.27,51.9057,30.6135,0.316,0.8633
30,33,car,1121.11,684.28,1151.08,742.19,1136.06,713.24,56.8031,35.6622,0.4599,0.0449
30,34,car,609.92,302.07,633.39,367.37,621.68,334.76,31.0839,16.7381,0.502,0.0512
30,35,car,1082.23,496.1,1148.05,536.88,1112.3,516.16,55.6152,25.8079,0.4736,1.2659
30,36,car,650.23,344.62,667.63,381.14,659.14,367.39,32.9572,18.3694,0.5376,1.8846
30,37,person,1108.56,459.5,1118.54,481.27,1111.77,470.67,55.5886,23.5336,0.3792,0.8716
30,38,car,1147.18,627.98,1171.49,672.71,1159.28,650.4,57.9641,32.5199,0.4232,0.0337
30,39,motorcycle,1382.63,472.12,1420.54,511.25,1398.36,492.06,69.918,24.6028,0.4452,1.552
30,40,motorcycle,1421.96,434.77,1443.87,455.02,1432.75,444.93,71.6374,22.2463,0.3619,0.0595
30,42,person,1340.74,428.25,1357.3,459.21,1348.95,443.86,67.4477,22.193,0.3992,0.0081
30,43,car,580.9,139.83,602.3,161.68,591.56,150.79,29.5778,7.5397,0.43,0.01
30,44,car,642.57,608.86,677.58,644.93,664.31,627.63,33.2154,31.3817,0.7733,2.1367
30,45,car,642.84,169.13,670.02,223.0,656.52,202.15,32.8262,10.1075,0.3751,2.7539
30,46,car,935.56,462.88,971.35,489.16,953.31,477.2,47.6657,23.8599,0.3689,0.7389
30,47,car,851.46,492.98,872.7,518.73,858.29,502.81,42.9146,25.1405,0.314,2.4239
30,48,car,1480.28,489.3,1504.96,505.12,1490.53,497.37,74.5265,24.8687,0.5973,1.0027
30,13,truck,1185.36,931.8,1339.57,1079.47,1262.42,1005.54,63.1209,50.2769,0.6222,0.0347
30,50,person,648.11,418.18,658.89,444.2,653.3,432.89,32.665,21.6445,0.4528,0.9173
30,51,person,1293.02,576.72,1307.41,607.88,1301.14,592.34,65.0572,29.6169,0.5087,0.6267
30,52,person,780.93,705.83,791.04,726.26,786.56,716.76,39.3278,35.838,0.521,0.3437
30,41,car,743.88,290.79,770.16,331.84,753.96,305.16,37.6979,15.2578,0.2541,4.4686
30,53,car,1144.87,1052.93,1170.3,1080.19,1157.51,1066.56,57.8753,53.3279,0.5189,0.1196
30,54,car,1166.49,1052.96,1192.01,1079.33,1179.25,1066.15,58.9626,53.3073,0.5115,0.0
31,1,person,1386.95,432.7,1399.36,458.91,1393.15,445.6,69.6576,22.2801,0.5782,0.0638
31,2,person,1360.24,432.69,1373.37,459.07,1366.7,445.98,68.3352,22.2988,0.4967,0.0558
31,3,person,1322.41,436.16,1334.31,463.71,1328.38,450.02,66.4192,22.5009,0.4221,0.0601
31,4,person,884.4,452.77,894.73,477.18,890.27,463.12,44.5135,23.156,0.2925,0.968
31,5,person,724.16,619.45,734.31,645.72,729.46,632.09,36.4729,31.6047,0.7327,0.2388
31,7,car,937.24,972.31,990.17,1009.39,963.52,990.8,48.1759,49.5399,0.7991,0.0236
31,8,car,575.45,493.9,629.96,541.05,600.18,519.84,30.0088,25.9919,0.7783,1.7366
31,9,car,636.54,694.42,676.96,745.72,656.7,720.07,32.8351,36.0037,0.7419,0.0408
31,10,car,751.56,664.77,787.38,700.62,769.47,682.73,38.4733,34.1366,0.7901,0.0134
31,11,car,338.62,536.56,399.56,574.89,367.54,555.96,18.3768,27.7982,0.6455,0.833
31,12,car,437.12,540.37,492.58,576.6,460.9,556.66,23.0451,27.8331,0.6601,2.0025
31,14,car,610.93,350.83,638.4,416.35,624.63,383.1,31.2316,19.155,0.7377,0.1237
31,15,car,706.41,734.92,735.15,773.31,720.84,753.64,36.0421,37.6819,0.3361,0.0939
31,16,car,395.07,796.52,430.45,856.58,412.66,826.63,20.6328,41.3317,0.6443,0.0405
31,17,car,1120.9,683.99,1152.45,742.61,1136.81,713.31,56.8407,35.6655,0.4651,0.1139
31,18,car,626.21,627.78,662.48,668.34,644.41,647.83,32.2207,32.3916,0.3729,0.1313
31,19,car,758.97,245.63,782.3,285.93,770.73,266.39,38.5365,13.3194,0.3417,0.3433
31,20,motorcycle,1083.77,780.11,1098.5,807.04,1091.04,788.5,54.5522,39.4248,0.3048,2.8637
31,21,car,589.01,412.77,623.1,465.38,606.11,434.38,30.3057,21.7191,0.5658,1.1322
31,22,person,1061.5,463.57,1071.42,487.38,1065.09,475.68,53.2547,23.7841,0.5033,0.6765
31,23,motorcycle,1371.93,456.47,1395.07,477.85,1385.18,465.44,69.2588,23.2718,0.3804,0.9996
31,25,car,714.83,546.26,746.09,593.86,733.06,572.48,36.6529,28.6242,0.5217,1.7836
31,26,person,568.9,577.33,577.98,597.78,572.17,586.71,28.6083,29.3353,0.4428,0.6674
31,27,car,1157.58,970.64,1180.36,991.29,1168.95,980.94,58.4473,49.0472,0.582,0.0316
31,28,car,575.94,494.07,629.47,541.15,600.14,520.09,30.0068,26.0045,0.3699,1.7024
31,29,motorcycle,649.54,294.11,661.15,324.24,655.19,313.54,32.7594,15.6771,0.348,2.4251
31,30,motorcycle,1339.52,441.13,1356.64,459.39,1348.09,450.27,67.4045,22.5136,0.3925,0.0032
31,31,person,707.99,676.81,720.31,701.81,714.11,689.2,35.7056,34.4599,0.6357,0.093
31,32,person,1030.19,602.17,1045.94,626.7,1038.1,612.85,51.9051,30.6426,0.3607,0.8735
31,33,car,1121.09,684.28,1151.16,742.08,1136.08,713.21,56.8039,35.6607,0.4242,0.051
31,34,car,609.98,302.12,633.39,367.33,621.67,334.74,31.0833,16.7369,0.5239,0.0389
31,35,car,1083.03,496.09,1149.05,536.85,1113.21,516.23,55.6606,25.8117,0.4711,1.3658
31,36,car,650.16,343.65,667.54,379.37,659.06,366.27,32.9532,18.3133,0.5453,1.6883
31,37,person,1109.03,459.47,1119.58,481.12,1112.37,470.59,55.6187,23.5295,0.355,0.9101
31,38,car,1147.18,627.97,1171.51,672.72,1159.3,650.38,57.9648,32.519,0.4218,0.0327
31,39,motorcycle,1390.71,487.75,1419.68,512.06,1399.75,493.12,69.9877,24.6558,0.4551,2.627
31,40,motorcycle,1422.02,434.95,1443.87,455.23,1432.78,444.95,71.639,22.2473,0.3236,0.056
31,42,person,1340.68,428.14,1357.31,459.18,1348.95,443.84,67.4477,22.1918,0.3398,0.0359
31,43,car,580.93,139.82,602.31,161.59,591.57,150.79,29.5783,7.5393,0.4647,0.018
31,44,car,635.82,608.59,676.07,648.06,662.52,627.64,33.1259,31.3819,0.6997,2.6868
31,45,car,642.85,167.93,669.76,222.09,656.47,200.37,32.8237,10.0185,0.4411,2.6702
31,46,car,935.59,462.86,971.34,488.85,953.39,476.71,47.6696,23.8356,0.3766,0.737
31,47,car,852.56,494.08,874.01,519.74,859.54,503.82,42.9772,25.191,0.3147,2.4138
31,48,car,1481.07,489.27,1505.37,505.34,1491.2,497.34,74.5598,24.867,0.5347,1.0006
31,13,truck,1185.42,931.88,1339.61,1079.46,1262.42,1005.56,63.1211,50.2778,0.6801,0.0276
31,50,person,648.45,418.15,659.05,443.53,653.38,432.33,32.6689,21.6166,0.5014,0.8462
31,51,person,1292.67,577.03,1306.9,607.72,1300.82,592.4,65.0409,29.6198,0.4793,0.4963
31,52,person,780.21,705.55,791.2,726.1,786.42,716.61,39.3208,35.8303,0.4678,0.3154
31,41,car,744.59,292.12,770.57,332.48,755.17,307.86,37.7587,15.3931,0.2531,4.4509
31,53,car,1144.9,1052.88,1170.83,1080.17,1157.63,1066.55,57.8813,53.3274,0.5157,0.1806
31,54,car,1166.74,1053.03,1191.94,1079.2,1179.3,1066.13,58.9649,53.3065,0.4803,0.0713
32,1,person,1386.97,432.76,1399.34,459.21,1393.15,445.65,69.6573,22.2826,0.5959,0.0762
32,2,person,1360.3,432.83,1373.08,459.09,1366.72,445.96,68.3361,22.2978,0.5163,0.0406
32,3,person,1322.41,436.28,1334.23,463.69,1328.37,449.99,66.4187,22.4995,0.4466,0.0445
32,4,person,884.58,453.37,894.64,477.53,889.96,463.69,44.4981,23.1844,0.296,0.9675
32,5,person,724.1,619.93,734.38,645.94,729.42,632.28,36.4712,31.6138,0.7074,0.2787
32,7,car,937.24,972.31,990.2,1009.36,963.53,990.8,48.1765,49.5402,0.7791,0.0198
32,8,car,577.19,493.09,631.3,539.96,601.16,519.09,30.0582,25.9544,0.7759,1.8599
32,9,car,636.6,694.37,676.97,745.7,656.73,720.07,32.8364,36.0035,0.7382,0.0399
32,10,car,751.56,664.75,787.47,700.62,769.48,682.72,38.474,34.1358,0.8072,0.0304
32,11,car,338.89,536.46,400.1,575.14,368.08,555.95,18.4038,27.7975,0.6319,0.81
32,12,car,438.2,540.73,493.96,577.57,462.09,557.25,23.1043,27.8626,0.6253,1.9847
32,14,car,610.84,350.81,638.37,416.85,624.63,383.23,31.2317,19.1614,0.7393,0.1907
32,15,car,706.46,734.92,735.11,773.29,720.82,753.69,36.041,37.6843,0.3402,0.0787
32,16,car,395.15,796.66,430.43,856.54,412.68,826.62,20.634,41.331,0.6336,0.0405
32,17,car,1120.89,683.99,1152.31,742.51,1136.75,713.29,56.8374,35.6643,0.4358,0.1072
32,18,car,626.15,627.81,662.49,668.39,644.39,647.9,32.2197,32.3952,0.3537,0.1123
32,19,car,758.97,245.66,782.35,285.87,770.69,266.22,38.5344,13.3111,0.381,0.2577
32,20,motorcycle,1083.59,781.93,1098.57,808.55,1091.07,790.44,54.5534,39.5221,0.3799,2.919
32,21,car,588.98,412.92,623.14,468.3,606.1,435.46,30.3048,21.7729,0.5466,1.6161
32,22,person,1062.0,463.53,1071.74,487.3,1065.55,475.63,53.2774,23.7814,0.4854,0.6844
32,23,motorcycle,1371.33,456.6,1394.66,478.15,1384.65,465.85,69.2323,23.2927,0.4115,1.0124
32,25,car,714.02,545.47,745.26,592.8,732.2,571.66,36.6102,28.583,0.5195,1.7784
32,26,person,569.15,577.4,578.89,598.03,572.59,586.94,28.6294,29.3472,0.4449,0.7265
32,27,car,1157.62,970.6,1180.38,991.23,1168.96,980.94,58.448,49.0472,0.5764,0.0215
32,28,car,577.5,493.22,630.99,540.07,601.11,519.36,30.0557,25.968,0.3636,1.829
32,29,motorcycle,649.58,292.4,661.09,323.34,655.23,311.95,32.7616,15.5975,0.4001,2.3891
32,30,motorcycle,1339.47,441.23,1356.53,459.34,1348.08,450.26,67.4041,22.5132,0.4041,0.0158
32,31,person,708.33,677.19,720.12,701.81,714.15,689.28,35.7076,34.4638,0.6848,0.1323
32,32,person,1030.44,602.77,1045.87,626.91,1038.11,613.42,51.9057,30.6712,0.351,0.8576
32,33,car,1121.09,684.28,1151.19,741.94,1136.09,713.19,56.8046,35.6595,0.4403,0.04
32,34,car,610.01,302.13,633.4,367.3,621.66,334.73,31.0832,16.7363,0.5182,0.0207
32,35,car,1083.69,496.03,1149.97,536.45,1114.13,516.25,55.7064,25.8127,0.4476,1.3726
32,36,car,650.13,342.49,667.36,377.59,658.98,365.17,32.9492,18.2586,0.2856,1.6442
32,37,person,1109.44,459.5,1120.24,480.99,1112.98,470.51,55.649,23.5253,0.3494,0.9191
32,38,car,1147.15,627.95,1171.5,672.7,1159.31,650.37,57.9653,32.5183,0.427,0.0274
32,39,motorcycle,1394.73,493.43,1420.16,512.19,1401.35,494.63,70.0673,24.7314,0.4345,3.2922
32,40,motorcycle,1422.11,435.5,1443.52,455.11,1432.8,445.0,71.6398,22.2499,0.3177,0.0804
32,42,person,1340.66,428.07,1357.19,459.12,1348.95,443.79,67.4476,22.1896,0.3315,0.0663
32,43,car,580.94,139.85,602.3,161.66,591.58,150.78,29.5789,7.5391,0.4801,0.0189
32,44,car,636.25,608.39,674.72,646.52,660.86,627.55,33.0428,31.3773,0.6921,2.4946
32,45,car,642.69,166.43,669.47,221.46,656.35,198.64,32.8174,9.9321,0.4411,2.5997
32,46,car,935.6,462.86,971.35,488.63,953.43,476.35,47.6717,23.8174,0.3877,0.5522
32,47,car,853.72,495.0,875.04,520.63,860.78,504.82,43.0389,25.2409,0.2564,2.3795
32,48,car,1481.85,489.1,1506.18,505.47,1491.91,497.31,74.5956,24.8657,0.5075,1.0761
32,13,truck,1185.41,931.97,1339.71,1079.46,1262.43,1005.58,63.1215,50.279,0.7,0.0378
32,50,person,648.37,417.73,659.42,443.01,653.47,431.8,32.6734,21.5899,0.403,0.8096
32,51,person,1292.27,577.24,1306.51,607.5,1300.49,592.38,65.0246,29.619,0.4747,0.4906
32,52,person,779.62,705.48,791.38,725.78,786.28,716.47,39.3142,35.8233,0.4107,0.287
32,41,car,745.08,293.19,770.6,333.21,756.41,310.51,37.8207,15.5254,0.4166,4.385
32,53,car,1144.93,1052.94,1171.12,1080.16,1157.73,1066.55,57.8863,53.3274,0.5121,0.1508
32,54,car,1166.91,1052.99,1192.04,1079.13,1179.36,1066.11,58.9678,53.3053,0.4587,0.096
32,55,car,1017.88,647.88,1049.2,694.74,1033.54,671.31,51.6772,33.5656,0.4654,0.0
33,1,person,1387.02,432.82,1399.36,459.45,1393.15,445.74,69.6576,22.2872,0.6139,0.1363
33,2,person,1360.31,432.93,1372.86,459.09,1366.73,445.94,68.3367,22.2969,0.5302,0.0329
33,3,person,1322.45,436.31,1334.22,463.7,1328.37,449.98,66.4185,22.4989,0.4598,0.0216
33,5,person,724.09,620.44,734.48,646.25,729.39,632.5,36.4693,31.6248,0.7772,0.3347
33,7,car,937.48,972.33,990.33,1009.38,963.59,990.81,48.1796,49.5406,0.7848,0.093
33,8,car,578.22,492.15,632.22,539.05,602.15,518.29,30.1074,25.9145,0.7899,1.8993
33,9,car,636.75,694.33,676.96,745.68,656.76,720.06,32.8379,36.0032,0.7047,0.0459
33,10,car,751.53,664.7,787.46,700.63,769.49,682.7,38.4743,34.135,0.7929,0.0264
33,11,car,339.92,536.48,400.81,575.28,368.67,555.94,18.4335,27.7968,0.6763,0.8924
33,12,car,439.36,536.35,496.06,576.21,463.37,557.34,23.1687,27.8672,0.59,1.9376
33,14,car,610.75,350.82,638.35,417.2,624.63,383.38,31.2315,19.1692,0.7203,0.2352
33,15,car,706.5,734.87,735.14,773.03,720.81,753.87,36.0405,37.6934,0.3098,0.2731
33,16,car,395.19,796.7,430.5,856.56,412.72,826.61,20.6358,41.3306,0.6092,0.0544
33,17,car,1120.89,684.0,1152.22,742.41,1136.69,713.27,56.8343,35.6633,0.4534,0.0968
33,18,car,626.25,627.71,662.46,668.26,644.38,647.95,32.2189,32.3973,0.3659,0.067
33,19,car,759.01,246.39,782.26,285.6,770.67,266.11,38.5333,13.3056,0.3611,0.1676
33,20,motorcycle,1083.4,783.62,1099.15,810.11,1091.09,792.27,54.5545,39.6133,0.3428,2.7347
33,21,car,589.0,412.93,623.11,470.04,606.08,436.71,30.304,21.8354,0.5495,1.8724
33,22,person,1062.43,463.61,1072.01,487.29,1065.99,475.57,53.2996,23.7784,0.444,0.6726
33,23,motorcycle,1370.91,456.64,1394.21,478.3,1384.14,466.27,69.2069,23.3136,0.416,0.9885
33,25,car,713.23,544.65,744.44,591.82,731.35,570.82,36.5676,28.5409,0.6075,1.7971
33,26,person,569.51,577.33,579.51,598.16,573.04,587.15,28.6519,29.3577,0.4706,0.7438
33,27,car,1157.69,970.64,1180.36,991.22,1168.98,980.95,58.4489,49.0473,0.5261,0.0271
33,28,car,578.72,492.32,631.7,538.98,602.11,518.56,30.1055,25.9281,0.3976,1.9153
33,29,motorcycle,649.55,290.86,660.99,322.13,655.27,310.39,32.7633,15.5195,0.3322,2.3423
33,30,motorcycle,1339.59,441.43,1356.52,459.34,1348.08,450.27,67.4041,22.5136,0.3938,0.0121
33,31,person,708.53,677.38,720.01,701.84,714.2,689.37,35.7098,34.4684,0.7105,0.1533
33,32,person,1030.75,603.05,1045.53,627.09,1038.12,613.9,51.9062,30.6949,0.3145,0.7134
33,33,car,1121.09,684.3,1151.2,741.82,1136.11,713.16,56.8053,35.6582,0.4632,0.0461
33,34,car,610.02,302.1,633.48,367.4,621.67,334.72,31.0836,16.7362,0.4901,0.0138
33,35,car,1083.37,495.85,1150.93,536.78,1114.98,516.27,55.749,25.8136,0.481,1.2793
33,36,car,650.19,341.54,667.21,375.94,658.92,363.63,32.9458,18.1813,0.4085,2.3223
33,37,person,1109.86,459.54,1120.65,480.87,1113.56,470.42,55.6781,23.5211,0.3751,0.8801
33,38,car,1147.14,627.92,1171.5,672.71,1159.31,650.35,57.9657,32.5175,0.4271,0.026
33,39,motorcycle,1397.07,495.98,1421.65,512.11,1403.07,496.31,70.1536,24.8153,0.3674,3.6138
33,40,motorcycle,1421.95,435.11,1443.63,455.08,1432.82,445.03,71.6408,22.2514,0.3098,0.0539
33,42,person,1340.74,428.07,1357.08,459.08,1348.95,443.74,67.4475,22.187,0.3495,0.078
33,43,car,580.9,139.87,602.28,161.71,591.58,150.78,29.5792,7.5388,0.4172,0.0133
33,44,car,636.1,608.21,673.27,645.38,659.27,627.39,32.9637,31.3693,0.6864,2.3871
33,45,car,642.88,167.05,668.36,220.79,656.15,197.13,32.8075,9.8565,0.3614,2.2883
33,46,car,935.59,462.93,971.35,488.54,953.45,476.1,47.6726,23.8049,0.33,0.3746
33,47,car,854.96,495.87,876.1,521.49,861.99,505.81,43.0995,25.2903,0.2601,2.3465
33,48,car,1482.54,489.09,1506.73,504.94,1492.58,497.24,74.6291,24.8622,0.3607,1.0079
33,13,truck,1185.43,932.05,1339.79,1079.49,1262.47,1005.62,63.1234,50.2811,0.6553,0.0826
33,50,person,648.42,416.93,659.88,442.59,653.58,431.29,32.6792,21.5645,0.4088,0.7836
33,51,person,1291.9,577.4,1306.11,607.5,1300.15,592.38,65.0074,29.6191,0.4904,0.5161
33,52,person,779.26,705.31,791.51,725.41,786.04,716.16,39.3022,35.8082,0.4423,0.5784
33,41,car,745.37,294.25,770.78,334.2,756.91,311.43,37.8454,15.5715,0.421,1.5669
33,53,car,1144.95,1053.01,1171.03,1080.17,1157.78,1066.56,57.8889,53.3278,0.5123,0.08
33,54,car,1166.86,1053.09,1192.07,1079.18,1179.38,1066.11,58.9692,53.3057,0.4621,0.043
33,55,car,1018.21,648.89,1049.68,695.2,1033.74,671.68,51.6872,33.5838,0.3875,0.6246
33,56,car,1433.26,470.56,1469.55,507.82,1451.41,489.19,72.5703,24.4597,0.3862,0.0
34,1,person,1387.06,432.93,1399.38,459.68,1393.16,445.88,69.6581,22.2938,0.6384,0.1988
34,2,person,1360.3,433.16,1372.62,459.16,1366.72,445.94,68.3361,22.2971,0.551,0.0192
34,3,person,1322.57,436.53,1334.21,463.68,1328.37,449.99,66.4186,22.4997,0.4462,0.027
34,5,person,724.95,620.94,734.69,646.62,729.42,632.76,36.4709,31.6381,0.7625,0.4023
34,7,car,937.64,972.34,990.46,1009.4,963.7,990.83,48.1851,49.5413,0.726,0.1679
34,8,car,578.77,491.22,633.58,538.99,603.12,517.5,30.156,25.8751,0.7855,1.8778
34,9,car,636.97,694.3,677.01,745.7,656.8,720.05,32.8401,36.0027,0.7004,0.0688
34,10,car,751.55,664.66,787.39,700.6,769.49,682.68,38.4743,34.1342,0.7917,0.0236
34,11,car,340.77,536.59,401.39,575.44,369.27,555.93,18.4633,27.7967,0.6543,0.8917
34,12,car,440.54,536.87,496.81,575.87,464.68,557.38,23.2338,27.8689,0.5577,1.9511
34,14,car,610.7,350.83,638.35,417.52,624.62,383.56,31.2312,19.178,0.6976,0.2642
34,15,car,706.5,734.84,735.21,773.07,720.81,753.98,36.0405,37.6989,0.3163,0.1662
34,16,car,395.02,796.66,430.51,856.54,412.74,826.6,20.6368,41.3301,0.5931,0.0339
34,17,car,1120.95,684.01,1152.24,742.12,1136.65,713.24,56.8324,35.662,0.4558,0.0708
34,18,car,626.5,628.17,662.55,668.29,644.4,648.01,32.2198,32.4006,0.2583,0.1034
34,19,car,759.04,246.8,782.23,285.49,770.66,266.03,38.533,13.3016,0.3798,0.1203
34,20,motorcycle,1083.7,784.83,1099.4,811.56,1091.25,793.55,54.5624,39.6776,0.2612,1.9434
34,21,car,589.04,412.87,623.1,470.8,606.07,438.06,30.3037,21.9028,0.5584,2.0238
34,22,person,1062.85,464.09,1072.39,487.2,1066.42,475.56,53.321,23.778,0.4316,0.6414
34,23,motorcycle,1370.37,456.55,1393.56,478.21,1383.59,466.67,69.1797,23.3336,0.4003,1.0118
34,25,car,712.53,543.85,743.67,590.98,730.52,569.99,36.526,28.4994,0.5203,1.7652
34,26,person,569.9,577.42,579.97,598.19,573.5,587.35,28.6752,29.3677,0.5078,0.7606
34,27,car,1157.78,970.72,1180.41,991.29,1169.0,980.96,58.45,49.0479,0.5687,0.039
34,28,car,579.42,491.41,632.85,538.77,603.09,517.74,30.1543,25.8871,0.3044,1.9123
34,29,motorcycle,649.61,289.14,661.17,320.46,655.3,308.8,32.7652,15.4402,0.2906,2.3802
34,30,motorcycle,1339.73,441.33,1356.5,459.3,1348.09,450.27,67.4047,22.5135,0.3634,0.0181
34,31,person,708.67,677.51,719.98,701.99,714.22,689.42,35.7109,34.4711,0.7684,0.0878
34,32,person,1030.97,603.15,1045.25,627.29,1038.13,614.3,51.9064,30.7148,0.3033,0.5969
34,33,car,1121.15,684.31,1151.25,741.52,1136.13,713.13,56.8063,35.6563,0.4663,0.0638
34,34,car,610.06,302.11,633.5,367.42,621.69,334.73,31.0846,16.7366,0.44,0.0322
34,35,car,1084.27,495.9,1152.02,537.61,1115.86,516.38,55.7928,25.8192,0.4946,1.3258
34,36,car,650.3,340.7,667.17,374.74,658.87,361.82,32.9433,18.0911,0.2892,2.7087
34,37,person,1110.25,459.48,1120.97,480.77,1114.11,470.33,55.7056,23.5167,0.3844,0.8381
34,38,car,1147.15,627.9,1171.65,672.72,1159.33,650.34,57.9667,32.5169,0.4535,0.0345
34,39,motorcycle,1399.26,496.23,1423.52,511.72,1404.93,498.01,70.2467,24.9007,0.3543,3.7903
34,40,motorcycle,1421.93,435.6,1443.42,455.02,1432.82,445.08,71.641,22.2541,0.284,0.0825
34,42,person,1340.74,428.19,1356.99,459.06,1348.95,443.7,67.4473,22.185,0.3621,0.062
34,43,car,580.87,139.91,602.25,161.74,591.59,150.78,29.5794,7.5389,0.4461,0.0044
34,44,car,632.77,608.06,671.82,646.87,657.55,627.36,32.8776,31.3681,0.6789,2.5813
34,45,car,642.98,166.37,668.04,219.82,656.04,195.77,32.802,9.7885,0.3583,2.0464
34,46,car,934.25,463.08,971.28,490.89,953.36,476.12,47.668,23.8062,0.3278,0.1431
34,47,car,856.34,496.6,876.55,518.17,863.15,506.47,43.1577,25.3235,0.2743,2.0083
34,48,car,1483.26,489.04,1507.29,504.71,1493.26,497.17,74.663,24.8584,0.3561,1.0249
34,13,truck,1185.43,932.09,1339.74,1079.54,1262.51,1005.67,63.1257,50.2835,0.5955,0.1015
34,50,person,648.44,416.2,660.08,442.29,653.73,430.79,32.6863,21.5394,0.4051,0.7834
34,51,person,1291.64,577.57,1305.68,607.56,1299.79,592.4,64.9893,29.6199,0.479,0.5433
34,52,person,779.04,705.31,791.52,725.16,785.82,715.89,39.2911,35.7943,0.552,0.5341
34,41,car,745.44,295.28,771.29,334.63,757.33,312.31,37.8663,15.6156,0.436,1.4649
34,53,car,1144.97,1053.09,1171.17,1080.17,1157.83,1066.57,57.8913,53.3284,0.5202,0.0744
34,54,car,1166.83,1053.16,1192.33,1079.31,1179.42,1066.14,58.9711,53.3069,0.4043,0.0685
34,55,car,1018.77,649.97,1050.09,695.95,1033.97,672.1,51.6986,33.6052,0.3542,0.727
34,56,car,1433.95,470.36,1470.41,507.88,1451.79,489.16,72.5897,24.4578,0.3956,0.585
35,1,person,1387.05,433.01,1399.37,459.93,1393.17,446.02,69.6587,22.3012,0.6955,0.225
35,2,person,1360.32,433.34,1372.54,459.18,1366.68,445.98,68.3342,22.2991,0.6583,0.0832
35,3,person,1322.6,436.67,1334.2,463.68,1328.37,450.03,66.4187,22.5013,0.471,0.0459
35,5,person,725.55,621.52,734.87,647.07,729.51,633.08,36.4753,31.6542,0.8151,0.4985
35,7,car,937.7,972.3,990.57,1009.36,963.81,990.84,48.1904,49.5419,0.7301,0.1584
35,8,car,580.25,490.47,634.79,539.7,604.18,516.8,30.2088,25.8398,0.8,1.904
35,9,car,637.06,694.32,677.03,745.72,656.85,720.05,32.8425,36.0023,0.6989,0.073
35,10,car,751.54,664.64,787.37,700.56,769.48,682.67,38.4742,34.1334,0.7998,0.0238
35,11,car,340.96,536.5,401.85,575.55,369.79,555.92,18.4897,27.7959,0.6763,0.7935
35,12,car,441.92,534.21,498.31,575.17,466.03,557.15,23.3016,27.8573,0.6242,2.0639
35,14,car,610.69,350.87,638.37,417.84,624.61,383.77,31.2303,19.1885,0.7044,0.3172
35,15,car,706.58,734.79,735.25,773.01,720.82,754.01,36.0411,37.7006,0.3333,0.0526
35,16,car,395.06,796.49,430.55,856.53,412.76,826.58,20.6378,41.3292,0.5755,0.0413
35,17,car,1120.94,683.99,1152.26,741.68,1136.62,713.18,56.8311,35.6591,0.4535,0.0923
35,19,car,759.13,247.0,782.35,285.52,770.67,266.0,38.5333,13.2999,0.359,0.0523
35,20,motorcycle,1104.4,772.14,1119.45,799.0,1094.24,793.04,54.7121,39.6518,0.3531,4.557
35,21,car,589.08,412.82,623.08,471.65,606.07,439.49,30.3037,21.9747,0.5719,2.1579
35,22,person,1063.16,464.6,1072.66,487.13,1066.81,475.58,53.3407,23.7791,0.4274,0.5932
35,23,motorcycle,1370.09,456.4,1392.88,478.13,1383.05,467.02,69.1524,23.3511,0.5234,0.975
35,25,car,711.74,543.1,742.85,590.28,729.69,569.16,36.4845,28.4578,0.5393,1.7627
35,26,person,570.34,577.79,580.2,598.43,573.95,587.57,28.6977,29.3784,0.5653,0.7492
35,27,car,1157.82,970.81,1180.41,991.34,1169.02,980.97,58.4511,49.0487,0.5099,0.0402
35,28,car,581.01,490.59,634.0,538.12,604.16,516.83,30.208,25.8416,0.3419,2.1106
35,29,motorcycle,649.62,287.55,661.21,318.75,655.33,307.21,32.7667,15.3604,0.3483,2.3936
35,30,motorcycle,1339.75,441.35,1356.53,459.31,1348.11,450.28,67.4054,22.5138,0.4933,0.0229
35,31,person,707.93,677.02,720.32,701.91,714.19,689.42,35.7096,34.4708,0.727,0.0397
35,32,person,1031.64,603.8,1045.09,627.61,1038.17,614.68,51.9085,30.7339,0.2932,0.5752
35,33,car,1121.14,684.26,1151.22,740.48,1136.14,713.01,56.807,35.6507,0.4728,0.1684
35,34,car,610.07,302.11,633.47,367.41,621.71,334.74,31.0856,16.7368,0.396,0.031
35,35,car,1084.83,495.92,1153.05,537.18,1116.66,516.44,55.8329,25.8222,0.4783,1.205
35,36,car,650.34,339.79,667.2,373.74,658.82,360.34,32.9411,18.0172,0.4965,2.2164
35,37,person,1110.62,459.4,1121.22,480.71,1114.63,470.25,55.7314,23.5126,0.4412,0.7819
35,38,car,1147.15,627.91,1171.74,672.73,1159.35,650.33,57.9677,32.5165,0.4539,0.0345
35,39,motorcycle,1401.57,495.3,1424.71,511.19,1406.91,499.64,70.3456,24.9821,0.4759,3.8399
35,40,motorcycle,1421.91,435.4,1443.46,455.11,1432.81,445.13,71.6405,22.2563,0.4003,0.0681
35,42,person,1340.76,428.28,1356.97,459.02,1348.94,443.67,67.4471,22.1834,0.3707,0.0484
35,43,car,580.86,139.95,602.25,161.77,591.59,150.78,29.5794,7.5391,0.4206,0.006
35,44,car,630.45,607.97,670.45,648.16,655.77,627.45,32.7887,31.3725,0.6142,2.6714
35,45,car,642.94,165.46,667.46,218.36,655.88,194.49,32.794,9.7244,0.4259,1.9389
35,46,car,933.36,463.19,971.21,492.55,953.2,476.34,47.6598,23.8169,0.3575,0.4039
35,47,car,857.53,497.73,878.13,520.77,864.34,507.25,43.2171,25.3625,0.2933,2.1305
35,48,car,1484.18,488.97,1509.08,505.4,1494.04,497.15,74.7021,24.8575,0.4026,1.1715
35,13,truck,1185.48,932.01,1339.79,1079.57,1262.55,1005.71,63.1274,50.2855,0.5787,0.0779
35,50,person,648.42,415.77,660.01,441.72,653.87,430.28,32.6936,21.5139,0.4173,0.7929
35,51,person,1291.33,577.64,1305.34,607.63,1299.42,592.43,64.9709,29.6216,0.5126,0.5527
35,52,person,778.66,705.23,791.11,725.09,785.57,715.66,39.2784,35.783,0.5571,0.5092
35,41,car,745.5,296.27,771.57,334.61,757.69,313.14,37.8846,15.6569,0.3221,1.3538
35,53,car,1145.03,1053.15,1170.99,1080.19,1157.85,1066.58,57.8926,53.3291,0.4989,0.0447
35,54,car,1166.81,1053.24,1192.35,1079.34,1179.45,1066.16,58.9724,53.3082,0.3817,0.0543
35,55,car,1019.31,650.79,1050.48,696.58,1034.2,672.5,51.7101,33.625,0.3543,0.6866
35,56,car,1435.07,469.77,1473.75,508.05,1452.67,489.07,72.6333,24.4537,0.3636,1.3131
35,57,car,556.05,546.12,579.99,566.63,568.02,556.38,28.4011,27.8188,0.5345,0.0
36,1,person,1387.02,433.11,1399.34,460.5,1393.18,446.19,69.659,22.3095,0.6651,0.2468
36,2,person,1360.32,433.39,1372.59,459.22,1366.62,446.05,68.3312,22.3024,0.6092,0.1332
36,3,person,1322.62,436.55,1334.26,463.71,1328.38,450.04,66.4188,22.5022,0.4662,0.0275
36,5,person,725.33,622.11,735.12,647.44,729.62,633.44,36.481,31.6721,0.7991,0.5655
36,7,car,937.74,972.29,990.62,1009.33,963.9,990.84,48.1951,49.542,0.7181,0.1422
36,8,car,581.02,489.75,635.82,539.12,605.19,516.12,30.2597,25.8059,0.7673,1.8349
36,9,car,637.01,694.32,677.04,745.67,656.89,720.03,32.8445,36.0016,0.6711,0.062
36,10,car,751.53,664.65,787.33,700.53,769.48,682.65,38.4738,34.1326,0.779,0.0285
36,11,car,340.99,536.38,402.31,575.63,370.27,555.89,18.5133,27.7944,0.636,0.7106
36,12,car,443.22,533.46,498.83,574.76,467.38,556.73,23.3691,27.8364,0.667,2.1219
36,14,car,610.77,350.91,638.34,417.89,624.59,383.96,31.2295,19.1979,0.7164,0.2808
36,15,car,706.59,734.73,735.18,772.98,720.83,754.0,36.0417,37.6999,0.3408,0.0258
36,16,car,395.07,796.37,430.59,856.55,412.78,826.56,20.6391,41.328,0.5921,0.0523
36,17,car,1120.95,683.99,1152.32,741.62,1136.61,713.11,56.8307,35.6556,0.4502,0.1084
36,19,car,759.2,247.13,782.48,285.63,770.69,266.04,38.5345,13.3018,0.3865,0.0688
36,20,motorcycle,1111.35,766.73,1126.41,793.94,1098.17,791.64,54.9084,39.5822,0.3271,6.2494
36,21,car,589.1,412.67,623.16,472.16,606.08,440.67,30.3038,22.0334,0.6061,1.7584
36,22,person,1063.46,465.11,1072.82,487.02,1067.18,475.64,53.3589,23.7819,0.4083,0.5531
36,23,motorcycle,1369.81,456.2,1393.11,479.51,1382.58,467.31,69.129,23.3657,0.4012,0.8256
36,25,car,710.91,542.41,741.97,589.63,728.87,568.35,36.4433,28.4175,0.596,1.7266
36,26,person,570.81,578.11,580.28,598.73,574.39,587.79,28.7195,29.3894,0.6226,0.7325
36,27,car,1157.84,970.86,1180.41,991.39,1169.04,980.99,58.4521,49.0497,0.5077,0.0432
36,28,car,581.8,489.96,634.93,538.03,605.18,516.03,30.2588,25.8016,0.3221,1.9403
36,29,motorcycle,649.79,285.11,661.1,309.05,655.35,305.46,32.7677,15.273,0.4577,2.6231
36,30,motorcycle,1339.77,441.28,1356.62,459.3,1348.11,450.29,67.4054,22.5147,0.5068,0.0276
36,31,person,707.51,676.78,720.57,701.83,714.17,689.42,35.7086,34.4711,0.6758,0.0327
36,32,person,1032.43,604.48,1045.21,628.09,1038.26,615.08,51.9132,30.7538,0.2881,0.6128
36,33,car,1121.14,684.23,1151.14,740.5,1136.15,712.89,56.8073,35.6445,0.4861,0.1871
36,34,car,610.08,302.07,633.49,367.43,621.73,334.74,31.0866,16.737,0.4805,0.03
36,35,car,1085.35,495.94,1154.01,537.52,1117.42,516.51,55.8709,25.8253,0.5007,1.1446
36,36,car,650.38,338.99,667.3,372.85,658.8,359.08,32.9398,17.9541,0.488,1.8928
36,37,person,1111.15,459.22,1121.5,480.61,1115.11,470.17,55.7557,23.5087,0.4512,0.7392
36,38,car,1147.15,627.92,1171.81,672.73,1159.38,650.33,57.9689,32.5163,0.4417,0.0354
36,39,motorcycle,1402.81,494.44,1425.83,510.96,1408.92,501.2,70.4459,25.0598,0.3982,3.8081
36,40,motorcycle,1421.85,435.45,1443.43,455.09,1432.78,445.18,71.639,22.2588,0.3978,0.0854
36,42,person,1340.77,428.1,1357.02,458.96,1348.93,443.62,67.4463,22.1812,0.3609,0.0708
36,43,car,580.84,139.98,602.24,161.8,591.58,150.8,29.5792,7.5398,0.4252,0.0244
36,44,car,628.47,607.74,669.06,649.36,653.96,627.65,32.6979,31.3825,0.5643,2.7414
36,45,car,642.65,162.74,667.02,216.61,655.71,193.37,32.7855,9.6687,0.4074,1.688
36,46,car,932.53,463.27,971.18,493.66,952.97,476.67,47.6483,23.8334,0.33,0.6035
36,47,car,858.67,498.71,879.48,522.72,865.52,508.09,43.2758,25.4044,0.3208,2.1657
36,48,car,1485.14,488.77,1509.74,505.7,1494.83,497.16,74.7417,24.8579,0.3184,1.1892
36,13,truck,1185.38,932.04,1339.87,1079.58,1262.57,1005.74,63.1285,50.2871,0.6263,0.0601
36,50,person,648.29,415.08,659.9,441.08,653.98,429.75,32.6991,21.4873,0.4023,0.8153
36,51,person,1291.03,577.81,1305.04,607.74,1299.06,592.49,64.9529,29.6247,0.5236,0.5477
36,52,person,778.45,705.19,790.5,724.87,785.32,715.47,39.2659,35.7735,0.5357,0.4726
36,41,car,745.83,297.42,771.93,335.15,758.04,313.96,37.9021,15.698,0.3405,1.3422
36,53,car,1145.06,1053.19,1171.05,1080.21,1157.94,1066.6,57.8972,53.3301,0.4834,0.1385
36,54,car,1166.89,1053.28,1192.29,1079.33,1179.47,1066.18,58.9734,53.3092,0.3355,0.0423
36,55,car,1019.84,651.4,1050.95,697.2,1034.44,672.86,51.722,33.643,0.3897,0.648
36,56,car,1435.85,470.3,1475.44,508.0,1453.41,489.09,72.6705,24.4546,0.362,1.1174
36,57,car,558.16,546.18,581.99,567.11,569.05,556.51,28.4525,27.8255,0.5747,1.5535
37,1,person,1387.01,433.16,1399.31,460.63,1393.18,446.34,69.6591,22.3172,0.6262,0.2317
37,2,person,1360.28,433.37,1372.7,459.21,1366.56,446.12,68.328,22.3062,0.5909,0.1492
37,3,person,1322.57,436.45,1334.29,463.82,1328.38,450.07,66.4191,22.5033,0.4676,0.0352
37,5,person,725.8,622.73,735.28,647.67,729.79,633.84,36.4897,31.6922,0.7293,0.6569
37,7,car,937.8,972.29,990.72,1009.35,964.0,990.84,48.1998,49.5419,0.6601,0.139
37,8,car,582.71,489.11,637.17,538.08,606.32,515.4,30.3159,25.7701,0.3459,1.9999
37,9,car,637.11,694.32,677.06,745.72,656.93,720.02,32.8467,36.001,0.6926,0.0679
37,10,car,751.55,664.68,787.34,700.52,769.47,682.64,38.4735,34.1319,0.7668,0.0217
37,11,car,341.56,536.44,402.96,575.83,370.76,555.94,18.5381,27.797,0.6543,0.7468
37,12,car,444.74,532.27,501.0,574.88,468.76,556.09,23.438,27.8047,0.6363,2.2745
37,14,car,610.86,350.93,638.34,417.76,624.58,384.1,31.2289,19.205,0.735,0.2158
37,15,car,706.55,734.69,735.17,772.72,720.84,753.94,36.0422,37.697,0.3273,0.088
37,16,car,395.1,796.33,430.61,856.58,412.81,826.54,20.6404,41.3271,0.5695,0.0473
37,17,car,1120.97,683.98,1152.32,741.87,1136.62,713.05,56.8308,35.6527,0.4382,0.0852
37,19,car,759.29,247.24,782.42,285.42,770.72,266.09,38.5358,13.3047,0.2964,0.0938
37,20,motorcycle,1113.17,764.31,1128.36,791.62,1102.37,789.68,55.1186,39.4839,0.3469,6.961
37,21,car,589.11,412.49,623.18,472.36,606.09,441.44,30.3043,22.072,0.6267,1.1587
37,22,person,1063.74,465.25,1073.09,486.88,1067.52,475.71,53.376,23.7855,0.4486,0.5226
37,23,motorcycle,1369.17,455.81,1392.88,478.85,1382.14,467.41,69.1071,23.3703,0.4269,0.6721
37,25,car,710.07,541.68,741.07,589.08,728.05,567.56,36.4024,28.3781,0.5016,1.7033
37,26,person,571.19,578.5,580.44,598.95,574.79,588.01,28.7395,29.4005,0.6666,0.6861
37,27,car,1157.87,970.9,1180.39,991.4,1169.07,981.02,58.4533,49.0511,0.5012,0.0547
37,28,car,583.06,489.09,636.84,537.43,606.3,515.23,30.3151,25.7616,0.7847,2.0733
37,29,motorcycle,649.78,283.68,661.09,312.46,655.38,303.81,32.7688,15.1903,0.3739,2.4799
37,30,motorcycle,1339.8,441.2,1356.71,459.3,1348.12,450.3,67.4059,22.5151,0.4908,0.0215
37,31,person,708.05,677.07,720.31,701.79,714.19,689.48,35.7094,34.474,0.6319,0.0907
37,32,person,1033.02,604.9,1045.46,628.46,1038.41,615.46,51.9207,30.7731,0.318,0.6219
37,33,car,1121.15,684.22,1151.02,740.9,1136.15,712.79,56.8073,35.6397,0.4746,0.1441
37,34,car,610.11,302.07,633.5,367.44,621.75,334.75,31.0877,16.7373,0.4975,0.0328
37,35,car,1086.53,495.9,1155.08,537.98,1118.23,516.57,55.9114,25.8286,0.4441,1.2185
37,36,car,650.35,337.96,667.33,372.05,658.78,357.96,32.9392,17.8979,0.5517,1.6871
37,37,person,1111.74,459.06,1121.79,480.52,1115.57,470.09,55.7787,23.5044,0.4602,0.7011
37,38,car,1147.14,627.9,1171.77,672.73,1159.4,650.32,57.9698,32.5161,0.4304,0.0277
37,39,motorcycle,1403.86,493.45,1427.47,510.62,1410.93,502.67,70.5465,25.1337,0.3376,3.7446
37,40,motorcycle,1421.93,435.33,1443.59,455.24,1432.76,445.23,71.638,22.2615,0.3761,0.0888
37,42,person,1340.78,427.94,1357.09,458.95,1348.91,443.58,67.4457,22.1791,0.3614,0.0639
37,43,car,580.83,139.99,602.24,161.82,591.57,150.82,29.5787,7.5409,0.4202,0.035
37,44,car,627.99,607.59,667.71,649.84,652.21,627.91,32.6106,31.3955,0.6531,2.6483
37,45,car,642.07,159.84,667.25,215.09,655.46,192.15,32.7729,9.6073,0.4651,1.882
37,46,car,931.8,463.29,971.16,494.06,952.68,477.05,47.6342,23.8523,0.3518,0.7093
37,47,car,859.85,499.82,880.96,524.3,866.71,508.97,43.3353,25.4487,0.2976,2.2257
37,13,truck,1185.39,932.0,1339.69,1079.57,1262.58,1005.76,63.1291,50.2882,0.5835,0.0362
37,50,person,648.05,414.69,659.84,440.52,654.04,429.23,32.7022,21.4617,0.4161,0.7736
37,51,person,1290.63,577.88,1304.75,607.93,1298.7,592.58,64.935,29.629,0.4766,0.5545
37,52,person,777.91,705.17,789.73,724.96,785.01,715.33,39.2504,35.7665,0.5445,0.5084
37,41,car,746.04,298.43,772.38,336.19,758.36,314.82,37.9178,15.7408,0.2923,1.3681
37,53,car,1145.07,1053.19,1171.06,1080.21,1158.01,1066.62,57.9006,53.3311,0.4629,0.1067
37,54,car,1166.88,1053.3,1192.41,1079.35,1179.52,1066.21,58.9762,53.3105,0.3423,0.0928
37,55,car,1020.3,651.94,1051.28,697.79,1034.67,673.19,51.7333,33.6597,0.3205,0.6046
37,56,car,1436.86,471.19,1476.7,508.01,1454.09,489.19,72.7043,24.4597,0.3594,1.0234
37,57,car,560.06,546.24,583.63,568.12,569.98,556.73,28.4991,27.8367,0.5982,1.4368
37,58,person,1176.87,623.54,1190.74,651.56,1183.8,637.55,59.1902,31.8773,0.4166,0.0
37,59,person,1262.22,603.9,1276.85,633.05,1269.53,618.47,63.4767,30.9237,0.4283,0.0
38,1,person,1387.02,433.18,1399.26,460.67,1393.18,446.5,69.659,22.3252,0.627,0.24
38,2,person,1360.27,433.34,1372.76,459.19,1366.52,446.18,68.3259,22.3089,0.5871,0.104
38,3,person,1322.54,436.35,1334.34,463.91,1328.39,450.09,66.4197,22.5047,0.4641,0.0454
38,5,person,725.72,623.16,735.49,647.91,729.99,634.27,36.4995,31.7133,0.6833,0.6972
38,7,car,937.88,972.31,990.82,1009.39,964.09,990.84,48.2044,49.5419,0.7175,0.1376
38,8,car,583.78,488.29,638.13,537.54,607.5,514.75,30.3748,25.7376,0.7323,2.0201
38,9,car,637.11,694.33,677.09,745.82,656.98,720.02,32.8492,36.0011,0.66,0.0759
38,10,car,751.57,664.69,787.34,700.54,769.47,682.63,38.4734,34.1314,0.7385,0.0165
38,11,car,342.39,536.52,403.58,575.73,371.32,556.0,18.566,27.7999,0.6886,0.8404
38,12,car,446.17,530.86,502.88,574.44,470.14,555.26,23.5071,27.763,0.5937,2.4211
38,14,car,610.94,350.9,638.34,417.57,624.57,384.19,31.2287,19.2097,0.76,0.1396
38,15,car,706.53,734.68,735.13,772.62,720.85,753.88,36.0425,37.6938,0.3415,0.0992
38,16,car,395.08,796.25,430.68,856.58,412.83,826.52,20.6413,41.3262,0.5697,0.0386
38,17,car,1120.95,683.96,1152.3,741.76,1136.61,712.99,56.8304,35.6496,0.4289,0.0948
38,19,car,759.35,247.37,782.42,285.29,770.75,266.17,38.5375,13.3086,0.3514,0.1303
38,20,motorcycle,1113.0,762.85,1128.24,790.6,1106.58,787.27,55.3292,39.3635,0.3794,7.2781
38,21,car,589.12,412.33,623.26,472.72,606.1,441.93,30.3052,22.0966,0.5815,0.7398
38,22,person,1064.01,465.47,1073.26,486.76,1067.83,475.8,53.3915,23.7901,0.4459,0.4857
38,23,motorcycle,1368.63,455.61,1392.32,478.74,1381.71,467.41,69.0854,23.3704,0.4195,0.6494
38,25,car,709.27,540.99,740.35,588.32,727.24,566.79,36.3621,28.3395,0.5011,1.6751
38,26,person,571.44,578.83,580.58,599.3,575.16,588.23,28.7579,29.4113,0.62,0.6392
38,27,car,1157.92,970.89,1180.42,991.38,1169.09,981.05,58.4547,49.0523,0.477,0.0564
38,28,car,584.27,488.52,637.7,536.69,607.49,514.52,30.3743,25.7258,0.3068,2.0735
38,29,motorcycle,649.72,281.96,661.14,309.52,655.39,301.89,32.7694,15.0944,0.3491,2.878
38,30,motorcycle,1339.8,441.13,1356.74,459.32,1348.15,450.3,67.4073,22.5148,0.4862,0.0414
38,31,person,707.59,676.89,720.64,701.8,714.18,689.49,35.7092,34.4743,0.6726,0.0105
38,32,person,1033.53,605.23,1045.73,628.82,1038.64,615.83,51.9319,30.7916,0.2837,0.6487
38,33,car,1121.11,684.18,1150.91,740.73,1136.13,712.69,56.8064,35.6345,0.4892,0.1575
38,34,car,610.17,301.99,633.48,367.45,621.77,334.74,31.0887,16.7372,0.3383,0.031
38,35,car,1087.55,495.84,1156.2,538.2,1119.06,516.65,55.9531,25.8325,0.4849,1.2559
38,36,car,650.25,337.14,667.29,371.63,658.77,356.94,32.9386,17.847,0.2916,1.528
38,37,person,1112.4,458.96,1122.09,480.33,1115.99,470.0,55.7997,23.4998,0.3852,0.6452
38,38,car,1147.13,627.87,1171.76,672.72,1159.41,650.31,57.9705,32.5157,0.4391,0.0243
38,39,motorcycle,1405.06,494.59,1429.05,510.63,1412.62,503.06,70.6312,25.153,0.4028,2.6063
38,40,motorcycle,1422.02,435.58,1443.45,455.36,1432.73,445.28,71.6365,22.2642,0.3359,0.093
38,42,person,1340.8,427.97,1357.14,458.96,1348.91,443.55,67.4455,22.1777,0.3621,0.0415
38,43,car,580.82,139.99,602.25,161.91,591.56,150.85,29.5781,7.5427,0.42,0.0555
38,44,car,627.46,607.34,666.36,650.24,650.92,627.98,32.546,31.3989,0.4544,1.9387
38,45,car,641.97,157.69,667.75,213.75,655.25,190.82,32.7626,9.5409,0.4696,2.0151
38,46,car,933.01,463.24,971.22,492.15,952.49,477.31,47.6246,23.8655,0.3669,0.4893
38,13,truck,1185.57,931.97,1339.71,1079.57,1262.6,1005.78,63.13,50.2889,0.5912,0.0343
38,50,person,648.07,414.5,659.74,439.88,654.07,428.71,32.7033,21.4357,0.398,0.7824
38,51,person,1290.13,577.81,1304.45,608.0,1298.34,592.66,64.9171,29.6328,0.4677,0.5471
38,52,person,777.38,705.13,788.61,724.91,784.62,715.21,39.2311,35.7607,0.5495,0.606
38,41,car,746.46,299.35,772.96,337.46,758.66,315.69,37.933,15.7845,0.3617,1.386
38,53,car,1145.08,1053.2,1171.06,1080.2,1158.04,1066.65,57.902,53.3324,0.4537,0.0571
38,54,car,1166.85,1053.24,1192.32,1079.37,1179.56,1066.24,58.978,53.3118,0.3757,0.0659
38,55,car,1020.73,652.56,1051.62,698.24,1034.88,673.51,51.7441,33.6755,0.3153,0.5731
38,56,car,1438.27,472.48,1477.28,507.47,1454.7,489.32,72.735,24.4662,0.2758,0.9428
38,57,car,561.78,546.11,585.39,568.37,570.88,556.86,28.5441,27.843,0.5731,1.3639
38,58,person,1176.97,623.37,1190.84,651.48,1183.85,637.48,59.1927,31.8742,0.4298,0.1202
38,59,person,1262.25,603.91,1276.74,633.2,1269.51,618.51,63.4757,30.9257,0.4745,0.0684
39,1,person,1387.03,433.19,1399.39,461.17,1393.19,446.67,69.6594,22.3337,0.5995,0.2565
39,2,person,1360.29,433.31,1372.91,459.16,1366.5,446.22,68.3252,22.3109,0.5842,0.0616
39,3,person,1322.56,436.59,1334.29,464.05,1328.41,450.14,66.4204,22.5071,0.4505,0.075
39,5,person,725.7,623.62,735.84,648.12,730.21,634.69,36.5104,31.7343,0.5859,0.7098
39,7,car,937.83,972.32,990.8,1009.44,964.17,990.85,48.2086,49.5423,0.7037,0.127
39,8,car,584.41,487.52,638.84,536.8,608.55,514.13,30.4275,25.7064,0.7385,1.8371
39,9,car,637.07,694.38,677.1,745.86,657.03,720.03,32.8514,36.0017,0.6666,0.0676
39,10,car,751.57,664.8,787.33,700.55,769.46,682.63,38.4729,34.1313,0.753,0.015
39,11,car,343.03,536.64,404.18,575.54,371.91,556.04,18.5953,27.8019,0.5985,0.8838
39,12,car,447.58,530.7,505.26,574.45,471.62,554.32,23.581,27.7161,0.5869,2.6257
39,14,car,610.93,350.85,638.36,417.58,624.58,384.25,31.229,19.2124,0.7872,0.0821
39,15,car,706.61,734.5,735.05,768.57,720.86,753.51,36.0428,37.6754,0.3258,0.5509
39,16,car,395.11,796.17,430.75,856.56,412.84,826.49,20.6422,41.3245,0.5621,0.0577
39,17,car,1120.95,684.04,1152.3,741.97,1136.61,712.96,56.8306,35.6478,0.469,0.0523
39,19,car,759.19,247.0,782.83,285.88,770.8,266.27,38.5401,13.3134,0.4879,0.1623
39,20,motorcycle,1112.7,761.28,1127.78,782.07,1110.75,783.9,55.5375,39.1952,0.2865,8.0339
39,21,car,589.16,412.31,623.28,472.64,606.13,442.2,30.3064,22.1099,0.6741,0.4008
39,22,person,1064.42,465.65,1073.37,486.78,1068.12,475.92,53.406,23.7959,0.379,0.4663
39,23,motorcycle,1368.0,455.75,1391.59,478.93,1381.25,467.4,69.0626,23.3702,0.4032,0.6855
39,25,car,708.42,540.31,739.5,587.48,726.43,566.04,36.3215,28.3021,0.5943,1.6556
39,26,person,571.9,579.26,580.82,599.65,575.49,588.47,28.7746,29.4237,0.6629,0.6249
39,27,car,1157.98,970.88,1180.36,991.29,1169.12,981.07,58.4559,49.0536,0.4839,0.0519
39,28,car,585.03,487.82,638.17,536.11,608.54,513.85,30.4268,25.6924,0.2918,1.8686
39,29,motorcycle,649.7,280.24,660.88,301.83,655.38,299.48,32.7691,14.9741,0.4854,3.607
39,30,motorcycle,1339.63,441.26,1356.57,459.19,1348.16,450.29,67.408,22.5144,0.4674,0.0252
39,31,person,707.37,676.75,720.82,701.87,714.16,689.46,35.7082,34.473,0.6021,0.0481
39,32,person,1033.82,605.98,1046.12,630.31,1038.9,616.3,51.9448,30.8152,0.2841,0.8077
39,33,car,1121.1,684.28,1150.91,740.9,1136.11,712.62,56.8055,35.6308,0.4164,0.1143
39,34,car,610.2,301.93,633.56,367.53,621.8,334.75,31.09,16.7373,0.4104,0.0385
39,35,car,1088.18,495.78,1157.59,540.11,1119.93,516.89,55.9963,25.8447,0.4758,1.348
39,36,car,650.07,336.54,667.27,377.1,658.76,356.48,32.9381,17.824,0.4776,0.6901
39,37,person,1113.0,458.9,1122.56,480.31,1116.41,469.9,55.8207,23.4952,0.4526,0.6454
39,38,car,1147.17,627.9,1171.79,672.73,1159.43,650.31,57.9716,32.5157,0.3506,0.0331
39,39,motorcycle,1405.78,493.14,1430.5,510.67,1414.15,502.93,70.7076,25.1466,0.3903,2.3003
39,40,motorcycle,1421.96,435.25,1443.77,455.59,1432.74,445.3,71.6368,22.265,0.3157,0.0258
39,42,person,1340.78,427.94,1357.1,458.85,1348.91,443.53,67.4456,22.1763,0.3652,0.043
39,43,car,580.87,140.06,602.28,161.92,591.56,150.89,29.5778,7.5444,0.3718,0.0511
39,44,car,627.08,607.09,665.06,650.63,649.58,628.18,32.4788,31.4089,0.5261,2.0404
39,45,car,642.08,156.62,668.22,212.15,655.12,189.45,32.7559,9.4726,0.4524,2.0573
39,46,car,931.94,463.25,971.16,492.99,952.22,477.65,47.6108,23.8825,0.3451,0.6552
39,13,truck,1185.68,931.92,1339.91,1079.56,1262.63,1005.78,63.1316,50.2891,0.63,0.0498
39,50,person,647.86,414.29,659.68,439.51,654.05,428.22,32.7025,21.4109,0.3862,0.744
39,51,person,1289.95,577.7,1304.24,608.02,1298.01,592.73,64.9007,29.6363,0.4437,0.503
39,52,person,776.92,705.12,787.49,724.87,784.15,715.12,39.2075,35.7562,0.4619,0.7185
39,41,car,746.9,300.03,773.58,338.53,759.0,316.56,37.9502,15.8279,0.5517,1.4002
39,53,car,1145.18,1053.23,1170.99,1080.21,1158.05,1066.67,57.9024,53.3336,0.3955,0.0382
39,54,car,1166.82,1053.3,1192.33,1079.36,1179.57,1066.28,58.9787,53.3138,0.3451,0.0624
39,55,car,1023.31,653.33,1051.88,692.23,1035.46,673.72,51.773,33.686,0.2944,0.9236
39,56,car,1439.54,472.84,1478.45,507.28,1455.31,489.43,72.7657,24.4715,0.3208,0.9338
39,57,car,563.27,545.9,586.92,568.07,571.72,556.89,28.5862,27.8443,0.5384,1.265
39,58,person,1177.13,623.05,1191.05,651.3,1183.93,637.38,59.1967,31.8691,0.4556,0.1933
39,59,person,1262.27,603.93,1276.65,633.45,1269.5,618.57,63.4748,30.9287,0.4654,0.0922
39,60,bus,628.78,606.89,665.13,650.95,646.95,628.92,32.3476,31.446,0.5516,0.0
40,1,person,1387.06,433.1,1399.49,461.01,1393.2,446.81,69.66,22.3403,0.5146,0.1967
40,2,person,1360.29,433.24,1373.04,459.19,1366.52,446.25,68.3258,22.3123,0.5286,0.0469
40,3,person,1322.47,436.58,1334.3,464.19,1328.42,450.2,66.4208,22.5098,0.4199,0.082
40,5,person,725.99,624.04,736.02,648.43,730.45,635.1,36.5227,31.7549,0.6202,0.7199
40,7,car,937.86,972.34,990.75,1009.5,964.23,990.85,48.2114,49.5427,0.6937,0.0865
40,8,car,586.38,486.55,640.36,536.36,609.72,513.54,30.4858,25.6768,0.7642,1.9595
40,9,car,636.94,694.37,677.11,745.9,657.05,720.05,32.8526,36.0026,0.6728,0.0452
40,10,car,751.58,664.86,787.32,700.57,769.45,682.63,38.4726,34.1317,0.7493,0.0149
40,11,car,343.36,536.74,404.78,575.4,372.44,556.07,18.6218,27.8033,0.6074,0.7948
40,12,car,448.7,529.18,506.6,574.23,473.04,553.67,23.652,27.6834,0.6139,2.3447
40,14,car,610.94,350.84,638.36,417.59,624.59,384.28,31.2296,19.2139,0.7792,0.0479
40,16,car,395.08,796.14,430.74,856.56,412.85,826.45,20.6427,41.3225,0.5802,0.0615
40,17,car,1120.94,684.08,1152.45,742.16,1136.63,712.94,56.8316,35.6472,0.4906,0.0363
40,19,car,759.06,246.75,783.07,286.23,770.86,266.34,38.5431,13.317,0.4733,0.1401
40,20,motorcycle,1112.14,760.59,1126.82,778.63,1114.78,780.01,55.739,39.0005,0.2697,8.4044
40,21,car,589.15,412.33,623.22,472.87,606.15,442.36,30.3073,22.1179,0.6533,0.2415
40,22,person,1064.92,466.0,1073.37,486.83,1068.39,476.05,53.4197,23.8027,0.4082,0.4616
40,23,motorcycle,1367.7,456.09,1390.74,479.3,1380.77,467.44,69.0387,23.3718,0.3122,0.7174
40,25,car,707.72,539.36,738.62,580.22,725.62,564.84,36.281,28.2418,0.6703,2.1792
40,26,person,572.13,579.42,581.04,599.97,575.79,588.75,28.7894,29.4377,0.6429,0.6099
40,27,car,1157.99,970.84,1180.3,991.23,1169.14,981.09,58.4568,49.0543,0.451,0.0346
40,28,car,587.14,486.81,639.71,535.78,609.71,513.22,30.4855,25.6612,0.3232,1.9936
40,29,motorcycle,649.72,278.95,660.9,299.17,655.39,296.99,32.7694,14.8496,0.3813,3.7353
40,30,motorcycle,1339.54,441.34,1356.58,459.21,1348.16,450.27,67.4081,22.5137,0.4477,0.0226
40,31,person,707.27,676.56,721.0,701.89,714.15,689.4,35.7073,34.4702,0.5769,0.0879
40,32,person,1033.97,606.72,1046.94,631.51,1039.23,616.88,51.9614,30.8441,0.2903,0.9984
40,33,car,1121.08,684.36,1150.91,741.16,1136.09,712.57,56.8044,35.6287,0.4319,0.0711
40,34,car,610.25,301.92,633.59,367.58,621.82,334.75,31.0912,16.7373,0.3937,0.0354
40,35,car,1089.0,495.66,1158.81,541.42,1120.89,517.21,56.0446,25.8606,0.5016,1.5238
40,36,car,649.86,336.24,667.21,380.22,658.74,356.41,32.9369,17.8203,0.5347,0.1157
40,37,person,1113.57,458.6,1123.11,480.21,1116.86,469.79,55.8428,23.4895,0.4327,0.6837
40,38,car,1147.19,627.88,1171.83,672.73,1159.46,650.31,57.973,32.5156,0.3523,0.04
40,39,motorcycle,1407.3,494.14,1431.56,510.62,1415.59,502.69,70.7795,25.1347,0.3532,2.1864
40,40,motorcycle,1421.93,435.36,1443.71,455.58,1432.74,445.35,71.637,22.2677,0.2782,0.0811
40,42,person,1340.69,427.87,1357.21,458.85,1348.92,443.5,67.4459,22.1748,0.334,0.0469
40,43,car,580.91,140.1,602.31,161.9,591.56,150.92,29.578,7.5459,0.417,0.0466
40,44,car,626.58,606.9,663.81,650.65,648.22,628.46,32.411,31.423,0.6243,2.0774
40,45,car,642.3,156.18,667.42,210.02,655.01,187.91,32.7505,9.3953,0.516,2.3248
40,46,car,931.5,463.25,971.13,493.48,951.91,478.03,47.5955,23.9013,0.4006,0.7281
40,13,truck,1185.76,931.89,1339.84,1079.57,1262.66,1005.78,63.133,50.2889,0.6226,0.0416
40,50,person,647.98,414.09,659.6,439.2,654.0,427.77,32.6999,21.3886,0.3722,0.672
40,51,person,1289.7,578.35,1303.33,607.76,1297.66,592.81,64.8829,29.6406,0.5057,0.549
40,52,person,776.42,705.1,786.26,724.82,783.57,715.07,39.1786,35.7534,0.529,0.8712
40,41,car,747.34,300.83,774.56,339.66,759.41,317.42,37.9707,15.8709,0.526,1.4299
40,53,car,1145.22,1053.24,1170.87,1080.2,1158.06,1066.69,57.9028,53.3345,0.3818,0.0311
40,54,car,1166.87,1053.43,1192.46,1079.34,1179.6,1066.31,58.9801,53.3155,0.3731,0.0676
40,55,car,1025.13,654.13,1052.22,689.1,1036.14,673.66,51.8068,33.6829,0.2675,1.0178
40,56,car,1440.43,473.03,1478.91,507.4,1456.49,489.58,72.8247,24.4788,0.3373,1.7852
40,57,car,564.91,545.92,588.43,567.91,572.55,556.89,28.6274,27.8445,0.4883,1.2362
40,58,person,1177.26,622.86,1191.26,651.19,1184.01,637.29,59.2007,31.8647,0.4612,0.1795
40,59,person,1262.29,603.93,1276.37,633.6,1269.45,618.62,63.4727,30.931,0.4889,0.0943
40,60,bus,628.12,606.78,663.88,650.62,646.48,628.81,32.3238,31.4405,0.3942,0.7326
40,61,person,358.78,664.3,366.45,681.01,362.61,672.65,18.1307,33.6327,0.46,0.0
41,1,person,1387.13,433.01,1399.53,460.89,1393.22,446.9,69.6608,22.3448,0.4633,0.1394
41,2,person,1360.27,433.41,1372.97,459.22,1366.54,446.27,68.327,22.3135,0.4673,0.0486
41,3,person,1322.45,436.73,1334.29,464.27,1328.41,450.25,66.4206,22.5126,0.4044,0.0844
41,5,person,726.26,624.37,736.33,648.76,730.66,635.5,36.5332,31.7748,0.6098,0.6766
41,7,car,937.82,972.3,990.72,1009.49,964.26,990.86,48.213,49.5429,0.6519,0.0471
41,8,car,587.29,485.38,641.5,536.08,610.89,512.91,30.5444,25.6456,0.8222,1.9942
41,9,car,636.87,694.34,677.12,745.91,657.05,720.07,32.8526,36.0035,0.6857,0.0266
41,10,car,751.6,664.99,787.32,700.64,769.45,682.66,38.4725,34.133,0.761,0.0398
41,11,car,343.43,536.65,405.34,575.11,372.91,556.05,18.6455,27.8023,0.6505,0.7099
41,12,car,449.36,523.68,509.18,574.56,474.55,552.63,23.7277,27.6316,0.6161,2.7511
41,14,car,610.94,350.8,638.35,417.34,624.61,384.26,31.2305,19.2131,0.7826,0.0337
41,16,car,395.15,796.09,430.66,856.53,412.87,826.41,20.6437,41.3204,0.569,0.0695
41,17,car,1120.96,684.09,1152.6,742.24,1136.66,712.96,56.8329,35.6479,0.4947,0.0462
41,19,car,759.01,246.88,783.08,286.14,770.92,266.39,38.546,13.3196,0.4666,0.1184
41,20,motorcycle,1111.36,760.15,1126.16,777.12,1118.67,775.79,55.9334,38.7894,0.2759,8.6101
41,21,car,589.27,412.22,623.2,471.16,606.17,442.34,30.3085,22.1169,0.6665,0.0478
41,22,person,1065.46,466.22,1073.74,486.9,1068.68,476.19,53.4339,23.8093,0.323,0.4683
41,23,motorcycle,1367.55,456.6,1389.81,479.68,1380.3,467.54,69.0152,23.3771,0.3047,0.723
41,25,car,706.77,538.76,737.85,582.01,724.79,563.83,36.2397,28.1915,0.5592,1.9523
41,26,person,572.57,579.45,581.66,600.24,576.1,589.04,28.805,29.4522,0.5719,0.6401
41,27,car,1158.05,970.86,1180.23,991.19,1169.14,981.09,58.4571,49.0545,0.5114,0.0105
41,28,car,588.1,485.64,640.88,535.66,610.9,512.59,30.5452,25.6295,0.3341,2.0279
41,29,motorcycle,649.64,277.26,660.82,296.93,655.37,294.46,32.7683,14.7232,0.4081,3.794
41,30,motorcycle,1339.56,441.28,1356.53,459.16,1348.15,450.26,67.4075,22.513,0.3912,0.0253
41,31,person,707.12,676.52,721.08,701.9,714.11,689.33,35.7056,34.4664,0.5525,0.1257
41,32,person,1034.34,607.24,1047.05,631.18,1039.6,617.45,51.9798,30.8726,0.2521,1.0187
41,33,car,1121.08,684.42,1150.88,741.34,1136.06,712.57,56.8029,35.6284,0.4394,0.0469
41,34,car,610.45,301.53,633.38,359.23,621.84,334.12,31.0922,16.706,0.2919,0.9386
41,35,car,1089.71,495.48,1159.92,541.86,1121.84,517.48,56.0922,25.8742,0.5164,1.4874
41,36,car,649.68,335.41,667.12,381.95,658.69,356.54,32.9345,17.8272,0.4946,0.2185
41,37,person,1114.14,458.36,1123.66,480.12,1117.33,469.66,55.8663,23.4832,0.437,0.7307
41,38,car,1147.25,627.93,1171.83,672.76,1159.48,650.32,57.974,32.5159,0.3277,0.0306
41,39,motorcycle,1408.77,494.42,1432.98,510.74,1416.95,502.49,70.8473,25.1247,0.2981,2.0542
41,40,motorcycle,1422.04,435.46,1443.71,454.98,1432.77,445.34,71.6385,22.2671,0.2782,0.0476
41,42,person,1340.82,427.91,1357.06,458.72,1348.93,443.45,67.4464,22.1726,0.3506,0.0676
41,43,car,580.96,140.23,602.31,162.0,591.57,150.96,29.5785,7.5479,0.489,0.0632
41,44,car,625.89,606.72,662.28,645.67,647.05,628.28,32.3523,31.414,0.6427,1.7793
41,45,car,642.8,155.13,666.37,203.21,654.88,185.92,32.7439,9.2959,0.436,2.9894
41,46,car,931.08,463.25,971.12,494.17,951.67,478.27,47.5836,23.9136,0.337,0.5146
41,13,truck,1185.96,931.9,1339.77,1079.56,1262.7,1005.76,63.135,50.2882,0.6437,0.0638
41,50,person,648.17,413.89,659.51,438.78,653.94,427.36,32.6969,21.3678,0.3974,0.6303
41,51,person,1289.44,577.65,1303.32,607.51,1297.33,592.82,64.8667,29.6408,0.4963,0.4877
41,52,person,775.97,704.99,785.27,724.71,782.91,715.01,39.1454,35.7506,0.5411,1.0016
41,41,car,747.73,301.58,775.53,340.65,759.88,318.3,37.994,15.9149,0.5068,1.4929
41,53,car,1145.26,1053.26,1170.78,1080.21,1158.05,1066.71,57.9025,53.3353,0.4059,0.0245
41,54,car,1167.01,1053.35,1192.49,1079.15,1179.63,1066.31,58.9814,53.3156,0.38,0.038
41,55,car,1026.2,654.96,1052.72,687.94,1036.85,673.44,51.8427,33.6721,0.3123,1.126
41,56,car,1441.26,473.16,1478.66,507.33,1457.61,489.74,72.8803,24.4868,0.3028,1.6841
41,57,car,566.64,545.91,590.08,567.14,573.38,556.84,28.6689,27.8419,0.3417,1.2476
41,58,person,1177.44,622.69,1191.32,651.22,1184.09,637.23,59.2044,31.8613,0.4965,0.1504
41,59,person,1262.31,603.9,1276.26,633.67,1269.42,618.65,63.471,30.9327,0.5324,0.0718
41,60,bus,627.19,607.15,662.73,650.06,645.97,628.74,32.2985,31.4371,0.3698,0.7668
41,61,person,358.8,664.26,366.41,680.95,362.61,672.63,18.1304,33.6314,0.4554,0.0384
42,1,person,1387.12,433.06,1399.5,460.83,1393.23,446.96,69.6615,22.3482,0.4772,0.1043
42,2,person,1360.26,433.46,1372.82,459.22,1366.56,446.28,68.3278,22.314,0.4606,0.0291
42,3,person,1322.51,436.7,1334.33,464.28,1328.41,450.3,66.4207,22.5148,0.398,0.0671
42,5,person,726.58,624.58,736.96,649.01,730.89,635.85,36.5444,31.7927,0.5926,0.6309
42,7,car,937.76,972.28,990.7,1009.46,964.27,990.86,48.2137,49.5432,0.6572,0.022
42,8,car,588.53,484.6,642.38,535.39,612.02,512.18,30.6011,25.6092,0.7089,2.0198
42,9,car,636.73,694.4,677.12,745.95,657.03,720.09,32.8517,36.0046,0.7231,0.0418
42,10,car,751.6,665.07,787.23,700.66,769.44,682.7,38.4722,34.1349,0.7802,0.0571
42,11,car,343.67,536.76,405.89,574.92,373.39,556.02,18.6695,27.801,0.5839,0.724
42,12,car,450.07,523.45,509.76,573.99,475.95,551.78,23.7976,27.589,0.607,2.4571
42,14,car,610.91,350.81,638.35,417.5,624.62,384.23,31.2312,19.2116,0.6743,0.049
42,16,car,395.2,796.08,430.62,856.5,412.89,826.38,20.6444,41.3189,0.606,0.0511
42,17,car,1120.97,684.12,1152.69,742.54,1136.69,713.03,56.8346,35.6515,0.4973,0.1178
42,19,car,759.02,246.88,783.08,286.19,770.96,266.43,38.5482,13.3216,0.4633,0.0886
42,20,motorcycle,1110.77,759.87,1125.33,776.2,1119.54,773.28,55.9771,38.6641,0.2732,3.98
42,21,car,589.37,412.11,623.15,466.84,606.2,441.94,30.3098,22.0972,0.6541,0.5918
42,22,person,1066.04,466.62,1074.12,486.96,1068.99,476.32,53.4494,23.8159,0.356,0.5045
42,23,motorcycle,1368.02,456.98,1388.86,480.13,1379.87,467.73,68.9935,23.3864,0.3262,0.7086
42,25,car,705.92,538.01,737.13,582.71,723.97,562.93,36.1985,28.1463,0.5597,1.8358
42,26,person,573.06,579.64,581.97,600.45,576.42,589.32,28.821,29.4661,0.5565,0.6342
42,27,car,1158.05,970.91,1180.19,991.19,1169.14,981.09,58.4572,49.0543,0.5443,0.006
42,28,car,589.42,484.83,641.81,535.09,612.06,511.96,30.6031,25.5981,0.3264,1.9764
42,29,motorcycle,649.53,275.52,660.87,295.37,655.33,291.93,32.7667,14.5967,0.3797,3.7933
42,30,motorcycle,1339.63,441.27,1356.46,459.13,1348.14,450.24,67.4069,22.5121,0.3549,0.034
42,31,person,707.08,676.52,721.1,701.88,714.11,689.29,35.7054,34.4645,0.4944,0.0576
42,32,person,1034.06,608.1,1047.61,632.16,1039.95,618.08,51.9975,30.9042,0.2924,1.0853
42,33,car,1121.09,684.47,1150.87,741.65,1136.03,712.67,56.8015,35.6334,0.4317,0.1538
42,34,car,610.37,301.71,633.45,362.27,621.86,333.73,31.0932,16.6863,0.3722,0.5946
42,35,car,1090.56,495.33,1161.06,542.02,1122.83,517.79,56.1413,25.8894,0.5294,1.541
42,36,car,649.41,334.41,667.01,382.63,658.61,356.79,32.9304,17.8397,0.3824,0.3958
42,37,person,1114.71,457.89,1124.25,479.98,1117.83,469.51,55.8917,23.4753,0.4246,0.7984
42,38,car,1147.29,627.98,1171.82,672.77,1159.49,650.33,57.9747,32.5163,0.4365,0.0269
42,39,motorcycle,1410.19,494.64,1434.36,510.53,1418.25,502.4,70.9125,25.12,0.3221,1.9633
42,40,motorcycle,1422.06,435.39,1443.81,455.01,1432.81,445.33,71.6403,22.2667,0.2699,0.0554
42,42,person,1340.7,428.02,1357.13,458.78,1348.94,443.42,67.4468,22.1708,0.3226,0.0543
42,43,car,581.02,140.34,602.29,162.05,591.58,151.01,29.5792,7.5503,0.5014,0.0739
42,44,car,625.02,606.49,660.77,641.95,645.97,627.73,32.2983,31.3865,0.7111,1.8172
42,45,car,642.91,154.76,666.42,198.61,654.8,183.74,32.7401,9.1871,0.4191,3.265
42,46,car,930.76,463.31,971.08,494.69,951.48,478.43,47.5738,23.9216,0.2587,0.3786
42,13,truck,1185.86,931.73,1339.81,1079.53,1262.73,1005.74,63.1364,50.2871,0.5776,0.054
42,50,person,648.38,413.68,659.46,438.39,653.9,426.97,32.6948,21.3485,0.4284,0.5832
42,51,person,1289.21,577.3,1303.12,607.18,1297.02,592.76,64.8512,29.6379,0.5706,0.4715
42,52,person,775.53,704.88,784.5,724.57,782.21,714.95,39.1106,35.7475,0.5165,1.0478
42,41,car,747.92,302.04,776.21,341.37,760.38,319.19,38.0192,15.9596,0.3757,1.5413
42,53,car,1145.23,1053.23,1170.68,1080.2,1158.04,1066.71,57.9021,53.3356,0.4086,0.0154
42,54,car,1166.99,1053.26,1192.39,1079.06,1179.64,1066.29,58.9822,53.3147,0.4126,0.0368
42,55,car,1027.11,655.56,1053.07,687.65,1037.6,673.15,51.8798,33.6573,0.2847,1.1988
42,56,car,1443.36,473.67,1477.68,506.87,1458.48,489.93,72.924,24.4965,0.2901,1.3418
42,57,car,568.39,545.88,591.93,564.36,575.11,556.66,28.7556,27.833,0.3914,2.6145
42,58,person,1177.54,622.55,1191.44,651.14,1184.15,637.16,59.2077,31.8581,0.4548,0.1381
42,59,person,1262.34,603.9,1276.29,633.71,1269.4,618.68,63.4701,30.9339,0.524,0.0451
42,60,bus,626.05,606.27,662.06,652.13,645.49,628.86,32.2745,31.4429,0.323,0.7389
42,61,person,358.83,664.35,366.38,680.97,362.61,672.64,18.1303,33.6319,0.4568,0.0157
42,62,bus,610.18,301.94,633.56,367.58,621.87,334.76,31.0936,16.738,0.4609,0.0
43,1,person,1387.12,433.04,1399.51,460.93,1393.25,446.99,69.6625,22.3495,0.5572,0.0484
43,2,person,1360.32,433.58,1372.83,459.23,1366.57,446.29,68.3286,22.3147,0.4733,0.0331
43,3,person,1322.49,436.58,1334.4,464.32,1328.42,450.34,66.4208,22.5172,0.4049,0.0694
43,5,person,726.89,624.86,737.58,649.27,731.17,636.18,36.5587,31.8091,0.6739,0.6538
43,7,car,937.83,972.26,990.69,1009.44,964.28,990.87,48.2142,49.5434,0.5921,0.0189
43,8,car,590.28,483.85,644.02,535.68,613.27,511.52,30.6635,25.5759,0.7977,2.1226
43,9,car,636.88,694.47,677.14,745.96,657.03,720.12,32.8516,36.0062,0.7376,0.0471
43,10,car,751.57,665.14,787.21,700.74,769.44,682.75,38.4719,34.1374,0.799,0.0762
43,11,car,344.42,536.92,406.49,574.84,373.93,556.0,18.6967,27.8001,0.6327,0.8157
43,12,car,450.86,518.03,511.61,574.05,477.41,550.63,23.8706,27.5314,0.575,2.7889
43,14,car,610.91,350.8,638.4,417.47,624.64,384.19,31.2319,19.2097,0.7481,0.06
43,16,car,395.18,796.12,430.66,856.62,412.9,826.37,20.6451,41.3183,0.6274,0.0269
43,17,car,1120.95,684.17,1152.5,742.77,1136.7,713.13,56.8352,35.6563,0.52,0.1449
43,19,car,758.98,246.65,782.92,286.0,770.98,266.42,38.549,13.3212,0.3226,0.0251
43,20,motorcycle,1110.35,759.84,1124.76,775.94,1119.35,771.5,55.9677,38.5752,0.2655,2.6819
43,21,car,589.2,412.15,623.22,469.43,606.21,441.71,30.3103,22.0855,0.5513,0.3496
43,22,person,1066.62,466.22,1074.95,486.92,1069.36,476.39,53.4682,23.8195,0.3247,0.5769
43,23,motorcycle,1367.42,456.99,1388.17,480.43,1379.35,467.85,68.9673,23.3925,0.2916,0.8063
43,25,car,705.11,537.19,736.2,582.94,723.14,562.08,36.1571,28.1038,0.5032,1.7795
43,26,person,573.57,579.75,582.55,600.59,576.78,589.57,28.839,29.4786,0.5671,0.6574
43,27,car,1158.07,970.9,1180.14,991.16,1169.14,981.07,58.457,49.0536,0.4852,0.0207
43,28,car,591.1,483.98,643.4,534.84,613.33,511.31,30.6666,25.5654,0.3654,2.1423
43,29,motorcycle,649.75,274.0,660.63,292.28,655.3,289.94,32.7649,14.4971,0.3342,2.9886
43,30,motorcycle,1339.63,441.08,1356.59,459.19,1348.13,450.22,67.4063,22.511,0.3646,0.0377
43,31,person,707.06,676.51,721.16,701.95,714.12,689.28,35.7059,34.4639,0.6169,0.0217
43,32,person,1034.06,608.75,1048.1,632.9,1040.27,618.73,52.0136,30.9366,0.2975,1.087
43,33,car,1121.09,684.53,1150.91,741.9,1136.01,712.79,56.8004,35.6395,0.4319,0.1851
43,35,car,1091.35,495.32,1162.17,542.67,1123.84,518.11,56.1918,25.9056,0.5531,1.5923
43,36,car,649.06,333.33,666.87,382.71,658.48,357.09,32.9242,17.8547,0.4546,0.488
43,37,person,1115.28,458.07,1124.6,479.88,1118.35,469.37,55.9175,23.4685,0.3473,0.8012
43,38,car,1147.31,628.04,1171.8,672.78,1159.51,650.34,57.9753,32.5169,0.4006,0.0241
43,39,motorcycle,1412.87,495.13,1435.66,509.57,1419.67,502.35,70.9836,25.1175,0.274,2.1326
43,40,motorcycle,1422.05,435.46,1443.74,454.66,1432.84,445.3,71.6421,22.2652,0.2547,0.0705
43,42,person,1340.66,427.99,1357.12,458.83,1348.94,443.4,67.4468,22.1699,0.3478,0.0255
43,43,car,581.05,140.38,602.28,162.07,591.6,151.05,29.5801,7.5527,0.5118,0.0766
43,44,car,623.98,606.29,659.23,639.81,644.94,626.94,32.2472,31.3472,0.7214,1.9341
43,45,car,642.74,152.08,666.2,194.9,654.75,181.43,32.7375,9.0716,0.311,3.468
43,46,car,930.65,463.26,970.97,494.7,951.33,478.51,47.5664,23.9253,0.3024,0.2482
43,13,truck,1185.92,931.72,1339.86,1079.54,1262.77,1005.72,63.1383,50.2858,0.6328,0.0686
43,50,person,648.33,413.56,659.37,438.1,653.86,426.65,32.693,21.3325,0.4218,0.4844
43,51,person,1288.99,577.09,1302.82,606.87,1296.72,592.65,64.836,29.6323,0.5445,0.4877
43,52,person,775.1,704.66,783.99,724.44,781.51,714.88,39.0754,35.7441,0.4958,1.0613
43,41,car,748.33,302.52,777.16,342.63,760.94,320.09,38.0468,16.0045,0.401,1.5818
43,53,car,1145.2,1053.26,1170.64,1080.21,1158.02,1066.72,57.9011,53.3359,0.4414,0.0304
43,54,car,1167.11,1053.14,1192.27,1078.96,1179.66,1066.26,58.9829,53.3129,0.4315,0.0594
43,55,car,1025.99,656.14,1053.53,693.51,1038.22,673.22,51.911,33.661,0.4224,0.9422
43,56,car,1443.96,473.32,1479.98,507.0,1459.38,490.07,72.9691,24.5037,0.3607,1.3721
43,57,car,570.33,545.8,593.53,562.53,576.81,556.31,28.8403,27.8153,0.4411,2.5947
43,58,person,1177.59,622.53,1191.51,651.1,1184.21,637.11,59.2105,31.8556,0.4287,0.1131
43,59,person,1262.33,603.92,1276.3,633.77,1269.39,618.7,63.4695,30.9351,0.5238,0.0405
43,60,bus,624.79,606.55,659.62,643.68,644.83,628.11,32.2417,31.4054,0.3308,1.4944
43,61,person,358.92,664.57,366.43,681.09,362.62,672.69,18.1311,33.6343,0.4314,0.0748
43,62,bus,610.12,302.08,633.45,367.44,621.83,334.76,31.0914,16.738,0.5092,0.0667
44,1,person,1387.04,433.07,1399.49,461.1,1393.26,447.02,69.6632,22.3509,0.5636,0.0463
44,2,person,1360.32,433.61,1372.94,459.27,1366.59,446.32,68.3296,22.3158,0.4628,0.0435
44,3,person,1322.41,436.48,1334.44,464.34,1328.42,450.38,66.4208,22.5191,0.4113,0.0587
44,5,person,727.02,625.0,737.93,649.45,731.45,636.47,36.5726,31.8235,0.6807,0.5996
44,7,car,937.9,972.26,990.77,1009.44,964.3,990.87,48.2148,49.5437,0.592,0.0172
44,8,car,591.41,482.97,644.66,535.03,614.43,510.86,30.7213,25.543,0.7555,1.9937
44,9,car,636.89,694.38,677.16,745.94,657.02,720.14,32.8512,36.0072,0.733,0.0334
44,10,car,751.61,665.13,787.25,700.71,769.44,682.79,38.4718,34.1397,0.7943,0.0688
44,11,car,345.33,537.2,407.14,574.82,374.5,555.98,18.7251,27.7992,0.6434,0.8518
44,12,car,451.53,513.48,512.95,574.47,478.75,549.26,23.9375,27.4628,0.5172,2.875
44,14,car,610.89,350.79,638.42,417.7,624.65,384.18,31.2323,19.2091,0.7758,0.024
44,16,car,395.19,796.26,430.6,856.73,412.91,826.37,20.6454,41.3186,0.6028,0.0126
44,17,car,1120.92,684.25,1152.19,742.86,1136.69,713.22,56.8345,35.6608,0.5003,0.1351
44,19,car,758.88,246.59,782.84,285.83,770.98,266.41,38.549,13.3203,0.3726,0.0268
44,20,motorcycle,1109.99,759.77,1124.2,776.06,1118.83,770.07,55.9414,38.5035,0.281,2.2928
44,21,car,589.22,412.17,623.3,470.93,606.22,441.59,30.3111,22.0793,0.6303,0.1884
44,22,person,1067.21,465.88,1076.11,486.91,1069.83,476.44,53.4914,23.8219,0.3101,0.6996
44,23,motorcycle,1367.3,457.85,1386.36,480.47,1378.75,468.11,68.9373,23.4055,0.311,0.9812
44,25,car,704.65,536.28,735.34,576.54,722.35,560.79,36.1173,28.0397,0.631,2.2633
44,26,person,574.08,579.88,583.14,600.77,577.18,589.8,28.859,29.49,0.5591,0.6907
44,27,car,1158.08,970.88,1180.13,991.1,1169.14,981.05,58.4569,49.0525,0.5139,0.0339
44,28,car,591.93,483.05,644.26,534.51,614.5,510.67,30.7248,25.5333,0.3631,1.992
44,29,motorcycle,649.76,272.76,660.48,290.9,655.25,287.62,32.7627,14.3811,0.3554,3.481
44,30,motorcycle,1339.74,441.17,1356.6,459.16,1348.11,450.21,67.4057,22.5104,0.3245,0.0246
44,31,person,706.98,676.48,721.16,701.95,714.1,689.25,35.7051,34.4624,0.5823,0.0521
44,32,person,1034.29,609.14,1048.55,633.22,1040.58,619.38,52.0292,30.9688,0.3031,1.0726
44,33,car,1121.07,684.61,1150.9,741.98,1136.0,712.89,56.7998,35.6447,0.4335,0.1579
44,35,car,1092.36,495.37,1163.27,543.8,1124.84,518.49,56.2419,25.9245,0.4559,1.6052
44,36,car,648.79,332.29,666.8,382.43,658.33,357.43,32.9167,17.8716,0.5036,0.5527
44,37,person,1115.82,457.43,1125.24,479.74,1118.89,469.2,55.9444,23.46,0.4799,0.8462
44,38,car,1147.32,628.08,1171.77,672.8,1159.52,650.36,57.9759,32.5178,0.3964,0.0332
44,39,motorcycle,1413.77,495.31,1437.12,510.01,1421.07,502.44,71.0535,25.1219,0.297,2.1004
44,40,motorcycle,1422.02,435.66,1443.65,455.14,1432.85,445.32,71.6426,22.266,0.2629,0.0303
44,42,person,1340.74,427.96,1357.16,458.84,1348.94,443.39,67.4469,22.1696,0.353,0.0105
44,43,car,581.09,140.42,602.26,162.08,591.62,151.1,29.5811,7.5551,0.5167,0.0791
44,44,car,622.77,606.28,657.76,638.19,643.86,626.02,32.1931,31.3009,0.6461,2.1372
44,45,car,642.56,149.6,665.54,192.23,654.66,179.07,32.7331,8.9534,0.2999,3.5487
44,46,car,932.53,463.19,971.11,491.06,951.38,478.29,47.5688,23.9143,0.2641,0.3389
44,13,truck,1185.75,931.78,1340.04,1079.56,1262.82,1005.7,63.1408,50.285,0.6646,0.0801
44,50,person,648.32,412.82,659.25,437.73,653.84,426.32,32.6919,21.3158,0.4193,0.5005
44,51,person,1288.73,576.87,1302.44,606.67,1296.42,592.48,64.8209,29.6242,0.5663,0.5128
44,52,person,774.68,704.43,783.54,724.15,780.83,714.77,39.0417,35.7385,0.4781,1.0244
44,41,car,748.97,303.75,777.76,343.69,761.53,321.01,38.0765,16.0503,0.4245,1.6368
44,53,car,1145.17,1053.25,1170.45,1080.21,1157.99,1066.72,57.8993,53.3361,0.4556,0.0543
44,54,car,1167.18,1052.98,1192.29,1078.85,1179.67,1066.2,58.9835,53.31,0.4177,0.0894
44,55,car,1025.43,656.82,1054.01,697.55,1038.78,673.55,51.9391,33.6776,0.4087,0.9775
44,56,car,1444.74,470.9,1481.88,507.16,1460.32,489.99,73.0158,24.4996,0.3031,1.4042
44,57,car,572.14,545.65,595.25,561.48,578.5,555.79,28.9249,27.7895,0.4509,2.6555
44,58,person,1177.69,622.41,1191.67,651.03,1184.34,636.99,59.2168,31.8497,0.4115,0.2586
44,59,person,1262.35,603.94,1276.06,633.92,1269.34,618.77,63.4671,30.9384,0.5483,0.1212
44,61,person,359.04,664.76,366.48,681.06,362.65,672.73,18.1325,33.6365,0.45,0.0793
44,62,bus,610.07,302.18,633.59,367.41,621.83,334.77,31.0915,16.7385,0.4661,0.0162
45,1,person,1387.01,433.1,1399.52,461.37,1393.28,447.06,69.6641,22.3531,0.5368,0.0724
45,2,person,1360.38,433.64,1373.05,459.29,1366.62,446.34,68.331,22.3172,0.4727,0.0605
45,3,person,1322.41,436.3,1334.55,464.31,1328.42,450.41,66.421,22.5204,0.4084,0.0391
45,5,person,726.78,625.11,738.21,649.62,731.72,636.73,36.586,31.8365,0.6822,0.5626
45,7,car,938.02,972.22,990.81,1009.41,964.3,990.87,48.2152,49.5434,0.6036,0.0162
45,8,car,593.01,482.07,645.72,534.26,615.63,510.18,30.7813,25.509,0.3403,2.0698
45,9,car,636.96,694.26,677.17,745.92,657.02,720.15,32.851,36.0073,0.7343,0.0075
45,10,car,751.65,665.08,787.29,700.7,769.44,682.83,38.4719,34.1416,0.7962,0.0587
45,11,car,345.94,537.34,407.75,574.89,375.05,555.98,18.7527,27.7991,0.5621,0.8274
45,12,car,451.88,511.06,514.32,575.93,479.98,547.95,23.9988,27.3974,0.5237,2.6883
45,14,car,610.89,350.81,638.48,417.75,624.65,384.19,31.2326,19.2094,0.7851,0.0125
45,16,car,395.12,796.44,430.52,856.81,412.9,826.4,20.645,41.3201,0.5744,0.0467
45,17,car,1120.96,684.37,1151.71,742.38,1136.65,713.29,56.8324,35.6644,0.4387,0.1264
45,19,car,758.74,246.43,782.69,285.67,770.96,266.37,38.5478,13.3183,0.3356,0.0701
45,20,motorcycle,1108.99,759.4,1124.37,782.49,1118.27,769.24,55.9133,38.4622,0.3464,1.4983
45,21,car,589.14,412.26,623.31,472.03,606.23,441.53,30.3114,22.0766,0.6616,0.082
45,22,person,1067.76,465.82,1076.84,486.98,1070.35,476.48,53.5176,23.8239,0.3874,0.7876
45,23,motorcycle,1364.83,457.21,1386.29,480.87,1378.04,468.38,68.9022,23.4188,0.2996,1.1263
45,25,car,703.68,535.68,734.55,578.41,721.53,559.71,36.0766,27.9853,0.6207,2.0368
45,26,person,574.57,580.3,583.87,601.13,577.64,590.04,28.8819,29.5018,0.5636,0.7736
45,27,car,1158.08,970.89,1180.2,991.03,1169.13,981.02,58.4566,49.0512,0.5087,0.0378
45,28,car,593.33,482.1,645.47,533.96,615.7,510.01,30.7849,25.5007,0.7708,2.0527
45,29,motorcycle,649.92,270.68,660.44,288.29,655.22,285.3,32.7609,14.265,0.2892,3.4848
45,30,motorcycle,1339.91,441.15,1356.55,459.09,1348.11,450.19,67.4054,22.5096,0.3498,0.0243
45,31,person,706.97,676.52,721.3,701.96,714.1,689.23,35.7052,34.4617,0.6262,0.0222
45,32,person,1034.55,609.5,1048.95,633.31,1040.89,620.0,52.0444,31.0001,0.29,1.0432
45,33,car,1121.05,684.49,1150.99,742.18,1136.0,713.02,56.7999,35.651,0.5116,0.1892
45,35,car,1093.38,495.49,1164.44,544.7,1125.84,518.93,56.2921,25.9464,0.5464,1.6451
45,36,car,648.46,331.31,666.72,381.83,658.17,357.74,32.9083,17.8872,0.491,0.5323
45,37,person,1116.32,457.07,1126.31,479.7,1119.47,469.02,55.9735,23.451,0.5383,0.9136
45,38,car,1147.27,628.08,1171.73,672.8,1159.53,650.38,57.9763,32.5188,0.4234,0.0332
45,39,motorcycle,1414.89,494.61,1438.16,510.2,1422.42,502.41,71.1211,25.1205,0.3135,2.0303
45,40,motorcycle,1421.96,435.51,1443.81,454.71,1432.87,445.27,71.6437,22.2635,0.2657,0.0835
45,42,person,1340.89,427.87,1357.17,458.77,1348.95,443.37,67.4473,22.1686,0.3554,0.0333
45,43,car,581.14,140.43,602.25,162.17,591.64,151.15,29.5822,7.5576,0.5277,0.0828
45,44,car,621.57,606.2,656.27,637.28,642.72,625.01,32.136,31.2506,0.6608,2.284
45,45,car,642.47,147.17,664.36,188.93,654.46,176.54,32.7228,8.8272,0.441,3.7985
45,46,car,933.74,463.12,971.13,488.77,951.42,478.04,47.5711,23.9018,0.2945,0.3816
45,13,truck,1185.65,931.82,1340.2,1079.56,1262.86,1005.69,63.1429,50.2844,0.625,0.0641
45,50,person,648.4,412.11,659.2,437.16,653.82,425.95,32.6911,21.2976,0.3745,0.5482
45,51,person,1288.48,576.65,1302.05,606.19,1296.13,592.27,64.8065,29.6136,0.4636,0.5371
45,52,person,774.15,704.32,783.34,723.87,780.23,714.64,39.0113,35.7319,0.4449,0.932
45,41,car,749.59,304.63,777.7,344.19,762.09,321.86,38.1046,16.0932,0.4147,1.5377
45,53,car,1145.12,1053.25,1170.36,1080.2,1157.94,1066.73,57.897,53.3363,0.4499,0.0713
45,54,car,1167.29,1052.92,1192.45,1078.77,1179.71,1066.13,58.9856,53.3067,0.4112,0.1156
45,55,car,1025.22,657.44,1054.47,700.36,1039.31,674.05,51.9653,33.7025,0.3803,1.0864
45,56,car,1445.51,472.28,1481.41,507.36,1461.13,489.97,73.0564,24.4985,0.2603,1.2188
45,57,car,574.03,545.77,597.11,563.15,580.21,555.39,29.0106,27.7696,0.3072,2.6366
45,58,person,1177.83,622.24,1191.81,650.95,1184.47,636.88,59.2234,31.8438,0.3805,0.265
45,59,person,1262.39,603.82,1276.31,633.95,1269.32,618.81,63.4661,30.9407,0.485,0.0768
45,61,person,359.09,664.86,366.53,680.94,362.68,672.76,18.1338,33.638,0.418,0.0577
45,62,bus,610.05,302.27,633.6,367.49,621.83,334.8,31.0914,16.7399,0.5291,0.04
45,18,car,626.76,629.19,663.94,668.46,644.53,648.15,32.2265,32.4077,0.5613,0.2931
46,1,person,1386.99,433.08,1399.54,461.58,1393.29,447.08,69.6645,22.3542,0.4549,0.0344
46,2,person,1360.36,433.68,1373.12,459.36,1366.64,446.38,68.3321,22.3192,0.4175,0.0684
46,3,person,1322.36,436.24,1334.64,464.31,1328.43,450.4,66.4216,22.5201,0.3572,0.0178
46,5,person,726.44,625.13,738.36,649.9,731.95,636.97,36.5977,31.8483,0.7198,0.4968
46,7,car,938.26,972.25,990.76,1009.41,964.33,990.86,48.2166,49.543,0.5976,0.0426
46,8,car,594.11,481.13,646.91,533.69,616.9,509.5,30.8448,25.4751,0.7638,2.1597
46,9,car,637.08,694.25,677.19,745.9,657.03,720.14,32.8513,36.007,0.7515,0.0139
46,10,car,751.66,665.07,787.32,700.72,769.44,682.86,38.4722,34.1432,0.7966,0.0486
46,11,car,346.38,537.37,408.36,574.9,375.59,555.99,18.7796,27.7994,0.609,0.8064
46,12,car,452.11,507.82,515.67,576.14,481.04,546.43,24.0522,27.3217,0.5446,2.7791
46,14,car,610.87,350.82,638.5,417.68,624.66,384.19,31.2329,19.2096,0.7877,0.0112
46,16,car,395.19,796.46,430.51,856.76,412.89,826.44,20.6444,41.3218,0.5446,0.0536
46,17,car,1120.9,684.32,1151.53,742.13,1136.59,713.32,56.8296,35.666,0.5065,0.0988
46,19,car,758.88,246.29,782.57,285.51,770.92,266.29,38.5458,13.3145,0.3191,0.1292
46,20,motorcycle,1107.86,757.47,1124.16,784.41,1117.66,769.14,55.8831,38.457,0.3737,0.9205
46,21,car,589.19,412.37,623.51,472.88,606.25,441.55,30.3123,22.0776,0.6587,0.0424
46,22,person,1068.29,465.49,1077.67,486.88,1070.94,476.47,53.5468,23.8237,0.3801,0.8758
46,23,motorcycle,1366.05,458.87,1383.92,480.72,1377.36,468.73,68.8679,23.4364,0.2618,1.1571
46,25,car,702.07,534.7,733.61,573.57,720.66,558.31,36.0329,27.9156,0.5463,2.4686
46,26,person,574.98,580.57,584.79,601.32,578.14,590.25,28.9071,29.5125,0.5309,0.8211
46,27,car,1158.12,970.88,1180.29,990.97,1169.14,981.0,58.4569,49.0501,0.4391,0.0364
46,28,car,594.55,481.36,646.54,533.55,616.98,509.37,30.8488,25.4685,0.3431,2.1455
46,29,motorcycle,649.61,269.89,660.74,295.6,655.2,284.12,32.7601,14.2058,0.3528,1.7762
46,30,motorcycle,1340.13,441.27,1356.62,459.28,1348.15,450.2,67.4074,22.51,0.2949,0.0595
46,31,person,706.96,676.48,721.34,701.97,714.11,689.22,35.7056,34.461,0.6159,0.0217
46,32,person,1034.89,609.92,1048.98,633.18,1041.17,620.49,52.0584,31.0244,0.3105,0.8436
46,33,car,1121.03,684.56,1150.98,741.8,1136.0,713.1,56.7998,35.6552,0.4599,0.1258
46,35,car,1094.39,495.09,1165.56,545.88,1126.86,519.29,56.3428,25.9646,0.3903,1.6133
46,36,car,648.25,330.2,666.64,381.2,657.99,357.58,32.8996,17.8792,0.554,0.3554
46,37,person,1116.81,456.7,1127.27,479.69,1120.08,468.82,56.0039,23.4409,0.5012,0.9618
46,38,car,1147.26,628.11,1171.71,672.8,1159.53,650.4,57.9764,32.5198,0.4509,0.0298
46,39,motorcycle,1416.7,494.65,1439.51,509.32,1423.85,502.42,71.1923,25.121,0.2691,2.1363
46,40,motorcycle,1472.39,472.36,1495.85,489.92,1440.2,450.37,72.0098,22.5186,0.3583,13.3874
46,42,person,1341.05,427.18,1359.15,458.9,1349.11,443.32,67.4555,22.1661,0.3382,0.2589
46,43,car,581.27,140.47,602.26,162.39,591.67,151.22,29.5836,7.5608,0.5143,0.1033
46,44,car,620.23,606.17,654.8,636.89,641.5,623.96,32.0749,31.1982,0.7013,2.4135
46,45,car,642.32,144.51,663.87,186.65,654.16,173.86,32.7081,8.6928,0.3817,4.0542
46,46,car,932.49,462.44,970.44,490.43,951.41,477.79,47.5705,23.8897,0.2582,0.362
46,13,truck,1185.49,931.92,1340.36,1079.58,1262.88,1005.69,63.1438,50.2844,0.6603,0.0282
46,50,person,648.16,411.77,659.06,436.77,653.8,425.58,32.6899,21.2788,0.3662,0.5648
46,51,person,1288.02,576.84,1301.71,605.87,1295.81,592.06,64.7906,29.6029,0.3732,0.576
46,52,person,773.42,704.32,783.37,723.66,779.68,714.49,38.9841,35.7247,0.4539,0.8447
46,41,car,750.21,305.67,777.89,344.68,762.64,322.71,38.1318,16.1353,0.3542,1.505
46,53,car,1145.12,1053.33,1170.32,1080.21,1157.89,1066.73,57.8944,53.3366,0.4361,0.0787
46,54,car,1167.34,1052.96,1192.51,1078.81,1179.76,1066.07,58.9881,53.3035,0.3922,0.1222
46,55,car,1025.25,658.28,1055.09,702.42,1039.67,675.13,51.9837,33.7566,0.4343,1.7141
46,56,car,1446.64,474.12,1479.63,507.15,1461.72,490.05,73.0859,24.5027,0.2893,0.8951
46,57,car,575.81,545.82,598.98,564.21,581.97,555.11,29.0984,27.7555,0.336,2.6695
46,58,person,1177.81,622.1,1191.94,650.86,1184.58,636.78,59.2289,31.8388,0.3608,0.2248
46,59,person,1262.43,603.73,1276.64,633.91,1269.33,618.83,63.4667,30.9417,0.4442,0.0329
46,61,person,359.1,664.89,366.56,680.84,362.7,672.77,18.1349,33.6387,0.4201,0.0402
46,62,bus,610.07,302.31,633.48,367.59,621.82,334.83,31.0908,16.7414,0.541,0.0483
46,18,car,626.8,629.36,664.23,668.46,644.69,648.3,32.2343,32.415,0.5534,0.3188
47,1,person,1386.97,433.16,1399.55,461.69,1393.29,447.14,69.6644,22.3569,0.5044,0.0797
47,2,person,1360.38,433.66,1373.23,459.44,1366.66,446.43,68.333,22.3216,0.4724,0.0773
47,3,person,1322.39,436.17,1334.75,464.29,1328.46,450.38,66.4229,22.519,0.3972,0.051
47,5,person,726.26,625.14,738.49,650.08,732.15,637.16,36.6075,31.8581,0.7375,0.4165
47,7,car,938.25,972.27,990.84,1009.42,964.37,990.85,48.2183,49.5425,0.6002,0.0535
47,8,car,594.75,479.82,647.65,532.75,618.01,508.76,30.9007,25.4382,0.8121,2.0104
47,9,car,637.15,694.33,677.19,745.83,657.05,720.13,32.8523,36.0066,0.7296,0.0324
47,10,car,751.68,665.06,787.34,700.77,769.45,682.89,38.4726,34.1446,0.824,0.0441
47,11,car,347.12,537.34,408.94,574.92,376.16,556.0,18.8079,27.7999,0.634,0.8489
47,12,car,452.76,508.15,516.72,576.23,482.06,545.08,24.1028,27.2538,0.4976,2.5427
47,14,car,610.84,350.83,638.52,417.82,624.66,384.21,31.2331,19.2104,0.7999,0.0244
47,16,car,395.22,796.64,430.51,856.81,412.88,826.49,20.6441,41.3244,0.4465,0.0802
47,17,car,1120.89,684.3,1151.48,741.86,1136.52,713.31,56.8259,35.6657,0.5377,0.1097
47,19,car,758.93,246.02,782.39,285.31,770.86,266.17,38.5429,13.3086,0.3235,0.1967
47,20,motorcycle,1107.72,758.0,1123.7,784.77,1117.12,769.39,55.8561,38.4697,0.3549,0.894
47,21,car,589.15,412.43,623.49,473.44,606.27,441.6,30.3133,22.08,0.7055,0.0772
47,22,person,1068.83,465.12,1078.59,486.93,1071.59,476.42,53.5794,23.8209,0.3794,0.9814
47,23,motorcycle,1366.13,459.69,1382.87,480.61,1376.68,469.08,68.8341,23.4539,0.2587,1.1413
47,25,car,700.2,533.76,732.97,575.78,719.72,557.6,35.9859,27.8798,0.5043,1.7737
47,26,person,575.29,580.57,585.32,601.44,578.67,590.44,28.9337,29.5218,0.5678,0.8455
47,27,car,1158.11,970.86,1180.23,990.98,1169.14,980.98,58.4571,49.0492,0.5378,0.0256
47,28,car,595.03,479.95,647.41,532.7,618.09,508.66,30.9044,25.433,0.3727,1.9804
47,29,motorcycle,649.66,268.44,660.77,297.3,655.19,283.23,32.7594,14.1615,0.3695,1.3271
47,30,motorcycle,1340.14,441.2,1356.74,459.31,1348.2,450.2,67.4101,22.5098,0.3329,0.0816
47,31,person,706.97,676.53,721.41,702.01,714.12,689.23,35.706,34.4614,0.6821,0.0161
47,32,person,1035.42,610.05,1049.1,633.22,1041.43,620.85,52.0713,31.0425,0.2995,0.6653
47,33,car,1121.04,684.58,1150.96,741.64,1136.0,713.15,56.7999,35.6577,0.4716,0.0744
47,35,car,1095.26,495.13,1166.72,546.03,1127.87,519.58,56.3934,25.9792,0.4873,1.5811
47,36,car,647.95,329.1,666.5,380.35,657.81,357.08,32.8903,17.8542,0.6033,0.8008
47,37,person,1117.23,456.58,1128.0,479.64,1120.69,468.63,56.0345,23.4316,0.575,0.9576
47,38,car,1147.27,628.13,1171.67,672.8,1159.52,650.42,57.9761,32.5209,0.4524,0.0344
47,39,motorcycle,1420.83,452.73,1443.01,470.14,1425.63,496.57,71.2816,24.8286,0.2538,9.1733
47,40,motorcycle,1491.08,485.56,1515.18,502.33,1450.24,457.3,72.512,22.8648,0.4009,18.2993
47,42,person,1341.12,427.5,1358.65,458.98,1349.24,443.3,67.4622,22.1652,0.3769,0.201
47,43,car,581.32,140.44,602.28,162.4,591.7,151.28,29.585,7.5638,0.5349,0.0975
47,44,car,618.83,606.38,653.35,636.73,640.2,622.93,32.0099,31.1467,0.7385,2.4892
47,45,car,641.96,142.31,663.26,185.58,653.84,171.12,32.692,8.556,0.5292,4.1326
47,46,car,931.68,462.1,970.11,491.79,951.35,477.59,47.5675,23.8796,0.2607,0.3173
47,13,truck,1185.42,932.03,1340.42,1079.58,1262.89,1005.7,63.1447,50.285,0.6657,0.0301
47,50,person,647.91,411.14,658.9,436.1,653.74,425.14,32.6872,21.2572,0.3712,0.6538
47,51,person,1287.45,576.84,1301.42,605.78,1295.52,591.81,64.7758,29.5904,0.4061,0.5808
47,52,person,772.86,704.23,783.46,723.42,779.23,714.33,38.9614,35.7166,0.4458,0.7241
47,41,car,750.55,306.79,778.6,345.68,763.15,323.56,38.1577,16.1781,0.3938,1.5008
47,53,car,1145.16,1053.37,1170.26,1080.21,1157.84,1066.74,57.892,53.3371,0.4955,0.0734
47,54,car,1167.34,1053.05,1192.55,1078.83,1179.8,1066.01,58.9901,53.3003,0.4348,0.1127
47,55,car,1025.33,658.96,1055.63,703.85,1039.93,676.53,51.9966,33.8266,0.4937,2.1327
47,56,car,1447.88,472.23,1481.58,506.99,1462.44,489.97,73.122,24.4983,0.2719,1.0915
47,57,car,577.53,545.67,600.71,564.37,583.75,554.84,29.1873,27.7419,0.4671,2.6983
47,58,person,1177.79,622.03,1192.04,650.79,1184.67,636.69,59.2336,31.8344,0.3856,0.1932
47,59,person,1262.48,603.66,1276.76,633.86,1269.37,618.83,63.4687,30.9417,0.4467,0.0618
47,61,person,359.11,664.84,366.56,680.78,362.73,672.8,18.1365,33.6399,0.4166,0.0582
47,62,bus,610.01,302.25,633.48,367.65,621.8,334.85,31.0902,16.7424,0.5091,0.0356
47,18,car,626.75,629.5,664.3,668.46,644.85,648.44,32.2424,32.4221,0.6444,0.3236
47,34,car,610.16,302.06,633.45,365.36,621.87,333.58,31.0933,16.6788,0.5917,0.2222
48,1,person,1386.96,433.28,1399.6,461.86,1393.28,447.23,69.6641,22.3613,0.5583,0.1341
48,2,person,1360.41,433.67,1373.34,459.49,1366.7,446.47,68.3348,22.3235,0.5187,0.0784
48,3,person,1322.33,436.15,1334.75,464.23,1328.48,450.34,66.4241,22.5168,0.4442,0.0757
48,5,person,726.04,625.34,738.57,650.4,732.29,637.35,36.6147,31.8674,0.7557,0.3524
48,7,car,938.14,972.27,990.91,1009.44,964.4,990.84,48.2201,49.5422,0.6231,0.0548
48,8,car,596.52,478.61,648.4,532.03,619.17,507.99,30.9584,25.3995,0.3193,2.0815
48,9,car,637.42,694.29,677.24,745.85,657.09,720.12,32.8547,36.0062,0.7403,0.0732
48,10,car,751.69,665.06,787.43,700.8,769.47,682.91,38.4733,34.1454,0.8519,0.0311
48,11,car,348.03,537.29,409.44,574.98,376.78,556.03,18.8389,27.8017,0.6476,0.933
48,12,car,455.52,518.89,517.27,576.87,483.07,544.9,24.1537,27.2449,0.5465,1.5497
48,14,car,610.86,350.81,638.55,417.7,624.67,384.23,31.2335,19.2117,0.7534,0.0415
48,16,car,395.26,796.58,430.6,856.88,412.89,826.55,20.6443,41.3275,0.5608,0.0916
48,17,car,1120.93,684.3,1151.5,741.95,1136.44,713.31,56.8219,35.6654,0.5299,0.1217
48,19,car,758.95,245.84,782.47,285.22,770.81,266.03,38.5405,13.3016,0.3632,0.2222
48,20,motorcycle,1107.54,759.12,1123.17,784.77,1116.64,769.87,55.8318,38.4933,0.3642,1.0175
48,21,car,589.23,412.35,623.52,473.69,606.29,441.79,30.3143,22.0895,0.6186,0.2873
48,22,person,1069.16,465.31,1078.66,487.02,1072.2,476.36,53.6102,23.8181,0.403,0.927
48,23,motorcycle,1363.5,457.66,1384.49,480.86,1376.01,469.24,68.8007,23.462,0.324,1.0319
48,25,car,700.12,533.24,732.22,576.95,718.84,556.84,35.942,27.842,0.5932,1.7365
48,26,person,575.59,580.21,586.02,601.6,579.2,590.59,28.96,29.5294,0.5816,0.8225
48,27,car,1158.11,970.91,1180.18,991.01,1169.14,980.98,58.4572,49.0488,0.528,0.0139
48,28,car,596.42,478.56,648.29,532.25,619.21,507.91,30.9606,25.3955,0.8268,2.0261
48,29,motorcycle,649.56,266.88,660.64,296.91,655.17,282.49,32.7585,14.1244,0.3947,1.1149
48,30,motorcycle,1340.15,441.17,1356.8,459.32,1348.26,450.2,67.4132,22.51,0.3927,0.0937
48,31,person,706.87,676.41,721.52,702.14,714.13,689.24,35.7067,34.4618,0.6411,0.0251
48,32,person,1035.9,610.12,1049.27,633.38,1041.7,621.21,52.0848,31.0606,0.3086,0.6775
48,33,car,1121.1,684.55,1150.99,741.21,1136.01,713.15,56.8003,35.6577,0.471,0.0127
48,35,car,1096.01,495.3,1167.77,546.2,1128.88,519.88,56.4439,25.994,0.4893,1.5795
48,36,car,647.63,328.05,666.43,379.57,657.61,356.39,32.8805,17.8194,0.5652,1.0841
48,37,person,1117.67,456.73,1128.32,479.67,1121.27,468.48,56.0637,23.4242,0.5324,0.9045
48,38,car,1147.28,628.09,1171.66,672.79,1159.51,650.43,57.9756,32.5216,0.4558,0.0258
48,39,motorcycle,1422.18,437.53,1444.16,456.15,1427.39,488.61,71.3694,24.4304,0.2819,12.2321
48,40,motorcycle,1497.5,489.44,1522.13,506.18,1461.23,464.81,73.0615,23.2405,0.362,19.9704
48,42,person,1341.13,427.67,1358.28,458.99,1349.35,443.31,67.4677,22.1653,0.4084,0.1645
48,43,car,581.32,140.4,602.33,162.35,591.73,151.31,29.5863,7.5656,0.5579,0.0699
48,44,car,617.48,606.36,651.91,636.73,638.86,622.27,31.9428,31.1134,0.7636,2.2465
48,45,car,641.88,140.15,663.85,184.84,653.59,168.74,32.6797,8.4369,0.5627,3.5929
48,46,car,931.99,462.63,970.58,494.4,951.38,477.56,47.5688,23.8782,0.2516,0.0577
48,13,truck,1184.97,932.08,1340.33,1079.58,1262.86,1005.71,63.1431,50.2857,0.6621,0.0513
48,50,person,647.77,410.07,658.77,434.97,653.66,424.6,32.6831,21.2299,0.3096,0.8266
48,51,person,1286.93,576.35,1301.21,605.42,1295.18,591.57,64.7592,29.5783,0.3673,0.6144
48,52,person,772.44,704.02,783.51,723.22,778.85,714.16,38.9425,35.7078,0.4575,0.6257
48,41,car,750.87,307.63,779.29,347.01,763.65,324.45,38.1824,16.2225,0.3568,1.5221
48,53,car,1145.21,1053.43,1170.31,1080.21,1157.8,1066.75,57.8901,53.3377,0.4757,0.0588
48,54,car,1167.41,1053.05,1192.58,1078.81,1179.84,1065.96,58.9918,53.298,0.3,0.0858
48,55,car,1025.58,659.71,1056.24,705.14,1040.14,678.1,52.007,33.905,0.4517,2.373
48,56,car,1448.3,476.71,1479.53,507.19,1463.01,490.21,73.1503,24.5106,0.2632,0.9226
48,57,car,579.16,545.67,602.61,565.51,585.54,554.71,29.2768,27.7353,0.2655,2.6922
48,58,person,1177.76,622.04,1192.12,650.62,1184.75,636.6,59.2377,31.8299,0.3677,0.1799
48,59,person,1262.48,603.69,1276.9,633.77,1269.43,618.83,63.4717,30.9413,0.4069,0.0888
48,61,person,359.14,664.82,366.55,680.68,362.76,672.82,18.1382,33.6409,0.4453,0.0602
48,62,bus,610.01,302.27,633.5,367.71,621.8,334.87,31.0899,16.7434,0.5372,0.0317
48,18,car,626.69,629.57,664.38,668.47,645.02,648.58,32.2509,32.429,0.6428,0.3279
49,1,person,1386.95,433.27,1399.69,462.0,1393.28,447.33,69.6642,22.3663,0.5228,0.1478
49,2,person,1360.46,433.7,1373.32,459.48,1366.75,446.51,68.3373,22.3253,0.4896,0.0926
49,3,person,1322.24,436.08,1334.69,464.21,1328.49,450.29,66.4244,22.5143,0.4095,0.0742
49,5,person,725.65,625.61,738.52,650.57,732.34,637.53,36.6169,31.8767,0.7836,0.286
49,7,car,938.05,972.22,990.94,1009.45,964.44,990.84,48.222,49.542,0.6417,0.0572
49,8,car,597.44,477.44,649.57,530.86,620.32,507.16,31.0159,25.3578,0.3768,2.1318
49,9,car,637.53,694.33,677.27,745.84,657.16,720.11,32.8581,36.0056,0.7162,0.1037
49,10,car,751.69,665.12,787.43,700.83,769.49,682.92,38.4743,34.1462,0.8276,0.0386
49,11,car,349.05,537.32,409.89,574.89,377.45,556.07,18.8724,27.8036,0.694,1.0059
49,12,car,458.07,525.38,517.7,577.81,484.21,545.31,24.2107,27.2654,0.5364,1.8153
49,14,car,610.89,350.86,638.65,417.56,624.69,384.24,31.2345,19.2121,0.7778,0.0321
49,16,car,395.25,796.76,430.56,857.0,412.88,826.63,20.6442,41.3317,0.5739,0.1261
49,17,car,1120.96,684.29,1151.63,742.04,1136.36,713.28,56.8181,35.6642,0.5283,0.1195
49,19,car,758.92,245.89,782.55,285.18,770.76,265.89,38.5382,13.2944,0.3955,0.2253
49,20,motorcycle,1107.46,758.23,1122.69,784.09,1116.21,770.31,55.8105,38.5156,0.3703,0.9248
49,21,car,589.24,412.24,623.64,473.89,606.31,442.3,30.3155,22.1152,0.672,0.7704
49,22,person,1069.71,465.43,1078.59,486.93,1072.78,476.27,53.6392,23.8137,0.3825,0.8816
49,23,motorcycle,1362.26,456.95,1384.84,480.97,1375.31,469.3,68.7657,23.4648,0.3258,1.0518
49,25,car,699.75,532.64,731.56,577.48,718.0,556.08,35.9001,27.8041,0.5814,1.6952
49,26,person,575.54,579.98,586.62,601.7,579.71,590.7,28.9855,29.5351,0.6304,0.7835
49,27,car,1158.12,970.93,1180.15,991.07,1169.14,980.97,58.4572,49.0484,0.5017,0.01
49,28,car,597.07,477.35,649.74,531.81,620.32,507.14,31.0162,25.3571,0.7943,2.0287
49,29,motorcycle,649.52,264.44,660.77,295.47,655.16,281.7,32.7581,14.0851,0.3811,1.1776
49,30,motorcycle,1340.06,441.11,1356.87,459.35,1348.32,450.2,67.4162,22.5102,0.3577,0.0895
49,31,person,707.62,676.28,721.08,701.99,714.17,689.23,35.7085,34.4614,0.6107,0.0572
49,32,person,1036.23,610.87,1049.45,633.61,1041.98,621.51,52.0991,31.0757,0.2526,0.6238
49,33,car,1121.13,684.49,1150.96,740.74,1136.01,713.09,56.8007,35.6545,0.5271,0.0971
49,35,car,1096.43,495.52,1168.66,546.48,1129.84,520.21,56.492,26.0107,0.3625,1.5269
49,36,car,647.54,326.83,666.14,372.51,657.41,355.12,32.8707,17.7562,0.5496,1.9196
49,37,person,1117.97,456.76,1128.74,479.57,1121.83,468.37,56.0914,23.4187,0.508,0.8475
49,38,car,1147.32,628.04,1171.67,672.8,1159.5,650.44,57.9752,32.5219,0.4787,0.0155
49,40,motorcycle,1499.56,489.96,1523.87,506.72,1472.49,472.4,73.6243,23.62,0.3076,20.3631
49,42,person,1341.1,427.77,1358.08,459.02,1349.45,443.31,67.4725,22.1653,0.3739,0.1457
49,43,car,581.34,140.35,602.36,162.33,591.75,151.33,29.5877,7.5667,0.5609,0.0522
49,44,car,616.06,606.27,650.51,636.63,637.48,621.87,31.8741,31.0936,0.7749,2.1426
49,45,car,641.9,138.19,667.16,183.73,653.58,166.49,32.6788,8.3245,0.4785,3.3703
49,46,car,932.18,462.95,970.89,496.0,951.46,477.63,47.5731,23.8816,0.2783,0.1663
49,13,truck,1184.96,932.05,1340.31,1079.58,1262.83,1005.74,63.1417,50.2871,0.635,0.0579
49,50,person,647.76,408.86,658.67,433.84,653.56,423.93,32.6781,21.1964,0.3509,1.0155
49,51,person,1286.43,576.18,1300.84,605.25,1294.82,591.35,64.7411,29.5674,0.43,0.6334
49,52,person,772.18,703.85,783.14,723.08,778.51,713.98,38.9257,35.6988,0.4886,0.5718
49,41,car,751.48,308.37,779.87,348.33,764.16,325.4,38.2081,16.2699,0.3333,1.6202
49,53,car,1145.23,1053.36,1170.21,1080.21,1157.77,1066.76,57.8885,53.3382,0.4881,0.0515
49,54,car,1167.46,1053.1,1192.57,1078.82,1179.88,1065.93,58.9941,53.2966,0.2739,0.0815
49,55,car,1025.91,659.4,1057.96,706.16,1040.4,679.7,52.0201,33.9848,0.4656,2.4262
49,57,car,580.9,545.54,604.47,566.31,587.33,554.82,29.3663,27.741,0.3121,2.69
49,58,person,1177.68,621.85,1192.2,650.56,1184.82,636.51,59.2409,31.8254,0.4025,0.1679
49,59,person,1262.49,603.58,1276.92,633.72,1269.49,618.8,63.4745,30.9402,0.4206,0.09
49,61,person,359.11,664.52,366.62,680.7,362.8,672.81,18.1401,33.6405,0.4523,0.058
49,62,bus,610.04,302.27,633.6,367.71,621.79,334.9,31.0895,16.7451,0.5164,0.0512
49,18,car,626.64,629.49,664.31,668.53,645.18,648.71,32.2591,32.4354,0.5171,0.3139
49,64,person,808.93,698.67,819.6,722.16,814.26,710.42,40.7132,35.5208,0.4133,0.0
49,34,car,610.15,302.25,633.58,366.64,621.87,333.53,31.0937,16.6766,0.5129,0.0676
50,1,person,1386.99,433.22,1399.72,462.06,1393.29,447.42,69.6644,22.3709,0.5257,0.1397
50,2,person,1360.42,433.72,1373.28,459.51,1366.79,446.54,68.3393,22.3268,0.4901,0.0747
50,3,person,1322.2,436.14,1334.65,464.29,1328.48,450.25,66.4242,22.5126,0.403,0.051
50,5,person,725.31,626.2,738.39,650.99,732.28,637.75,36.6142,31.8876,0.7762,0.3375
50,7,car,937.96,972.21,990.97,1009.45,964.47,990.84,48.2235,49.5418,0.64,0.0437
50,8,car,599.05,476.54,650.5,529.57,621.41,506.2,31.0703,25.3099,0.7415,2.1757
50,9,car,637.77,694.28,677.28,745.85,657.24,720.09,32.8618,36.0045,0.7337,0.1153
50,10,car,751.71,665.15,787.43,700.91,769.51,682.94,38.4756,34.1468,0.8389,0.0431
50,11,car,349.32,537.3,410.48,574.86,378.08,556.1,18.9041,27.8051,0.6045,0.9528
50,12,car,460.17,530.36,518.6,578.49,485.38,546.51,24.2689,27.3253,0.5354,2.5049
50,14,car,610.93,350.91,638.7,417.73,624.71,384.27,31.2356,19.2135,0.7739,0.0524
50,16,car,395.29,796.78,430.6,856.95,412.89,826.7,20.6444,41.3352,0.501,0.1055
50,17,car,1120.96,684.36,1151.6,742.12,1136.3,713.25,56.8149,35.6625,0.5488,0.1081
50,19,car,758.93,245.94,782.69,285.16,770.75,265.78,38.5373,13.2889,0.3718,0.1693
50,20,motorcycle,1107.12,756.05,1122.22,783.23,1115.8,770.56,55.7899,38.5281,0.402,0.724
50,21,car,589.26,412.18,623.7,473.81,606.35,442.62,30.3175,22.131,0.7029,0.477
50,22,person,1070.3,465.56,1078.66,486.93,1073.31,476.23,53.6656,23.8114,0.417,0.7955
50,23,motorcycle,1360.47,445.09,1375.45,465.86,1373.91,467.41,68.6955,23.3703,0.2548,3.533
50,25,car,699.19,532.04,730.89,577.59,717.2,555.33,35.86,27.7666,0.4868,1.6478
50,26,person,576.18,580.8,586.99,601.85,580.21,590.87,29.0107,29.5433,0.657,0.7937
50,27,car,1158.13,970.89,1180.16,991.11,1169.15,980.97,58.4575,49.0483,0.514,0.0104
50,28,car,598.81,476.47,650.61,530.21,621.39,506.27,31.0695,25.3137,0.3262,2.0615
50,29,motorcycle,649.54,270.51,660.47,294.26,655.13,281.59,32.7567,14.0797,0.4201,0.1668
50,30,motorcycle,1340.04,441.22,1356.95,459.4,1348.38,450.23,67.4189,22.5114,0.313,0.0906
50,31,person,708.08,675.99,720.79,701.99,714.22,689.19,35.7109,34.4596,0.6165,0.0868
50,33,car,1121.14,684.53,1150.97,740.75,1136.02,713.01,56.8011,35.6504,0.4986,0.1236
50,35,car,1098.99,495.62,1169.54,544.19,1130.91,520.34,56.5456,26.0171,0.4119,1.6197
50,36,car,647.4,325.5,666.03,367.76,657.24,353.5,32.8618,17.6748,0.5734,2.4551
50,37,person,1118.26,456.58,1128.95,479.58,1122.35,468.25,56.1176,23.4123,0.5537,0.8081
50,38,car,1147.34,628.03,1171.66,672.82,1159.49,650.44,57.9747,32.522,0.4811,0.0125
50,40,motorcycle,1499.82,489.6,1524.63,506.26,1483.82,479.95,74.1909,23.9977,0.3215,20.4291
50,42,person,1341.07,427.73,1357.95,459.06,1349.54,443.3,67.4769,22.1652,0.3717,0.1322
50,43,car,581.38,140.3,602.38,162.4,591.79,151.35,29.5893,7.5676,0.5533,0.0534
50,44,car,614.65,606.3,649.09,636.75,636.09,621.66,31.8046,31.0828,0.7599,2.1116
50,45,car,642.21,137.61,669.15,182.65,653.75,164.58,32.6875,8.2291,0.3874,2.8763
50,46,car,932.36,463.16,971.09,496.92,951.59,477.78,47.5796,23.8892,0.2503,0.3002
50,13,truck,1184.86,932.01,1340.19,1079.59,1262.78,1005.77,63.1391,50.2883,0.6085,0.0874
50,50,person,648.12,407.89,658.71,433.13,653.5,423.17,32.675,21.1584,0.3374,1.1451
50,51,person,1286.09,575.87,1300.5,605.06,1294.45,591.13,64.7225,29.5566,0.4817,0.6458
50,52,person,771.74,703.92,782.79,722.99,778.19,713.82,38.9093,35.691,0.4701,0.5427
50,41,car,752.12,309.58,780.58,349.73,764.68,326.41,38.2339,16.3205,0.4475,1.7025
50,53,car,1145.27,1053.31,1170.06,1080.2,1157.73,1066.77,57.8866,53.3384,0.5013,0.0549
50,54,car,1167.38,1053.14,1192.5,1078.84,1179.92,1065.92,58.9959,53.2962,0.4447,0.0554
50,55,car,1026.34,659.38,1059.65,706.99,1040.87,680.89,52.0433,34.0445,0.4573,1.9208
50,57,car,582.71,545.43,606.05,565.29,589.1,554.99,29.4552,27.7495,0.328,2.6802
50,58,person,1177.6,621.77,1192.21,650.5,1184.87,636.41,59.2434,31.8205,0.416,0.1649
50,59,person,1262.49,603.55,1276.87,633.72,1269.54,618.77,63.4771,30.9387,0.4763,0.0903
50,61,person,359.09,664.49,366.67,680.71,362.83,672.78,18.1416,33.639,0.4427,0.0645
50,62,bus,610.07,302.32,633.66,367.71,621.8,334.94,31.0901,16.7469,0.5408,0.0569
50,18,car,626.66,629.2,664.31,668.53,645.34,648.83,32.2672,32.4417,0.6425,0.3076
50,64,person,808.33,698.86,819.42,722.06,814.07,710.44,40.7035,35.5219,0.558,0.293
50,34,car,610.15,302.34,633.64,367.13,621.88,333.53,31.0942,16.6767,0.4826,0.014
51,1,person,1386.99,433.23,1399.72,461.96,1393.3,447.49,69.6651,22.3745,0.5421,0.1107
51,2,person,1360.47,433.66,1373.26,459.46,1366.82,446.55,68.341,22.3277,0.5337,0.0569
51,3,person,1322.25,436.08,1334.61,464.27,1328.49,450.22,66.4243,22.511,0.3961,0.0504
51,5,person,726.59,626.5,738.26,651.17,732.28,637.98,36.6138,31.8991,0.7268,0.345
51,7,car,937.84,972.25,990.85,1009.37,964.47,990.83,48.2236,49.5416,0.6419,0.0085
51,8,car,600.31,475.5,651.83,528.3,622.56,505.18,31.1278,25.2592,0.665,2.2981
51,9,car,637.7,694.23,677.28,745.85,657.3,720.07,32.8651,36.0037,0.7358,0.102
51,10,car,751.75,665.16,787.48,700.94,769.54,682.96,38.4769,34.1478,0.8124,0.0488
51,11,car,349.48,537.28,411.03,574.79,378.66,556.1,18.9328,27.8052,0.631,0.8614
51,12,car,462.15,533.07,519.48,578.92,486.6,548.22,24.3301,27.4111,0.5522,3.1641
51,14,car,610.94,350.93,638.79,417.99,624.74,384.3,31.2371,19.215,0.7586,0.0643
51,16,car,395.33,796.78,430.67,856.91,412.9,826.75,20.6451,41.3377,0.4645,0.0772
51,17,car,1120.96,684.37,1151.33,741.71,1136.24,713.18,56.812,35.6589,0.5411,0.1398
51,19,car,758.83,246.18,782.84,285.18,770.74,265.7,38.5371,13.2851,0.3916,0.1132
51,20,motorcycle,1106.7,754.28,1121.72,782.6,1115.39,770.64,55.7693,38.5318,0.4225,0.6277
51,21,car,589.3,412.16,623.73,473.72,606.39,442.82,30.3193,22.1409,0.69,0.3041
51,22,person,1070.88,465.65,1078.83,486.87,1073.77,476.21,53.6885,23.8104,0.4555,0.6852
51,23,motorcycle,1361.08,452.76,1380.95,475.71,1373.08,466.7,68.654,23.3351,0.2783,1.6327
51,25,car,698.7,530.93,730.24,572.01,716.41,554.63,35.8205,27.7313,0.6648,1.5876
51,26,person,576.78,580.81,587.26,601.96,580.7,591.02,29.035,29.5509,0.6878,0.765
51,27,car,1158.18,970.92,1180.17,991.13,1169.16,980.97,58.458,49.0485,0.4781,0.016
51,28,car,600.15,475.44,651.91,528.73,622.52,505.32,31.1262,25.2659,0.397,2.2246
51,29,motorcycle,649.73,272.01,660.16,292.63,655.11,281.67,32.7555,14.0833,0.3817,0.112
51,30,motorcycle,1340.1,441.15,1356.99,459.28,1348.43,450.23,67.4216,22.5117,0.3375,0.0801
51,31,person,708.39,675.61,720.64,701.9,714.28,689.13,35.7141,34.4564,0.6018,0.1379
51,33,car,1121.15,684.54,1150.98,740.53,1136.03,712.9,56.8016,35.645,0.5181,0.1626
51,35,car,1100.03,495.57,1170.84,544.95,1132.0,520.44,56.6001,26.0219,0.459,1.6391
51,36,car,647.15,324.31,665.8,364.16,657.05,351.62,32.8523,17.5811,0.5356,2.8271
51,37,person,1118.72,456.77,1128.95,479.49,1122.82,468.18,56.1412,23.409,0.4219,0.7151
51,38,car,1147.37,628.0,1171.68,672.86,1159.49,650.44,57.9746,32.522,0.4836,0.005
51,40,motorcycle,1499.78,488.8,1524.79,505.73,1495.17,487.36,74.7585,24.3681,0.2805,20.3316
51,42,person,1341.11,427.68,1357.95,459.03,1349.62,443.3,67.4811,22.1648,0.369,0.1242
51,43,car,581.38,140.29,602.42,162.41,591.82,151.37,29.5909,7.5683,0.541,0.0537
51,44,car,613.26,606.3,647.63,636.87,634.69,621.56,31.7345,31.0781,0.7574,2.1089
51,45,car,642.21,136.53,669.02,181.77,653.97,162.9,32.6987,8.145,0.3829,2.5439
51,46,car,932.42,463.23,971.19,497.5,951.59,478.25,47.5796,23.9123,0.2797,0.6934
51,13,truck,1184.9,931.93,1339.84,1079.58,1262.71,1005.78,63.1353,50.2889,0.6338,0.114
51,50,person,648.29,406.9,658.78,432.27,653.47,422.35,32.6733,21.1177,0.4023,1.2205
51,51,person,1285.68,575.75,1300.14,604.99,1294.07,590.93,64.7034,29.5466,0.4575,0.6472
51,52,person,771.54,703.9,782.39,722.93,777.88,713.7,38.894,35.6848,0.4646,0.4954
51,41,car,752.56,310.65,781.17,350.87,765.18,327.42,38.2589,16.3708,0.3897,1.6848
51,53,car,1145.31,1053.25,1169.99,1080.21,1157.71,1066.77,57.8855,53.3384,0.4741,0.0349
51,54,car,1167.33,1053.21,1192.44,1078.85,1179.94,1065.94,58.997,53.297,0.295,0.0401
51,55,car,1026.68,660.63,1059.11,707.94,1041.32,681.9,52.0659,34.0952,0.411,1.6676
51,57,car,584.5,545.36,607.67,565.21,590.88,555.24,29.5438,27.7618,0.3716,2.681
51,58,person,1177.56,621.58,1192.24,650.34,1184.9,636.3,59.245,31.8151,0.4057,0.1693
51,59,person,1262.53,603.53,1276.93,633.7,1269.62,618.73,63.4808,30.9364,0.4833,0.1316
51,61,person,359.12,664.55,366.65,680.69,362.85,672.74,18.1425,33.6369,0.4141,0.0683
51,62,bus,610.09,302.3,633.69,367.61,621.81,334.96,31.0905,16.748,0.4849,0.0361
51,18,car,626.64,628.88,664.33,668.54,645.48,648.9,32.274,32.4451,0.6399,0.2293
51,64,person,807.39,698.82,819.49,721.96,813.86,710.42,40.693,35.5211,0.4414,0.3164
51,34,car,610.15,302.34,633.66,367.3,621.89,333.55,31.0943,16.6774,0.5265,0.0198
51,65,car,710.17,261.28,738.69,324.66,724.43,292.97,36.2213,14.6486,0.4719,0.0
52,1,person,1386.98,433.29,1399.71,461.94,1393.31,447.55,69.6656,22.3773,0.5388,0.0831
52,2,person,1360.49,433.53,1373.28,459.41,1366.85,446.55,68.3423,22.3277,0.5295,0.0371
52,3,person,1322.25,436.08,1334.54,464.15,1328.47,450.19,66.4237,22.5096,0.4077,0.0444
52,5,person,727.44,626.74,738.14,651.4,732.32,638.23,36.6159,31.9113,0.7097,0.3713
52,7,car,937.77,972.24,990.75,1009.32,964.45,990.83,48.2224,49.5413,0.6029,0.0349
52,8,car,600.85,474.56,652.83,526.35,623.62,504.08,31.1812,25.2042,0.6955,2.3003
52,9,car,637.66,694.22,677.28,745.9,657.36,720.07,32.868,36.0035,0.7415,0.0863
52,10,car,751.77,665.21,787.51,700.96,769.56,682.98,38.4782,34.1491,0.8046,0.0552
52,11,car,349.78,537.36,411.64,574.76,379.21,556.1,18.9604,27.8049,0.6108,0.8277
52,12,car,464.19,535.44,520.76,579.01,487.94,550.18,24.3971,27.5092,0.6276,3.5618
52,14,car,610.96,350.9,638.82,418.04,624.77,384.33,31.2386,19.2163,0.7574,0.0598
52,16,car,395.42,796.89,430.76,856.87,412.94,826.79,20.647,41.3395,0.4629,0.0792
52,17,car,1121.02,684.42,1151.24,741.08,1136.21,713.09,56.8105,35.6545,0.4807,0.1402
52,19,car,758.78,246.4,782.94,285.24,770.76,265.67,38.5381,13.2834,0.3738,0.0588
52,20,motorcycle,1106.37,753.23,1121.3,781.81,1114.98,770.15,55.749,38.5074,0.3777,0.9543
52,21,car,589.32,412.14,623.75,473.75,606.43,442.93,30.3215,22.1467,0.6942,0.1838
52,22,person,1071.33,465.6,1079.07,486.88,1074.18,476.18,53.7092,23.8092,0.4551,0.6227
52,25,car,698.01,530.1,729.54,573.55,715.65,553.88,35.7824,27.694,0.6718,1.6014
52,26,person,577.18,581.22,587.45,602.17,581.14,591.16,29.0571,29.5579,0.7202,0.6952
52,27,car,1158.21,970.93,1180.12,991.15,1169.16,980.98,58.4582,49.0491,0.4145,0.0178
52,28,car,600.74,474.5,652.88,526.65,623.58,504.25,31.1791,25.2126,0.453,2.2524
52,29,motorcycle,649.75,270.62,660.06,291.0,655.07,281.85,32.7535,14.0927,0.3222,0.2906
52,30,motorcycle,1340.07,441.25,1356.97,459.24,1348.47,450.25,67.4237,22.5126,0.2867,0.0687
52,31,person,708.58,675.77,720.55,701.88,714.34,689.07,35.7172,34.4534,0.594,0.1295
52,33,car,1121.1,684.52,1150.97,740.74,1136.04,712.8,56.8018,35.6399,0.5381,0.1514
52,35,car,1100.91,495.56,1172.07,545.96,1133.08,520.53,56.6542,26.0267,0.4082,1.6302
52,36,car,646.81,323.43,665.81,367.66,656.86,350.05,32.8432,17.5023,0.5944,2.379
52,37,person,1119.31,457.17,1129.1,479.37,1123.24,468.16,56.1618,23.4082,0.3889,0.6188
52,38,car,1147.4,627.99,1171.7,672.86,1159.5,650.44,57.9749,32.5218,0.5062,0.0108
52,40,motorcycle,1499.84,488.17,1525.16,505.44,1506.54,494.75,75.3271,24.7374,0.2564,20.341
52,42,person,1341.08,427.77,1357.91,459.01,1349.69,443.31,67.4844,22.1653,0.3698,0.1003
52,43,car,581.4,140.25,602.45,162.38,591.85,151.37,29.5925,7.5684,0.5391,0.0496
52,44,car,611.84,606.3,646.26,637.0,633.28,621.55,31.664,31.0775,0.749,2.1142
52,45,car,641.99,134.41,670.61,181.44,654.39,161.45,32.7193,8.0727,0.4812,2.257
52,46,car,932.46,463.27,971.25,497.84,951.51,478.9,47.5755,23.9452,0.2756,0.9955
52,13,truck,1185.07,931.86,1339.52,1079.59,1262.62,1005.78,63.1308,50.2892,0.6653,0.1359
52,50,person,648.41,406.12,658.81,431.46,653.44,421.52,32.6719,21.076,0.4124,1.2537
52,51,person,1285.3,575.65,1299.68,604.83,1293.67,590.76,64.6836,29.5382,0.4791,0.6471
52,52,person,771.44,703.64,781.85,722.78,777.58,713.57,38.879,35.6785,0.4453,0.4889
52,41,car,752.99,311.4,781.62,351.68,765.7,328.43,38.2851,16.4217,0.3658,1.7176
52,53,car,1145.34,1053.19,1169.89,1080.22,1157.69,1066.77,57.8846,53.3383,0.4707,0.0262
52,54,car,1167.28,1053.23,1192.42,1078.87,1179.94,1065.97,58.9968,53.2985,0.2869,0.0443
52,55,car,1027.17,661.86,1058.8,708.59,1041.77,682.81,52.0884,34.1404,0.403,1.5137
52,57,car,586.11,545.26,609.24,565.66,592.6,555.38,29.6302,27.7689,0.3265,2.6032
52,58,person,1177.46,621.4,1192.3,650.21,1184.91,636.19,59.2454,31.8094,0.4218,0.1694
52,59,person,1262.49,603.53,1276.94,633.71,1269.67,618.69,63.4834,30.9345,0.4999,0.0961
52,61,person,359.16,664.49,366.65,680.66,362.86,672.69,18.1431,33.6345,0.4025,0.0729
52,62,bus,610.1,302.28,633.71,367.71,621.82,334.98,31.0911,16.7488,0.4633,0.0304
52,18,car,626.54,628.83,664.21,668.55,645.48,648.88,32.2742,32.4442,0.605,0.0289
52,64,person,806.6,698.65,819.41,721.72,813.64,710.36,40.6822,35.5182,0.4962,0.334
52,34,car,610.14,302.35,633.68,367.55,621.89,333.58,31.0943,16.6788,0.503,0.0421
52,65,car,710.08,262.63,738.84,322.02,724.44,292.65,36.2222,14.6324,0.4947,0.4873
52,66,car,395.48,797.3,430.63,857.11,413.05,827.21,20.6527,41.3603,0.6233,0.0
52,67,car,591.95,186.23,616.78,221.77,604.37,204.0,30.2183,10.2001,0.4509,0.0
53,1,person,1386.97,433.35,1399.65,461.93,1393.32,447.59,69.6659,22.3795,0.482,0.0669
53,2,person,1359.99,431.94,1374.24,459.29,1366.9,446.43,68.3449,22.3213,0.4751,0.209
53,3,person,1322.38,436.21,1334.52,464.1,1328.47,450.17,66.4234,22.5087,0.3921,0.0274
53,5,person,728.01,626.91,738.11,651.67,732.41,638.48,36.6206,31.9239,0.738,0.405
53,7,car,937.54,972.25,990.75,1009.28,964.4,990.82,48.2198,49.5408,0.6205,0.0788
53,8,car,602.64,473.63,653.51,526.04,624.7,503.0,31.2352,25.1501,0.5256,2.2935
53,9,car,637.69,694.18,677.31,745.93,657.41,720.07,32.8706,36.0033,0.7593,0.0781
53,10,car,751.8,665.2,787.53,700.9,769.59,683.0,38.4794,34.1502,0.8154,0.0505
53,11,car,350.59,537.43,412.29,574.8,379.79,556.09,18.9895,27.8047,0.6123,0.872
53,12,car,466.46,536.95,522.2,579.21,489.43,552.48,24.4716,27.6242,0.6125,4.1121
53,14,car,610.93,350.94,638.84,418.44,624.8,384.39,31.2401,19.2195,0.7426,0.104
53,16,car,395.42,797.1,430.72,856.87,412.97,826.84,20.6486,41.3422,0.5007,0.0943
53,17,car,1121.02,684.37,1151.14,741.45,1136.19,713.04,56.8095,35.6522,0.5466,0.0733
53,19,car,758.72,246.47,783.02,285.35,770.78,265.67,38.5392,13.2834,0.4581,0.0315
53,20,motorcycle,1105.95,752.47,1121.03,781.21,1114.62,769.56,55.731,38.478,0.3971,1.0324
53,21,car,589.33,412.03,623.77,473.71,606.46,442.97,30.3229,22.1484,0.7194,0.0675
53,22,person,1071.81,465.52,1079.56,486.77,1074.57,476.18,53.7285,23.809,0.4175,0.5796
53,25,car,697.48,529.17,728.72,568.24,714.97,553.1,35.7485,27.6552,0.6049,1.5443
53,26,person,577.49,581.59,587.67,602.3,581.53,591.3,29.0764,29.565,0.7363,0.6157
53,27,car,1158.31,970.86,1180.16,991.08,1169.17,980.99,58.4584,49.0494,0.3967,0.012
53,28,car,602.57,473.58,653.61,526.08,624.66,503.16,31.233,25.1581,0.6742,2.2991
53,29,motorcycle,649.52,261.2,660.68,288.36,655.06,280.72,32.753,14.0358,0.3843,1.7078
53,30,motorcycle,1340.0,441.55,1356.81,459.28,1348.48,450.27,67.4239,22.5136,0.2743,0.0307
53,31,person,708.75,675.48,720.53,701.78,714.41,688.98,35.7207,34.4491,0.6043,0.1656
53,33,car,1121.14,684.54,1151.04,740.87,1136.05,712.73,56.8024,35.6365,0.5084,0.1036
53,35,car,1102.09,495.51,1173.25,545.91,1134.18,520.57,56.7092,26.0283,0.3939,1.6499
53,36,car,646.58,322.45,665.79,369.52,656.68,348.66,32.8341,17.4329,0.5688,2.0988
53,37,person,1119.9,457.52,1129.41,479.28,1123.61,468.19,56.1805,23.4097,0.3924,0.5618
53,38,car,1147.43,627.97,1171.71,672.85,1159.51,650.43,57.9756,32.5215,0.5022,0.0209
53,40,motorcycle,1500.48,487.74,1525.21,504.36,1510.65,496.88,75.5323,24.8439,0.2728,6.9355
53,42,person,1341.05,426.82,1359.57,459.01,1349.72,443.29,67.4859,22.1644,0.3121,0.0529
53,43,car,581.41,140.3,602.49,162.29,591.88,151.35,29.5938,7.5675,0.5711,0.0487
53,44,car,610.4,606.37,644.88,637.18,631.87,621.58,31.5934,31.0792,0.6969,2.1177
53,45,car,642.12,133.86,667.24,179.13,654.61,160.16,32.7305,8.0078,0.3274,1.9757
53,46,car,932.36,463.29,971.29,498.06,951.56,479.51,47.578,23.9755,0.3006,0.9122
53,13,truck,1185.03,931.92,1339.32,1079.63,1262.51,1005.79,63.1255,50.2894,0.6252,0.1605
53,50,person,648.63,405.45,658.89,430.59,653.46,420.63,32.673,21.0313,0.4514,1.3396
53,51,person,1285.01,575.3,1299.23,604.55,1293.28,590.56,64.664,29.528,0.5309,0.6624
53,52,person,770.95,703.49,781.04,722.59,777.24,713.43,38.8619,35.6717,0.3845,0.5525
53,41,car,753.19,312.46,782.17,352.53,766.22,329.48,38.311,16.474,0.4949,1.7503
53,53,car,1145.34,1053.12,1169.8,1080.21,1157.67,1066.75,57.8835,53.3375,0.436,0.04
53,54,car,1167.2,1053.31,1192.45,1078.84,1179.92,1066.0,58.9961,53.2998,0.431,0.046
53,55,car,1027.63,662.78,1058.72,709.18,1042.2,683.61,52.1098,34.1806,0.4665,1.3666
53,57,car,587.86,545.07,611.05,565.7,594.33,555.43,29.7164,27.7715,0.2839,2.5853
53,58,person,1177.44,621.22,1192.28,650.03,1184.91,636.07,59.2453,31.8033,0.406,0.1824
53,59,person,1262.51,603.52,1276.92,633.79,1269.69,618.67,63.4847,30.9333,0.489,0.0518
53,61,person,359.15,664.4,366.66,680.67,362.87,672.64,18.1437,33.6322,0.4058,0.0722
53,62,bus,610.07,302.28,633.79,367.74,621.85,334.99,31.0923,16.7493,0.4725,0.0367
53,18,car,626.47,628.88,664.11,668.62,645.45,648.86,32.2726,32.443,0.559,0.0589
53,64,person,805.96,698.56,819.3,721.54,813.44,710.3,40.672,35.515,0.4573,0.3195
53,34,car,610.12,302.36,633.75,367.68,621.89,334.24,31.0944,16.7119,0.5215,0.9932
53,65,car,710.43,264.51,738.97,322.22,724.53,292.89,36.2265,14.6444,0.5809,0.3809
53,66,car,395.39,797.61,430.41,857.12,412.98,827.29,20.6489,41.3643,0.629,0.166
53,67,car,591.89,186.39,616.66,221.66,604.32,204.01,30.2161,10.2006,0.4228,0.0673
54,1,person,1386.98,433.33,1399.66,461.86,1393.33,447.61,69.6664,22.3807,0.4762,0.0392
54,2,person,1359.75,430.96,1374.88,459.25,1366.97,446.22,68.3486,22.311,0.4938,0.3278
54,3,person,1322.49,436.23,1334.58,464.03,1328.46,450.16,66.4232,22.508,0.4109,0.0231
54,5,person,728.44,626.98,738.16,652.01,732.55,638.75,36.6273,31.9374,0.7281,0.4506
54,7,car,937.46,972.13,990.75,1009.21,964.33,990.79,48.2167,49.5396,0.6277,0.1015
54,8,car,603.64,472.42,654.8,525.38,625.85,501.95,31.2925,25.0973,0.4538,2.3362
54,9,car,637.74,694.25,677.38,745.95,657.47,720.07,32.8734,36.0035,0.7343,0.0839
54,10,car,751.85,665.24,787.53,700.82,769.61,683.02,38.4807,34.1511,0.7945,0.0451
54,11,car,351.76,537.55,412.9,574.75,380.4,556.1,19.0202,27.8049,0.6024,0.9218
54,12,car,468.34,537.92,523.63,579.6,491.04,554.85,24.5519,27.7425,0.6472,4.2905
54,14,car,610.93,350.97,638.86,418.51,624.83,384.45,31.2416,19.2225,0.7551,0.1
54,16,car,395.41,797.25,430.71,856.92,413.0,826.9,20.6499,41.3448,0.5004,0.0875
54,17,car,1121.07,684.33,1151.07,741.47,1136.17,713.02,56.8087,35.6509,0.5592,0.0464
54,19,car,758.72,246.41,783.28,285.86,770.83,265.74,38.5416,13.2868,0.522,0.1239
54,20,motorcycle,1105.81,751.62,1120.7,780.61,1114.27,768.81,55.7135,38.4404,0.4576,1.2455
54,21,car,589.52,411.87,623.78,470.9,606.51,442.75,30.3253,22.1373,0.6557,0.3397
54,22,person,1072.27,465.39,1080.16,486.77,1074.93,476.19,53.7464,23.8093,0.4125,0.5374
54,25,car,696.95,528.51,727.97,565.01,714.38,551.96,35.719,27.598,0.6773,1.9313
54,26,person,577.41,581.74,587.76,602.7,581.85,591.47,29.0927,29.5737,0.6969,0.5539
54,27,car,1158.33,970.93,1180.17,991.0,1169.18,980.99,58.4589,49.0497,0.5359,0.0193
54,28,car,603.6,472.36,654.86,525.43,625.8,502.1,31.2902,25.1051,0.7315,2.3409
54,29,motorcycle,649.19,257.7,660.78,286.37,655.03,279.17,32.7513,13.9584,0.3429,2.3225
54,30,motorcycle,1340.03,441.46,1356.89,459.36,1348.48,450.29,67.424,22.5147,0.3151,0.0333
54,31,person,708.85,674.66,720.54,701.77,714.49,688.83,35.7243,34.4416,0.7033,0.2497
54,33,car,1121.2,684.53,1151.04,740.73,1136.06,712.66,56.8032,35.6331,0.4618,0.1067
54,35,car,1102.86,495.47,1174.39,545.94,1135.27,520.58,56.7637,26.0292,0.3824,1.6355
54,36,car,646.45,321.36,665.46,363.57,656.5,346.91,32.825,17.3453,0.5408,2.6421
54,37,person,1120.57,457.44,1130.13,479.29,1124.0,468.23,56.2,23.4115,0.4254,0.5886
54,38,car,1147.44,627.94,1171.77,672.87,1159.53,650.42,57.9765,32.5211,0.4676,0.0307
54,42,person,1341.11,426.41,1360.65,459.04,1349.86,443.21,67.493,22.1607,0.3563,0.2417
54,43,car,581.46,140.29,602.55,162.28,591.91,151.33,29.5953,7.5665,0.5312,0.0522
54,44,car,608.97,606.27,643.48,637.35,630.46,621.62,31.523,31.081,0.7121,2.1147
54,45,car,642.23,132.81,664.7,176.29,654.73,158.81,32.7366,7.9407,0.2669,2.0209
54,46,car,932.31,463.33,971.36,498.15,951.7,480.05,47.5848,24.0026,0.3125,0.8371
54,13,truck,1185.06,931.94,1339.31,1079.66,1262.4,1005.79,63.1202,50.2893,0.5909,0.1568
54,50,person,648.74,405.05,659.06,429.98,653.53,419.75,32.6765,20.9877,0.43,1.3123
54,51,person,1284.73,575.71,1298.83,604.45,1292.9,590.38,64.645,29.5192,0.4732,0.6275
54,52,person,770.54,703.52,779.9,722.47,776.82,713.32,38.8409,35.6658,0.5077,0.6544
54,41,car,753.44,313.57,782.63,353.56,766.71,330.53,38.3357,16.5263,0.4825,1.737
54,53,car,1145.36,1053.1,1169.7,1080.2,1157.64,1066.73,57.8822,53.3365,0.4693,0.0499
54,54,car,1167.24,1053.41,1192.54,1078.84,1179.91,1066.02,58.9957,53.3011,0.2536,0.0411
54,55,car,1028.03,663.58,1058.89,709.99,1042.62,684.38,52.1311,34.219,0.4292,1.3177
54,57,car,589.63,544.96,612.67,564.85,596.05,555.41,29.8023,27.7707,0.2778,2.5789
54,58,person,1177.51,621.08,1192.28,649.67,1184.9,635.92,59.2452,31.796,0.3639,0.2217
54,59,person,1262.51,603.46,1277.01,633.73,1269.71,618.64,63.4857,30.9322,0.4879,0.0459
54,61,person,359.16,664.27,366.7,680.66,362.89,672.59,18.1443,33.6297,0.4611,0.0774
54,62,bus,610.05,302.29,633.79,367.69,621.87,334.99,31.0935,16.7496,0.4355,0.0375
54,18,car,626.42,628.68,663.88,668.62,645.4,648.81,32.27,32.4407,0.5359,0.1058
54,64,person,805.44,698.49,819.04,721.45,813.24,710.25,40.662,35.5123,0.4704,0.312
54,34,car,610.09,302.37,633.74,367.69,621.89,334.67,31.0945,16.7336,0.5413,0.6509
54,65,car,710.66,265.96,739.07,323.21,724.61,293.31,36.2306,14.6656,0.5914,0.6473
54,66,car,395.35,797.58,430.39,857.18,412.94,827.32,20.6471,41.3659,0.6565,0.0701
54,67,car,591.84,186.51,616.87,221.81,604.33,204.06,30.2166,10.2031,0.3928,0.0761
55,1,person,1386.98,433.39,1399.62,461.82,1393.33,447.62,69.6665,22.3809,0.508,0.0074
55,2,person,1359.38,430.0,1375.27,459.24,1367.04,445.94,68.3518,22.297,0.5023,0.43
55,3,person,1322.57,436.3,1334.62,463.97,1328.47,450.15,66.4236,22.5076,0.4252,0.0162
55,5,person,728.83,627.1,738.16,652.28,732.72,639.01,36.6358,31.9504,0.7303,0.4664
55,7,car,937.4,972.05,990.87,1009.17,964.28,990.76,48.2139,49.5379,0.7227,0.0975
55,8,car,604.67,471.05,656.02,524.41,626.98,500.86,31.3488,25.0431,0.42,2.3457
55,9,car,637.95,694.24,677.46,745.94,657.52,720.07,32.8761,36.0036,0.7285,0.0811
55,10,car,751.89,665.23,787.54,700.76,769.64,683.03,38.4818,34.1516,0.7739,0.0372
55,11,car,352.72,537.5,413.49,574.82,381.03,556.1,19.0514,27.805,0.6386,0.9369
55,12,car,470.11,538.3,525.42,579.34,492.66,556.41,24.6331,27.8207,0.6121,3.3806
55,14,car,610.94,350.96,638.91,418.61,624.86,384.53,31.2431,19.2263,0.7472,0.124
55,16,car,395.4,797.28,430.68,857.0,413.02,826.95,20.6508,41.3477,0.6233,0.0903
55,17,car,1121.08,684.33,1151.03,741.81,1136.15,713.01,56.8076,35.6506,0.5343,0.0359
55,19,car,758.78,246.36,783.52,286.3,770.89,265.85,38.5447,13.2925,0.5226,0.195
55,20,motorcycle,1105.46,750.98,1120.35,779.89,1113.92,767.88,55.696,38.3939,0.4446,1.4897
55,21,car,589.53,411.69,623.78,468.55,606.55,442.33,30.3273,22.1166,0.6702,0.6249
55,22,person,1072.68,464.84,1080.93,486.73,1075.34,476.13,53.7671,23.8066,0.3482,0.6256
55,25,car,696.32,527.62,727.28,562.56,713.76,550.53,35.6878,27.5265,0.607,2.3391
55,26,person,577.28,581.55,587.77,602.79,582.1,591.65,29.105,29.5827,0.6829,0.458
55,27,car,1158.33,970.94,1180.2,990.91,1169.2,980.99,58.4598,49.0495,0.5241,0.0267
55,28,car,604.64,471.0,656.06,524.46,626.95,501.01,31.3473,25.0503,0.6828,2.3744
55,29,motorcycle,649.26,262.35,660.13,285.1,654.97,278.0,32.7485,13.9,0.3337,1.7532
55,30,motorcycle,1339.98,441.31,1356.95,459.36,1348.48,450.31,67.4239,22.5154,0.3327,0.0202
55,31,person,708.95,674.63,720.58,701.78,714.57,688.68,35.7284,34.434,0.6395,0.2587
55,33,car,1121.24,684.57,1151.03,741.01,1136.08,712.65,56.8039,35.6324,0.4961,0.0273
55,35,car,1104.11,495.44,1175.55,545.68,1136.41,520.56,56.8204,26.0279,0.4678,1.7028
55,36,car,644.93,320.72,665.98,366.35,656.28,345.44,32.8138,17.2719,0.6388,2.2277
55,37,person,1121.12,457.35,1130.79,479.2,1124.42,468.24,56.2212,23.412,0.3929,0.6345
55,38,car,1147.45,627.97,1171.85,672.91,1159.56,650.42,57.9778,32.5211,0.4523,0.0396
55,42,person,1341.07,426.98,1359.78,459.06,1349.96,443.17,67.4982,22.1585,0.3453,0.1679
55,43,car,581.55,140.25,602.62,162.33,591.94,151.32,29.5971,7.5659,0.4802,0.058
55,44,car,607.55,606.19,641.96,637.51,629.04,621.66,31.452,31.0832,0.6622,2.1301
55,46,car,932.3,463.33,971.39,498.16,951.78,480.37,47.5888,24.0185,0.3169,0.4927
55,13,truck,1185.08,931.91,1339.32,1079.67,1262.34,1005.78,63.117,50.289,0.595,0.097
55,50,person,648.8,404.55,659.07,429.38,653.63,418.96,32.6813,20.9481,0.3611,1.1983
55,51,person,1284.48,576.12,1298.26,604.22,1292.51,590.28,64.6257,29.5141,0.4661,0.5991
55,52,person,769.95,703.41,778.82,722.3,776.31,713.21,38.8153,35.6603,0.5243,0.7865
55,41,car,753.37,314.46,783.09,354.37,767.16,331.54,38.3582,16.577,0.516,1.6631
55,53,car,1145.36,1053.09,1169.58,1080.2,1157.6,1066.7,57.8801,53.3352,0.4773,0.0731
55,54,car,1167.12,1053.39,1192.51,1078.92,1179.89,1066.05,58.9944,53.3027,0.2744,0.0614
55,55,car,1028.49,664.18,1059.06,710.61,1043.03,685.09,52.1515,34.2546,0.4235,1.2297
55,57,car,591.3,544.89,614.34,563.79,597.75,555.23,29.8876,27.7617,0.3836,2.571
55,58,person,1177.58,620.95,1192.24,649.3,1184.9,635.75,59.245,31.7874,0.3521,0.2573
55,59,person,1262.5,603.48,1276.99,633.7,1269.72,618.62,63.4861,30.9312,0.4481,0.032
55,61,person,359.23,664.16,366.81,680.73,362.91,672.55,18.1456,33.6275,0.4209,0.075
55,62,bus,610.11,302.26,633.88,367.66,621.9,334.99,31.0952,16.7494,0.4686,0.0516
55,18,car,626.54,628.49,664.0,668.66,645.36,648.75,32.2681,32.4375,0.5353,0.1116
55,64,person,805.17,698.57,818.93,721.38,813.07,710.21,40.6535,35.5103,0.396,0.2621
55,34,car,610.15,302.34,633.84,367.69,621.92,334.86,31.0958,16.7429,0.5135,0.2824
55,65,car,710.75,267.36,739.3,326.82,724.7,294.07,36.2348,14.7034,0.5423,1.1406
55,66,car,395.42,797.35,430.62,857.04,412.96,827.29,20.6481,41.3643,0.4612,0.0553
55,67,car,591.95,186.17,616.95,222.32,604.36,204.11,30.2181,10.2054,0.3825,0.0816
56,1,person,1387.01,433.44,1399.58,461.73,1393.33,447.61,69.6663,22.3806,0.5198,0.0118
56,2,person,1358.89,429.31,1375.51,459.05,1367.08,445.6,68.354,22.2798,0.5008,0.5217
56,3,person,1322.59,436.23,1334.68,463.92,1328.5,450.14,66.4248,22.5072,0.4446,0.0389
56,5,person,729.07,627.41,738.17,652.63,732.93,639.28,36.6467,31.9642,0.7357,0.5292
56,7,car,937.39,972.11,990.83,1009.18,964.22,990.73,48.2112,49.5365,0.6753,0.0917
56,8,car,605.84,469.85,656.73,523.82,628.09,499.82,31.4044,24.9908,0.3977,2.2885
56,9,car,638.13,694.23,677.5,745.9,657.58,720.07,32.879,36.0034,0.7263,0.0883
56,10,car,751.93,665.22,787.54,700.66,769.66,683.03,38.4831,34.1513,0.7748,0.0383
56,11,car,353.45,537.38,414.01,574.84,381.64,556.1,19.0819,27.8051,0.6163,0.9143
56,12,car,472.33,538.6,527.02,579.87,494.35,557.51,24.7173,27.8753,0.6396,3.0108
56,14,car,610.89,350.91,638.98,419.01,624.89,384.63,31.2443,19.2317,0.7508,0.165
56,16,car,395.37,797.42,430.66,856.98,413.03,827.0,20.6515,41.35,0.4907,0.072
56,17,car,1121.12,684.36,1151.06,742.17,1136.12,713.03,56.8061,35.6513,0.5175,0.0487
56,19,car,758.94,246.42,783.98,286.95,771.0,266.01,38.55,13.3007,0.5489,0.292
56,20,motorcycle,1104.37,750.05,1120.26,779.5,1113.53,766.97,55.6763,38.3483,0.4021,1.491
56,21,car,589.58,411.49,623.82,466.67,606.58,441.76,30.3292,22.0881,0.6935,0.8565
56,22,person,1072.98,464.48,1081.46,486.73,1075.78,476.05,53.789,23.8025,0.3172,0.6698
56,25,car,695.57,527.22,726.65,566.44,713.11,549.36,35.6554,27.4678,0.6187,2.0135
56,26,person,577.99,581.64,587.84,602.77,582.36,591.85,29.118,29.5924,0.6294,0.4886
56,27,car,1158.4,970.92,1180.15,990.88,1169.22,980.98,58.4608,49.0488,0.4571,0.0374
56,28,car,605.81,469.8,656.77,523.88,628.07,499.9,31.4037,24.995,0.6728,2.3683
56,29,motorcycle,648.91,254.66,660.42,282.86,654.9,276.4,32.745,13.8201,0.3467,2.4013
56,30,motorcycle,1339.93,441.27,1356.92,459.36,1348.47,450.32,67.4236,22.516,0.3323,0.0203
56,31,person,709.02,675.13,720.6,701.84,714.63,688.59,35.7317,34.4294,0.5933,0.1709
56,33,car,1121.3,684.63,1151.03,741.4,1136.1,712.71,56.8048,35.6353,0.5403,0.0897
56,35,car,1106.19,495.41,1176.54,544.27,1137.67,520.39,56.8834,26.0196,0.4156,1.9054
56,36,car,644.08,319.81,666.15,367.62,656.03,344.59,32.8015,17.2294,0.6201,1.3282
56,37,person,1121.69,457.37,1131.29,479.06,1124.87,468.25,56.2436,23.4124,0.3669,0.6725
56,38,car,1147.47,628.02,1171.9,672.93,1159.58,650.43,57.9792,32.5215,0.4487,0.042
56,42,person,1341.08,426.33,1360.78,459.06,1350.15,443.07,67.5077,22.1535,0.3639,0.3237
56,43,car,581.61,140.22,602.66,162.35,591.98,151.31,29.5992,7.5655,0.5262,0.0624
56,44,car,606.13,606.09,640.5,637.72,627.62,621.73,31.3808,31.0865,0.5976,2.1387
56,46,car,932.28,463.29,971.4,498.11,951.82,480.55,47.591,24.0273,0.3102,0.271
56,50,person,648.9,404.16,659.1,428.88,653.74,418.27,32.6869,20.9136,0.3653,1.049
56,51,person,1284.31,575.7,1298.02,603.89,1292.16,590.15,64.6081,29.5075,0.5073,0.5652
56,52,person,769.52,703.33,777.91,722.17,775.74,713.1,38.7871,35.6552,0.497,0.8588
56,41,car,753.41,315.14,783.56,355.49,767.57,332.53,38.3783,16.6267,0.4442,1.6095
56,53,car,1145.4,1053.09,1169.55,1080.2,1157.57,1066.69,57.8783,53.3343,0.4566,0.0609
56,54,car,1167.07,1053.36,1192.62,1078.99,1179.86,1066.09,58.9932,53.3043,0.4598,0.0592
56,55,car,1029.01,664.9,1059.32,711.16,1043.35,685.84,52.1675,34.2921,0.4223,1.2234
56,57,car,592.82,544.99,615.96,564.03,599.42,555.03,29.9712,27.7516,0.3125,2.5259
56,58,person,1177.6,620.83,1192.22,648.95,1184.9,635.56,59.2448,31.778,0.33,0.2808
56,59,person,1262.55,603.51,1277.04,633.63,1269.73,618.61,63.4866,30.9306,0.4273,0.0248
56,61,person,359.29,664.12,366.91,680.85,362.94,672.53,18.1472,33.6266,0.4688,0.0563
56,62,bus,610.18,302.24,633.95,367.72,621.94,334.99,31.0969,16.7493,0.5264,0.0526
56,18,car,626.51,628.27,663.99,668.65,645.33,648.67,32.2665,32.4336,0.3912,0.1267
56,64,person,804.79,698.51,818.51,721.39,812.7,710.14,40.6348,35.507,0.3961,0.5684
56,34,car,610.22,302.31,633.9,367.77,621.94,334.94,31.0972,16.7472,0.4994,0.1349
56,65,car,711.21,268.61,739.58,327.7,724.81,294.75,36.2406,14.7374,0.5636,1.0367
56,66,car,395.32,797.51,430.48,857.06,412.95,827.29,20.6475,41.3643,0.6246,0.0181
56,67,car,591.97,186.14,617.05,222.63,604.39,204.16,30.2195,10.2082,0.4411,0.0949
57,1,person,1387.04,433.44,1399.61,461.74,1393.32,447.6,69.6661,22.3802,0.5131,0.0125
57,2,person,1357.82,428.17,1375.65,458.94,1367.06,445.16,68.3531,22.2579,0.4843,0.6564
57,3,person,1322.63,436.25,1334.72,463.92,1328.53,450.13,66.4266,22.5063,0.446,0.0598
57,5,person,729.21,627.76,738.16,652.93,733.2,639.54,36.6598,31.9768,0.7526,0.5438
57,7,car,937.36,972.17,990.97,1009.17,964.18,990.71,48.209,49.5354,0.646,0.0732
57,8,car,606.63,468.68,657.71,522.77,629.14,498.77,31.4572,24.9385,0.3936,2.2318
57,9,car,638.25,694.24,677.55,745.83,657.63,720.06,32.8817,36.0032,0.7008,0.0805
57,10,car,751.95,665.21,787.53,700.57,769.69,683.01,38.4843,34.1503,0.754,0.0464
57,11,car,353.67,537.47,414.78,574.85,382.26,556.11,19.1128,27.8056,0.6464,0.9281
57,12,car,473.56,538.81,529.01,580.1,496.05,558.22,24.8023,27.9112,0.6208,2.7682
57,14,car,610.85,350.91,639.0,419.49,624.9,384.76,31.2451,19.2379,0.6945,0.1902
57,16,car,395.44,797.5,430.66,857.0,413.05,827.05,20.6523,41.3527,0.4819,0.0859
57,17,car,1121.15,684.35,1151.21,742.35,1136.11,713.04,56.8054,35.6521,0.5177,0.0317
57,19,car,759.05,246.47,784.23,287.3,771.12,266.2,38.5559,13.3102,0.5188,0.337
57,20,motorcycle,1104.29,749.95,1119.95,779.13,1113.16,766.24,55.6581,38.3118,0.3555,1.2222
57,21,car,589.49,411.44,623.81,465.15,606.61,441.09,30.3304,22.0545,0.6498,1.0086
57,22,person,1073.41,462.0,1082.95,486.6,1076.31,475.77,53.8155,23.7887,0.3617,0.8953
57,25,car,694.73,526.66,725.99,568.73,712.44,548.34,35.622,27.417,0.6715,1.8244
57,26,person,578.5,581.77,587.82,602.95,582.59,592.0,29.1293,29.5998,0.4645,0.4043
57,27,car,1158.49,970.86,1180.17,990.86,1169.24,980.96,58.4621,49.0478,0.5003,0.0493
57,28,car,606.61,468.64,657.74,523.1,629.14,498.83,31.457,24.9417,0.6597,2.2621
57,29,motorcycle,648.71,250.97,660.35,281.07,654.83,274.06,32.7416,13.7032,0.4054,3.5082
57,30,motorcycle,1339.9,441.25,1356.96,459.36,1348.46,450.32,67.4232,22.516,0.3921,0.0146
57,31,person,709.06,675.6,720.62,701.92,714.69,688.55,35.7346,34.4277,0.6172,0.1004
57,33,car,1121.33,684.63,1151.03,741.63,1136.11,712.78,56.8057,35.6388,0.5387,0.1089
57,35,car,1107.75,495.23,1179.05,543.78,1138.97,520.34,56.9486,26.0168,0.3778,1.9587
57,36,car,643.48,318.98,666.05,368.11,655.75,344.15,32.7875,17.2073,0.6405,0.7824
57,37,person,1122.11,457.28,1131.92,478.98,1125.36,468.25,56.2679,23.4127,0.4283,0.731
57,38,car,1147.48,628.04,1171.97,672.91,1159.62,650.44,57.9808,32.5219,0.4902,0.05
57,42,person,1341.11,425.89,1361.42,459.04,1350.41,442.94,67.5203,22.1469,0.3518,0.425
57,43,car,581.65,140.2,602.72,162.38,592.03,151.3,29.6013,7.5651,0.496,0.066
57,44,car,604.58,606.06,639.05,637.7,626.18,621.78,31.3089,31.089,0.6255,2.1564
57,46,car,931.67,463.26,971.38,498.01,951.79,480.63,47.5896,24.0315,0.3073,0.1339
57,50,person,648.97,404.08,659.13,428.48,653.83,417.67,32.6914,20.8833,0.3632,0.9165
57,51,person,1284.0,575.44,1297.84,603.68,1291.82,590.02,64.5911,29.501,0.5146,0.5448
57,52,person,769.22,703.07,777.16,721.99,775.16,712.97,38.758,35.6486,0.4951,0.8943
57,41,car,753.26,316.54,784.05,362.84,767.9,333.97,38.3948,16.6984,0.4193,2.2065
57,53,car,1145.47,1053.11,1169.61,1080.2,1157.55,1066.67,57.8774,53.3335,0.4405,0.0351
57,54,car,1167.18,1053.37,1192.59,1078.9,1179.86,1066.11,58.9928,53.3053,0.4412,0.0336
57,55,car,1030.43,666.15,1059.49,707.85,1043.63,686.39,52.1815,34.3194,0.4633,0.9202
57,57,car,594.44,544.89,617.55,563.08,601.08,554.84,30.0541,27.7418,0.3639,2.5057
57,58,person,1177.6,620.7,1192.14,648.62,1184.89,635.35,59.2445,31.7675,0.3018,0.3158
57,59,person,1262.55,603.56,1277.13,633.59,1269.76,618.6,63.4878,30.9301,0.4138,0.0364
57,61,person,359.32,664.04,366.97,680.93,362.98,672.52,18.1491,33.6258,0.4482,0.0626
57,62,bus,610.24,302.23,634.05,367.81,621.98,334.99,31.099,16.7493,0.5616,0.0603
57,18,car,626.53,628.11,664.07,668.59,645.3,648.6,32.2651,32.4299,0.4758,0.1184
57,64,person,804.51,698.5,817.84,721.27,812.31,710.06,40.6155,35.5029,0.449,0.5925
57,34,car,610.27,302.3,634.01,367.86,621.98,334.99,31.099,16.7497,0.4747,0.0924
57,65,car,711.09,269.35,740.03,330.69,724.92,295.5,36.2459,14.7751,0.5277,1.1412
57,66,car,395.36,797.62,430.4,857.15,412.94,827.3,20.6469,41.3651,0.6204,0.0304
57,67,car,591.98,186.02,617.07,222.66,604.41,204.19,30.2206,10.2097,0.3957,0.0549
58,1,person,1387.09,433.36,1399.66,461.69,1393.32,447.59,69.6662,22.3797,0.5526,0.0162
58,2,person,1357.12,427.31,1375.75,458.99,1367.0,444.67,68.35,22.2335,0.4792,0.7371
58,3,person,1322.67,436.17,1334.74,463.89,1328.57,450.1,66.4285,22.5052,0.4543,0.0668
58,5,person,729.32,628.09,738.21,653.22,733.39,639.79,36.6694,31.9897,0.744,0.4846
58,7,car,937.4,972.25,991.08,1009.14,964.16,990.69,48.2082,49.5346,0.659,0.0341
58,8,car,607.33,467.65,658.87,522.01,630.15,497.76,31.5074,24.888,0.3933,2.1361
58,9,car,638.35,694.26,677.58,745.77,657.7,720.06,32.8851,36.003,0.6875,0.1032
58,10,car,751.96,665.25,787.56,700.51,769.71,682.98,38.4853,34.1491,0.7408,0.0475
58,11,car,354.26,537.48,415.45,574.97,382.91,556.14,19.1457,27.807,0.6883,0.987
58,12,car,474.83,538.97,531.11,581.79,497.78,558.85,24.8891,27.9425,0.6531,2.7686
58,14,car,610.8,350.9,639.0,419.75,624.91,384.88,31.2454,19.2441,0.7103,0.1853
58,16,car,395.54,797.48,430.7,856.98,413.06,827.11,20.6531,41.3555,0.4325,0.0874
58,17,car,1121.17,684.38,1151.24,742.51,1136.12,713.1,56.8058,35.6549,0.5272,0.0867
58,19,car,758.95,246.52,784.17,287.22,771.22,266.37,38.561,13.3187,0.4995,0.2981
58,20,motorcycle,1103.01,749.33,1119.54,778.65,1112.74,765.6,55.6372,38.2801,0.3709,1.141
58,21,car,589.52,411.45,623.76,464.36,606.63,440.37,30.3313,22.0185,0.6537,1.0799
58,22,person,1073.86,460.55,1083.93,486.54,1076.89,475.39,53.8443,23.7693,0.3179,1.0429
58,25,car,693.98,526.17,725.38,569.79,711.75,547.84,35.5877,27.392,0.6897,1.2713
58,26,person,578.96,581.87,587.85,603.12,582.78,592.16,29.1392,29.6078,0.5138,0.3805
58,27,car,1158.56,970.82,1180.18,990.82,1169.27,980.93,58.4635,49.0463,0.489,0.0616
58,28,car,607.31,467.61,658.89,522.24,630.15,497.81,31.5075,24.8905,0.6877,2.1559
58,29,motorcycle,648.57,248.57,660.18,279.34,654.75,271.44,32.7376,13.572,0.4634,3.9378
58,30,motorcycle,1339.96,441.31,1357.0,459.23,1348.45,450.33,67.4227,22.5163,0.4092,0.0181
58,31,person,709.11,676.08,720.62,701.99,714.74,688.59,35.7371,34.4297,0.5868,0.0948
58,33,car,1121.35,684.65,1151.02,741.99,1136.13,712.89,56.8065,35.6444,0.5477,0.1699
58,35,car,1109.26,496.19,1177.6,542.83,1140.11,520.23,57.0057,26.0114,0.3165,1.7216
58,36,car,644.15,318.03,665.79,367.96,655.54,343.97,32.7768,17.1985,0.5726,0.4179
58,37,person,1122.55,457.31,1132.58,478.98,1125.89,468.26,56.2946,23.4128,0.4745,0.7994
58,38,car,1147.52,628.04,1172.03,672.9,1159.65,650.44,57.9826,32.5222,0.499,0.0536
58,42,person,1341.12,426.63,1360.23,459.0,1350.57,442.86,67.5285,22.143,0.4136,0.2719
58,43,car,581.64,140.16,602.72,162.36,592.07,151.29,29.6033,7.5644,0.5099,0.063
58,44,car,603.06,606.12,637.68,637.6,624.74,621.82,31.2369,31.0909,0.5981,2.1608
58,46,car,931.89,463.26,971.4,498.04,951.77,480.67,47.5884,24.0336,0.3028,0.0712
58,50,person,648.96,404.15,659.1,428.04,653.9,417.17,32.695,20.8584,0.3613,0.7561
58,51,person,1283.51,575.63,1297.57,603.84,1291.48,589.93,64.5742,29.4965,0.5766,0.5247
58,52,person,768.9,702.84,776.65,721.66,774.56,712.81,38.7281,35.6403,0.4289,0.9317
58,41,car,754.21,317.83,784.48,367.95,768.25,335.7,38.4125,16.785,0.3876,2.6515
58,53,car,1145.51,1053.1,1169.72,1080.19,1157.54,1066.66,57.8772,53.3329,0.4642,0.0196
58,54,car,1167.25,1053.42,1192.62,1078.92,1179.86,1066.13,58.9932,53.3063,0.4072,0.0324
58,55,car,1030.68,666.89,1059.78,709.83,1043.96,686.97,52.1982,34.3485,0.4907,1.006
58,57,car,596.12,544.68,619.13,563.18,602.73,554.64,30.1365,27.7321,0.3573,2.489
58,58,person,1177.74,620.5,1192.17,648.11,1184.9,635.11,59.2449,31.7557,0.2997,0.3543
58,59,person,1262.53,603.56,1277.01,633.58,1269.76,618.6,63.4881,30.9298,0.4354,0.0128
58,61,person,359.34,663.89,366.99,680.94,363.02,672.49,18.1512,33.6243,0.4622,0.0748
58,62,bus,610.28,302.24,634.03,367.89,622.02,335.0,31.1009,16.7502,0.6206,0.0628
58,18,car,626.51,628.02,664.19,668.45,645.28,648.53,32.2642,32.4265,0.445,0.1063
58,64,person,804.03,698.5,817.09,721.21,811.9,709.98,40.5949,35.499,0.3707,0.6283
58,34,car,610.31,302.32,633.99,367.95,622.01,335.04,31.1007,16.7519,0.4124,0.0853
58,65,car,711.67,270.51,740.33,330.73,725.14,296.59,36.2572,14.8297,0.5499,1.6728
58,66,car,395.48,797.68,430.41,857.13,412.94,827.32,20.647,41.3658,0.6404,0.0217
58,67,car,591.99,185.87,617.28,222.72,604.44,204.21,30.2222,10.2104,0.3602,0.0518
58,68,car,1186.88,932.51,1339.75,1079.76,1263.31,1006.13,63.1657,50.3066,0.5205,0.0
59,1,person,1387.13,433.31,1399.68,461.7,1393.33,447.58,69.6666,22.3789,0.5166,0.0277
59,2,person,1357.02,427.17,1375.86,458.94,1366.94,444.18,68.3469,22.2091,0.4457,0.7393
59,3,person,1322.78,436.21,1334.77,463.85,1328.62,450.09,66.4312,22.5046,0.4355,0.0828
59,5,person,729.39,628.71,738.21,653.42,733.53,640.08,36.6766,32.004,0.6525,0.4793
59,7,car,937.28,972.24,991.22,1009.11,964.16,990.68,48.2082,49.5339,0.6952,0.021
59,8,car,608.38,466.55,659.48,521.11,631.16,496.81,31.558,24.8406,0.6301,2.0804
59,9,car,638.4,694.34,677.58,745.73,657.78,720.06,32.8889,36.0029,0.682,0.112
59,10,car,751.96,665.22,787.57,700.48,769.72,682.95,38.4862,34.1474,0.7422,0.057
59,11,car,354.95,537.49,415.97,575.08,383.59,556.17,19.1796,27.8086,0.6883,1.0186
59,12,car,476.46,538.79,533.48,581.82,499.57,559.29,24.9784,27.9645,0.641,2.7589
59,14,car,610.82,350.81,639.03,419.87,624.91,385.01,31.2457,19.2503,0.7177,0.1872
59,16,car,395.59,797.47,430.74,856.92,413.07,827.16,20.6537,41.3578,0.4282,0.0699
59,17,car,1121.17,684.38,1151.12,742.75,1136.12,713.21,56.8059,35.6607,0.6144,0.1744
59,19,car,758.8,246.39,784.04,287.11,771.3,266.51,38.565,13.3254,0.4979,0.2331
59,20,motorcycle,1103.6,748.42,1119.3,778.0,1112.4,764.99,55.6201,38.2493,0.3888,1.056
59,21,car,589.5,411.53,623.75,466.9,606.64,439.84,30.332,21.9919,0.6481,0.7991
59,22,person,1074.42,459.17,1084.89,486.52,1077.52,474.9,53.8761,23.745,0.32,1.1998
59,25,car,693.18,525.42,724.61,570.16,711.06,547.26,35.5529,27.3632,0.6748,1.3568
59,26,person,579.4,581.98,587.92,603.25,582.98,592.29,29.1488,29.6143,0.4814,0.3494
59,27,car,1158.62,970.78,1180.25,990.83,1169.31,980.89,58.4654,49.0446,0.495,0.076
59,28,car,608.37,466.5,659.49,521.31,631.17,496.86,31.5583,24.8429,0.3593,2.0909
59,29,motorcycle,648.66,251.43,660.14,278.01,654.68,269.14,32.734,13.4571,0.4443,3.4491
59,30,motorcycle,1339.97,441.39,1357.05,459.24,1348.45,450.34,67.4226,22.5168,0.3889,0.0154
59,31,person,709.18,676.71,720.64,702.05,714.79,688.67,35.7395,34.4337,0.5591,0.1395
59,33,car,1121.26,684.53,1151.14,742.27,1136.15,713.0,56.8077,35.6499,0.4936,0.1684
59,35,car,1110.27,495.63,1179.95,542.09,1141.35,519.96,57.0674,25.9978,0.3737,1.8929
59,36,car,644.45,316.81,665.53,367.48,655.35,343.48,32.7674,17.1742,0.5905,0.7818
59,37,person,1122.92,457.21,1133.19,479.02,1126.44,468.24,56.3221,23.4118,0.4668,0.8268
59,38,car,1147.55,628.05,1172.08,672.86,1159.69,650.45,57.9844,32.5224,0.5025,0.0569
59,42,person,1341.12,427.03,1359.5,458.92,1350.69,442.8,67.5343,22.1401,0.3787,0.1959
59,43,car,581.62,140.14,602.74,162.29,592.1,151.27,29.6052,7.5637,0.5427,0.059
59,44,car,601.49,606.11,636.26,637.6,623.28,621.85,31.1642,31.0924,0.5208,2.181
59,46,car,932.12,463.2,971.42,497.94,951.76,480.67,47.5878,24.0337,0.2849,0.0198
59,50,person,648.91,404.07,659.03,427.75,653.95,416.76,32.6975,20.8378,0.3514,0.6214
59,51,person,1282.8,575.81,1297.26,603.98,1291.13,589.88,64.5566,29.494,0.5981,0.5325
59,52,person,768.53,702.62,776.22,721.31,773.95,712.63,38.6976,35.6314,0.4513,0.9529
59,41,car,753.24,318.7,784.91,371.45,768.5,337.63,38.4251,16.8817,0.4586,2.9246
59,53,car,1145.56,1053.1,1169.77,1080.19,1157.55,1066.65,57.8775,53.3325,0.4743,0.0166
59,54,car,1167.29,1053.42,1192.6,1078.96,1179.88,1066.15,58.9939,53.3073,0.4292,0.037
59,55,car,1030.78,667.85,1060.04,711.61,1044.31,687.61,52.2155,34.3806,0.4038,1.0955
59,57,car,597.74,544.48,620.7,561.77,604.38,554.31,30.219,27.7155,0.4196,2.5233
59,58,person,1177.64,620.27,1192.18,647.66,1184.9,634.85,59.2451,31.7426,0.3008,0.3944
59,59,person,1262.55,603.55,1276.96,633.61,1269.77,618.59,63.4884,30.9296,0.4603,0.0124
59,61,person,359.34,663.83,366.99,680.98,363.06,672.46,18.1531,33.6231,0.4431,0.0676
59,62,bus,610.31,302.19,634.03,367.93,622.06,335.01,31.1028,16.7506,0.511,0.0591
59,18,car,626.4,627.94,664.24,668.42,645.28,648.46,32.2638,32.4228,0.5145,0.1103
59,64,person,803.57,698.59,815.88,721.48,811.43,709.96,40.5716,35.4979,0.4153,0.7023
59,34,car,610.33,302.26,634.0,367.98,622.05,335.06,31.1026,16.7531,0.4791,0.066
59,65,car,711.92,271.08,740.71,333.09,725.41,297.99,36.2704,14.8994,0.5931,2.1291
59,66,car,395.54,797.75,430.42,857.01,412.93,827.34,20.6464,41.3671,0.6397,0.0412
59,67,car,592.03,185.74,617.48,222.8,604.5,204.25,30.225,10.2124,0.3664,0.1013
59,68,car,1187.16,932.67,1340.01,1079.7,1263.45,1006.16,63.1724,50.308,0.4736,0.2051
60,1,person,1387.14,433.28,1399.7,461.71,1393.35,447.56,69.6674,22.3778,0.5103,0.0399
60,2,person,1356.91,427.21,1375.91,458.82,1366.84,443.81,68.3419,22.1905,0.4753,0.5775
60,3,person,1322.89,436.23,1334.82,463.85,1328.68,450.08,66.4341,22.5038,0.449,0.0902
60,5,person,729.43,629.21,738.16,653.74,733.64,640.39,36.6819,32.0197,0.7028,0.495
60,7,car,937.23,972.16,991.27,1009.12,964.18,990.66,48.209,49.533,0.6643,0.035
60,8,car,608.88,465.64,660.03,519.55,632.07,495.78,31.6036,24.7889,0.6487,2.0681
60,9,car,638.44,694.55,677.57,745.73,657.85,720.07,32.8925,36.0034,0.6946,0.1107
60,10,car,751.96,665.2,787.59,700.5,769.74,682.92,38.487,34.146,0.7461,0.0482
60,11,car,355.73,537.54,416.3,575.18,384.25,556.21,19.2123,27.8104,0.6684,0.9817
60,12,car,477.84,538.64,535.98,583.45,501.37,559.71,25.0683,27.9857,0.6635,2.7692
60,14,car,610.82,350.76,639.05,420.0,624.92,385.11,31.246,19.2553,0.7179,0.1483
60,16,car,395.58,797.55,430.71,856.91,413.08,827.19,20.6542,41.3595,0.6609,0.0548
60,17,car,1121.18,684.36,1151.05,742.92,1136.12,713.32,56.8062,35.666,0.6274,0.157
60,19,car,758.82,246.19,783.97,286.93,771.38,266.6,38.5688,13.3301,0.4627,0.1792
60,20,motorcycle,1103.64,747.64,1119.14,777.5,1112.1,764.38,55.6051,38.2188,0.3941,1.019
60,21,car,589.47,411.6,623.78,465.29,606.65,439.21,30.3325,21.9603,0.5915,0.9479
60,22,person,1074.98,458.23,1085.59,486.46,1078.18,474.36,53.909,23.7179,0.4005,1.2792
60,25,car,692.4,524.56,723.69,570.05,710.33,547.06,35.5167,27.3532,0.6662,1.124
60,26,person,579.88,582.1,588.22,603.29,583.19,592.39,29.1593,29.6197,0.6475,0.3534
60,27,car,1158.63,970.79,1180.26,990.84,1169.34,980.87,58.467,49.0435,0.4945,0.0567
60,28,car,608.87,465.64,660.03,519.64,632.08,495.83,31.6038,24.7915,0.3972,2.0567
60,29,motorcycle,648.54,246.18,659.93,275.69,654.56,267.16,32.7278,13.3582,0.4894,2.9712
60,30,motorcycle,1339.71,441.37,1357.03,459.21,1348.45,450.32,67.4224,22.5159,0.3947,0.0282
60,31,person,709.22,677.22,720.65,702.09,714.83,688.82,35.7416,34.441,0.6216,0.229
60,33,car,1121.2,684.43,1151.17,742.4,1136.17,713.1,56.8084,35.655,0.4595,0.1537
60,35,car,1111.3,494.77,1181.73,542.2,1142.61,519.64,57.1305,25.9819,0.3865,1.9538
60,36,car,644.64,315.69,665.33,366.77,655.18,342.8,32.7588,17.1402,0.5457,1.051
60,37,person,1123.28,457.21,1133.74,479.16,1126.99,468.2,56.3496,23.4102,0.4618,0.8267
60,38,car,1147.64,628.07,1172.09,672.86,1159.73,650.46,57.9865,32.5228,0.4774,0.0639
60,42,person,1341.06,427.26,1358.96,458.89,1350.64,442.82,67.5321,22.1412,0.3533,0.073
60,43,car,581.64,140.13,602.75,162.24,592.14,151.26,29.6069,7.5629,0.5225,0.0571
60,44,car,600.12,606.05,634.78,637.56,621.83,621.85,31.0915,31.0926,0.5088,2.1832
60,46,car,933.14,463.17,971.41,496.41,951.82,480.55,47.591,24.0274,0.282,0.2129
60,50,person,648.93,403.87,659.17,427.38,653.99,416.41,32.6996,20.8207,0.3325,0.5163
60,51,person,1282.12,576.2,1296.88,604.08,1290.76,589.91,64.5379,29.4955,0.6292,0.5646
60,52,person,768.14,702.18,776.03,720.8,773.39,712.41,38.6697,35.6203,0.3572,0.9017
60,41,car,754.11,319.58,785.52,374.04,768.81,339.68,38.4403,16.9839,0.3954,3.1012
60,53,car,1145.61,1053.13,1169.87,1080.19,1157.57,1066.65,57.8787,53.3325,0.4524,0.0362
60,54,car,1167.26,1053.42,1192.59,1078.96,1179.89,1066.16,58.9946,53.3081,0.4169,0.0327
60,55,car,1030.97,668.66,1060.36,713.23,1044.67,688.32,52.2333,34.4161,0.3401,1.1909
60,57,car,599.35,544.43,622.09,562.31,605.99,554.02,30.2994,27.7011,0.3449,2.4522
60,58,person,1177.57,620.08,1192.19,647.23,1184.91,634.57,59.2453,31.7285,0.3039,0.422
60,59,person,1262.55,603.52,1277.01,633.6,1269.78,618.58,63.4888,30.9289,0.4777,0.0246
60,61,person,359.36,663.76,366.97,680.99,363.1,672.44,18.1549,33.622,0.4224,0.0658
60,62,bus,610.32,302.18,633.99,367.88,622.09,335.02,31.1044,16.7508,0.5827,0.0489
60,18,car,626.34,627.82,664.45,668.28,645.29,648.36,32.2645,32.4178,0.4324,0.1518
60,64,person,802.95,698.7,814.54,721.88,810.88,709.99,40.5438,35.4997,0.5621,0.8334
60,34,car,610.34,302.24,633.96,367.94,622.08,335.07,31.1041,16.7536,0.4387,0.0497
60,65,car,712.46,271.67,741.04,335.4,725.7,299.44,36.285,14.972,0.5836,2.2223
60,66,car,395.6,797.73,430.5,856.9,412.95,827.33,20.6475,41.3667,0.4206,0.034
60,67,car,592.07,185.99,617.68,222.71,604.58,204.29,30.2292,10.2147,0.3746,0.1457
60,68,car,1187.33,932.54,1339.33,1079.71,1263.41,1006.15,63.1705,50.3074,0.508,0.0617
60,69,car,94.06,626.68,133.58,652.77,113.82,639.73,5.6911,31.9863,0.4833,0.0
61,1,person,1387.17,433.31,1399.7,461.73,1393.36,447.55,69.6682,22.3773,0.4795,0.029
61,3,person,1322.94,436.03,1334.9,463.87,1328.74,450.05,66.4369,22.5025,0.4478,0.0909
61,5,person,729.39,629.65,738.1,653.95,733.7,640.72,36.685,32.0361,0.6994,0.5037
61,7,car,937.14,972.09,991.28,1009.13,964.19,990.65,48.2097,49.5325,0.657,0.0274
61,8,car,609.93,464.63,660.98,519.58,632.96,494.81,31.6481,24.7403,0.4123,1.9761
61,9,car,638.45,694.48,677.58,745.68,657.91,720.07,32.8957,36.0033,0.6854,0.0971
61,10,car,751.92,665.17,787.61,700.5,769.75,682.89,38.4875,34.1446,0.7367,0.0444
61,11,car,356.23,537.6,416.6,575.18,384.83,556.24,19.2415,27.812,0.6817,0.8764
61,12,car,479.01,538.09,539.03,584.43,503.23,560.07,25.1614,28.0036,0.6643,2.8446
61,14,car,610.89,350.69,639.04,419.3,624.93,385.14,31.2466,19.2571,0.7539,0.0576
61,16,car,395.62,797.58,430.7,856.89,413.1,827.21,20.6549,41.3606,0.6631,0.0388
61,17,car,1121.19,684.35,1151.02,743.06,1136.13,713.43,56.8064,35.6717,0.6405,0.1735
61,19,car,758.89,246.05,784.07,287.07,771.44,266.66,38.5722,13.3331,0.4943,0.1379
61,20,motorcycle,1103.37,747.27,1118.8,776.92,1111.79,763.8,55.5896,38.1901,0.3383,0.9798
61,21,car,589.33,411.56,623.79,464.38,606.64,438.72,30.3318,21.9359,0.6167,0.7323
61,22,person,1075.46,458.11,1086.1,486.49,1078.83,473.82,53.9416,23.6909,0.4067,1.2691
61,25,car,691.57,523.78,722.76,569.47,709.58,547.04,35.479,27.3522,0.6126,1.1342
61,26,person,580.26,582.11,588.83,603.3,583.47,592.46,29.1733,29.6231,0.6819,0.4319
61,27,car,1158.58,970.86,1180.22,990.84,1169.36,980.85,58.4681,49.0427,0.4438,0.0411
61,28,car,609.92,464.61,660.99,519.51,632.96,494.85,31.6482,24.7427,0.7127,1.9817
61,29,motorcycle,648.39,243.28,659.84,273.63,654.43,265.22,32.7216,13.2612,0.3975,2.9153
61,30,motorcycle,1339.69,441.35,1357.1,459.18,1348.44,450.3,67.4219,22.5149,0.3851,0.0337
61,31,person,709.25,677.56,720.67,702.1,714.87,689.05,35.7435,34.4525,0.632,0.349
61,33,car,1121.16,684.38,1151.33,742.79,1136.19,713.24,56.8093,35.6618,0.4824,0.2071
61,36,car,644.63,314.74,665.14,366.01,655.02,342.51,32.7512,17.1253,0.579,0.5028
61,37,person,1123.57,456.97,1134.22,479.17,1127.5,468.16,56.375,23.4081,0.4079,0.7624
61,38,car,1147.66,628.07,1172.12,672.83,1159.77,650.46,57.9886,32.5231,0.508,0.0619
61,42,person,1341.04,427.47,1358.7,458.86,1350.5,442.89,67.5249,22.1444,0.344,0.2375
61,43,car,581.65,140.11,602.78,162.28,592.17,151.25,29.6084,7.5623,0.5487,0.0485
61,44,car,598.56,605.99,633.25,637.5,620.36,621.84,31.0178,31.0922,0.5166,2.2114
61,46,car,934.33,463.03,971.42,493.12,951.97,480.17,47.5984,24.0083,0.4116,0.6124
61,50,person,648.87,403.46,659.2,426.71,654.01,416.07,32.7005,20.8034,0.3429,0.521
61,51,person,1281.58,576.57,1296.54,604.38,1290.37,589.97,64.5184,29.4984,0.6736,0.5894
61,52,person,766.55,701.76,775.83,720.56,772.82,712.14,38.6409,35.6072,0.2891,0.9482
61,41,car,752.38,320.58,786.4,375.96,769.0,341.78,38.45,17.089,0.4553,3.1643
61,53,car,1145.62,1053.11,1170.19,1080.19,1157.63,1066.65,57.8814,53.3325,0.4299,0.0799
61,54,car,1167.32,1053.34,1192.6,1078.86,1179.9,1066.16,58.9951,53.308,0.3387,0.0152
61,55,car,1031.15,669.5,1060.64,714.6,1045.01,689.07,52.2507,34.4537,0.3102,1.2436
61,57,car,600.87,544.25,623.62,561.3,607.57,553.72,30.3787,27.6859,0.4282,2.4205
61,58,person,1177.37,619.85,1192.23,646.87,1184.89,634.28,59.2446,31.7141,0.302,0.4322
61,59,person,1262.58,603.57,1276.87,633.6,1269.77,618.58,63.4886,30.9288,0.4973,0.0083
61,61,person,359.39,663.79,366.97,681.05,363.13,672.43,18.1567,33.6217,0.4338,0.0547
61,62,bus,610.29,302.15,633.96,367.82,622.12,335.02,31.1059,16.7508,0.49,0.045
61,18,car,626.27,627.62,664.39,668.23,645.32,648.25,32.2658,32.4126,0.4611,0.1599
61,64,person,802.22,698.8,813.33,722.35,810.24,710.08,40.5119,35.504,0.6663,0.966
61,34,car,610.31,302.21,633.93,367.87,622.11,335.08,31.1056,16.7538,0.5082,0.0441
61,65,car,712.82,272.89,741.27,335.61,726.01,300.82,36.3007,15.0411,0.6083,2.1246
61,66,car,395.7,797.68,430.56,856.86,412.99,827.32,20.6493,41.3659,0.3551,0.0593
61,67,car,592.08,186.11,617.81,222.78,604.67,204.33,30.2335,10.2167,0.364,0.1409
61,68,car,1187.46,932.61,1339.14,1079.73,1263.38,1006.15,63.1691,50.3077,0.5325,0.043
61,69,car,93.91,626.38,133.18,651.59,113.68,639.36,5.6842,31.9678,0.4716,0.593
61,70,car,1144.52,1007.11,1160.08,1026.65,1152.3,1016.88,57.615,50.844,0.3737,0.0
62,1,person,1387.18,433.33,1399.71,461.78,1393.39,447.54,69.6693,22.3769,0.5012,0.0327
62,3,person,1322.99,435.93,1334.93,463.85,1328.79,450.02,66.4395,22.5008,0.4421,0.0946
62,5,person,729.54,630.01,738.18,654.17,733.75,641.07,36.6876,32.0533,0.7199,0.5196
62,7,car,937.06,972.04,991.23,1009.16,964.2,990.65,48.2098,49.5325,0.6598,0.0027
62,8,car,611.02,463.33,661.92,519.18,633.84,493.88,31.6919,24.6941,0.7423,1.9097
62,9,car,638.43,694.42,677.6,745.68,657.96,720.06,32.8979,36.003,0.703,0.0669
62,10,car,751.88,665.18,787.63,700.47,769.76,682.87,38.4878,34.1434,0.7413,0.0372
62,11,car,356.37,537.5,417.19,575.08,385.35,556.26,19.2677,27.813,0.634,0.7881
62,12,car,479.59,537.64,541.78,585.46,505.07,560.46,25.2537,28.0231,0.716,2.8301
62,14,car,610.95,350.68,639.05,419.15,624.94,385.16,31.2471,19.258,0.7129,0.0319
62,16,car,395.7,797.58,430.69,856.87,413.12,827.22,20.656,41.3612,0.4259,0.0381
62,17,car,1121.2,684.35,1150.99,742.93,1136.14,713.52,56.8068,35.6758,0.6136,0.1227
62,19,car,758.92,246.05,784.12,286.96,771.5,266.69,38.5748,13.3344,0.5205,0.0883
62,20,motorcycle,1103.15,746.43,1118.3,776.1,1111.48,763.21,55.574,38.1603,0.353,1.0083
62,21,car,589.37,411.45,623.79,463.22,606.63,438.32,30.3313,21.916,0.619,0.5964
62,22,person,1075.85,458.22,1086.42,486.67,1079.45,473.34,53.9725,23.6671,0.2892,1.1717
62,25,car,690.79,523.0,721.95,569.01,708.8,547.18,35.4402,27.3588,0.5864,1.1789
62,26,person,580.64,582.15,589.75,603.33,583.85,592.54,29.1924,29.6272,0.6032,0.5851
62,27,car,1158.55,970.93,1180.14,990.86,1169.37,980.85,58.4686,49.0425,0.4874,0.0176
62,28,car,611.25,463.36,661.86,519.18,633.85,493.93,31.6925,24.6966,0.2669,1.9184
62,29,motorcycle,648.36,241.1,659.79,271.86,654.34,262.76,32.7171,13.1381,0.3971,3.6976
62,30,motorcycle,1339.62,441.29,1357.08,459.17,1348.42,450.28,67.4211,22.5142,0.3445,0.0329
62,31,person,709.28,677.78,720.66,702.16,714.9,689.3,35.7449,34.4651,0.6335,0.3798
62,33,car,1121.14,684.34,1151.34,742.88,1136.2,713.35,56.8101,35.6677,0.4698,0.177
62,36,car,644.69,313.54,664.78,358.95,654.92,341.46,32.746,17.0732,0.6268,1.5702
62,37,person,1124.11,456.98,1134.71,478.99,1127.99,468.12,56.3997,23.4061,0.4127,0.7433
62,38,car,1147.7,628.0,1172.16,672.84,1159.81,650.46,57.9906,32.5229,0.5257,0.0596
62,42,person,1340.95,427.6,1358.45,458.87,1350.39,442.92,67.5197,22.1459,0.3537,0.1616
62,43,car,581.68,140.08,602.8,162.19,592.19,151.22,29.6095,7.5612,0.5725,0.0472
62,44,car,597.22,605.87,631.74,637.5,618.89,621.82,30.9444,31.091,0.4383,2.2023
62,46,car,934.43,463.03,971.43,493.96,952.12,479.85,47.6061,23.9923,0.2708,0.5349
62,50,person,648.89,402.36,659.12,426.07,654.02,415.67,32.701,20.7837,0.3191,0.5905
62,51,person,1281.14,576.74,1296.31,604.48,1289.99,590.03,64.4995,29.5015,0.6755,0.5739
62,52,person,765.25,701.37,775.8,720.62,772.27,711.88,38.6133,35.5939,0.2907,0.9187
62,41,car,754.5,321.45,787.09,377.65,769.37,343.94,38.4683,17.1971,0.343,3.2904
62,53,car,1145.63,1053.13,1170.3,1080.19,1157.7,1066.65,57.8849,53.3325,0.4341,0.1064
62,54,car,1167.34,1053.3,1192.6,1078.83,1179.92,1066.15,58.9962,53.3074,0.3826,0.0375
62,55,car,1031.37,670.08,1060.97,715.65,1045.36,689.86,52.2678,34.4928,0.3426,1.2792
62,57,car,602.23,544.13,625.08,560.87,609.12,553.46,30.4561,27.6728,0.4032,2.355
62,58,person,1177.25,619.72,1192.29,646.48,1184.87,633.99,59.2436,31.6996,0.2956,0.4353
62,59,person,1262.56,603.52,1276.91,633.6,1269.77,618.57,63.4885,30.9286,0.5016,0.0067
62,61,person,359.36,663.8,366.96,681.1,363.16,672.43,18.1578,33.6217,0.4366,0.031
62,62,bus,610.28,302.19,633.92,367.82,622.13,335.02,31.1066,16.7511,0.5197,0.0244
62,18,car,626.27,627.58,664.19,668.29,645.31,648.16,32.2655,32.4081,0.5706,0.1364
62,64,person,801.58,698.89,812.0,722.71,809.49,710.2,40.4744,35.5099,0.6928,1.141
62,34,car,610.3,302.24,633.89,367.87,622.13,335.08,31.1063,16.754,0.4612,0.0239
62,65,car,713.11,274.63,741.54,336.93,726.34,302.06,36.3171,15.1032,0.5916,1.9261
62,66,car,395.74,797.83,430.46,856.86,413.0,827.34,20.6499,41.367,0.6666,0.0374
62,67,car,592.12,186.16,617.92,222.79,604.75,204.37,30.2376,10.2183,0.3449,0.1315
62,68,car,1187.63,932.41,1338.78,1079.76,1263.35,1006.14,63.1673,50.307,0.4868,0.0569
62,69,car,92.36,626.8,132.79,651.87,113.31,639.35,5.6657,31.9674,0.4953,0.556
62,70,car,1144.59,1007.14,1159.81,1026.74,1152.25,1016.91,57.6124,50.8454,0.3522,0.089
63,1,person,1387.17,433.38,1399.67,461.79,1393.4,447.54,69.6702,22.3769,0.4749,0.0264
63,3,person,1323.06,435.91,1334.92,463.81,1328.84,449.98,66.442,22.4992,0.4298,0.0896
63,5,person,729.58,630.29,738.22,654.36,733.79,641.39,36.6897,32.0697,0.705,0.4965
63,7,car,936.98,972.05,991.04,1009.19,964.18,990.65,48.2091,49.5323,0.672,0.0222
63,8,car,611.76,462.37,662.6,518.77,634.68,492.99,31.734,24.6494,0.7131,1.8433
63,9,car,638.43,694.4,677.57,745.67,657.99,720.06,32.8993,36.0028,0.6985,0.0409
63,10,car,751.87,665.16,787.64,700.46,769.76,682.85,38.4879,34.1425,0.757,0.0282
63,11,car,356.26,537.42,418.13,575.06,385.85,556.28,19.2924,27.8139,0.6023,0.7423
63,12,car,480.9,536.92,544.25,586.08,506.92,560.79,25.3458,28.0393,0.734,2.807
63,14,car,611.0,350.63,639.09,419.19,624.96,385.15,31.2479,19.2577,0.693,0.0254
63,16,car,395.71,797.63,430.7,856.85,413.15,827.23,20.6574,41.3615,0.4362,0.0419
63,17,car,1121.24,684.4,1150.97,742.84,1136.14,713.57,56.8068,35.6783,0.6114,0.0757
63,19,car,758.96,246.12,784.25,287.0,771.52,266.67,38.5759,13.3335,0.4997,0.0402
63,20,motorcycle,1102.64,745.84,1117.74,775.49,1111.18,762.62,55.5588,38.131,0.3683,0.9911
63,21,car,589.45,411.41,623.78,463.08,606.61,438.06,30.3307,21.9029,0.6389,0.3935
63,22,person,1076.13,457.13,1088.07,486.54,1080.15,472.8,54.0074,23.6401,0.2954,1.321
63,25,car,690.17,522.19,721.25,568.53,708.03,546.96,35.4016,27.3482,0.616,1.1993
63,26,person,581.0,582.12,590.69,603.55,584.27,592.63,29.2133,29.6317,0.5704,0.6424
63,27,car,1158.52,970.98,1180.11,990.91,1169.38,980.86,58.4689,49.0428,0.4843,0.0123
63,28,car,612.21,462.44,662.55,518.49,634.72,493.02,31.736,24.651,0.3003,1.8883
63,29,motorcycle,648.33,238.82,659.76,270.12,654.25,260.72,32.7127,13.036,0.3783,3.0642
63,30,motorcycle,1339.69,441.28,1357.11,459.16,1348.42,450.27,67.421,22.5135,0.3872,0.0209
63,31,person,709.28,677.88,720.65,702.22,714.92,689.52,35.746,34.4762,0.6093,0.3369
63,33,car,1121.16,684.36,1151.17,742.92,1136.2,713.44,56.8101,35.6722,0.5023,0.1348
63,36,car,644.59,312.7,664.75,360.38,654.86,340.44,32.7428,17.0219,0.6362,1.5411
63,37,person,1124.79,457.13,1135.2,478.77,1128.49,468.08,56.4247,23.4042,0.4066,0.7519
63,38,car,1147.73,627.94,1172.17,672.84,1159.85,650.45,57.9924,32.5223,0.5063,0.0594
63,42,person,1340.9,427.72,1358.25,458.85,1350.2,443.0,67.51,22.1501,0.3568,0.3166
63,43,car,581.69,140.08,602.81,162.15,592.21,151.2,29.6103,7.56,0.4934,0.0428
63,44,car,595.69,605.81,630.3,637.58,617.41,621.79,30.8707,31.0895,0.4945,2.2114
63,46,car,935.03,462.94,971.41,492.16,952.32,479.4,47.616,23.9698,0.4071,0.737
63,50,person,648.6,401.56,659.09,425.53,654.0,415.25,32.6999,20.7625,0.406,0.6373
63,51,person,1280.73,576.73,1296.0,604.34,1289.59,590.14,64.4796,29.5068,0.6599,0.6206
63,52,person,764.4,701.16,775.68,720.76,771.74,711.62,38.5871,35.5811,0.2885,0.8762
63,41,car,756.07,322.1,787.66,372.4,769.85,345.65,38.4924,17.2824,0.3726,2.658
63,53,car,1145.68,1053.12,1170.37,1080.18,1157.78,1066.65,57.8889,53.3326,0.4714,0.1193
63,54,car,1167.25,1053.25,1192.55,1078.83,1179.93,1066.13,58.9965,53.3064,0.4044,0.0315
63,55,car,1031.77,670.65,1061.35,716.46,1045.7,690.64,52.285,34.5322,0.3714,1.2902
63,57,car,603.6,543.94,626.49,560.41,610.64,553.12,30.5322,27.6561,0.3385,2.3379
63,58,person,1177.12,619.62,1192.32,646.12,1184.85,633.7,59.2423,31.6852,0.3268,0.4349
63,59,person,1262.57,603.51,1276.92,633.58,1269.76,618.57,63.4882,30.9284,0.4831,0.0114
63,61,person,359.36,663.82,366.96,681.12,363.16,672.43,18.1582,33.6216,0.4055,0.0136
63,62,bus,610.32,302.18,633.87,367.84,622.14,335.03,31.1068,16.7513,0.5078,0.0093
63,18,car,626.4,627.61,664.26,668.28,645.32,648.09,32.2661,32.4044,0.5135,0.1113
63,64,person,800.86,698.96,811.13,722.73,808.68,710.33,40.434,35.5163,0.5976,1.2265
63,34,car,610.33,302.23,633.85,367.89,622.13,335.08,31.1066,16.7542,0.4577,0.0076
63,65,car,713.19,275.98,741.64,337.64,726.63,303.3,36.3316,15.165,0.5511,1.9045
63,66,car,395.72,797.97,430.4,856.86,413.02,827.36,20.651,41.368,0.6476,0.0441
63,67,car,592.12,186.18,617.95,222.85,604.83,204.38,30.2413,10.2192,0.3533,0.1156
63,68,car,1187.69,932.1,1338.58,1079.8,1263.31,1006.11,63.1656,50.3054,0.4586,0.0702
63,69,car,91.13,627.0,132.29,651.78,112.91,639.36,5.6456,31.9679,0.4963,0.6013
63,70,car,1144.64,1007.21,1159.65,1026.75,1152.21,1016.93,57.6107,50.8467,0.3839,0.0647
63,71,person,1225.89,596.86,1241.86,627.29,1233.88,612.07,61.6939,30.6037,0.5044,0.0
63,72,person,894.23,460.65,909.79,485.48,902.01,473.07,45.1005,23.6534,0.535,0.0
64,1,person,1387.15,433.38,1399.67,461.77,1393.42,447.54,69.6708,22.3768,0.4605,0.0187
64,3,person,1323.0,435.93,1334.89,463.8,1328.88,449.95,66.444,22.4976,0.4273,0.0759
64,5,person,729.65,630.65,738.18,654.54,733.83,641.72,36.6913,32.0858,0.6848,0.4842
64,7,car,937.01,972.11,990.9,1009.24,964.15,990.65,48.2076,49.5323,0.6398,0.0446
64,8,car,612.73,461.18,663.32,518.22,635.52,492.13,31.7758,24.6063,0.6713,1.8001
64,9,car,638.22,694.46,677.58,745.67,657.99,720.06,32.8993,36.0031,0.6973,0.0067
64,10,car,751.87,665.12,787.7,700.43,769.76,682.83,38.4882,34.1416,0.7671,0.0275
64,11,car,356.58,537.38,419.13,574.91,386.37,556.28,19.3184,27.8138,0.6423,0.7779
64,12,car,481.75,536.61,546.0,586.4,508.72,561.08,25.4358,28.0539,0.6978,2.7337
64,14,car,610.98,350.65,639.11,419.36,624.97,385.13,31.2487,19.2563,0.6351,0.0494
64,16,car,395.59,797.74,430.7,856.85,413.16,827.24,20.6581,41.3618,0.4871,0.0227
64,17,car,1121.25,684.45,1150.93,742.96,1136.12,713.62,56.8062,35.6809,0.6131,0.0782
64,19,car,759.01,246.22,784.32,287.0,771.52,266.63,38.5761,13.3316,0.4805,0.0594
64,20,motorcycle,1102.35,745.37,1117.36,774.69,1110.85,761.98,55.5427,38.0988,0.4076,1.0808
64,21,car,589.53,411.53,623.81,465.19,606.62,438.07,30.3309,21.9034,0.6175,0.0145
64,22,person,1076.35,456.48,1089.29,486.56,1080.81,472.41,54.0405,23.6203,0.2696,1.1594
64,25,car,689.44,521.48,720.41,567.99,707.26,546.54,35.3628,27.3271,0.5365,1.3273
64,26,person,581.32,582.29,591.47,603.69,584.73,592.73,29.2364,29.6363,0.552,0.7066
64,27,car,1158.51,970.96,1180.1,990.93,1169.37,980.87,58.4687,49.0434,0.5204,0.0189
64,28,car,614.22,461.22,663.34,515.26,635.66,491.93,31.7832,24.5965,0.3545,2.1639
64,29,motorcycle,648.15,237.09,659.72,268.1,654.17,258.8,32.7085,12.9402,0.3205,2.8788
64,30,motorcycle,1339.66,441.31,1357.04,459.11,1348.41,450.26,67.4204,22.5128,0.316,0.0257
64,31,person,709.28,677.97,720.67,702.27,714.94,689.72,35.7469,34.486,0.5822,0.2936
64,33,car,1121.14,684.39,1151.03,743.11,1136.19,713.53,56.8094,35.6765,0.516,0.1334
64,36,car,644.61,311.54,664.52,354.45,654.83,338.93,32.7414,16.9466,0.6022,2.2606
64,37,person,1125.51,457.42,1135.71,478.77,1129.01,468.08,56.4503,23.4039,0.4106,0.7702
64,38,car,1147.74,627.94,1172.18,672.85,1159.88,650.44,57.9941,32.5218,0.5354,0.0532
64,42,person,1340.84,427.8,1358.16,458.81,1349.95,443.12,67.4974,22.1561,0.346,0.4193
64,43,car,581.7,140.05,602.82,162.1,592.22,151.17,29.6108,7.5584,0.3911,0.0484
64,44,car,594.26,605.8,628.82,637.6,615.95,621.76,30.7973,31.0882,0.41,2.2008
64,46,car,935.61,462.88,971.37,489.37,952.6,478.75,47.63,23.9376,0.2675,1.054
64,50,person,648.01,400.28,659.25,424.96,653.94,414.73,32.6969,20.7364,0.3931,0.7892
64,51,person,1280.24,576.63,1295.62,604.06,1289.16,590.25,64.4582,29.5124,0.6022,0.6632
64,41,car,757.49,322.54,788.08,368.87,770.44,346.51,38.522,17.3253,0.3907,1.5631
64,53,car,1145.73,1053.13,1170.3,1080.18,1157.85,1066.65,57.8923,53.3326,0.4064,0.1023
64,54,car,1167.18,1053.17,1192.52,1078.87,1179.93,1066.11,58.9963,53.3056,0.4089,0.0265
64,55,car,1032.25,671.22,1061.73,717.05,1045.99,691.66,52.2994,34.5832,0.4438,1.5898
64,57,car,604.87,543.84,627.85,560.28,612.12,552.85,30.6062,27.6424,0.2665,2.2596
64,58,person,1176.97,619.6,1192.35,645.87,1184.81,633.43,59.2407,31.6714,0.2769,0.4151
64,59,person,1262.56,603.56,1277.05,633.59,1269.76,618.57,63.4879,30.9284,0.4321,0.0075
64,61,person,359.39,663.86,366.95,681.13,363.17,672.43,18.1584,33.6217,0.4364,0.006
64,62,bus,610.28,302.21,633.81,367.91,622.12,335.03,31.1061,16.7516,0.4659,0.023
64,18,car,626.48,627.62,664.34,668.3,645.34,648.03,32.2669,32.4017,0.519,0.0867
64,64,person,800.29,698.88,810.59,722.64,807.86,710.45,40.393,35.5226,0.5011,1.2422
64,34,car,610.3,302.25,633.79,367.95,622.12,335.09,31.1059,16.7543,0.456,0.0205
64,65,car,713.44,277.22,741.62,337.93,726.91,304.38,36.3456,15.219,0.5541,1.6735
64,66,car,395.6,798.03,430.41,856.88,413.04,827.37,20.6519,41.3685,0.6425,0.0306
64,67,car,592.16,186.16,617.91,222.84,604.9,204.41,30.245,10.2204,0.2997,0.1149
64,68,car,1187.23,931.96,1338.44,1079.76,1263.24,1006.07,63.1621,50.3036,0.4755,0.116
64,69,car,90.41,626.87,132.6,652.52,112.63,639.43,5.6316,31.9713,0.5962,0.4336
64,70,car,1144.63,1007.27,1159.47,1026.74,1152.17,1016.95,57.6086,50.8476,0.3879,0.0671
64,71,person,1225.39,596.56,1241.97,632.78,1233.78,613.37,61.689,30.6686,0.4058,1.9506
64,72,person,893.95,461.16,910.1,486.44,902.02,473.43,45.101,23.6717,0.5212,0.5488
65,1,person,1387.12,433.33,1399.68,461.77,1393.42,447.54,69.6709,22.3769,0.4592,0.007
65,3,person,1322.94,435.95,1334.88,463.78,1328.91,449.93,66.4454,22.4964,0.4022,0.0557
65,5,person,729.75,630.85,738.18,654.7,733.85,642.02,36.6927,32.1009,0.7443,0.4567
65,7,car,937.09,972.13,990.73,1009.22,964.11,990.64,48.2053,49.5321,0.6611,0.0709
65,8,car,613.96,459.99,664.24,517.32,636.37,491.24,31.8187,24.5622,0.7313,1.8449
65,9,car,638.29,694.63,677.61,745.6,657.98,720.08,32.8992,36.0038,0.6953,0.0217
65,10,car,751.88,665.1,787.75,700.42,769.77,682.81,38.4886,34.1407,0.7774,0.0294
65,11,car,357.49,537.41,419.84,574.92,386.91,556.27,19.3456,27.8134,0.6664,0.817
65,12,car,482.43,536.59,550.06,586.77,510.61,561.27,25.5306,28.0633,0.6824,2.8578
65,14,car,610.99,350.63,639.11,419.54,625.0,385.09,31.2498,19.2546,0.7137,0.06
65,16,car,395.52,797.84,430.66,856.9,413.16,827.26,20.6579,41.3628,0.6448,0.0302
65,17,car,1121.23,684.45,1150.91,742.93,1136.1,713.65,56.8052,35.6826,0.6204,0.0598
65,19,car,759.02,246.42,784.23,287.0,771.53,266.61,38.5765,13.3304,0.4772,0.0375
65,20,motorcycle,1101.94,744.58,1116.87,773.99,1110.59,761.3,55.5293,38.0652,0.3586,1.0846
65,21,car,589.51,411.62,623.87,467.31,606.62,438.29,30.3312,21.9145,0.6609,0.3339
65,22,person,1076.48,456.01,1090.04,486.52,1081.43,472.08,54.0717,23.604,0.2745,1.0549
65,25,car,688.7,520.68,719.57,567.34,706.46,545.98,35.3232,27.2988,0.5503,1.4601
65,26,person,581.66,582.61,592.07,603.94,585.22,592.84,29.2611,29.6418,0.5857,0.7601
65,27,car,1158.58,971.02,1180.13,991.0,1169.37,980.89,58.4686,49.0447,0.5558,0.0404
65,28,car,615.91,460.03,664.0,512.96,636.64,490.72,31.8322,24.5362,0.2996,2.3292
65,29,motorcycle,647.98,235.22,659.69,266.32,654.09,256.92,32.7046,12.846,0.3566,2.8277
65,30,motorcycle,1339.65,441.51,1357.0,459.02,1348.39,450.26,67.4193,22.5128,0.2871,0.0329
65,31,person,709.27,678.04,720.66,702.25,714.95,689.88,35.7477,34.4939,0.6868,0.2388
65,33,car,1121.11,684.39,1150.97,743.12,1136.17,713.59,56.8083,35.6797,0.4969,0.0984
65,36,car,644.51,310.52,664.2,350.33,654.74,337.14,32.737,16.8568,0.6257,2.6971
65,37,person,1126.09,457.1,1136.54,478.56,1129.54,468.03,56.4771,23.4017,0.4024,0.8065
65,38,car,1147.74,627.91,1172.17,672.88,1159.91,650.42,57.9954,32.5212,0.5302,0.0425
65,42,person,1340.86,426.8,1359.7,458.77,1349.89,443.12,67.4946,22.1559,0.3373,0.0851
65,43,car,581.69,140.03,602.86,162.06,592.23,151.14,29.6115,7.5569,0.4284,0.0496
65,44,car,592.82,605.75,627.41,637.7,614.48,621.75,30.7241,31.0873,0.441,2.1972
65,46,car,935.95,462.85,971.34,487.63,952.89,477.98,47.6443,23.8989,0.3132,1.2369
65,50,person,647.52,399.15,659.21,424.31,653.84,414.1,32.6922,20.7052,0.4516,0.9454
65,51,person,1279.74,576.66,1295.2,603.74,1288.72,590.31,64.4362,29.5157,0.4651,0.6661
65,41,car,758.8,323.36,788.72,367.08,771.07,346.84,38.5535,17.342,0.423,1.0706
65,53,car,1145.76,1053.13,1170.44,1080.17,1157.92,1066.65,57.8958,53.3326,0.4465,0.1032
65,54,car,1167.15,1053.11,1192.55,1078.85,1179.91,1066.08,58.9956,53.3042,0.414,0.0451
65,55,car,1032.71,671.81,1062.13,717.74,1046.3,692.58,52.3151,34.629,0.4649,1.4524
65,57,car,606.34,543.69,629.25,560.26,613.58,552.57,30.6789,27.6284,0.3604,2.2192
65,58,person,1176.91,619.62,1192.36,645.75,1184.77,633.2,59.2384,31.6599,0.2917,0.3537
65,59,person,1262.57,603.6,1277.05,633.64,1269.76,618.57,63.4882,30.9287,0.4297,0.0133
65,61,person,359.42,663.92,367.01,681.14,363.17,672.45,18.1587,33.6225,0.4362,0.026
65,62,bus,610.31,302.2,633.81,367.81,622.11,335.02,31.1054,16.7512,0.447,0.0247
65,18,car,626.64,627.57,664.31,668.29,645.36,647.99,32.2678,32.3995,0.5031,0.0703
65,64,person,799.57,698.75,810.3,722.57,807.06,710.57,40.3529,35.5284,0.5588,1.2168
65,34,car,610.32,302.24,633.79,367.85,622.1,335.07,31.1052,16.7537,0.4657,0.0271
65,65,car,713.35,278.47,741.87,338.5,727.14,305.5,36.3571,15.2752,0.4737,1.7209
65,66,car,395.54,797.92,430.57,856.88,413.05,827.37,20.6527,41.3685,0.4761,0.0241
65,67,car,592.19,186.15,617.85,222.92,604.95,204.44,30.2477,10.2221,0.3245,0.0972
65,68,car,1187.01,932.04,1338.46,1079.73,1263.16,1006.04,63.158,50.3019,0.4765,0.1346
65,69,car,89.35,627.06,132.45,652.26,112.34,639.47,5.6171,31.9733,0.5705,0.4374
65,70,car,1144.61,1007.33,1159.16,1026.75,1152.12,1016.97,57.6058,50.8484,0.339,0.0897
65,71,person,1224.89,596.65,1241.29,630.95,1233.55,613.51,61.6774,30.6757,0.4607,0.4064
65,72,person,893.72,461.42,910.26,486.98,902.01,473.69,45.1005,23.6845,0.5172,0.3834
65,73,person,1088.85,844.27,1101.8,870.53,1095.33,857.4,54.7664,42.8699,0.3797,0.0
66,1,person,1387.1,433.3,1399.68,461.77,1393.42,447.54,69.6708,22.3772,0.4487,0.0084
66,3,person,1322.85,435.86,1334.88,463.77,1328.92,449.9,66.4461,22.4949,0.3977,0.0495
66,5,person,729.81,631.13,738.21,654.82,733.88,642.29,36.6942,32.1145,0.6992,0.411
66,7,car,937.15,972.15,990.74,1009.18,964.06,990.64,48.2031,49.532,0.6572,0.0656
66,8,car,614.91,458.53,664.89,516.29,637.23,490.33,31.8613,24.5164,0.7651,1.8781
66,9,car,638.36,694.73,677.63,745.56,657.98,720.09,32.8992,36.0046,0.6981,0.0233
66,10,car,751.89,665.08,787.76,700.37,769.78,682.8,38.4891,34.1398,0.7702,0.0295
66,11,car,358.36,537.53,420.04,574.94,387.45,556.26,19.3723,27.813,0.6316,0.802
66,12,car,483.4,535.98,549.99,586.52,512.29,561.4,25.6143,28.07,0.6504,2.5199
66,14,car,610.94,350.63,639.13,419.95,625.01,385.08,31.2505,19.2542,0.7458,0.0249
66,16,car,395.46,797.9,430.64,856.93,413.14,827.29,20.6571,41.3644,0.6646,0.0519
66,17,car,1121.21,684.4,1150.92,742.85,1136.09,713.66,56.8047,35.6831,0.6243,0.0217
66,19,car,759.0,246.56,784.06,286.98,771.55,266.61,38.5773,13.3306,0.4576,0.0242
66,20,motorcycle,1101.62,743.82,1116.47,773.25,1110.24,760.64,55.5121,38.0318,0.3376,1.1274
66,21,car,589.04,411.7,623.95,468.93,606.6,438.45,30.3302,21.9223,0.654,0.2367
66,22,person,1076.54,456.47,1088.56,486.54,1081.85,471.89,54.0923,23.5944,0.3661,0.6831
66,25,car,687.85,520.01,718.9,566.77,705.68,545.35,35.2838,27.2673,0.5073,1.5124
66,26,person,582.06,582.88,592.65,604.16,585.75,592.97,29.2875,29.6483,0.5959,0.8155
66,27,car,1158.63,971.02,1180.23,990.99,1169.37,980.92,58.4685,49.0462,0.5488,0.043
66,28,car,617.21,458.88,664.69,511.39,637.65,489.47,31.8824,24.4736,0.3005,2.4069
66,29,motorcycle,647.96,233.71,659.67,264.39,654.01,254.68,32.7004,12.734,0.3605,3.3609
66,31,person,709.26,678.06,720.66,702.3,714.96,689.99,35.748,34.4996,0.6686,0.1709
66,33,car,1121.08,684.35,1150.94,743.15,1136.14,713.64,56.807,35.6822,0.5002,0.0855
66,36,car,644.47,309.42,663.86,347.37,654.62,335.17,32.7311,16.7586,0.6238,2.9518
66,37,person,1126.66,457.07,1136.94,478.44,1130.08,467.98,56.5039,23.3991,0.4596,0.8066
66,38,car,1147.73,627.88,1172.14,672.89,1159.93,650.41,57.9963,32.5207,0.5703,0.03
66,42,person,1340.88,426.16,1360.7,458.76,1349.96,443.04,67.498,22.1522,0.3349,0.151
66,43,car,581.69,140.04,602.88,162.12,592.24,151.12,29.6122,7.556,0.4779,0.0364
66,44,car,591.45,605.7,625.91,637.76,613.02,621.73,30.6512,31.0864,0.2975,2.1856
66,46,car,935.78,462.92,971.3,489.07,953.14,477.32,47.657,23.8662,0.3181,1.052
66,50,person,646.93,398.0,659.19,423.48,653.71,413.37,32.6857,20.6683,0.4548,1.1248
66,51,person,1279.27,576.53,1294.81,603.16,1288.3,590.31,64.4149,29.5154,0.4301,0.6405
66,41,car,759.87,324.29,789.47,366.35,771.87,346.88,38.5935,17.3438,0.5454,1.2004
66,53,car,1145.76,1053.15,1170.45,1080.18,1157.98,1066.66,57.8989,53.3328,0.4399,0.0947
66,54,car,1167.1,1053.12,1192.54,1078.88,1179.89,1066.06,58.9947,53.3029,0.4409,0.0486
66,55,car,1033.17,672.27,1062.63,718.16,1046.66,693.36,52.3329,34.6682,0.4787,1.2907
66,57,car,607.95,543.58,630.73,560.05,615.02,552.38,30.7512,27.6191,0.2986,2.1869
66,58,person,1176.8,619.41,1192.42,645.56,1184.73,632.99,59.2363,31.6493,0.2994,0.3235
66,59,person,1262.59,603.63,1276.96,633.64,1269.77,618.58,63.4884,30.9291,0.4437,0.0121
66,61,person,359.43,663.96,367.01,681.15,363.18,672.47,18.1591,33.6235,0.3729,0.0339
66,62,bus,610.34,302.18,633.76,367.8,622.09,335.01,31.1046,16.7507,0.4523,0.0297
66,18,car,626.76,627.41,664.16,668.2,645.38,647.94,32.2688,32.3968,0.4384,0.0865
66,64,person,798.94,698.71,810.06,722.36,806.31,710.64,40.3156,35.5319,0.3782,1.125
66,34,car,610.35,302.22,633.74,367.84,622.09,335.06,31.1044,16.753,0.4973,0.0319
66,65,car,713.25,279.63,741.88,339.55,727.32,306.58,36.3661,15.3288,0.4654,1.6311
66,66,car,395.47,797.86,430.71,856.89,413.07,827.37,20.6534,41.3684,0.4724,0.0227
66,67,car,592.24,186.15,617.66,222.89,604.98,204.48,30.2491,10.2238,0.3452,0.0672
66,68,car,1186.69,932.01,1338.47,1079.72,1263.02,1005.99,63.1509,50.2996,0.5065,0.2252
66,69,car,88.35,627.17,132.28,652.07,112.05,639.49,5.6027,31.9744,0.5108,0.4352
66,70,car,1144.62,1007.41,1158.96,1026.75,1152.06,1016.99,57.603,50.8494,0.3187,0.0868
66,71,person,1224.51,596.78,1240.84,629.74,1233.33,613.45,61.6666,30.6725,0.3884,0.3396
66,72,person,893.48,461.78,910.36,487.27,901.99,473.9,45.0994,23.6949,0.4744,0.3149
66,73,person,1088.86,846.33,1101.81,870.61,1095.33,857.93,54.7667,42.8966,0.376,0.8021
67,1,person,1387.1,433.28,1399.7,461.8,1393.41,447.55,69.6707,22.3775,0.4512,0.0114
67,3,person,1322.86,435.8,1335.0,463.8,1328.93,449.86,66.4466,22.4931,0.4016,0.0553
67,5,person,729.9,631.47,738.28,655.08,733.93,642.55,36.6963,32.1274,0.6201,0.3901
67,7,car,937.23,972.17,990.7,1009.14,964.02,990.64,48.2011,49.5322,0.7065,0.0603
67,8,car,615.85,457.18,665.42,515.3,638.11,489.42,31.9055,24.471,0.7934,1.8997
67,9,car,638.38,694.79,677.65,745.62,657.98,720.1,32.8992,36.005,0.7315,0.0145
67,10,car,751.87,665.06,787.75,700.32,769.79,682.77,38.4893,34.1387,0.8024,0.035
67,11,car,358.8,537.47,420.27,574.89,387.95,556.24,19.3975,27.8118,0.6436,0.7556
67,12,car,485.06,535.63,549.89,586.29,513.79,561.39,25.6897,28.0694,0.6669,2.2637
67,14,car,610.86,350.62,639.12,420.33,625.02,385.1,31.2509,19.2549,0.7326,0.0232
67,16,car,395.55,798.01,430.65,856.96,413.14,827.32,20.6568,41.3662,0.6739,0.0551
67,17,car,1121.21,684.37,1150.95,742.8,1136.09,713.65,56.8044,35.6826,0.6392,0.0151
67,19,car,758.99,246.38,783.99,287.0,771.56,266.63,38.578,13.3315,0.4173,0.0344
67,20,motorcycle,1101.36,745.16,1115.96,772.72,1109.85,760.12,55.4926,38.0058,0.341,0.9734
67,21,car,589.26,411.69,624.03,468.32,606.61,438.67,30.3304,21.9335,0.6588,0.3352
67,22,person,1076.64,456.92,1087.48,486.29,1082.1,471.78,54.105,23.5891,0.299,0.4114
67,25,car,686.94,519.27,718.2,566.05,704.89,544.68,35.2446,27.2341,0.7202,1.5396
67,26,person,582.41,583.23,592.99,604.42,586.27,593.13,29.3136,29.6563,0.5323,0.819
67,27,car,1158.61,971.05,1180.24,990.92,1169.37,980.95,58.4684,49.0474,0.531,0.0368
67,28,car,618.44,457.75,665.25,509.37,638.7,488.18,31.9352,24.4088,0.2945,2.51
67,29,motorcycle,647.73,232.0,659.45,262.39,653.92,252.72,32.6958,12.6359,0.3945,2.9485
67,31,person,709.25,678.06,720.65,702.25,714.96,690.06,35.7481,34.5031,0.6023,0.1065
67,33,car,1121.07,684.33,1150.95,743.12,1136.11,713.69,56.8057,35.6844,0.5338,0.0769
67,36,car,644.42,308.45,663.49,345.21,654.47,333.11,32.7237,16.6557,0.6231,3.0939
67,37,person,1127.13,457.18,1137.15,478.37,1130.6,467.92,56.5298,23.3962,0.4252,0.7829
67,38,car,1147.73,627.88,1172.16,672.92,1159.94,650.4,57.9969,32.5202,0.5504,0.0227
67,42,person,1340.88,425.93,1361.39,458.79,1350.12,442.94,67.506,22.1471,0.3487,0.2855
67,43,car,581.67,139.98,602.92,162.04,592.26,151.09,29.613,7.5547,0.4158,0.044
67,44,car,590.0,605.84,624.45,637.89,611.56,621.73,30.5782,31.0867,0.3749,2.1908
67,46,car,935.55,463.01,971.27,490.51,953.3,476.89,47.6651,23.8446,0.2851,0.6933
67,50,person,646.68,397.16,659.1,422.64,653.55,412.55,32.6774,20.6274,0.4361,1.2519
67,51,person,1278.78,576.35,1294.56,602.86,1287.89,590.23,64.3947,29.5116,0.5036,0.6161
67,41,car,760.65,325.54,790.33,366.11,772.68,346.73,38.634,17.3367,0.5186,1.2335
67,53,car,1145.76,1053.18,1170.42,1080.18,1158.03,1066.66,57.9015,53.3329,0.4402,0.0766
67,54,car,1167.03,1053.13,1192.59,1078.95,1179.88,1066.04,58.9939,53.3018,0.4154,0.0404
67,55,car,1033.52,672.8,1063.07,718.67,1047.03,694.05,52.3517,34.7024,0.4519,1.1707
67,58,person,1176.63,619.3,1192.48,645.35,1184.68,632.8,59.234,31.6398,0.2791,0.2941
67,59,person,1262.58,603.66,1277.04,633.65,1269.77,618.6,63.4886,30.9298,0.4436,0.0209
67,61,person,359.43,663.99,367.01,681.19,363.19,672.5,18.1595,33.6251,0.3921,0.047
67,62,bus,610.35,302.19,633.77,367.77,622.08,335.01,31.1039,16.7504,0.4693,0.0236
67,18,car,626.84,627.32,664.16,668.17,645.39,647.89,32.2696,32.3946,0.4228,0.0689
67,64,person,798.26,698.67,809.97,722.29,805.65,710.67,40.2825,35.5333,0.3281,0.9934
67,34,car,610.36,302.22,633.76,367.8,622.07,335.05,31.1037,16.7525,0.4727,0.0262
67,65,car,713.4,280.56,742.14,339.5,727.47,307.5,36.3734,15.3752,0.5408,1.4092
67,66,car,395.59,797.85,430.8,856.9,413.09,827.38,20.6544,41.3689,0.4265,0.0325
67,67,car,592.22,186.3,617.38,222.68,604.97,204.5,30.2486,10.2248,0.2893,0.0347
67,68,car,1186.49,931.84,1338.57,1079.76,1262.9,1005.95,63.1451,50.2973,0.4614,0.185
67,69,car,87.36,627.12,132.44,652.03,111.49,639.47,5.5746,31.9733,0.5833,0.8415
67,70,car,1144.65,1007.48,1159.17,1026.76,1152.04,1017.01,57.6019,50.8503,0.3444,0.0428
67,71,person,1224.06,596.76,1240.44,629.13,1233.11,613.35,61.6557,30.6675,0.3367,0.3589
67,72,person,893.19,461.89,910.41,487.47,901.95,474.05,45.0975,23.7027,0.3995,0.241
67,73,person,1089.01,848.26,1102.16,870.56,1095.42,858.43,54.7709,42.9213,0.3992,0.7514
68,1,person,1387.1,433.27,1399.71,461.76,1393.41,447.55,69.6704,22.3775,0.4599,0.0065
68,3,person,1322.89,435.76,1335.04,463.77,1328.94,449.84,66.4469,22.4918,0.4135,0.0411
68,5,person,729.95,631.8,738.35,655.3,733.98,642.8,36.6992,32.1398,0.6216,0.3841
68,7,car,937.3,972.2,990.81,1009.11,964.0,990.65,48.1999,49.5325,0.6751,0.0355
68,8,car,617.01,455.93,666.44,514.27,639.0,488.42,31.9502,24.4209,0.7728,2.0147
68,9,car,638.38,694.84,677.63,745.66,657.98,720.13,32.8992,36.0063,0.722,0.0368
68,10,car,751.89,665.09,787.71,700.32,769.79,682.76,38.4895,34.1378,0.7604,0.0292
68,11,car,359.19,537.43,420.98,574.82,388.47,556.2,19.4237,27.8099,0.647,0.7893
68,12,car,487.12,535.12,551.42,586.0,515.26,561.29,25.7629,28.0644,0.6591,2.2009
68,14,car,610.83,350.66,639.09,421.02,625.02,385.22,31.2509,19.2609,0.6992,0.1803
68,16,car,395.6,798.13,430.59,857.0,413.13,827.37,20.6563,41.3685,0.6711,0.072
68,17,car,1121.2,684.35,1150.98,742.71,1136.08,713.63,56.8042,35.6814,0.649,0.0374
68,19,car,758.9,246.27,784.24,287.3,771.57,266.66,38.5787,13.3331,0.4439,0.0512
68,20,motorcycle,1101.1,743.34,1115.61,771.99,1109.46,759.48,55.4731,37.9742,0.3909,1.1147
68,21,car,589.47,411.63,624.11,466.32,606.64,438.81,30.332,21.9407,0.644,0.2212
68,22,person,1076.84,456.45,1088.88,486.1,1082.4,471.64,54.1198,23.5818,0.3148,0.4965
68,25,car,686.07,518.55,717.45,565.3,704.12,544.01,35.206,27.2006,0.7616,1.5345
68,26,person,582.81,583.5,593.27,604.79,586.77,593.33,29.3386,29.6667,0.6041,0.8106
68,27,car,1158.62,971.08,1180.24,990.91,1169.37,980.97,58.4686,49.0484,0.5383,0.0315
68,28,car,619.62,456.44,665.92,507.47,639.75,486.73,31.9874,24.3366,0.3031,2.6722
68,29,motorcycle,647.59,230.19,659.28,260.67,653.82,250.86,32.6909,12.5428,0.4093,2.7959
68,31,person,709.24,678.03,720.64,702.25,714.96,690.11,35.748,34.5054,0.6576,0.0678
68,33,car,1121.05,684.31,1150.96,743.06,1136.08,713.7,56.804,35.6851,0.5199,0.0558
68,36,car,644.21,307.97,663.54,350.16,654.33,331.5,32.7165,16.5749,0.5048,2.4334
68,37,person,1127.76,456.94,1137.68,478.23,1131.14,467.85,56.5571,23.3927,0.396,0.8255
68,38,car,1147.75,627.88,1172.2,672.93,1159.95,650.4,57.9975,32.5199,0.5242,0.0213
68,42,person,1340.92,425.76,1361.83,458.8,1350.34,442.82,67.5168,22.1408,0.3526,0.3747
68,43,car,581.68,139.95,602.97,161.98,592.28,151.06,29.6138,7.5531,0.4703,0.0552
68,44,car,588.45,605.87,623.01,637.79,610.11,621.75,30.5055,31.0874,0.4856,2.1813
68,46,car,936.05,462.94,971.18,487.28,953.41,476.47,47.6704,23.8234,0.258,0.6549
68,50,person,647.28,396.77,658.99,421.8,653.42,411.72,32.6709,20.586,0.4455,1.2582
68,51,person,1278.39,576.27,1294.36,602.69,1287.51,590.09,64.3755,29.5045,0.5431,0.6129
68,41,car,761.16,326.53,791.75,366.73,773.69,346.5,38.6844,17.325,0.5219,1.5544
68,53,car,1145.74,1053.18,1170.29,1080.19,1158.05,1066.66,57.9023,53.3332,0.4255,0.026
68,54,car,1166.94,1053.06,1192.56,1078.96,1179.85,1066.02,58.9924,53.3011,0.4694,0.0488
68,55,car,1033.93,673.28,1063.66,719.22,1047.45,694.65,52.3724,34.7324,0.4532,1.0931
68,58,person,1176.57,619.22,1192.51,645.05,1184.64,632.62,59.2321,31.631,0.27,0.2682
68,59,person,1262.6,603.64,1277.05,633.66,1269.79,618.6,63.4893,30.9302,0.431,0.0254
68,61,person,359.44,664.09,367.01,681.21,363.2,672.53,18.1598,33.6267,0.3894,0.0495
68,62,bus,610.38,302.15,633.82,367.77,622.07,335.0,31.1036,16.7502,0.4829,0.0085
68,18,car,626.94,627.18,664.23,668.11,645.43,647.85,32.2714,32.3926,0.481,0.0812
68,64,person,797.63,698.61,809.92,722.03,805.08,710.63,40.2539,35.5315,0.3795,0.8581
68,34,car,610.39,302.18,633.8,367.8,622.07,335.04,31.1035,16.7521,0.4898,0.0124
68,65,car,713.2,281.66,742.54,341.76,727.58,308.57,36.3792,15.4285,0.4726,1.6073
68,66,car,395.68,797.93,430.77,856.9,413.1,827.4,20.6551,41.3699,0.4428,0.0372
68,67,car,592.16,186.49,617.2,222.47,604.93,204.5,30.2467,10.2251,0.31,0.0572
68,68,car,1186.3,931.8,1338.7,1079.78,1262.79,1005.89,63.1395,50.2946,0.4233,0.1885
68,69,car,86.35,627.24,132.44,651.96,110.9,639.55,5.545,31.9777,0.6061,0.8987
68,70,car,1144.7,1007.54,1159.35,1026.68,1152.0,1017.04,57.6,50.852,0.3502,0.0773
68,71,person,1223.76,597.64,1240.17,628.85,1232.92,613.33,61.6461,30.6666,0.3306,0.2884
68,72,person,892.98,461.79,910.48,487.35,901.91,474.14,45.0956,23.707,0.3397,0.1404
68,73,person,1088.88,850.15,1102.46,870.56,1095.48,858.91,54.774,42.9454,0.3401,0.7291
69,1,person,1387.16,433.42,1399.65,461.75,1393.4,447.55,69.6702,22.3777,0.3954,0.0107
69,3,person,1322.97,435.97,1335.04,463.79,1328.94,449.83,66.4472,22.4917,0.3812,0.0101
69,5,person,730.07,632.1,738.52,655.54,734.05,643.04,36.7023,32.1522,0.4821,0.3825
69,7,car,937.37,972.14,990.85,1009.1,963.99,990.65,48.1997,49.5326,0.7129,0.0091
69,8,car,617.85,454.93,667.38,513.27,639.88,487.4,31.9941,24.3698,0.7714,2.0211
69,9,car,638.41,694.81,677.68,745.71,657.99,720.16,32.8994,36.0078,0.7347,0.0456
69,10,car,751.9,665.1,787.7,700.39,769.8,682.74,38.4898,34.1372,0.7435,0.0196
69,11,car,359.6,537.44,421.63,574.72,389.02,556.17,19.4511,27.8084,0.6701,0.8235
69,12,car,488.72,534.67,552.12,586.04,516.65,561.12,25.8325,28.0559,0.6576,2.1023
69,14,car,610.79,350.68,639.1,421.68,625.01,385.4,31.2505,19.2699,0.6992,0.271
69,16,car,395.6,798.27,430.48,857.0,413.1,827.43,20.6552,41.3714,0.659,0.094
69,17,car,1121.26,684.28,1151.01,742.7,1136.09,713.61,56.8045,35.6803,0.5886,0.0335
69,19,car,758.97,246.35,784.16,287.2,771.58,266.7,38.579,13.335,0.383,0.0582
69,20,motorcycle,1100.81,742.01,1115.25,770.99,1109.08,758.8,55.4539,37.9401,0.3742,1.1739
69,21,car,589.11,411.73,624.04,468.44,606.64,439.21,30.332,21.9603,0.6827,0.5887
69,22,person,1076.85,456.28,1089.0,485.93,1082.65,471.44,54.1326,23.5722,0.3239,0.4786
69,25,car,685.36,517.85,716.72,564.6,703.36,543.33,35.1679,27.1664,0.8422,1.535
69,26,person,583.31,584.09,593.28,605.1,587.21,593.6,29.3607,29.6799,0.6127,0.7737
69,27,car,1158.79,971.09,1180.3,990.85,1169.4,980.98,58.47,49.0489,0.5502,0.0467
69,28,car,620.67,455.26,666.79,508.09,640.77,485.36,32.0387,24.268,0.3075,2.568
69,29,motorcycle,647.65,228.01,659.09,258.75,653.72,248.98,32.6858,12.4492,0.4245,2.8105
69,31,person,709.25,678.02,720.61,702.27,714.95,690.13,35.7477,34.5067,0.5984,0.0394
69,33,car,1121.1,684.24,1150.98,743.08,1136.05,713.71,56.8025,35.6855,0.5201,0.0454
69,36,car,644.07,307.23,663.53,353.0,654.2,330.62,32.7098,16.5312,0.5276,1.3279
69,37,person,1128.43,457.1,1138.11,478.1,1131.69,467.8,56.5847,23.3899,0.475,0.8313
69,38,car,1147.81,627.94,1172.3,672.92,1159.97,650.4,57.9984,32.52,0.5117,0.0269
69,42,person,1340.97,426.54,1360.55,458.85,1350.49,442.74,67.5243,22.1369,0.2993,0.2541
69,43,car,581.78,139.93,603.1,161.77,592.3,151.02,29.6152,7.551,0.4624,0.0744
69,44,car,587.12,605.94,621.6,637.78,608.66,621.77,30.4332,31.0886,0.4248,2.1697
69,46,car,935.99,462.98,971.25,488.34,953.51,476.06,47.6753,23.8031,0.3988,0.6254
69,50,person,647.67,396.59,658.91,421.18,653.32,410.96,32.6658,20.5479,0.4186,1.1517
69,51,person,1278.15,576.39,1294.17,602.31,1287.14,589.91,64.3572,29.4955,0.4509,0.6122
69,41,car,761.57,327.33,793.13,367.14,774.63,346.17,38.7313,17.3084,0.4654,1.49
69,53,car,1145.75,1053.22,1170.2,1080.21,1158.05,1066.67,57.9023,53.3336,0.4003,0.0118
69,54,car,1166.98,1053.04,1192.68,1078.9,1179.83,1066.01,58.9914,53.3005,0.5068,0.036
69,55,car,1034.42,674.06,1064.05,719.84,1047.88,695.23,52.3942,34.7616,0.3964,1.0942
69,59,person,1262.69,603.75,1276.98,633.61,1269.8,618.62,63.49,30.9311,0.3957,0.0333
69,61,person,359.51,664.2,367.05,681.19,363.21,672.57,18.1606,33.6284,0.4601,0.0576
69,62,bus,610.41,302.06,633.9,367.82,622.08,334.99,31.104,16.7497,0.4456,0.0183
69,18,car,626.9,627.08,664.19,667.99,645.47,647.79,32.2736,32.3897,0.4489,0.11
69,64,person,797.05,698.56,809.9,721.86,804.61,710.54,40.2303,35.5272,0.3258,0.7214
69,34,car,610.42,302.09,633.88,367.85,622.08,335.03,31.1039,16.7515,0.5157,0.0228
69,65,car,713.48,282.53,742.88,343.37,727.71,309.59,36.3853,15.4797,0.3896,1.547
69,66,car,395.7,798.08,430.67,856.88,413.11,827.42,20.6557,41.3708,0.4852,0.0341
69,67,car,592.18,186.49,617.16,222.48,604.88,204.5,30.2442,10.2252,0.2943,0.0746
69,68,car,1186.26,931.63,1338.8,1079.79,1262.69,1005.84,63.1346,50.2919,0.3865,0.1648
69,69,car,85.33,626.99,132.51,652.06,110.38,639.58,5.5189,31.9791,0.6524,0.7834
69,70,car,1144.76,1007.47,1159.15,1026.6,1151.96,1017.05,57.5982,50.8527,0.306,0.0554
69,71,person,1223.48,597.48,1239.67,628.68,1232.73,613.3,61.6365,30.6648,0.4194,0.2937
69,73,person,1089.9,852.04,1102.39,869.86,1095.61,859.32,54.7807,42.9658,0.2624,0.6444
70,1,person,1387.19,433.56,1399.62,461.78,1393.4,447.57,69.6701,22.3784,0.3472,0.0195
70,3,person,1323.02,436.15,1335.05,463.81,1328.95,449.85,66.4476,22.4926,0.3627,0.0285
70,5,person,730.18,632.39,738.65,655.82,734.12,643.3,36.706,32.1649,0.4389,0.3971
70,7,car,937.43,972.14,990.93,1009.09,964.02,990.65,48.2009,49.5326,0.7136,0.0367
70,8,car,618.7,453.91,668.08,511.64,640.77,486.28,32.0385,24.3141,0.8067,2.1365
70,9,car,638.46,694.79,677.71,745.72,658.0,720.19,32.9,36.0093,0.7373,0.0506
70,10,car,751.89,665.09,787.72,700.42,769.8,682.74,38.4902,34.1368,0.7526,0.016
70,11,car,360.05,537.4,422.3,574.66,389.59,556.14,19.4796,27.8069,0.6476,0.8541
70,12,car,491.49,534.02,553.88,584.79,518.09,560.82,25.9047,28.0409,0.6291,2.2123
70,14,car,610.84,350.7,639.1,422.3,625.0,385.62,31.2499,19.2812,0.648,0.3402
70,16,car,395.63,798.33,430.42,856.96,413.08,827.49,20.6539,41.3743,0.6808,0.0954
70,17,car,1121.3,684.24,1151.04,742.91,1136.1,713.6,56.805,35.68,0.6055,0.0166
70,19,car,759.09,246.35,784.05,287.12,771.57,266.72,38.5787,13.3362,0.4178,0.0371
70,20,motorcycle,1100.45,742.24,1114.89,770.12,1108.72,758.16,55.4359,37.9081,0.4064,1.1023
70,21,car,589.0,411.74,624.03,469.79,606.62,439.71,30.3312,21.9855,0.6493,0.7554
70,22,person,1076.76,456.9,1088.27,485.68,1082.71,471.37,54.1356,23.5683,0.3406,0.1478
70,25,car,684.57,517.07,715.91,563.75,702.58,542.62,35.1289,27.1311,0.7584,1.5805
70,26,person,583.73,584.34,593.22,605.48,587.59,593.9,29.3795,29.6948,0.5732,0.718
70,27,car,1158.93,971.05,1180.35,990.85,1169.45,980.98,58.4724,49.049,0.5243,0.0704
70,28,car,620.49,454.26,667.68,508.39,641.73,484.05,32.0866,24.2027,0.325,2.4297
70,29,motorcycle,647.6,225.73,659.21,256.66,653.63,247.09,32.6813,12.3544,0.3782,2.8481
70,31,person,709.25,678.02,720.6,702.28,714.95,690.15,35.7475,34.5074,0.6058,0.0228
70,33,car,1121.13,684.19,1150.99,743.25,1136.04,713.72,56.8018,35.686,0.5264,0.0278
70,36,car,643.97,306.36,663.54,354.53,654.07,329.75,32.7033,16.4876,0.5012,1.3202
70,37,person,1129.16,457.02,1138.58,477.99,1132.25,467.73,56.6124,23.3867,0.5137,0.8364
70,38,car,1147.84,627.96,1172.34,672.91,1159.99,650.41,57.9994,32.5203,0.5123,0.0316
70,42,person,1340.99,426.98,1359.78,458.87,1350.6,442.69,67.5301,22.1344,0.3005,0.1893
70,43,car,581.85,139.89,603.16,161.66,592.34,150.97,29.617,7.5486,0.4284,0.0911
70,44,car,585.69,605.94,620.19,637.78,607.23,621.8,30.3613,31.0898,0.3288,2.1556
70,46,car,935.87,463.06,971.26,489.61,953.56,475.89,47.6778,23.7944,0.3698,0.271
70,50,person,647.97,396.43,658.87,420.65,653.26,410.24,32.6628,20.5122,0.3742,1.0766
70,51,person,1278.09,576.37,1293.94,602.04,1286.81,589.72,64.3404,29.486,0.4739,0.5787
70,41,car,762.03,328.54,793.7,374.36,775.48,346.77,38.7741,17.3385,0.5049,1.5696
70,53,car,1145.75,1053.23,1170.05,1080.22,1158.03,1066.68,57.9014,53.3341,0.4239,0.0323
70,54,car,1167.0,1053.03,1192.71,1078.93,1179.82,1066.0,58.9911,53.3,0.5533,0.0154
70,55,car,1034.87,674.98,1064.38,720.41,1048.32,695.82,52.4161,34.7911,0.377,1.1031
70,59,person,1262.77,603.8,1276.68,633.6,1269.8,618.64,63.4899,30.9322,0.4391,0.0331
70,61,person,359.57,664.26,367.06,681.24,363.23,672.61,18.1617,33.6304,0.4482,0.068
70,62,bus,610.45,301.98,633.93,368.0,622.09,334.99,31.1047,16.7496,0.4946,0.0207
70,18,car,626.84,627.15,664.09,667.93,645.49,647.74,32.2746,32.3868,0.4095,0.0914
70,64,person,796.37,698.53,809.9,721.73,804.2,710.44,40.2098,35.5221,0.2977,0.6326
70,34,car,610.46,302.01,633.91,367.94,622.09,335.02,31.1046,16.7509,0.4323,0.0273
70,65,car,714.08,283.89,743.35,346.15,727.89,310.77,36.3946,15.5383,0.3787,1.7815
70,66,car,395.72,798.14,430.63,856.86,413.13,827.43,20.6566,41.3714,0.4806,0.0306
70,67,car,592.21,186.49,617.1,222.46,604.83,204.5,30.2415,10.2249,0.2772,0.0819
70,68,car,1186.39,931.59,1338.74,1079.8,1262.61,1005.8,63.1306,50.2901,0.4013,0.1348
70,69,car,84.27,626.9,132.59,652.16,109.91,639.6,5.4955,31.9801,0.6695,0.7038
70,70,car,1144.8,1007.45,1159.05,1026.54,1151.93,1017.05,57.5967,50.8527,0.3294,0.0463
70,71,person,1223.08,598.45,1239.25,628.58,1232.34,613.5,61.6171,30.6751,0.4356,0.6578
70,73,person,1090.47,854.24,1102.4,870.28,1095.75,859.81,54.7875,42.9904,0.3749,0.7648
70,74,car,19.11,518.07,85.61,544.5,52.36,531.28,2.6178,26.5642,0.477,0.0
71,1,person,1387.22,433.46,1399.66,461.75,1393.41,447.57,69.6703,22.3786,0.3557,0.0093
71,3,person,1323.08,436.36,1335.06,463.83,1328.97,449.89,66.4485,22.4943,0.3922,0.0567
71,5,person,730.24,632.59,738.79,656.2,734.21,643.56,36.7103,32.1778,0.5279,0.4066
71,7,car,937.52,972.18,990.98,1009.12,964.06,990.65,48.203,49.5325,0.7222,0.0638
71,8,car,619.6,452.65,668.64,510.91,641.64,485.15,32.082,24.2575,0.7661,2.1418
71,9,car,638.48,694.81,677.73,745.78,658.03,720.22,32.9015,36.0109,0.7329,0.0656
71,10,car,751.88,665.08,787.72,700.44,769.81,682.73,38.4903,34.1367,0.7625,0.0035
71,11,car,360.93,537.62,422.87,574.66,390.17,556.14,19.5084,27.8068,0.6305,0.8654
71,12,car,493.28,533.66,555.55,584.25,519.6,560.45,25.98,28.0226,0.6273,2.3243
71,14,car,610.83,350.69,639.07,422.73,624.99,385.87,31.2493,19.2934,0.6525,0.3659
71,16,car,395.62,798.4,430.42,856.96,413.06,827.54,20.653,41.3771,0.6758,0.0868
71,17,car,1121.29,684.19,1151.03,742.97,1136.11,713.58,56.8055,35.6791,0.609,0.0307
71,19,car,759.06,246.39,784.32,287.32,771.58,266.76,38.5789,13.338,0.4403,0.0533
71,20,motorcycle,1100.06,740.76,1114.45,769.41,1108.35,757.46,55.4173,37.8728,0.3978,1.1969
71,21,car,588.87,411.55,624.03,466.71,606.59,439.82,30.3296,21.991,0.685,0.1726
71,25,car,683.73,516.3,715.2,562.97,701.8,541.89,35.0898,27.0947,0.6311,1.6009
71,26,person,584.03,584.56,593.23,605.88,587.91,594.21,29.3954,29.7107,0.4572,0.6759
71,27,car,1159.04,970.97,1180.4,990.85,1169.51,980.97,58.4753,49.0487,0.5356,0.0891
71,28,car,621.87,453.1,668.41,508.8,642.64,483.01,32.132,24.1507,0.3967,2.0721
71,29,motorcycle,647.3,223.34,658.97,254.66,653.51,245.15,32.6755,12.2573,0.438,2.918
71,31,person,709.27,677.99,720.59,702.3,714.94,690.15,35.7471,34.5075,0.6245,0.0115
71,33,car,1121.13,684.15,1150.97,743.32,1136.03,713.72,56.8015,35.6859,0.5367,0.0086
71,36,car,643.81,305.56,663.48,355.14,653.93,329.37,32.6967,16.4687,0.4498,0.6002
71,37,person,1129.83,457.33,1138.81,478.0,1132.78,467.67,56.6388,23.3837,0.4899,0.7996
71,38,car,1147.86,627.96,1172.39,672.89,1160.01,650.41,58.0006,32.5205,0.5655,0.0362
71,42,person,1340.97,427.38,1359.12,458.86,1350.68,442.66,67.534,22.133,0.3153,0.1235
71,43,car,581.87,139.9,603.19,161.72,592.38,150.93,29.619,7.5467,0.5122,0.0826
71,44,car,584.23,605.92,618.85,637.79,605.8,621.82,30.2899,31.0909,0.3507,2.1438
71,46,car,935.89,463.06,971.27,490.19,953.57,475.96,47.6784,23.798,0.3284,0.1086
71,50,person,648.19,396.38,658.79,420.12,653.24,409.62,32.6618,20.4809,0.2818,0.937
71,51,person,1278.17,576.47,1293.64,601.9,1286.52,589.55,64.326,29.4777,0.551,0.4991
71,41,car,762.7,329.02,794.15,372.14,776.29,347.47,38.8144,17.3733,0.4259,1.5967
71,53,car,1145.72,1053.23,1170.09,1080.23,1158.01,1066.69,57.9006,53.3346,0.4258,0.0293
71,54,car,1167.03,1053.08,1192.83,1078.96,1179.83,1066.0,58.9917,53.3001,0.5123,0.0169
71,55,car,1035.38,675.77,1064.62,721.04,1048.75,696.43,52.4377,34.8216,0.4317,1.1191
71,59,person,1262.83,603.84,1276.64,633.62,1269.79,618.67,63.4894,30.9333,0.4774,0.0359
71,61,person,359.56,664.24,367.09,681.24,363.26,672.64,18.1628,33.6321,0.4115,0.0619
71,62,bus,610.49,301.92,633.93,367.98,622.12,334.98,31.1059,16.7488,0.5047,0.0423
71,18,car,626.85,627.19,664.07,667.91,645.5,647.68,32.275,32.3839,0.4826,0.088
71,64,person,795.79,698.42,809.67,721.59,803.81,710.33,40.1905,35.5167,0.3352,0.6029
71,34,car,610.5,301.94,633.92,367.94,622.12,334.99,31.1058,16.7497,0.4324,0.0488
71,65,car,714.21,285.07,743.67,347.84,728.09,312.03,36.4047,15.6017,0.3143,1.9262
71,66,car,395.74,798.19,430.65,856.85,413.16,827.44,20.658,41.3719,0.4675,0.0444
71,67,car,592.26,186.37,617.18,222.58,604.78,204.49,30.2392,10.2247,0.3274,0.0676
71,68,car,1186.32,931.71,1338.82,1079.81,1262.57,1005.79,63.1287,50.2894,0.4884,0.0599
71,69,car,82.61,627.17,132.29,652.12,109.33,639.59,5.4665,31.9797,0.6331,0.8686
71,70,car,1144.85,1007.68,1158.64,1026.51,1151.89,1017.07,57.5945,50.8533,0.2979,0.0682
71,71,person,1222.59,599.01,1238.6,628.35,1231.9,613.36,61.5951,30.668,0.4796,0.6942
71,74,car,19.15,518.53,86.41,545.32,52.57,531.61,2.6285,26.5803,0.4882,0.5784
71,76,bus,714.16,285.04,743.78,348.54,728.97,316.79,36.4485,15.8394,0.5645,0.0
71,77,car,597.17,256.22,621.27,318.22,609.22,287.22,30.4609,14.3609,0.5012,0.0
72,1,person,1387.22,433.38,1399.66,461.71,1393.41,447.57,69.6706,22.3786,0.3685,0.0085
72,3,person,1323.05,436.53,1335.07,463.89,1328.99,449.93,66.4495,22.4967,0.378,0.0797
72,5,person,730.31,632.66,738.91,656.52,734.3,643.81,36.7149,32.1907,0.6144,0.4127
72,7,car,937.64,972.2,991.05,1009.1,964.12,990.65,48.2062,49.5323,0.7189,0.0942
72,8,car,620.41,451.22,669.23,510.15,642.46,484.01,32.1229,24.2006,0.7808,2.1019
72,9,car,638.5,694.8,677.74,745.79,658.05,720.24,32.9027,36.0122,0.7312,0.0526
72,10,car,751.86,665.07,787.72,700.57,769.8,682.74,38.4901,34.1372,0.7531,0.0144
72,11,car,361.56,537.74,423.4,574.72,390.71,556.15,19.5356,27.8073,0.5848,0.8171
72,12,car,495.36,533.33,556.57,583.69,520.99,560.0,26.0494,28.0,0.677,2.191
72,14,car,610.89,350.68,639.08,422.99,624.98,386.12,31.2488,19.3059,0.6168,0.3752
72,16,car,395.63,798.48,430.4,856.97,413.05,827.59,20.6525,41.3796,0.6551,0.0769
72,17,car,1121.28,684.14,1151.02,742.98,1136.12,713.56,56.806,35.6782,0.6383,0.0326
72,19,car,759.19,246.48,784.15,287.25,771.58,266.78,38.5792,13.3391,0.423,0.0341
72,20,motorcycle,1099.6,739.28,1114.11,768.48,1107.98,756.68,55.3991,37.8342,0.3675,1.2812
72,21,car,588.73,411.68,623.98,468.91,606.54,439.94,30.3272,21.997,0.6773,0.1924
72,25,car,682.91,515.53,714.47,562.11,701.02,541.15,35.0509,27.0576,0.6215,1.613
72,26,person,584.29,584.94,593.23,606.16,588.18,594.54,29.4089,29.7269,0.486,0.6346
72,27,car,1159.07,970.91,1180.33,990.83,1169.56,980.96,58.4778,49.0478,0.5334,0.079
72,28,car,623.17,451.91,669.11,509.05,643.52,482.16,32.1761,24.1078,0.3514,1.8477
72,29,motorcycle,647.1,222.25,658.79,253.21,653.38,243.28,32.6692,12.1642,0.4194,2.7998
72,31,person,709.28,677.98,720.58,702.35,714.94,690.15,35.7468,34.5077,0.6451,0.0095
72,33,car,1121.11,684.11,1150.95,743.34,1136.03,713.71,56.8015,35.6857,0.5303,0.0067
72,36,car,643.72,304.7,663.4,355.12,653.82,329.3,32.691,16.465,0.4892,0.2034
72,37,person,1130.33,457.17,1139.43,478.17,1133.29,467.65,56.6643,23.3825,0.5165,0.7648
72,38,car,1147.88,627.93,1172.42,672.91,1160.04,650.41,58.002,32.5207,0.6104,0.0425
72,42,person,1340.92,427.68,1358.65,458.84,1350.61,442.73,67.5305,22.1364,0.2828,0.1473
72,43,car,581.9,139.9,603.25,161.69,592.42,150.9,29.6212,7.5449,0.5146,0.084
72,44,car,582.7,605.95,617.42,637.82,604.36,621.84,30.2181,31.0921,0.2706,2.1551
72,46,car,935.97,463.06,971.3,490.26,953.57,476.16,47.6783,23.8082,0.3646,0.3048
72,50,person,648.42,396.27,658.74,419.28,653.27,409.05,32.6633,20.4527,0.2794,0.8488
72,51,person,1278.12,576.36,1293.36,601.69,1286.27,589.39,64.3137,29.4693,0.5487,0.4475
72,41,car,762.67,330.12,794.71,378.43,776.99,348.76,38.8496,17.4379,0.5197,2.209
72,53,car,1145.69,1053.2,1170.06,1080.24,1157.98,1066.7,57.899,53.3351,0.3836,0.0495
72,54,car,1166.98,1053.08,1192.81,1079.0,1179.84,1066.01,58.992,53.3005,0.4459,0.0156
72,55,car,1035.79,676.35,1064.79,721.73,1049.16,697.04,52.4581,34.852,0.4276,1.1006
72,59,person,1262.86,603.88,1276.38,633.64,1269.76,618.69,63.488,30.9343,0.5072,0.0515
72,61,person,359.55,664.24,367.11,681.21,363.27,672.67,18.1637,33.6336,0.3847,0.0494
72,62,bus,610.51,301.89,633.94,367.97,622.14,334.96,31.1071,16.7482,0.4936,0.0399
72,18,car,626.9,627.27,664.16,668.01,645.51,647.64,32.2753,32.3819,0.5628,0.0628
72,64,person,795.31,698.22,809.44,721.48,803.44,710.22,40.1722,35.5109,0.46,0.5757
72,34,car,610.52,301.91,633.93,367.95,622.14,334.98,31.107,16.7489,0.4451,0.0438
72,65,car,714.08,286.01,744.18,348.67,728.31,313.3,36.4155,15.665,0.3891,1.9248
72,66,car,395.75,798.22,430.64,856.86,413.18,827.46,20.659,41.3729,0.436,0.0422
72,67,car,592.28,186.4,617.17,222.54,604.74,204.48,30.2371,10.2242,0.3102,0.0646
72,68,car,1186.37,931.72,1338.95,1079.8,1262.56,1005.77,63.1281,50.2885,0.4759,0.0317
72,69,car,81.58,627.33,132.46,652.13,108.78,639.6,5.4388,31.9802,0.6371,0.832
72,70,car,1144.87,1007.7,1158.37,1026.55,1151.85,1017.08,57.5926,50.854,0.2582,0.0596
72,71,person,1222.22,599.86,1237.95,628.42,1231.47,613.41,61.5737,30.6704,0.3814,0.647
72,74,car,19.22,518.61,86.05,545.43,52.59,531.74,2.6296,26.5872,0.5255,0.21
72,76,bus,713.77,285.76,744.44,348.13,729.04,316.87,36.4519,15.8433,0.5259,0.1549
72,77,car,597.15,256.14,621.68,318.25,609.32,287.21,30.4659,14.3603,0.4502,0.1491
73,1,person,1387.27,433.25,1399.73,461.66,1393.43,447.56,69.6714,22.378,0.3401,0.0303
73,3,person,1322.97,436.48,1335.09,463.84,1329.01,449.98,66.4507,22.4992,0.3824,0.0812
73,5,person,729.67,631.87,739.49,656.74,734.38,644.0,36.719,32.2002,0.5672,0.3106
73,7,car,937.77,972.22,991.09,1009.1,964.19,990.65,48.2096,49.5323,0.6866,0.1035
73,8,car,621.16,450.04,669.96,508.9,643.27,482.88,32.1633,24.1439,0.7412,2.0889
73,9,car,638.54,694.79,677.75,745.76,658.07,720.26,32.9037,36.0132,0.7379,0.0423
73,10,car,751.85,665.06,787.79,700.52,769.8,682.75,38.4901,34.1377,0.7708,0.0143
73,12,car,497.51,532.71,557.79,583.3,522.55,559.54,26.1277,27.9768,0.6962,2.4484
73,14,car,610.95,350.65,639.13,422.69,624.98,386.32,31.2488,19.3158,0.6467,0.2959
73,16,car,395.64,798.52,430.42,856.97,413.05,827.64,20.6523,41.382,0.6724,0.0718
73,17,car,1121.25,684.15,1151.03,742.93,1136.13,713.55,56.8066,35.6775,0.6266,0.0246
73,19,car,759.16,246.37,784.08,287.12,771.6,266.78,38.5798,13.3389,0.402,0.0194
73,20,motorcycle,1099.22,738.01,1113.58,767.64,1107.6,755.87,55.3802,37.7934,0.4265,1.3483
73,21,car,588.66,411.6,624.01,466.44,606.52,439.75,30.3261,21.9877,0.6429,0.2797
73,25,car,682.24,514.67,713.71,561.07,700.25,540.36,35.0124,27.0182,0.6711,1.6542
73,26,person,584.6,585.22,593.61,606.4,588.43,594.87,29.4215,29.7433,0.4478,0.6171
73,27,car,1159.07,970.93,1180.32,990.79,1169.59,980.94,58.4797,49.0468,0.5578,0.0655
73,28,car,622.89,450.54,669.85,508.61,644.3,481.36,32.2149,24.068,0.3879,1.6649
73,29,motorcycle,647.4,227.18,658.32,251.51,653.25,241.9,32.6624,12.0949,0.3721,2.0892
73,31,person,709.3,677.99,720.55,702.3,714.93,690.15,35.7466,34.5075,0.6159,0.0099
73,33,car,1121.1,684.12,1150.97,743.35,1136.03,713.71,56.8016,35.6856,0.5443,0.0054
73,36,car,643.67,303.75,663.35,354.83,653.73,329.43,32.6864,16.4714,0.5007,0.2374
73,37,person,1130.9,457.1,1140.18,478.24,1133.82,467.64,56.691,23.3819,0.6195,0.8005
73,38,car,1147.89,627.9,1172.43,672.93,1160.07,650.42,58.0036,32.5209,0.6229,0.0485
73,42,person,1340.95,427.9,1358.32,458.88,1350.44,442.86,67.5222,22.1431,0.3005,0.3175
73,43,car,581.93,139.86,603.29,161.73,592.47,150.86,29.6234,7.5428,0.4425,0.0919
73,46,car,935.99,463.05,971.31,490.16,953.58,476.25,47.6791,23.8125,0.3468,0.1336
73,50,person,648.64,396.29,658.78,419.19,653.36,408.63,32.6679,20.4313,0.3363,0.6575
73,51,person,1277.94,576.23,1293.08,601.42,1286.05,589.24,64.3027,29.462,0.5421,0.394
73,41,car,763.02,331.18,795.14,382.67,777.62,350.42,38.8811,17.5208,0.4756,2.6603
73,53,car,1145.67,1053.18,1169.83,1080.24,1157.93,1066.71,57.8965,53.3354,0.3616,0.0765
73,54,car,1166.91,1053.05,1192.7,1079.0,1179.84,1066.01,58.9919,53.3007,0.484,0.0062
73,55,car,1036.17,677.08,1065.03,722.5,1049.55,697.69,52.4774,34.8847,0.4454,1.1381
73,59,person,1262.89,603.9,1276.35,633.69,1269.74,618.71,63.4869,30.9355,0.4797,0.0481
73,61,person,359.58,664.24,367.09,681.07,363.29,672.69,18.1645,33.6343,0.3754,0.0331
73,62,bus,610.57,301.87,633.92,367.91,622.17,334.95,31.1085,16.7475,0.4808,0.047
73,18,car,626.96,627.29,664.14,668.09,645.52,647.62,32.276,32.3811,0.6146,0.0305
73,64,person,793.75,697.32,808.9,721.35,802.99,710.05,40.1495,35.5023,0.4942,0.7274
73,34,car,610.58,301.89,633.91,367.91,622.17,334.96,31.1084,16.748,0.4689,0.0502
73,65,car,714.06,287.5,744.46,349.68,728.55,314.58,36.4276,15.7292,0.2898,1.9613
73,66,car,395.76,798.29,430.66,856.88,413.2,827.49,20.6598,41.3744,0.4648,0.0517
73,67,car,592.27,186.43,617.2,222.47,604.71,204.47,30.2356,10.2237,0.3061,0.0481
73,68,car,1186.48,931.86,1338.88,1079.84,1262.58,1005.77,63.1289,50.2884,0.4076,0.022
73,69,car,80.3,627.14,132.61,652.19,108.22,639.61,5.4112,31.9805,0.5731,0.8275
73,71,person,1221.58,599.78,1237.58,628.28,1231.03,613.52,61.5516,30.676,0.3259,0.6839
73,74,car,19.35,518.78,85.86,545.25,52.6,531.81,2.6298,26.5905,0.3642,0.1012
73,76,bus,713.65,287.6,745.0,349.24,729.13,317.38,36.4567,15.8692,0.4285,0.7894
73,77,car,597.16,256.22,621.92,318.22,609.39,287.21,30.4696,14.3606,0.3954,0.1105
73,75,car,360.95,537.1,422.63,574.81,391.79,555.96,19.5895,27.7979,0.5744,0.0
73,72,person,894.0,462.9,910.58,488.21,901.97,474.34,45.0983,23.7171,0.524,0.314
74,1,person,1387.32,433.22,1399.74,461.57,1393.45,447.54,69.6723,22.3769,0.3521,0.0417
74,3,person,1322.9,436.49,1335.09,463.77,1329.02,450.03,66.4512,22.5016,0.3653,0.0735
74,5,person,729.99,632.08,739.33,657.08,734.46,644.19,36.7231,32.2096,0.6925,0.3059
74,7,car,937.91,972.26,991.23,1009.11,964.28,990.65,48.2139,49.5325,0.6873,0.1291
74,8,car,622.6,448.9,670.76,507.6,644.13,481.74,32.2065,24.0869,0.3101,2.147
74,9,car,638.55,694.81,677.76,745.77,658.09,720.27,32.9047,36.0137,0.7448,0.0348
74,10,car,751.83,665.08,787.81,700.48,769.8,682.77,38.4902,34.1383,0.7784,0.0192
74,12,car,499.85,532.27,558.67,582.94,524.24,559.06,26.2119,27.9528,0.7356,2.6267
74,14,car,610.96,350.62,639.17,422.54,624.99,386.47,31.2493,19.3236,0.6546,0.237
74,16,car,395.64,798.5,430.43,856.99,413.04,827.68,20.6519,41.3839,0.6615,0.0578
74,17,car,1121.26,684.17,1151.04,742.95,1136.14,713.55,56.8071,35.6774,0.6414,0.0164
74,19,car,759.26,246.29,783.99,287.03,771.62,266.77,38.5808,13.3387,0.4616,0.0293
74,20,motorcycle,1098.77,737.11,1113.24,766.9,1107.22,754.88,55.3612,37.7439,0.3706,1.5903
74,21,car,588.88,411.5,624.1,466.75,606.5,439.63,30.325,21.9814,0.657,0.192
74,25,car,681.48,513.86,712.89,560.4,699.48,539.57,34.9739,26.9787,0.6304,1.6538
74,26,person,584.92,585.4,594.02,606.47,588.68,595.17,29.4341,29.7584,0.4865,0.5903
74,27,car,1159.08,970.97,1180.27,990.78,1169.63,980.92,58.4815,49.046,0.5645,0.0583
74,28,car,623.68,449.24,670.67,507.47,645.06,480.62,32.2529,24.0308,0.7764,1.5953
74,29,motorcycle,647.33,220.95,658.39,249.01,653.14,240.15,32.6572,12.0077,0.3535,2.6218
74,31,person,709.32,678.0,720.55,702.29,714.93,690.15,35.7465,34.5074,0.66,0.003
74,33,car,1121.12,684.15,1150.98,743.46,1136.04,713.72,56.8019,35.6862,0.5256,0.0191
74,36,car,643.57,302.86,663.22,354.36,653.65,329.68,32.6824,16.4842,0.5961,0.3997
74,37,person,1131.41,457.03,1140.7,478.27,1134.38,467.62,56.7189,23.381,0.6231,0.8385
74,38,car,1147.88,627.87,1172.45,672.96,1160.1,650.42,58.0052,32.521,0.6147,0.047
74,42,person,1340.95,428.06,1358.05,458.91,1350.21,443.02,67.5106,22.1511,0.3144,0.4242
74,43,car,581.95,139.88,603.3,161.74,592.52,150.83,29.6258,7.5414,0.47,0.0823
74,46,car,936.06,463.0,971.34,489.73,953.62,476.19,47.6812,23.8097,0.3778,0.1059
74,50,person,647.9,394.92,658.63,418.81,653.41,408.19,32.6707,20.4096,0.3389,0.6559
74,51,person,1277.63,576.08,1292.84,601.23,1285.85,589.1,64.2925,29.4552,0.5152,0.3694
74,41,car,763.12,331.61,795.64,385.7,778.18,352.25,38.9089,17.6124,0.5139,2.872
74,53,car,1145.66,1053.17,1169.64,1080.24,1157.87,1066.71,57.8933,53.3356,0.3495,0.0949
74,54,car,1166.87,1053.03,1192.59,1079.01,1179.83,1066.01,58.9913,53.3005,0.4853,0.0174
74,55,car,1036.57,677.8,1065.25,723.26,1049.92,698.38,52.4961,34.9189,0.2541,1.1707
74,59,person,1262.88,603.94,1276.16,633.71,1269.7,618.73,63.4849,30.9367,0.5236,0.0714
74,61,person,359.59,664.22,367.09,680.97,363.31,672.69,18.1653,33.6343,0.4025,0.0249
74,62,bus,610.61,301.85,633.93,367.91,622.2,334.94,31.1099,16.7468,0.4753,0.0488
74,18,car,626.97,627.39,664.11,668.09,645.52,647.62,32.2762,32.381,0.5522,0.0085
74,64,person,793.75,697.38,807.96,721.16,802.52,709.87,40.1262,35.4937,0.636,0.7446
74,34,car,610.62,301.87,633.91,367.91,622.2,334.94,31.1098,16.7471,0.4667,0.0513
74,65,car,714.21,288.8,745.23,351.23,728.83,316.01,36.4415,15.8005,0.4461,2.1801
74,66,car,395.74,798.33,430.68,856.9,413.2,827.52,20.66,41.3762,0.4843,0.0529
74,67,car,592.27,186.36,617.46,222.71,604.72,204.48,30.2361,10.2241,0.357,0.0176
74,68,car,1186.58,931.97,1338.81,1079.85,1262.6,1005.78,63.13,50.2892,0.3948,0.0427
74,69,car,79.52,627.27,132.81,652.28,107.69,639.64,5.3846,31.9819,0.2821,0.8008
74,71,person,1221.19,598.72,1237.12,628.77,1230.59,613.63,61.5295,30.6817,0.3902,0.6848
74,74,car,19.39,518.92,85.86,545.14,52.6,531.85,2.63,26.5927,0.3785,0.0658
74,76,bus,713.86,288.92,745.79,350.89,729.31,318.01,36.4654,15.9007,0.4229,0.9806
74,77,car,597.15,256.22,621.87,318.2,609.42,287.21,30.471,14.3606,0.4348,0.0445
74,75,car,360.61,537.31,423.24,575.1,391.86,556.08,19.5928,27.804,0.5799,0.2091
74,72,person,894.27,463.37,910.72,488.82,902.04,474.78,45.1018,23.7388,0.5836,0.6565
75,1,person,1387.34,433.24,1399.77,461.53,1393.47,447.52,69.6734,22.376,0.3672,0.0427
75,3,person,1322.86,436.42,1335.11,463.74,1329.03,450.08,66.4513,22.5039,0.3797,0.0689
75,5,person,730.2,632.28,739.26,657.36,734.54,644.37,36.7272,32.2187,0.6963,0.2995
75,7,car,937.96,972.21,991.28,1009.05,964.36,990.65,48.2179,49.5323,0.6824,0.1214
75,8,car,623.15,447.82,671.29,506.65,644.92,480.61,32.2458,24.0307,0.7733,2.0559
75,9,car,638.53,694.79,677.75,745.78,658.11,720.28,32.9057,36.014,0.7386,0.0305
75,10,car,751.81,665.09,787.8,700.42,769.8,682.77,38.4902,34.1387,0.7696,0.0111
75,12,car,502.23,531.31,560.51,577.81,525.97,558.2,26.2983,27.9099,0.7145,2.8939
75,14,car,610.95,350.57,639.19,422.23,625.0,386.55,31.2501,19.3277,0.6826,0.1227
75,16,car,395.62,798.48,430.43,856.98,413.03,827.7,20.6514,41.3851,0.6678,0.0384
75,17,car,1121.27,684.19,1151.05,742.91,1136.15,713.55,56.8076,35.6775,0.6738,0.0158
75,19,car,759.38,246.21,783.7,286.82,771.61,266.74,38.5805,13.3368,0.5095,0.0581
75,20,motorcycle,1098.48,736.41,1112.87,766.14,1106.84,753.97,55.3421,37.6983,0.4206,1.484
75,21,car,588.78,411.39,624.24,466.46,606.46,439.62,30.323,21.981,0.6528,0.0606
75,25,car,680.75,512.99,712.11,559.46,698.72,538.76,34.9358,26.9379,0.6338,1.6733
75,26,person,585.32,585.53,594.55,606.49,588.95,595.43,29.4476,29.7717,0.4563,0.5692
75,27,car,1159.13,971.01,1180.27,990.73,1169.67,980.9,58.4834,49.0451,0.5528,0.0642
75,28,car,625.14,448.25,671.18,507.04,645.83,480.0,32.2914,24.0,0.3367,1.4793
75,29,motorcycle,647.17,217.13,658.47,247.13,653.06,238.25,32.6528,11.9127,0.3176,2.8531
75,31,person,709.33,678.0,720.55,702.27,714.93,690.15,35.7465,34.5074,0.6355,0.0016
75,33,car,1121.14,684.16,1150.99,743.29,1136.05,713.73,56.8024,35.6864,0.5304,0.0154
75,36,car,643.41,302.04,663.08,353.65,653.56,329.51,32.6779,16.4754,0.6274,0.294
75,37,person,1131.92,456.98,1141.13,478.24,1134.92,467.62,56.7461,23.3812,0.5324,0.8157
75,38,car,1147.88,627.87,1172.47,672.98,1160.13,650.42,58.0066,32.5211,0.6013,0.0424
75,42,person,1340.93,428.07,1357.95,458.98,1349.94,443.2,67.4968,22.1599,0.3134,0.4922
75,43,car,581.99,139.89,603.31,161.79,592.56,150.81,29.6281,7.5405,0.467,0.0743
75,46,car,936.07,463.0,971.35,489.7,953.64,476.37,47.6819,23.8186,0.3529,0.2671
75,50,person,648.36,394.87,658.54,418.41,653.46,407.81,32.6729,20.3907,0.2941,0.5707
75,51,person,1277.32,576.22,1292.67,601.19,1285.65,588.99,64.2826,29.4497,0.4864,0.3397
75,41,car,763.34,331.94,796.16,387.77,778.65,354.14,38.9325,17.7069,0.5927,2.9212
75,53,car,1145.65,1053.11,1169.54,1080.24,1157.81,1066.71,57.8903,53.3355,0.3297,0.0899
75,54,car,1166.86,1053.07,1192.5,1079.01,1179.82,1066.01,58.9908,53.3007,0.4777,0.0158
75,55,car,1036.9,678.44,1065.61,724.26,1050.27,699.11,52.5137,34.9554,0.456,1.214
75,59,person,1262.89,603.96,1276.14,633.71,1269.65,618.76,63.4827,30.938,0.498,0.0764
75,61,person,359.57,664.09,367.06,680.93,363.32,672.67,18.166,33.6334,0.4019,0.0356
75,62,bus,610.62,301.83,633.94,368.06,622.22,334.93,31.1112,16.7466,0.3904,0.0396
75,18,car,627.03,627.45,664.14,668.11,645.52,647.64,32.2762,32.382,0.5346,0.0284
75,64,person,793.58,697.43,806.68,720.94,802.0,709.71,40.1002,35.4855,0.6556,0.818
75,34,car,610.63,301.84,633.93,367.93,622.22,334.93,31.1112,16.7464,0.5302,0.0453
75,65,car,714.31,289.85,746.07,352.92,729.16,317.39,36.4581,15.8697,0.5261,2.1326
75,66,car,395.74,798.27,430.67,856.88,413.2,827.55,20.6599,41.3773,0.4437,0.0347
75,67,car,592.3,186.23,617.87,223.12,604.78,204.51,30.239,10.2255,0.4422,0.0963
75,68,car,1186.71,932.04,1338.69,1079.84,1262.63,1005.8,63.1315,50.2902,0.3664,0.0536
75,69,car,78.31,627.35,132.78,652.02,107.14,639.65,5.3571,31.9825,0.3833,0.8252
75,71,person,1220.84,597.94,1236.61,629.58,1230.13,613.71,61.5063,30.6853,0.4472,0.7035
75,74,car,19.3,518.84,86.04,545.34,52.61,531.89,2.6306,26.5947,0.3709,0.0617
75,76,bus,713.98,289.85,746.67,352.97,729.51,318.69,36.4755,15.9347,0.4041,1.064
75,77,car,597.05,256.2,621.81,318.26,609.42,287.21,30.4711,14.3607,0.4474,0.0056
75,75,car,360.71,537.47,424.4,575.25,392.09,556.17,19.6045,27.8087,0.5967,0.3762
75,72,person,894.57,463.42,910.76,489.55,902.13,475.16,45.1063,23.7579,0.517,0.5917
76,1,person,1387.33,433.29,1399.77,461.53,1393.49,447.49,69.6744,22.3747,0.3456,0.049
76,3,person,1322.87,436.55,1335.08,463.72,1329.02,450.11,66.4511,22.5057,0.3561,0.0557
76,5,person,730.3,632.36,739.24,657.63,734.61,644.54,36.7306,32.2271,0.6625,0.2728
76,7,car,937.89,972.11,991.26,1008.98,964.42,990.63,48.2212,49.5317,0.6538,0.1007
76,8,car,623.87,446.8,671.82,505.63,645.66,479.49,32.2832,23.9744,0.8215,2.0278
76,9,car,638.51,694.72,677.79,745.76,658.13,720.28,32.9065,36.0138,0.7545,0.0225
76,10,car,751.8,665.06,787.79,700.36,769.8,682.77,38.4902,34.1384,0.7563,0.0068
76,12,car,504.24,530.77,561.85,579.55,527.77,557.46,26.3885,27.8728,0.6663,2.9248
76,14,car,610.94,350.56,639.26,421.9,625.02,386.56,31.2512,19.328,0.6401,0.0348
76,16,car,395.64,798.44,430.44,856.95,413.03,827.71,20.6513,41.3855,0.694,0.013
76,17,car,1121.28,684.17,1151.06,742.67,1136.16,713.54,56.8079,35.677,0.6724,0.0166
76,19,car,759.43,246.29,783.62,286.8,771.61,266.7,38.5803,13.3351,0.4936,0.0509
76,20,motorcycle,1098.05,735.64,1112.58,765.57,1106.45,753.12,55.3227,37.6561,0.4246,1.3911
76,21,car,588.74,411.33,624.16,464.56,606.44,439.32,30.3221,21.9658,0.6659,0.4591
76,25,car,679.31,512.31,711.47,558.62,697.91,537.94,34.8955,26.8968,0.5409,1.7283
76,26,person,585.67,585.75,595.17,606.38,589.26,595.64,29.4628,29.7821,0.3448,0.5532
76,27,car,1159.16,970.99,1180.28,990.63,1169.69,980.88,58.4847,49.0439,0.5355,0.0511
76,28,car,626.33,447.09,671.79,506.03,646.59,479.27,32.3295,23.9635,0.3219,1.5832
76,29,motorcycle,646.93,214.75,658.47,245.63,652.96,236.37,32.648,11.8184,0.3221,2.8307
76,31,person,709.34,677.91,720.55,702.16,714.93,690.13,35.7466,34.5066,0.5902,0.0241
76,33,car,1121.16,684.15,1150.99,743.16,1136.05,713.73,56.8026,35.6864,0.5112,0.0076
76,36,car,643.35,300.74,662.73,346.62,653.45,328.59,32.6725,16.4295,0.5732,1.3888
76,37,person,1132.44,457.08,1141.34,478.09,1135.44,467.62,56.772,23.3811,0.4246,0.7753
76,38,car,1147.86,627.89,1172.48,672.95,1160.15,650.42,58.0074,32.5211,0.5394,0.0242
76,42,person,1340.9,428.09,1357.9,459.02,1349.74,443.32,67.4871,22.1661,0.292,0.3448
76,43,car,582.01,139.84,603.28,161.72,592.59,150.8,29.6296,7.5401,0.4224,0.0471
76,46,car,936.13,462.99,971.36,489.54,953.66,476.46,47.6828,23.8229,0.4666,0.1325
76,50,person,648.53,394.59,658.19,418.05,653.47,407.45,32.6734,20.3724,0.2611,0.5499
76,51,person,1276.94,576.94,1292.41,601.17,1285.44,588.95,64.272,29.4476,0.386,0.3247
76,41,car,763.68,332.07,796.9,389.31,779.07,356.06,38.9535,17.8031,0.6204,2.952
76,53,car,1145.67,1053.04,1169.63,1080.24,1157.76,1066.7,57.888,53.335,0.3662,0.0721
76,54,car,1166.78,1052.96,1192.37,1079.02,1179.78,1066.02,58.989,53.3008,0.4743,0.0546
76,55,car,1037.27,678.91,1065.9,724.83,1050.61,699.81,52.5305,34.9905,0.2888,1.1686
76,59,person,1262.89,603.9,1276.18,633.72,1269.61,618.78,63.4806,30.9389,0.5229,0.0696
76,61,person,359.54,663.95,367.11,680.94,363.33,672.63,18.1663,33.6316,0.3773,0.0537
76,62,bus,610.64,301.78,633.97,368.03,622.25,334.93,31.1123,16.7464,0.4369,0.0324
76,18,car,627.09,627.45,664.1,668.11,645.53,647.67,32.2766,32.3837,0.4784,0.054
76,64,person,792.36,697.08,805.56,720.92,801.36,709.54,40.0679,35.4769,0.5645,1.0017
76,34,car,610.65,301.8,633.95,367.95,622.24,334.91,31.1122,16.7457,0.4855,0.0373
76,65,car,714.4,290.67,746.79,355.11,729.51,318.81,36.4754,15.9407,0.4519,2.1921
76,66,car,395.76,798.19,430.69,856.85,413.2,827.55,20.6601,41.3776,0.4446,0.012
76,67,car,592.31,186.39,618.24,223.61,604.87,204.58,30.2433,10.2292,0.4544,0.1702
76,68,car,1186.68,931.96,1339.03,1079.87,1262.68,1005.83,63.1338,50.2917,0.4178,0.0812
76,69,car,77.14,627.32,132.7,651.75,106.57,639.65,5.3285,31.9826,0.3922,0.8574
76,71,person,1220.37,598.34,1235.93,629.35,1229.64,613.82,61.4818,30.6908,0.5243,0.7515
76,74,car,19.33,518.47,85.15,545.24,52.56,531.89,2.628,26.5944,0.3975,0.0804
76,76,bus,714.07,290.5,747.38,355.35,729.71,319.4,36.4856,15.97,0.5626,1.1005
76,77,car,597.08,255.65,621.71,318.29,609.42,287.17,30.4709,14.3587,0.4835,0.0614
76,75,car,361.16,537.61,425.63,575.36,392.42,556.25,19.6209,27.8126,0.5697,0.5048
76,78,person,1065.19,442.53,1073.64,461.42,1069.41,451.98,53.4707,22.5989,0.4487,0.0
77,1,person,1387.33,433.31,1399.82,461.53,1393.51,447.46,69.6756,22.373,0.3869,0.0639
77,3,person,1322.87,436.54,1335.08,463.65,1329.01,450.13,66.4507,22.5065,0.3727,0.0275
77,5,person,730.44,632.49,739.37,657.86,734.68,644.69,36.7341,32.2347,0.654,0.2519
77,7,car,937.82,972.03,991.2,1008.92,964.47,990.61,48.2236,49.5307,0.6675,0.0767
77,8,car,625.11,445.46,672.38,504.33,646.43,478.36,32.3214,23.9181,0.7974,2.0406
77,9,car,638.5,694.64,677.77,745.72,658.14,720.26,32.9068,36.0132,0.7476,0.0199
77,10,car,751.77,665.04,787.75,700.4,769.8,682.76,38.4899,34.1382,0.7603,0.0129
77,12,car,506.57,529.6,563.16,575.33,529.51,556.47,26.4755,27.8233,0.653,3.0046
77,14,car,610.95,350.48,639.29,421.38,625.05,386.48,31.2523,19.3239,0.6461,0.127
77,16,car,395.69,798.29,430.52,856.89,413.04,827.7,20.652,41.3851,0.3946,0.0219
77,17,car,1121.3,684.18,1151.06,742.71,1136.16,713.52,56.8079,35.6761,0.671,0.0282
77,19,car,759.42,246.3,783.64,286.83,771.6,266.68,38.58,13.3339,0.4628,0.037
77,20,motorcycle,1097.67,734.98,1112.27,764.91,1106.07,752.23,55.3034,37.6116,0.4812,1.4566
77,21,car,588.95,411.27,624.2,464.35,606.45,438.89,30.3226,21.9447,0.669,0.6331
77,25,car,678.81,511.48,710.61,554.48,697.12,536.87,34.856,26.8437,0.6161,1.9845
77,26,person,586.1,585.82,595.89,606.35,589.62,595.81,29.4808,29.7906,0.3808,0.5968
77,27,car,1159.2,970.94,1180.25,990.6,1169.71,980.85,58.4853,49.0427,0.5472,0.0428
77,28,car,627.5,445.78,672.27,501.01,647.42,478.14,32.3709,23.9069,0.3785,2.105
77,29,motorcycle,647.21,221.71,657.84,244.21,652.83,235.19,32.6417,11.7596,0.3518,1.7744
77,31,person,709.36,677.85,720.56,702.07,714.94,690.1,35.7469,34.5052,0.5801,0.0414
77,33,car,1121.17,684.14,1150.98,743.21,1136.05,713.72,56.8027,35.6861,0.5052,0.01
77,36,car,643.23,299.44,662.43,341.81,653.32,327.19,32.6659,16.3593,0.5749,2.1136
77,37,person,1133.01,457.17,1141.76,477.83,1135.94,467.62,56.7971,23.3811,0.3767,0.754
77,38,car,1147.84,627.91,1172.48,672.9,1160.16,650.42,58.0079,32.5209,0.5732,0.0157
77,42,person,1340.99,428.02,1357.93,458.96,1349.61,443.4,67.4805,22.1702,0.3235,0.2321
77,43,car,582.02,139.72,603.24,161.74,592.61,150.79,29.6305,7.5397,0.4608,0.0287
77,46,car,936.23,462.85,971.41,489.14,953.69,476.41,47.6846,23.8205,0.4836,0.0907
77,50,person,648.7,393.92,657.97,417.51,653.46,407.04,32.6728,20.3522,0.2759,0.606
77,51,person,1276.39,577.07,1292.23,601.24,1285.2,588.95,64.2598,29.4473,0.526,0.3655
77,41,car,764.07,332.78,797.63,390.62,779.5,357.53,38.9748,17.8763,0.5407,2.2878
77,53,car,1145.71,1053.02,1169.73,1080.23,1157.73,1066.69,57.8867,53.3343,0.3789,0.0437
77,54,car,1166.74,1052.89,1192.27,1079.03,1179.73,1066.01,58.9865,53.3006,0.4443,0.0759
77,55,car,1037.53,679.52,1066.22,725.55,1050.93,700.5,52.5465,35.0251,0.5132,1.1436
77,59,person,1262.88,603.77,1276.28,633.68,1269.59,618.78,63.4795,30.9391,0.5317,0.0319
77,61,person,359.52,663.86,367.08,680.99,363.32,672.59,18.1662,33.6293,0.3964,0.0699
77,62,bus,610.64,301.69,633.98,367.96,622.26,334.9,31.1131,16.7452,0.414,0.0436
77,18,car,627.09,627.42,664.17,668.12,645.56,647.71,32.2778,32.3854,0.4729,0.0614
77,64,person,792.09,697.17,804.41,720.93,800.66,709.38,40.033,35.4692,0.536,1.0724
77,34,car,610.65,301.71,633.96,367.91,622.26,334.89,31.1131,16.7445,0.5332,0.0433
77,65,car,714.56,291.42,747.3,357.2,729.82,320.14,36.4912,16.007,0.4863,2.0462
77,66,car,395.76,798.14,430.67,856.86,413.21,827.55,20.6604,41.3776,0.6659,0.0086
77,67,car,592.32,186.6,618.66,224.41,604.98,204.73,30.2492,10.2366,0.4653,0.2849
77,68,car,1186.71,931.94,1339.18,1079.87,1262.73,1005.86,63.1365,50.2932,0.416,0.0936
77,69,car,75.92,627.43,132.34,651.7,105.96,639.66,5.2978,31.9829,0.4222,0.9215
77,71,person,1219.74,598.5,1235.42,629.22,1229.12,613.87,61.4562,30.6933,0.5759,0.7717
77,74,car,19.29,518.27,84.55,544.98,52.5,531.94,2.6248,26.5968,0.3935,0.1184
77,76,bus,714.23,291.14,747.81,357.53,729.9,320.1,36.495,16.0052,0.5053,1.0937
77,77,car,597.14,255.5,621.67,318.2,609.42,287.13,30.4708,14.3564,0.4502,0.0698
77,78,person,1065.22,442.69,1073.52,461.39,1069.39,452.01,53.4696,22.6005,0.4188,0.0592
77,79,person,895.48,468.93,905.04,491.69,900.26,480.31,45.013,24.0156,0.3386,0.0
77,11,car,363.74,537.81,426.06,574.74,391.53,556.15,19.5763,27.8076,0.6048,1.2205
78,1,person,1387.32,432.69,1399.83,462.37,1393.53,447.45,69.6766,22.3724,0.3781,0.0329
78,3,person,1322.91,436.41,1335.13,463.59,1329.01,450.12,66.4503,22.5058,0.3914,0.0227
78,5,person,730.54,632.67,739.52,658.22,734.76,644.84,36.7378,32.2422,0.6107,0.2502
78,7,car,937.72,972.04,991.28,1008.98,964.51,990.59,48.2254,49.5297,0.6524,0.0613
78,8,car,626.07,444.2,673.0,503.52,647.2,477.23,32.36,23.8615,0.7387,2.0555
78,9,car,638.5,694.61,677.76,745.66,658.14,720.24,32.907,36.0121,0.7351,0.0341
78,10,car,751.77,665.0,787.64,700.42,769.78,682.76,38.4892,34.1378,0.7091,0.0226
78,12,car,509.19,529.07,565.03,572.44,531.32,555.29,26.5661,27.7647,0.681,3.2379
78,14,car,610.97,350.42,639.32,421.17,625.07,386.35,31.2537,19.3174,0.62,0.2002
78,16,car,395.68,798.22,430.56,856.89,413.05,827.68,20.6527,41.3842,0.6559,0.0346
78,17,car,1121.32,684.19,1151.06,742.91,1136.16,713.52,56.8081,35.6758,0.6482,0.0087
78,19,car,759.32,246.17,783.62,286.81,771.57,266.63,38.5784,13.3313,0.4856,0.0919
78,20,motorcycle,1097.29,734.19,1112.03,764.06,1105.7,751.38,55.2849,37.569,0.5008,1.3934
78,21,car,588.93,411.22,624.16,463.36,606.46,438.63,30.3232,21.9315,0.6615,0.3953
78,25,car,678.15,510.87,709.75,554.63,696.33,535.89,34.8166,26.7946,0.6327,1.89
78,26,person,586.56,585.97,596.86,606.44,590.06,595.95,29.5029,29.7976,0.3456,0.6942
78,27,car,1159.33,970.92,1180.29,990.6,1169.72,980.83,58.4859,49.0416,0.5444,0.0369
78,28,car,628.62,444.36,672.97,500.53,648.23,476.92,32.4113,23.8461,0.2984,2.189
78,29,motorcycle,647.04,214.17,658.18,242.03,652.76,233.63,32.638,11.6817,0.3241,2.3396
78,31,person,709.37,677.83,720.57,702.08,714.94,690.08,35.7472,34.5039,0.5243,0.0409
78,33,car,1121.21,684.14,1150.98,743.36,1136.06,713.72,56.803,35.6862,0.5091,0.0098
78,36,car,643.08,298.52,662.23,338.49,653.18,325.49,32.6588,16.2747,0.5495,2.5478
78,37,person,1133.68,457.37,1142.62,477.8,1136.49,467.61,56.8245,23.3805,0.3346,0.8211
78,38,car,1147.82,627.93,1172.48,672.87,1160.16,650.41,58.008,32.5207,0.6044,0.008
78,42,person,1341.15,427.07,1359.65,458.88,1349.66,443.38,67.483,22.1691,0.3067,0.0828
78,43,car,582.01,139.71,603.19,161.84,592.62,150.79,29.631,7.5395,0.4942,0.0162
78,46,car,936.29,462.8,971.45,488.98,953.73,476.3,47.6867,23.8152,0.4358,0.17
78,50,person,648.74,393.1,657.86,417.09,653.43,406.59,32.6714,20.3296,0.266,0.6777
78,51,person,1275.79,576.82,1291.94,601.63,1284.9,588.95,64.2452,29.4475,0.5445,0.4371
78,41,car,764.62,334.03,798.39,387.12,779.94,358.95,38.9968,17.9477,0.4445,2.2414
78,53,car,1145.7,1053.02,1169.84,1080.22,1157.72,1066.67,57.8858,53.3335,0.4002,0.0365
78,54,car,1166.7,1052.91,1192.18,1079.0,1179.66,1066.0,58.983,53.3002,0.48,0.1062
78,55,car,1037.9,680.29,1066.7,726.24,1051.26,701.2,52.5629,35.0599,0.4794,1.1525
78,59,person,1262.89,603.78,1276.36,633.68,1269.57,618.78,63.4787,30.9391,0.5541,0.0246
78,61,person,359.51,663.85,367.09,680.95,363.32,672.54,18.166,33.6268,0.3944,0.0733
78,62,bus,610.66,301.7,633.95,367.92,622.28,334.88,31.1138,16.7442,0.4697,0.0364
78,18,car,627.17,627.35,664.34,668.05,645.6,647.73,32.2799,32.3865,0.4887,0.0711
78,64,person,791.68,697.15,802.97,720.97,799.89,709.25,39.9944,35.4625,0.5302,1.1763
78,34,car,610.67,301.72,633.94,367.89,622.27,334.87,31.1137,16.7435,0.4853,0.0366
78,65,car,714.76,292.67,747.62,359.18,730.14,321.49,36.5072,16.0746,0.4191,2.085
78,66,car,395.74,798.12,430.65,856.82,413.21,827.55,20.6604,41.3773,0.3683,0.0106
78,67,car,592.32,186.58,618.7,224.75,605.1,204.9,30.2549,10.2451,0.2595,0.3062
78,68,car,1186.78,932.07,1339.09,1079.85,1262.78,1005.89,63.1391,50.2947,0.4179,0.0893
78,69,car,74.51,627.29,132.44,651.61,105.39,639.63,5.2693,31.9814,0.4323,0.8536
78,71,person,1219.29,598.63,1235.01,629.19,1228.63,613.9,61.4316,30.6949,0.601,0.7403
78,74,car,19.3,518.15,83.77,544.75,52.32,531.87,2.6159,26.5934,0.2862,0.2867
78,76,bus,714.52,292.43,748.03,359.45,730.23,321.41,36.5114,16.0706,0.6394,2.0221
78,77,car,597.23,255.39,621.73,318.16,609.45,287.06,30.4727,14.3532,0.4445,0.1106
78,78,person,1065.26,442.68,1073.47,461.32,1069.38,452.01,53.4691,22.6003,0.4222,0.0171
78,79,person,895.92,471.41,904.71,491.8,900.29,480.96,45.0145,24.048,0.378,0.971
78,80,car,1526.89,483.23,1550.67,501.04,1538.78,492.13,76.939,24.6067,0.3452,0.0
78,11,car,363.85,537.81,426.19,574.85,392.31,556.17,19.6155,27.8086,0.6081,1.1763
78,72,person,895.67,465.09,910.94,490.66,902.31,475.68,45.1157,23.7842,0.5056,0.8366
79,1,person,1387.35,433.0,1399.83,462.07,1393.55,447.45,69.6776,22.3723,0.3953,0.0331
79,3,person,1323.03,436.29,1335.14,463.63,1329.01,450.08,66.4505,22.5041,0.4061,0.053
79,5,person,730.6,632.91,739.71,658.68,734.83,645.02,36.7417,32.2508,0.651,0.2835
79,7,car,937.6,972.1,991.39,1009.09,964.53,990.59,48.2264,49.5293,0.7132,0.0333
79,8,car,626.8,442.81,673.6,502.01,647.97,476.05,32.3985,23.8024,0.7057,2.1159
79,9,car,638.5,694.59,677.76,745.59,658.14,720.21,32.9071,36.0107,0.7341,0.0437
79,10,car,751.82,665.06,787.58,700.5,769.77,682.75,38.4886,34.1375,0.7327,0.0214
79,12,car,512.01,528.49,566.6,569.37,533.23,553.92,26.6615,27.6962,0.6232,3.5204
79,14,car,610.97,350.41,639.35,421.62,625.1,386.23,31.2549,19.3115,0.6555,0.1806
79,16,car,395.71,798.32,430.51,856.97,413.07,827.67,20.6533,41.3836,0.6642,0.0264
79,17,car,1121.36,684.15,1151.09,742.88,1136.17,713.51,56.8087,35.6755,0.6664,0.0188
79,19,car,759.33,246.14,783.71,286.78,771.55,266.57,38.5773,13.3284,0.5016,0.0916
79,20,motorcycle,1097.02,733.29,1111.69,763.28,1105.34,750.58,55.267,37.529,0.4277,1.3133
79,21,car,588.84,410.78,624.43,462.25,606.51,438.09,30.3253,21.9045,0.6345,0.8129
79,25,car,677.12,510.15,709.14,554.49,695.54,534.96,34.7769,26.7482,0.6334,1.8322
79,26,person,586.92,586.13,597.85,606.74,590.57,596.08,29.5287,29.8039,0.3476,0.7994
79,27,car,1159.34,970.86,1180.44,990.66,1169.75,980.82,58.4873,49.0408,0.564,0.0476
79,28,car,629.57,443.13,673.55,501.03,649.0,475.72,32.45,23.7861,0.3427,2.1426
79,29,motorcycle,647.06,210.05,658.31,240.29,652.72,231.84,32.6362,11.592,0.2985,2.6929
79,31,person,709.38,677.81,720.58,702.09,714.95,690.05,35.7475,34.5024,0.5371,0.0474
79,33,car,1121.27,684.08,1150.99,743.32,1136.07,713.72,56.8037,35.686,0.4769,0.0222
79,36,car,643.03,297.91,662.37,342.13,653.05,324.08,32.6526,16.2041,0.5137,2.1267
79,37,person,1134.17,457.32,1143.63,477.78,1137.06,467.59,56.8532,23.3796,0.3342,0.8618
79,38,car,1147.81,627.95,1172.53,672.87,1160.16,650.41,58.0082,32.5206,0.636,0.0053
79,42,person,1341.17,427.34,1359.19,458.88,1349.72,443.36,67.4858,22.1681,0.2952,0.0899
79,43,car,582.0,139.69,603.17,162.01,592.62,150.8,29.6311,7.5399,0.4965,0.0118
79,46,car,936.35,462.8,971.51,488.78,953.78,476.18,47.6888,23.809,0.3856,0.1975
79,51,person,1275.2,575.83,1291.6,601.78,1284.57,588.92,64.2285,29.4459,0.5235,0.5043
79,41,car,764.95,335.06,799.15,390.26,780.42,360.15,39.0208,18.0076,0.4521,1.9351
79,53,car,1145.69,1052.97,1169.84,1080.21,1157.7,1066.65,57.885,53.3326,0.4171,0.0357
79,54,car,1166.7,1052.88,1192.26,1078.96,1179.6,1065.99,58.9801,53.2993,0.5141,0.0916
79,55,car,1038.3,681.19,1067.19,726.81,1051.61,701.91,52.5805,35.0953,0.4163,1.1867
79,59,person,1262.84,603.85,1276.59,633.69,1269.59,618.78,63.4794,30.9392,0.5238,0.0207
79,61,person,359.5,663.87,367.1,680.9,363.31,672.49,18.1657,33.6244,0.4258,0.0729
79,62,bus,610.65,301.68,633.98,367.96,622.29,334.87,31.1144,16.7434,0.3565,0.0304
79,18,car,627.13,627.38,664.33,668.07,645.63,647.74,32.2813,32.3871,0.51,0.0469
79,64,person,791.23,697.0,802.1,720.85,799.07,709.12,39.9536,35.4559,0.5501,1.2401
79,34,car,610.66,301.7,633.97,367.94,622.29,334.85,31.1144,16.7427,0.5382,0.031
79,65,car,714.98,293.91,747.79,360.8,730.47,322.92,36.5233,16.1461,0.4566,2.1992
79,66,car,395.79,798.15,430.62,856.89,413.21,827.54,20.6605,41.3771,0.4149,0.005
79,67,car,592.33,186.54,618.61,224.69,605.2,205.07,30.2602,10.2533,0.4183,0.2931
79,68,car,1186.78,932.21,1339.13,1079.86,1262.82,1005.93,63.1412,50.2966,0.5007,0.086
79,69,car,74.02,627.3,132.57,651.32,104.86,639.57,5.2428,31.9784,0.615,0.8018
79,71,person,1218.85,598.86,1234.6,629.34,1228.15,613.89,61.4076,30.6946,0.573,0.7208
79,74,car,19.35,517.64,83.39,544.59,52.14,531.74,2.6069,26.5869,0.4491,0.3333
79,76,bus,714.79,293.7,748.08,361.05,730.56,322.9,36.528,16.1451,0.5424,2.2896
79,77,car,597.19,255.22,621.83,318.21,609.47,287.0,30.4733,14.3498,0.4351,0.1039
79,78,person,1065.26,442.53,1073.55,461.3,1069.39,451.98,53.4694,22.5992,0.3935,0.0344
79,79,person,896.37,471.8,904.67,491.91,900.37,481.26,45.0183,24.0629,0.3705,0.4631
79,80,car,1528.41,483.14,1551.59,501.14,1539.39,492.14,76.9695,24.6069,0.3167,0.913
79,11,car,363.68,537.83,426.16,574.88,393.0,556.21,19.65,27.8103,0.5956,1.0369
79,72,person,896.13,466.04,911.16,491.19,902.56,476.27,45.128,23.8134,0.4929,0.9501
80,1,person,1387.4,433.18,1399.88,461.85,1393.57,447.46,69.6787,22.3728,0.3867,0.033
80,3,person,1323.02,436.24,1335.14,463.63,1329.02,450.05,66.4509,22.5024,0.406,0.0504
80,5,person,730.75,633.32,740.0,659.1,734.95,645.29,36.7474,32.2645,0.6463,0.4432
80,7,car,937.41,972.15,991.41,1009.16,964.53,990.59,48.2263,49.5293,0.7323,0.0037
80,8,car,627.79,441.67,674.17,500.85,648.74,474.88,32.4372,23.7438,0.7061,2.1085
80,9,car,638.52,694.57,677.79,745.59,658.14,720.19,32.9071,36.0093,0.7454,0.0421
80,10,car,751.84,665.09,787.53,700.55,769.75,682.75,38.4876,34.1377,0.7461,0.0291
80,12,car,513.8,527.91,568.26,567.96,535.14,552.49,26.757,27.6243,0.6583,3.5878
80,14,car,610.96,350.37,639.39,421.82,625.12,386.15,31.2559,19.3074,0.6499,0.1266
80,16,car,395.72,798.35,430.51,857.04,413.08,827.66,20.654,41.3832,0.661,0.0226
80,17,car,1121.37,684.08,1151.12,742.65,1136.19,713.49,56.8094,35.6743,0.6793,0.0429
80,19,car,759.3,245.92,783.84,286.73,771.54,266.51,38.5769,13.3254,0.5017,0.0912
80,20,motorcycle,1096.41,732.57,1111.21,762.49,1104.97,749.82,55.2485,37.4912,0.4864,1.2628
80,21,car,588.96,410.88,624.47,461.36,606.56,437.68,30.328,21.8838,0.6611,0.6264
80,25,car,676.65,509.21,708.21,548.58,694.75,533.68,34.7373,26.6841,0.6807,2.2602
80,26,person,587.19,586.32,598.35,606.87,591.1,596.19,29.5549,29.8096,0.3665,0.8026
80,27,car,1159.37,970.82,1180.63,990.67,1169.79,980.8,58.4894,49.0399,0.5675,0.0696
80,28,car,630.61,441.79,674.08,496.75,649.85,474.25,32.4927,23.7125,0.3601,2.5522
80,29,motorcycle,646.87,209.0,658.14,238.3,652.67,229.6,32.6336,11.4799,0.3175,3.3639
80,31,person,709.39,677.79,720.6,702.07,714.96,690.02,35.748,34.5008,0.526,0.0482
80,33,car,1121.3,684.01,1151.01,743.18,1136.09,713.7,56.8046,35.685,0.4965,0.0395
80,36,car,643.08,296.75,662.07,338.02,652.92,322.38,32.646,16.119,0.5308,2.5594
80,37,person,1134.59,457.39,1144.23,477.71,1137.62,467.58,56.8808,23.3788,0.3449,0.8298
80,38,car,1147.83,627.95,1172.57,672.86,1160.17,650.41,58.0085,32.5205,0.589,0.0091
80,42,person,1341.2,426.74,1360.47,458.84,1349.89,443.28,67.4944,22.1638,0.312,0.2875
80,43,car,582.0,139.68,603.18,162.3,592.62,150.82,29.6309,7.5412,0.4548,0.0419
80,46,car,936.4,462.82,971.52,488.49,953.82,476.04,47.691,23.8021,0.4146,0.2148
80,51,person,1274.67,574.55,1291.2,602.01,1284.2,588.84,64.2101,29.442,0.542,0.5644
80,41,car,765.38,337.22,800.08,392.51,780.94,361.29,39.0468,18.0643,0.5076,1.8721
80,53,car,1145.69,1052.96,1169.82,1080.22,1157.7,1066.63,57.885,53.3317,0.4379,0.0256
80,54,car,1166.74,1052.92,1192.26,1078.92,1179.56,1065.97,58.9779,53.2985,0.4749,0.0692
80,55,car,1038.82,681.93,1067.69,727.23,1051.99,702.59,52.5995,35.1295,0.5138,1.1738
80,59,person,1262.85,603.93,1276.64,633.69,1269.61,618.79,63.4803,30.9393,0.5235,0.0263
80,61,person,359.51,663.95,367.11,680.88,363.31,672.45,18.1655,33.6227,0.4053,0.0522
80,62,bus,610.66,301.69,634.04,367.99,622.3,334.86,31.1152,16.743,0.3675,0.0257
80,18,car,627.08,627.42,664.4,668.13,645.65,647.75,32.2827,32.3876,0.6163,0.045
80,64,person,790.79,696.96,801.62,720.91,798.34,709.06,39.917,35.453,0.4828,1.1004
80,34,car,610.67,301.7,634.03,367.98,622.3,334.85,31.1152,16.7423,0.5356,0.0262
80,65,car,715.26,295.01,747.82,362.13,730.79,324.35,36.5396,16.2175,0.5882,2.1948
80,66,car,395.83,798.15,430.65,856.96,413.21,827.54,20.6607,41.3769,0.4373,0.0085
80,67,car,592.37,186.27,618.97,233.97,605.34,205.88,30.2669,10.2938,0.4411,1.2313
80,68,car,1186.87,932.27,1339.21,1079.82,1262.87,1005.96,63.1437,50.298,0.5163,0.0868
80,69,car,72.27,627.23,132.46,651.0,104.27,639.49,5.2136,31.9745,0.6734,0.8841
80,71,person,1218.41,599.02,1234.16,629.36,1227.68,613.92,61.384,30.6958,0.5737,0.7074
80,74,car,19.4,517.51,82.88,544.51,51.93,531.6,2.5964,26.5798,0.4519,0.3802
80,76,bus,715.1,294.83,748.02,362.34,730.88,324.35,36.544,16.2177,0.4029,2.23
80,77,car,597.19,255.03,621.96,318.21,609.47,286.91,30.4736,14.3455,0.4416,0.1282
80,78,person,1065.3,442.48,1073.63,461.33,1069.4,451.97,53.4702,22.5984,0.4019,0.0329
80,79,person,896.65,471.75,905.13,492.22,900.5,481.44,45.0249,24.072,0.4165,0.3355
80,80,car,1529.62,483.65,1552.6,501.17,1539.96,492.23,76.9981,24.6115,0.2665,0.8698
80,11,car,363.82,537.91,426.58,574.9,393.66,556.25,19.6828,27.8126,0.5596,0.984
80,72,person,896.36,466.73,911.54,491.79,902.87,476.92,45.1434,23.8461,0.4752,1.0842
80,81,car,1077.36,155.59,1383.96,523.2,1230.66,339.4,61.533,16.9698,0.4406,0.0
81,1,person,1387.45,433.25,1399.89,461.73,1393.59,447.47,69.6797,22.3734,0.3872,0.0364
81,3,person,1323.04,436.05,1335.13,463.65,1329.03,450.01,66.4515,22.5004,0.4149,0.0636
81,5,person,730.87,633.99,740.29,659.52,735.08,645.6,36.7539,32.28,0.6104,0.5056
81,7,car,937.32,972.2,991.5,1009.12,964.5,990.58,48.2251,49.5291,0.7291,0.0352
81,8,car,629.63,440.22,674.78,495.95,649.53,473.42,32.4767,23.6712,0.3908,2.4782
81,9,car,638.52,694.53,677.81,745.57,658.14,720.15,32.9072,36.0076,0.7489,0.0505
81,10,car,751.85,665.08,787.55,700.65,769.74,682.77,38.4868,34.1383,0.7641,0.031
81,12,car,516.24,527.37,569.99,566.7,537.12,550.98,26.856,27.5489,0.6725,3.7336
81,14,car,610.95,350.34,639.42,421.8,625.13,386.08,31.2567,19.3038,0.658,0.1123
81,16,car,395.83,798.35,430.61,856.99,413.11,827.65,20.6553,41.3827,0.3984,0.0432
81,17,car,1121.37,684.05,1151.18,742.63,1136.21,713.46,56.8103,35.6728,0.6959,0.0535
81,19,car,759.27,245.73,783.98,286.8,771.54,266.45,38.5769,13.3226,0.4714,0.0853
81,20,motorcycle,1096.03,731.84,1110.83,761.66,1104.6,749.07,55.2301,37.4537,0.4785,1.2547
81,21,car,589.12,410.99,624.39,459.91,606.6,437.15,30.3299,21.8575,0.6451,0.7899
81,25,car,676.14,508.39,707.33,544.36,693.97,532.15,34.6984,26.6073,0.6787,2.5831
81,26,person,587.61,586.62,598.74,606.99,591.63,596.31,29.5814,29.8157,0.3773,0.8154
81,27,car,1159.37,970.84,1180.72,990.69,1169.84,980.78,58.4921,49.0391,0.596,0.0825
81,28,car,630.93,440.49,674.64,496.17,650.66,472.82,32.5328,23.6409,0.7162,2.4623
81,29,motorcycle,646.97,207.46,658.45,236.27,652.65,227.72,32.6325,11.3862,0.2878,2.811
81,31,person,709.4,677.74,720.61,702.05,714.97,689.98,35.7485,34.4991,0.5145,0.0552
81,33,car,1121.31,683.98,1151.07,743.16,1136.11,713.67,56.8056,35.6834,0.4539,0.0581
81,36,car,643.04,296.16,662.09,341.18,652.8,320.96,32.6401,16.048,0.5266,2.137
81,37,person,1135.02,457.71,1143.97,477.74,1138.11,467.59,56.9054,23.3793,0.3955,0.7383
81,38,car,1147.87,628.0,1172.57,672.86,1160.18,650.41,58.0089,32.5206,0.5748,0.0119
81,42,person,1341.25,426.92,1359.71,458.87,1350.03,443.19,67.5014,22.1596,0.3481,0.2452
81,43,car,582.03,139.69,603.19,162.51,592.62,150.87,29.6308,7.5433,0.4925,0.0609
81,46,car,936.45,462.79,971.53,488.63,953.86,475.95,47.693,23.7975,0.4465,0.1529
81,51,person,1274.15,574.78,1290.83,602.35,1283.81,588.83,64.1905,29.4413,0.4412,0.589
81,41,car,766.22,338.99,800.86,393.9,781.53,362.4,39.0765,18.1199,0.4397,1.8922
81,53,car,1145.75,1052.92,1169.66,1080.23,1157.71,1066.62,57.8854,53.3308,0.4438,0.0297
81,54,car,1166.76,1053.02,1192.23,1078.93,1179.52,1065.96,58.9762,53.2982,0.5064,0.0516
81,55,car,1039.65,682.43,1068.1,724.84,1052.41,703.03,52.6206,35.1517,0.449,0.919
81,59,person,1262.84,604.03,1276.74,633.68,1269.64,618.79,63.4822,30.9395,0.5089,0.0573
81,61,person,359.52,663.94,367.09,680.84,363.31,672.42,18.1653,33.6212,0.3813,0.0441
81,62,bus,610.66,301.7,634.1,368.15,622.32,334.87,31.116,16.7433,0.4203,0.0266
81,18,car,627.02,627.48,664.46,668.21,645.68,647.77,32.2841,32.3884,0.591,0.0483
81,64,person,790.28,696.84,801.31,720.77,797.62,708.99,39.8808,35.4497,0.3983,1.09
81,34,car,610.67,301.71,634.09,368.06,622.32,334.85,31.116,16.7423,0.5179,0.0249
81,65,car,715.54,296.26,747.82,363.49,731.07,325.76,36.5536,16.2879,0.5359,2.1539
81,66,car,395.83,798.23,430.68,856.97,413.22,827.54,20.661,41.3768,0.667,0.0104
81,67,car,592.39,186.46,618.92,230.79,605.45,206.46,30.2725,10.323,0.3823,0.8924
81,68,car,1187.04,932.26,1339.17,1079.82,1262.93,1005.98,63.1467,50.2989,0.4174,0.092
81,69,car,71.13,626.8,131.71,651.1,103.59,639.37,5.1797,31.9686,0.6486,1.0312
81,71,person,1218.14,599.2,1233.66,629.46,1227.22,614.0,61.3608,30.6999,0.5615,0.7088
81,74,car,19.41,517.47,82.42,544.43,51.68,531.44,2.5842,26.5721,0.4574,0.4325
81,76,bus,715.44,296.1,747.94,363.64,731.15,325.78,36.5573,16.2889,0.5244,2.173
81,77,car,597.18,255.05,621.85,318.19,609.47,286.83,30.4736,14.3413,0.4158,0.1269
81,78,person,1065.32,442.43,1073.52,461.33,1069.41,451.95,53.4703,22.5977,0.4044,0.0233
81,79,person,896.92,472.1,905.54,492.68,900.65,481.63,45.0323,24.0815,0.3428,0.361
81,80,car,1530.85,483.88,1553.59,501.5,1540.53,492.34,77.0263,24.6172,0.2572,0.8649
81,11,car,364.3,537.97,427.5,574.91,394.33,556.31,19.7165,27.8155,0.5727,1.017
81,72,person,896.62,467.47,911.84,492.27,903.23,477.68,45.1613,23.8839,0.4245,1.2549
81,81,car,1077.29,69.09,1384.23,519.99,1230.71,316.97,61.5355,15.8484,0.515,33.6421
82,1,person,1387.51,433.41,1399.81,461.66,1393.61,447.49,69.6804,22.3745,0.3153,0.0403
82,3,person,1323.06,436.13,1335.16,463.66,1329.05,449.98,66.4524,22.4991,0.3659,0.0476
82,5,person,730.97,634.49,740.62,659.87,735.23,645.94,36.7615,32.2969,0.5025,0.5551
82,7,car,937.19,972.21,991.6,1009.08,964.47,990.58,48.2235,49.5291,0.7467,0.0482
82,8,car,630.32,439.09,675.27,496.07,650.33,472.04,32.5165,23.6022,0.7444,2.3882
82,9,car,638.52,694.58,677.85,745.59,658.15,720.12,32.9075,36.0061,0.7379,0.0442
82,10,car,751.89,665.05,787.59,700.71,769.73,682.78,38.4863,34.1392,0.7439,0.0307
82,12,car,517.94,526.73,571.73,566.42,539.04,549.84,26.9522,27.4919,0.6933,3.3549
82,14,car,611.05,350.34,639.42,420.92,625.16,385.97,31.2579,19.2983,0.5699,0.1687
82,16,car,395.84,798.48,430.65,857.01,413.14,827.66,20.6569,41.3828,0.6495,0.0478
82,17,car,1121.4,684.07,1151.23,742.42,1136.23,713.41,56.8114,35.6706,0.6932,0.0736
82,19,car,759.1,245.62,784.23,286.83,771.56,266.41,38.5778,13.3205,0.4715,0.0674
82,20,motorcycle,1095.54,731.84,1110.58,761.04,1104.23,748.38,55.2114,37.4191,0.4439,1.1783
82,21,car,588.73,411.13,625.03,464.32,606.65,436.98,30.3326,21.849,0.6294,0.2683
82,25,car,675.58,507.68,706.43,540.95,693.19,530.44,34.6596,26.5222,0.599,2.8042
82,26,person,588.02,586.87,598.93,606.98,592.13,596.45,29.6066,29.8223,0.3674,0.7834
82,27,car,1159.4,970.84,1180.8,990.69,1169.9,980.77,58.495,49.0384,0.615,0.0888
82,28,car,631.9,439.11,675.23,492.48,651.43,471.13,32.5714,23.5563,0.6247,2.7906
82,29,motorcycle,646.72,205.58,658.56,234.68,652.62,226.01,32.6312,11.3005,0.4267,2.5706
82,31,person,709.4,677.73,720.65,702.06,714.98,689.95,35.7491,34.4974,0.488,0.0541
82,33,car,1121.35,684.0,1151.11,743.04,1136.13,713.64,56.8067,35.6819,0.4672,0.0561
82,36,car,642.99,295.56,662.08,342.96,652.7,319.73,32.635,15.9867,0.5261,1.8456
82,37,person,1135.39,457.58,1144.56,477.68,1138.6,467.59,56.93,23.3795,0.3932,0.7387
82,38,car,1147.89,628.02,1172.58,672.88,1160.19,650.42,58.0094,32.5208,0.6266,0.015
82,42,person,1341.14,426.42,1360.81,458.87,1350.25,443.07,67.5124,22.1533,0.2906,0.3781
82,43,car,582.04,139.68,603.18,162.72,592.61,150.92,29.6305,7.5458,0.5115,0.0777
82,46,car,936.49,462.79,971.55,488.6,953.91,475.86,47.6953,23.7928,0.4863,0.1555
82,51,person,1273.56,575.59,1290.29,602.92,1283.37,588.91,64.1685,29.4453,0.4153,0.668
82,41,car,767.24,340.18,801.72,390.16,782.21,363.16,39.1103,18.1579,0.6723,1.5244
82,53,car,1145.8,1052.96,1169.66,1080.23,1157.73,1066.61,57.8864,53.3303,0.5032,0.033
82,54,car,1166.83,1053.1,1192.35,1078.92,1179.51,1065.96,58.9755,53.298,0.4859,0.0208
82,55,car,1039.85,682.96,1068.46,726.38,1052.83,703.51,52.6413,35.1754,0.4666,0.9442
82,59,person,1262.82,604.14,1276.69,633.67,1269.68,618.8,63.4839,30.94,0.4649,0.0531
82,61,person,359.51,663.98,367.12,680.8,363.31,672.41,18.1653,33.6204,0.4161,0.0264
82,62,bus,610.67,301.7,634.21,368.19,622.34,334.87,31.1171,16.7433,0.4922,0.0335
82,18,car,626.96,627.5,664.47,668.26,645.7,647.78,32.2851,32.3891,0.6212,0.0358
82,64,person,789.66,696.67,801.05,720.63,796.93,708.92,39.8467,35.4459,0.2739,1.0299
82,34,car,610.68,301.72,634.19,368.15,622.34,334.85,31.1171,16.7426,0.4527,0.0349
82,65,car,715.9,297.75,747.96,364.78,731.32,327.17,36.566,16.3585,0.5608,2.1497
82,66,car,395.91,798.3,430.76,856.98,413.24,827.54,20.6619,41.3772,0.4194,0.0305
82,67,car,592.4,186.56,618.85,228.84,605.53,206.89,30.2763,10.3446,0.2745,0.6574
82,68,car,1186.88,932.18,1339.27,1079.8,1262.99,1005.98,63.1493,50.2992,0.4567,0.0808
82,69,car,70.17,626.82,130.89,651.43,102.88,639.29,5.1439,31.9646,0.6801,1.0818
82,71,person,1217.86,599.11,1233.18,629.46,1226.76,614.07,61.3379,30.7037,0.4426,0.6957
82,74,car,19.39,517.32,82.1,544.4,51.41,531.27,2.5705,26.5633,0.4665,0.4899
82,76,bus,715.86,297.65,748.03,364.89,731.38,327.19,36.5689,16.3593,0.5484,2.1399
82,77,car,597.18,255.0,621.84,318.24,609.48,286.74,30.4742,14.337,0.4336,0.1316
82,78,person,1065.33,442.48,1073.69,461.38,1069.42,451.95,53.4711,22.5975,0.3803,0.0237
82,79,person,897.34,472.31,906.04,493.15,900.82,481.81,45.041,24.0907,0.4232,0.3795
82,11,car,364.71,537.84,428.01,574.86,394.97,556.34,19.7484,27.817,0.5962,0.9584
82,72,person,897.01,467.84,912.21,492.76,903.56,478.36,45.1778,23.9178,0.5118,1.131
82,81,car,1077.23,26.95,1384.54,523.45,1230.77,303.04,61.5384,15.1522,0.489,20.8852
82,82,car,1020.85,988.22,1046.5,1039.18,1033.68,1013.7,51.6839,50.6851,0.6163,0.0
83,1,person,1387.35,432.67,1399.68,462.13,1393.6,447.49,69.6802,22.3745,0.324,0.0082
83,3,person,1323.06,436.18,1335.2,463.66,1329.07,449.95,66.4534,22.4976,0.4063,0.0562
83,5,person,731.05,635.05,740.77,660.11,735.39,646.31,36.7697,32.3153,0.4816,0.6048
83,7,car,937.2,972.2,991.61,1009.09,964.45,990.6,48.2223,49.5299,0.7551,0.0422
83,8,car,630.8,437.39,675.81,495.75,651.11,470.67,32.5554,23.5333,0.7184,2.375
83,9,car,638.55,694.6,677.84,745.64,658.16,720.11,32.9078,36.0053,0.7662,0.0277
83,10,car,751.97,665.07,787.65,700.78,769.73,682.81,38.4864,34.1407,0.7598,0.0447
83,12,car,519.66,526.14,573.82,566.3,541.0,548.56,27.05,27.428,0.7155,3.5045
83,14,car,611.12,350.16,639.42,418.74,625.18,385.71,31.2591,19.2856,0.6019,0.3821
83,16,car,395.89,798.35,430.82,856.99,413.18,827.65,20.6592,41.3826,0.4373,0.068
83,17,car,1121.44,684.11,1151.29,742.22,1136.26,713.38,56.8128,35.6688,0.6902,0.0689
83,19,car,759.05,245.87,785.16,287.32,771.64,266.42,38.582,13.3209,0.4778,0.1252
83,20,motorcycle,1095.29,732.38,1110.27,760.3,1103.87,747.77,55.1933,37.3887,0.4644,1.0627
83,21,car,588.82,411.14,624.89,461.45,606.71,436.74,30.3354,21.8372,0.6036,0.3635
83,25,car,674.91,506.96,705.67,538.31,692.46,528.61,34.6232,26.4306,0.6228,2.9587
83,26,person,588.48,587.13,599.1,607.07,592.61,596.59,29.6307,29.8296,0.3651,0.7552
83,27,car,1159.45,970.84,1180.83,990.67,1169.96,980.76,58.4979,49.038,0.5819,0.09
83,28,car,632.79,437.78,675.77,489.82,652.17,469.3,32.6087,23.4651,0.5016,2.9544
83,29,motorcycle,646.49,203.11,658.16,232.88,652.57,224.27,32.6286,11.2134,0.2795,2.6147
83,31,person,709.41,677.76,720.68,702.08,715.0,689.93,35.7498,34.4965,0.4492,0.0324
83,33,car,1121.4,684.04,1151.19,742.94,1136.17,713.61,56.8083,35.6807,0.4576,0.059
83,36,car,642.8,294.76,661.88,343.88,652.6,319.11,32.6299,15.9555,0.5932,0.9471
83,37,person,1135.97,458.23,1144.76,477.75,1139.1,467.65,56.9549,23.3824,0.3034,0.7498
83,38,car,1147.91,628.01,1172.63,672.89,1160.2,650.42,58.0101,32.521,0.65,0.0234
83,42,person,1340.99,426.15,1361.5,458.81,1350.51,442.91,67.5256,22.1456,0.3218,0.4589
83,43,car,582.04,139.71,603.2,162.84,592.61,150.99,29.6303,7.5494,0.4837,0.1059
83,46,car,936.54,462.78,971.58,488.55,953.95,475.77,47.6975,23.7885,0.477,0.1447
83,51,person,1273.07,576.33,1290.07,603.26,1282.93,589.01,64.1464,29.4505,0.4223,0.6841
83,41,car,768.12,341.36,802.44,392.16,782.92,364.02,39.1459,18.2012,0.5132,1.6825
83,53,car,1145.83,1053.02,1169.78,1080.22,1157.75,1066.6,57.8875,53.3301,0.5033,0.0344
83,54,car,1166.85,1053.21,1192.42,1079.01,1179.52,1065.98,58.976,53.2988,0.446,0.0295
83,55,car,1040.11,683.49,1068.8,727.46,1053.24,704.02,52.6618,35.2011,0.494,0.9865
83,59,person,1262.82,604.13,1276.8,633.68,1269.72,618.81,63.4858,30.9407,0.5059,0.0621
83,61,person,359.5,663.95,367.19,680.81,363.31,672.4,18.1655,33.6199,0.4022,0.0159
83,62,bus,610.68,301.66,634.23,368.28,622.36,334.88,31.1182,16.7438,0.4451,0.0354
83,18,car,626.96,627.51,664.46,668.21,645.72,647.79,32.2859,32.3897,0.5778,0.03
83,34,car,610.69,301.67,634.21,368.16,622.36,334.86,31.1182,16.7429,0.5005,0.0336
83,65,car,716.22,299.24,748.14,365.97,731.55,328.56,36.5773,16.4279,0.6208,2.1091
83,66,car,395.9,798.38,430.8,857.0,413.26,827.57,20.6628,41.3785,0.6572,0.0455
83,67,car,592.4,186.56,618.77,227.42,605.57,207.18,30.2785,10.3588,0.4296,0.4311
83,68,car,1186.66,932.18,1339.47,1079.76,1263.02,1005.99,63.1508,50.2996,0.4601,0.0468
83,69,car,69.93,627.06,129.86,651.52,102.16,639.26,5.108,31.9628,0.7207,1.0781
83,71,person,1217.64,599.35,1232.79,629.59,1226.34,614.16,61.3169,30.7082,0.503,0.6439
83,74,car,19.44,517.27,81.9,544.34,51.19,531.12,2.5593,26.5558,0.5356,0.4038
83,76,bus,716.18,299.16,748.18,366.03,731.59,328.57,36.5793,16.4283,0.4522,2.0955
83,77,car,597.1,255.18,621.81,318.26,609.49,286.7,30.4746,14.3352,0.4565,0.0555
83,78,person,1065.33,442.51,1073.82,461.35,1069.44,451.94,53.4722,22.5971,0.3712,0.0359
83,79,person,897.71,472.53,906.41,493.72,901.0,482.0,45.0499,24.1,0.4415,0.3873
83,11,car,365.29,537.75,428.31,574.9,395.59,556.35,19.7793,27.8177,0.5999,0.9265
83,72,person,897.42,468.02,912.55,493.23,903.91,479.0,45.1956,23.9501,0.5457,1.108
83,81,car,1077.18,115.83,1384.77,524.91,1230.82,307.38,61.541,15.3688,0.4717,6.4977
83,82,car,1020.54,986.6,1045.78,1036.63,1033.42,1012.66,51.671,50.6328,0.5233,1.6144
83,83,car,1047.25,1024.28,1076.04,1077.08,1061.65,1050.68,53.0823,52.534,0.6702,0.0
84,1,person,1387.24,432.28,1399.74,462.55,1393.59,447.49,69.6796,22.3744,0.2931,0.0178
84,3,person,1323.07,436.09,1335.23,463.67,1329.09,449.92,66.4547,22.4961,0.3894,0.0591
84,5,person,731.16,635.6,740.85,660.37,735.55,646.71,36.7775,32.3354,0.492,0.6468
84,7,car,937.26,972.19,991.55,1009.13,964.43,990.62,48.2216,49.5312,0.7261,0.0459
84,8,car,631.56,435.95,676.38,494.9,651.86,469.31,32.5928,23.4657,0.7134,2.3175
84,9,car,638.52,694.66,677.83,745.68,658.16,720.1,32.9081,36.0052,0.7627,0.0089
84,10,car,752.05,665.08,787.7,700.82,769.75,682.85,38.4873,34.1424,0.7059,0.0559
84,12,car,521.4,525.41,575.45,566.3,542.94,547.62,27.1468,27.3808,0.7029,3.2311
84,14,car,611.21,350.05,639.45,416.57,625.21,385.34,31.2606,19.2669,0.6669,0.562
84,16,car,395.89,798.39,430.91,857.01,413.23,827.67,20.6613,41.3834,0.6452,0.0674
84,17,car,1121.48,684.1,1151.36,741.97,1136.29,713.32,56.8145,35.6659,0.6941,0.1012
84,19,car,758.99,245.95,785.5,287.57,771.74,266.45,38.5871,13.3223,0.5146,0.1576
84,20,motorcycle,1095.03,731.15,1109.87,759.57,1103.51,747.12,55.1753,37.3559,0.4348,1.1207
84,21,car,588.72,411.22,624.82,460.06,606.74,436.43,30.3368,21.8217,0.6311,0.4676
84,25,car,673.93,506.3,704.84,537.99,691.7,527.06,34.5851,26.3531,0.6388,2.5879
84,26,person,588.94,587.26,599.35,607.26,593.06,596.76,29.6532,29.838,0.3798,0.7201
84,27,car,1159.48,970.83,1180.87,990.7,1170.02,980.76,58.5011,49.038,0.5906,0.0954
84,28,car,633.67,436.37,676.3,487.79,652.9,467.69,32.6451,23.3843,0.4209,2.6593
84,29,motorcycle,645.64,200.38,658.17,230.9,652.48,221.79,32.6241,11.0897,0.3234,3.7135
84,31,person,709.41,677.78,720.68,702.06,715.01,689.93,35.7504,34.4963,0.4579,0.0203
84,33,car,1121.44,684.05,1151.26,742.74,1136.21,713.57,56.8103,35.6787,0.4572,0.084
84,36,car,642.54,293.94,661.73,344.26,652.5,318.89,32.625,15.9447,0.6378,0.3587
84,37,person,1136.57,458.53,1144.96,477.71,1139.58,467.74,56.979,23.3868,0.2868,0.7351
84,38,car,1147.91,627.99,1172.65,672.88,1160.22,650.43,58.0109,32.5213,0.6838,0.0263
84,42,person,1340.91,425.97,1361.94,458.8,1350.79,442.75,67.5396,22.1377,0.3241,0.4821
84,43,car,582.04,139.74,603.22,162.91,592.6,151.07,29.6302,7.5536,0.4659,0.1275
84,46,car,936.54,462.78,971.63,488.55,953.99,475.72,47.6994,23.7862,0.5059,0.0907
84,41,car,768.95,342.55,803.12,394.11,783.66,364.97,39.1829,18.2486,0.5559,1.8042
84,53,car,1145.82,1053.1,1169.92,1080.24,1157.77,1066.61,57.8886,53.3304,0.5205,0.0334
84,54,car,1166.87,1053.25,1192.47,1079.1,1179.54,1066.01,58.9772,53.3004,0.4481,0.0588
84,55,car,1040.22,684.06,1069.14,728.82,1053.64,704.58,52.6819,35.229,0.4402,1.0305
84,59,person,1262.81,604.1,1276.77,633.63,1269.75,618.83,63.4873,30.9416,0.5144,0.0526
84,61,person,359.49,663.91,367.29,680.78,363.32,672.39,18.1662,33.6193,0.3929,0.026
84,62,bus,610.68,301.65,634.2,368.25,622.38,334.89,31.1192,16.7447,0.394,0.0391
84,18,car,627.03,627.45,664.43,668.11,645.73,647.79,32.2867,32.3897,0.5591,0.0218
84,34,car,610.69,301.66,634.19,368.17,622.38,334.87,31.1192,16.7437,0.5604,0.0365
84,65,car,716.46,300.34,748.27,367.29,731.75,329.91,36.5876,16.4957,0.5916,2.0599
84,66,car,395.93,798.33,430.96,856.99,413.29,827.59,20.6645,41.3796,0.4791,0.061
84,67,car,592.42,186.38,619.08,235.55,605.61,207.95,30.2804,10.3977,0.4383,1.1711
84,68,car,1186.54,932.18,1339.62,1079.7,1263.04,1006.0,63.1518,50.2999,0.4278,0.0309
84,69,car,68.43,626.86,128.71,651.9,101.37,639.23,5.0683,31.9615,0.6741,1.1913
84,71,person,1217.44,599.53,1232.4,629.77,1225.96,614.28,61.2979,30.7138,0.5976,0.5941
84,74,car,19.34,516.99,81.63,544.25,50.98,530.97,2.5491,26.5486,0.5479,0.3748
84,76,bus,716.41,300.28,748.29,367.33,731.78,329.92,36.5888,16.496,0.4403,2.0494
84,77,car,597.09,255.18,621.8,318.29,609.5,286.69,30.4749,14.3343,0.4664,0.026
84,78,person,1065.37,442.56,1073.7,461.26,1069.47,451.92,53.4734,22.5962,0.3454,0.0456
84,79,person,897.9,472.77,906.52,494.17,901.28,482.45,45.0638,24.1226,0.486,0.7943
84,11,car,365.86,537.55,428.62,574.86,395.92,556.34,19.7961,27.8172,0.6192,0.5029
84,72,person,897.67,468.35,912.86,493.57,904.28,479.64,45.2142,23.9821,0.6196,1.1098
84,81,car,1077.15,58.64,1385.08,525.59,1230.88,304.32,61.5439,15.2162,0.5317,4.5792
84,82,car,1020.12,985.26,1045.32,1035.41,1033.19,1011.88,51.6594,50.5941,0.5449,1.2115
84,83,car,1047.33,1022.07,1076.2,1082.15,1061.7,1051.39,53.0852,52.5697,0.5002,1.0752
84,84,person,1024.69,525.53,1036.62,548.24,1030.65,536.88,51.5327,26.8442,0.5042,0.0
85,1,person,1387.35,432.89,1399.73,462.24,1393.59,447.49,69.6793,22.3746,0.2811,0.0102
85,3,person,1323.05,436.03,1335.33,463.69,1329.12,449.9,66.4559,22.4951,0.3644,0.0477
85,5,person,731.28,636.14,741.06,660.61,735.71,647.13,36.7856,32.3563,0.4526,0.6744
85,7,car,937.43,972.23,991.59,1009.16,964.43,990.65,48.2217,49.5325,0.6828,0.0398
85,8,car,632.24,434.36,677.08,493.9,652.59,467.92,32.6294,23.3962,0.6362,2.3576
85,9,car,638.5,694.68,677.87,745.73,658.17,720.11,32.9085,36.0057,0.7286,0.0198
85,10,car,752.13,665.12,787.74,700.9,769.78,682.89,38.4889,34.1445,0.7177,0.081
85,12,car,522.35,524.41,577.29,565.87,544.75,546.82,27.2376,27.3408,0.6985,2.9767
85,14,car,611.28,350.09,639.43,415.87,625.24,384.94,31.2621,19.2468,0.6567,0.6043
85,16,car,396.09,798.41,431.05,857.0,413.29,827.69,20.6645,41.3845,0.3947,0.1019
85,17,car,1121.53,684.13,1151.4,741.94,1136.33,713.24,56.8165,35.6622,0.7015,0.1249
85,19,car,759.04,246.05,785.44,287.54,771.85,266.49,38.5926,13.3244,0.5072,0.1779
85,20,motorcycle,1094.74,729.43,1109.43,758.99,1103.14,746.42,55.1569,37.3208,0.3866,1.1894
85,21,car,588.64,411.65,625.13,464.45,606.79,436.54,30.3393,21.8271,0.6485,0.1784
85,25,car,672.91,505.76,704.01,541.16,690.92,525.74,34.546,26.2868,0.6613,2.3119
85,26,person,589.31,587.43,599.6,607.38,593.46,596.93,29.6728,29.8466,0.4353,0.6416
85,27,car,1159.49,970.8,1180.89,990.75,1170.08,980.76,58.5038,49.0381,0.5578,0.0817
85,28,car,634.62,435.13,677.05,486.01,653.62,465.99,32.6812,23.2995,0.5363,2.7645
85,29,motorcycle,645.29,198.78,658.26,229.13,652.36,219.77,32.6182,10.9887,0.3437,3.0358
85,31,person,708.65,676.95,720.86,701.98,714.98,689.85,35.749,34.4927,0.4429,0.1147
85,33,car,1121.5,684.08,1151.29,742.7,1136.25,713.52,56.8124,35.6761,0.4728,0.1006
85,36,car,642.32,293.24,661.65,344.11,652.4,318.92,32.6202,15.9459,0.6497,0.1477
85,37,person,1137.17,458.81,1145.5,477.83,1140.03,467.84,57.0017,23.392,0.2542,0.7
85,38,car,1147.92,627.97,1172.66,672.86,1160.24,650.43,58.0119,32.5214,0.6828,0.0301
85,42,person,1340.75,426.13,1361.32,458.88,1350.88,442.69,67.5441,22.1343,0.3308,0.1684
85,43,car,582.08,139.74,603.23,162.87,592.61,151.15,29.6306,7.5574,0.4961,0.1145
85,46,car,936.64,462.84,971.74,488.69,954.03,475.71,47.7017,23.7853,0.502,0.0732
85,41,car,769.78,343.26,803.7,391.95,784.41,365.98,39.2203,18.2988,0.65,1.8789
85,53,car,1145.83,1053.17,1170.04,1080.24,1157.79,1066.62,57.8897,53.3311,0.4569,0.0395
85,54,car,1166.88,1053.34,1192.4,1079.09,1179.57,1066.04,58.9786,53.3022,0.4467,0.0699
85,55,car,1040.41,684.73,1069.51,729.92,1054.02,705.16,52.7009,35.258,0.4511,1.0396
85,59,person,1262.84,604.03,1276.87,633.53,1269.78,618.84,63.4889,30.942,0.4471,0.0504
85,61,person,359.51,663.77,367.34,680.74,363.34,672.37,18.1671,33.6183,0.3996,0.0417
85,62,bus,610.7,301.68,634.23,368.42,622.41,334.93,31.1203,16.7464,0.4419,0.0612
85,18,car,627.03,627.39,664.53,668.03,645.74,647.8,32.2868,32.3898,0.6309,0.006
85,34,car,610.71,301.69,634.21,368.22,622.41,334.89,31.1203,16.7447,0.5209,0.0465
85,65,car,716.71,301.35,748.51,368.46,731.96,331.2,36.5978,16.5599,0.5309,1.9487
85,66,car,396.05,798.38,431.08,857.02,413.34,827.62,20.6671,41.3812,0.6119,0.0928
85,67,car,592.44,186.54,619.19,232.11,605.65,208.48,30.2826,10.4239,0.459,0.7869
85,68,car,1186.26,932.09,1339.4,1079.7,1263.02,1005.99,63.1511,50.2994,0.4507,0.0266
85,69,car,67.47,626.91,127.81,651.69,100.53,639.21,5.0266,31.9605,0.6596,1.2517
85,71,person,1217.08,599.43,1231.93,630.0,1225.58,614.39,61.279,30.7196,0.5353,0.593
85,74,car,19.32,516.85,81.39,544.1,50.81,530.83,2.5407,26.5417,0.5946,0.3276
85,76,bus,716.67,301.3,748.52,368.43,731.97,331.19,36.5983,16.5597,0.5928,1.9335
85,77,car,597.09,255.3,621.87,318.21,609.5,286.68,30.4749,14.3342,0.4815,0.0041
85,78,person,1065.33,442.53,1073.83,461.33,1069.5,451.91,53.475,22.5957,0.3453,0.0486
85,79,person,898.0,473.07,906.75,494.51,901.57,482.76,45.0785,24.1382,0.4587,0.6428
85,11,car,366.35,537.81,429.09,574.87,396.31,556.34,19.8153,27.8172,0.6408,0.5781
85,72,person,897.85,468.7,913.24,493.96,904.6,480.14,45.2302,24.0068,0.6489,0.8816
85,81,car,1077.31,120.5,1384.85,525.96,1230.91,307.47,61.5456,15.3737,0.4499,4.7266
85,82,car,1020.0,983.96,1044.43,1033.83,1032.94,1011.14,51.6472,50.5568,0.3155,1.1785
85,83,car,1047.36,1020.09,1076.24,1081.06,1061.74,1051.12,53.0868,52.5561,0.3628,0.4106
85,84,person,1024.75,525.51,1036.18,548.55,1030.56,536.96,51.5279,26.8479,0.5882,0.1815
86,3,person,1323.01,436.0,1335.37,463.67,1329.13,449.88,66.4567,22.4941,0.3428,0.0363
86,5,person,731.38,636.55,741.38,660.87,735.89,647.54,36.7944,32.3772,0.4026,0.678
86,7,car,937.57,972.22,991.72,1009.21,964.46,990.67,48.2228,49.5334,0.6522,0.0413
86,8,car,632.78,433.36,677.67,493.12,653.31,466.61,32.6653,23.3307,0.6905,2.2408
86,9,car,638.49,694.73,677.9,745.8,658.18,720.14,32.909,36.007,0.7196,0.0396
86,10,car,752.17,665.13,787.76,700.85,769.82,682.92,38.4908,34.146,0.7319,0.0735
86,12,car,524.71,523.82,578.9,565.78,546.54,546.23,27.3268,27.3113,0.73,2.8198
86,14,car,611.34,350.22,639.48,416.24,625.28,384.54,31.2639,19.2269,0.642,0.5984
86,16,car,396.13,798.64,431.03,857.07,413.36,827.72,20.6679,41.386,0.6237,0.1108
86,17,car,1121.57,684.14,1151.44,741.92,1136.37,713.17,56.8185,35.6587,0.6696,0.1205
86,19,car,759.28,246.31,785.2,287.43,771.95,266.55,38.5977,13.3274,0.4622,0.1772
86,20,motorcycle,1094.37,728.2,1109.0,758.15,1102.76,745.69,55.1378,37.2843,0.4601,1.2357
86,21,car,588.68,411.96,625.36,467.25,606.84,436.98,30.342,21.8492,0.6462,0.6675
86,25,car,672.07,505.07,703.11,539.43,690.13,524.3,34.5064,26.2148,0.6604,2.4631
86,26,person,589.7,587.6,599.76,607.37,593.79,597.08,29.6895,29.8541,0.5179,0.5502
86,27,car,1159.46,970.76,1180.92,990.76,1170.12,980.76,58.506,49.0381,0.5345,0.0637
86,28,car,635.5,433.98,677.69,484.41,654.34,464.15,32.7171,23.2074,0.5305,2.9639
86,29,motorcycle,653.21,234.53,664.17,262.92,653.22,223.14,32.661,11.1569,0.3858,5.2089
86,31,person,708.19,676.47,721.01,701.97,714.92,689.75,35.7462,34.4875,0.4563,0.1771
86,33,car,1121.54,684.08,1151.33,742.76,1136.29,713.48,56.8146,35.6741,0.4772,0.0888
86,36,car,642.19,292.39,661.54,343.7,652.28,318.64,32.6142,15.9318,0.6406,0.4594
86,38,car,1147.93,628.02,1172.67,672.84,1160.26,650.43,58.0128,32.5216,0.7026,0.0269
86,42,person,1340.6,426.2,1360.97,458.94,1350.97,442.61,67.5484,22.1305,0.3375,0.1748
86,43,car,582.12,139.75,603.26,162.78,592.63,151.21,29.6313,7.5604,0.4922,0.0919
86,46,car,936.47,463.01,971.75,489.78,954.06,475.79,47.703,23.7897,0.3575,0.1354
86,41,car,770.48,344.38,805.32,395.45,785.24,367.01,39.2622,18.3506,0.5724,1.9976
86,53,car,1145.83,1053.22,1170.19,1080.25,1157.83,1066.64,57.8915,53.3321,0.415,0.0604
86,54,car,1166.92,1053.36,1192.48,1079.09,1179.6,1066.09,58.9802,53.3044,0.3578,0.081
86,55,car,1040.58,685.57,1069.84,730.85,1054.37,705.76,52.7185,35.2881,0.4435,1.0455
86,59,person,1262.86,603.97,1276.99,633.47,1269.81,618.83,63.4904,30.9417,0.4279,0.0461
86,61,person,359.54,663.67,367.35,680.69,363.36,672.34,18.1681,33.6168,0.4193,0.0536
86,62,bus,610.68,301.69,634.24,368.39,622.43,334.96,31.1213,16.748,0.3733,0.0565
86,18,car,627.08,627.32,664.61,667.93,645.75,647.78,32.2876,32.3891,0.4973,0.0317
86,34,car,610.69,301.69,634.23,368.21,622.43,334.91,31.1213,16.7457,0.5516,0.0417
86,65,car,716.92,302.32,748.64,369.54,732.15,332.42,36.6077,16.6212,0.4919,1.8632
86,66,car,396.21,798.43,431.13,857.0,413.41,827.65,20.6705,41.3826,0.4555,0.1092
86,67,car,592.49,186.7,619.36,230.21,605.72,208.88,30.2859,10.4442,0.4562,0.6164
86,68,car,1186.25,932.07,1339.16,1079.72,1262.99,1005.97,63.1493,50.2984,0.4702,0.0614
86,69,car,66.03,627.07,126.69,651.73,99.54,639.22,4.977,31.9611,0.6601,1.4868
86,71,person,1216.48,599.73,1231.55,630.19,1225.19,614.51,61.2597,30.7257,0.5515,0.609
86,74,car,19.32,517.0,81.21,544.04,50.66,530.75,2.5328,26.5374,0.5646,0.269
86,76,bus,716.9,302.27,748.64,369.49,732.16,332.41,36.6078,16.6205,0.5251,1.8455
86,77,car,597.06,255.26,621.89,318.23,609.49,286.69,30.4746,14.3344,0.4238,0.0094
86,78,person,1065.38,442.51,1073.78,461.28,1069.52,451.91,53.4762,22.5956,0.3181,0.0368
86,79,person,898.16,473.98,906.71,494.88,901.84,483.13,45.0921,24.1566,0.345,0.6869
86,11,car,367.5,537.98,429.8,574.82,396.84,556.35,19.842,27.8176,0.6247,0.7997
86,72,person,898.02,469.16,913.61,494.44,904.92,480.59,45.2458,24.0295,0.5003,0.8271
86,81,car,1077.21,66.7,1384.59,525.91,1230.91,305.88,61.5456,15.294,0.5453,2.3929
86,82,car,1019.72,982.75,1044.01,1032.44,1032.73,1010.43,51.6364,50.5214,0.3369,1.1095
86,83,car,1047.34,1019.11,1075.93,1078.9,1061.71,1050.59,53.0855,52.5296,0.4764,0.7953
86,84,person,1024.8,525.61,1036.04,548.63,1030.51,537.01,51.5256,26.8506,0.5291,0.1067
86,75,car,367.95,538.2,430.3,570.5,393.76,555.87,19.688,27.7936,0.5981,2.092
87,3,person,1322.96,436.14,1335.3,463.62,1329.14,449.88,66.4571,22.4938,0.3792,0.0157
87,5,person,731.44,636.86,741.73,661.06,736.06,647.94,36.803,32.3968,0.4463,0.6427
87,7,car,937.6,972.18,991.72,1009.21,964.49,990.67,48.2245,49.5337,0.5946,0.0543
87,8,car,633.06,432.16,678.41,492.56,653.99,465.34,32.6993,23.2671,0.7523,2.1628
87,9,car,638.49,694.78,677.9,745.81,658.19,720.17,32.9093,36.0085,0.7212,0.0473
87,10,car,752.22,665.09,787.77,700.68,769.86,682.93,38.493,34.1465,0.7603,0.067
87,12,car,526.25,523.19,580.45,565.87,548.3,545.74,27.4148,27.2869,0.6914,2.739
87,14,car,611.36,350.35,639.55,417.19,625.32,384.21,31.266,19.2104,0.6297,0.5014
87,16,car,396.14,798.82,431.03,857.09,413.42,827.76,20.6712,41.3879,0.6216,0.1142
87,17,car,1121.61,684.17,1151.49,741.82,1136.41,713.12,56.8207,35.6561,0.6427,0.1031
87,19,car,759.49,246.22,785.15,287.41,772.06,266.62,38.6031,13.3309,0.4087,0.1928
87,20,motorcycle,1094.03,727.31,1108.58,757.28,1102.4,744.94,55.12,37.2469,0.4631,1.2429
87,21,car,588.77,412.1,625.5,469.05,606.9,437.62,30.345,21.881,0.6166,0.9594
87,25,car,671.08,504.34,702.26,541.81,689.31,523.46,34.4653,26.1732,0.5682,1.7551
87,26,person,590.05,587.82,599.8,607.4,594.1,597.23,29.7049,29.8614,0.434,0.5109
87,27,car,1159.44,970.84,1180.8,990.78,1170.14,980.77,58.5068,49.0386,0.5273,0.0292
87,28,car,636.24,432.66,678.25,482.97,655.04,462.51,32.7521,23.1256,0.5124,2.6693
87,29,motorcycle,656.06,249.3,666.04,273.47,654.44,228.53,32.7221,11.4264,0.3929,8.2907
87,31,person,707.83,676.28,721.09,702.0,714.85,689.64,35.7424,34.4818,0.5165,0.2048
87,33,car,1121.58,684.11,1151.38,742.67,1136.34,713.45,56.8169,35.6727,0.4783,0.082
87,36,car,642.03,291.4,661.4,343.01,652.16,318.61,32.608,15.9305,0.5789,0.1897
87,38,car,1147.91,628.07,1172.68,672.84,1160.27,650.44,58.0135,32.522,0.6769,0.023
87,42,person,1340.68,425.87,1361.65,458.94,1351.02,442.55,67.5508,22.1277,0.3771,0.1087
87,43,car,582.1,139.77,603.28,162.78,592.64,151.25,29.6321,7.5624,0.4696,0.0647
87,46,car,935.82,463.06,971.76,492.07,954.04,476.07,47.7018,23.8034,0.2639,0.4124
87,41,car,771.55,345.43,806.46,397.88,786.14,367.98,39.307,18.3992,0.534,1.9819
87,53,car,1145.85,1053.27,1170.15,1080.26,1157.86,1066.67,57.8932,53.3333,0.4154,0.0649
87,54,car,1166.94,1053.31,1192.26,1079.08,1179.62,1066.13,58.9809,53.3064,0.3751,0.0633
87,55,car,1040.79,686.72,1070.2,731.7,1054.69,706.42,52.7345,35.3211,0.4762,1.1024
87,59,person,1262.87,603.89,1277.11,633.46,1269.84,618.81,63.4922,30.9407,0.3773,0.0604
87,61,person,359.54,663.54,367.36,680.72,363.38,672.3,18.1691,33.6148,0.366,0.0673
87,62,bus,610.68,301.73,634.24,368.33,622.44,334.99,31.1221,16.7493,0.4329,0.0467
87,18,car,627.09,627.33,664.5,667.91,645.76,647.76,32.288,32.388,0.4799,0.0348
87,34,car,610.69,301.74,634.23,368.23,622.44,334.93,31.1221,16.7467,0.4836,0.0384
87,65,car,717.16,303.5,748.69,370.58,732.35,333.63,36.6176,16.6817,0.4484,1.8391
87,66,car,396.31,798.53,431.19,856.99,413.48,827.68,20.6741,41.3841,0.4388,0.1182
87,67,car,592.56,186.71,619.41,228.94,605.76,208.56,30.2881,10.4278,0.4833,0.4969
87,68,car,1186.28,932.18,1338.88,1079.77,1262.92,1005.96,63.146,50.2979,0.3789,0.1004
87,69,car,65.3,626.99,125.89,651.61,98.57,639.25,4.9287,31.9625,0.6615,1.4517
87,71,person,1215.88,599.92,1231.17,630.35,1224.8,614.65,61.24,30.7325,0.4555,0.6254
87,74,car,18.27,516.12,81.11,544.89,50.45,530.68,2.5224,26.5338,0.5245,0.3301
87,76,bus,717.15,303.47,748.68,370.46,732.35,333.61,36.6175,16.6804,0.5766,1.8191
87,77,car,596.99,255.26,621.96,318.32,609.48,286.71,30.4739,14.3355,0.4394,0.0409
87,78,person,1065.42,442.47,1073.78,461.26,1069.54,451.91,53.4771,22.5953,0.3622,0.0305
87,79,person,897.87,472.86,907.49,495.42,902.1,483.44,45.1049,24.172,0.3596,0.6006
87,11,car,368.49,537.92,430.41,574.8,397.45,556.35,19.8724,27.8173,0.5896,0.9112
87,72,person,898.13,469.51,913.84,495.02,905.21,481.02,45.2603,24.0511,0.5327,0.7791
87,81,car,1077.15,35.82,1384.25,525.94,1230.92,297.52,61.5458,14.876,0.5094,12.5387
87,82,car,1019.27,981.4,1043.41,1031.14,1032.5,1009.74,51.6248,50.4868,0.329,1.0962
87,83,car,1046.81,1016.9,1075.4,1076.54,1061.59,1049.82,53.0794,52.4909,0.4156,1.1764
87,84,person,1024.35,525.79,1035.94,548.61,1030.42,537.06,51.521,26.853,0.489,0.1548
87,75,car,368.91,537.93,430.64,570.58,394.76,555.6,19.7381,27.7801,0.3676,1.5578
88,3,person,1322.97,436.34,1335.23,463.71,1329.14,449.9,66.4572,22.495,0.3619,0.0379
88,5,person,731.58,637.08,742.21,661.29,736.25,648.28,36.8124,32.4141,0.3906,0.5919
88,7,car,937.59,972.2,991.73,1009.2,964.53,990.68,48.2264,49.534,0.5902,0.055
88,8,car,635.04,430.97,678.92,487.73,654.67,464.09,32.7334,23.2047,0.7675,2.134
88,9,car,638.51,694.82,677.89,745.8,658.19,720.21,32.9095,36.0104,0.7239,0.0553
88,10,car,752.23,665.11,787.82,700.62,769.91,682.93,38.4953,34.1466,0.7625,0.0693
88,12,car,528.23,522.35,582.07,565.73,550.02,545.31,27.5008,27.2655,0.7672,2.6577
88,14,car,611.36,350.5,639.6,417.47,625.36,383.91,31.2681,19.1955,0.6187,0.4504
88,16,car,396.16,798.92,430.95,857.09,413.47,827.81,20.6735,41.3903,0.6271,0.1004
88,17,car,1121.64,684.28,1151.49,741.89,1136.46,713.08,56.8228,35.6542,0.6645,0.0832
88,19,car,759.7,246.41,785.03,287.15,772.17,266.69,38.6084,13.3346,0.4615,0.1937
88,20,motorcycle,1093.59,726.07,1108.22,756.21,1102.04,744.14,55.1019,37.2069,0.4531,1.318
88,21,car,589.41,412.15,625.08,465.79,606.97,438.12,30.3485,21.9062,0.6573,0.7608
88,25,car,670.15,503.55,701.52,543.15,688.46,523.03,34.4231,26.1517,0.6219,1.4202
88,26,person,590.48,587.91,599.9,607.25,594.39,597.34,29.7193,29.8669,0.3562,0.4623
88,27,car,1159.43,970.87,1180.75,990.79,1170.14,980.78,58.5071,49.039,0.532,0.0165
88,28,car,637.07,431.39,678.76,481.75,655.77,460.83,32.7887,23.0416,0.6304,2.7492
88,29,motorcycle,657.08,253.05,666.42,275.08,655.73,234.56,32.7867,11.7279,0.3421,9.2488
88,31,person,707.68,676.21,721.21,701.99,714.77,689.52,35.7384,34.4762,0.4811,0.2085
88,33,car,1121.59,684.22,1151.38,742.84,1136.38,713.45,56.819,35.6724,0.5412,0.0645
88,36,car,641.98,290.5,661.34,342.35,652.03,318.29,32.6016,15.9145,0.5508,0.5191
88,38,car,1147.89,628.09,1172.71,672.87,1160.28,650.45,58.014,32.5223,0.6634,0.0199
88,42,person,1340.7,425.77,1362.03,458.98,1351.14,442.48,67.5571,22.124,0.3681,0.2192
88,43,car,582.12,139.81,603.34,162.84,592.66,151.28,29.6329,7.5641,0.4778,0.0558
88,46,car,935.64,463.19,971.79,492.82,954.0,476.39,47.6998,23.8197,0.2614,0.4949
88,41,car,772.47,346.56,807.16,399.79,787.04,368.95,39.3518,18.4473,0.5062,1.9724
88,53,car,1145.87,1053.3,1170.14,1080.26,1157.91,1066.7,57.8954,53.3348,0.4143,0.0781
88,54,car,1166.98,1053.32,1192.2,1079.06,1179.63,1066.16,58.9816,53.308,0.3893,0.0517
88,55,car,1041.36,687.35,1070.45,729.3,1054.98,707.09,52.749,35.3546,0.3608,1.0946
88,59,person,1262.94,603.96,1277.57,633.51,1269.91,618.8,63.4956,30.9399,0.3669,0.1035
88,61,person,359.57,663.52,367.31,680.76,363.4,672.26,18.1701,33.613,0.3829,0.0609
88,62,bus,610.69,301.78,634.33,368.33,622.46,335.01,31.123,16.7503,0.4166,0.0402
88,18,car,627.1,627.33,664.54,667.87,645.77,647.72,32.2885,32.3862,0.4426,0.0548
88,34,car,610.7,301.8,634.32,368.42,622.46,334.97,31.123,16.7483,0.4149,0.0554
88,65,car,717.37,304.72,748.92,371.71,732.56,334.83,36.6281,16.7413,0.5093,1.8145
88,66,car,396.34,798.52,431.15,856.98,413.55,827.7,20.6776,41.3851,0.4353,0.1095
88,67,car,592.57,186.79,619.43,228.08,605.81,208.39,30.2906,10.4193,0.454,0.2659
88,68,car,1186.35,932.26,1338.48,1079.79,1262.82,1005.96,63.1411,50.2978,0.3588,0.1478
88,69,car,64.34,627.19,124.64,651.09,97.58,639.28,4.8791,31.9638,0.6021,1.4861
88,71,person,1215.52,599.98,1230.7,630.23,1224.4,614.76,61.2201,30.738,0.3773,0.62
88,74,car,18.59,516.55,81.0,544.55,50.29,530.62,2.5144,26.5309,0.5129,0.2553
88,76,bus,717.37,304.69,748.95,371.54,732.56,334.78,36.628,16.7392,0.5459,1.7939
88,77,car,597.08,255.06,622.14,318.36,609.49,286.72,30.4747,14.3362,0.3437,0.029
88,78,person,1065.37,442.36,1073.87,461.4,1069.57,451.91,53.4786,22.5953,0.381,0.0429
88,79,person,897.8,471.89,908.26,495.89,902.35,483.65,45.1177,24.1827,0.342,0.5009
88,11,car,369.66,537.95,430.82,574.75,398.07,556.33,19.9034,27.8166,0.5821,0.9298
88,72,person,898.17,469.64,914.08,495.47,905.48,481.41,45.2738,24.0703,0.4905,0.7048
88,81,car,1077.12,17.2,1384.32,525.79,1230.91,294.23,61.5455,14.7114,0.5377,4.938
88,82,car,1019.23,979.99,1042.71,1027.31,1032.28,1008.87,51.6139,50.4433,0.3365,1.3452
88,83,car,1046.42,1014.86,1074.91,1074.11,1061.44,1048.93,53.0718,52.4465,0.4117,1.3533
88,84,person,1024.02,525.85,1036.01,548.7,1030.34,537.1,51.517,26.8552,0.4814,0.1379
88,85,car,1110.06,624.41,1143.2,660.4,1126.63,642.4,56.3314,32.1202,0.5323,0.0
88,86,car,1476.6,821.3,1502.29,869.72,1489.45,845.51,74.4723,42.2755,0.4695,0.0
88,44,car,559.25,606.72,594.3,632.54,599.8,621.54,29.9902,31.0771,0.501,6.851
89,3,person,1322.97,436.49,1335.17,463.81,1329.14,449.94,66.4569,22.4968,0.3581,0.0541
89,5,person,731.71,637.35,742.72,661.49,736.45,648.6,36.8226,32.4301,0.4374,0.5676
89,7,car,937.59,972.18,991.75,1009.2,964.57,990.69,48.2283,49.5343,0.5973,0.0598
89,8,car,635.48,429.4,680.46,488.65,655.41,462.87,32.7703,23.1435,0.708,2.1427
89,9,car,638.56,694.82,677.89,745.74,658.2,720.24,32.9098,36.0118,0.7086,0.0428
89,10,car,752.28,665.18,787.82,700.63,769.95,682.93,38.4975,34.1467,0.7606,0.0666
89,12,car,529.94,521.74,583.7,565.5,551.73,544.89,27.5864,27.2443,0.6615,2.6452
89,14,car,611.32,350.63,639.62,419.13,625.4,383.8,31.2698,19.1901,0.659,0.1688
89,16,car,396.12,798.85,430.97,857.09,413.51,827.84,20.6756,41.3919,0.6061,0.0797
89,17,car,1121.66,684.42,1151.48,742.08,1136.49,713.09,56.8246,35.6543,0.6517,0.0549
89,19,car,759.88,246.8,784.67,286.97,772.25,266.79,38.6127,13.3393,0.4626,0.1919
89,20,motorcycle,1093.14,724.72,1107.83,755.26,1101.67,743.22,55.0835,37.1608,0.4913,1.4891
89,21,car,589.82,412.18,624.86,463.55,607.04,438.14,30.3518,21.9072,0.65,0.1033
89,25,car,669.13,502.76,700.67,544.35,687.59,522.92,34.3795,26.1462,0.5403,1.3179
89,26,person,590.78,588.23,599.98,607.47,594.66,597.47,29.7329,29.8735,0.4013,0.4542
89,27,car,1159.36,970.88,1180.71,990.74,1170.13,980.79,58.5067,49.0394,0.5014,0.0171
89,28,car,637.85,430.14,679.29,480.43,656.49,459.33,32.8245,22.9666,0.4433,2.4951
89,29,motorcycle,657.14,250.57,666.71,273.67,657.06,240.56,32.853,12.0278,0.4139,9.2136
89,31,person,707.52,676.03,721.3,701.99,714.68,689.4,35.734,34.4698,0.4944,0.2311
89,33,car,1121.61,684.33,1151.37,743.14,1136.42,713.48,56.8209,35.6739,0.5376,0.0726
89,36,car,641.88,289.74,661.2,341.67,651.89,317.78,32.5945,15.8891,0.5831,0.7906
89,38,car,1147.88,628.11,1172.73,672.93,1160.29,650.46,58.0145,32.5228,0.6654,0.0204
89,42,person,1340.8,426.41,1361.21,459.07,1351.15,442.49,67.5573,22.1247,0.3499,0.0217
89,43,car,582.13,139.8,603.4,162.81,592.68,151.3,29.6341,7.5648,0.48,0.0406
89,46,car,935.79,463.27,971.77,492.3,953.96,476.69,47.6981,23.8347,0.3324,0.451
89,41,car,773.45,347.34,807.72,400.72,787.91,370.21,39.3954,18.5105,0.4069,2.3048
89,53,car,1145.87,1053.31,1170.03,1080.25,1157.94,1066.72,57.897,53.3361,0.4041,0.0628
89,54,car,1167.08,1053.4,1192.28,1079.09,1179.65,1066.19,58.9823,53.3097,0.334,0.0546
89,55,car,1041.81,688.0,1070.57,727.22,1055.27,707.51,52.7635,35.3756,0.4056,0.7668
89,59,person,1263.01,604.02,1278.23,633.54,1270.03,618.78,63.5017,30.939,0.3773,0.1871
89,61,person,359.6,663.52,367.31,680.74,363.42,672.22,18.1711,33.6112,0.3768,0.0629
89,62,bus,610.7,301.82,634.37,368.28,622.47,335.02,31.1237,16.7511,0.3844,0.0316
89,18,car,627.07,627.31,664.46,667.84,645.78,647.68,32.2889,32.384,0.5158,0.0668
89,34,car,610.72,301.84,634.36,368.34,622.47,334.99,31.1237,16.7494,0.4605,0.0399
89,65,car,717.56,305.88,749.08,372.9,732.76,335.99,36.638,16.7993,0.4791,1.7666
89,66,car,396.34,798.46,431.2,856.97,413.62,827.71,20.6808,41.3857,0.4619,0.0956
89,67,car,592.54,186.94,619.48,227.4,605.87,208.31,30.2934,10.4155,0.2522,0.141
89,68,car,1186.74,932.22,1338.35,1079.78,1262.75,1005.96,63.1373,50.2979,0.3721,0.1134
89,69,car,63.03,627.33,123.62,650.71,96.55,639.26,4.8277,31.9631,0.6067,1.5446
89,71,person,1215.18,600.29,1230.29,629.89,1224.0,614.88,61.2002,30.7438,0.2827,0.6205
89,74,car,18.87,516.77,80.89,544.33,50.16,530.57,2.5082,26.5287,0.4364,0.1971
89,76,bus,717.56,305.86,749.11,372.73,732.76,335.93,36.6379,16.7966,0.4424,1.746
89,77,car,597.21,254.97,622.25,318.43,609.52,286.74,30.4762,14.3368,0.3547,0.0501
89,78,person,1065.37,442.34,1073.93,461.49,1069.59,451.9,53.4795,22.5952,0.3975,0.0291
89,79,person,897.91,471.93,908.86,496.28,902.6,483.85,45.1298,24.1925,0.348,0.4669
89,11,car,370.26,538.05,431.22,574.72,398.69,556.34,19.9346,27.8169,0.5547,0.938
89,72,person,898.28,469.72,914.2,495.82,905.71,481.76,45.2855,24.0879,0.5931,0.6347
89,81,car,1077.09,84.47,1384.22,526.13,1230.88,298.53,61.5439,14.9264,0.4732,6.4505
89,82,car,1019.4,978.41,1042.18,1022.18,1031.86,1006.95,51.5932,50.3475,0.3333,2.9391
89,83,car,1045.88,1012.76,1074.38,1071.63,1061.25,1047.97,53.0625,52.3984,0.2544,1.4695
89,84,person,1023.94,525.97,1036.06,548.79,1030.28,537.15,51.5141,26.8574,0.4946,0.1097
89,85,car,1109.95,624.42,1143.24,660.48,1126.61,642.43,56.3305,32.1213,0.528,0.0415
89,86,car,1476.43,821.21,1502.19,869.5,1489.38,845.43,74.4689,42.2716,0.2766,0.1546
89,44,car,558.04,606.83,592.85,630.72,595.26,621.1,29.7632,31.055,0.5782,6.8419
90,3,person,1323.17,436.83,1335.06,463.81,1329.14,449.99,66.4568,22.4996,0.3453,0.0854
90,5,person,731.87,637.49,743.19,661.68,736.68,648.89,36.8341,32.4444,0.4936,0.5524
90,7,car,938.76,972.16,991.27,1009.12,964.65,990.69,48.2326,49.5343,0.6261,0.1302
90,8,car,635.82,428.16,681.71,488.81,656.19,461.72,32.8093,23.0858,0.543,2.0901
90,9,car,638.6,694.82,677.93,745.66,658.21,720.25,32.9103,36.0126,0.7288,0.0303
90,10,car,752.35,665.2,787.83,700.59,769.99,682.93,38.4995,34.1465,0.7818,0.0603
90,12,car,531.8,521.17,585.25,565.12,553.41,544.45,27.6706,27.2224,0.6386,2.6101
90,14,car,611.24,350.72,639.62,420.21,625.42,383.95,31.2709,19.1974,0.6292,0.22
90,16,car,396.14,798.77,430.98,857.12,413.54,827.88,20.6771,41.3938,0.6225,0.0728
90,17,car,1121.71,684.5,1151.5,742.53,1136.53,713.14,56.8263,35.6568,0.6668,0.0898
90,19,car,759.78,246.9,784.5,286.76,772.26,266.82,38.613,13.341,0.3964,0.0519
90,20,motorcycle,1092.83,724.03,1107.5,754.0,1101.3,742.17,55.0648,37.1085,0.4616,1.6668
90,21,car,589.33,412.46,625.24,466.7,607.1,438.61,30.3548,21.9306,0.6421,0.7092
90,25,car,668.15,501.96,699.83,545.48,686.69,523.08,34.3345,26.154,0.6797,1.3702
90,26,person,591.13,588.35,600.04,607.8,594.92,597.61,29.7458,29.8805,0.4931,0.4385
90,27,car,1159.3,970.86,1180.72,990.7,1170.11,980.79,58.5057,49.0395,0.5,0.0284
90,28,car,638.54,428.84,679.84,479.67,657.19,457.97,32.8595,22.8984,0.6228,2.3003
90,29,motorcycle,657.04,240.7,667.54,270.73,658.48,245.94,32.9242,12.2972,0.4084,8.3604
90,31,person,707.44,675.69,721.3,701.98,714.58,689.24,35.7292,34.4621,0.5349,0.2731
90,33,car,1121.65,684.38,1151.38,743.43,1136.45,713.54,56.8225,35.6769,0.5212,0.1013
90,36,car,641.74,289.04,661.07,340.89,651.76,317.16,32.5878,15.858,0.51,0.9541
90,38,car,1147.88,628.14,1172.75,672.94,1160.3,650.47,58.0148,32.5234,0.6684,0.0213
90,42,person,1340.89,426.83,1360.63,459.12,1351.08,442.56,67.5538,22.1282,0.337,0.149
90,43,car,582.18,139.8,603.42,162.67,592.71,151.29,29.6354,7.5645,0.5576,0.0399
90,46,car,934.62,463.35,971.81,494.65,953.84,477.17,47.692,23.8585,0.3533,0.7378
90,41,car,774.23,348.16,808.47,401.63,788.78,371.37,39.4388,18.5687,0.5219,2.1759
90,53,car,1145.89,1053.34,1169.96,1080.25,1157.96,1066.75,57.8978,53.3374,0.4294,0.046
90,54,car,1167.18,1053.49,1192.3,1079.1,1179.66,1066.22,58.983,53.311,0.3689,0.0456
90,55,car,1042.48,688.58,1070.8,726.11,1055.58,707.78,52.7792,35.389,0.414,0.6166
90,59,person,1263.04,604.14,1278.37,633.47,1270.16,618.77,63.5081,30.9383,0.3521,0.1938
90,61,person,359.61,663.55,367.34,680.87,363.44,672.2,18.172,33.6099,0.4106,0.0456
90,62,bus,610.71,301.87,634.34,368.28,622.49,335.04,31.1243,16.7518,0.4117,0.0272
90,18,car,627.0,627.26,664.39,667.8,645.78,647.63,32.2888,32.3817,0.5252,0.0695
90,34,car,610.72,301.88,634.33,368.32,622.48,335.01,31.1242,16.7507,0.2843,0.0431
90,65,car,717.77,307.05,749.24,374.08,732.95,337.12,36.6475,16.8562,0.482,1.7301
90,66,car,396.41,798.44,431.18,856.97,413.68,827.72,20.6839,41.3858,0.4291,0.095
90,67,car,592.52,187.02,619.43,226.78,605.92,208.3,30.2962,10.4148,0.2948,0.0862
90,68,car,1186.91,932.39,1338.3,1079.77,1262.68,1005.97,63.134,50.2987,0.3821,0.1012
90,69,car,62.32,627.39,122.55,650.41,95.49,639.21,4.7744,31.9603,0.6282,1.601
90,71,person,1215.05,600.77,1229.89,629.92,1223.61,615.0,61.1806,30.75,0.3364,0.6169
90,74,car,19.1,516.78,80.78,544.15,50.06,530.53,2.5029,26.5263,0.5403,0.1738
90,76,bus,717.79,307.03,749.25,373.87,732.95,337.05,36.6475,16.8527,0.4834,1.7083
90,77,car,597.37,254.92,622.39,318.28,609.59,286.72,30.4793,14.3359,0.3897,0.0939
90,78,person,1065.37,442.32,1073.99,461.53,1069.61,451.9,53.4803,22.5952,0.3863,0.022
90,11,car,371.07,538.26,431.8,574.81,399.35,556.37,19.9677,27.8184,0.5757,0.9941
90,72,person,898.41,469.73,914.47,495.95,905.92,482.07,45.2958,24.1037,0.5731,0.5672
90,81,car,1077.15,125.71,1381.19,526.18,1230.62,299.32,61.531,14.9662,0.4202,1.2552
90,82,car,1019.75,976.92,1041.72,1018.88,1031.52,1004.99,51.5759,50.2496,0.3185,2.984
90,83,car,1045.53,1010.57,1073.12,1060.71,1060.92,1045.82,53.0459,52.2909,0.4382,3.2612
90,84,person,1024.13,525.85,1036.2,548.95,1030.27,537.19,51.5133,26.8593,0.4623,0.0602
90,85,car,1110.09,624.38,1143.21,660.34,1126.62,642.4,56.3312,32.1201,0.5555,0.0396
90,86,car,1476.8,821.27,1502.21,869.35,1489.42,845.39,74.471,42.2696,0.534,0.0888
90,44,car,556.7,606.97,591.34,630.52,590.73,620.66,29.5367,31.0329,0.5238,6.827
91,3,person,1323.22,437.03,1335.03,463.86,1329.13,450.07,66.4566,22.5037,0.3763,0.1208
91,5,person,732.05,637.8,743.52,661.87,736.94,649.15,36.8468,32.4577,0.4899,0.5508
91,7,car,939.5,972.14,990.98,1009.13,964.77,990.68,48.2386,49.5341,0.6247,0.1796
91,8,car,636.11,427.12,682.25,488.19,656.93,460.61,32.8465,23.0303,0.6916,2.0047
91,9,car,638.63,694.84,677.96,745.64,658.22,720.26,32.9111,36.0131,0.7325,0.0292
91,10,car,752.49,665.22,787.85,700.53,770.03,682.92,38.5016,34.1459,0.818,0.0656
91,12,car,533.27,520.56,586.83,564.87,555.07,544.0,27.7536,27.2,0.6704,2.5806
91,14,car,611.21,350.74,639.64,420.61,625.43,384.28,31.2716,19.2142,0.6405,0.506
91,16,car,396.24,798.93,431.04,857.14,413.58,827.92,20.6788,41.3962,0.605,0.088
91,17,car,1121.76,684.51,1151.52,742.62,1136.56,713.21,56.8278,35.6606,0.6776,0.1231
91,19,car,759.86,247.2,784.43,286.58,772.25,266.84,38.6123,13.3419,0.4736,0.0356
91,20,motorcycle,1092.55,723.32,1107.11,753.11,1100.92,741.15,55.0461,37.0574,0.4262,1.6306
91,21,car,589.16,412.63,625.41,468.76,607.17,439.33,30.3585,21.9667,0.6247,1.0881
91,25,car,667.32,501.27,699.07,545.82,685.81,523.28,34.2903,26.164,0.6653,1.3597
91,26,person,591.49,588.48,600.16,608.32,595.15,597.77,29.7577,29.8887,0.4682,0.4349
91,27,car,1159.25,970.92,1180.7,990.7,1170.09,980.8,58.5043,49.0398,0.5183,0.0431
91,28,car,639.29,427.55,680.43,478.52,657.89,456.67,32.8944,22.8337,0.6946,2.2022
91,29,motorcycle,656.83,238.46,667.55,267.87,659.95,251.3,32.9977,12.5652,0.3405,8.3372
91,31,person,707.42,675.59,721.15,701.87,714.48,689.07,35.7238,34.4536,0.6016,0.302
91,33,car,1121.7,684.39,1151.4,743.47,1136.48,713.61,56.8239,35.6807,0.4828,0.1222
91,36,car,641.65,288.32,660.94,340.01,651.64,316.46,32.5818,15.8228,0.5009,1.0731
91,38,car,1147.88,628.14,1172.79,672.97,1160.3,650.49,58.0152,32.5243,0.6519,0.0281
91,42,person,1340.93,426.32,1361.53,459.19,1351.05,442.62,67.5525,22.1309,0.3425,0.0898
91,43,car,582.24,139.88,603.44,162.49,592.74,151.27,29.6369,7.5636,0.5761,0.0543
91,46,car,933.88,463.4,971.86,495.98,953.67,477.75,47.6834,23.8873,0.3866,0.9007
91,41,car,775.05,348.73,809.35,401.74,789.66,372.36,39.4828,18.618,0.5702,1.9827
91,53,car,1145.91,1053.34,1169.91,1080.26,1157.96,1066.77,57.8981,53.3383,0.4318,0.0292
91,54,car,1167.24,1053.64,1192.36,1079.11,1179.68,1066.25,58.9839,53.3124,0.3439,0.0506
91,55,car,1042.51,689.35,1071.17,730.18,1055.89,708.26,52.7946,35.4128,0.3727,0.8504
91,59,person,1263.06,604.07,1278.62,633.46,1270.31,618.75,63.5157,30.9376,0.4172,0.2261
91,61,person,359.69,663.63,367.35,680.88,363.46,672.19,18.1729,33.6093,0.4508,0.0336
91,62,bus,610.7,301.95,634.31,368.31,622.49,335.06,31.1247,16.7531,0.4367,0.0406
91,18,car,627.07,627.17,664.39,667.84,645.77,647.6,32.2887,32.3798,0.4547,0.0591
91,34,car,610.71,301.96,634.3,368.36,622.49,335.05,31.1247,16.7525,0.401,0.0544
91,65,car,717.95,308.19,749.35,375.14,733.13,338.25,36.6566,16.9123,0.4382,1.7047
91,66,car,396.48,798.73,431.16,856.99,413.73,827.74,20.6866,41.3872,0.4203,0.0902
91,67,car,592.53,187.0,619.31,226.45,605.95,207.69,30.2974,10.3845,0.2635,0.9089
91,68,car,1187.0,932.59,1338.5,1079.77,1262.63,1006.01,63.1316,50.3004,0.4267,0.0871
91,69,car,61.25,627.19,121.49,650.7,94.46,639.14,4.7229,31.9572,0.6158,1.5456
91,71,person,1214.94,600.55,1229.55,630.13,1223.23,615.1,61.1615,30.755,0.4419,0.5922
91,74,car,19.32,516.96,80.8,544.03,50.0,530.51,2.4999,26.5254,0.5703,0.095
91,76,bus,717.98,308.16,749.34,374.93,733.14,338.16,36.6568,16.908,0.4936,1.6821
91,77,car,597.49,254.88,622.57,318.17,609.67,286.69,30.4834,14.3344,0.4263,0.1328
91,78,person,1065.39,442.36,1074.0,461.55,1069.63,451.91,53.4814,22.5955,0.4082,0.0355
91,11,car,372.01,538.27,432.42,574.9,400.07,556.42,20.0033,27.8211,0.5663,1.0689
91,72,person,898.44,469.99,914.68,496.02,906.1,482.37,45.3051,24.1183,0.5117,0.5175
91,81,car,1077.27,148.2,1376.48,524.08,1230.02,305.61,61.5008,15.2807,0.3853,9.4779
91,82,car,1020.05,975.59,1041.14,1016.24,1031.21,1002.93,51.5607,50.1465,0.3209,3.1244
91,83,car,1044.83,1008.59,1072.36,1054.43,1060.47,1042.88,53.0233,52.1438,0.5178,4.4661
91,84,person,1024.47,525.65,1036.28,549.26,1030.23,537.27,51.5113,26.8634,0.4393,0.1367
91,85,car,1110.25,624.35,1143.19,660.26,1126.65,642.38,56.3324,32.1189,0.5102,0.052
91,86,car,1476.88,821.33,1502.29,869.18,1489.46,845.36,74.4731,42.2679,0.5177,0.0803
91,44,car,555.39,607.13,590.02,630.84,586.21,620.25,29.3106,31.0124,0.6496,6.8108
91,87,car,1081.98,657.64,1109.05,702.55,1095.51,680.09,54.7757,34.0045,0.5183,0.0
91,75,car,372.15,538.13,432.54,570.46,395.85,555.42,19.7923,27.7708,0.5157,1.649
92,3,person,1323.25,437.03,1335.05,463.83,1329.13,450.15,66.4563,22.5077,0.3488,0.1218
92,5,person,732.18,638.07,743.62,661.99,737.18,649.39,36.8592,32.4695,0.4988,0.5136
92,7,car,939.95,972.11,990.82,1009.14,964.9,990.67,48.2449,49.5336,0.6883,0.1877
92,8,car,636.84,426.13,683.38,487.43,657.71,459.56,32.8855,22.9778,0.6777,1.9598
92,9,car,638.67,694.86,677.97,745.61,658.24,720.27,32.9121,36.0133,0.7168,0.0294
92,10,car,752.57,665.21,787.9,700.49,770.08,682.9,38.5038,34.1448,0.8277,0.0741
92,12,car,534.77,519.96,588.52,564.62,556.76,543.59,27.8381,27.1796,0.6036,2.6077
92,14,car,611.2,350.72,639.65,421.06,625.44,384.7,31.2721,19.235,0.6614,0.623
92,16,car,396.31,799.07,431.13,857.13,413.6,827.98,20.6799,41.399,0.6239,0.0895
92,17,car,1121.79,684.53,1151.59,742.52,1136.59,713.28,56.8294,35.6641,0.6414,0.1153
92,19,car,759.92,247.45,784.22,286.39,772.22,266.86,38.6111,13.3428,0.5057,0.0446
92,20,motorcycle,1092.26,722.25,1106.83,752.47,1100.56,740.17,55.028,37.0085,0.4979,1.5654
92,21,car,588.87,412.7,625.37,469.97,607.2,439.8,30.3602,21.9902,0.636,0.7057
92,25,car,666.54,500.34,698.17,545.56,684.93,523.21,34.2466,26.1604,0.661,1.3143
92,26,person,591.78,588.67,600.38,608.67,595.39,597.95,29.7694,29.8977,0.4124,0.441
92,27,car,1159.4,970.91,1180.77,990.65,1170.07,980.8,58.5036,49.0399,0.5147,0.0221
92,28,car,639.89,426.46,681.18,477.8,658.56,455.47,32.9279,22.7734,0.5141,2.0698
92,29,motorcycle,656.89,236.0,667.28,265.17,661.43,256.54,33.0713,12.8268,0.3154,8.1534
92,31,person,707.33,675.6,721.04,701.86,714.39,688.97,35.7197,34.4484,0.6308,0.1992
92,33,car,1121.73,684.39,1151.46,743.29,1136.51,713.68,56.8254,35.6839,0.5143,0.1058
92,36,car,641.58,287.6,660.85,339.36,651.53,315.71,32.5763,15.7856,0.5843,1.1254
92,38,car,1147.83,628.15,1172.82,673.01,1160.31,650.51,58.0155,32.5254,0.6825,0.0353
92,42,person,1340.95,426.86,1360.69,459.15,1351.02,442.69,67.5509,22.1344,0.3287,0.1161
92,43,car,582.29,139.9,603.49,162.39,592.77,151.25,29.6386,7.5624,0.5143,0.0616
92,46,car,934.71,463.41,971.94,494.55,953.54,478.2,47.6772,23.9102,0.2732,0.7127
92,41,car,775.62,349.21,810.11,401.34,790.53,373.45,39.5265,18.6727,0.4086,2.103
92,53,car,1145.93,1053.32,1169.71,1080.27,1157.95,1066.78,57.8973,53.339,0.4146,0.0308
92,54,car,1167.24,1053.69,1192.44,1079.11,1179.71,1066.28,58.9854,53.3138,0.3887,0.0589
92,55,car,1042.76,689.83,1071.56,732.81,1056.21,708.83,52.8103,35.4413,0.577,0.977
92,59,person,1263.05,604.13,1278.7,633.44,1270.46,618.75,63.523,30.9376,0.4199,0.2194
92,61,person,359.76,663.72,367.34,680.91,363.48,672.19,18.1738,33.6097,0.434,0.0295
92,62,bus,610.68,302.0,634.27,368.36,622.5,335.08,31.1248,16.754,0.3525,0.0282
92,18,car,627.1,627.17,664.3,667.87,645.76,647.57,32.2882,32.3784,0.479,0.0445
92,34,car,610.69,302.01,634.26,368.39,622.5,335.09,31.1248,16.7543,0.4575,0.0532
92,65,car,718.1,309.11,749.5,376.09,733.3,339.34,36.6651,16.9672,0.4185,1.6683
92,66,car,396.51,798.82,431.23,856.98,413.78,827.77,20.6888,41.3886,0.4304,0.0788
92,67,car,592.51,186.9,619.06,226.11,605.94,207.29,30.2972,10.3644,0.4768,0.6041
92,68,car,1187.14,932.76,1338.45,1079.81,1262.63,1006.06,63.1314,50.3031,0.4137,0.0834
92,69,car,60.09,626.88,120.56,650.9,93.41,639.09,4.6707,31.9543,0.6217,1.5694
92,71,person,1214.74,600.31,1229.04,630.38,1222.86,615.19,61.1428,30.7595,0.4703,0.5764
92,74,car,19.54,517.03,81.05,543.98,49.99,530.51,2.4994,26.5256,0.5254,0.0149
92,76,bus,718.09,309.09,749.48,375.93,733.31,339.25,36.6653,16.9626,0.4901,1.6576
92,77,car,597.68,254.99,622.63,318.1,609.76,286.66,30.4882,14.3329,0.4315,0.1517
92,78,person,1065.42,442.36,1073.99,461.49,1069.65,451.91,53.4823,22.5954,0.3786,0.0281
92,11,car,372.8,538.22,433.11,574.91,400.81,556.45,20.0407,27.8227,0.5978,1.1233
92,72,person,898.25,471.77,912.9,496.58,906.11,482.77,45.3053,24.1386,0.3322,0.61
92,81,car,1077.34,164.75,1379.39,524.89,1229.63,308.7,61.4814,15.4349,0.4159,4.6638
92,82,car,1020.07,974.49,1040.54,1014.43,1030.94,1000.87,51.5471,50.0434,0.3214,3.12
92,83,car,1044.01,1006.93,1072.09,1051.24,1059.93,1039.81,52.9965,51.9903,0.2641,4.6755
92,84,person,1025.1,525.62,1036.51,549.65,1030.27,537.35,51.5137,26.8676,0.4597,0.1484
92,85,car,1110.28,624.36,1143.2,660.2,1126.67,642.36,56.3333,32.1179,0.6047,0.0409
92,86,car,1476.72,821.34,1502.35,869.25,1489.48,845.35,74.4738,42.2673,0.5332,0.0292
92,44,car,554.14,607.31,588.53,630.96,581.7,619.86,29.0849,30.993,0.6795,6.7961
92,87,car,1081.98,657.63,1109.08,702.91,1095.52,680.18,54.7761,34.009,0.5605,0.1361
92,75,car,373.05,538.11,433.17,571.73,397.46,555.27,19.8731,27.7633,0.3224,2.4362
92,64,person,784.51,696.8,795.76,720.13,795.67,708.84,39.7837,35.442,0.6253,1.8935
93,3,person,1323.19,437.03,1335.13,463.81,1329.12,450.24,66.4561,22.5119,0.3506,0.1264
93,5,person,732.28,638.48,743.64,662.23,737.41,649.63,36.8705,32.4813,0.6152,0.4896
93,7,car,940.25,972.09,990.72,1009.11,965.02,990.66,48.2509,49.5328,0.6233,0.1816
93,8,car,637.98,425.02,683.85,485.56,658.52,458.42,32.9261,22.921,0.689,2.0946
93,9,car,638.68,694.86,677.98,745.66,658.26,720.27,32.9131,36.0133,0.7286,0.0291
93,10,car,752.65,665.23,787.91,700.48,770.12,682.88,38.506,34.1438,0.8411,0.0731
93,12,car,535.91,519.34,590.05,564.15,558.36,543.16,27.918,27.1578,0.7,2.4824
93,14,car,611.19,350.76,639.65,422.15,625.44,385.16,31.2722,19.258,0.6777,0.6906
93,16,car,396.41,798.84,431.24,857.06,413.63,827.99,20.6816,41.3997,0.3191,0.0558
93,17,car,1121.77,684.56,1151.65,742.5,1136.62,713.35,56.8309,35.6676,0.6538,0.116
93,19,car,759.97,247.69,784.15,286.41,772.2,266.88,38.6098,13.3441,0.5371,0.0545
93,20,motorcycle,1091.87,721.9,1106.45,751.86,1100.2,739.27,55.01,36.9636,0.5123,1.4524
93,21,car,588.65,412.64,625.23,470.98,607.19,440.12,30.3597,22.0059,0.6609,0.4729
93,25,car,665.66,499.36,697.21,544.8,684.05,523.18,34.2027,26.1591,0.5698,1.3187
93,26,person,592.09,588.86,600.87,608.84,595.64,598.15,29.7819,29.9074,0.4591,0.4756
93,27,car,1159.5,970.85,1180.82,990.71,1170.07,980.8,58.5034,49.04,0.5152,0.0074
93,28,car,640.61,425.26,681.72,476.18,659.21,454.26,32.9606,22.7129,0.6375,2.0639
93,29,motorcycle,656.75,231.06,667.7,262.46,661.93,256.26,33.0966,12.8128,0.4114,0.8672
93,31,person,707.32,675.52,721.05,701.84,714.34,688.89,35.7168,34.4446,0.6681,0.1446
93,33,car,1121.7,684.41,1151.52,743.15,1136.53,713.73,56.8266,35.6865,0.5124,0.0852
93,36,car,641.42,286.93,660.78,338.7,651.42,314.97,32.5709,15.7483,0.5693,1.1336
93,38,car,1147.82,628.13,1172.85,673.02,1160.32,650.53,58.0158,32.5264,0.6617,0.0312
93,42,person,1340.93,427.26,1360.16,459.11,1350.98,442.78,67.5492,22.1388,0.3282,0.1416
93,43,car,582.36,139.91,603.53,162.39,592.81,151.23,29.6404,7.5616,0.3034,0.0602
93,46,car,933.96,463.35,972.07,496.15,953.39,478.68,47.6694,23.9342,0.3494,0.7561
93,41,car,776.67,349.81,810.83,396.8,791.37,373.94,39.5683,18.697,0.6034,1.4485
93,53,car,1146.0,1053.27,1169.6,1080.26,1157.92,1066.78,57.8958,53.3392,0.3983,0.0463
93,54,car,1167.28,1053.74,1192.55,1079.11,1179.74,1066.3,58.9869,53.3152,0.3769,0.0631
93,55,car,1043.01,690.79,1071.84,734.92,1056.52,709.49,52.8261,35.4744,0.3475,1.1018
93,59,person,1263.03,604.16,1278.84,633.5,1270.6,618.77,63.5302,30.9384,0.3969,0.2182
93,61,person,359.82,663.93,367.33,680.87,363.49,672.23,18.1747,33.6113,0.4055,0.054
93,62,bus,610.65,302.05,634.3,368.42,622.5,335.11,31.1249,16.7554,0.3606,0.0418
93,18,car,627.18,627.17,664.29,667.92,645.75,647.56,32.2874,32.3778,0.5129,0.0295
93,34,car,610.66,302.06,634.28,368.44,622.5,335.13,31.1249,16.7564,0.4842,0.0644
93,65,car,718.16,310.06,749.68,376.95,733.47,340.43,36.6733,17.0213,0.4521,1.6401
93,66,car,396.48,798.7,431.29,857.01,413.81,827.79,20.6903,41.3896,0.6247,0.0545
93,67,car,592.5,186.8,619.06,225.87,605.92,206.98,30.2961,10.3492,0.2822,0.4559
93,68,car,1187.06,932.89,1338.58,1079.85,1262.64,1006.13,63.1322,50.3065,0.383,0.1047
93,69,car,59.17,626.87,119.33,651.09,92.4,639.02,4.6199,31.9512,0.6458,1.5257
93,71,person,1214.5,600.39,1228.62,630.77,1222.51,615.28,61.1253,30.7639,0.4609,0.543
93,74,car,19.6,517.29,81.37,544.02,50.02,530.53,2.501,26.5266,0.4097,0.055
93,76,bus,718.18,310.05,749.66,376.83,733.47,340.33,36.6735,17.0166,0.4339,1.6383
93,77,car,597.83,254.99,622.8,318.14,609.89,286.63,30.4943,14.3316,0.4218,0.1844
93,78,person,1065.41,442.28,1074.18,461.52,1069.68,451.91,53.4839,22.5955,0.379,0.0468
93,11,car,373.62,538.11,433.69,574.95,401.53,556.47,20.0764,27.8236,0.6157,1.072
93,72,person,898.26,471.65,913.66,496.47,906.13,483.1,45.3064,24.1548,0.4336,0.4848
93,81,car,1077.4,173.88,1378.46,525.12,1229.2,316.3,61.4601,15.8149,0.4466,11.4163
93,82,car,1020.35,974.81,1040.0,1013.16,1030.7,998.92,51.535,49.9462,0.2829,2.9388
93,83,car,1043.41,1004.92,1071.93,1049.41,1059.36,1036.69,52.9681,51.8343,0.2562,4.7564
93,84,person,1025.95,525.71,1036.79,550.05,1030.41,537.46,51.5205,26.8731,0.4703,0.2604
93,85,car,1110.23,624.36,1143.24,660.23,1126.68,642.35,56.3339,32.1174,0.6105,0.0233
93,86,car,1476.68,821.45,1502.38,869.3,1489.49,845.35,74.4743,42.2675,0.5609,0.0151
93,44,car,552.79,607.5,587.1,631.33,577.18,619.51,28.8592,30.9755,0.631,6.7905
93,87,car,1082.01,657.7,1109.07,703.22,1095.53,680.27,54.7763,34.0136,0.5545,0.1379
93,64,person,783.96,696.85,794.7,720.14,794.4,708.76,39.72,35.4381,0.7301,1.9145
94,3,person,1323.05,437.04,1335.19,463.8,1329.12,450.32,66.456,22.5158,0.3183,0.1159
94,5,person,732.45,638.73,743.7,662.37,737.62,649.85,36.8812,32.4927,0.587,0.4676
94,7,car,940.47,972.11,990.74,1009.13,965.15,990.64,48.2576,49.5322,0.6622,0.2022
94,8,car,638.8,423.89,685.22,484.62,659.42,457.26,32.9709,22.8631,0.6485,2.1964
94,9,car,638.72,694.85,678.02,745.74,658.29,720.27,32.9143,36.0133,0.717,0.037
94,10,car,752.7,665.22,787.94,700.42,770.17,682.87,38.5084,34.1433,0.8428,0.0713
94,12,car,537.22,518.46,591.46,563.52,559.93,542.65,27.9964,27.1325,0.6152,2.474
94,14,car,611.16,350.8,639.61,422.97,625.43,385.61,31.2717,19.2803,0.6674,0.6677
94,16,car,396.44,798.77,431.28,857.06,413.67,827.99,20.6836,41.3994,0.6342,0.0605
94,17,car,1121.75,684.51,1151.68,742.37,1136.64,713.42,56.832,35.6708,0.6349,0.1008
94,19,car,759.81,247.81,784.12,286.48,772.15,266.93,38.6073,13.3464,0.4736,0.1025
94,20,motorcycle,1091.51,720.83,1106.05,750.9,1099.84,738.35,54.9919,36.9176,0.5418,1.4809
94,21,car,589.29,412.25,625.16,467.18,607.21,439.99,30.3603,21.9997,0.6697,0.1859
94,25,car,665.15,498.23,696.25,537.7,683.2,522.45,34.1601,26.1227,0.5846,1.6839
94,26,person,592.55,588.93,601.7,609.0,595.95,598.34,29.7976,29.9171,0.3797,0.5536
94,27,car,1159.54,970.82,1180.83,990.7,1170.08,980.79,58.5039,49.0397,0.4966,0.0181
94,28,car,641.27,424.23,682.01,478.79,659.84,453.36,32.9919,22.6678,0.3758,1.6473
94,29,motorcycle,656.56,227.04,667.51,259.8,662.07,253.69,33.1036,12.6844,0.3924,3.8561
94,31,person,707.36,675.54,721.12,701.85,714.3,688.83,35.7152,34.4414,0.6542,0.1066
94,33,car,1121.7,684.37,1151.55,742.96,1136.55,713.77,56.8277,35.6884,0.4977,0.0663
94,36,car,641.27,286.09,660.69,337.9,651.31,314.22,32.5656,15.7111,0.5719,1.1272
94,38,car,1147.84,628.14,1172.91,673.07,1160.33,650.55,58.0163,32.5275,0.6842,0.0358
94,42,person,1340.96,427.41,1359.96,459.1,1350.88,442.9,67.5442,22.1449,0.3274,0.2375
94,43,car,582.39,139.91,603.54,162.48,592.85,151.22,29.6424,7.561,0.4926,0.061
94,46,car,933.42,463.35,972.17,497.1,953.25,479.06,47.6623,23.9531,0.3573,0.6073
94,41,car,777.82,350.68,811.6,393.91,792.18,374.03,39.609,18.7015,0.538,1.2292
94,53,car,1146.06,1053.27,1169.44,1080.24,1157.88,1066.78,57.894,53.3391,0.4434,0.0539
94,54,car,1167.27,1053.79,1192.57,1079.12,1179.78,1066.34,58.9892,53.317,0.4126,0.088
94,55,car,1043.33,691.65,1072.31,736.34,1056.85,710.17,52.8427,35.5086,0.4296,1.1402
94,59,person,1263.04,604.08,1279.07,633.6,1270.76,618.79,63.5378,30.9396,0.4184,0.2312
94,61,person,359.87,663.96,367.33,680.85,363.52,672.26,18.1758,33.6132,0.4107,0.0668
94,62,bus,610.6,302.05,634.35,368.5,622.5,335.14,31.125,16.7572,0.3398,0.0527
94,18,car,627.29,627.15,664.47,668.02,645.76,647.55,32.288,32.3775,0.6373,0.0199
94,34,car,610.62,302.05,634.34,368.46,622.5,335.17,31.125,16.7584,0.5004,0.0582
94,65,car,718.24,310.89,749.94,377.74,733.63,341.46,36.6816,17.0732,0.4363,1.5779
94,66,car,396.55,798.68,431.31,857.0,413.83,827.8,20.6916,41.3902,0.2955,0.0428
94,67,car,592.51,186.71,619.12,225.73,605.9,206.75,30.2949,10.3377,0.27,0.3466
94,68,car,1186.92,933.01,1338.12,1079.91,1262.64,1006.2,63.1318,50.31,0.3049,0.1047
94,69,car,58.56,627.07,118.11,650.65,91.36,638.96,4.5681,31.9481,0.5594,1.5593
94,71,person,1214.29,600.39,1228.26,631.02,1222.18,615.36,61.1092,30.768,0.5047,0.4973
94,74,car,19.66,517.69,80.93,544.01,50.11,530.58,2.5053,26.5291,0.3072,0.1502
94,76,bus,718.25,310.89,749.91,377.65,733.64,341.38,36.6819,17.0688,0.4385,1.5853
94,77,car,597.96,255.0,623.07,318.2,610.03,286.61,30.5017,14.3303,0.3994,0.2262
94,78,person,1065.39,442.21,1074.31,461.55,1069.71,451.91,53.4857,22.5956,0.4221,0.0546
94,11,car,374.13,538.0,434.31,574.9,402.21,556.49,20.1104,27.8243,0.6359,1.022
94,72,person,898.22,471.79,914.33,496.36,906.17,483.35,45.3084,24.1677,0.5608,0.3921
94,81,car,1077.3,107.26,1376.67,521.93,1228.67,321.11,61.4336,16.0557,0.4847,7.2679
94,82,car,1020.48,975.57,1039.61,1012.85,1030.52,997.2,51.5258,49.8601,0.2826,2.5988
94,83,car,1042.68,1003.0,1071.77,1052.03,1058.81,1033.94,52.9404,51.6971,0.4431,4.1987
94,84,person,1026.58,526.31,1037.27,550.52,1030.66,537.63,51.5332,26.8817,0.5141,0.4613
94,85,car,1110.22,624.32,1143.33,660.14,1126.69,642.33,56.3346,32.1165,0.6035,0.0335
94,86,car,1476.51,821.46,1502.42,869.4,1489.48,845.36,74.4741,42.2681,0.5943,0.0179
94,44,car,551.44,607.69,585.74,631.3,572.69,619.17,28.6344,30.9585,0.7143,6.7627
94,87,car,1082.06,657.52,1109.11,703.14,1095.54,680.29,54.7771,34.0143,0.5439,0.0309
94,64,person,783.45,696.93,793.92,720.17,793.17,708.69,39.6583,35.4344,0.7236,1.8544
94,88,person,790.84,392.74,800.05,417.53,795.44,405.14,39.772,20.2569,0.2915,0.0
95,3,person,1323.24,437.0,1335.33,463.84,1329.15,450.37,66.4573,22.5186,0.3453,0.0936
95,5,person,732.66,639.06,743.54,662.41,737.8,650.07,36.8898,32.5037,0.5681,0.4208
95,7,car,940.61,972.13,990.69,1009.17,965.29,990.64,48.2646,49.5319,0.6008,0.2123
95,8,car,639.47,422.31,686.63,483.3,660.29,456.33,33.0143,22.8164,0.6944,1.9123
95,9,car,638.73,694.83,678.07,745.77,658.31,720.26,32.9157,36.0132,0.755,0.0433
95,10,car,752.74,665.18,787.9,700.35,770.21,682.85,38.5105,34.1426,0.8503,0.0674
95,12,car,538.77,517.85,592.89,562.87,561.45,542.12,28.0727,27.1062,0.6657,2.4209
95,14,car,611.17,350.84,639.61,423.44,625.42,386.06,31.271,19.3028,0.6669,0.676
95,16,car,396.63,798.87,431.26,857.03,413.73,827.98,20.6864,41.399,0.3558,0.0846
95,17,car,1121.79,684.53,1151.71,742.04,1136.67,713.44,56.8333,35.6722,0.5857,0.0585
95,19,car,759.79,247.82,784.55,286.85,772.12,267.01,38.6059,13.3504,0.4992,0.1264
95,20,motorcycle,1091.15,719.02,1105.67,750.21,1099.48,737.42,54.9741,36.871,0.5696,1.4967
95,21,car,589.45,411.99,625.16,464.11,607.21,439.86,30.3607,21.9932,0.6671,0.1975
95,25,car,664.47,497.21,695.45,532.99,682.36,521.27,34.1181,26.0637,0.6526,2.1718
95,26,person,593.0,589.16,602.42,609.12,596.31,598.56,29.8156,29.9282,0.3652,0.6352
95,27,car,1159.4,970.85,1180.78,990.64,1170.08,980.78,58.5039,49.039,0.4975,0.0187
95,28,car,642.11,422.84,682.17,475.79,660.44,452.32,33.0221,22.616,0.374,1.8001
95,29,motorcycle,656.45,226.17,667.09,257.25,662.07,250.5,33.1037,12.5248,0.2905,4.7906
95,31,person,707.45,675.84,721.35,701.89,714.3,688.79,35.7149,34.4397,0.6191,0.0519
95,33,car,1121.74,684.39,1151.59,742.64,1136.58,713.77,56.829,35.6883,0.5123,0.039
95,36,car,641.17,285.06,660.57,337.01,651.2,313.45,32.56,15.6726,0.5599,1.1673
95,38,car,1147.84,628.13,1172.94,673.05,1160.34,650.57,58.017,32.5283,0.6895,0.0309
95,42,person,1340.97,427.4,1359.86,459.08,1350.75,443.02,67.5374,22.1511,0.3645,0.2757
95,43,car,582.43,139.93,603.55,162.69,592.89,151.22,29.6443,7.5609,0.4747,0.0566
95,46,car,933.21,463.38,972.21,497.72,953.1,479.43,47.6551,23.9713,0.3542,0.5868
95,41,car,778.46,352.01,812.49,399.75,792.99,374.42,39.6495,18.7208,0.4292,1.3446
95,53,car,1146.11,1053.3,1169.31,1080.23,1157.84,1066.78,57.8919,53.339,0.3568,0.0634
95,54,car,1167.24,1053.74,1192.6,1079.09,1179.83,1066.37,58.9915,53.3187,0.3949,0.0851
95,55,car,1044.16,692.31,1072.79,733.32,1057.22,710.81,52.861,35.5407,0.4756,1.1092
95,59,person,1263.13,603.93,1279.4,633.65,1270.9,618.8,63.545,30.94,0.4155,0.2167
95,61,person,359.88,663.97,367.34,680.84,363.54,672.3,18.177,33.6151,0.4296,0.068
95,62,bus,610.62,302.03,634.33,368.61,622.5,335.18,31.1248,16.759,0.3574,0.0563
95,18,car,627.31,627.37,664.55,668.15,645.78,647.57,32.2888,32.3787,0.7292,0.0418
95,34,car,610.63,302.03,634.32,368.51,622.5,335.19,31.1248,16.7595,0.5154,0.0359
95,65,car,718.36,311.72,750.19,378.75,733.79,342.47,36.6897,17.1234,0.3935,1.5239
95,66,car,396.68,798.82,431.25,857.02,413.86,827.83,20.6932,41.3915,0.6646,0.0608
95,67,car,592.49,186.56,619.11,225.52,605.87,206.56,30.2934,10.3278,0.451,0.302
95,68,car,1186.58,933.11,1338.16,1079.93,1262.63,1006.27,63.1315,50.3135,0.3505,0.1067
95,69,car,57.85,627.12,117.13,650.27,90.36,638.9,4.518,31.9449,0.6514,1.504
95,71,person,1214.04,600.48,1227.98,631.17,1221.88,615.46,61.0942,30.7732,0.5244,0.4765
95,74,car,19.79,517.54,80.81,544.11,50.18,530.62,2.5089,26.531,0.3476,0.1233
95,76,bus,718.37,311.72,750.17,378.68,733.8,342.39,36.6898,17.1194,0.4666,1.5367
95,77,car,597.96,254.93,623.29,318.3,610.18,286.59,30.5089,14.3296,0.4319,0.218
95,78,person,1065.41,442.21,1074.33,461.58,1069.75,451.91,53.4875,22.5957,0.4246,0.0538
95,11,car,374.52,538.11,434.96,574.83,402.85,556.5,20.1426,27.8251,0.607,0.9638
95,72,person,898.29,472.01,914.95,496.42,906.24,483.59,45.312,24.1795,0.5881,0.3712
95,81,car,1077.15,136.44,1374.63,521.5,1227.98,329.32,61.3991,16.4662,0.4364,12.3601
95,82,car,1020.66,976.19,1039.1,1011.76,1030.36,995.82,51.518,49.791,0.2575,2.086
95,83,car,1042.14,1001.09,1071.52,1051.87,1058.26,1031.37,52.913,51.5685,0.3814,3.9445
95,84,person,1027.08,526.83,1038.12,551.0,1031.03,537.87,51.5517,26.8934,0.498,0.6562
95,85,car,1110.21,624.37,1143.37,660.15,1126.72,642.31,56.3358,32.1155,0.5921,0.0462
95,86,car,1476.49,821.49,1502.49,869.55,1489.49,845.36,74.4744,42.2682,0.578,0.0096
95,44,car,549.98,607.81,584.43,631.72,571.32,619.19,28.5661,30.9595,0.7364,2.0508
95,87,car,1082.12,657.56,1109.07,703.1,1095.55,680.29,54.7777,34.0147,0.5412,0.0206
95,64,person,782.93,696.83,793.32,720.18,791.95,708.63,39.5973,35.4314,0.6295,1.8321
95,88,person,790.71,394.22,798.74,417.24,795.08,405.43,39.7542,20.2717,0.4046,0.6979
95,89,motorcycle,965.83,643.87,975.73,663.27,970.78,653.57,48.5388,32.6785,0.5162,0.0
96,3,person,1323.41,436.99,1335.45,463.89,1329.2,450.41,66.4599,22.5207,0.3597,0.0988
96,5,person,732.45,638.25,743.65,662.52,737.91,650.21,36.8957,32.5106,0.5554,0.2733
96,7,car,940.67,972.18,990.66,1009.24,965.44,990.64,48.2718,49.532,0.571,0.2138
96,8,car,640.12,421.02,685.2,481.22,660.96,455.2,33.0478,22.7599,0.6438,1.9701
96,9,car,638.73,694.82,678.1,745.82,658.34,720.27,32.9171,36.0135,0.7536,0.0415
96,10,car,752.78,665.16,787.91,700.14,770.25,682.82,38.5126,34.1408,0.8338,0.083
96,12,car,540.7,517.25,594.7,562.48,563.01,541.59,28.1505,27.0794,0.6783,2.4668
96,14,car,611.16,350.87,639.62,423.84,625.41,386.41,31.2705,19.3205,0.6588,0.5313
96,16,car,396.76,799.04,431.19,856.97,413.79,827.99,20.6895,41.3993,0.3232,0.0938
96,17,car,1121.81,684.52,1151.72,741.59,1136.69,713.42,56.8347,35.6709,0.5578,0.0589
96,19,car,759.86,247.69,784.92,287.09,772.13,267.08,38.6067,13.354,0.4162,0.111
96,20,motorcycle,1090.82,717.8,1105.37,749.18,1099.14,736.49,54.957,36.8246,0.5278,1.4829
96,21,car,589.38,411.87,625.11,462.26,607.2,439.75,30.36,21.9874,0.6504,0.1736
96,25,car,663.6,496.26,694.4,529.61,681.52,519.76,34.0759,25.9878,0.573,2.6031
96,26,person,593.37,589.39,602.82,609.37,596.7,598.78,29.835,29.9391,0.3793,0.6678
96,27,car,1159.39,970.93,1180.72,990.58,1170.08,980.77,58.504,49.0386,0.5081,0.0126
96,28,car,642.9,421.31,682.39,473.34,661.02,451.18,33.0512,22.5591,0.4416,1.9162
96,29,motorcycle,656.35,224.96,667.07,254.94,662.04,247.33,33.1022,12.3664,0.2865,4.7503
96,31,person,707.52,676.0,721.43,701.94,714.31,688.79,35.7153,34.4394,0.5705,0.0155
96,33,car,1121.76,684.39,1151.61,742.28,1136.61,713.71,56.8303,35.6855,0.5096,0.0951
96,36,car,641.1,284.15,660.44,336.19,651.09,312.66,32.5545,15.633,0.5367,1.1984
96,38,car,1147.87,628.14,1172.97,673.04,1160.36,650.58,58.0178,32.5288,0.6728,0.0284
96,42,person,1341.03,427.53,1359.56,459.06,1350.65,443.1,67.5323,22.1551,0.3805,0.1923
96,43,car,582.5,139.92,603.58,162.79,592.92,151.23,29.6462,7.5613,0.5443,0.0595
96,46,car,933.09,463.55,972.11,498.16,952.93,479.86,47.6467,23.9932,0.3126,0.7044
96,41,car,779.09,353.42,813.34,404.31,793.79,375.11,39.6897,18.7553,0.539,1.59
96,53,car,1146.16,1053.29,1169.2,1080.22,1157.8,1066.78,57.8899,53.3388,0.3595,0.0584
96,54,car,1167.24,1053.74,1192.64,1079.03,1179.87,1066.39,58.9934,53.3197,0.3729,0.0636
96,55,car,1044.81,692.83,1073.28,731.76,1057.63,711.48,52.8814,35.5742,0.4152,1.1753
96,59,person,1263.14,603.98,1279.19,633.75,1270.98,618.81,63.5489,30.9406,0.4076,0.1181
96,61,person,359.89,664.01,367.33,680.86,363.56,672.35,18.1782,33.6173,0.4135,0.0737
96,62,bus,610.63,302.01,634.32,368.68,622.49,335.22,31.1243,16.7611,0.3851,0.0641
96,18,car,627.34,627.47,664.6,668.24,645.81,647.61,32.2903,32.3807,0.6814,0.0753
96,34,car,610.64,302.01,634.31,368.54,622.49,335.22,31.1243,16.7608,0.5003,0.042
96,65,car,718.4,312.86,750.37,379.67,733.95,343.45,36.6973,17.1725,0.4148,1.4909
96,66,car,396.76,799.02,431.18,857.01,413.89,827.87,20.6946,41.3936,0.6375,0.0769
96,67,car,592.49,186.43,618.94,225.15,605.83,206.36,30.2913,10.3179,0.2516,0.3026
96,68,car,1186.75,933.2,1338.48,1079.98,1262.64,1006.35,63.132,50.3177,0.3542,0.1269
96,69,car,56.89,627.04,116.61,650.76,89.42,638.88,4.4711,31.944,0.6864,1.4084
96,71,person,1213.78,600.65,1227.61,631.33,1221.59,615.59,61.0796,30.7796,0.5136,0.478
96,74,car,19.85,517.4,81.11,544.1,50.26,530.65,2.5132,26.5325,0.4214,0.1356
96,76,bus,718.48,312.88,750.36,379.58,733.95,343.38,36.6975,17.1689,0.5429,1.5041
96,77,car,597.92,254.9,623.44,318.36,610.31,286.58,30.5157,14.3291,0.4042,0.204
96,78,person,1065.43,442.21,1074.32,461.58,1069.78,451.91,53.4891,22.5956,0.4108,0.0489
96,11,car,374.95,538.11,435.48,574.74,403.49,556.51,20.1745,27.8254,0.5906,0.9588
96,72,person,898.23,472.31,915.28,496.52,906.31,483.83,45.3157,24.1913,0.5757,0.3686
96,81,car,1077.1,84.06,1375.03,521.13,1227.33,328.94,61.3663,16.4469,0.4509,1.1411
96,83,car,1041.64,999.14,1071.45,1050.52,1057.75,1028.89,52.8874,51.4445,0.4341,3.799
96,84,person,1027.44,527.46,1038.74,551.37,1031.48,538.16,51.5738,26.908,0.4583,0.7939
96,85,car,1109.95,624.39,1143.4,660.39,1126.73,642.3,56.3363,32.1151,0.5306,0.0212
96,86,car,1476.47,821.48,1502.55,869.62,1489.52,845.39,74.4759,42.2696,0.5455,0.0601
96,44,car,548.61,607.92,583.03,630.98,569.95,619.29,28.4974,30.9643,0.6973,2.0669
96,87,car,1082.22,657.46,1109.04,703.08,1095.57,680.29,54.7783,34.0145,0.4926,0.0206
96,64,person,782.33,696.63,793.1,720.13,790.73,708.55,39.5367,35.4275,0.5424,1.8228
96,88,person,790.17,395.18,798.21,417.08,794.79,405.67,39.7393,20.2833,0.3587,0.5657
96,89,motorcycle,965.58,644.32,975.97,662.59,970.77,653.51,48.5387,32.6756,0.4577,0.087
96,90,person,1296.34,579.69,1310.82,604.5,1303.58,592.1,65.179,29.6049,0.5579,0.0
96,91,car,1415.78,816.1,1442.47,869.88,1429.13,842.99,71.4563,42.1493,0.4969,0.0
96,92,car,869.08,457.72,890.95,479.69,880.01,468.71,44.0007,23.4354,0.3942,0.0
97,3,person,1323.52,437.01,1335.48,463.9,1329.25,450.43,66.4627,22.5216,0.3409,0.088
97,5,person,732.29,637.79,743.71,662.65,737.98,650.3,36.8991,32.5151,0.6403,0.1685
97,7,car,940.69,972.19,990.65,1009.24,965.53,990.65,48.2765,49.5325,0.533,0.1416
97,8,car,641.3,419.7,687.46,480.17,661.76,453.98,33.0879,22.6989,0.6519,2.192
97,9,car,638.72,694.72,678.14,745.82,658.36,720.27,32.9182,36.0137,0.7573,0.0354
97,10,car,752.76,665.19,787.94,700.14,770.29,682.78,38.5144,34.1392,0.8457,0.0738
97,12,car,542.05,516.7,596.42,561.9,564.54,541.04,28.227,27.0519,0.6632,2.4385
97,14,car,611.17,350.89,639.66,424.01,625.41,386.69,31.2704,19.3346,0.6153,0.4249
97,16,car,396.95,799.21,431.22,856.96,413.86,828.01,20.6932,41.4003,0.2782,0.1163
97,17,car,1121.84,684.5,1151.75,741.02,1136.72,713.31,56.8361,35.6654,0.5199,0.1677
97,19,car,759.76,247.94,785.1,287.11,772.17,267.18,38.6087,13.359,0.4797,0.1604
97,20,motorcycle,1090.53,717.4,1105.07,747.86,1098.8,735.58,54.9402,36.779,0.5062,1.4583
97,21,car,589.56,411.73,625.03,459.6,607.2,439.19,30.3601,21.9595,0.639,0.8394
97,25,car,662.78,495.36,693.34,526.91,680.67,517.96,34.0336,25.898,0.6379,2.9804
97,26,person,593.75,589.57,603.12,609.63,597.11,599.0,29.8553,29.95,0.4261,0.6921
97,27,car,1159.25,971.0,1180.7,990.57,1170.08,980.77,58.5038,49.0387,0.4981,0.0069
97,28,car,643.64,419.9,682.45,471.11,661.57,449.93,33.0787,22.4966,0.6843,2.0488
97,29,motorcycle,656.3,222.66,667.21,252.47,661.97,244.74,33.0983,12.2368,0.3119,3.8908
97,31,person,707.54,676.04,721.47,701.94,714.33,688.81,35.7163,34.4405,0.607,0.0423
97,33,car,1121.78,684.39,1151.64,741.84,1136.63,713.6,56.8317,35.6798,0.5341,0.1741
97,36,car,641.03,283.31,660.3,335.48,650.98,311.86,32.5492,15.5932,0.4076,1.2036
97,38,car,1147.92,628.17,1172.98,673.05,1160.37,650.59,58.0187,32.5293,0.6582,0.0323
97,42,person,1340.97,427.63,1359.28,459.02,1350.56,443.15,67.5278,22.1576,0.3467,0.1559
97,43,car,582.52,139.94,603.61,162.81,592.96,151.25,29.6481,7.5623,0.5965,0.0639
97,46,car,933.01,463.5,972.26,498.37,952.85,480.14,47.6425,24.007,0.3509,0.4326
97,41,car,779.72,354.48,814.29,404.24,794.6,375.74,39.7301,18.7872,0.5502,1.5433
97,53,car,1146.23,1053.21,1169.27,1080.21,1157.77,1066.76,57.8887,53.3382,0.3455,0.0421
97,54,car,1167.25,1053.73,1192.67,1079.02,1179.9,1066.4,58.995,53.3202,0.3629,0.0512
97,55,car,1045.87,693.75,1073.69,730.3,1058.08,712.15,52.9038,35.6077,0.4124,1.208
97,59,person,1263.14,603.99,1279.08,633.74,1271.04,618.82,63.5518,30.941,0.3826,0.0871
97,61,person,359.93,664.05,367.32,680.92,363.58,672.39,18.1792,33.6193,0.4251,0.0685
97,62,bus,610.66,302.01,634.27,368.67,622.48,335.26,31.1239,16.763,0.4195,0.0585
97,18,car,627.33,627.54,664.48,668.26,645.84,647.67,32.2918,32.3833,0.6065,0.0904
97,34,car,610.67,302.02,634.26,368.65,622.48,335.25,31.1239,16.7625,0.4684,0.0515
97,65,car,718.57,314.06,750.53,380.56,734.1,344.41,36.7048,17.2207,0.3981,1.4625
97,66,car,396.88,799.27,431.19,857.05,413.93,827.94,20.6963,41.3968,0.6304,0.1103
97,67,car,592.5,186.28,618.8,224.93,605.78,206.17,30.289,10.3087,0.2996,0.2854
97,68,car,1187.01,933.3,1338.39,1079.99,1262.65,1006.44,63.1327,50.3218,0.3305,0.123
97,69,car,55.39,627.1,115.71,651.08,88.44,638.91,4.4219,31.9454,0.6404,1.4757
97,71,person,1213.42,600.81,1227.33,631.34,1221.29,615.7,61.0646,30.7848,0.4956,0.4753
97,74,car,19.9,517.42,81.11,544.11,50.35,530.69,2.5173,26.5346,0.4768,0.1384
97,76,bus,718.51,314.08,750.5,380.46,734.09,344.35,36.7046,17.2176,0.4972,1.4764
97,77,car,597.94,254.89,623.49,318.48,610.43,286.59,30.5217,14.3297,0.386,0.1807
97,78,person,1065.42,442.19,1074.28,461.6,1069.81,451.91,53.4903,22.5953,0.4343,0.0369
97,11,car,375.8,538.14,436.07,574.66,404.13,556.49,20.2066,27.8244,0.6418,0.964
97,72,person,902.1,472.91,915.75,495.99,906.67,484.06,45.3334,24.2028,0.6335,0.6352
97,81,car,1077.14,121.01,1378.29,520.69,1227.12,328.21,61.3559,16.4106,0.4942,1.1347
97,83,car,1041.2,997.06,1071.42,1049.4,1057.32,1027.12,52.8659,51.3558,0.4536,2.7369
97,84,person,1027.79,527.76,1039.29,551.69,1031.96,538.49,51.5979,26.9246,0.4664,0.8782
97,85,car,1109.88,624.44,1143.43,660.39,1126.73,642.31,56.3364,32.1155,0.5485,0.0124
97,86,car,1476.56,821.48,1502.61,869.62,1489.53,845.43,74.4765,42.2713,0.5559,0.054
97,44,car,547.32,607.74,581.47,629.37,568.57,619.26,28.4286,30.9629,0.702,2.0629
97,87,car,1082.27,657.41,1109.06,703.29,1095.58,680.3,54.779,34.015,0.4636,0.0249
97,64,person,781.8,696.36,792.93,719.99,789.53,708.46,39.4766,35.423,0.4277,1.8099
97,88,person,789.82,396.01,797.93,416.82,794.56,405.85,39.7279,20.2927,0.3909,0.4411
97,89,motorcycle,965.98,643.5,976.17,660.94,970.87,653.08,48.5437,32.6541,0.4805,0.6619
97,90,person,1296.02,579.87,1310.88,604.74,1303.52,592.2,65.1758,29.6101,0.5497,0.1838
97,91,car,1415.71,816.06,1442.51,869.87,1429.12,842.98,71.4559,42.1488,0.5371,0.0185
97,92,car,870.2,457.98,891.96,477.89,880.55,468.32,44.0274,23.4162,0.6103,0.9852
97,79,person,899.98,476.29,909.94,498.25,903.01,484.44,45.1505,24.2221,0.5425,1.084
97,22,person,1080.02,456.14,1091.93,479.2,1083.16,470.82,54.1581,23.5408,0.5154,1.0673
98,3,person,1323.58,437.01,1335.49,463.9,1329.31,450.43,66.4656,22.5217,0.3257,0.0879
98,5,person,732.77,638.74,743.54,662.85,738.04,650.44,36.9018,32.5219,0.5472,0.2201
98,7,car,940.73,972.2,990.64,1009.17,965.59,990.66,48.2796,49.5329,0.5538,0.0958
98,8,car,641.9,418.48,688.92,479.66,662.65,452.75,33.1324,22.6375,0.6945,2.2734
98,9,car,638.58,694.44,678.22,745.86,658.38,720.26,32.919,36.0131,0.7488,0.0297
98,10,car,752.75,665.24,788.0,700.17,770.32,682.76,38.5159,34.1379,0.8321,0.0572
98,12,car,544.11,516.12,598.37,560.82,566.14,540.43,28.3069,27.0216,0.6196,2.5651
98,14,car,611.11,350.93,639.67,424.27,625.4,386.97,31.2701,19.3484,0.5192,0.4134
98,16,car,397.06,799.33,431.21,856.98,413.94,828.02,20.6968,41.4011,0.2529,0.1087
98,17,car,1121.88,684.53,1151.76,740.97,1136.75,713.19,56.8374,35.6596,0.5273,0.1794
98,19,car,759.65,247.58,785.17,287.01,772.21,267.24,38.6106,13.3619,0.4795,0.1037
98,20,motorcycle,1090.17,716.73,1104.58,746.9,1098.45,734.67,54.9227,36.7333,0.4883,1.4691
98,21,car,589.58,411.8,624.97,458.19,607.2,438.38,30.36,21.9188,0.6364,1.2202
98,25,car,661.92,494.46,692.43,525.04,679.81,515.99,33.9906,25.7994,0.6628,3.2251
98,26,person,594.04,589.77,603.37,609.98,597.52,599.21,29.8759,29.9606,0.3824,0.6931
98,27,car,1159.25,971.08,1180.72,990.59,1170.08,980.78,58.5039,49.0389,0.4998,0.0057
98,28,car,644.27,418.49,682.58,469.35,662.08,448.63,33.1042,22.4315,0.4329,2.097
98,29,motorcycle,656.15,220.69,667.06,250.02,661.88,242.19,33.0942,12.1096,0.2561,3.8185
98,31,person,707.58,675.97,721.5,701.95,714.36,688.84,35.7181,34.4421,0.6436,0.074
98,33,car,1121.89,684.46,1151.74,740.98,1136.67,713.42,56.8336,35.6712,0.4881,0.2639
98,36,car,640.97,282.57,660.24,334.73,650.89,311.08,32.5443,15.5538,0.5188,1.1916
98,38,car,1147.99,628.21,1172.97,673.05,1160.4,650.6,58.0198,32.5298,0.6166,0.0357
98,42,person,1341.05,427.68,1359.11,459.03,1350.39,443.24,67.5196,22.1618,0.337,0.2774
98,43,car,582.53,139.94,603.63,162.84,593.0,151.27,29.6498,7.5637,0.5413,0.0668
98,46,car,932.96,463.47,972.38,498.52,952.82,480.33,47.6411,24.0164,0.3567,0.2832
98,41,car,780.42,355.87,815.08,407.99,795.39,376.7,39.7697,18.835,0.5025,1.8638
98,53,car,1146.29,1053.12,1169.55,1080.22,1157.77,1066.74,57.8887,53.3372,0.3654,0.0285
98,54,car,1167.36,1053.73,1193.02,1079.0,1179.96,1066.4,58.9978,53.3202,0.3271,0.0829
98,55,car,1046.63,694.37,1074.19,729.48,1058.59,712.46,52.9293,35.6231,0.4402,0.8934
98,59,person,1263.16,604.13,1278.98,633.7,1271.07,618.84,63.5535,30.9421,0.366,0.0598
98,61,person,359.93,664.14,367.33,680.95,363.6,672.43,18.18,33.6214,0.4473,0.0658
98,62,bus,610.64,302.03,634.28,368.81,622.47,335.3,31.1236,16.7651,0.3935,0.0634
98,18,car,627.35,627.5,664.44,668.27,645.86,647.72,32.2929,32.386,0.5391,0.0884
98,34,car,610.66,302.05,634.33,369.0,622.48,335.3,31.1238,16.7651,0.5092,0.0774
98,65,car,718.76,315.06,750.78,381.48,734.26,345.36,36.7128,17.2678,0.4663,1.4352
98,66,car,396.95,799.38,431.17,857.08,413.96,827.99,20.6981,41.3995,0.6431,0.0948
98,67,car,592.52,186.14,618.7,224.7,605.74,205.99,30.2868,10.2993,0.2675,0.2885
98,68,car,1187.23,933.3,1338.17,1079.98,1262.65,1006.5,63.1323,50.3251,0.3553,0.1002
98,69,car,53.89,627.11,114.63,651.03,87.42,638.93,4.3711,31.9463,0.6693,1.524
98,71,person,1213.06,600.72,1227.12,631.45,1220.98,615.8,61.0492,30.7901,0.4604,0.4896
98,74,car,19.8,517.52,81.38,544.12,50.42,530.74,2.5211,26.537,0.4519,0.1335
98,76,bus,718.62,315.08,750.76,381.4,734.24,345.31,36.7119,17.2654,0.4485,1.4519
98,77,car,598.02,254.88,623.63,318.56,610.55,286.62,30.5273,14.3311,0.3611,0.1752
98,78,person,1065.4,442.07,1074.25,461.67,1069.83,451.89,53.4913,22.5947,0.4269,0.0328
98,11,car,376.73,538.07,436.62,574.6,404.77,556.45,20.2385,27.8227,0.6341,0.957
98,72,person,904.74,473.17,916.17,495.64,907.22,484.26,45.3612,24.2128,0.593,0.8865
98,81,car,1077.18,144.02,1380.5,520.17,1227.4,327.63,61.3699,16.3817,0.5043,0.9633
98,83,car,1040.69,994.83,1071.31,1048.34,1056.95,1025.7,52.8473,51.2849,0.3571,2.1981
98,84,person,1028.14,528.12,1039.33,551.95,1032.44,538.86,51.622,26.943,0.4515,0.9084
98,85,car,1109.92,624.46,1143.46,660.38,1126.72,642.33,56.3362,32.1164,0.4832,0.0259
98,86,car,1476.38,821.44,1502.56,869.69,1489.51,845.47,74.4756,42.2735,0.288,0.0714
98,44,car,545.87,607.51,580.11,627.91,567.18,619.08,28.3592,30.9538,0.6642,2.0999
98,87,car,1082.28,657.5,1109.07,703.41,1095.6,680.35,54.7802,34.0176,0.494,0.0858
98,64,person,781.03,696.03,792.79,719.86,788.32,708.36,39.4162,35.418,0.3949,1.8156
98,88,person,789.6,396.36,798.05,416.58,794.41,405.98,39.7206,20.2989,0.3251,0.2879
98,89,motorcycle,965.93,642.12,976.5,660.02,970.96,652.58,48.548,32.6289,0.3972,0.765
98,90,person,1295.56,580.17,1310.55,604.52,1303.36,592.25,65.168,29.6125,0.5141,0.2424
98,91,car,1415.74,816.03,1442.47,869.82,1429.11,842.96,71.4557,42.148,0.4682,0.0254
98,92,car,871.24,458.35,892.9,478.74,881.06,468.4,44.0528,23.4198,0.3997,0.7703
98,93,person,1361.61,432.81,1374.0,459.42,1367.8,446.12,68.3902,22.3058,0.4678,0.0
98,94,person,761.68,454.95,772.09,476.98,766.89,465.97,38.3443,23.2983,0.4942,0.0
98,95,car,730.93,731.16,759.93,773.21,745.43,752.19,37.2716,37.6093,0.5089,0.0
98,79,person,900.27,476.68,910.19,498.63,903.44,485.04,45.1721,24.252,0.5653,1.1071
98,22,person,1079.77,456.35,1092.1,479.01,1083.54,470.3,54.1772,23.5152,0.5411,0.9576
99,3,person,1323.67,436.88,1335.52,463.94,1329.38,450.43,66.4688,22.5215,0.3416,0.0951
99,5,person,733.15,639.23,743.45,663.11,738.09,650.6,36.9046,32.5301,0.5426,0.2588
99,7,car,940.79,972.25,990.74,1009.14,965.65,990.67,48.2823,49.5334,0.564,0.0827
99,8,car,642.19,417.14,688.3,478.51,663.38,451.47,33.1691,22.5736,0.6789,2.212
99,9,car,638.59,694.54,678.27,745.89,658.4,720.26,32.9198,36.0129,0.7218,0.0234
99,10,car,752.8,665.3,788.05,700.17,770.34,682.74,38.5172,34.1371,0.8143,0.0478
99,12,car,545.58,515.79,600.33,560.16,567.75,539.82,28.3877,26.9908,0.6469,2.5928
99,14,car,610.99,350.96,639.69,424.46,625.39,387.23,31.2695,19.3614,0.5112,0.3904
99,16,car,397.06,799.13,431.3,856.98,414.0,828.02,20.7001,41.4008,0.634,0.0991
99,17,car,1121.95,684.53,1151.8,741.05,1136.78,713.09,56.8388,35.6544,0.5083,0.1622
99,19,car,759.74,247.43,785.15,287.06,772.27,267.28,38.6133,13.3642,0.5143,0.1066
99,20,motorcycle,1089.82,713.95,1104.53,746.14,1098.11,733.62,54.9057,36.6811,0.4686,1.6477
99,21,car,589.81,411.8,624.93,456.85,607.24,437.37,30.3618,21.8687,0.6058,1.5023
99,25,car,661.25,493.68,691.55,523.49,678.96,513.94,33.9481,25.6968,0.6587,3.3327
99,26,person,594.49,590.1,603.49,610.25,597.93,599.43,29.8967,29.9713,0.4382,0.7011
99,27,car,1159.34,971.12,1180.83,990.76,1170.08,980.8,58.5038,49.04,0.5751,0.0346
99,28,car,644.86,417.06,682.87,467.78,662.56,447.24,33.128,22.3622,0.289,2.1992
99,29,motorcycle,693.22,262.95,704.28,292.2,667.12,246.05,33.3561,12.3024,0.3585,9.7572
99,31,person,707.58,676.12,721.47,701.95,714.41,688.89,35.7205,34.4443,0.6627,0.0977
99,33,car,1122.01,684.49,1151.86,740.66,1136.72,713.24,56.836,35.6622,0.5081,0.2808
99,36,car,640.98,281.48,659.9,327.5,650.78,309.79,32.5388,15.4896,0.5565,1.9332
99,38,car,1147.95,628.23,1172.95,673.15,1160.41,650.61,58.0207,32.5306,0.6443,0.0361
99,42,person,1341.14,427.64,1359.07,459.07,1350.29,443.29,67.5145,22.1643,0.3788,0.1694
99,43,car,582.6,139.91,603.66,162.98,593.03,151.32,29.6515,7.5659,0.5025,0.0834
99,46,car,932.97,463.52,972.45,498.65,952.73,480.63,47.6367,24.0314,0.3292,0.47
99,41,car,781.21,356.96,815.83,410.45,796.2,377.91,39.8101,18.8953,0.3514,2.1754
99,53,car,1146.34,1053.03,1169.75,1080.22,1157.81,1066.72,57.8903,53.336,0.4193,0.0603
99,54,car,1167.43,1053.79,1193.04,1079.02,1180.01,1066.4,59.0006,53.3202,0.2904,0.0852
99,55,car,1046.77,695.68,1074.77,734.45,1059.1,713.0,52.9551,35.6498,0.4648,1.1153
99,59,person,1263.21,604.21,1278.75,633.64,1271.08,618.86,63.5542,30.9431,0.3681,0.0371
99,61,person,359.96,664.09,367.36,680.94,363.62,672.46,18.1808,33.6228,0.4441,0.0495
99,62,bus,610.69,302.03,634.29,368.8,622.47,335.34,31.1237,16.7668,0.4038,0.05
99,18,car,627.45,627.49,664.49,668.18,645.9,647.77,32.2948,32.3883,0.5807,0.0887
99,34,car,610.7,302.04,634.32,368.84,622.48,335.34,31.124,16.7668,0.5052,0.0514
99,65,car,718.96,316.03,750.99,382.31,734.43,346.3,36.7213,17.3148,0.5475,1.4303
99,66,car,397.0,799.16,431.27,856.99,414.0,828.01,20.7,41.4007,0.2954,0.0676
99,67,car,592.58,186.16,619.55,224.85,605.78,205.84,30.2888,10.2922,0.4418,0.222
99,68,car,1187.48,933.37,1337.8,1080.0,1262.62,1006.56,63.1312,50.328,0.3885,0.0921
99,69,car,53.22,627.11,113.59,651.21,86.43,638.96,4.3217,31.9482,0.658,1.4836
99,71,person,1212.74,601.12,1226.93,631.6,1220.69,615.95,61.0346,30.7973,0.487,0.4901
99,74,car,19.11,517.05,81.48,544.75,50.42,530.8,2.5211,26.5398,0.4286,0.0851
99,76,bus,718.77,316.05,750.96,382.24,734.39,346.26,36.7196,17.3128,0.4374,1.4399
99,77,car,598.25,254.57,622.96,308.62,610.61,285.92,30.5306,14.2958,0.4665,1.0646
99,78,person,1065.41,442.04,1074.3,461.68,1069.85,451.89,53.4923,22.5943,0.4323,0.0346
99,11,car,377.49,538.36,437.23,574.64,405.4,556.44,20.2699,27.8222,0.6054,0.9434
99,72,person,906.36,473.63,916.5,495.68,908.06,484.32,45.403,24.2162,0.5994,1.2583
99,81,car,1077.19,158.25,1381.78,519.69,1227.56,326.8,61.3779,16.3399,0.5416,1.2765
99,83,car,1040.23,992.78,1071.02,1047.44,1056.6,1024.42,52.83,51.2208,0.3206,1.992
99,84,person,1028.42,528.22,1039.66,551.92,1032.9,539.21,51.645,26.9604,0.5086,0.8679
99,85,car,1109.96,624.46,1143.54,660.17,1126.73,642.33,56.3363,32.1167,0.5638,0.0086
99,86,car,1476.67,821.47,1502.55,869.47,1489.52,845.49,74.4761,42.2747,0.5063,0.0402
99,44,car,544.49,607.39,578.84,627.05,565.8,618.8,28.2901,30.94,0.723,2.1136
99,87,car,1082.3,657.66,1109.08,703.5,1095.63,680.4,54.7813,34.0198,0.4995,0.0746
99,64,person,780.32,695.89,792.69,719.48,787.81,708.25,39.3903,35.4124,0.3937,0.7962
99,88,person,789.61,394.69,798.68,415.94,794.37,405.87,39.7184,20.2933,0.3215,0.1795
99,89,motorcycle,966.09,641.21,976.8,659.35,971.06,652.12,48.5529,32.606,0.3985,0.7048
99,90,person,1295.02,580.52,1309.4,603.95,1303.07,592.25,65.1536,29.6123,0.5066,0.4318
99,91,car,1415.93,816.0,1442.41,869.73,1429.13,842.94,71.4564,42.1468,0.4699,0.0432
99,92,car,872.3,458.62,894.26,480.1,881.61,468.64,44.0806,23.4319,0.3401,0.9081
99,93,person,1360.99,430.37,1375.53,459.26,1368.03,445.47,68.4016,22.2733,0.4106,1.0328
99,94,person,760.49,455.25,771.91,477.06,766.54,466.06,38.3272,23.303,0.4854,0.5314
99,95,car,730.78,731.15,759.99,773.13,745.41,752.16,37.2704,37.6082,0.3813,0.0475
99,79,person,900.39,476.61,911.5,499.02,903.95,485.61,45.1976,24.2807,0.5926,1.153
99,22,person,1078.89,456.35,1092.18,478.79,1083.97,469.74,54.1986,23.4871,0.5232,1.059
99,96,person,1094.95,461.38,1105.62,481.77,1100.29,471.57,55.0143,23.5786,0.5436,0.0
99,97,person,1090.58,482.74,1102.35,504.86,1096.47,493.8,54.8234,24.69,0.3933,0.0
100,3,person,1323.72,436.83,1335.5,464.02,1329.44,450.43,66.472,22.5216,0.3484,0.0963
100,5,person,733.5,639.54,743.32,663.35,738.16,650.76,36.9078,32.5379,0.5501,0.252
100,7,car,940.19,972.26,991.04,1009.13,965.67,990.68,48.2833,49.534,0.5633,0.0349
100,8,car,642.23,415.67,687.51,477.56,663.95,450.23,33.1973,22.5116,0.7235,2.0429
100,9,car,638.48,694.36,678.33,745.81,658.41,720.23,32.9203,36.0117,0.7437,0.0409
100,10,car,752.8,665.39,788.06,700.11,770.37,682.73,38.5183,34.1364,0.8315,0.039
100,12,car,546.92,515.35,601.74,559.6,569.38,539.21,28.4688,26.9603,0.6397,2.5993
100,14,car,611.17,350.94,639.76,424.41,625.4,387.4,31.2699,19.3701,0.4786,0.2618
100,16,car,397.07,799.03,431.35,857.02,414.06,828.03,20.7028,41.4013,0.6268,0.0842
100,17,car,1122.01,684.6,1151.82,741.02,1136.8,712.98,56.8402,35.6492,0.5335,0.1605
100,19,car,759.77,247.61,785.09,287.04,772.32,267.32,38.616,13.3662,0.5053,0.099
100,20,motorcycle,1089.43,714.17,1104.66,745.74,1097.81,732.63,54.8906,36.6316,0.4212,1.5525
100,21,car,589.82,411.81,624.9,456.46,607.3,436.28,30.3648,21.8139,0.6009,1.6465
100,25,car,660.62,492.95,690.77,522.46,678.14,511.88,33.9071,25.5941,0.6288,3.318
100,26,person,594.84,590.57,603.59,610.54,598.32,599.67,29.9162,29.9835,0.3929,0.6901
100,27,car,1159.37,971.16,1180.86,990.9,1170.07,980.84,58.5035,49.0418,0.5523,0.0535
100,28,car,645.43,415.81,683.18,466.37,663.01,445.87,33.1504,22.2934,0.3077,2.1698
100,29,motorcycle,706.69,281.31,717.54,308.42,674.25,252.92,33.7124,12.646,0.4054,14.8516
100,31,person,707.63,676.42,721.5,701.96,714.46,688.96,35.7232,34.4479,0.5922,0.136
100,33,car,1122.09,684.61,1151.91,740.3,1136.77,713.05,56.8387,35.6527,0.4829,0.2957
100,36,car,640.9,280.94,660.03,329.08,650.69,308.68,32.5343,15.4339,0.5643,1.6773
100,38,car,1147.91,628.26,1172.94,673.28,1160.43,650.64,58.0213,32.532,0.6323,0.046
100,42,person,1341.19,427.63,1359.08,459.11,1350.23,443.31,67.5115,22.1657,0.3998,0.0975
100,43,car,582.57,139.87,603.68,163.03,593.06,151.36,29.6528,7.5681,0.5024,0.0752
100,46,car,932.98,463.51,972.52,498.72,952.7,480.82,47.6349,24.0412,0.363,0.298
100,41,car,781.9,358.1,816.33,412.29,796.97,379.6,39.8484,18.9802,0.3368,2.7954
100,53,car,1146.37,1052.98,1169.75,1080.23,1157.84,1066.7,57.8922,53.3349,0.4158,0.0665
100,54,car,1167.45,1053.81,1193.01,1079.01,1180.06,1066.4,59.0028,53.3201,0.3109,0.0673
100,55,car,1046.97,696.9,1075.37,738.07,1059.64,713.66,52.9818,35.6829,0.4336,1.276
100,59,person,1263.22,604.41,1278.61,633.63,1271.08,618.89,63.554,30.9445,0.3744,0.0418
100,61,person,359.98,664.08,367.39,680.97,363.63,672.47,18.1816,33.6237,0.4177,0.036
100,62,bus,610.75,301.99,634.29,368.8,622.48,335.36,31.124,16.7679,0.4393,0.0356
100,18,car,627.47,627.49,664.4,668.15,645.93,647.81,32.2963,32.3903,0.6036,0.0743
100,34,car,610.76,301.99,634.31,368.74,622.49,335.35,31.1245,16.7676,0.4797,0.0282
100,65,car,719.16,317.04,751.13,383.17,734.6,347.24,36.73,17.3619,0.5276,1.4389
100,66,car,397.04,799.05,431.32,856.99,414.04,828.04,20.702,41.4019,0.3159,0.0718
100,67,car,592.62,186.12,620.2,224.73,605.87,205.71,30.2933,10.2857,0.4329,0.2369
100,68,car,1187.68,933.42,1337.56,1080.01,1262.6,1006.61,63.1298,50.3304,0.3684,0.0857
100,69,car,52.0,627.11,112.35,650.94,85.42,638.97,4.2712,31.9485,0.7014,1.5161
100,71,person,1212.15,601.31,1226.69,631.65,1220.39,616.07,61.0193,30.8037,0.4974,0.497
100,74,car,18.72,516.92,81.47,545.2,50.37,530.85,2.5183,26.5427,0.3835,0.1199
100,76,bus,718.93,317.04,751.1,383.11,734.55,347.2,36.7275,17.3602,0.4555,1.4414
100,77,car,598.19,254.76,623.02,312.14,610.65,285.47,30.5326,14.2735,0.4597,0.6708
100,78,person,1065.43,442.13,1074.26,461.68,1069.85,451.89,53.4926,22.5943,0.4406,0.01
100,11,car,377.72,538.09,437.86,574.7,405.99,556.42,20.2995,27.8212,0.5605,0.8863
100,72,person,907.5,474.03,916.67,495.83,908.93,484.45,45.4467,24.2225,0.6319,1.3247
100,81,car,1077.21,166.84,1382.74,515.18,1227.85,325.58,61.3925,16.2792,0.4005,1.8715
100,84,person,1028.61,528.41,1039.7,552.0,1033.3,539.54,51.6649,26.977,0.542,0.7769
100,85,car,1110.04,624.45,1143.57,660.05,1126.73,642.33,56.3367,32.1163,0.5664,0.0172
100,86,car,1476.61,821.42,1502.5,869.52,1489.53,845.51,74.4763,42.2754,0.2561,0.021
100,44,car,543.12,607.37,577.51,626.52,564.43,618.45,28.2213,30.9224,0.5242,2.1307
100,87,car,1082.29,657.78,1109.03,703.52,1095.64,680.42,54.7822,34.0212,0.5284,0.0489
100,64,person,779.75,695.81,792.69,719.17,787.36,708.1,39.3681,35.4051,0.2914,0.7016
100,88,person,789.26,396.9,797.99,415.75,794.26,405.93,39.713,20.2966,0.3443,0.1871
100,89,motorcycle,964.85,641.03,977.06,668.03,971.04,652.52,48.552,32.6261,0.4013,0.6033
100,90,person,1294.46,580.83,1308.61,603.59,1302.77,592.24,65.1383,29.6119,0.4924,0.4613
100,91,car,1416.05,815.99,1442.39,869.68,1429.15,842.91,71.4573,42.1457,0.4089,0.0415
100,92,car,873.44,458.76,895.52,480.71,882.18,468.86,44.1092,23.4428,0.3156,0.921
100,93,person,1360.85,429.88,1375.93,459.21,1368.15,445.16,68.4075,22.258,0.4337,0.492
100,94,person,759.77,455.13,771.65,477.33,766.27,466.12,38.3133,23.3058,0.5431,0.4265
100,95,car,730.71,731.06,759.87,773.0,745.37,752.12,37.2685,37.606,0.3405,0.0889
100,79,person,900.33,475.7,913.14,499.38,904.57,486.06,45.2284,24.303,0.6458,1.1375
100,22,person,1080.69,456.23,1092.35,478.65,1084.61,469.15,54.2304,23.4573,0.5527,1.3087
100,96,person,1095.35,461.36,1106.24,481.93,1100.54,471.61,55.027,23.5805,0.6072,0.3855
100,97,person,1091.77,481.09,1103.65,504.85,1097.09,493.39,54.8545,24.6693,0.4746,1.122
101,3,person,1323.7,436.69,1335.45,463.97,1329.5,450.42,66.4752,22.5209,0.3676,0.0982
101,5,person,733.8,639.75,743.33,663.61,738.23,650.92,36.9113,32.5459,0.5727,0.2643
101,7,car,939.9,972.19,991.22,1009.14,965.66,990.69,48.283,49.5344,0.512,0.0141
101,8,car,643.01,414.36,686.84,475.8,664.36,448.92,33.2182,22.4461,0.7129,2.0629
101,9,car,638.56,694.47,678.31,745.85,658.42,720.21,32.9208,36.0107,0.7557,0.0323
101,10,car,752.83,665.43,788.16,700.02,770.39,682.71,38.5196,34.1357,0.8375,0.0426
101,12,car,547.53,515.03,603.55,559.14,570.98,538.65,28.5488,26.9324,0.6802,2.543
101,14,car,611.1,350.94,639.79,424.42,625.41,387.52,31.2703,19.3758,0.5375,0.1702
101,16,car,397.1,798.97,431.34,856.99,414.11,828.04,20.7054,41.4018,0.3282,0.0786
101,17,car,1122.08,684.65,1151.83,741.08,1136.84,712.9,56.8419,35.6451,0.562,0.1328
101,19,car,759.6,247.47,785.45,287.04,772.4,267.34,38.6199,13.367,0.4865,0.122
101,20,motorcycle,1089.01,714.37,1103.69,745.1,1097.46,731.76,54.8732,36.5878,0.5052,1.413
101,21,car,589.96,411.9,624.89,455.57,607.32,435.42,30.3662,21.7712,0.6167,1.2821
101,25,car,659.79,492.19,690.09,521.86,677.32,510.32,33.8659,25.516,0.6192,2.6492
101,26,person,595.24,590.81,603.88,610.95,598.67,599.94,29.9335,29.9971,0.4491,0.6631
101,27,car,1159.38,971.15,1180.91,990.98,1170.06,980.88,58.5032,49.0439,0.4758,0.0657
101,28,car,646.05,414.71,683.41,465.68,663.45,444.25,33.1725,22.2126,0.2926,2.5134
101,29,motorcycle,710.98,286.66,721.81,314.17,682.02,261.06,34.1008,13.0531,0.3154,16.878
101,31,person,707.64,676.67,721.48,702.05,714.51,689.05,35.7255,34.4527,0.6583,0.158
101,33,car,1122.17,684.68,1151.92,740.16,1136.83,712.88,56.8417,35.6439,0.4624,0.2809
101,36,car,640.81,280.36,660.09,329.75,650.61,307.69,32.5304,15.3843,0.593,1.4918
101,38,car,1147.9,628.29,1172.96,673.36,1160.44,650.67,58.0218,32.5336,0.6305,0.0496
101,42,person,1341.36,426.93,1360.57,459.04,1350.3,443.27,67.5151,22.1637,0.4481,0.1228
101,43,car,582.51,139.88,603.73,163.02,593.08,151.4,29.654,7.5699,0.4764,0.0639
101,46,car,933.0,463.49,972.56,498.77,952.69,480.95,47.6347,24.0477,0.3517,0.1951
101,41,car,782.54,359.09,817.06,413.67,797.7,381.62,39.8848,19.0808,0.345,3.2098
101,53,car,1146.39,1052.99,1169.81,1080.23,1157.89,1066.68,57.8947,53.3338,0.3717,0.0806
101,54,car,1167.49,1053.76,1193.07,1078.97,1180.11,1066.39,59.0054,53.3195,0.2995,0.08
101,55,car,1047.23,697.91,1075.87,740.74,1060.17,714.42,53.0085,35.721,0.4278,1.3943
101,59,person,1263.2,604.35,1278.51,633.59,1271.05,618.91,63.5526,30.9454,0.3667,0.0512
101,61,person,359.91,664.08,367.57,680.96,363.65,672.49,18.1826,33.6246,0.4999,0.0391
101,62,bus,610.82,301.98,634.33,368.73,622.49,335.37,31.1247,16.7685,0.4808,0.0266
101,18,car,627.54,627.55,664.38,668.34,645.94,647.86,32.2969,32.3929,0.818,0.0789
101,34,car,610.83,301.98,634.33,368.69,622.5,335.36,31.1252,16.7682,0.3989,0.0282
101,65,car,719.33,317.95,751.36,383.98,734.78,348.19,36.7389,17.4094,0.4992,1.4502
101,66,car,397.08,798.99,431.31,856.99,414.08,828.06,20.7039,41.403,0.6165,0.0655
101,67,car,592.61,186.0,619.62,224.43,605.91,205.57,30.2954,10.2786,0.3585,0.2248
101,68,car,1188.04,933.59,1337.0,1080.03,1262.6,1006.66,63.1298,50.3329,0.3207,0.0757
101,69,car,50.69,627.09,111.16,650.85,84.36,638.99,4.2182,31.9494,0.6793,1.5882
101,71,person,1211.65,601.74,1226.46,631.71,1220.07,616.22,61.0034,30.811,0.515,0.5237
101,74,car,18.53,517.08,81.76,545.55,50.34,530.92,2.5172,26.546,0.3668,0.1047
101,76,bus,719.07,317.96,751.33,383.93,734.71,348.16,36.7354,17.4079,0.4586,1.4505
101,77,car,598.38,254.5,622.65,304.54,610.65,284.46,30.5327,14.223,0.395,1.5174
101,78,person,1065.46,442.11,1074.24,461.69,1069.85,451.89,53.4926,22.5945,0.4278,0.0041
101,11,car,378.54,537.99,438.86,574.68,406.63,556.41,20.3315,27.8204,0.6241,0.9605
101,72,person,905.06,473.98,916.82,496.27,909.6,484.6,45.48,24.23,0.6348,1.0243
101,81,car,1077.22,172.62,1383.57,516.22,1228.34,329.85,61.4169,16.4923,0.4914,6.4335
101,84,person,1028.78,528.45,1039.83,552.12,1033.64,539.81,51.6819,26.9904,0.5118,0.6486
101,85,car,1110.05,624.42,1143.57,660.06,1126.74,642.33,56.337,32.1164,0.567,0.0079
101,86,car,1476.93,821.43,1502.54,869.34,1489.57,845.5,74.4783,42.2751,0.4824,0.0598
101,44,car,541.64,607.51,576.24,626.19,563.05,618.07,28.1524,30.9035,0.4819,2.1452
101,87,car,1082.3,657.82,1109.04,703.51,1095.66,680.47,54.7828,34.0236,0.518,0.0744
101,64,person,779.23,695.68,792.68,718.83,786.97,707.92,39.3485,35.3959,0.3179,0.648
101,88,person,789.03,397.7,797.69,415.42,793.96,406.13,39.6982,20.3067,0.3578,0.5403
101,89,motorcycle,964.59,638.65,977.18,670.67,971.02,652.83,48.5509,32.6413,0.3521,0.4595
101,90,person,1293.67,581.28,1308.71,603.78,1302.5,592.29,65.1251,29.6144,0.4091,0.4009
101,91,car,1416.08,816.0,1442.37,869.71,1429.16,842.9,71.458,42.1452,0.4047,0.0245
101,92,car,874.56,459.06,896.86,481.2,882.77,469.07,44.1386,23.4535,0.3422,0.9365
101,93,person,1360.87,430.18,1375.79,459.14,1368.2,445.04,68.4098,22.2518,0.5231,0.1992
101,94,person,759.74,455.17,771.67,477.57,766.12,466.18,38.3062,23.309,0.4428,0.2313
101,95,car,730.61,731.06,759.74,772.85,745.32,752.08,37.2661,37.6039,0.2952,0.095
101,79,person,900.55,476.47,912.32,499.82,905.1,486.63,45.2551,24.3316,0.6186,1.1755
101,22,person,1079.91,456.11,1092.33,478.56,1085.08,468.58,54.2538,23.4292,0.5711,1.0963
101,96,person,1095.81,461.4,1107.16,481.98,1100.86,471.64,55.0428,23.5818,0.5608,0.474
101,97,person,1093.0,481.03,1104.7,504.92,1097.68,493.25,54.8838,24.6625,0.2975,0.9028
102,3,person,1323.66,436.68,1335.4,463.95,1329.54,450.4,66.4769,22.5202,0.3185,0.0557
102,5,person,733.99,639.69,743.3,663.82,738.3,651.06,36.9152,32.5532,0.5518,0.2487
102,7,car,939.74,972.17,991.23,1009.17,965.64,990.69,48.2818,49.5346,0.4839,0.0357
102,8,car,643.42,413.22,686.26,474.65,664.62,447.65,33.2309,22.3827,0.7745,1.9388
102,9,car,638.6,694.55,678.29,745.83,658.42,720.2,32.9211,36.0099,0.7419,0.0252
102,10,car,752.89,665.48,788.19,700.01,770.42,682.71,38.5211,34.1355,0.8339,0.047
102,12,car,548.9,514.57,604.35,559.03,572.52,538.14,28.6259,26.907,0.6782,2.4358
102,14,car,611.03,350.97,639.78,424.62,625.41,387.61,31.2704,19.3805,0.5495,0.1402
102,16,car,397.26,799.02,431.28,856.97,414.15,828.04,20.7077,41.4021,0.316,0.0704
102,17,car,1122.15,684.69,1151.84,741.18,1136.87,712.85,56.8437,35.6426,0.5736,0.0923
102,19,car,759.57,247.44,785.41,287.01,772.45,267.32,38.6223,13.3661,0.5042,0.0733
102,20,motorcycle,1088.66,713.2,1103.39,744.41,1097.12,730.93,54.8562,36.5463,0.4576,1.3466
102,21,car,589.02,412.28,624.78,461.5,607.27,435.26,30.3633,21.763,0.6218,0.2626
102,25,car,659.09,491.41,689.46,520.87,676.51,509.04,33.8253,25.452,0.7374,2.2736
102,26,person,595.63,591.21,604.17,611.53,598.98,600.26,29.9492,30.0131,0.5634,0.6701
102,27,car,1159.36,971.15,1180.93,990.93,1170.07,980.92,58.5036,49.0461,0.4731,0.0657
102,29,motorcycle,711.84,288.43,722.7,316.47,689.94,269.74,34.4972,13.487,0.34,17.6303
102,31,person,707.66,676.85,721.43,702.13,714.53,689.14,35.7265,34.4571,0.6335,0.1373
102,33,car,1122.26,684.74,1151.93,740.29,1136.9,712.73,56.8448,35.6367,0.444,0.2333
102,36,car,640.68,279.68,660.1,329.87,650.54,306.79,32.527,15.3396,0.5866,1.3448
102,38,car,1147.85,628.3,1173.02,673.49,1160.44,650.72,58.0221,32.5358,0.6089,0.066
102,42,person,1341.35,427.08,1360.13,459.04,1350.35,443.25,67.5175,22.1624,0.3857,0.0797
102,43,car,582.46,139.98,603.77,163.08,593.1,151.43,29.6548,7.5714,0.4464,0.0539
102,46,car,933.03,463.49,972.6,498.82,952.71,481.04,47.6355,24.052,0.3469,0.1308
102,41,car,783.33,359.9,817.47,409.23,798.4,382.86,39.92,19.1429,0.3543,2.1395
102,53,car,1146.45,1052.92,1170.01,1080.23,1157.97,1066.65,57.8984,53.3325,0.3577,0.1184
102,54,car,1167.54,1053.72,1193.13,1078.91,1180.17,1066.37,59.0084,53.3187,0.2806,0.0911
102,55,car,1047.51,698.59,1076.39,742.52,1060.67,715.53,53.0333,35.7763,0.4366,1.8175
102,59,person,1263.2,604.3,1278.32,633.56,1270.98,618.93,63.549,30.9464,0.392,0.1135
102,61,person,359.87,664.02,367.68,680.89,363.68,672.5,18.1838,33.6249,0.5533,0.0372
102,62,bus,610.85,302.04,634.31,368.83,622.51,335.39,31.1254,16.7693,0.4461,0.034
102,18,car,627.46,627.58,664.39,668.46,645.94,647.89,32.2968,32.3947,0.8197,0.056
102,34,car,610.85,302.04,634.31,368.68,622.52,335.38,31.126,16.7688,0.45,0.0297
102,65,car,719.43,318.83,751.56,384.9,734.95,349.14,36.7477,17.4568,0.501,1.4447
102,66,car,397.25,799.04,431.25,857.03,414.12,828.08,20.7059,41.4038,0.6592,0.0643
102,67,car,592.65,186.04,619.28,224.31,605.93,205.45,30.2966,10.2724,0.3641,0.1892
102,68,car,1188.13,933.68,1336.66,1080.04,1262.6,1006.71,63.1299,50.3353,0.334,0.0718
102,69,car,50.34,627.05,110.08,651.12,83.33,639.04,4.1663,31.9521,0.7212,1.5617
102,71,person,1211.13,602.11,1226.1,631.78,1219.73,616.38,60.9863,30.819,0.5144,0.5653
102,74,car,18.41,517.21,81.96,545.99,50.33,531.03,2.5164,26.5515,0.3781,0.1664
102,76,bus,719.15,318.86,751.53,384.84,734.86,349.11,36.7431,17.4554,0.4197,1.4433
102,77,car,598.47,254.33,622.44,299.59,610.63,283.08,30.5314,14.154,0.3919,2.0697
102,78,person,1065.45,442.06,1074.24,461.69,1069.85,451.89,53.4924,22.5943,0.3677,0.0066
102,11,car,379.52,538.16,439.36,574.76,407.3,556.41,20.365,27.8203,0.5693,1.0074
102,72,person,906.58,474.46,916.89,496.42,910.33,484.77,45.5166,24.2387,0.6069,1.1261
102,81,car,1077.06,175.87,1379.19,519.08,1228.66,332.49,61.4329,16.6244,0.4606,3.9932
102,84,person,1028.88,528.56,1039.78,552.23,1033.88,540.02,51.6942,27.001,0.4984,0.4874
102,85,car,1110.09,624.44,1143.54,660.0,1126.74,642.32,56.3372,32.1161,0.5081,0.0108
102,86,car,1476.8,821.4,1502.52,869.46,1489.59,845.49,74.4795,42.2744,0.2846,0.0424
102,44,car,540.34,607.59,574.83,626.09,561.67,617.65,28.0836,30.8826,0.5311,2.1556
102,87,car,1082.28,657.82,1109.03,703.57,1095.66,680.52,54.7832,34.0262,0.4948,0.08
102,64,person,778.63,695.62,792.49,718.39,786.6,707.7,39.3302,35.3852,0.2779,0.6365
102,88,person,788.94,398.28,797.35,415.14,793.74,406.27,39.6869,20.3137,0.311,0.398
102,89,motorcycle,966.0,637.24,977.71,661.05,971.17,652.19,48.5586,32.6097,0.3445,0.976
102,90,person,1292.95,581.64,1308.62,603.9,1302.26,592.36,65.1129,29.6178,0.3671,0.382
102,91,car,1416.11,816.02,1442.39,869.7,1429.17,842.9,71.4586,42.1449,0.364,0.0214
102,92,car,875.65,459.66,897.93,482.02,883.35,469.32,44.1673,23.4661,0.3288,0.9409
102,93,person,1360.74,429.96,1375.81,459.14,1368.21,444.94,68.4106,22.247,0.4366,0.1468
102,94,person,760.18,455.45,771.53,477.83,766.07,466.27,38.3035,23.3136,0.3332,0.1615
102,95,car,730.62,731.1,759.73,772.78,745.29,752.05,37.2646,37.6025,0.298,0.0602
102,79,person,900.75,477.5,911.94,500.34,905.58,487.35,45.2788,24.3675,0.4703,1.2908
102,22,person,1081.28,456.22,1092.33,478.49,1085.63,468.05,54.2815,23.4024,0.4991,1.1565
102,96,person,1096.27,461.25,1108.07,482.14,1101.18,471.65,55.0592,23.5826,0.4231,0.4937
103,3,person,1323.59,436.5,1335.43,463.99,1329.55,450.38,66.4775,22.5188,0.3569,0.0459
103,5,person,733.37,639.74,743.98,664.07,738.39,651.28,36.9197,32.5641,0.4173,0.3518
103,7,car,939.73,972.21,991.4,1009.27,965.62,990.7,48.281,49.5348,0.5738,0.024
103,8,car,643.62,411.88,686.29,473.5,664.95,446.45,33.2473,22.3225,0.7552,1.8721
103,9,car,638.42,694.29,678.48,745.81,658.43,720.16,32.9214,36.008,0.7661,0.0587
103,10,car,752.95,665.49,788.2,700.03,770.46,682.73,38.5228,34.1363,0.8474,0.0541
103,12,car,549.74,514.14,605.7,559.13,573.95,537.68,28.6975,26.8839,0.6996,2.2555
103,14,car,611.02,350.99,639.78,424.83,625.41,387.69,31.2705,19.3844,0.5283,0.1182
103,16,car,397.47,799.08,431.18,857.01,414.2,828.05,20.7102,41.4024,0.285,0.0736
103,17,car,1122.23,684.67,1151.85,741.13,1136.91,712.83,56.8457,35.6415,0.5667,0.0675
103,19,car,759.54,247.39,785.38,286.93,772.46,267.29,38.6228,13.3645,0.5053,0.0517
103,20,motorcycle,1088.3,712.58,1102.94,743.5,1096.77,730.15,54.8385,36.5073,0.5055,1.2832
103,21,car,589.32,412.44,624.81,460.24,607.24,435.16,30.362,21.7578,0.6336,0.1601
103,25,car,658.26,490.48,689.0,520.08,675.74,507.95,33.7869,25.3973,0.6971,2.0035
103,26,person,595.9,591.55,604.55,611.88,599.29,600.59,29.9644,30.0297,0.5498,0.6773
103,27,car,1159.25,971.13,1180.97,990.91,1170.08,980.96,58.504,49.048,0.397,0.0587
103,29,motorcycle,711.85,291.8,722.43,317.74,697.86,279.0,34.8931,13.95,0.3688,18.276
103,31,person,707.68,676.94,721.49,702.2,714.55,689.23,35.7273,34.4614,0.5858,0.1297
103,33,car,1122.33,684.72,1151.93,740.23,1136.96,712.61,56.848,35.6306,0.4504,0.2077
103,36,car,640.48,279.16,660.1,329.79,650.47,305.98,32.5236,15.2989,0.5564,1.2238
103,38,car,1147.86,628.29,1173.06,673.49,1160.45,650.76,58.0224,32.5379,0.6112,0.0646
103,42,person,1341.29,427.23,1359.95,459.12,1350.39,443.23,67.5197,22.1616,0.3886,0.0723
103,43,car,582.47,140.12,603.8,163.05,593.11,151.46,29.6555,7.5731,0.4617,0.0536
103,46,car,933.08,463.49,972.58,498.83,952.74,481.08,47.6371,24.0542,0.3609,0.0821
103,41,car,784.24,360.62,817.88,405.82,799.09,383.48,39.9546,19.174,0.4901,1.3959
103,53,car,1146.45,1052.79,1170.27,1080.23,1158.07,1066.61,57.9033,53.3307,0.3332,0.1551
103,55,car,1047.81,699.59,1076.76,743.91,1061.13,716.88,53.0565,35.8438,0.4537,2.1422
103,59,person,1263.19,604.4,1278.06,633.58,1270.9,618.95,63.5451,30.9473,0.429,0.1188
103,61,person,359.92,664.02,367.67,680.88,363.7,672.5,18.1851,33.625,0.4976,0.0398
103,62,bus,610.87,302.16,634.29,368.99,622.52,335.42,31.1262,16.7709,0.4452,0.0537
103,18,car,627.43,627.59,664.45,668.51,645.93,647.92,32.2966,32.3961,0.8468,0.0426
103,34,car,610.88,302.15,634.28,368.82,622.54,335.41,31.1268,16.7703,0.4806,0.0507
103,65,car,719.49,319.9,751.81,385.91,735.13,350.08,36.7567,17.5042,0.4422,1.4486
103,66,car,397.47,799.1,431.14,857.04,414.17,828.08,20.7083,41.4042,0.6614,0.0725
103,67,car,592.72,186.1,619.21,224.25,605.97,205.36,30.2984,10.268,0.3393,0.1416
103,68,car,1188.15,933.84,1336.03,1080.05,1262.52,1006.76,63.1261,50.3379,0.3557,0.1365
103,69,car,49.53,627.18,109.04,651.16,82.26,639.08,4.1129,31.954,0.6815,1.6003
103,71,person,1210.56,602.36,1225.8,631.83,1219.37,616.54,60.9684,30.8269,0.4032,0.588
103,74,car,18.16,517.3,82.16,546.24,50.28,531.18,2.5142,26.5588,0.371,0.2293
103,76,bus,719.21,319.93,751.79,385.86,735.02,350.06,36.7509,17.503,0.4444,1.4475
103,77,car,598.51,254.33,622.32,296.67,610.59,281.49,30.5296,14.0745,0.396,2.3856
103,78,person,1065.48,442.04,1074.27,461.67,1069.85,451.88,53.4924,22.594,0.3562,0.0084
103,11,car,379.95,538.4,439.99,574.82,407.98,556.43,20.399,27.8217,0.6523,1.0199
103,72,person,907.7,474.88,917.06,496.58,911.13,484.96,45.5567,24.2481,0.6075,1.2379
103,81,car,1077.09,177.78,1380.12,520.79,1229.02,339.16,61.451,16.9579,0.4276,10.0196
103,84,person,1029.05,528.69,1039.96,552.72,1034.09,540.2,51.7043,27.0102,0.4437,0.4096
103,85,car,1110.26,624.46,1143.55,659.77,1126.78,642.28,56.3388,32.1141,0.5375,0.0766
103,86,car,1477.22,821.39,1502.58,869.16,1489.65,845.45,74.4823,42.2724,0.427,0.1014
103,44,car,539.09,607.79,573.59,625.99,560.32,617.29,28.0158,30.8643,0.5742,2.1056
103,87,car,1082.27,657.78,1109.07,703.71,1095.67,680.59,54.7835,34.0296,0.5072,0.1027
103,64,person,778.1,695.61,792.01,717.99,786.22,707.48,39.3112,35.3739,0.2762,0.6625
103,88,person,788.88,398.22,797.27,414.88,793.58,406.34,39.6789,20.3168,0.29,0.2554
103,89,motorcycle,966.58,635.46,977.88,656.8,971.38,651.15,48.5691,32.5574,0.3747,1.6001
103,90,person,1292.49,581.96,1308.4,603.92,1301.81,592.48,65.0905,29.6238,0.3691,0.6952
103,91,car,1416.1,816.03,1442.39,869.74,1429.19,842.88,71.4595,42.1442,0.3606,0.034
103,92,car,876.78,460.16,899.06,482.86,884.47,469.72,44.2237,23.4861,0.3374,1.7974
103,93,person,1360.76,430.06,1375.78,459.17,1368.22,444.89,68.4111,22.2443,0.4578,0.0824
103,94,person,760.45,455.63,771.24,478.11,766.03,466.37,38.3016,23.3186,0.2914,0.1597
103,95,car,730.76,731.3,759.74,772.83,745.29,752.05,37.2643,37.6026,0.379,0.0108
103,79,person,901.1,478.27,911.79,500.67,906.01,488.12,45.3007,24.4058,0.4058,1.323
103,22,person,1082.18,456.3,1092.38,478.47,1086.31,467.49,54.3155,23.3746,0.4779,1.3187
103,96,person,1096.52,461.27,1108.75,482.18,1101.48,471.67,55.0738,23.5833,0.4548,0.4369
104,3,person,1323.58,436.36,1335.47,464.03,1329.55,450.34,66.4776,22.5169,0.3478,0.0563
104,5,person,732.94,639.93,744.3,664.37,738.48,651.56,36.9241,32.5779,0.4824,0.434
104,7,car,940.15,972.32,991.15,1009.33,965.62,990.71,48.2809,49.5356,0.615,0.0232
104,8,car,643.88,410.6,686.88,472.12,665.09,445.22,33.2545,22.2612,0.6758,1.8508
104,9,car,638.52,694.53,678.36,745.94,658.43,720.16,32.9215,36.0078,0.7585,0.0075
104,10,car,753.01,665.51,788.18,699.94,770.49,682.73,38.5245,34.1367,0.8358,0.0546
104,12,car,551.11,513.38,606.55,558.91,575.32,537.23,28.766,26.8613,0.6621,2.1643
104,14,car,611.01,351.05,639.76,424.96,625.4,387.77,31.2702,19.3884,0.4586,0.1187
104,16,car,397.59,799.03,431.15,857.06,414.24,828.04,20.7122,41.4021,0.2734,0.0613
104,17,car,1122.24,684.7,1151.85,741.19,1136.95,712.86,56.8475,35.6428,0.5746,0.068
104,19,car,759.52,247.5,785.6,287.09,772.47,267.26,38.6237,13.3628,0.5363,0.0576
104,20,motorcycle,1088.08,714.45,1102.11,742.82,1096.38,729.58,54.8192,36.4788,0.5172,1.0341
104,21,car,589.55,412.67,624.74,460.02,607.22,435.25,30.361,21.7627,0.6227,0.1502
104,25,car,657.4,489.67,688.28,519.15,674.99,506.98,33.7496,25.3492,0.6148,1.825
104,26,person,595.95,591.87,604.99,612.16,599.58,600.94,29.979,30.047,0.4895,0.6772
104,27,car,1159.21,971.16,1181.03,990.98,1170.1,981.0,58.505,49.0501,0.3836,0.0686
104,29,motorcycle,711.1,291.84,721.9,318.23,705.68,288.64,35.2841,14.4319,0.4541,18.618
104,31,person,707.79,676.96,721.61,702.21,714.57,689.31,35.7287,34.4656,0.5925,0.1343
104,33,car,1122.36,684.77,1151.93,740.24,1137.02,712.52,56.8511,35.6262,0.4355,0.1614
104,36,car,640.28,278.35,659.9,329.51,650.39,305.2,32.5195,15.2599,0.5382,1.1768
104,38,car,1147.87,628.27,1173.08,673.48,1160.45,650.8,58.0226,32.5398,0.6018,0.0568
104,42,person,1341.15,427.28,1359.91,459.2,1350.45,443.22,67.5226,22.161,0.4155,0.0892
104,43,car,582.5,140.2,603.83,163.03,593.13,151.5,29.6563,7.5748,0.5202,0.0559
104,46,car,933.15,463.49,972.57,498.79,952.77,481.11,47.6387,24.0556,0.3353,0.0651
104,41,car,785.21,361.35,818.47,403.49,799.78,383.92,39.9891,19.1958,0.5359,1.227
104,53,car,1146.44,1052.8,1170.25,1080.24,1158.15,1066.59,57.9075,53.3294,0.3236,0.1345
104,55,car,1048.1,700.33,1077.15,745.24,1061.54,718.41,53.0768,35.9206,0.4186,2.3843
104,59,person,1263.17,604.59,1277.8,633.57,1270.81,618.98,63.5406,30.9489,0.428,0.1419
104,61,person,359.93,664.06,367.66,680.96,363.73,672.5,18.1863,33.6252,0.4839,0.0367
104,62,bus,610.89,302.24,634.28,369.24,622.54,335.48,31.1271,16.7738,0.4612,0.0899
104,18,car,627.43,627.58,664.55,668.54,645.94,647.95,32.2972,32.3973,0.8446,0.0392
104,34,car,610.86,302.21,634.28,369.29,622.55,335.47,31.1275,16.7733,0.4739,0.0924
104,65,car,719.59,320.82,752.02,386.82,735.31,351.01,36.7656,17.5507,0.5052,1.4211
104,66,car,397.6,799.05,431.12,857.08,414.21,828.07,20.7106,41.4035,0.6188,0.0712
104,67,car,592.78,186.09,619.13,224.01,606.01,205.28,30.3006,10.264,0.2648,0.136
104,68,car,1187.94,933.88,1335.66,1080.05,1262.39,1006.8,63.1197,50.3401,0.3513,0.2041
104,69,car,48.84,627.22,107.89,650.96,81.23,639.08,4.0616,31.9541,0.7071,1.539
104,71,person,1210.2,602.64,1225.39,631.81,1219.0,616.7,60.9499,30.8351,0.4663,0.6056
104,74,car,18.1,517.24,82.2,546.24,50.23,531.32,2.5116,26.5658,0.4051,0.2226
104,76,bus,719.34,320.86,752.0,386.77,735.18,351.0,36.7592,17.5498,0.4264,1.4241
104,77,car,598.55,254.31,622.26,294.86,610.55,279.76,30.5273,13.988,0.3866,2.5941
104,78,person,1065.47,441.86,1074.33,461.66,1069.86,451.86,53.4928,22.593,0.3266,0.0322
104,11,car,379.99,538.3,440.56,574.81,408.6,556.46,20.43,27.8228,0.6445,0.9309
104,72,person,908.27,475.24,917.14,496.87,911.67,485.19,45.5837,24.2596,0.5405,0.8801
104,81,car,1077.01,179.1,1377.89,521.76,1228.98,343.38,61.4491,17.1692,0.4098,6.339
104,84,person,1029.2,528.84,1040.23,553.22,1034.25,540.39,51.7127,27.0195,0.4264,0.3761
104,85,car,1110.25,624.5,1143.52,659.75,1126.81,642.24,56.3404,32.1121,0.5058,0.0795
104,86,car,1477.46,821.39,1502.65,868.95,1489.71,845.39,74.4856,42.2697,0.4606,0.1295
104,44,car,537.89,608.02,572.24,626.04,558.98,617.07,27.9492,30.8534,0.6406,2.0262
104,87,car,1082.26,657.77,1109.11,703.78,1095.67,680.65,54.7836,34.0327,0.5082,0.0907
104,64,person,777.58,695.53,791.21,717.6,785.8,707.25,39.29,35.3624,0.2705,0.7245
104,89,motorcycle,965.67,635.19,978.06,664.27,971.49,650.79,48.5747,32.5396,0.3335,0.5604
104,90,person,1291.93,582.15,1308.36,603.99,1301.34,592.58,65.0669,29.6292,0.3469,0.7272
104,91,car,1416.18,816.04,1442.43,869.76,1429.22,842.87,71.4608,42.1437,0.3669,0.0436
104,92,car,878.07,460.52,900.27,483.43,885.63,470.3,44.2815,23.5149,0.2872,1.9372
104,93,person,1360.47,429.88,1375.99,459.2,1368.22,444.84,68.4111,22.2418,0.4231,0.0738
104,94,person,760.2,456.26,770.9,477.68,765.96,466.46,38.2981,23.3229,0.2779,0.1658
104,95,car,730.92,731.36,759.88,772.86,745.3,752.06,37.2651,37.603,0.4724,0.0278
104,79,person,901.44,478.95,911.71,500.82,906.24,488.49,45.3122,24.4244,0.3654,0.6577
104,22,person,1082.7,456.27,1092.36,478.4,1086.53,467.44,54.3266,23.3722,0.4126,0.3399
104,96,person,1096.7,461.32,1109.2,482.2,1101.72,471.68,55.086,23.5841,0.3816,0.3688
105,3,person,1323.68,436.53,1335.39,464.08,1329.55,450.32,66.4777,22.5159,0.3217,0.0321
105,5,person,732.69,639.95,744.35,664.51,738.53,651.76,36.9267,32.5881,0.4605,0.3176
105,7,car,939.95,972.4,991.16,1009.38,965.6,990.74,48.28,49.537,0.6584,0.0517
105,8,car,644.18,409.37,686.14,470.71,665.05,443.94,33.2527,22.1968,0.6647,1.9354
105,9,car,638.56,694.66,678.3,745.97,658.43,720.18,32.9217,36.009,0.7591,0.0364
105,10,car,753.02,665.53,788.13,699.83,770.52,682.73,38.526,34.1366,0.8186,0.0435
105,12,car,552.2,512.75,607.59,558.91,576.56,536.85,28.8278,26.8424,0.7059,1.9391
105,14,car,611.03,351.13,639.75,425.12,625.4,387.84,31.2702,19.3921,0.557,0.1118
105,16,car,397.72,799.03,431.1,857.08,414.28,828.03,20.7142,41.4014,0.3129,0.0627
105,17,car,1122.29,684.74,1151.87,741.11,1136.99,712.88,56.8493,35.644,0.5614,0.0658
105,19,car,759.72,247.93,785.51,287.24,772.5,267.3,38.6252,13.3649,0.5264,0.0774
105,20,motorcycle,1087.82,713.84,1101.6,741.54,1096.0,728.99,54.8002,36.4493,0.4747,1.0523
105,21,car,589.76,412.67,624.74,459.37,607.22,435.4,30.3608,21.77,0.6293,0.2193
105,25,car,656.66,488.79,687.38,518.18,674.26,506.09,33.7128,25.3045,0.6391,1.7388
105,26,person,595.95,592.21,605.42,612.42,599.86,601.29,29.9932,30.0644,0.5414,0.6738
105,27,car,1159.23,971.19,1181.13,990.89,1170.13,981.03,58.5064,49.0515,0.3599,0.061
105,29,motorcycle,710.86,292.61,721.31,318.56,713.46,298.67,35.6732,14.9335,0.4791,19.0453
105,31,person,707.92,676.96,721.58,702.23,714.6,689.4,35.7302,34.4702,0.5884,0.1425
105,33,car,1122.39,684.8,1151.95,740.07,1137.07,712.48,56.8537,35.6241,0.4369,0.0994
105,36,car,640.17,277.59,659.79,329.09,650.3,304.44,32.515,15.222,0.5716,1.1461
105,38,car,1147.9,628.25,1173.08,673.47,1160.45,650.83,58.0227,32.5414,0.6066,0.0495
105,42,person,1341.08,427.42,1359.81,459.24,1350.5,443.22,67.5252,22.1609,0.3678,0.0784
105,43,car,582.52,140.21,603.84,163.05,593.14,151.53,29.657,7.5765,0.5401,0.0561
105,46,car,933.14,463.45,972.58,498.58,952.8,481.12,47.64,24.0558,0.3339,0.0401
105,41,car,786.09,362.43,819.59,402.49,800.51,383.99,40.0255,19.1996,0.5329,1.0966
105,53,car,1146.44,1052.84,1170.18,1080.25,1158.21,1066.57,57.9104,53.3285,0.3379,0.0879
105,55,car,1048.64,701.02,1077.61,746.36,1061.92,720.09,53.0962,36.0047,0.4183,2.587
105,59,person,1263.22,604.62,1277.42,633.56,1270.7,619.0,63.5352,30.9501,0.4154,0.1657
105,61,person,359.93,664.12,367.67,681.07,363.75,672.51,18.1875,33.6255,0.473,0.0376
105,62,bus,610.91,302.31,634.29,369.28,622.56,335.53,31.1281,16.7765,0.5488,0.0851
105,18,car,627.46,627.53,664.64,668.52,645.97,647.97,32.2984,32.3983,0.8226,0.0452
105,34,car,610.89,302.3,634.29,369.43,622.56,335.51,31.1282,16.7757,0.4964,0.0754
105,65,car,719.68,321.71,752.17,387.62,735.48,351.93,36.7738,17.5964,0.5275,1.3921
105,66,car,397.73,799.04,431.07,857.1,414.26,828.05,20.713,41.4024,0.609,0.0797
105,67,car,592.85,186.14,619.2,224.49,606.07,205.27,30.3036,10.2633,0.2732,0.0922
105,68,car,1187.73,934.02,1335.23,1080.05,1262.22,1006.86,63.111,50.3429,0.2958,0.2751
105,69,car,48.21,627.27,106.91,651.15,80.28,639.1,4.0138,31.955,0.7309,1.4358
105,71,person,1209.93,602.98,1224.92,631.81,1218.62,616.89,60.9309,30.8444,0.4236,0.6354
105,74,car,18.01,517.16,82.69,546.34,50.2,531.45,2.5098,26.5724,0.4115,0.2056
105,76,bus,719.52,321.74,752.15,387.57,735.35,351.91,36.7674,17.5956,0.4456,1.3966
105,77,car,598.36,254.68,622.32,303.46,610.48,278.67,30.5239,13.9333,0.3931,1.644
105,78,person,1065.49,441.67,1074.45,461.66,1069.88,451.83,53.4939,22.5915,0.3155,0.0543
105,11,car,380.63,537.96,441.67,574.81,409.24,556.46,20.462,27.8232,0.6974,0.9589
105,81,car,1076.77,179.78,1371.0,517.28,1228.27,345.73,61.4137,17.2866,0.4296,3.6775
105,84,person,1029.35,529.34,1040.42,553.56,1034.42,540.59,51.721,27.0296,0.4083,0.3908
105,85,car,1110.32,624.51,1143.49,659.71,1126.84,642.2,56.3419,32.1098,0.5096,0.0813
105,86,car,1477.68,821.4,1502.69,868.88,1489.82,845.33,74.4908,42.2667,0.4397,0.179
105,44,car,536.76,608.18,570.9,625.94,557.68,616.98,27.8838,30.8488,0.6659,1.9671
105,87,car,1082.25,657.75,1109.15,703.75,1095.68,680.69,54.7838,34.0347,0.4865,0.0627
105,64,person,777.13,695.53,790.39,717.59,785.35,707.05,39.2675,35.3525,0.3001,0.7378
105,89,motorcycle,965.56,634.0,978.25,666.11,971.59,650.65,48.5796,32.5324,0.318,0.263
105,90,person,1291.21,582.47,1308.18,603.99,1300.86,592.71,65.0429,29.6356,0.3032,0.7436
105,91,car,1416.25,816.01,1442.45,869.77,1429.25,842.87,71.4626,42.1435,0.3374,0.0533
105,92,car,879.38,460.82,901.44,484.02,886.82,470.85,44.3411,23.5426,0.3415,1.9705
105,93,person,1360.83,431.06,1375.45,459.25,1368.27,444.7,68.4135,22.2349,0.4223,0.2184
105,94,person,759.85,456.17,770.8,478.41,765.74,466.65,38.287,23.3324,0.3126,0.4387
105,95,car,731.06,731.44,760.02,772.91,745.32,752.06,37.2659,37.603,0.5131,0.0232
105,79,person,901.54,479.51,911.93,501.46,906.46,488.89,45.3229,24.4446,0.2835,0.6861
105,22,person,1083.04,456.16,1092.4,478.33,1086.79,467.38,54.3394,23.369,0.3639,0.3942
105,96,person,1096.73,461.35,1109.6,482.3,1101.93,471.7,55.0963,23.5851,0.3393,0.3109
105,98,car,1110.38,624.51,1143.42,659.72,1126.9,642.11,56.345,32.1057,0.4986,0.0
105,99,car,1078.82,593.62,1114.08,630.65,1096.45,612.13,54.8225,30.6067,0.3111,0.0
105,28,car,648.34,409.38,684.8,459.83,664.08,442.15,33.2042,22.1076,0.5116,3.2903
106,3,person,1323.74,436.54,1335.31,464.07,1329.54,450.3,66.4772,22.5151,0.3191,0.0265
106,5,person,732.67,640.11,744.62,664.73,738.58,651.94,36.9292,32.5971,0.5136,0.2779
106,7,car,939.89,972.44,991.1,1009.36,965.56,990.77,48.2781,49.5385,0.6128,0.0728
106,8,car,645.02,408.01,686.22,469.0,665.11,442.6,33.2554,22.1302,0.6347,1.9991
106,9,car,638.62,694.42,678.46,745.96,658.45,720.18,32.9225,36.0088,0.7696,0.0255
106,10,car,753.09,665.51,788.07,699.9,770.54,682.73,38.5271,34.1364,0.8429,0.0343
106,12,car,553.22,511.97,608.98,558.76,577.72,536.48,28.886,26.8238,0.7051,1.8334
106,14,car,611.02,351.12,639.73,425.08,625.41,387.9,31.2704,19.3949,0.4902,0.0842
106,16,car,397.82,799.08,430.99,857.15,414.32,828.04,20.7158,41.4018,0.3168,0.0498
106,17,car,1122.29,684.71,1151.92,741.25,1137.02,712.91,56.851,35.6454,0.5649,0.0635
106,19,car,759.64,247.69,785.37,287.27,772.51,267.33,38.6256,13.3666,0.4959,0.0516
106,20,motorcycle,1087.5,713.44,1101.35,740.74,1095.61,728.56,54.7805,36.4282,0.4236,0.8652
106,21,car,589.0,412.95,624.67,464.03,607.14,435.99,30.357,21.7997,0.6156,0.8995
106,25,car,655.68,488.06,686.35,517.52,673.49,505.26,33.6743,25.2631,0.5555,1.6953
106,26,person,595.98,592.55,605.84,612.73,600.14,601.64,30.0069,30.0821,0.5476,0.6701
106,27,car,1159.37,971.22,1181.11,990.8,1170.15,981.04,58.5076,49.052,0.3378,0.0372
106,29,motorcycle,710.59,291.73,720.94,318.84,715.89,302.63,35.7947,15.1314,0.4843,6.967
106,31,person,708.07,676.97,721.72,702.41,714.66,689.5,35.7329,34.4748,0.6749,0.1602
106,33,car,1122.4,684.81,1152.02,740.22,1137.11,712.47,56.8557,35.6237,0.4229,0.0607
106,36,car,640.06,276.88,659.72,328.63,650.22,304.19,32.5111,15.2096,0.4557,0.3907
106,38,car,1147.94,628.26,1173.09,673.46,1160.46,650.85,58.0231,32.5426,0.5495,0.0375
106,42,person,1341.17,427.53,1359.62,459.27,1350.55,443.22,67.5273,22.1612,0.3873,0.0625
106,43,car,582.64,140.23,603.85,163.03,593.16,151.56,29.6578,7.5778,0.531,0.0465
106,46,car,933.17,463.43,972.56,498.49,952.82,481.1,47.6411,24.0549,0.3633,0.0418
106,41,car,786.98,363.23,820.81,402.14,801.28,383.85,40.0639,19.1923,0.5199,1.1731
106,53,car,1146.46,1052.89,1170.12,1080.26,1158.24,1066.56,57.9121,53.3281,0.2677,0.0537
106,55,car,1049.15,701.77,1078.06,747.32,1062.33,721.45,53.1164,36.0724,0.435,2.1203
106,59,person,1263.28,604.73,1277.56,633.61,1270.63,619.04,63.5313,30.9518,0.4491,0.1295
106,61,person,359.94,664.22,367.68,681.25,363.77,672.54,18.1886,33.6271,0.4771,0.0568
106,62,bus,610.92,302.32,634.39,369.28,622.58,335.58,31.1292,16.7792,0.4483,0.0899
106,18,car,627.49,627.51,664.69,668.49,645.98,647.99,32.2992,32.3995,0.7876,0.0437
106,34,car,610.91,302.32,634.38,369.37,622.58,335.57,31.1291,16.7786,0.4825,0.0913
106,65,car,719.8,322.56,752.28,388.47,735.63,352.83,36.7814,17.6417,0.439,1.3784
106,66,car,397.84,799.08,430.96,857.16,414.3,828.05,20.7149,41.4027,0.6118,0.0575
106,67,car,592.86,186.12,618.98,224.28,606.05,205.22,30.3025,10.2611,0.2638,0.0726
106,68,car,1187.64,934.03,1334.83,1080.05,1262.02,1006.91,63.1009,50.3454,0.278,0.31
106,69,car,47.47,627.29,105.86,651.14,79.31,639.11,3.9656,31.9554,0.6592,1.4449
106,71,person,1209.59,603.26,1224.34,631.61,1218.21,617.04,60.9104,30.8521,0.409,0.6576
106,74,car,17.81,517.14,83.09,546.32,50.22,531.57,2.5109,26.5783,0.3263,0.1798
106,76,bus,719.7,322.59,752.27,388.42,735.51,352.82,36.7754,17.6411,0.4789,1.3855
106,77,car,598.48,254.51,621.92,299.16,610.42,277.99,30.521,13.8993,0.3738,1.0236
106,78,person,1065.49,441.62,1074.54,461.67,1069.9,451.8,53.495,22.59,0.3187,0.0569
106,11,car,381.55,537.96,442.47,574.79,409.9,556.45,20.4952,27.8223,0.6749,0.9969
106,81,car,1076.74,179.28,1369.73,514.51,1227.38,346.86,61.3691,17.3432,0.3864,2.1628
106,84,person,1029.5,529.57,1040.64,553.92,1034.57,540.83,51.7283,27.0415,0.4443,0.4208
106,85,car,1110.4,624.54,1143.47,659.73,1126.87,642.17,56.3433,32.1085,0.4769,0.0553
106,86,car,1477.75,821.41,1502.73,868.89,1489.91,845.29,74.4953,42.2644,0.4418,0.1512
106,44,car,535.58,608.47,569.56,626.05,556.38,616.98,27.8188,30.8491,0.6113,1.9482
106,87,car,1082.25,657.75,1109.19,703.7,1095.68,680.72,54.784,34.0358,0.5089,0.0318
106,64,person,776.6,695.43,789.41,717.62,784.85,706.88,39.2425,35.3442,0.4593,0.7898
106,89,motorcycle,967.05,633.03,978.53,656.61,971.78,649.87,48.5892,32.4934,0.2944,1.2048
106,90,person,1290.41,582.96,1308.01,603.95,1300.43,592.89,65.0215,29.6444,0.3207,0.6934
106,91,car,1416.22,816.07,1442.48,869.79,1429.28,842.88,71.4639,42.1439,0.3575,0.0407
106,92,car,880.55,461.22,902.7,484.54,888.01,471.36,44.4007,23.5678,0.3409,1.9419
106,93,person,1360.2,430.0,1375.92,459.25,1368.24,444.67,68.4121,22.2336,0.3676,0.0591
106,94,person,758.61,456.4,770.3,479.08,765.49,466.87,38.2745,23.3437,0.3158,0.5064
106,95,car,731.2,731.28,760.36,772.98,745.37,752.06,37.2687,37.6029,0.5077,0.0844
106,79,person,902.0,478.32,914.18,501.32,906.76,489.18,45.3382,24.459,0.5299,0.6293
106,22,person,1083.26,456.32,1092.47,478.32,1087.12,467.34,54.356,23.3672,0.3866,0.5031
106,96,person,1096.87,461.37,1110.03,482.76,1102.38,471.77,55.1189,23.5886,0.3446,0.6855
106,98,car,1110.49,624.55,1143.4,659.81,1126.92,642.15,56.3462,32.1073,0.502,0.0601
106,99,car,1079.66,593.84,1114.64,630.48,1096.8,612.15,54.84,30.6073,0.3,0.525
106,28,car,648.54,408.25,684.92,462.39,664.67,440.44,33.2333,22.0218,0.349,2.7177
107,3,person,1323.77,436.94,1335.26,464.12,1329.53,450.32,66.4765,22.5159,0.2611,0.0301
107,5,person,732.72,639.89,744.89,664.95,738.64,652.08,36.932,32.604,0.4521,0.2258
107,7,car,940.29,972.48,990.98,1009.38,965.56,990.8,48.2782,49.5402,0.659,0.0506
107,8,car,646.39,406.29,687.81,467.13,665.43,441.19,33.2713,22.0594,0.6238,2.176
107,9,car,638.68,694.21,678.51,746.01,658.48,720.18,32.9239,36.0089,0.7616,0.0403
107,10,car,753.15,665.5,788.07,700.12,770.57,682.74,38.5284,34.1368,0.8349,0.041
107,12,car,554.85,511.31,609.77,558.4,578.86,536.1,28.943,26.8051,0.6212,1.7997
107,14,car,610.98,351.15,639.7,425.29,625.39,387.98,31.2695,19.3988,0.4792,0.1199
107,16,car,397.84,799.22,430.89,857.22,414.34,828.06,20.7169,41.4032,0.3073,0.0532
107,17,car,1122.3,684.69,1151.96,741.28,1137.05,712.93,56.8525,35.6467,0.5505,0.0597
107,19,car,759.65,247.07,785.21,287.25,772.51,267.31,38.6256,13.3654,0.526,0.0356
107,20,motorcycle,1087.3,717.34,1100.82,740.29,1095.18,728.4,54.7592,36.42,0.4213,0.6854
107,21,car,589.36,412.97,624.62,461.64,607.09,436.45,30.3543,21.8224,0.5821,0.6834
107,25,car,654.88,487.41,685.52,516.92,672.7,504.47,33.6351,25.2235,0.6169,1.6715
107,26,person,596.54,592.92,606.46,612.98,600.46,601.98,30.0232,30.0992,0.6105,0.7098
107,27,car,1159.4,971.24,1181.06,990.69,1170.17,981.03,58.5084,49.0516,0.3465,0.0279
107,29,motorcycle,710.29,292.45,720.86,319.43,716.39,304.21,35.8194,15.2105,0.4831,2.4866
107,31,person,708.14,676.88,721.83,702.55,714.72,689.57,35.7359,34.4785,0.6121,0.1432
107,33,car,1122.42,684.78,1152.08,740.27,1137.15,712.48,56.8575,35.6242,0.4332,0.0562
107,36,car,639.93,276.38,659.71,328.15,650.13,303.8,32.5065,15.19,0.4577,0.6046
107,38,car,1147.96,628.3,1173.11,673.4,1160.48,650.86,58.0239,32.5432,0.5722,0.0295
107,42,person,1341.23,427.62,1359.61,459.36,1350.59,443.24,67.5294,22.162,0.3263,0.0674
107,43,car,582.73,140.26,603.87,162.95,593.18,151.58,29.659,7.5789,0.5436,0.0503
107,46,car,933.23,463.37,972.58,498.46,952.84,481.07,47.6422,24.0535,0.3847,0.0533
107,41,car,787.81,363.92,822.19,402.41,802.12,383.56,40.1059,19.1778,0.3769,1.3337
107,53,car,1146.45,1053.13,1169.72,1080.27,1158.25,1066.58,57.9123,53.3289,0.308,0.0219
107,55,car,1049.47,702.43,1078.39,748.38,1062.72,722.58,53.1362,36.129,0.4038,1.798
107,59,person,1263.31,604.68,1277.88,633.65,1270.58,619.06,63.529,30.9529,0.4106,0.0765
107,61,person,360.0,664.33,367.75,681.29,363.8,672.58,18.1899,33.6291,0.4886,0.0733
107,62,bus,610.93,302.3,634.46,369.21,622.61,335.64,31.1305,16.7818,0.4087,0.0866
107,18,car,627.56,627.56,664.69,668.53,646.01,648.02,32.3006,32.4011,0.8245,0.0626
107,34,car,610.93,302.3,634.45,369.23,622.61,335.63,31.1303,16.7814,0.5222,0.0915
107,65,car,720.04,323.38,752.55,389.35,735.79,353.73,36.7897,17.6865,0.4513,1.3645
107,66,car,397.86,799.23,430.85,857.22,414.32,828.08,20.7162,41.4041,0.5891,0.0588
107,67,car,592.85,186.05,618.88,224.14,605.97,205.17,30.2987,10.2587,0.2758,0.1366
107,69,car,46.46,627.35,104.86,651.29,78.38,639.15,3.9191,31.9575,0.6234,1.3978
107,71,person,1209.34,603.49,1223.95,631.54,1217.81,617.19,60.8906,30.8596,0.3865,0.6352
107,74,car,18.64,517.77,82.49,545.47,50.29,531.65,2.5143,26.5823,0.3964,0.1564
107,76,bus,719.99,323.41,752.53,389.21,735.69,353.71,36.7843,17.6856,0.4188,1.3627
107,77,car,598.56,254.42,621.66,296.36,610.35,276.84,30.5175,13.8418,0.3961,1.7305
107,78,person,1065.48,441.54,1074.55,461.71,1069.93,451.76,53.4963,22.588,0.2972,0.0712
107,11,car,382.33,538.24,442.87,574.7,410.59,556.46,20.5296,27.8228,0.7187,1.031
107,81,car,1076.96,179.16,1374.64,517.46,1226.79,347.91,61.3393,17.3953,0.3855,1.8019
107,84,person,1029.7,529.64,1041.12,554.14,1034.75,541.07,51.7373,27.0536,0.4399,0.4511
107,85,car,1110.37,624.52,1143.47,659.6,1126.88,642.14,56.3441,32.1072,0.4874,0.0474
107,86,car,1477.87,821.38,1502.77,868.9,1490.01,845.24,74.5007,42.2621,0.4134,0.1774
107,44,car,534.43,608.82,568.14,626.02,555.09,617.05,27.7544,30.8525,0.4383,1.9371
107,87,car,1082.22,657.76,1109.22,703.56,1095.69,680.72,54.7845,34.0358,0.4788,0.0136
107,64,person,775.99,695.27,788.28,717.78,784.27,706.75,39.2134,35.3374,0.4105,0.8984
107,89,motorcycle,966.46,635.2,978.85,662.61,972.03,649.06,48.6014,32.4532,0.3093,1.2588
107,90,person,1289.75,583.26,1307.8,604.03,1300.04,593.09,65.0018,29.6546,0.3065,0.6661
107,91,car,1416.24,816.11,1442.49,869.81,1429.3,842.9,71.4649,42.1449,0.2921,0.0419
107,92,car,881.67,461.75,903.98,485.02,889.21,471.88,44.4604,23.5939,0.4233,1.9519
107,93,person,1360.72,431.43,1375.25,459.32,1368.18,444.79,68.4092,22.2395,0.333,0.1973
107,94,person,757.6,456.76,769.74,479.76,765.2,467.16,38.2599,23.3582,0.3822,0.6163
107,95,car,731.17,731.25,760.31,773.02,745.44,752.07,37.2719,37.6036,0.3923,0.0978
107,79,person,902.3,477.54,915.69,501.56,907.09,489.47,45.3544,24.4733,0.4518,0.6478
107,22,person,1083.34,456.12,1092.67,478.33,1087.33,467.31,54.3666,23.3657,0.3298,0.3214
107,96,person,1097.29,461.28,1110.2,482.49,1102.8,471.81,55.14,23.5903,0.2689,0.6335
107,98,car,1110.38,624.64,1143.43,659.57,1126.92,642.13,56.3459,32.1066,0.4677,0.0222
107,99,car,1079.52,592.38,1115.59,630.48,1097.05,611.91,54.8526,30.5954,0.4843,0.5218
107,28,car,649.3,406.6,685.16,459.42,665.26,438.65,33.2632,21.9326,0.3858,2.823
108,3,person,1323.81,437.44,1335.25,464.19,1329.52,450.39,66.4762,22.5193,0.272,0.1038
108,5,person,733.61,640.86,744.4,665.38,738.7,652.29,36.9351,32.6143,0.5338,0.3227
108,7,car,940.52,972.56,990.95,1009.55,965.59,990.86,48.2795,49.5429,0.5479,0.0916
108,8,car,647.13,404.85,687.73,465.96,665.78,439.81,33.2892,21.9903,0.618,2.1414
108,9,car,638.71,694.11,678.46,746.14,658.5,720.17,32.9249,36.0087,0.7336,0.0331
108,10,car,753.14,665.55,788.11,700.52,770.59,682.78,38.5294,34.139,0.8142,0.0732
108,12,car,555.54,510.83,611.51,558.47,580.0,535.75,29.0,26.7877,0.7075,1.7876
108,14,car,611.03,351.2,639.65,425.1,625.37,388.04,31.2687,19.4022,0.4977,0.1044
108,16,car,397.96,799.52,430.73,857.39,414.35,828.13,20.7177,41.4066,0.3123,0.105
108,17,car,1122.33,684.71,1152.04,741.48,1137.08,712.97,56.8542,35.6483,0.5636,0.0696
108,19,car,759.63,246.73,785.14,287.42,772.49,267.28,38.6246,13.3642,0.5051,0.0484
108,20,motorcycle,1087.12,718.33,1100.14,739.72,1094.79,728.3,54.7397,36.415,0.4345,0.6025
108,21,car,589.69,413.18,624.58,460.84,607.05,436.91,30.3523,21.8457,0.5919,0.7044
108,25,car,654.1,486.74,684.7,516.37,671.91,503.69,33.5955,25.1845,0.5431,1.6681
108,26,person,597.08,593.17,607.17,613.11,600.83,602.31,30.0415,30.1153,0.5994,0.7323
108,27,car,1159.46,971.28,1181.01,990.71,1170.18,981.02,58.509,49.0511,0.3677,0.0249
108,29,motorcycle,710.6,295.31,720.68,320.72,716.28,305.3,35.8141,15.2649,0.4042,1.6374
108,31,person,708.08,677.06,721.79,702.72,714.77,689.65,35.7386,34.4823,0.6844,0.1397
108,33,car,1122.44,684.89,1152.13,740.61,1137.18,712.53,56.8592,35.6265,0.4552,0.086
108,36,car,639.8,275.85,659.94,327.79,650.05,303.34,32.5023,15.1669,0.5017,0.704
108,38,car,1147.99,628.37,1173.19,673.47,1160.5,650.88,58.025,32.5439,0.6252,0.04
108,42,person,1341.32,427.57,1359.79,459.48,1350.53,443.32,67.5265,22.1659,0.3273,0.1438
108,43,car,582.74,140.42,603.86,162.92,593.21,151.61,29.6603,7.5805,0.5467,0.0608
108,46,car,933.36,463.46,972.61,498.45,952.87,481.04,47.6437,24.0522,0.3388,0.0583
108,41,car,788.83,364.81,823.34,402.85,803.02,383.19,40.1509,19.1596,0.5052,1.4542
108,53,car,1146.45,1053.28,1169.53,1080.28,1158.23,1066.6,57.9115,53.3301,0.3179,0.0439
108,55,car,1049.89,702.59,1078.83,749.28,1063.12,723.52,53.1562,36.1762,0.4208,1.5392
108,59,person,1263.28,604.83,1277.71,633.82,1270.53,619.11,63.5264,30.9553,0.4145,0.1074
108,61,person,359.97,664.46,367.83,681.47,363.82,672.65,18.1911,33.6323,0.462,0.1007
108,62,bus,610.95,302.37,634.48,369.3,622.63,335.7,31.1315,16.7852,0.3946,0.1078
108,18,car,627.57,627.79,664.73,668.68,646.04,648.06,32.3019,32.4031,0.8316,0.0748
108,34,car,610.95,302.37,634.48,369.31,622.62,335.7,31.1312,16.785,0.5115,0.1115
108,65,car,720.26,324.33,752.75,390.12,735.96,354.62,36.7979,17.7312,0.5313,1.3637
108,66,car,398.06,799.52,430.7,857.3,414.35,828.14,20.7175,41.4071,0.5669,0.0976
108,67,car,592.93,186.16,618.94,224.47,605.95,205.19,30.2974,10.2595,0.261,0.0446
108,69,car,45.77,627.47,103.94,651.56,77.52,639.23,3.8758,31.9614,0.6118,1.3051
108,71,person,1208.19,602.74,1223.47,631.41,1217.35,617.24,60.8676,30.8621,0.4554,0.6944
108,74,car,19.06,518.11,82.7,545.09,50.39,531.69,2.5195,26.5843,0.375,0.169
108,76,bus,720.23,324.37,752.76,390.01,735.87,354.6,36.7935,17.7302,0.364,1.3661
108,77,car,598.58,254.39,621.53,294.87,610.28,276.14,30.5142,13.8068,0.4161,1.0528
108,78,person,1065.61,441.66,1074.6,461.71,1069.96,451.73,53.4981,22.5865,0.3263,0.0714
108,11,car,382.68,538.39,443.33,574.65,411.21,556.48,20.5603,27.8241,0.6452,0.9235
108,81,car,1077.12,178.41,1378.2,513.32,1226.39,348.11,61.3197,17.4056,0.3638,0.6633
108,84,person,1030.91,529.72,1041.86,553.81,1035.04,541.28,51.7521,27.0642,0.4838,0.5476
108,85,car,1110.25,624.7,1143.49,659.81,1126.89,642.15,56.3445,32.1073,0.4817,0.0132
108,86,car,1478.01,821.44,1502.88,869.0,1490.11,845.22,74.5057,42.2609,0.4719,0.1548
108,44,car,533.23,609.1,566.87,626.03,553.82,617.15,27.6909,30.8576,0.5478,1.9106
108,87,car,1082.26,657.81,1109.27,703.44,1095.7,680.71,54.7852,34.0356,0.4697,0.0215
108,64,person,775.39,695.23,786.91,718.01,783.58,706.66,39.179,35.3328,0.4656,1.0388
108,89,motorcycle,966.47,633.47,979.17,664.08,972.3,648.22,48.6152,32.4112,0.3141,1.3266
108,90,person,1289.26,583.45,1307.62,604.12,1299.64,593.27,64.9822,29.6636,0.3321,0.6468
108,91,car,1416.15,816.21,1442.55,869.9,1429.32,842.93,71.4658,42.1463,0.3952,0.0507
108,92,car,882.83,462.24,905.2,485.52,890.39,472.41,44.5197,23.6207,0.3217,1.9533
108,93,person,1361.09,432.45,1374.95,459.46,1368.14,444.97,68.407,22.2487,0.3636,0.2849
108,94,person,757.15,457.52,769.27,480.31,764.84,467.53,38.2421,23.3764,0.4151,0.7635
108,95,car,731.22,731.44,760.26,773.14,745.52,752.12,37.2759,37.606,0.4286,0.1405
108,79,person,902.53,477.3,916.8,501.76,907.55,489.66,45.3774,24.4832,0.5275,0.753
108,22,person,1082.9,456.17,1092.73,478.43,1087.57,467.31,54.3787,23.3655,0.3306,0.3631
108,96,person,1097.88,461.17,1110.66,481.96,1103.2,471.79,55.1598,23.5894,0.2616,0.5966
108,98,car,1110.32,624.83,1143.48,659.73,1126.91,642.17,56.3457,32.1085,0.5323,0.0559
108,99,car,1079.88,590.87,1116.19,630.18,1097.3,611.56,54.8649,30.5781,0.5219,0.6362
108,28,car,649.97,405.17,685.11,457.29,665.85,436.84,33.2926,21.842,0.4208,2.8587
108,100,bus,47.11,627.58,103.8,651.82,75.45,639.7,3.7726,31.9851,0.5001,0.0
109,3,person,1323.91,437.9,1335.19,464.23,1329.53,450.49,66.4763,22.5247,0.2852,0.1607
109,5,person,734.19,641.56,744.16,665.89,738.78,652.57,36.9389,32.6284,0.5645,0.437
109,7,car,940.69,972.61,990.98,1009.65,965.64,990.92,48.282,49.5462,0.6027,0.1235
109,8,car,648.02,403.58,688.17,464.83,666.25,438.42,33.3125,21.9208,0.6437,2.1989
109,9,car,638.68,694.11,678.44,746.27,658.52,720.17,32.9258,36.0087,0.7186,0.0246
109,10,car,753.18,665.53,788.12,700.71,770.6,682.83,38.5302,34.1417,0.802,0.0843
109,12,car,556.94,510.44,612.39,558.5,581.15,535.42,29.0574,26.7711,0.7188,1.7934
109,14,car,611.13,351.16,639.62,424.47,625.37,388.05,31.2685,19.4023,0.5513,0.0089
109,16,car,398.01,799.72,430.62,857.43,414.36,828.21,20.718,41.4107,0.3343,0.124
109,17,car,1122.36,684.76,1152.04,741.78,1137.11,713.01,56.8556,35.6506,0.5742,0.0835
109,19,car,759.62,246.33,785.0,287.28,772.47,267.22,38.6233,13.3612,0.4795,0.0979
109,20,motorcycle,1086.63,718.76,1099.46,738.97,1094.37,728.31,54.7185,36.4154,0.3922,0.638
109,21,car,590.09,413.25,624.62,460.9,607.11,436.94,30.3555,21.8471,0.6068,0.1052
109,25,car,653.56,486.01,683.9,515.42,671.12,502.91,33.5559,25.1457,0.5854,1.663
109,26,person,597.69,593.4,608.06,613.22,601.25,602.58,30.0627,30.1292,0.6076,0.7603
109,27,car,1159.52,971.3,1181.06,990.82,1170.2,981.02,58.5101,49.0512,0.4353,0.0314
109,29,motorcycle,710.4,296.09,720.53,321.96,716.02,306.24,35.8012,15.3118,0.3788,1.4616
109,31,person,708.07,677.3,721.84,702.8,714.83,689.73,35.7415,34.4863,0.7099,0.1487
109,33,car,1122.45,684.96,1152.14,741.04,1137.21,712.6,56.8606,35.63,0.4317,0.1127
109,36,car,639.68,275.19,660.08,327.25,649.97,302.83,32.4987,15.1415,0.4231,0.7694
109,38,car,1148.05,628.4,1173.26,673.52,1160.53,650.89,58.0266,32.5443,0.585,0.0493
109,42,person,1341.44,427.62,1359.75,459.52,1350.51,443.39,67.5255,22.1695,0.3187,0.1141
109,43,car,582.8,140.52,603.86,162.95,593.24,151.64,29.6618,7.582,0.538,0.064
109,46,car,933.42,463.53,972.61,498.58,952.9,481.03,47.6451,24.0515,0.3426,0.0478
109,41,car,789.61,365.84,824.33,403.38,803.96,383.2,40.1978,19.1599,0.5525,1.4084
109,53,car,1146.47,1053.36,1169.56,1080.27,1158.2,1066.64,57.91,53.3318,0.2595,0.0698
109,55,car,1050.27,703.74,1079.22,750.06,1063.52,724.43,53.1762,36.2215,0.445,1.4867
109,59,person,1263.31,604.96,1277.67,633.93,1270.49,619.18,63.5245,30.959,0.3715,0.1234
109,61,person,359.91,664.4,367.95,681.59,363.84,672.72,18.1922,33.6361,0.4817,0.1205
109,62,bus,610.96,302.38,634.56,369.35,622.66,335.77,31.1328,16.7883,0.4155,0.0994
109,18,car,627.63,627.87,664.67,668.76,646.07,648.11,32.3035,32.4053,0.8104,0.0791
109,34,car,610.96,302.38,634.55,369.36,622.65,335.77,31.1325,16.7887,0.4749,0.1153
109,65,car,720.61,325.53,752.94,391.06,736.14,355.54,36.8071,17.7771,0.4736,1.405
109,66,car,398.15,799.72,430.61,857.28,414.37,828.21,20.7184,41.4105,0.605,0.1041
109,67,car,592.95,186.22,619.02,224.77,605.95,205.24,30.2975,10.2618,0.3783,0.0696
109,69,car,44.63,627.48,102.98,651.72,76.6,639.3,3.83,31.9651,0.6819,1.3766
109,71,person,1207.67,602.59,1223.05,631.33,1216.89,617.24,60.8443,30.8622,0.4013,0.6985
109,74,car,19.34,518.25,83.01,544.91,50.53,531.68,2.5266,26.5842,0.3495,0.2121
109,76,bus,720.6,325.57,752.91,390.97,736.07,355.52,36.8036,17.7761,0.3771,1.4091
109,77,car,598.37,254.87,621.7,303.77,610.22,276.47,30.5112,13.8237,0.3971,0.5142
109,78,person,1065.69,441.7,1074.63,461.7,1070.01,451.71,53.5003,22.5853,0.3113,0.076
109,11,car,383.06,538.41,444.24,574.76,411.81,556.5,20.5904,27.825,0.6375,0.9023
109,81,car,1076.62,179.88,1365.31,516.63,1225.37,348.22,61.2685,17.4112,0.3598,1.5441
109,84,person,1031.79,529.75,1042.43,554.0,1035.44,541.5,51.772,27.0748,0.4806,0.6749
109,85,car,1110.12,624.88,1143.51,659.98,1126.89,642.18,56.3445,32.1088,0.4958,0.0455
109,86,car,1478.18,821.49,1503.02,869.0,1490.25,845.19,74.5124,42.2596,0.4472,0.2048
109,44,car,531.92,609.41,565.7,626.28,552.56,617.3,27.6282,30.8648,0.6465,1.8915
109,87,car,1082.28,657.82,1109.32,703.36,1095.72,680.7,54.7862,34.0348,0.4664,0.0386
109,64,person,774.86,695.16,785.6,718.2,782.82,706.61,39.141,35.3305,0.5247,1.144
109,89,motorcycle,966.78,637.69,978.06,664.38,972.38,648.49,48.6192,32.4247,0.3337,0.4221
109,90,person,1288.72,583.58,1307.24,604.34,1299.24,593.44,64.9622,29.6721,0.3076,0.6533
109,91,car,1416.08,816.27,1442.6,869.96,1429.33,842.96,71.4665,42.1481,0.3659,0.0574
109,92,car,883.95,462.89,906.41,485.99,891.59,472.93,44.5796,23.6464,0.3474,1.957
109,93,person,1361.27,433.02,1374.7,459.53,1368.1,445.22,68.4049,22.261,0.3289,0.3743
109,94,person,756.8,458.25,768.63,480.75,764.39,467.94,38.2197,23.3968,0.4131,0.9093
109,95,car,731.14,731.54,760.22,773.09,745.59,752.17,37.2795,37.6087,0.3443,0.1355
109,22,person,1082.82,456.36,1092.74,478.51,1087.71,467.32,54.3857,23.366,0.3376,0.2097
109,96,person,1098.52,461.18,1110.9,482.02,1103.56,471.77,55.178,23.5887,0.3415,0.5445
109,98,car,1110.38,625.03,1143.51,659.82,1126.92,642.22,56.346,32.111,0.5039,0.0765
109,99,car,1080.12,592.3,1116.44,630.01,1097.49,611.48,54.8747,30.574,0.5218,0.3184
109,28,car,650.45,403.8,685.25,455.99,666.42,435.05,33.3211,21.7525,0.4905,2.8175
109,100,bus,46.51,627.64,102.76,651.89,75.04,639.73,3.7521,31.9867,0.4842,0.6166
110,3,person,1323.96,438.06,1335.15,464.38,1329.53,450.63,66.4767,22.5317,0.3036,0.2096
110,5,person,734.68,642.06,744.0,666.28,738.87,652.89,36.9436,32.6446,0.5183,0.5066
110,7,car,940.81,972.63,990.99,1009.66,965.69,990.98,48.2844,49.5491,0.6328,0.1131
110,8,car,648.28,402.27,688.56,463.85,666.74,437.04,33.3372,21.852,0.6373,2.1928
110,9,car,638.5,694.03,678.42,746.33,658.52,720.19,32.9258,36.0096,0.722,0.0283
110,10,car,753.21,665.57,788.12,700.77,770.62,682.89,38.5308,34.1446,0.775,0.0906
110,12,car,558.02,509.88,613.09,557.56,582.27,535.01,29.1134,26.7503,0.7122,1.791
110,14,car,611.17,351.13,639.63,424.26,625.37,388.02,31.2685,19.4008,0.5466,0.0463
110,16,car,398.1,800.02,430.53,857.49,414.36,828.32,20.718,41.4158,0.3258,0.1525
110,17,car,1122.4,684.79,1152.09,742.09,1137.14,713.09,56.8571,35.6545,0.5747,0.1242
110,19,car,759.91,246.43,784.73,286.91,772.45,267.15,38.6223,13.3577,0.474,0.1092
110,20,motorcycle,1086.0,718.27,1098.72,738.18,1093.9,728.33,54.6951,36.4167,0.4583,0.7006
110,21,car,590.28,413.26,624.66,460.89,607.17,437.05,30.3584,21.8523,0.6127,0.1808
110,25,car,652.72,485.26,683.17,514.58,670.31,502.15,33.5153,25.1074,0.5418,1.6751
110,26,person,598.26,593.68,609.01,613.93,601.74,602.88,30.0871,30.1441,0.6114,0.8572
110,27,car,1159.56,971.29,1181.13,990.96,1170.24,981.04,58.5118,49.0519,0.5329,0.0564
110,29,motorcycle,710.72,296.77,720.68,322.59,715.82,306.94,35.7909,15.3469,0.4084,1.0965
110,31,person,708.11,677.39,721.99,702.86,714.9,689.81,35.7448,34.4903,0.6366,0.1556
110,33,car,1122.49,684.99,1152.42,741.53,1137.26,712.71,56.8629,35.6356,0.3951,0.182
110,36,car,639.61,274.61,660.41,326.69,649.93,302.28,32.4967,15.1141,0.3946,0.8223
110,38,car,1148.18,628.4,1173.35,673.59,1160.58,650.9,58.0288,32.5451,0.5847,0.0689
110,42,person,1341.51,427.68,1359.64,459.54,1350.5,443.45,67.5251,22.1726,0.3561,0.0933
110,43,car,582.87,140.57,603.88,162.95,593.27,151.67,29.6636,7.5833,0.5616,0.0636
110,46,car,934.85,463.49,972.51,494.19,953.02,480.7,47.6511,24.0349,0.3414,0.53
110,41,car,790.48,367.1,825.22,404.0,804.93,383.53,40.2463,19.1766,0.5908,1.5389
110,53,car,1146.59,1053.42,1169.69,1080.26,1158.17,1066.68,57.9084,53.3342,0.2613,0.0854
110,55,car,1051.14,704.78,1079.73,748.05,1063.97,725.1,53.1987,36.2548,0.509,1.2055
110,59,person,1263.33,605.09,1277.68,633.95,1270.47,619.26,63.5236,30.9628,0.4274,0.1168
110,61,person,359.92,664.33,368.04,681.68,363.87,672.8,18.1935,33.6401,0.4911,0.1253
110,62,bus,611.05,302.37,634.64,369.42,622.69,335.81,31.1347,16.7906,0.3883,0.0896
110,18,car,627.64,627.89,664.66,668.83,646.1,648.15,32.305,32.4075,0.7555,0.0798
110,34,car,611.05,302.37,634.63,369.37,622.69,335.83,31.1343,16.7914,0.51,0.0996
110,65,car,721.47,326.62,753.11,392.09,736.38,356.46,36.8188,17.8231,0.4194,1.4244
110,66,car,398.24,800.02,430.57,857.31,414.38,828.29,20.7191,41.4147,0.6279,0.1289
110,67,car,592.99,186.3,619.89,224.81,606.02,205.29,30.3009,10.2645,0.4027,0.1308
110,69,car,43.72,627.42,102.0,651.9,75.68,639.37,3.7841,31.9686,0.6252,1.3807
110,71,person,1207.21,602.45,1222.78,631.27,1216.43,617.21,60.8215,30.8605,0.41,0.6846
110,74,car,18.22,517.72,82.7,545.55,50.57,531.66,2.5287,26.5832,0.3071,0.0701
110,76,bus,721.47,326.66,753.08,392.01,736.33,356.44,36.8163,17.8221,0.4025,1.4311
110,77,car,598.41,255.13,621.93,309.39,610.19,277.44,30.5094,13.872,0.3744,1.4494
110,78,person,1065.73,441.67,1074.66,461.68,1070.05,451.68,53.5026,22.584,0.3097,0.0788
110,11,car,384.19,538.43,445.55,574.8,412.51,556.5,20.6254,27.8251,0.6724,1.0504
110,81,car,1076.52,179.05,1361.92,518.69,1224.03,348.17,61.2015,17.4083,0.388,2.0132
110,84,person,1032.52,529.58,1042.99,554.17,1035.9,541.66,51.7952,27.0831,0.4763,0.7406
110,85,car,1110.06,624.98,1143.53,660.13,1126.87,642.24,56.3437,32.1119,0.4865,0.0971
110,86,car,1478.36,821.5,1503.13,868.94,1490.37,845.18,74.5185,42.2592,0.4373,0.1826
110,44,car,530.53,609.58,564.7,626.79,551.32,617.48,27.5659,30.874,0.6095,1.8899
110,87,car,1082.31,657.85,1109.38,703.48,1095.75,680.68,54.7874,34.0342,0.4859,0.0412
110,64,person,774.42,695.27,784.8,718.35,782.04,706.61,39.1021,35.3306,0.4052,1.1674
110,89,motorcycle,967.26,638.79,977.61,663.61,972.41,649.22,48.6206,32.4609,0.3115,1.087
110,90,person,1288.24,583.71,1306.78,604.62,1298.82,593.62,64.9412,29.6809,0.3034,0.6824
110,91,car,1416.08,816.29,1442.64,870.0,1429.35,843.0,71.4673,42.1499,0.3162,0.0604
110,92,car,885.23,463.41,907.82,486.34,892.82,473.41,44.6411,23.6704,0.3499,1.9805
110,93,person,1360.55,431.6,1375.49,459.58,1368.06,445.36,68.4031,22.268,0.3555,0.2158
110,94,person,756.7,458.6,767.79,481.19,763.88,468.37,38.194,23.4184,0.4588,1.0079
110,95,car,731.13,731.57,760.27,773.12,745.65,752.21,37.2827,37.6107,0.3307,0.1135
110,22,person,1082.85,456.46,1092.74,478.56,1087.79,467.34,54.3894,23.3669,0.3367,0.1138
110,96,person,1099.07,461.04,1111.15,481.99,1103.91,471.74,55.1956,23.5872,0.3524,0.532
110,98,car,1110.45,625.09,1143.54,660.01,1126.93,642.27,56.3467,32.1137,0.4658,0.0844
110,99,car,1080.31,593.11,1116.88,629.89,1097.68,611.48,54.8839,30.5742,0.496,0.2758
110,28,car,650.9,402.45,685.57,455.73,666.98,433.34,33.3492,21.6668,0.4298,2.706
110,100,bus,46.03,627.7,101.68,651.64,74.65,639.71,3.7323,31.9857,0.4678,0.595
110,101,person,847.29,695.04,857.83,719.56,852.56,707.3,42.6282,35.3648,0.3371,0.0
111,3,person,1324.01,438.27,1335.21,464.47,1329.55,450.8,66.4773,22.5401,0.2728,0.2527
111,5,person,734.04,641.55,744.58,666.6,738.97,653.17,36.9486,32.6584,0.6678,0.4392
111,7,car,940.85,972.65,990.95,1009.76,965.72,991.04,48.2862,49.5518,0.6419,0.0975
111,8,car,648.76,400.97,689.47,462.77,667.28,435.69,33.3639,21.7843,0.6512,2.1846
111,9,car,638.65,694.11,678.44,746.37,658.53,720.19,32.9266,36.0096,0.71,0.0218
111,10,car,753.3,665.5,788.21,700.83,770.64,682.96,38.532,34.1478,0.7595,0.0997
111,12,car,558.38,509.32,614.65,557.2,583.37,534.59,29.1683,26.7296,0.7027,1.7599
111,14,car,611.22,351.08,639.6,423.75,625.37,387.93,31.2687,19.3966,0.628,0.1265
111,16,car,398.14,800.21,430.5,857.46,414.35,828.43,20.7176,41.4214,0.6232,0.1695
111,17,car,1122.39,684.79,1152.14,742.22,1137.17,713.17,56.8586,35.6585,0.5649,0.1294
111,19,car,760.04,246.48,784.35,286.51,772.39,267.04,38.6197,13.352,0.4242,0.187
111,20,motorcycle,1085.57,717.55,1098.39,737.35,1093.46,728.17,54.6729,36.4083,0.4603,0.7149
111,21,car,590.6,413.2,624.69,460.98,607.24,437.15,30.362,21.8576,0.5907,0.1913
111,25,car,651.82,484.52,682.43,513.78,669.49,501.4,33.4745,25.0698,0.5776,1.6646
111,26,person,598.85,594.09,609.74,614.35,602.29,603.2,30.1144,30.1599,0.562,0.9463
111,27,car,1159.49,971.33,1181.29,990.94,1170.27,981.05,58.5137,49.0524,0.5141,0.0583
111,29,motorcycle,710.68,296.1,720.82,323.41,715.71,307.61,35.7856,15.3806,0.3108,1.0242
111,31,person,708.2,677.52,722.05,702.93,714.96,689.9,35.7479,34.4949,0.7672,0.165
111,33,car,1122.51,684.96,1152.84,741.69,1137.33,712.83,56.8667,35.6415,0.446,0.2093
111,36,car,639.48,273.96,660.68,326.08,649.93,301.72,32.4966,15.0862,0.4789,0.8386
111,38,car,1148.22,628.39,1173.36,673.64,1160.62,650.92,58.031,32.5461,0.5473,0.0737
111,42,person,1341.61,427.77,1359.6,459.52,1350.51,443.51,67.5257,22.1755,0.3132,0.0877
111,43,car,582.95,140.64,603.9,162.9,593.31,151.69,29.6654,7.5844,0.5717,0.0651
111,46,car,935.75,463.46,972.5,491.29,953.2,480.16,47.6602,24.008,0.3416,0.852
111,41,car,791.35,368.38,825.88,405.14,805.89,384.15,40.2947,19.2076,0.4895,1.7238
111,53,car,1146.71,1053.46,1169.8,1080.28,1158.15,1066.73,57.9077,53.3367,0.2612,0.0777
111,55,car,1051.49,705.72,1080.1,749.73,1064.43,725.8,53.2213,36.2901,0.4797,1.2575
111,59,person,1263.41,605.14,1277.64,634.12,1270.48,619.33,63.5239,30.9667,0.4491,0.118
111,61,person,359.98,664.54,368.01,681.74,363.9,672.89,18.1949,33.6446,0.4715,0.1415
111,62,bus,611.12,302.35,634.67,369.37,622.74,335.83,31.1369,16.7914,0.3373,0.07
111,18,car,627.64,627.94,664.66,668.83,646.12,648.2,32.3062,32.4098,0.7911,0.0773
111,34,car,611.08,302.37,634.66,369.71,622.73,335.87,31.1365,16.7935,0.5196,0.0899
111,65,car,722.02,327.8,753.22,393.09,736.64,357.41,36.8318,17.8704,0.4417,1.4713
111,66,car,398.16,800.22,430.5,857.49,414.38,828.41,20.7189,41.4203,0.332,0.1689
111,67,car,593.0,186.3,619.72,225.04,606.08,205.38,30.3038,10.2689,0.3708,0.1587
111,69,car,42.98,627.39,101.0,652.11,74.77,639.47,3.7386,31.9733,0.4361,1.3739
111,71,person,1206.71,602.16,1222.53,631.49,1215.98,617.15,60.7988,30.8576,0.3126,0.6861
111,76,bus,721.51,327.84,753.17,393.05,736.56,357.39,36.8282,17.8694,0.3597,1.4652
111,77,car,598.43,255.32,622.01,313.05,610.16,278.81,30.5081,13.9406,0.3692,2.0582
111,78,person,1065.78,441.77,1074.63,461.61,1070.1,451.67,53.5048,22.5835,0.332,0.0663
111,11,car,385.1,538.78,446.42,574.73,413.29,556.53,20.6646,27.8265,0.6531,1.1774
111,81,car,1076.55,178.3,1361.46,524.02,1222.82,348.27,61.1412,17.4135,0.508,1.8158
111,84,person,1032.89,529.67,1043.17,554.51,1036.38,541.81,51.8189,27.0907,0.4643,0.746
111,85,car,1110.05,625.06,1143.52,660.2,1126.86,642.31,56.343,32.1156,0.4806,0.1105
111,86,car,1478.57,821.58,1503.19,868.85,1490.49,845.19,74.5244,42.2595,0.4313,0.1763
111,44,car,528.46,609.77,563.41,627.14,550.01,617.68,27.5007,30.8842,0.6215,1.9806
111,87,car,1082.32,657.9,1109.44,703.67,1095.78,680.69,54.7888,34.0343,0.5062,0.0424
111,64,person,774.1,696.0,784.06,718.45,781.28,706.71,39.0641,35.3353,0.4489,1.1483
111,89,motorcycle,967.45,638.58,977.61,662.31,972.51,649.32,48.6253,32.466,0.297,0.2097
111,90,person,1288.02,583.78,1306.21,604.74,1298.39,593.79,64.9195,29.6894,0.327,0.6975
111,91,car,1416.11,816.33,1442.66,870.03,1429.36,843.04,71.4679,42.152,0.304,0.0632
111,92,car,886.42,463.76,909.19,486.73,894.06,473.88,44.7028,23.6938,0.4093,1.9781
111,93,person,1360.95,432.4,1375.05,459.68,1368.03,445.57,68.4015,22.2787,0.3632,0.3253
111,94,person,756.34,458.79,766.99,481.65,763.33,468.83,38.1663,23.4416,0.4766,1.0848
111,95,car,731.1,731.58,760.38,773.15,745.7,752.25,37.2851,37.6125,0.3343,0.0909
111,22,person,1083.33,456.5,1092.77,478.62,1087.86,467.37,54.3931,23.3685,0.3646,0.1219
111,96,person,1099.75,460.86,1111.71,481.87,1104.31,471.69,55.2155,23.5844,0.38,0.6018
111,98,car,1110.51,625.1,1143.53,660.01,1126.95,642.31,56.3473,32.1157,0.4109,0.0625
111,99,car,1080.15,593.57,1117.46,629.97,1097.84,611.52,54.892,30.5762,0.5022,0.2489
111,28,car,651.26,401.32,686.08,457.57,667.55,431.8,33.3773,21.59,0.3468,2.4526
111,100,bus,45.04,627.44,100.62,651.66,74.19,639.67,3.7096,31.9836,0.3069,0.6848
111,101,person,847.28,695.26,857.62,719.16,852.51,707.25,42.6253,35.3627,0.3407,0.1079
111,102,person,793.0,710.55,801.45,730.44,797.22,720.49,39.8612,36.0247,0.3224,0.0
111,103,car,257.97,548.8,316.12,584.28,287.05,566.54,14.3523,28.327,0.3984,0.0
112,3,person,1324.06,438.6,1335.16,464.51,1329.56,450.98,66.4778,22.549,0.269,0.2685
112,5,person,733.47,641.39,744.83,667.03,739.06,653.45,36.9531,32.6725,0.6116,0.4451
112,7,car,940.86,972.64,990.91,1009.84,965.77,991.09,48.2885,49.5543,0.5955,0.1026
112,8,car,649.46,399.51,690.7,461.36,667.98,434.31,33.399,21.7157,0.6959,2.3125
112,9,car,638.75,694.23,678.48,746.4,658.56,720.19,32.9279,36.0096,0.6806,0.0392
112,10,car,753.33,665.46,788.25,700.77,770.67,683.02,38.5335,34.1508,0.7589,0.1032
112,12,car,559.69,508.93,615.64,556.94,584.48,534.18,29.2238,26.709,0.6785,1.7765
112,14,car,611.32,351.18,639.64,424.27,625.39,387.87,31.2693,19.3937,0.6552,0.0874
112,16,car,398.22,800.18,430.47,857.4,414.34,828.53,20.7172,41.4267,0.3452,0.1588
112,17,car,1122.33,684.77,1152.19,742.36,1137.2,713.26,56.8599,35.6632,0.5596,0.1441
112,19,car,760.17,246.61,784.28,286.46,772.34,266.89,38.6169,13.3445,0.4399,0.2411
112,20,motorcycle,1085.3,716.75,1098.03,736.4,1093.02,728.01,54.6511,36.4003,0.4241,0.6954
112,21,car,590.75,413.25,624.66,460.95,607.3,437.31,30.3652,21.8653,0.5731,0.2501
112,25,car,651.04,483.71,681.63,512.94,668.68,500.66,33.4338,25.033,0.5728,1.6458
112,26,person,598.89,594.45,609.96,614.65,602.82,603.52,30.1411,30.1758,0.559,0.9325
112,27,car,1159.52,971.36,1181.35,990.84,1170.31,981.06,58.5155,49.0528,0.4347,0.0556
112,29,motorcycle,710.67,295.49,720.88,324.41,715.67,308.24,35.7834,15.4118,0.3054,0.9381
112,31,person,708.33,677.64,722.07,702.97,715.02,690.0,35.7511,34.4999,0.7387,0.1808
112,33,car,1122.44,684.96,1152.59,741.86,1137.38,712.97,56.8692,35.6484,0.4473,0.2214
112,36,car,639.51,273.38,662.29,325.52,650.06,301.17,32.5032,15.0584,0.462,0.856
112,38,car,1148.26,628.43,1173.39,673.69,1160.67,650.95,58.0334,32.5475,0.567,0.0828
112,42,person,1341.77,427.77,1359.67,459.56,1350.55,443.56,67.5276,22.1779,0.2905,0.093
112,43,car,582.99,140.7,603.93,162.91,593.35,151.71,29.6674,7.5856,0.556,0.0699
112,46,car,936.38,463.48,972.52,489.32,953.43,479.5,47.6716,23.975,0.3318,1.0464
112,41,car,790.88,370.11,826.44,413.18,806.72,385.46,40.3362,19.2732,0.483,2.3308
112,53,car,1146.72,1053.48,1169.9,1080.29,1158.15,1066.78,57.9077,53.3391,0.2751,0.0718
112,55,car,1052.55,706.48,1080.6,746.58,1064.92,726.21,53.246,36.3104,0.4471,0.9576
112,59,person,1263.44,605.19,1277.69,634.21,1270.51,619.42,63.5257,30.9711,0.4366,0.1414
112,61,person,360.01,664.66,368.02,681.8,363.93,672.98,18.1964,33.6492,0.4371,0.1444
112,62,bus,611.15,302.32,634.76,369.39,622.79,335.84,31.1394,16.7919,0.3587,0.0764
112,18,car,627.68,627.95,664.61,668.85,646.14,648.25,32.3068,32.4125,0.789,0.0831
112,34,car,611.13,302.33,634.75,369.59,622.78,335.88,31.139,16.7942,0.5571,0.0776
112,65,car,721.6,328.73,753.45,394.12,736.86,358.37,36.8432,17.9187,0.5429,1.4891
112,66,car,398.25,800.2,430.48,857.42,414.37,828.51,20.7187,41.4256,0.6121,0.1581
112,67,car,592.97,186.34,619.64,225.62,606.12,205.47,30.3058,10.2736,0.3842,0.1543
112,69,car,41.48,627.05,99.89,651.86,73.79,639.5,3.6895,31.9751,0.4707,1.4745
112,71,person,1206.92,603.35,1222.34,631.77,1215.58,617.18,60.7789,30.8588,0.2944,0.6001
112,76,bus,721.28,328.77,753.42,394.02,736.78,358.35,36.839,17.9176,0.3163,1.4796
112,77,car,598.44,255.42,621.95,315.33,610.14,279.71,30.507,13.9856,0.3797,1.3519
112,78,person,1065.83,441.87,1074.63,461.63,1070.13,451.68,53.5066,22.5841,0.3345,0.0592
112,11,car,385.64,538.95,446.85,574.79,414.02,556.6,20.701,27.83,0.6609,1.0961
112,81,car,1076.42,178.53,1356.84,523.25,1221.79,348.61,61.0894,17.4304,0.4154,1.6345
112,84,person,1032.97,529.78,1043.34,554.98,1036.84,541.95,51.8422,27.0974,0.4801,0.7275
112,85,car,1110.01,625.1,1143.52,660.37,1126.84,642.4,56.342,32.12,0.4749,0.1382
112,86,car,1478.72,821.64,1503.24,868.69,1490.6,845.19,74.53,42.2597,0.4471,0.1706
112,44,car,526.76,609.99,561.89,627.39,548.66,617.92,27.4328,30.8959,0.5785,2.0668
112,87,car,1082.33,657.94,1109.47,703.75,1095.8,680.7,54.7902,34.035,0.4817,0.0468
112,64,person,773.66,696.21,783.53,718.42,780.54,706.81,39.0272,35.3407,0.3959,1.1185
112,89,motorcycle,967.71,633.08,979.43,661.12,972.74,648.9,48.6372,32.4449,0.2868,0.7264
112,90,person,1287.86,583.91,1305.71,604.89,1297.97,593.95,64.8987,29.6977,0.3311,0.6727
112,91,car,1416.14,816.36,1442.69,870.05,1429.37,843.08,71.4683,42.1542,0.3448,0.0689
112,92,car,887.75,464.1,910.4,486.82,895.29,474.31,44.7647,23.7155,0.2762,1.9676
112,93,person,1361.19,432.79,1374.78,459.76,1368.01,445.73,68.4003,22.2867,0.331,0.2424
112,94,person,756.18,458.7,766.5,482.09,762.76,469.28,38.1378,23.4638,0.3968,1.083
112,22,person,1083.67,456.63,1092.81,478.68,1087.94,467.43,54.3969,23.3715,0.3826,0.1429
112,96,person,1100.43,460.74,1112.31,482.24,1104.77,471.64,55.2384,23.582,0.3845,0.691
112,98,car,1110.47,625.08,1143.53,660.18,1126.96,642.39,56.348,32.1194,0.4252,0.1122
112,99,car,1080.21,593.79,1117.94,630.34,1098.21,611.51,54.9107,30.5757,0.4826,0.5623
112,28,car,651.78,400.07,686.28,458.12,667.9,431.01,33.3949,21.5506,0.3694,1.2934
112,100,bus,44.18,627.3,99.5,651.44,73.72,639.61,3.686,31.9806,0.3294,0.7122
112,101,person,847.21,695.15,857.23,719.08,852.41,707.21,42.6205,35.3604,0.3141,0.1598
112,102,person,792.66,710.23,801.38,730.0,797.12,720.3,39.856,36.0152,0.4024,0.3248
112,103,car,258.89,548.6,316.77,583.8,287.44,566.37,14.3718,28.3185,0.3487,0.6385
112,104,person,966.82,631.42,979.43,659.35,973.13,645.39,48.6564,32.2693,0.3972,0.0
112,105,car,710.21,209.0,728.01,248.67,719.11,228.84,35.9555,11.4419,0.45,0.0
112,106,car,1163.4,579.77,1207.97,617.58,1185.69,598.67,59.2843,29.9337,0.4982,0.0
113,3,person,1324.13,438.93,1335.12,464.52,1329.57,451.18,66.4785,22.5591,0.2547,0.3047
113,5,person,734.14,642.24,744.48,667.43,739.16,653.8,36.9578,32.6898,0.6662,0.5363
113,7,car,940.89,972.64,990.89,1009.88,965.83,991.14,48.2913,49.5569,0.613,0.1136
113,8,car,650.14,398.08,691.18,460.03,668.7,432.96,33.435,21.6482,0.6473,2.2944
113,9,car,638.81,694.32,678.53,746.42,658.58,720.22,32.9288,36.0109,0.683,0.0468
113,10,car,753.32,665.48,788.28,700.86,770.7,683.08,38.535,34.1542,0.785,0.11
113,12,car,560.2,508.55,616.15,556.75,585.49,533.79,29.2743,26.6896,0.6987,1.6237
113,14,car,611.45,351.07,639.63,421.25,625.41,387.6,31.2706,19.3799,0.6442,0.4181
113,16,car,398.25,800.26,430.43,857.31,414.33,828.63,20.7167,41.4315,0.3476,0.1451
113,17,car,1122.31,684.78,1152.18,742.47,1137.22,713.35,56.8609,35.6677,0.5671,0.1402
113,19,car,760.11,246.7,784.38,286.5,772.3,266.76,38.6151,13.3382,0.4751,0.1964
113,20,motorcycle,1085.06,712.31,1098.11,735.3,1092.62,727.54,54.6308,36.3769,0.4139,0.93
113,21,car,590.8,413.33,624.66,460.54,607.43,437.08,30.3716,21.8542,0.5494,0.3846
113,25,car,650.3,482.91,680.8,512.2,667.9,499.91,33.3948,24.9956,0.4649,1.6215
113,26,person,598.6,594.59,610.06,614.82,603.31,603.81,30.1655,30.1905,0.6599,0.8558
113,27,car,1159.57,971.4,1181.35,990.94,1170.34,981.08,58.517,49.054,0.4281,0.0587
113,29,motorcycle,711.1,297.9,721.01,325.66,715.71,309.16,35.7855,15.4582,0.3774,1.3929
113,31,person,708.44,677.77,722.17,703.03,715.08,690.1,35.754,34.505,0.7547,0.1758
113,33,car,1122.43,684.97,1152.45,741.97,1137.42,713.1,56.8708,35.6552,0.46,0.2107
113,36,car,639.42,272.67,661.46,324.81,650.14,300.59,32.5071,15.0297,0.5099,0.8687
113,38,car,1148.28,628.5,1173.41,673.69,1160.72,650.98,58.0358,32.5492,0.5989,0.0879
113,42,person,1341.73,427.88,1359.65,459.55,1350.59,443.6,67.5297,22.1801,0.306,0.0923
113,43,car,583.01,140.75,603.93,162.89,593.38,151.74,29.669,7.5869,0.5452,0.0622
113,46,car,935.45,463.68,972.56,492.7,953.59,479.1,47.6797,23.9552,0.3643,0.642
113,41,car,792.2,371.02,827.15,411.1,807.55,386.66,40.3775,19.3331,0.2973,2.1806
113,53,car,1146.72,1053.37,1169.91,1080.29,1158.16,1066.82,57.9079,53.3409,0.2962,0.0536
113,55,car,1053.05,707.44,1081.01,745.3,1065.41,726.47,53.2704,36.3235,0.4516,0.8316
113,59,person,1263.47,605.14,1277.73,634.23,1270.54,619.49,63.527,30.9747,0.3912,0.1168
113,61,person,359.94,664.65,368.14,681.79,363.96,673.05,18.198,33.6526,0.4245,0.1144
113,62,bus,611.17,302.3,634.83,369.48,622.84,335.85,31.1419,16.7925,0.3418,0.0766
113,18,car,627.7,627.94,664.57,668.86,646.14,648.31,32.3072,32.4153,0.8079,0.0874
113,34,car,611.16,302.3,634.82,369.56,622.83,335.9,31.1414,16.7948,0.5752,0.0763
113,65,car,721.42,329.69,753.67,395.17,737.08,359.36,36.8539,17.9681,0.4273,1.5169
113,66,car,398.33,800.28,430.47,857.34,414.37,828.61,20.7187,41.4305,0.5955,0.1467
113,67,car,592.88,186.35,619.53,225.67,606.16,205.59,30.3079,10.2794,0.2571,0.1831
113,69,car,40.91,626.93,99.19,652.01,72.84,639.54,3.6422,31.977,0.4606,1.4178
113,76,bus,721.22,329.73,753.64,395.0,736.99,359.33,36.8493,17.9665,0.4125,1.5007
113,77,car,598.48,255.51,621.88,316.75,610.14,281.04,30.5069,14.052,0.426,1.9916
113,78,person,1065.85,441.87,1074.6,461.63,1070.16,451.7,53.5081,22.5849,0.3393,0.0503
113,11,car,385.86,538.99,447.58,574.88,414.69,556.68,20.7347,27.834,0.6551,1.017
113,81,car,1076.55,177.65,1358.25,524.91,1220.95,349.23,61.0477,17.4617,0.4743,1.5641
113,84,person,1032.9,530.01,1043.5,555.4,1037.29,542.08,51.8646,27.1042,0.4961,0.7008
113,85,car,1109.91,625.1,1143.55,660.54,1126.81,642.5,56.3406,32.1249,0.4881,0.1527
113,86,car,1478.68,821.71,1503.25,868.73,1490.7,845.2,74.5352,42.2602,0.4524,0.156
113,44,car,525.6,610.13,560.61,627.6,547.3,618.15,27.3652,30.9073,0.5642,2.0572
113,87,car,1082.3,657.98,1109.47,703.76,1095.83,680.72,54.7914,34.036,0.5084,0.0462
113,64,person,773.05,696.04,783.29,718.11,779.85,706.89,38.9926,35.3446,0.3538,1.0437
113,89,motorcycle,967.96,629.7,980.21,660.0,972.93,648.9,48.6465,32.4451,0.3133,0.2783
113,90,person,1287.93,584.0,1305.33,604.95,1297.6,594.1,64.8802,29.705,0.3638,0.5953
113,91,car,1416.12,816.37,1442.72,870.06,1429.38,843.13,71.4688,42.1563,0.3615,0.0633
113,92,car,889.04,464.48,911.61,486.98,896.54,474.72,44.8268,23.7358,0.3414,1.9613
113,93,person,1361.42,433.17,1374.53,459.8,1368.0,446.0,68.3998,22.3,0.3479,0.3992
113,94,person,755.77,459.1,766.21,482.45,762.26,469.71,38.1131,23.4854,0.3894,0.9859
113,22,person,1083.87,456.66,1092.84,478.74,1088.01,467.48,54.4003,23.3742,0.4183,0.132
113,96,person,1101.11,460.76,1112.99,482.87,1105.28,471.6,55.2641,23.5802,0.4062,0.7735
113,98,car,1110.36,625.02,1143.56,660.36,1126.96,642.46,56.3481,32.1231,0.458,0.1101
113,99,car,1080.14,593.82,1118.29,630.06,1098.51,611.48,54.9254,30.5742,0.4879,0.4447
113,28,car,652.29,398.61,686.72,456.2,668.29,429.88,33.4147,21.4941,0.5222,1.796
113,101,person,846.21,695.34,856.65,719.12,852.16,707.21,42.6082,35.3606,0.392,0.3674
113,102,person,792.29,709.48,801.39,729.99,797.03,720.11,39.8514,36.0057,0.4212,0.3171
113,103,car,261.04,549.03,317.49,583.1,288.05,566.27,14.4023,28.3134,0.3777,0.9273
113,104,person,966.8,631.11,979.42,658.35,973.12,645.06,48.6559,32.2529,0.3831,0.4918
113,105,car,710.66,211.81,728.04,249.69,719.23,229.79,35.9615,11.4897,0.411,1.4461
113,106,car,1164.01,579.95,1207.92,615.42,1185.83,598.18,59.2914,29.909,0.4977,0.7707
113,107,car,1019.36,645.66,1055.49,698.89,1037.43,672.28,51.8713,33.6138,0.4904,0.0
114,3,person,1324.25,438.61,1335.17,464.56,1329.6,451.33,66.4799,22.5667,0.2516,0.2299
114,5,person,734.55,642.87,744.28,667.95,739.24,654.22,36.9622,32.7111,0.66,0.6532
114,7,car,940.93,972.66,990.85,1009.87,965.86,991.19,48.2931,49.5593,0.6757,0.0891
114,8,car,651.45,396.44,689.83,455.55,669.21,431.43,33.4603,21.5716,0.3313,2.4179
114,9,car,638.81,694.35,678.48,746.42,658.58,720.26,32.9291,36.0129,0.6619,0.0608
114,10,car,753.28,665.47,788.26,700.85,770.72,683.13,38.5361,34.1567,0.773,0.0821
114,12,car,560.72,508.01,617.2,556.28,586.44,533.4,29.3219,26.6702,0.727,1.5396
114,14,car,611.44,351.14,639.67,422.12,625.44,387.37,31.2721,19.3685,0.6038,0.3447
114,16,car,398.43,800.38,430.47,857.33,414.35,828.72,20.7173,41.4361,0.4505,0.1383
114,17,car,1122.34,684.71,1152.18,742.44,1137.24,713.44,56.8618,35.672,0.572,0.1305
114,19,car,759.93,247.01,784.11,286.44,772.24,266.7,38.6122,13.335,0.5042,0.1283
114,20,motorcycle,1084.84,713.56,1097.51,734.6,1092.2,726.86,54.6102,36.343,0.391,1.1878
114,21,car,590.79,413.36,624.63,460.49,607.54,437.03,30.3768,21.8515,0.5725,0.1746
114,25,car,649.38,482.03,680.07,511.58,667.11,499.15,33.3557,24.9573,0.2517,1.6412
114,26,person,598.58,594.57,610.15,614.67,603.72,604.05,30.186,30.2025,0.7004,0.7114
114,27,car,1159.64,971.39,1181.25,991.06,1170.37,981.12,58.5186,49.0558,0.4665,0.0717
114,29,motorcycle,711.42,298.99,721.17,326.77,715.81,310.16,35.7906,15.5078,0.2854,1.4943
114,31,person,708.51,677.63,722.3,703.03,715.14,690.19,35.757,34.5094,0.76,0.1593
114,33,car,1122.45,684.93,1152.36,741.91,1137.44,713.23,56.8719,35.6617,0.5028,0.1957
114,36,car,639.34,271.95,660.55,324.21,650.16,300.0,32.508,14.9998,0.4584,0.8974
114,38,car,1148.29,628.6,1173.42,673.64,1160.76,651.02,58.0381,32.5511,0.588,0.089
114,42,person,1341.74,427.94,1359.66,459.49,1350.63,443.63,67.5317,22.1817,0.2884,0.076
114,43,car,583.04,140.8,603.94,162.92,593.41,151.77,29.6704,7.5887,0.4808,0.068
114,46,car,934.74,463.77,972.62,494.94,953.71,478.88,47.6853,23.944,0.3476,0.3745
114,41,car,792.68,372.01,827.86,411.13,808.3,387.86,40.4152,19.3931,0.4152,2.1257
114,53,car,1146.67,1053.4,1169.65,1080.29,1158.17,1066.84,57.9085,53.3419,0.2585,0.0348
114,55,car,1053.73,708.11,1081.56,744.32,1065.94,726.59,53.297,36.3293,0.4353,0.8146
114,59,person,1263.48,605.14,1278.05,634.2,1270.56,619.57,63.5282,30.9783,0.4043,0.114
114,61,person,359.89,664.65,368.24,681.81,363.99,673.11,18.1994,33.6556,0.3683,0.0979
114,62,bus,611.22,302.33,634.84,369.55,622.89,335.88,31.1443,16.7938,0.3485,0.0812
114,18,car,627.67,627.9,664.59,668.85,646.14,648.35,32.3072,32.4177,0.7755,0.0712
114,34,car,611.22,302.33,634.83,369.55,622.88,335.92,31.1438,16.7961,0.548,0.0804
114,65,car,721.62,330.92,753.83,396.15,737.28,360.39,36.8641,18.0193,0.4693,1.5662
114,66,car,398.49,800.36,430.52,857.35,414.39,828.7,20.7197,41.435,0.6112,0.138
114,67,car,592.84,186.41,620.16,225.23,606.25,205.69,30.3124,10.2846,0.402,0.2068
114,69,car,40.63,627.2,98.4,651.85,71.97,639.57,3.5983,31.9784,0.251,1.3183
114,76,bus,721.5,330.96,753.79,395.96,737.18,360.35,36.8592,18.0175,0.4168,1.5597
114,77,car,598.52,255.49,621.84,317.7,610.15,282.64,30.5074,14.1321,0.4038,2.4019
114,78,person,1065.85,441.97,1074.56,461.57,1070.19,451.72,53.5095,22.5859,0.2926,0.0511
114,11,car,386.51,539.11,448.58,574.48,415.4,556.73,20.77,27.8363,0.6903,1.0624
114,81,car,1076.48,178.17,1354.69,523.14,1219.49,349.57,60.9747,17.4784,0.398,2.2464
114,84,person,1032.53,530.67,1043.65,555.94,1037.67,542.28,51.8837,27.1142,0.5049,0.6493
114,85,car,1109.96,625.08,1143.59,660.63,1126.79,642.61,56.3395,32.1306,0.4997,0.1728
114,86,car,1478.77,821.7,1503.27,868.59,1490.8,845.2,74.5402,42.2602,0.4318,0.1506
114,44,car,525.08,610.36,559.27,627.75,546.0,618.38,27.3001,30.919,0.3559,1.9837
114,87,car,1082.29,657.95,1109.53,703.71,1095.85,680.74,54.7927,34.0372,0.4803,0.0545
114,64,person,772.34,695.88,783.04,717.83,779.22,706.94,38.9609,35.347,0.3258,0.9549
114,89,motorcycle,968.42,630.67,980.21,658.66,973.17,648.3,48.6584,32.4148,0.3391,0.9762
114,90,person,1288.06,584.06,1304.98,605.08,1297.28,594.23,64.8641,29.7116,0.3683,0.5226
114,91,car,1416.13,816.34,1442.71,870.02,1429.38,843.16,71.4692,42.1578,0.347,0.0475
114,92,car,890.29,464.76,912.8,485.8,897.78,474.99,44.8891,23.7494,0.5001,1.9128
114,93,person,1361.57,433.52,1374.4,459.84,1367.99,446.19,68.3997,22.3093,0.3551,0.2787
114,94,person,754.9,459.36,765.75,482.83,761.78,470.11,38.0892,23.5057,0.3358,0.9398
114,22,person,1083.98,456.57,1092.87,478.74,1088.07,467.55,54.4033,23.3773,0.3653,0.1278
114,96,person,1101.64,460.74,1113.51,483.23,1105.83,471.62,55.2915,23.5809,0.3705,0.8221
114,98,car,1110.4,624.95,1143.6,660.37,1126.97,642.54,56.3487,32.1271,0.4362,0.1213
114,99,car,1080.03,593.86,1118.77,629.75,1098.77,611.54,54.9386,30.5769,0.4875,0.4029
114,28,car,652.01,397.13,687.0,456.2,668.62,428.98,33.4309,21.4488,0.7089,1.4442
114,101,person,845.39,695.27,856.63,718.99,851.93,707.2,42.5967,35.3598,0.4093,0.3466
114,102,person,791.69,708.03,804.23,729.94,797.26,719.83,39.863,35.9916,0.3314,0.5491
114,103,car,262.42,549.21,317.82,582.57,288.56,566.17,14.4282,28.3087,0.4115,0.7899
114,104,person,966.98,630.38,979.33,657.21,973.13,644.64,48.6566,32.2318,0.3855,0.6325
114,105,car,711.27,214.07,728.32,251.47,719.42,230.79,35.9709,11.5393,0.4226,1.5156
114,106,car,1164.33,580.34,1207.69,612.83,1185.89,597.65,59.2944,29.8824,0.3218,0.8041
114,107,car,1020.02,646.74,1056.07,699.72,1037.73,672.75,51.8867,33.6377,0.4879,0.8531
114,108,person,1143.5,757.33,1152.62,779.81,1148.06,768.57,57.4031,38.4284,0.5271,0.0
115,3,person,1324.39,438.08,1335.33,464.63,1329.65,451.41,66.4823,22.5706,0.2902,0.1367
115,5,person,734.81,643.34,744.2,668.22,739.32,654.6,36.9658,32.7301,0.6415,0.5798
115,7,car,940.97,972.66,990.84,1009.86,965.89,991.21,48.2943,49.5607,0.6631,0.0572
115,8,car,652.47,395.11,688.99,454.3,669.68,429.9,33.4839,21.4952,0.3067,2.3999
115,9,car,638.85,694.28,678.49,746.37,658.6,720.29,32.9298,36.0143,0.6719,0.0466
115,10,car,753.33,665.47,788.26,700.81,770.75,683.15,38.5374,34.1574,0.766,0.0424
115,12,car,562.34,507.55,618.0,555.66,587.39,532.97,29.3694,26.6485,0.7143,1.5667
115,14,car,611.49,351.04,639.74,419.94,625.48,386.99,31.2741,19.3494,0.6445,0.574
115,16,car,398.51,800.43,430.47,857.36,414.37,828.78,20.7184,41.4392,0.4154,0.0994
115,17,car,1122.44,684.73,1152.18,742.04,1137.25,713.48,56.8627,35.6741,0.4761,0.0677
115,19,car,759.85,247.18,784.04,286.58,772.18,266.67,38.609,13.3336,0.5263,0.1038
115,20,motorcycle,1084.9,709.74,1099.15,733.65,1091.98,725.81,54.5988,36.2907,0.4171,1.6081
115,21,car,590.72,413.37,624.57,460.43,607.61,437.01,30.3804,21.8507,0.5244,0.1113
115,25,car,648.63,481.28,679.31,511.2,666.34,498.39,33.3169,24.9193,0.4148,1.6285
115,26,person,599.55,594.71,610.21,614.56,604.11,604.26,30.2057,30.2132,0.6246,0.6717
115,27,car,1159.67,971.35,1181.16,991.18,1170.4,981.16,58.5198,49.0578,0.4538,0.0697
115,29,motorcycle,672.74,297.95,683.2,325.66,710.43,310.7,35.5216,15.5348,0.2533,8.1126
115,31,person,708.57,677.44,722.36,702.99,715.22,690.24,35.7608,34.5118,0.7502,0.1337
115,33,car,1122.47,684.76,1152.28,741.94,1137.45,713.32,56.8726,35.666,0.5744,0.1312
115,36,car,639.29,271.35,660.43,323.65,650.16,299.38,32.508,14.969,0.4904,0.9254
115,38,car,1148.27,628.53,1173.46,673.57,1160.8,651.04,58.04,32.552,0.5581,0.0647
115,42,person,1341.79,427.35,1361.1,459.47,1350.76,443.62,67.5381,22.1809,0.337,0.1922
115,43,car,583.02,140.87,603.92,162.85,593.43,151.8,29.6716,7.5901,0.4784,0.0544
115,46,car,934.4,463.82,972.68,496.29,953.78,478.75,47.6892,23.9376,0.39,0.2271
115,41,car,794.02,372.76,828.64,410.74,809.05,388.99,40.4526,19.4497,0.338,2.0351
115,53,car,1146.61,1053.41,1169.21,1080.29,1158.16,1066.85,57.9079,53.3424,0.2732,0.0227
115,55,car,1054.72,708.62,1082.02,744.05,1066.51,726.64,53.3257,36.3321,0.4676,0.8648
115,59,person,1263.52,604.89,1278.36,634.08,1270.63,619.59,63.5314,30.9795,0.3749,0.102
115,61,person,359.92,664.5,368.2,681.79,364.01,673.14,18.2006,33.6569,0.3852,0.052
115,62,bus,611.27,302.34,634.88,369.62,622.94,335.9,31.1468,16.7949,0.3647,0.0827
115,18,car,627.66,627.83,664.66,668.85,646.15,648.37,32.3073,32.4185,0.7818,0.0226
115,34,car,611.27,302.33,634.87,369.44,622.93,335.93,31.1464,16.7964,0.5236,0.0771
115,65,car,722.17,331.74,754.03,397.1,737.51,361.41,36.8755,18.0707,0.5221,1.5797
115,66,car,398.56,800.37,430.55,857.36,414.42,828.76,20.721,41.4382,0.6445,0.1057
115,67,car,592.79,186.37,620.47,224.72,606.35,205.72,30.3174,10.2862,0.3991,0.1576
115,69,car,39.81,626.96,97.83,652.24,71.1,639.58,3.5552,31.979,0.3338,1.2928
115,76,bus,722.1,331.77,754.01,396.92,737.41,361.37,36.8704,18.0687,0.3528,1.5698
115,77,car,598.55,255.51,621.8,318.33,610.16,284.4,30.5082,14.2199,0.3847,2.6339
115,78,person,1065.88,441.99,1074.56,461.54,1070.21,451.73,53.5103,22.5865,0.3028,0.0286
115,11,car,387.28,539.2,449.19,574.7,416.15,556.79,20.8073,27.8394,0.6375,1.1244
115,81,car,1076.6,178.49,1351.9,521.74,1217.58,350.17,60.8789,17.5087,0.4704,3.0138
115,84,person,1032.28,531.48,1043.78,556.54,1037.91,542.6,51.8955,27.1302,0.513,0.5955
115,85,car,1109.97,624.99,1143.61,660.64,1126.78,642.69,56.3389,32.1346,0.4909,0.122
115,86,car,1478.85,821.69,1503.28,868.48,1490.89,845.19,74.5447,42.2593,0.4059,0.1358
115,44,car,524.3,610.33,557.92,628.02,544.73,618.61,27.2363,30.9304,0.3742,1.9459
115,87,car,1082.28,657.88,1109.55,703.62,1095.88,680.76,54.7938,34.0381,0.4715,0.0417
115,64,person,771.75,695.96,782.87,717.41,778.67,706.95,38.9334,35.3475,0.2631,0.8228
115,89,motorcycle,968.67,633.24,979.24,657.6,973.33,647.82,48.6665,32.3908,0.3136,0.7599
115,90,person,1288.19,584.0,1304.9,604.91,1297.01,594.33,64.8506,29.7164,0.3314,0.4321
115,91,car,1416.16,816.33,1442.7,870.0,1429.4,843.17,71.4698,42.1586,0.3505,0.0294
115,92,car,891.72,464.91,914.25,486.54,899.06,475.25,44.9532,23.7625,0.3164,1.963
115,93,person,1361.7,433.94,1374.34,459.9,1368.0,446.32,68.3998,22.3162,0.3752,0.2071
115,94,person,754.18,459.59,765.24,483.13,761.28,470.46,38.0642,23.5232,0.3526,0.9142
115,22,person,1084.04,456.54,1092.83,478.78,1088.15,467.6,54.4077,23.3799,0.3707,0.1542
115,96,person,1102.15,460.61,1114.0,483.43,1106.38,471.68,55.3188,23.5841,0.3476,0.8227
115,98,car,1110.4,624.88,1143.62,660.35,1126.99,642.59,56.3495,32.1295,0.3909,0.0757
115,99,car,1080.33,593.84,1119.25,629.53,1099.02,611.7,54.9511,30.5851,0.4926,0.4508
115,28,car,652.14,395.6,687.23,455.54,668.92,428.17,33.4462,21.4084,0.7131,1.2968
115,101,person,843.73,695.15,856.04,719.02,851.59,707.18,42.5796,35.3589,0.3595,0.5134
115,102,person,791.41,707.31,805.55,729.9,797.51,719.59,39.8753,35.9793,0.3222,0.5186
115,103,car,264.92,549.39,318.98,582.17,289.24,566.09,14.462,28.3047,0.3816,1.0217
115,104,person,967.27,629.74,979.73,655.45,973.22,644.13,48.6611,32.2063,0.3399,0.7779
115,105,car,711.37,215.69,728.66,253.07,719.57,231.69,35.9783,11.5843,0.3124,1.3657
115,106,car,1164.6,580.6,1207.49,612.36,1185.93,597.36,59.2964,29.8678,0.2581,0.4409
115,107,car,1020.86,647.68,1056.69,700.22,1038.08,673.15,51.904,33.6577,0.4618,0.7913
115,108,person,1143.61,757.57,1152.65,780.12,1148.1,768.71,57.4049,38.4353,0.4959,0.2129
116,3,person,1324.51,437.77,1335.39,464.67,1329.7,451.43,66.4852,22.5717,0.28,0.0936
116,5,person,735.05,643.81,744.15,668.61,739.38,654.96,36.9688,32.7478,0.5695,0.5396
116,7,car,941.01,972.65,990.85,1009.86,965.9,991.23,48.2949,49.5616,0.6178,0.0337
116,8,car,653.33,393.66,688.51,452.3,670.08,428.3,33.504,21.415,0.2638,2.4814
116,9,car,638.91,694.27,678.51,746.3,658.62,720.3,32.9308,36.015,0.6946,0.0377
116,10,car,753.43,665.51,788.23,700.81,770.77,683.15,38.5387,34.1577,0.7734,0.0401
116,12,car,563.56,507.05,618.63,554.84,588.31,532.47,29.4153,26.6233,0.6707,1.5709
116,14,car,611.56,351.0,639.8,418.73,625.53,386.57,31.2763,19.3284,0.6369,0.6363
116,16,car,398.65,800.43,430.5,857.41,414.41,828.83,20.7203,41.4417,0.2966,0.0929
116,17,car,1122.48,684.74,1152.17,742.14,1137.27,713.5,56.8636,35.6752,0.5664,0.0449
116,19,car,759.77,247.34,784.09,286.72,772.13,266.7,38.6063,13.3352,0.5611,0.0944
116,20,motorcycle,1084.79,706.03,1099.07,732.57,1091.82,724.45,54.5908,36.2224,0.4032,2.0638
116,21,car,590.42,413.53,624.8,465.74,607.64,437.38,30.3822,21.869,0.53,0.5516
116,25,car,648.04,480.71,678.57,510.93,665.56,497.69,33.2782,24.8844,0.4216,1.5643
116,26,person,600.32,594.81,610.84,614.64,604.5,604.47,30.225,30.2233,0.6315,0.6552
116,27,car,1159.74,971.37,1181.14,991.23,1170.42,981.19,58.5209,49.0595,0.4263,0.0613
116,29,motorcycle,698.07,300.41,707.99,327.37,708.65,311.39,35.4327,15.5695,0.3203,2.8609
116,31,person,708.56,677.41,722.35,702.94,715.29,690.25,35.7644,34.5127,0.6879,0.1115
116,33,car,1122.54,684.85,1152.25,741.85,1137.47,713.37,56.8733,35.6685,0.4625,0.0781
116,36,car,639.23,270.73,660.01,323.05,650.12,298.76,32.5062,14.938,0.5087,0.9314
116,38,car,1148.27,628.51,1173.5,673.5,1160.83,651.05,58.0417,32.5524,0.5699,0.0506
116,42,person,1341.85,426.96,1361.99,459.47,1350.95,443.57,67.5475,22.1784,0.353,0.2936
116,43,car,583.01,140.94,603.94,162.92,593.45,151.83,29.6726,7.5915,0.4325,0.0516
116,46,car,934.08,463.82,972.72,497.2,953.84,478.67,47.692,23.9337,0.3701,0.1438
116,41,car,794.64,373.88,829.51,411.37,809.78,390.14,40.4891,19.5069,0.293,2.0355
116,53,car,1146.56,1053.44,1168.91,1080.29,1158.12,1066.85,57.9059,53.3427,0.3189,0.0612
116,55,car,1055.43,709.41,1082.43,744.21,1067.11,726.63,53.3555,36.3314,0.4801,0.8969
116,59,person,1263.52,604.69,1278.45,634.07,1270.7,619.58,63.5349,30.9791,0.4033,0.1069
116,61,person,359.91,664.39,368.31,681.75,364.04,673.15,18.2019,33.6574,0.4013,0.0424
116,18,car,627.68,627.73,664.7,668.84,646.15,648.36,32.3075,32.4182,0.7654,0.0106
116,34,car,611.33,302.34,634.96,369.32,622.98,335.92,31.1491,16.7962,0.5639,0.083
116,65,car,722.83,332.5,754.26,398.02,737.76,362.41,36.8882,18.1205,0.5223,1.5399
116,66,car,398.69,800.36,430.56,857.41,414.46,828.82,20.7228,41.441,0.6491,0.0975
116,67,car,592.75,186.29,620.82,224.87,606.46,205.74,30.3231,10.2868,0.4262,0.1722
116,69,car,38.93,626.54,96.83,651.89,70.26,639.53,3.5129,31.9763,0.3266,1.2729
116,76,bus,722.65,332.54,754.23,397.84,737.65,362.36,36.8824,18.1181,0.3253,1.5256
116,77,car,598.64,255.5,621.89,318.83,610.2,285.52,30.5099,14.2759,0.4008,1.6813
116,78,person,1065.85,441.98,1074.6,461.57,1070.21,451.74,53.5107,22.587,0.2926,0.0211
116,11,car,387.98,539.25,449.5,574.91,416.87,556.86,20.8437,27.8429,0.6399,1.0965
116,81,car,1076.61,178.73,1350.22,522.23,1216.5,350.49,60.825,17.5246,0.4083,1.6871
116,84,person,1032.18,531.91,1043.88,556.99,1038.04,542.97,51.9021,27.1486,0.5079,0.5862
116,85,car,1110.06,625.02,1143.66,660.59,1126.78,642.75,56.3392,32.1373,0.4914,0.0805
116,86,car,1478.93,821.68,1503.26,868.35,1490.96,845.15,74.5482,42.2576,0.4179,0.1166
116,44,car,523.5,610.39,556.75,628.08,543.48,618.81,27.1742,30.9404,0.4334,1.8858
116,87,car,1082.32,657.84,1109.56,703.62,1095.9,680.78,54.7948,34.0391,0.4586,0.0427
116,89,motorcycle,968.89,633.63,978.94,657.04,973.54,647.0,48.6772,32.3501,0.2991,1.2617
116,90,person,1288.31,583.81,1304.8,604.71,1296.81,594.37,64.8404,29.7185,0.359,0.3121
116,91,car,1416.1,816.3,1442.7,870.02,1429.4,843.18,71.4702,42.1589,0.2993,0.0161
116,92,car,893.06,465.27,915.62,487.07,900.37,475.5,45.0186,23.7749,0.2598,1.9975
116,93,person,1361.77,434.21,1374.15,459.94,1367.99,446.44,68.3996,22.3219,0.3701,0.1712
116,94,person,753.9,460.1,764.61,483.3,760.79,470.78,38.0395,23.5389,0.3483,0.8786
116,22,person,1084.04,456.46,1092.91,478.8,1088.25,467.63,54.4127,23.3813,0.3345,0.1543
116,96,person,1102.63,460.55,1114.3,483.42,1106.91,471.74,55.3456,23.5869,0.4097,0.8088
116,98,car,1110.45,624.89,1143.67,660.31,1127.01,642.61,56.3503,32.1307,0.3974,0.045
116,99,car,1080.62,593.8,1119.54,629.44,1099.28,611.77,54.964,30.5884,0.4792,0.3987
116,28,car,651.99,394.06,687.88,454.89,669.22,427.39,33.4611,21.3697,0.7117,1.244
116,101,person,841.68,695.15,855.51,718.93,851.16,707.16,42.5582,35.3579,0.3714,0.6429
116,102,person,791.14,706.74,806.1,730.41,797.69,719.42,39.8846,35.9709,0.3236,0.3761
116,103,car,264.4,549.06,319.24,582.16,289.67,566.01,14.4835,28.3007,0.2985,0.6554
116,104,person,967.62,628.36,980.06,655.8,973.35,643.72,48.6673,32.1858,0.3752,0.641
116,105,car,711.48,216.98,729.22,254.72,719.72,232.52,35.9861,11.6259,0.3247,1.272
116,106,car,1164.44,580.18,1207.6,615.02,1185.95,597.41,59.2973,29.8703,0.3218,0.0792
116,107,car,1021.46,648.4,1057.45,700.97,1038.42,673.54,51.9211,33.6768,0.4511,0.7712
116,108,person,1143.86,757.2,1153.06,780.39,1148.22,768.73,57.4109,38.4367,0.5417,0.186
117,3,person,1324.59,437.52,1335.47,464.52,1329.77,451.41,66.4885,22.5703,0.2502,0.1093
117,5,person,734.47,643.4,744.69,668.97,739.41,655.24,36.9706,32.7622,0.5736,0.4353
117,7,car,941.05,972.65,990.87,1009.83,965.91,991.25,48.2954,49.5623,0.5486,0.0243
117,8,car,654.04,392.21,688.24,452.29,670.47,426.76,33.5235,21.3378,0.2772,2.3881
117,9,car,638.92,694.31,678.54,746.29,658.65,720.32,32.9327,36.0159,0.6737,0.0627
117,10,car,753.48,665.56,788.19,700.87,770.8,683.16,38.5399,34.158,0.7859,0.0378
117,12,car,564.48,506.43,619.66,554.4,589.24,531.99,29.4618,26.5997,0.6688,1.5652
117,14,car,611.58,351.11,639.87,419.59,625.57,386.23,31.2786,19.3116,0.626,0.5076
117,16,car,398.83,800.39,430.6,857.42,414.46,828.86,20.7231,41.4428,0.3578,0.0921
117,17,car,1122.48,684.7,1152.15,742.1,1137.28,713.5,56.8641,35.675,0.5437,0.0171
117,19,car,759.67,247.25,784.11,286.65,772.07,266.74,38.6033,13.3372,0.5556,0.1087
117,20,motorcycle,1084.6,704.76,1099.2,731.6,1091.75,723.01,54.5875,36.1506,0.3989,2.1547
117,21,car,590.28,413.68,624.75,469.19,607.65,438.0,30.3825,21.9001,0.5318,0.9345
117,25,car,647.43,479.96,677.9,510.74,664.81,497.03,33.2405,24.8517,0.3699,1.4958
117,26,person,600.85,595.06,611.15,615.71,604.84,604.69,30.2419,30.2346,0.5618,0.6098
117,27,car,1159.82,971.37,1181.16,991.25,1170.44,981.22,58.522,49.0608,0.4345,0.0498
117,29,motorcycle,707.79,301.22,717.66,328.85,708.23,312.16,35.4115,15.6078,0.2565,1.3123
117,31,person,708.45,677.41,722.19,702.95,715.33,690.26,35.7663,34.513,0.6791,0.0586
117,33,car,1122.55,684.89,1152.21,741.64,1137.45,713.37,56.8727,35.6686,0.4564,0.0161
117,36,car,639.18,270.08,659.69,322.5,650.04,298.14,32.5021,14.9068,0.5449,0.9428
117,38,car,1148.3,628.43,1173.54,673.43,1160.86,651.04,58.0428,32.552,0.552,0.0351
117,42,person,1341.79,427.12,1361.34,459.52,1351.09,443.53,67.5546,22.1763,0.3359,0.2228
117,43,car,583.04,140.97,603.95,163.01,593.47,151.86,29.6734,7.5931,0.4055,0.0552
117,46,car,933.99,463.84,972.71,497.73,953.79,478.95,47.6897,23.9476,0.3701,0.4229
117,41,car,795.7,374.78,830.48,411.95,810.53,391.25,40.5266,19.5627,0.4021,2.016
117,53,car,1146.54,1053.52,1168.61,1080.3,1158.04,1066.86,57.9018,53.3432,0.3268,0.122
117,55,car,1055.94,710.26,1082.82,744.65,1067.67,726.78,53.3837,36.3388,0.4964,0.8743
117,59,person,1263.51,604.49,1278.39,634.05,1270.76,619.55,63.5381,30.9773,0.4661,0.1103
117,61,person,359.93,664.4,368.24,681.71,364.05,673.16,18.2027,33.6578,0.4254,0.026
117,18,car,627.65,627.64,664.69,668.79,646.15,648.34,32.3077,32.4172,0.7612,0.0308
117,34,car,611.37,302.35,635.05,369.46,623.03,335.93,31.1517,16.7964,0.5972,0.0793
117,65,car,723.2,333.34,754.46,398.91,737.98,363.38,36.8992,18.1688,0.5524,1.4886
117,66,car,398.87,800.31,430.67,857.42,414.51,828.85,20.7254,41.4424,0.6473,0.0895
117,67,car,592.71,186.3,621.04,224.86,606.52,205.74,30.3262,10.287,0.4449,0.0932
117,69,car,37.79,626.24,95.98,651.28,69.4,639.4,3.4702,31.9699,0.2991,1.2954
117,76,bus,723.1,333.49,754.43,398.75,737.86,363.33,36.893,18.1666,0.3274,1.4889
117,77,car,598.69,255.48,621.93,319.14,610.22,286.24,30.5109,14.312,0.3636,1.0823
117,78,person,1065.82,442.02,1074.53,461.64,1070.21,451.76,53.5106,22.5881,0.3017,0.0322
117,11,car,388.53,539.01,449.98,575.01,417.5,556.91,20.8751,27.8457,0.6551,0.9437
117,81,car,1076.82,177.67,1354.41,521.8,1215.99,350.62,60.7993,17.5308,0.4519,0.7943
117,84,person,1032.27,532.42,1043.98,557.34,1038.09,543.4,51.9047,27.1701,0.5217,0.6492
117,85,car,1110.15,625.04,1143.66,660.61,1126.8,642.78,56.34,32.1392,0.4691,0.0623
117,86,car,1478.93,821.66,1503.34,868.48,1491.02,845.13,74.5509,42.2566,0.4325,0.0883
117,44,car,522.57,610.35,555.34,628.07,542.25,618.95,27.1124,30.9477,0.3705,1.8677
117,87,car,1082.39,657.83,1109.54,703.65,1095.91,680.79,54.7957,34.0396,0.4629,0.0299
117,89,motorcycle,969.42,635.17,979.03,656.53,973.8,646.24,48.69,32.3119,0.2913,1.2086
117,90,person,1288.25,583.48,1304.57,604.29,1296.65,594.33,64.8325,29.7165,0.3456,0.2427
117,91,car,1416.04,816.28,1442.78,870.08,1429.41,843.18,71.4706,42.1592,0.2809,0.013
117,92,car,894.38,465.69,917.0,487.99,901.68,475.78,45.0841,23.7889,0.2653,2.0083
117,93,person,1361.81,434.18,1374.13,459.95,1367.99,446.65,68.3993,22.3324,0.3625,0.3158
117,94,person,753.75,460.17,764.52,483.63,760.35,471.06,38.0173,23.5532,0.355,0.7928
117,22,person,1084.09,456.38,1092.98,478.75,1088.36,467.63,54.418,23.3816,0.3148,0.1594
117,96,person,1103.12,460.58,1114.82,483.39,1107.46,471.8,55.3731,23.5902,0.3756,0.8326
117,98,car,1110.48,624.93,1143.67,660.24,1127.02,642.62,56.3509,32.131,0.4029,0.0186
117,99,car,1080.96,593.88,1119.84,629.51,1099.54,611.8,54.9769,30.5898,0.4849,0.3893
117,28,car,652.63,392.45,691.83,453.99,669.79,426.55,33.4896,21.3277,0.7659,1.5216
117,101,person,841.44,694.79,855.24,718.84,850.56,707.09,42.5281,35.3545,0.3609,0.9108
117,102,person,790.77,706.42,805.86,730.62,797.78,719.29,39.889,35.9645,0.3064,0.2351
117,103,car,265.45,549.35,319.39,581.66,290.06,565.94,14.5032,28.2971,0.2797,0.5995
117,104,person,968.14,627.42,980.37,654.55,973.5,643.26,48.6749,32.1631,0.3903,0.7195
117,105,car,711.75,218.28,729.65,255.89,719.89,233.28,35.9943,11.664,0.3038,1.1668
117,106,car,1164.34,580.21,1207.64,616.71,1185.95,597.58,59.2977,29.879,0.3752,0.2628
117,107,car,1022.2,649.19,1058.06,701.67,1038.76,673.92,51.9382,33.6958,0.467,0.765
117,108,person,1143.96,756.95,1153.28,780.7,1148.32,768.76,57.4159,38.4379,0.5277,0.1537
118,3,person,1324.66,437.52,1335.47,464.43,1329.84,451.35,66.4918,22.5674,0.2544,0.1295
118,5,person,734.22,643.3,745.17,669.13,739.47,655.55,36.9733,32.7775,0.5746,0.4659
118,7,car,941.1,972.65,990.92,1009.83,965.92,991.25,48.2962,49.5626,0.5765,0.025
118,8,car,654.37,390.84,688.15,451.63,670.78,425.24,33.5388,21.2618,0.756,2.3244
118,9,car,638.91,694.34,678.56,746.34,658.68,720.33,32.9341,36.0166,0.6893,0.0469
118,10,car,753.43,665.58,788.17,701.06,770.8,683.18,38.5402,34.1591,0.7868,0.0342
118,12,car,566.35,505.87,620.37,554.04,590.21,531.52,29.5107,26.5761,0.6966,1.6288
118,14,car,611.62,351.03,639.89,418.0,625.62,385.82,31.2811,19.2909,0.6669,0.6256
118,16,car,398.99,800.38,430.66,857.37,414.54,828.86,20.7268,41.4431,0.402,0.1087
118,17,car,1122.51,684.69,1152.16,742.07,1137.29,713.48,56.8646,35.6741,0.5425,0.0314
118,19,car,759.61,247.19,784.2,286.66,772.02,266.81,38.6012,13.3403,0.5384,0.111
118,20,motorcycle,1084.2,704.29,1098.95,731.07,1091.69,721.62,54.5847,36.0808,0.4068,2.0956
118,21,car,590.19,413.74,624.71,471.22,607.62,438.77,30.3812,21.9386,0.456,1.1555
118,25,car,646.83,479.22,677.2,510.42,664.08,496.42,33.204,24.8208,0.3706,1.4353
118,26,person,600.88,595.33,611.03,616.56,605.08,604.94,30.2538,30.2469,0.5568,0.5128
118,27,car,1159.85,971.37,1181.21,991.34,1170.46,981.25,58.523,49.0624,0.449,0.0563
118,31,person,708.46,677.44,722.06,702.9,715.35,690.25,35.7673,34.5127,0.6389,0.0311
118,33,car,1122.58,684.94,1152.23,741.5,1137.42,713.36,56.8708,35.6678,0.4236,0.0628
118,36,car,639.14,269.08,658.92,315.26,649.89,297.02,32.4946,14.8508,0.5514,1.6971
118,38,car,1148.33,628.43,1173.59,673.39,1160.88,651.02,58.044,32.5512,0.5605,0.0427
118,42,person,1341.75,427.14,1361.2,459.54,1351.22,443.48,67.5608,22.1741,0.3336,0.1978
118,43,car,583.09,141.05,603.93,163.05,593.48,151.9,29.674,7.5951,0.3885,0.0618
118,46,car,933.86,463.9,972.7,498.11,953.67,479.47,47.6836,23.9735,0.3835,0.7993
118,41,car,796.59,375.74,831.36,413.32,811.3,392.36,40.5649,19.6181,0.2992,2.0221
118,53,car,1146.53,1053.53,1168.54,1080.29,1157.93,1066.87,57.8967,53.3435,0.2558,0.1541
118,55,car,1056.92,711.24,1083.25,744.99,1068.29,726.83,53.4144,36.3416,0.473,0.9235
118,59,person,1263.53,604.32,1278.29,634.05,1270.82,619.48,63.5409,30.9741,0.4549,0.126
118,61,person,359.99,664.3,368.37,681.67,364.08,673.13,18.204,33.6567,0.4373,0.0511
118,18,car,627.65,627.59,664.74,668.77,646.16,648.32,32.308,32.4158,0.758,0.0447
118,34,car,611.39,302.31,635.17,369.48,623.09,335.91,31.1547,16.7954,0.5241,0.0936
118,65,car,723.46,334.27,754.57,399.83,738.18,364.32,36.9091,18.216,0.5193,1.4463
118,66,car,399.02,800.26,430.75,857.36,414.59,828.84,20.7294,41.4421,0.637,0.1201
118,67,car,592.7,186.33,621.07,224.98,606.6,205.74,30.33,10.2869,0.4128,0.1118
118,69,car,36.77,626.72,94.34,650.83,68.48,639.26,3.4242,31.963,0.3969,1.3948
118,76,bus,723.4,334.55,754.54,399.73,738.09,364.29,36.9047,18.2144,0.3275,1.4764
118,77,car,598.66,255.4,621.96,319.38,610.23,286.7,30.5116,14.3348,0.379,0.6869
118,78,person,1065.83,441.89,1074.62,461.68,1070.21,451.78,53.5107,22.5888,0.2857,0.0211
118,11,car,389.2,538.9,451.22,574.81,418.14,556.93,20.9068,27.8464,0.627,0.9528
118,81,car,1076.99,176.65,1357.35,520.74,1215.72,350.26,60.7861,17.5132,0.355,0.6579
118,84,person,1033.21,533.07,1044.27,557.18,1038.2,543.84,51.9098,27.1918,0.481,0.6677
118,85,car,1110.1,624.99,1143.68,660.76,1126.82,642.82,56.3408,32.141,0.4548,0.0574
118,86,car,1478.88,821.63,1503.36,868.53,1491.05,845.11,74.5527,42.2556,0.4404,0.0594
118,44,car,521.99,610.48,554.17,627.96,541.13,619.06,27.0563,30.9532,0.3968,1.6905
118,87,car,1082.49,657.81,1109.56,703.57,1095.93,680.78,54.7967,34.0389,0.4703,0.0366
118,89,motorcycle,989.78,590.98,1006.07,615.29,977.43,639.48,48.8714,31.974,0.2852,11.5062
118,90,person,1288.13,583.47,1304.25,603.93,1296.52,594.25,64.826,29.7125,0.3018,0.2313
118,91,car,1415.98,816.27,1442.81,870.1,1429.41,843.18,71.4706,42.1592,0.2796,0.0025
118,92,car,895.81,466.07,918.22,488.69,903.0,476.08,45.1499,23.8041,0.2748,2.0263
118,93,person,1361.85,434.13,1374.09,459.92,1367.98,446.79,68.3991,22.3395,0.3596,0.2114
118,94,person,753.7,460.48,764.04,483.96,759.95,471.35,37.9974,23.5675,0.33,0.7354
118,22,person,1084.14,456.37,1093.01,478.73,1088.43,467.63,54.4217,23.3815,0.2576,0.1117
118,96,person,1103.65,460.59,1115.13,483.23,1107.99,471.88,55.3993,23.5942,0.3183,0.7939
118,98,car,1110.42,624.91,1143.68,660.22,1127.02,642.62,56.3511,32.1311,0.3757,0.0066
118,99,car,1081.26,593.97,1120.13,629.54,1099.81,611.79,54.9904,30.5897,0.4772,0.4041
118,101,person,841.97,694.74,854.89,718.83,849.99,707.03,42.4994,35.3514,0.4076,0.8657
118,102,person,790.3,706.67,805.15,730.21,797.85,719.0,39.8926,35.9498,0.2982,0.4538
118,103,car,267.09,549.36,320.84,581.16,291.05,565.76,14.5526,28.2879,0.3429,1.5075
118,104,person,968.78,626.56,980.68,653.85,973.67,642.82,48.6837,32.1412,0.4116,0.706
118,105,car,712.09,220.01,729.74,256.42,720.03,233.98,36.0016,11.6992,0.466,1.0808
118,106,car,1164.18,580.07,1207.62,617.49,1185.95,597.75,59.2973,29.8876,0.393,0.2569
118,107,car,1022.62,649.98,1058.54,702.41,1039.07,674.3,51.9533,33.7148,0.5015,0.7292
118,108,person,1144.0,757.19,1153.11,781.17,1148.37,768.84,57.4183,38.4421,0.5058,0.1459
119,3,person,1324.81,437.64,1335.67,464.46,1329.93,451.28,66.4963,22.5638,0.2758,0.1739
119,5,person,734.25,643.28,745.5,669.56,739.57,655.87,36.9785,32.7933,0.602,0.4983
119,7,car,941.19,972.63,990.92,1009.8,965.95,991.25,48.2974,49.5624,0.6322,0.0369
119,8,car,654.22,389.48,688.22,451.24,670.94,423.8,33.5469,21.1899,0.7803,2.1731
119,9,car,638.91,694.31,678.55,746.28,658.7,720.33,32.9349,36.0164,0.6869,0.0252
119,10,car,753.36,665.6,788.1,701.13,770.8,683.22,38.5398,34.161,0.7738,0.0567
119,12,car,567.4,505.26,621.16,553.72,591.16,531.03,29.5579,26.5515,0.7324,1.5991
119,14,car,611.68,351.01,639.99,417.27,625.67,385.31,31.2836,19.2653,0.6559,0.7713
119,16,car,399.0,800.43,430.71,857.49,414.61,828.88,20.7304,41.4442,0.4367,0.1149
119,17,car,1122.36,684.74,1152.27,742.23,1137.3,713.47,56.8651,35.6735,0.5084,0.0221
119,19,car,759.53,247.29,784.3,286.73,771.98,266.87,38.599,13.3437,0.5018,0.1222
119,20,motorcycle,1084.05,703.58,1098.8,730.22,1091.66,720.23,54.5829,36.0117,0.3552,2.0741
119,21,car,590.23,413.82,624.72,472.56,607.59,439.64,30.3795,21.9822,0.4828,1.307
119,25,car,646.14,478.54,676.63,510.39,663.37,495.86,33.1687,24.7932,0.4059,1.3443
119,26,person,601.09,595.29,611.15,617.12,605.32,605.17,30.266,30.2587,0.5828,0.5091
119,27,car,1159.98,971.39,1181.33,991.3,1170.49,981.28,58.5246,49.0641,0.4583,0.0703
119,31,person,708.45,677.47,721.97,702.84,715.35,690.23,35.7673,34.5116,0.5621,0.032
119,33,car,1122.64,684.93,1152.28,741.41,1137.41,713.32,56.8704,35.6661,0.4627,0.0522
119,36,car,639.11,268.62,659.7,316.99,649.68,296.07,32.4839,14.8033,0.5371,1.4595
119,38,car,1148.35,628.36,1173.67,673.4,1160.91,651.0,58.0453,32.5499,0.5543,0.0567
119,42,person,1341.93,426.79,1362.3,459.38,1351.42,443.4,67.5708,22.1699,0.3446,0.324
119,43,car,583.13,141.1,603.97,163.11,593.49,151.94,29.6747,7.5972,0.3797,0.0672
119,46,car,933.74,463.91,972.72,498.29,953.5,480.14,47.675,24.0071,0.3807,1.0407
119,41,car,797.69,376.86,832.15,415.87,812.19,393.04,40.6096,19.6518,0.2635,1.6799
119,53,car,1146.58,1053.47,1168.66,1080.27,1157.84,1066.87,57.8918,53.3434,0.3132,0.1485
119,55,car,1057.22,712.28,1083.69,746.33,1068.84,727.23,53.4421,36.3615,0.4126,1.0229
119,59,person,1263.62,604.07,1278.48,634.06,1270.89,619.39,63.5443,30.9696,0.4374,0.1704
119,61,person,360.03,664.35,368.46,681.62,364.11,673.1,18.2056,33.6549,0.4309,0.0725
119,18,car,627.67,627.6,664.78,668.76,646.17,648.28,32.3085,32.4142,0.7297,0.0506
119,34,car,611.46,302.34,635.17,369.64,623.15,335.91,31.1574,16.7956,0.5049,0.081
119,65,car,723.8,335.26,754.83,400.84,738.44,365.27,36.9219,18.2633,0.5346,1.4706
119,66,car,399.03,800.3,430.76,857.48,414.66,828.85,20.7332,41.4427,0.6604,0.1158
119,67,car,592.75,186.49,620.6,225.34,606.65,205.73,30.3326,10.2865,0.4188,0.0798
119,69,car,37.44,627.11,93.09,650.32,67.71,639.15,3.3855,31.9576,0.3191,1.1731
119,76,bus,723.46,335.45,754.86,400.71,738.35,365.24,36.9176,18.2621,0.3845,1.485
119,77,car,598.73,255.31,621.94,319.42,610.25,286.98,30.5126,14.3491,0.3746,0.4281
119,78,person,1065.92,441.88,1074.64,461.66,1070.22,451.78,53.511,22.5889,0.2942,0.0109
119,11,car,389.99,539.15,452.15,574.97,418.83,556.96,20.9413,27.8478,0.6602,1.0358
119,81,car,1077.35,176.92,1361.44,523.78,1216.12,350.19,60.8059,17.5094,0.4409,0.6031
119,84,person,1033.91,533.64,1045.05,557.11,1038.39,544.26,51.9193,27.2132,0.4414,0.7025
119,85,car,1110.39,624.96,1143.79,660.64,1126.86,642.83,56.3431,32.1414,0.4158,0.071
119,86,car,1478.9,821.69,1503.46,868.45,1491.08,845.1,74.5541,42.2549,0.4054,0.0463
119,44,car,521.66,610.66,553.08,628.05,540.13,619.16,27.0066,30.9579,0.3646,1.497
119,87,car,1082.59,657.82,1109.6,703.6,1095.96,680.76,54.798,34.038,0.4513,0.0499
119,89,motorcycle,997.71,576.82,1016.16,601.59,982.19,631.21,49.1097,31.5605,0.3793,14.3189
119,90,person,1287.89,583.46,1304.07,603.62,1296.4,594.13,64.8202,29.7064,0.2741,0.2514
119,91,car,1416.03,816.29,1442.9,870.1,1429.42,843.18,71.471,42.1591,0.2936,0.0103
119,92,car,897.31,466.48,919.56,489.1,904.34,476.42,45.2168,23.8208,0.2777,2.0674
119,93,person,1361.97,434.13,1374.18,459.9,1367.99,446.89,68.3997,22.3447,0.4096,0.1596
119,94,person,753.63,460.8,763.83,484.18,759.57,471.65,37.9787,23.5824,0.3474,0.7161
119,22,person,1084.15,456.41,1092.96,478.79,1088.48,467.62,54.4239,23.3811,0.3203,0.068
119,96,person,1104.28,460.58,1115.48,482.98,1108.49,471.93,55.4244,23.5963,0.3362,0.7548
119,98,car,1110.73,624.91,1143.79,660.11,1127.06,642.6,56.353,32.1302,0.362,0.062
119,99,car,1081.61,594.01,1120.34,629.55,1100.08,611.75,55.004,30.5877,0.4795,0.4121
119,101,person,842.17,694.68,854.69,718.91,849.45,706.98,42.4723,35.3492,0.4194,0.8145
119,102,person,789.97,706.74,804.66,729.99,797.89,718.75,39.8947,35.9373,0.3254,0.3799
119,103,car,266.52,549.15,322.4,581.6,292.0,565.64,14.5999,28.282,0.2618,1.4319
119,104,person,969.12,625.93,980.84,653.18,973.94,641.99,48.6969,32.0996,0.4216,1.3106
119,105,car,712.45,221.46,730.12,257.87,720.34,235.53,36.0172,11.7766,0.4109,2.366
119,106,car,1164.03,580.04,1207.72,618.54,1185.97,597.84,59.2986,29.892,0.4482,0.1389
119,107,car,1023.33,651.03,1059.09,703.35,1039.37,674.71,51.9687,33.7355,0.4932,0.7723
119,108,person,1144.16,757.81,1153.25,781.48,1148.42,768.98,57.4211,38.4488,0.4798,0.2179
120,5,person,734.91,644.12,745.06,669.71,739.67,656.16,36.9833,32.8081,0.5857,0.4677
120,7,car,941.25,972.66,990.98,1009.8,965.98,991.24,48.2991,49.5622,0.609,0.0506
120,8,car,654.24,388.0,688.27,450.17,671.02,422.37,33.5512,21.1187,0.7613,2.1399
120,9,car,638.89,694.31,678.59,746.25,658.71,720.32,32.9355,36.0158,0.6932,0.0253
120,10,car,753.29,665.58,788.06,700.99,770.78,683.24,38.5389,34.1618,0.7641,0.0367
120,12,car,568.43,504.7,622.43,553.52,592.2,530.52,29.6098,26.5262,0.7427,1.7295
120,14,car,611.75,351.01,640.08,416.57,625.73,384.97,31.2863,19.2484,0.6357,0.5129
120,16,car,399.03,800.51,430.76,857.51,414.69,828.92,20.7344,41.4458,0.4061,0.1286
120,17,car,1122.49,684.75,1152.32,742.22,1137.32,713.45,56.8662,35.6725,0.5368,0.0451
120,19,car,759.64,247.5,784.07,286.54,771.92,266.93,38.5962,13.3467,0.5249,0.1229
120,20,motorcycle,1083.84,701.01,1098.58,729.34,1091.61,719.0,54.5803,35.9501,0.4088,1.8509
120,21,car,590.27,413.54,624.7,472.43,607.56,440.51,30.3778,22.0254,0.4659,1.2976
120,25,car,645.46,477.69,675.99,510.49,662.69,495.37,33.1343,24.7685,0.4452,1.2725
120,26,person,601.06,595.34,611.2,617.49,605.58,605.42,30.2788,30.271,0.6545,0.5326
120,27,car,1160.01,971.41,1181.42,991.29,1170.53,981.31,58.5264,49.0654,0.46,0.0667
120,31,person,708.54,677.58,721.85,702.97,715.33,690.21,35.7665,34.5107,0.5339,0.0351
120,33,car,1122.67,684.92,1152.33,741.27,1137.42,713.27,56.8708,35.6634,0.4804,0.0823
120,36,car,639.09,267.74,658.97,311.35,649.48,294.75,32.4738,14.7377,0.5719,1.9922
120,38,car,1148.37,628.38,1173.73,673.45,1160.94,650.97,58.0468,32.5487,0.5582,0.057
120,42,person,1342.11,426.67,1362.98,459.29,1351.68,443.29,67.5841,22.1647,0.2735,0.4273
120,43,car,583.2,141.19,604.04,163.16,593.52,152.0,29.6758,7.5998,0.3504,0.0825
120,46,car,933.88,463.91,972.8,498.45,953.41,480.57,47.6703,24.0285,0.3273,0.6564
120,41,car,798.8,377.85,832.8,417.09,813.07,393.95,40.6533,19.6976,0.3259,1.9002
120,53,car,1146.62,1053.45,1168.7,1080.26,1157.74,1066.87,57.887,53.3436,0.2665,0.1419
120,55,car,1057.9,713.37,1084.08,747.11,1069.41,727.78,53.4704,36.3891,0.2906,1.1851
120,59,person,1263.69,603.81,1278.73,634.1,1270.97,619.29,63.5486,30.9644,0.4343,0.2029
120,61,person,360.15,664.52,368.36,681.56,364.14,673.07,18.2072,33.6537,0.4325,0.0601
120,18,car,627.7,627.65,664.81,668.75,646.19,648.25,32.3094,32.4127,0.7316,0.0508
120,34,car,611.5,302.35,635.19,369.66,623.2,335.92,31.1599,16.7961,0.4877,0.0787
120,65,car,724.1,336.22,755.19,401.79,738.74,366.21,36.9369,18.3103,0.4471,1.478
120,66,car,399.05,800.34,430.79,857.5,414.74,828.87,20.7369,41.4435,0.6776,0.114
120,67,car,592.75,186.5,620.29,225.36,606.7,205.72,30.3348,10.2859,0.4332,0.0699
120,69,car,39.24,627.47,91.99,650.19,67.08,639.06,3.3538,31.9531,0.2626,0.9606
120,76,bus,723.77,336.35,755.2,401.58,738.65,366.19,36.9323,18.3093,0.3649,1.4818
120,77,car,598.84,254.78,621.75,309.7,610.27,286.43,30.5133,14.3213,0.3741,0.8336
120,78,person,1065.99,441.82,1074.71,461.69,1070.24,451.78,53.5119,22.5889,0.3479,0.0265
120,11,car,390.29,539.37,452.66,575.03,419.51,556.99,20.9753,27.8497,0.6509,1.02
120,84,person,1034.31,534.01,1045.74,557.55,1038.65,544.7,51.9324,27.2351,0.4056,0.7666
120,85,car,1110.46,625.01,1143.85,660.66,1126.92,642.83,56.3461,32.1416,0.418,0.0917
120,86,car,1478.9,821.71,1503.51,868.46,1491.12,845.08,74.5558,42.254,0.3921,0.0598
120,44,car,521.45,610.75,551.99,628.14,539.22,619.24,26.961,30.9621,0.3606,1.3748
120,87,car,1082.7,657.84,1109.72,703.58,1096.01,680.74,54.8004,34.0369,0.4738,0.0777
120,89,motorcycle,1000.77,571.49,1019.71,598.07,987.36,622.63,49.3679,31.1314,0.3167,15.023
120,90,person,1287.66,583.25,1303.79,603.54,1296.28,593.97,64.8138,29.6986,0.3119,0.302
120,91,car,1416.05,816.29,1442.96,870.14,1429.43,843.18,71.4716,42.1592,0.3078,0.0178
120,92,car,898.73,466.89,920.78,489.6,905.68,476.77,45.2841,23.8387,0.2657,2.0911
120,93,person,1362.08,434.31,1374.1,459.92,1368.01,446.98,68.4006,22.3492,0.3368,0.137
120,94,person,753.83,460.8,763.96,484.59,759.27,471.92,37.9637,23.5961,0.3256,0.6097
120,22,person,1084.18,456.35,1092.94,478.8,1088.51,467.61,54.4254,23.3803,0.3201,0.0516
120,96,person,1104.8,460.41,1116.02,483.01,1108.97,471.91,55.4484,23.5956,0.4307,0.7207
120,98,car,1110.82,624.94,1143.86,660.17,1127.11,642.58,56.3557,32.1292,0.3551,0.0866
120,99,car,1081.85,593.92,1120.94,629.43,1100.39,611.72,55.0196,30.5858,0.4414,0.4713
120,101,person,842.35,694.56,854.49,718.99,849.02,706.92,42.4508,35.3459,0.3187,0.6529
120,103,car,266.9,549.6,323.56,581.71,292.85,565.58,14.6425,28.2791,0.5743,1.2807
120,104,person,969.2,625.41,981.34,652.42,974.25,641.16,48.7124,32.0581,0.3458,1.3298
120,105,car,712.62,222.91,730.55,259.38,720.66,237.02,36.0331,11.8508,0.2816,2.2776
120,106,car,1164.02,580.13,1207.97,618.86,1185.98,598.1,59.2988,29.9049,0.4122,0.3876
120,107,car,1023.93,651.98,1059.72,704.25,1040.0,675.54,52.0001,33.7772,0.484,1.5666
120,108,person,1144.41,758.3,1153.18,781.65,1148.48,769.12,57.4238,38.4559,0.4357,0.2282
120,109,car,997.97,939.51,1023.92,978.59,1010.94,959.05,50.5472,47.9525,0.5191,0.0
121,5,person,735.32,644.59,744.75,669.97,739.75,656.43,36.9877,32.8215,0.5637,0.4222
121,7,car,941.31,972.65,991.06,1009.78,966.02,991.24,48.3012,49.5618,0.647,0.0641
121,8,car,655.39,386.31,688.32,444.2,671.2,420.84,33.5599,21.042,0.2939,2.3159
121,9,car,638.88,694.28,678.61,746.23,658.72,720.3,32.9362,36.0148,0.7016,0.0354
121,10,car,753.26,665.59,788.04,700.89,770.76,683.25,38.538,34.1624,0.7203,0.0314
121,12,car,569.85,504.31,623.2,553.27,593.28,530.04,29.6638,26.5022,0.7546,1.7729
121,14,car,611.83,351.02,640.2,416.18,625.79,384.54,31.2896,19.2268,0.5921,0.6559
121,16,car,398.99,800.52,430.84,857.5,414.75,828.94,20.7377,41.4469,0.43,0.1046
121,17,car,1122.54,684.75,1152.32,742.08,1137.35,713.43,56.8674,35.6713,0.555,0.0499
121,19,car,759.41,247.38,783.97,286.53,771.88,266.97,38.5938,13.3484,0.5209,0.0866
121,20,motorcycle,1083.64,699.67,1098.29,728.62,1091.58,717.58,54.5788,35.8791,0.4349,2.1285
121,21,car,590.38,413.47,624.75,472.72,607.54,441.39,30.3768,22.0694,0.4674,1.322
121,25,car,644.87,476.77,675.37,510.57,662.03,494.92,33.1014,24.7461,0.4591,1.1942
121,26,person,601.01,595.52,611.1,617.75,605.82,605.71,30.2909,30.2853,0.6978,0.5629
121,27,car,1160.06,971.39,1181.55,991.07,1170.58,981.31,58.529,49.0654,0.4127,0.0776
121,31,person,708.66,677.67,721.81,703.01,715.31,690.22,35.7653,34.5108,0.5231,0.0365
121,33,car,1122.66,684.88,1152.35,741.14,1137.43,713.21,56.8716,35.6604,0.5121,0.0915
121,36,car,639.05,266.96,658.13,307.39,649.28,293.2,32.4641,14.6598,0.5251,2.3538
121,38,car,1148.43,628.38,1173.75,673.38,1160.97,650.94,58.0485,32.547,0.5611,0.0715
121,42,person,1342.07,427.12,1362.06,459.32,1351.88,443.22,67.5938,22.1612,0.2679,0.3116
121,43,car,583.3,141.17,604.08,163.14,593.54,152.04,29.6772,7.6019,0.3486,0.0762
121,46,car,933.95,463.84,972.87,498.52,953.37,480.83,47.6683,24.0415,0.3677,0.396
121,41,car,800.14,379.12,833.39,416.45,813.99,394.84,40.6997,19.742,0.3472,1.9262
121,53,car,1146.69,1053.44,1168.91,1080.25,1157.69,1066.87,57.8844,53.3436,0.299,0.0784
121,55,car,1058.49,714.22,1084.47,747.63,1069.96,728.45,53.4978,36.4227,0.3064,1.3017
121,59,person,1263.78,603.63,1278.84,634.12,1271.05,619.17,63.5525,30.9587,0.4813,0.2075
121,61,person,360.23,664.67,368.28,681.55,364.17,673.06,18.2085,33.6528,0.4064,0.0478
121,18,car,627.66,627.69,664.86,668.67,646.21,648.23,32.3103,32.4113,0.6609,0.0504
121,34,car,611.55,302.34,635.27,370.08,623.25,335.96,31.1627,16.798,0.4147,0.1012
121,65,car,724.33,337.0,755.55,402.6,739.05,367.1,36.9527,18.355,0.4934,1.4241
121,66,car,399.02,800.37,430.84,857.49,414.8,828.88,20.7399,41.444,0.6767,0.0913
121,67,car,592.84,186.47,620.13,225.7,606.69,205.76,30.3347,10.2878,0.4157,0.0566
121,76,bus,723.99,337.1,755.55,402.45,738.95,367.09,36.9475,18.3544,0.3709,1.4286
121,77,car,598.89,254.51,621.62,303.27,610.28,285.33,30.5139,14.2663,0.352,1.6509
121,78,person,1066.05,441.84,1074.74,461.74,1070.27,451.78,53.5133,22.589,0.3195,0.0417
121,11,car,391.2,539.46,453.11,575.15,420.16,557.07,21.0082,27.8533,0.5714,0.9939
121,84,person,1034.63,534.17,1046.18,558.2,1038.98,545.12,51.9489,27.2558,0.4407,0.7927
121,85,car,1110.54,625.05,1143.89,660.51,1126.99,642.82,56.3493,32.141,0.4678,0.0973
121,86,car,1479.02,821.68,1503.63,868.53,1491.16,845.07,74.558,42.2537,0.4325,0.0657
121,44,car,521.23,610.79,550.96,628.15,538.35,619.3,26.9176,30.9651,0.348,1.3052
121,87,car,1082.77,657.87,1109.81,703.39,1096.06,680.71,54.8031,34.0354,0.5111,0.093
121,89,motorcycle,1002.22,571.68,1021.32,597.55,992.71,614.05,49.6355,30.7025,0.3359,15.1658
121,90,person,1287.38,583.19,1303.3,603.52,1296.11,593.8,64.8053,29.69,0.2979,0.3631
121,91,car,1416.05,816.32,1443.01,870.15,1429.45,843.19,71.4724,42.1595,0.3386,0.0265
121,92,car,900.21,467.37,922.11,490.2,907.06,477.28,45.3528,23.8638,0.2614,2.1928
121,93,person,1362.05,434.1,1374.16,459.89,1368.03,447.03,68.4014,22.3515,0.2981,0.0725
121,94,person,753.98,461.04,763.88,484.99,759.08,472.2,37.9538,23.6098,0.3976,0.509
121,22,person,1084.24,456.22,1092.91,478.74,1088.53,467.58,54.4265,23.379,0.2579,0.0498
121,96,person,1105.32,460.14,1116.75,483.06,1109.46,471.86,55.4731,23.5928,0.4045,0.7455
121,98,car,1111.03,624.95,1143.9,660.2,1127.18,642.57,56.359,32.1286,0.3687,0.1021
121,99,car,1082.28,593.81,1121.35,629.45,1100.74,611.69,55.0368,30.5845,0.4763,0.5193
121,101,person,842.91,695.1,854.31,719.02,848.67,706.91,42.4336,35.3454,0.288,0.5153
121,103,car,267.4,549.54,324.54,581.55,293.69,565.53,14.6843,28.2766,0.4146,1.2562
121,104,person,969.4,624.51,981.76,651.51,974.59,640.34,48.7297,32.0168,0.3389,1.3436
121,105,car,712.75,224.24,731.19,260.09,720.97,238.36,36.0486,11.9179,0.2689,2.066
121,106,car,1163.96,580.12,1208.33,619.13,1186.0,598.53,59.2998,29.9266,0.5098,0.6518
121,107,car,1024.49,653.04,1060.36,705.29,1040.63,676.39,52.0314,33.8196,0.5166,1.5802
121,108,person,1144.53,758.65,1153.35,782.09,1148.6,769.38,57.4301,38.4688,0.4457,0.4295
121,109,car,997.21,938.35,1023.74,978.34,1010.71,958.7,50.5354,47.935,0.5369,0.6321
121,110,car,1350.9,480.35,1398.02,516.68,1374.46,498.52,68.7229,24.9258,0.4745,0.0
121,28,car,654.83,385.09,697.56,449.55,670.87,424.82,33.5434,21.2411,0.7644,3.0587
122,5,person,735.55,644.81,744.66,670.1,739.84,656.67,36.992,32.8334,0.6018,0.3803
122,7,car,941.45,972.63,991.18,1009.72,966.08,991.22,48.3041,49.5612,0.6591,0.0895
122,8,car,656.19,384.72,688.37,440.02,671.42,419.08,33.571,20.9539,0.2941,2.6633
122,9,car,638.85,694.22,678.67,746.26,658.74,720.28,32.9368,36.0142,0.703,0.0267
122,10,car,753.31,665.59,788.12,700.82,770.75,683.26,38.5374,34.1629,0.6879,0.0229
122,12,car,570.79,503.85,623.81,552.26,594.29,529.54,29.7147,26.4769,0.7163,1.7072
122,14,car,611.9,351.03,640.34,416.01,625.86,384.26,31.2932,19.2128,0.5265,0.4348
122,16,car,398.99,800.44,430.91,857.46,414.82,828.95,20.741,41.4473,0.4415,0.0985
122,17,car,1122.67,684.75,1152.39,741.89,1137.38,713.42,56.8689,35.6709,0.5216,0.0477
122,19,car,759.26,247.27,784.05,286.66,771.84,266.98,38.5918,13.349,0.5378,0.0643
122,20,motorcycle,1083.44,698.22,1098.15,727.6,1091.4,716.33,54.57,35.8164,0.3717,1.9002
122,21,car,590.59,413.34,624.76,468.28,607.54,441.95,30.377,22.0974,0.5112,0.8381
122,25,car,644.19,475.85,674.59,510.68,661.37,494.5,33.0687,24.7248,0.5052,1.1696
122,26,person,600.9,595.66,610.98,617.67,605.97,606.0,30.2985,30.2999,0.7188,0.4922
122,27,car,1160.09,971.39,1181.74,991.11,1170.65,981.31,58.5325,49.0653,0.4278,0.1068
122,31,person,708.75,677.67,721.89,703.02,715.29,690.23,35.7643,34.5117,0.5685,0.0423
122,33,car,1122.76,684.9,1152.42,740.96,1137.46,713.15,56.8731,35.6574,0.5151,0.1023
122,36,car,638.99,266.25,657.68,304.57,649.06,291.47,32.4532,14.5734,0.5076,2.6117
122,38,car,1148.48,628.4,1173.78,673.38,1161.01,650.92,58.0503,32.5458,0.5642,0.066
122,42,person,1342.18,427.31,1361.66,459.29,1351.94,443.21,67.5972,22.1604,0.2698,0.1031
122,43,car,583.43,141.2,604.13,163.16,593.59,152.08,29.6794,7.6041,0.3323,0.0949
122,46,car,934.07,463.83,972.9,498.64,953.36,481.0,47.6679,24.05,0.357,0.2535
122,41,car,801.47,380.26,834.03,416.09,814.91,395.76,40.7456,19.7879,0.338,1.9464
122,53,car,1146.85,1053.49,1169.33,1080.24,1157.71,1066.87,57.8857,53.3437,0.2564,0.0386
122,55,car,1058.91,715.05,1084.88,748.35,1070.46,729.22,53.5229,36.461,0.2914,1.3759
122,59,person,1263.85,603.47,1278.62,634.1,1271.09,619.07,63.5546,30.9536,0.4872,0.1636
122,61,person,360.32,664.75,368.22,681.49,364.2,673.05,18.21,33.6527,0.3789,0.0447
122,18,car,627.67,627.73,664.91,668.67,646.23,648.21,32.3113,32.4103,0.6405,0.042
122,34,car,611.58,302.29,635.26,369.94,623.3,335.99,31.1652,16.7996,0.395,0.0889
122,65,car,724.55,337.9,755.82,403.41,739.35,367.99,36.9676,18.3996,0.367,1.4089
122,66,car,399.01,800.3,430.9,857.46,414.85,828.88,20.7427,41.4441,0.6709,0.0847
122,67,car,592.91,186.42,620.14,226.09,606.68,205.86,30.3339,10.2928,0.4474,0.1535
122,76,bus,724.41,337.97,755.82,403.22,739.24,367.98,36.9622,18.3991,0.4183,1.4099
122,77,car,598.98,254.47,621.47,299.02,610.28,283.87,30.5142,14.1936,0.3379,2.1804
122,78,person,1066.13,441.81,1074.83,461.88,1070.3,451.79,53.5152,22.5896,0.354,0.0599
122,11,car,392.49,539.43,453.91,574.51,420.87,557.07,21.0437,27.8534,0.5555,1.064
122,84,person,1034.28,534.43,1046.42,558.78,1039.31,545.49,51.9655,27.2743,0.4695,0.7463
122,85,car,1110.62,625.04,1144.01,660.34,1127.06,642.8,56.3531,32.1401,0.4377,0.1163
122,86,car,1479.19,821.74,1503.65,868.46,1491.21,845.08,74.5605,42.2538,0.3302,0.0771
122,44,car,521.28,610.97,549.91,628.24,537.56,619.36,26.8781,30.9682,0.3022,1.1864
122,87,car,1082.81,657.87,1109.88,703.08,1096.12,680.67,54.8062,34.0335,0.4664,0.1094
122,89,motorcycle,1004.28,574.31,1022.74,598.65,998.36,605.63,49.918,30.2815,0.3799,15.2099
122,90,person,1286.86,583.37,1302.88,603.57,1295.87,593.66,64.7934,29.6829,0.3015,0.4157
122,91,car,1416.08,816.32,1443.05,870.13,1429.47,843.2,71.4733,42.16,0.3016,0.032
122,92,car,901.65,467.81,923.53,490.53,908.43,477.77,45.4214,23.8884,0.2924,2.1867
122,93,person,1362.08,434.04,1374.19,459.87,1368.04,447.03,68.4022,22.3517,0.3214,0.0252
122,94,person,754.01,461.33,763.71,485.41,758.95,472.48,37.9477,23.6242,0.3837,0.4681
122,22,person,1084.35,456.19,1092.95,478.75,1088.56,467.55,54.428,23.3777,0.2973,0.06
122,96,person,1105.7,459.93,1117.47,483.09,1109.96,471.78,55.4982,23.5892,0.4658,0.7597
122,98,car,1111.19,624.96,1144.02,660.13,1127.27,642.56,56.3633,32.1281,0.3461,0.1285
122,99,car,1082.84,593.44,1121.93,629.44,1101.11,611.66,55.0554,30.5828,0.2836,0.5584
122,101,person,843.13,695.46,853.99,719.05,848.48,706.93,42.4242,35.3466,0.3567,0.2857
122,103,car,268.12,549.24,325.56,581.63,294.39,565.48,14.7193,28.2741,0.4472,1.0517
122,104,person,969.93,623.53,982.25,650.15,974.96,639.51,48.7482,31.9757,0.3888,1.3522
122,105,car,713.1,225.59,731.61,261.36,721.31,239.66,36.0654,11.9828,0.2527,2.0122
122,106,car,1163.88,580.06,1208.48,619.3,1186.02,598.99,59.3008,29.9495,0.5096,0.6855
122,107,car,1025.04,653.82,1061.0,706.3,1041.23,677.26,52.0617,33.8632,0.4754,1.5945
122,108,person,1144.79,759.22,1153.76,782.21,1148.76,769.64,57.4382,38.4822,0.3177,0.4702
122,109,car,996.59,937.13,1024.14,984.32,1010.6,959.37,50.5298,47.9687,0.5028,1.0264
122,111,person,742.29,687.27,750.02,707.12,746.16,697.2,37.3078,34.8598,0.4881,0.0
122,112,motorcycle,1207.25,560.65,1232.39,577.91,1219.82,569.28,60.9909,28.4641,0.3559,0.0
122,28,car,654.89,383.26,697.77,447.79,671.91,422.88,33.5955,21.1442,0.7583,3.3023
122,81,car,1078.8,177.94,1381.76,518.23,1217.96,349.73,60.8979,17.4866,0.504,2.8439
123,5,person,735.25,644.67,745.02,670.99,739.92,656.9,36.9958,32.845,0.5732,0.3653
123,7,car,941.54,972.62,991.23,1009.67,966.15,991.21,48.3074,49.5604,0.6247,0.1011
123,8,car,657.0,382.22,690.28,436.38,671.81,417.12,33.5904,20.8562,0.3088,2.9877
123,9,car,638.87,694.07,678.78,746.26,658.75,720.27,32.9376,36.0133,0.7067,0.0358
123,10,car,753.42,665.63,788.2,700.79,770.74,683.26,38.5372,34.1632,0.7194,0.0117
123,12,car,571.24,503.22,624.87,550.9,595.29,528.98,29.7645,26.4491,0.7039,1.7087
123,14,car,612.0,351.03,640.59,416.27,625.95,384.08,31.2976,19.2041,0.6127,0.2921
123,16,car,399.78,800.37,431.01,857.24,414.94,828.93,20.7468,41.4465,0.381,0.1773
123,17,car,1122.81,684.76,1152.53,741.86,1137.43,713.4,56.8714,35.6699,0.5554,0.0787
123,19,car,759.24,247.28,784.36,286.82,771.82,266.98,38.5908,13.3491,0.5754,0.0286
123,20,motorcycle,1083.54,697.15,1098.31,727.09,1091.26,715.3,54.5628,35.7651,0.3814,1.5539
123,21,car,590.66,413.42,624.94,470.6,607.57,442.29,30.3784,22.1143,0.5726,0.5101
123,25,car,643.45,475.28,674.03,514.63,660.72,494.37,33.036,24.7186,0.5018,0.9966
123,26,person,601.87,596.03,612.07,617.33,606.17,606.28,30.3084,30.3138,0.7226,0.5139
123,27,car,1160.03,971.45,1181.81,991.29,1170.72,981.32,58.5359,49.0658,0.4112,0.1028
123,31,person,708.99,677.6,722.05,703.2,715.29,690.27,35.7647,34.5133,0.4887,0.0498
123,33,car,1122.87,684.96,1152.58,740.85,1137.51,713.08,56.8755,35.6542,0.5222,0.1196
123,36,car,639.0,265.5,657.61,302.71,648.88,289.64,32.4439,14.4821,0.4764,2.7535
123,38,car,1148.58,628.46,1173.84,673.37,1161.05,650.9,58.0526,32.5452,0.533,0.0714
123,42,person,1342.19,427.67,1361.35,459.29,1351.92,443.25,67.5961,22.1623,0.2655,0.065
123,43,car,583.6,141.28,604.32,163.16,593.66,152.12,29.6828,7.6062,0.3226,0.1213
123,46,car,934.1,463.85,972.96,498.7,953.38,481.11,47.6688,24.0555,0.3647,0.1667
123,41,car,801.73,381.23,835.03,416.59,815.81,396.66,40.7906,19.8328,0.337,1.9074
123,53,car,1146.94,1053.48,1169.54,1080.22,1157.79,1066.87,57.8893,53.3436,0.2824,0.1086
123,55,car,1059.22,716.11,1085.35,750.0,1070.94,730.11,53.5469,36.5056,0.5083,1.5192
123,59,person,1263.94,603.49,1278.32,634.08,1271.11,618.99,63.5557,30.9494,0.4933,0.1317
123,61,person,360.49,664.75,368.28,681.41,364.24,673.05,18.2119,33.6527,0.3507,0.0577
123,18,car,627.75,627.83,664.95,668.63,646.25,648.2,32.3124,32.4099,0.6673,0.0365
123,34,car,611.68,302.24,635.4,369.41,623.36,335.99,31.168,16.7996,0.4849,0.0852
123,65,car,724.8,339.2,756.1,404.27,739.63,368.92,36.9813,18.4458,0.4472,1.4461
123,66,car,399.14,799.37,430.96,857.39,414.91,828.81,20.7457,41.4405,0.6704,0.1403
123,67,car,592.99,186.88,620.22,235.07,606.65,206.63,30.3326,10.3314,0.4474,1.1571
123,76,bus,724.73,339.26,756.1,404.06,739.53,368.91,36.9763,18.4453,0.3863,1.4496
123,77,car,599.11,254.37,621.41,296.23,610.28,282.18,30.5142,14.1089,0.3607,2.5422
123,78,person,1066.26,441.71,1074.99,461.94,1070.36,451.8,53.5181,22.59,0.3414,0.0862
123,11,car,393.7,539.55,454.62,574.0,421.65,557.02,21.0824,27.8512,0.671,1.1632
123,84,person,1034.63,534.65,1046.75,559.15,1039.69,545.84,51.9845,27.2918,0.4842,0.7746
123,85,car,1110.55,624.97,1144.18,660.32,1127.13,642.78,56.3567,32.1389,0.4827,0.1147
123,86,car,1479.35,821.82,1503.75,868.42,1491.28,845.09,74.5638,42.2545,0.2914,0.1004
123,44,car,521.42,610.89,548.8,628.23,536.85,619.41,26.8423,30.9705,0.343,1.0768
123,87,car,1082.93,657.85,1110.02,702.93,1096.2,680.62,54.81,34.031,0.5255,0.1355
123,89,motorcycle,1005.16,574.93,1022.97,599.73,1004.1,597.34,50.2048,29.8671,0.3955,15.1174
123,90,person,1286.33,583.53,1302.49,603.81,1295.56,593.57,64.7781,29.6787,0.3212,0.4768
123,91,car,1416.29,816.3,1443.07,870.11,1429.51,843.21,71.4753,42.1603,0.3282,0.0606
123,92,car,902.95,468.19,925.05,490.44,909.81,478.22,45.4904,23.9108,0.2551,2.1771
123,93,person,1362.22,434.06,1374.3,459.83,1368.09,447.02,68.4043,22.3508,0.3583,0.0689
123,94,person,753.95,461.61,763.48,485.86,758.88,472.77,37.9438,23.6387,0.3942,0.4506
123,22,person,1084.5,456.21,1093.1,478.73,1088.61,467.53,54.4303,23.3765,0.2645,0.078
123,96,person,1106.07,459.7,1118.12,482.99,1110.48,471.69,55.5241,23.5846,0.4522,0.7902
123,98,car,1111.24,624.92,1144.2,660.14,1127.36,642.55,56.368,32.1276,0.3786,0.1424
123,99,car,1084.08,593.42,1122.54,629.48,1101.57,611.63,55.0784,30.5816,0.4553,0.692
123,103,car,268.69,549.32,326.2,581.6,295.19,565.46,14.7595,28.2731,0.4576,1.2072
123,104,person,970.3,622.21,982.82,648.67,975.35,638.57,48.7676,31.9283,0.3753,1.5373
123,105,car,713.44,226.57,731.94,262.25,721.64,240.88,36.0821,12.0439,0.3542,1.9014
123,106,car,1163.84,579.82,1208.46,619.19,1186.03,599.26,59.3017,29.963,0.5193,0.408
123,107,car,1025.71,654.55,1061.7,707.2,1041.84,678.15,52.0921,33.9074,0.472,1.6095
123,108,person,1145.05,759.99,1154.04,782.31,1148.92,769.98,57.446,38.499,0.3492,0.5556
123,109,car,995.94,936.06,1024.55,986.57,1010.51,959.86,50.5254,47.993,0.4677,0.7394
123,111,person,742.24,686.54,749.78,706.58,746.08,696.88,37.3041,34.8439,0.4373,0.4894
123,112,motorcycle,1205.9,560.59,1230.87,578.02,1219.1,569.29,60.9551,28.4647,0.2553,1.0745
123,28,car,655.23,381.65,698.58,446.01,672.97,420.94,33.6484,21.0472,0.7788,3.3141
123,81,car,1120.82,175.89,1385.48,478.82,1223.32,346.4,61.1662,17.3201,0.2999,9.473
124,5,person,735.11,644.49,745.27,671.41,740.0,657.15,37.0002,32.8576,0.5596,0.3997
124,7,car,941.6,972.61,991.3,1009.65,966.22,991.19,48.3109,49.5596,0.6721,0.1073
124,8,car,657.59,380.49,691.04,434.76,672.26,415.03,33.6131,20.7517,0.7884,3.2078
124,9,car,638.88,693.98,678.87,746.24,658.77,720.24,32.9386,36.0119,0.6971,0.0518
124,10,car,753.45,665.64,788.33,700.71,770.75,683.26,38.5376,34.1629,0.6985,0.0153
124,12,car,572.31,502.67,625.69,550.03,596.28,528.4,29.814,26.42,0.65,1.7221
124,14,car,612.08,351.15,640.72,417.67,626.05,383.95,31.3024,19.1973,0.6256,0.2485
124,16,car,400.3,800.35,431.07,856.95,415.07,828.89,20.7537,41.4447,0.3954,0.2147
124,17,car,1122.93,684.74,1152.68,741.73,1137.5,713.38,56.8749,35.6688,0.5437,0.111
124,19,car,759.53,247.4,784.47,286.9,771.83,267.01,38.5916,13.3506,0.6094,0.0491
124,20,motorcycle,1083.4,696.7,1098.16,726.71,1091.1,714.38,54.5548,35.7189,0.4361,1.4073
124,21,car,590.73,413.33,625.07,471.74,607.62,442.44,30.3811,22.1222,0.5616,0.2502
124,25,car,642.71,474.45,673.4,513.34,660.06,494.16,33.0031,24.7082,0.2525,1.0357
124,26,person,602.44,596.36,612.94,617.31,606.41,606.48,30.3205,30.3242,0.611,0.4765
124,27,car,1160.06,971.47,1181.77,990.96,1170.78,981.3,58.539,49.0651,0.346,0.0933
124,31,person,709.08,677.68,722.17,703.32,715.34,690.31,35.7669,34.5156,0.4324,0.0952
124,33,car,1122.97,684.96,1152.72,740.67,1137.58,713.02,56.8788,35.651,0.5429,0.1383
124,36,car,639.07,264.96,657.35,301.34,648.7,287.77,32.4351,14.3883,0.5412,2.8278
124,38,car,1148.61,628.52,1173.88,673.35,1161.1,650.9,58.0549,32.5452,0.4947,0.0697
124,42,person,1342.32,427.91,1361.05,459.25,1351.94,443.28,67.597,22.1642,0.2683,0.0619
124,43,car,583.69,141.32,604.45,163.13,593.74,152.16,29.687,7.6079,0.307,0.1336
124,46,car,934.12,463.85,973.02,498.71,953.41,481.18,47.6704,24.059,0.3608,0.116
124,41,car,802.82,382.16,835.7,417.31,816.69,397.57,40.8346,19.8783,0.2962,1.9002
124,53,car,1147.0,1053.48,1169.73,1080.2,1157.9,1066.86,57.895,53.3431,0.265,0.1699
124,55,car,1059.65,717.23,1085.76,750.87,1071.41,731.06,53.5707,36.5528,0.5094,1.5832
124,59,person,1263.98,603.58,1278.02,634.07,1271.12,618.92,63.556,30.9462,0.4638,0.0953
124,61,person,360.57,664.72,368.33,681.4,364.29,673.05,18.2145,33.6527,0.312,0.0774
124,18,car,627.76,627.82,664.99,668.62,646.28,648.2,32.3139,32.4099,0.6384,0.0445
124,34,car,611.78,302.15,635.51,369.35,623.42,335.97,31.1711,16.7985,0.5758,0.0986
124,65,car,724.97,340.41,756.25,404.93,739.88,369.85,36.994,18.4926,0.4335,1.4544
124,66,car,399.1,799.45,430.98,857.36,414.95,828.74,20.7476,41.4372,0.6616,0.1135
124,67,car,593.12,187.07,620.29,240.64,606.63,207.81,30.3314,10.3905,0.4766,1.7725
124,76,bus,725.08,340.46,756.26,404.67,739.8,369.83,36.9899,18.4913,0.4236,1.44
124,77,car,599.3,254.44,621.36,294.51,610.29,280.34,30.5144,14.0172,0.3848,2.7498
124,78,person,1066.32,441.61,1075.15,462.0,1070.44,451.8,53.5221,22.5898,0.3549,0.1208
124,11,car,394.16,539.84,455.12,574.17,422.42,557.02,21.1208,27.8512,0.6062,1.1536
124,84,person,1034.85,534.88,1046.87,559.55,1040.08,546.17,52.004,27.3084,0.4868,0.7702
124,85,car,1110.39,624.86,1144.26,660.42,1127.2,642.75,56.3598,32.1376,0.4085,0.0994
124,86,car,1479.41,821.86,1503.82,868.46,1491.34,845.1,74.5672,42.2551,0.3357,0.1045
124,44,car,521.02,610.84,547.67,628.15,536.19,619.45,26.8094,30.9725,0.3169,0.9899
124,87,car,1083.04,657.82,1110.14,703.07,1096.29,680.58,54.8145,34.029,0.5151,0.1482
124,89,motorcycle,1005.56,576.23,1023.18,601.38,1009.83,589.19,50.4915,29.4597,0.4926,14.9471
124,90,person,1285.98,583.43,1302.08,604.02,1295.22,593.55,64.7611,29.6775,0.3926,0.5111
124,91,car,1416.39,816.28,1443.08,870.11,1429.55,843.21,71.4777,42.1604,0.3086,0.0698
124,92,car,904.36,468.63,926.51,490.24,911.2,478.59,45.56,23.9294,0.2633,2.1603
124,93,person,1362.36,434.02,1374.4,459.78,1368.15,446.99,68.4073,22.3497,0.3895,0.0954
124,94,person,753.7,461.91,763.44,486.02,758.8,473.07,37.9398,23.6535,0.3942,0.4584
124,22,person,1084.6,456.15,1093.3,478.74,1088.67,467.51,54.4333,23.3756,0.2964,0.0926
124,96,person,1106.27,459.54,1118.46,483.01,1110.97,471.59,55.5484,23.5795,0.5171,0.7437
124,98,car,1110.81,624.83,1144.28,660.34,1127.43,642.55,56.3714,32.1275,0.4596,0.1007
124,99,car,1085.44,593.42,1123.06,629.53,1102.12,611.6,55.1059,30.5801,0.45,0.8257
124,103,car,270.04,549.49,326.94,581.57,296.06,565.47,14.8029,28.2733,0.3149,1.3001
124,104,person,970.7,621.41,983.6,647.74,975.77,637.65,48.7883,31.8825,0.3665,1.5072
124,105,car,714.19,227.46,732.22,261.4,722.0,241.93,36.1,12.0964,0.2897,1.6631
124,106,car,1163.78,579.38,1208.45,619.4,1186.05,599.39,59.3026,29.9697,0.5167,0.2019
124,107,car,1026.35,655.28,1062.27,707.91,1042.44,679.03,52.122,33.9515,0.4575,1.5965
124,108,person,1145.26,760.66,1154.41,782.36,1149.09,770.36,57.4546,38.5182,0.3358,0.631
124,109,car,995.22,934.86,1024.46,986.89,1010.37,960.06,50.5187,48.0032,0.5116,0.3652
124,111,person,741.96,685.7,749.76,705.97,746.01,696.53,37.3004,34.8265,0.3779,0.5327
124,112,motorcycle,1203.42,560.81,1229.08,580.91,1218.15,569.82,60.9075,28.4908,0.3173,1.6267
124,28,car,656.45,380.09,696.33,439.64,673.95,418.54,33.6976,20.9271,0.301,3.8915
124,81,car,1143.33,175.27,1387.1,457.67,1230.61,341.6,61.5303,17.0798,0.2893,13.0866
124,113,person,1350.41,816.43,1361.35,845.13,1355.88,830.78,67.7939,41.5392,0.4248,0.0
125,5,person,735.02,644.26,745.44,671.91,740.08,657.42,37.004,32.8709,0.5701,0.4164
125,7,car,941.63,972.61,991.32,1009.64,966.28,991.18,48.3142,49.5588,0.6535,0.1028
125,8,car,657.98,378.96,691.05,432.43,672.73,412.81,33.6363,20.6407,0.7683,3.4035
125,9,car,638.86,693.95,678.88,746.22,658.79,720.2,32.9396,36.0101,0.7101,0.063
125,10,car,753.52,665.64,788.43,700.65,770.78,683.23,38.5389,34.1616,0.6241,0.0529
125,12,car,573.01,502.13,626.4,550.1,597.19,527.85,29.8593,26.3926,0.6992,1.5891
125,14,car,612.13,351.13,640.86,418.66,626.15,384.0,31.3077,19.2001,0.5868,0.1788
125,16,car,400.62,800.33,431.11,856.9,415.22,828.86,20.7612,41.4428,0.4571,0.2299
125,17,car,1123.01,684.74,1152.8,741.81,1137.58,713.36,56.879,35.668,0.545,0.1242
125,19,car,759.59,247.41,784.59,286.75,771.86,267.03,38.5929,13.3517,0.5582,0.0513
125,20,motorcycle,1083.3,695.7,1097.91,725.97,1090.96,713.4,54.5479,35.67,0.4582,1.4823
125,21,car,590.75,413.42,625.18,472.9,607.7,442.54,30.3848,22.1271,0.5416,0.1831
125,25,car,641.55,473.32,673.06,513.99,659.39,494.0,32.9695,24.6999,0.2536,1.0394
125,26,person,602.85,596.6,613.71,617.76,606.74,606.66,30.337,30.333,0.6538,0.5633
125,27,car,1160.1,971.48,1181.75,990.85,1170.84,981.27,58.5418,49.0637,0.3318,0.0933
125,31,person,709.06,677.63,722.27,703.45,715.4,690.36,35.7698,34.5182,0.4701,0.1169
125,33,car,1123.04,685.0,1152.84,740.85,1137.65,712.98,56.8827,35.6489,0.5718,0.1309
125,36,car,639.08,264.6,658.21,306.82,648.65,286.84,32.4323,14.3421,0.5222,1.3873
125,38,car,1148.64,628.54,1173.92,673.39,1161.14,650.91,58.0572,32.5456,0.5266,0.0698
125,42,person,1342.37,428.02,1360.87,459.28,1351.96,443.33,67.598,22.1664,0.2909,0.0728
125,43,car,583.76,141.35,604.53,163.13,593.83,152.19,29.6915,7.6093,0.2977,0.1423
125,46,car,934.15,463.88,973.05,498.71,953.45,481.22,47.6727,24.061,0.3364,0.0918
125,41,car,802.82,383.18,836.6,418.09,817.51,398.44,40.8756,19.922,0.3718,1.7956
125,53,car,1147.04,1053.49,1169.92,1080.19,1158.03,1066.85,57.9017,53.3426,0.2789,0.2024
125,55,car,1060.38,718.21,1086.08,751.77,1071.86,732.04,53.5931,36.6019,0.3011,1.6211
125,59,person,1264.07,603.69,1278.1,634.12,1271.15,618.88,63.5573,30.9442,0.4618,0.0706
125,61,person,360.6,664.68,368.37,681.29,364.33,673.05,18.2167,33.6527,0.3417,0.0661
125,18,car,627.89,627.86,665.01,668.67,646.31,648.21,32.3157,32.4105,0.6492,0.0585
125,34,car,611.85,302.19,635.65,369.61,623.49,335.97,31.1745,16.7985,0.5152,0.0997
125,65,car,724.94,341.07,756.48,405.73,740.12,370.76,37.0061,18.5379,0.3584,1.4086
125,66,car,399.05,799.66,430.98,857.39,414.97,828.7,20.7486,41.4352,0.6621,0.0676
125,67,car,593.19,186.71,620.14,234.83,606.6,208.54,30.3299,10.427,0.4035,1.0959
125,76,bus,725.44,341.11,756.5,405.46,740.08,370.7,37.0042,18.5352,0.4733,1.3844
125,77,car,599.41,254.51,621.35,293.46,610.3,278.43,30.5148,13.9214,0.4171,2.8726
125,78,person,1066.36,441.59,1075.3,462.01,1070.53,451.8,53.5264,22.5899,0.308,0.129
125,11,car,394.83,539.93,455.66,574.02,423.14,557.04,21.1568,27.8521,0.5885,1.0798
125,84,person,1034.87,535.13,1046.98,559.67,1040.39,546.49,52.0196,27.3247,0.4805,0.6756
125,85,car,1110.27,624.81,1144.3,660.54,1127.25,642.72,56.3626,32.1362,0.4768,0.0952
125,86,car,1479.48,821.85,1503.89,868.51,1491.42,845.12,74.5712,42.2559,0.421,0.1226
125,44,car,521.2,610.93,546.53,628.24,535.59,619.5,26.7793,30.9752,0.3562,0.9066
125,87,car,1083.07,657.83,1110.18,702.82,1096.38,680.53,54.8188,34.0263,0.5285,0.1511
125,89,motorcycle,1006.27,578.92,1023.99,602.63,1012.29,587.43,50.6144,29.3714,0.4314,4.5394
125,90,person,1285.63,583.42,1301.73,604.23,1294.86,593.57,64.7431,29.6784,0.3832,0.539
125,91,car,1416.44,816.31,1443.12,870.11,1429.61,843.21,71.4804,42.1606,0.3202,0.0824
125,92,car,905.82,469.07,927.79,489.23,912.6,478.84,45.6299,23.942,0.3073,2.1324
125,93,person,1362.42,434.02,1374.48,459.74,1368.21,446.97,68.4107,22.3486,0.3712,0.1081
125,94,person,753.31,462.61,763.27,486.13,758.71,473.38,37.9357,23.6688,0.375,0.4776
125,96,person,1106.41,459.46,1118.81,483.05,1111.43,471.5,55.5714,23.5749,0.4659,0.7041
125,98,car,1110.79,624.78,1144.31,660.33,1127.5,642.55,56.3749,32.1275,0.4319,0.1072
125,99,car,1086.69,593.42,1123.14,629.49,1102.72,611.56,55.136,30.5779,0.4485,0.9074
125,103,car,280.02,549.26,328.24,580.12,297.51,565.38,14.8755,28.2692,0.2986,2.1821
125,104,person,971.16,620.77,984.15,647.26,976.18,636.76,48.8092,31.8382,0.3724,1.4674
125,105,car,714.7,227.9,732.55,262.4,722.39,242.92,36.1194,12.1459,0.2815,1.5948
125,106,car,1163.68,578.73,1208.72,619.74,1186.1,599.46,59.3048,29.973,0.5324,0.1177
125,107,car,1026.91,656.32,1062.79,708.87,1043.05,679.94,52.1525,33.9972,0.4075,1.6484
125,108,person,1145.29,761.26,1154.62,782.79,1149.29,770.77,57.4646,38.5384,0.3092,0.6786
125,109,car,994.65,933.56,1023.59,986.22,1010.17,960.03,50.5083,48.0017,0.3754,0.3172
125,111,person,741.55,685.29,749.57,705.71,745.9,696.27,37.2948,34.8137,0.3214,0.4206
125,112,motorcycle,1201.5,560.82,1227.75,582.14,1217.27,570.23,60.8635,28.5115,0.3537,1.4611
125,28,car,657.23,378.54,694.54,435.15,674.84,415.87,33.7419,20.7934,0.2747,4.227
125,81,car,1118.71,175.78,1382.06,476.12,1235.89,338.09,61.7944,16.9046,0.2892,9.5086
125,113,person,1349.94,816.48,1361.05,845.36,1355.69,830.85,67.7844,41.5426,0.4299,0.3036
125,110,car,1356.42,481.2,1403.29,515.93,1377.16,498.54,68.8579,24.927,0.5083,4.0497
126,5,person,734.8,644.05,745.5,672.26,740.12,657.67,37.006,32.8833,0.5958,0.376
126,7,car,941.66,972.64,991.38,1009.6,966.35,991.16,48.3175,49.5581,0.6648,0.1012
126,8,car,657.98,377.58,691.21,430.05,673.21,410.45,33.6605,20.5225,0.7631,3.6181
126,9,car,638.88,693.96,679.01,746.2,658.82,720.17,32.9412,36.0086,0.6976,0.0647
126,10,car,753.59,665.64,788.48,700.64,770.82,683.2,38.5411,34.16,0.6561,0.0822
126,12,car,573.36,501.64,627.11,549.99,598.04,527.33,29.9018,26.3664,0.7028,1.499
126,14,car,612.18,351.18,640.94,419.27,626.26,384.16,31.3129,19.2078,0.598,0.2795
126,16,car,400.8,800.16,431.18,856.81,415.39,828.79,20.7693,41.4394,0.47,0.2633
126,17,car,1123.05,684.68,1152.87,741.87,1137.67,713.33,56.8835,35.6665,0.5489,0.1447
126,19,car,759.42,247.08,784.82,286.75,771.89,267.02,38.5944,13.351,0.5903,0.0487
126,20,motorcycle,1083.18,696.26,1097.56,725.41,1090.81,712.53,54.5404,35.6266,0.4477,1.3191
126,21,car,590.88,413.15,625.18,467.13,607.78,442.11,30.3888,22.1053,0.4973,0.6652
126,25,car,640.6,472.42,672.45,512.93,658.69,493.74,32.9347,24.6872,0.3711,1.1102
126,26,person,603.3,596.94,614.26,618.06,607.12,606.85,30.356,30.3423,0.6171,0.6337
126,27,car,1160.14,971.47,1181.74,990.45,1170.88,981.22,58.5438,49.061,0.2711,0.1029
126,31,person,708.92,677.56,722.47,703.57,715.47,690.42,35.7733,34.5211,0.4701,0.1362
126,33,car,1123.07,684.98,1152.91,741.02,1137.73,712.95,56.8865,35.6477,0.5761,0.12
126,36,car,639.08,263.83,657.88,303.66,648.51,285.55,32.4257,14.2774,0.5664,1.9519
126,38,car,1148.69,628.53,1173.92,673.38,1161.19,650.92,58.0593,32.5461,0.5676,0.0645
126,42,person,1342.42,428.2,1360.63,459.32,1351.88,443.42,67.5938,22.1712,0.2564,0.1925
126,43,car,583.83,141.34,604.56,163.13,593.92,152.2,29.6961,7.6102,0.3057,0.1412
126,46,car,934.12,463.89,973.09,498.67,953.51,481.25,47.6753,24.0623,0.3649,0.0885
126,41,car,803.78,383.98,838.32,419.07,818.39,399.18,40.9194,19.9588,0.3414,1.717
126,53,car,1147.08,1053.44,1170.53,1080.17,1158.2,1066.84,57.9102,53.3421,0.2808,0.2552
126,55,car,1060.9,719.63,1086.33,752.64,1072.31,733.01,53.6157,36.6506,0.3999,1.6116
126,59,person,1264.15,603.84,1278.05,634.16,1271.15,618.87,63.5577,30.9437,0.4896,0.0185
126,61,person,360.62,664.54,368.4,681.19,364.37,673.04,18.2186,33.6518,0.3513,0.0627
126,18,car,628.05,627.91,665.08,668.75,646.36,648.23,32.3181,32.4116,0.6549,0.0785
126,34,car,611.87,302.22,635.6,369.21,623.55,335.93,31.1774,16.7966,0.4714,0.1061
126,65,car,725.09,341.88,756.7,406.54,740.35,371.64,37.0174,18.582,0.4532,1.3634
126,66,car,398.94,799.78,431.0,857.39,414.98,828.66,20.7491,41.433,0.6633,0.0663
126,67,car,593.25,186.54,619.97,230.68,606.59,208.92,30.3294,10.4462,0.438,0.577
126,76,bus,725.42,341.92,756.71,406.35,740.36,371.57,37.0178,18.5785,0.4421,1.3606
126,77,car,599.49,254.61,621.35,292.75,610.31,276.47,30.5155,13.8237,0.4236,2.933
126,78,person,1066.39,441.4,1075.39,461.98,1070.62,451.79,53.5308,22.5893,0.3018,0.1319
126,11,car,396.01,539.98,456.23,573.91,423.86,557.02,21.1928,27.8512,0.5373,1.0815
126,84,person,1034.77,535.47,1046.98,559.48,1040.59,546.79,52.0295,27.3397,0.4229,0.5388
126,85,car,1110.15,624.75,1144.33,660.61,1127.27,642.71,56.3637,32.1353,0.4794,0.0413
126,86,car,1479.41,821.79,1504.0,868.67,1491.5,845.14,74.575,42.257,0.4745,0.1182
126,44,car,521.41,610.91,545.44,628.32,535.02,619.54,26.7511,30.977,0.2768,0.8481
126,87,car,1083.11,657.79,1110.22,702.53,1096.46,680.45,54.8229,34.0224,0.5375,0.1708
126,89,motorcycle,1006.77,580.38,1024.6,604.18,1013.54,587.87,50.6769,29.3933,0.4908,1.9878
126,90,person,1285.24,583.12,1301.38,604.51,1294.48,593.61,64.724,29.6804,0.4135,0.5755
126,91,car,1416.53,816.35,1443.11,870.08,1429.66,843.21,71.4829,42.1607,0.4026,0.0762
126,92,car,907.21,469.62,929.05,488.97,913.98,479.06,45.6992,23.9528,0.2758,2.1022
126,93,person,1362.45,434.1,1374.57,459.68,1368.28,446.95,68.4138,22.3477,0.3555,0.0965
126,94,person,752.54,463.48,762.88,486.33,758.57,473.72,37.9284,23.6861,0.3587,0.5622
126,96,person,1106.67,459.39,1119.14,483.08,1111.86,471.42,55.5929,23.5709,0.433,0.6576
126,98,car,1110.85,624.72,1144.35,660.26,1127.55,642.55,56.3773,32.1274,0.4429,0.0725
126,99,car,1087.56,593.52,1123.08,629.51,1103.34,611.52,55.1671,30.576,0.4729,0.9321
126,103,car,276.6,549.01,328.72,580.92,298.68,565.33,14.934,28.2663,0.3015,1.7594
126,104,person,971.48,619.62,984.82,646.74,976.64,635.85,48.8318,31.7927,0.2862,1.5267
126,105,car,715.08,228.29,733.09,264.34,722.79,243.87,36.1394,12.1934,0.324,1.5463
126,106,car,1163.67,578.27,1209.02,619.76,1186.16,599.42,59.3081,29.971,0.5353,0.1177
126,107,car,1027.39,657.34,1063.36,709.88,1043.64,680.86,52.1822,34.043,0.4342,1.639
126,108,person,1145.31,761.9,1155.07,783.16,1149.5,771.18,57.4752,38.5591,0.33,0.6958
126,109,car,994.17,932.43,1022.61,985.42,1009.91,959.88,50.4956,47.9938,0.4544,0.4482
126,111,person,741.24,685.11,749.47,705.25,745.79,696.05,37.2894,34.8027,0.2999,0.3664
126,112,motorcycle,1199.91,560.73,1225.68,581.85,1216.37,570.44,60.8187,28.5221,0.3753,1.3806
126,28,car,657.52,377.26,693.39,430.82,675.63,412.95,33.7813,20.6474,0.2868,4.5351
126,113,person,1350.0,816.55,1361.04,845.66,1355.63,830.94,67.7817,41.5468,0.4438,0.1523
126,110,car,1357.8,480.41,1404.84,515.79,1378.54,498.39,68.9272,24.9197,0.5017,2.0922
127,5,person,734.72,644.09,745.56,672.83,740.14,657.89,37.0071,32.8943,0.5784,0.3332
127,7,car,941.69,972.6,991.47,1009.56,966.42,991.14,48.3208,49.5571,0.6649,0.1042
127,8,car,658.4,376.34,691.6,428.22,673.74,408.05,33.6872,20.4024,0.7332,3.6909
127,9,car,638.96,693.99,679.16,746.11,658.87,720.14,32.9435,36.007,0.6772,0.084
127,10,car,753.64,665.61,788.52,700.67,770.88,683.18,38.544,34.1589,0.7076,0.0928
127,12,car,574.29,501.06,628.15,549.56,598.86,526.78,29.9432,26.3392,0.7509,1.4844
127,14,car,612.27,351.23,640.97,419.67,626.36,384.39,31.3179,19.2197,0.6,0.3858
127,16,car,400.94,800.2,431.21,856.75,415.55,828.71,20.7777,41.4356,0.3008,0.2765
127,17,car,1123.11,684.67,1152.98,741.92,1137.76,713.3,56.8881,35.6651,0.5665,0.1429
127,19,car,759.4,246.9,785.09,286.73,771.94,266.99,38.5972,13.3495,0.5732,0.0945
127,20,motorcycle,1083.18,697.54,1097.32,724.62,1090.67,711.95,54.5335,35.5974,0.4436,0.9015
127,21,car,591.09,412.94,625.23,462.75,607.87,441.37,30.3936,22.0686,0.5781,1.1105
127,25,car,639.97,471.44,672.16,510.52,658.03,493.3,32.9014,24.665,0.261,1.2014
127,26,person,603.77,597.16,614.68,618.53,607.56,607.05,30.3781,30.3525,0.6469,0.7295
127,27,car,1160.11,971.54,1181.83,990.55,1170.91,981.18,58.5456,49.0588,0.337,0.0855
127,31,person,708.95,677.47,722.72,703.64,715.56,690.46,35.7778,34.5231,0.5088,0.1492
127,33,car,1123.13,685.0,1153.03,741.15,1137.81,712.95,56.8906,35.6475,0.562,0.1229
127,36,car,639.12,263.12,657.84,301.49,648.44,284.51,32.4218,14.2256,0.5785,1.5567
127,38,car,1148.71,628.48,1173.91,673.36,1161.22,650.92,58.0612,32.5461,0.5563,0.0572
127,42,person,1342.48,428.18,1360.48,459.3,1351.72,443.53,67.5861,22.1766,0.277,0.2805
127,43,car,583.87,141.31,604.6,163.13,594.01,152.21,29.7005,7.6105,0.2671,0.1326
127,46,car,934.1,463.86,973.11,498.71,953.54,481.26,47.6772,24.063,0.3592,0.06
127,41,car,805.38,384.6,838.73,419.82,819.28,399.85,40.9641,19.9927,0.2879,1.6818
127,53,car,1147.09,1053.37,1171.09,1080.15,1158.41,1066.83,57.9205,53.3415,0.2604,0.3085
127,55,car,1061.57,720.97,1086.74,757.44,1072.77,734.29,53.6383,36.7147,0.3531,2.0386
127,59,person,1264.25,604.01,1278.09,634.19,1271.15,618.9,63.5574,30.9448,0.5047,0.0328
127,61,person,360.65,664.41,368.45,681.11,364.41,673.0,18.2207,33.6498,0.3758,0.0877
127,18,car,628.16,627.92,665.28,668.78,646.43,648.25,32.3215,32.4127,0.7196,0.1061
127,34,car,612.09,301.73,635.32,360.34,623.6,335.22,31.18,16.7611,0.5023,1.067
127,65,car,725.23,343.09,756.92,407.33,740.55,372.53,37.0276,18.6263,0.4687,1.3652
127,66,car,399.0,798.95,431.07,857.18,415.0,828.54,20.7499,41.4269,0.65,0.1843
127,67,car,593.26,186.38,620.1,228.52,606.61,209.14,30.3305,10.4571,0.4055,0.3287
127,76,bus,725.56,343.14,756.92,407.19,740.61,372.46,37.0304,18.6228,0.3802,1.3808
127,77,car,599.55,254.64,621.42,292.45,610.34,275.23,30.5169,13.7616,0.4427,1.864
127,78,person,1066.46,441.37,1075.44,461.83,1070.7,451.76,53.535,22.5882,0.2671,0.1329
127,11,car,397.02,540.01,456.72,574.32,424.63,557.02,21.2314,27.851,0.642,1.1556
127,84,person,1034.9,535.74,1046.94,559.08,1040.72,547.03,52.0359,27.3513,0.4189,0.3988
127,85,car,1110.06,624.73,1144.36,660.88,1127.28,642.7,56.3641,32.1351,0.4827,0.0138
127,86,car,1479.37,821.72,1504.16,868.73,1491.58,845.16,74.579,42.258,0.4576,0.1231
127,87,car,1083.19,657.74,1110.25,702.27,1096.53,680.35,54.8265,34.0174,0.5252,0.1864
127,89,motorcycle,1006.9,580.5,1025.06,605.5,1014.36,589.04,50.7179,29.4521,0.3859,2.1493
127,90,person,1285.05,582.48,1301.01,604.55,1294.1,593.62,64.7048,29.6812,0.4682,0.5773
127,91,car,1416.66,816.37,1443.14,870.18,1429.72,843.22,71.4858,42.1611,0.323,0.0858
127,92,car,908.56,470.1,930.42,489.18,915.37,479.26,45.7687,23.9628,0.2692,2.1069
127,93,person,1362.53,434.24,1374.61,459.67,1368.34,446.93,68.4172,22.3465,0.3614,0.1081
127,94,person,751.74,464.33,762.49,487.02,758.31,474.15,37.9156,23.7074,0.3531,0.744
127,96,person,1107.09,459.35,1119.66,483.11,1112.28,471.35,55.6141,23.5675,0.3655,0.6442
127,98,car,1110.95,624.69,1144.39,660.26,1127.59,642.54,56.3797,32.1268,0.4214,0.0728
127,99,car,1088.14,593.3,1123.51,629.54,1103.97,611.48,55.1987,30.5742,0.4403,0.9505
127,103,car,275.71,549.66,330.38,581.38,299.8,565.31,14.9899,28.2653,0.3103,1.6748
127,104,person,972.07,618.67,985.91,646.19,977.17,634.93,48.8584,31.7463,0.3248,1.6023
127,105,car,715.15,228.53,733.55,265.35,723.18,244.7,36.1592,12.2348,0.2964,1.3767
127,106,car,1163.7,577.74,1209.25,619.8,1186.23,599.32,59.3116,29.9658,0.5624,0.1863
127,107,car,1027.89,658.55,1063.99,710.88,1044.23,681.8,52.2115,34.0901,0.4484,1.6661
127,108,person,1145.28,762.5,1155.37,783.84,1149.72,771.64,57.4861,38.5819,0.3076,0.7594
127,109,car,993.63,931.41,1021.77,983.77,1009.45,959.67,50.4724,47.9834,0.3441,0.7623
127,111,person,740.88,685.16,749.36,704.73,745.68,695.87,37.2838,34.7934,0.2896,0.3241
127,112,motorcycle,1198.69,560.84,1224.0,579.66,1215.54,570.41,60.7768,28.5205,0.3846,1.2581
127,113,person,1350.15,816.59,1361.35,845.83,1355.66,831.01,67.7831,41.5503,0.4056,0.1119
127,110,car,1359.01,480.84,1406.4,515.59,1379.58,498.35,68.9792,24.9174,0.5704,1.5618
127,95,car,731.82,731.39,763.18,773.42,745.98,752.28,37.2991,37.6142,0.5558,0.4228
128,5,person,734.95,644.45,745.8,673.32,740.19,658.12,37.0095,32.9058,0.5464,0.3518
128,7,car,941.72,972.59,991.54,1009.57,966.48,991.12,48.324,49.5561,0.5965,0.1001
128,9,car,639.03,694.06,679.22,746.04,658.92,720.11,32.9462,36.0055,0.6898,0.0918
128,10,car,753.66,665.59,788.59,700.72,770.95,683.17,38.5474,34.1583,0.7157,0.1035
128,12,car,575.1,500.41,628.87,548.73,599.64,526.18,29.9822,26.3091,0.7635,1.479
128,14,car,612.28,351.28,640.98,420.62,626.45,384.73,31.3223,19.2364,0.6164,0.5204
128,16,car,401.01,800.26,431.21,856.74,415.72,828.64,20.7862,41.432,0.2787,0.2775
128,17,car,1123.14,684.65,1153.01,742.0,1137.85,713.29,56.8927,35.6645,0.5369,0.1402
128,19,car,759.42,246.59,785.34,286.81,772.04,266.96,38.6021,13.3478,0.5915,0.1575
128,20,motorcycle,1083.05,697.93,1096.93,723.77,1090.53,711.48,54.5265,35.5738,0.4247,0.7373
128,21,car,591.29,412.94,625.25,460.77,607.97,440.48,30.3986,22.024,0.5758,1.3445
128,25,car,639.82,470.66,671.39,510.69,657.38,492.87,32.8691,24.6436,0.4494,1.1617
128,26,person,604.23,597.34,614.95,618.74,608.07,607.25,30.4033,30.3625,0.6012,0.8145
128,27,car,1160.15,971.58,1181.91,990.82,1170.95,981.17,58.5473,49.0586,0.3663,0.0485
128,31,person,709.07,677.52,722.95,703.69,715.67,690.5,35.7834,34.525,0.4364,0.1759
128,33,car,1123.16,685.01,1153.05,741.38,1137.9,712.98,56.8949,35.6488,0.5671,0.1345
128,36,car,639.1,262.89,658.32,305.7,648.45,284.1,32.4226,14.2051,0.5111,0.6173
128,38,car,1148.77,628.48,1173.93,673.32,1161.26,650.93,58.063,32.5463,0.5437,0.0551
128,42,person,1342.74,428.11,1360.48,459.23,1351.66,443.6,67.5829,22.1798,0.2924,0.1367
128,43,car,583.91,141.28,604.64,163.12,594.09,152.22,29.7047,7.6108,0.2729,0.1264
128,46,car,934.2,463.84,973.16,498.73,953.58,481.28,47.6791,24.0638,0.3275,0.062
128,41,car,806.75,385.26,839.32,420.69,820.18,400.6,41.0088,20.0298,0.2762,1.7448
128,53,car,1147.11,1053.36,1171.43,1080.13,1158.62,1066.82,57.931,53.3408,0.3013,0.3166
128,55,car,1062.41,721.98,1086.99,756.9,1073.23,735.51,53.6613,36.7755,0.402,1.9506
128,59,person,1264.28,604.07,1278.15,634.18,1271.13,618.93,63.5567,30.9466,0.5191,0.0576
128,61,person,360.7,664.41,368.49,681.05,364.46,672.94,18.2232,33.6471,0.404,0.1091
128,18,car,628.24,627.87,665.35,668.79,646.51,648.27,32.3253,32.4137,0.6893,0.1183
128,34,car,611.95,302.03,635.32,363.65,623.63,334.74,31.1816,16.7371,0.4273,0.7229
128,65,car,725.47,344.12,757.09,408.02,740.74,373.42,37.0372,18.6711,0.4807,1.3741
128,66,car,399.04,798.31,431.09,856.98,415.02,828.36,20.7509,41.4178,0.6338,0.2762
128,67,car,593.28,186.25,619.97,226.63,606.63,209.19,30.3315,10.4596,0.461,0.0817
128,76,bus,725.92,344.17,757.1,407.92,740.86,373.35,37.0428,18.6675,0.3742,1.3941
128,77,car,599.64,254.67,621.48,292.28,610.38,274.46,30.519,13.7229,0.4325,1.1623
128,78,person,1066.52,441.5,1075.45,461.72,1070.79,451.74,53.5393,22.5869,0.2835,0.132
128,11,car,397.26,540.1,457.39,574.28,425.37,557.0,21.2683,27.8502,0.6375,1.1079
128,84,person,1035.41,535.66,1047.13,558.95,1040.84,547.19,52.0421,27.3593,0.4288,0.3026
128,85,car,1110.16,624.77,1144.45,660.83,1127.29,642.7,56.3647,32.1352,0.4394,0.0182
128,86,car,1479.43,821.68,1504.23,868.69,1491.65,845.17,74.5826,42.2586,0.4039,0.1106
128,87,car,1083.28,657.61,1110.28,702.41,1096.6,680.26,54.83,34.013,0.5166,0.1681
128,89,motorcycle,1007.29,580.92,1025.67,606.18,1015.03,590.32,50.7516,29.5159,0.3892,2.1656
128,90,person,1284.85,582.16,1300.73,604.58,1293.73,593.63,64.6866,29.6814,0.4289,0.5461
128,91,car,1416.67,816.41,1443.14,870.25,1429.77,843.24,71.4885,42.1618,0.2958,0.0836
128,92,car,909.84,470.59,931.71,488.32,916.75,479.35,45.8374,23.9676,0.269,2.0651
128,93,person,1362.6,434.26,1374.75,459.65,1368.43,446.93,68.4213,22.3463,0.4075,0.1228
128,94,person,751.19,465.09,762.12,487.56,757.99,474.62,37.8994,23.731,0.3691,0.8606
128,96,person,1107.67,459.3,1120.17,483.13,1112.69,471.29,55.6347,23.5647,0.4022,0.6242
128,98,car,1111.05,624.74,1144.47,660.24,1127.64,642.52,56.3818,32.1262,0.415,0.0661
128,99,car,1088.34,593.35,1124.15,629.6,1104.61,611.46,55.2303,30.5731,0.4814,0.9492
128,103,car,283.46,549.38,331.74,580.32,301.46,565.21,15.0729,28.2604,0.3066,2.4965
128,104,person,972.55,617.77,986.4,645.29,977.72,634.0,48.8862,31.7,0.349,1.6204
128,105,car,715.45,228.93,733.73,265.92,723.56,245.45,36.1779,12.2724,0.2742,1.2586
128,106,car,1163.62,577.74,1209.02,619.6,1186.26,599.18,59.3128,29.959,0.5365,0.2076
128,107,car,1028.41,659.47,1064.57,712.02,1044.81,682.74,52.2406,34.1371,0.5115,1.6571
128,108,person,1145.29,763.38,1155.34,784.36,1149.92,772.14,57.4959,38.6069,0.2867,0.8054
128,109,car,993.2,930.47,1021.27,982.38,1008.99,959.39,50.4493,47.9696,0.3283,0.8079
128,111,person,740.43,684.68,749.48,704.5,745.57,695.69,37.2787,34.7843,0.2715,0.3145
128,112,motorcycle,1197.14,561.07,1222.45,579.32,1214.72,570.38,60.7358,28.519,0.35,1.2313
128,113,person,1350.24,816.52,1361.58,845.98,1355.71,831.05,67.7856,41.5527,0.4207,0.1038
128,110,car,1360.38,480.98,1407.64,515.34,1380.47,498.31,69.0235,24.9155,0.5126,1.3294
128,95,car,731.7,731.26,763.49,773.42,746.24,752.31,37.3121,37.6157,0.5279,0.3916
128,28,car,658.39,374.79,693.53,430.63,676.16,410.02,33.808,20.5009,0.7606,4.4671
129,5,person,735.14,645.08,745.93,673.82,740.25,658.4,37.0126,32.9201,0.4651,0.4382
129,7,car,941.69,972.56,991.58,1009.59,966.53,991.11,48.3263,49.5554,0.6385,0.0722
129,9,car,639.15,694.1,679.24,746.04,658.99,720.09,32.9493,36.0043,0.7041,0.0997
129,10,car,753.78,665.54,788.74,700.73,771.02,683.16,38.5512,34.1578,0.7042,0.117
129,12,car,575.58,499.82,629.56,548.52,600.4,525.63,30.0198,26.2813,0.7744,1.4027
129,14,car,612.26,351.42,640.99,421.91,626.52,385.18,31.3259,19.2589,0.6214,0.6817
129,16,car,401.13,800.33,431.23,856.62,415.9,828.57,20.795,41.4286,0.3097,0.2825
129,17,car,1123.27,684.75,1153.06,741.94,1137.95,713.29,56.8973,35.6647,0.4973,0.137
129,19,car,759.48,246.55,785.11,286.89,772.13,266.92,38.6067,13.346,0.6347,0.1467
129,20,motorcycle,1083.04,698.4,1096.81,722.72,1090.41,711.14,54.5203,35.557,0.4024,0.5375
129,21,car,591.27,413.42,625.32,466.09,608.06,440.33,30.403,22.0165,0.53,0.262
129,25,car,639.47,469.99,670.67,512.9,656.77,492.61,32.8383,24.6306,0.4038,1.0052
129,26,person,604.68,597.52,615.03,618.58,608.63,607.45,30.4313,30.3724,0.5566,0.889
129,27,car,1160.22,971.62,1182.13,990.98,1170.98,981.18,58.5491,49.0589,0.3126,0.0569
129,31,person,709.25,677.49,723.02,703.93,715.78,690.55,35.7891,34.5276,0.4553,0.1902
129,33,car,1123.29,685.04,1153.11,741.36,1137.98,713.02,56.8992,35.6508,0.5402,0.1424
129,36,car,639.04,262.0,658.11,302.41,648.49,283.64,32.4243,14.1822,0.5676,0.6883
129,38,car,1148.86,628.5,1174.03,673.34,1161.31,650.93,58.0653,32.5465,0.4919,0.0685
129,42,person,1342.89,427.96,1360.82,459.24,1351.65,443.64,67.5824,22.182,0.2843,0.0658
129,46,car,934.25,463.83,973.27,498.65,953.62,481.28,47.6811,24.0638,0.307,0.0586
129,41,car,808.06,386.5,839.88,421.61,821.07,401.44,41.0533,20.0718,0.2674,1.8348
129,53,car,1147.13,1053.34,1171.69,1080.13,1158.81,1066.8,57.9404,53.3398,0.2882,0.2847
129,55,car,1063.21,723.21,1087.36,756.84,1073.71,736.7,53.6855,36.835,0.3304,1.9257
129,59,person,1264.32,604.22,1278.11,634.15,1271.13,618.99,63.5566,30.9495,0.5145,0.0859
129,61,person,360.81,664.46,368.56,681.1,364.52,672.89,18.2261,33.6447,0.3741,0.1152
129,18,car,628.38,627.9,665.45,668.76,646.6,648.29,32.3298,32.4146,0.6334,0.1365
129,34,car,611.93,302.16,635.42,365.49,623.67,334.41,31.1834,16.7207,0.5228,0.4937
129,65,car,725.7,345.18,757.21,408.7,740.93,374.32,37.0463,18.716,0.4967,1.3748
129,66,car,399.13,798.46,431.13,857.01,415.04,828.19,20.7522,41.4096,0.5743,0.2486
129,67,car,593.34,186.72,619.95,235.23,606.65,209.87,30.3324,10.4933,0.463,1.0122
129,76,bus,726.39,345.23,757.23,408.58,741.1,374.25,37.0549,18.7126,0.3527,1.3997
129,77,car,599.77,254.67,621.55,292.04,610.44,273.97,30.5222,13.6987,0.4013,0.7321
129,78,person,1066.67,441.48,1075.54,461.58,1070.87,451.69,53.5437,22.5847,0.2855,0.15
129,11,car,397.88,539.94,458.08,573.81,426.05,556.99,21.3024,27.8495,0.6416,1.0241
129,84,person,1036.2,535.73,1047.68,559.44,1041.07,547.33,52.0534,27.3663,0.4464,0.4001
129,85,car,1110.18,624.73,1144.53,660.82,1127.3,642.72,56.3649,32.1358,0.4159,0.0204
129,86,car,1479.45,821.69,1504.27,868.67,1491.72,845.18,74.5858,42.2591,0.3704,0.0951
129,87,car,1083.41,657.5,1110.29,702.89,1096.67,680.22,54.8336,34.0109,0.4979,0.1242
129,89,motorcycle,1008.44,582.21,1026.5,606.88,1015.6,591.47,50.7799,29.5735,0.3908,1.9244
129,90,person,1284.57,582.09,1300.48,604.61,1293.4,593.61,64.6699,29.6805,0.4558,0.5036
129,91,car,1416.68,816.44,1443.15,870.24,1429.82,843.25,71.491,42.1626,0.2622,0.0795
129,92,car,911.27,471.12,932.87,488.65,918.1,479.45,45.9051,23.9727,0.3377,2.0364
129,93,person,1362.61,434.25,1375.01,459.62,1368.52,446.92,68.4261,22.3461,0.3535,0.1445
129,94,person,750.8,465.62,761.76,487.99,757.62,475.11,37.881,23.7556,0.4782,0.9203
129,96,person,1108.43,459.14,1120.89,483.07,1113.13,471.24,55.6567,23.5618,0.34,0.6645
129,98,car,1110.99,624.71,1144.55,660.22,1127.66,642.51,56.383,32.1256,0.3294,0.0397
129,99,car,1088.96,593.23,1124.6,629.71,1105.23,611.47,55.2617,30.5733,0.3226,0.9423
129,103,car,286.02,548.71,333.06,580.5,303.27,565.09,15.1636,28.2544,0.265,2.7261
129,104,person,973.11,616.8,986.73,643.87,978.27,633.07,48.9136,31.6536,0.3698,1.6179
129,105,car,715.71,229.09,733.95,266.12,723.91,246.04,36.1956,12.3019,0.3368,1.0322
129,106,car,1163.66,577.66,1208.88,619.52,1186.27,599.02,59.3134,29.9512,0.5306,0.2346
129,107,car,1029.14,660.28,1065.11,713.05,1045.4,683.69,52.2699,34.1843,0.4827,1.6658
129,108,person,1145.13,764.09,1155.41,785.13,1150.06,772.69,57.5031,38.6347,0.2574,0.8615
129,109,car,992.66,929.01,1020.7,980.54,1008.46,958.54,50.4229,47.9271,0.3473,1.4997
129,111,person,740.08,684.51,749.42,704.3,745.37,695.29,37.2686,34.7644,0.3262,0.67
129,112,motorcycle,1195.57,561.39,1220.98,579.71,1213.07,570.56,60.6533,28.528,0.3816,2.4885
129,113,person,1350.28,816.55,1361.64,845.81,1355.75,831.08,67.7876,41.5538,0.3921,0.0698
129,110,car,1361.6,480.57,1408.75,514.83,1381.25,498.21,69.0627,24.9104,0.4379,1.186
129,95,car,731.78,731.14,763.54,773.73,746.52,752.36,37.3258,37.6178,0.5029,0.4174
129,114,car,764.72,611.58,806.7,659.1,785.71,635.34,39.2855,31.767,0.6139,0.0
129,115,car,709.5,734.94,736.76,765.34,723.13,750.14,36.1564,37.5071,0.4888,0.0
129,28,car,658.64,372.29,706.44,431.31,677.07,407.8,33.8533,20.3901,0.782,3.5931
130,5,person,735.24,645.6,745.93,674.13,740.32,658.69,37.0158,32.9346,0.4892,0.4463
130,7,car,941.67,972.56,991.66,1009.56,966.57,991.1,48.3283,49.5548,0.6414,0.0624
130,9,car,639.23,694.15,679.23,746.07,659.04,720.08,32.9522,36.004,0.7221,0.0876
130,10,car,753.82,665.53,788.81,700.79,771.1,683.15,38.5548,34.1575,0.7175,0.1088
130,12,car,576.03,499.32,630.19,548.51,601.12,525.18,30.0559,26.2588,0.7528,1.2755
130,14,car,612.31,351.39,641.03,421.12,626.57,385.55,31.3286,19.2775,0.5751,0.5643
130,16,car,401.22,800.35,431.27,856.51,416.02,828.52,20.801,41.426,0.3362,0.1985
130,17,car,1123.33,684.78,1153.11,741.63,1138.02,713.28,56.9012,35.6639,0.4914,0.1193
130,19,car,759.45,246.35,784.9,286.83,772.19,266.85,38.6094,13.3427,0.6145,0.1269
130,20,motorcycle,1082.92,698.85,1096.52,722.05,1090.23,710.9,54.5117,35.5451,0.3732,0.4408
130,21,car,591.18,413.56,625.36,469.3,608.13,440.25,30.4063,22.0123,0.4752,0.1603
130,25,car,639.04,469.39,670.01,514.04,656.16,492.15,32.8082,24.6074,0.395,1.1388
130,26,person,605.17,597.8,615.21,618.38,609.09,607.65,30.4543,30.3824,0.5552,0.7536
130,27,car,1160.28,971.67,1182.23,991.15,1171.03,981.18,58.5515,49.0592,0.2704,0.0732
130,31,person,709.32,677.52,722.78,703.95,715.86,690.6,35.7929,34.53,0.4562,0.135
130,33,car,1123.35,685.07,1153.16,741.04,1138.06,713.04,56.903,35.6518,0.5162,0.1176
130,36,car,638.97,261.41,658.41,305.92,648.54,283.58,32.4271,14.1791,0.4339,0.125
130,38,car,1148.92,628.54,1174.06,673.33,1161.35,650.93,58.0673,32.5466,0.4744,0.0599
130,42,person,1343.04,427.87,1361.02,459.21,1351.69,443.65,67.5843,22.1824,0.294,0.0583
130,46,car,934.23,463.85,973.28,498.69,953.65,481.28,47.6827,24.0638,0.3678,0.0476
130,41,car,808.72,387.77,840.58,423.42,821.96,402.39,41.0981,20.1196,0.263,1.9646
130,53,car,1147.12,1053.33,1171.94,1080.12,1158.99,1066.78,57.9496,53.339,0.2925,0.2771
130,55,car,1063.5,724.11,1087.71,757.22,1074.18,737.79,53.7092,36.8894,0.2896,1.7791
130,59,person,1264.35,604.39,1278.22,634.15,1271.15,619.06,63.5577,30.953,0.5225,0.1101
130,61,person,360.87,664.53,368.63,681.13,364.57,672.86,18.2287,33.6429,0.3904,0.0946
130,18,car,628.42,627.93,665.49,668.77,646.68,648.31,32.3341,32.4155,0.6135,0.1319
130,34,car,611.91,302.28,635.48,366.76,623.69,334.23,31.1846,16.7114,0.4589,0.2825
130,65,car,725.71,346.19,757.4,409.37,741.08,375.18,37.0542,18.7592,0.4928,1.3176
130,66,car,399.09,798.31,431.18,857.01,415.06,828.09,20.7528,41.4044,0.5712,0.1559
130,67,car,593.38,186.42,620.08,231.64,606.67,209.59,30.3333,10.4795,0.4477,0.4174
130,76,bus,726.16,346.24,757.4,409.28,741.29,375.12,37.0647,18.7561,0.3703,1.3391
130,77,car,599.83,254.7,621.63,291.95,610.51,273.69,30.5255,13.6846,0.385,0.435
130,78,person,1066.76,441.5,1075.59,461.55,1070.95,451.65,53.5476,22.5825,0.3061,0.1342
130,11,car,399.07,539.85,458.8,572.87,426.73,556.93,21.3365,27.8466,0.5545,1.027
130,84,person,1036.82,535.97,1048.26,559.98,1041.33,547.48,52.0666,27.374,0.4645,0.4583
130,85,car,1110.21,624.7,1144.58,660.78,1127.3,642.73,56.3651,32.1365,0.4141,0.0217
130,86,car,1479.37,821.66,1504.31,868.75,1491.76,845.2,74.5878,42.2598,0.3966,0.0641
130,87,car,1083.6,657.43,1110.3,703.23,1096.74,680.21,54.837,34.0105,0.4505,0.1026
130,89,motorcycle,1009.46,584.03,1026.49,607.6,1016.16,592.68,50.8078,29.6341,0.352,2.0028
130,90,person,1284.23,582.38,1300.25,604.74,1293.09,593.59,64.6543,29.6797,0.4287,0.466
130,91,car,1416.65,816.44,1443.17,870.23,1429.85,843.27,71.4927,42.1635,0.2833,0.0571
130,93,person,1362.59,434.26,1375.19,459.6,1368.61,446.92,68.4306,22.3461,0.3876,0.1348
130,94,person,750.64,466.05,761.54,488.5,757.24,475.62,37.8622,23.7808,0.4701,0.9453
130,96,person,1109.09,458.92,1121.32,483.04,1113.58,471.18,55.6789,23.5592,0.3497,0.6715
130,98,car,1111.06,624.67,1144.6,660.12,1127.68,642.49,56.3838,32.1247,0.3356,0.0368
130,99,car,1089.57,593.38,1124.91,629.77,1105.8,611.48,55.2898,30.5742,0.3065,0.8434
130,103,car,286.37,548.11,334.22,580.74,305.11,564.94,15.2554,28.247,0.2645,2.7618
130,104,person,973.65,615.93,986.98,642.63,978.81,632.19,48.9404,31.6095,0.3885,1.5462
130,105,car,715.88,229.05,734.17,266.65,724.24,246.53,36.2122,12.3265,0.3832,0.8913
130,106,car,1163.64,577.76,1208.81,619.39,1186.28,598.89,59.3139,29.9446,0.5191,0.1993
130,107,car,1029.88,661.15,1065.61,714.05,1045.98,684.65,52.2988,34.2323,0.4359,1.6814
130,109,car,992.2,927.89,1020.09,975.23,1007.87,957.15,50.3936,47.8574,0.3973,2.2683
130,111,person,739.61,684.39,749.21,704.17,745.14,694.96,37.2572,34.7481,0.3475,0.5969
130,112,motorcycle,1193.53,561.49,1218.8,579.88,1211.32,570.76,60.5661,28.5379,0.3661,2.6345
130,113,person,1350.3,816.62,1361.76,845.85,1355.79,831.1,67.7896,41.5549,0.4156,0.0683
130,110,car,1363.18,480.29,1409.9,514.5,1382.01,498.09,69.1005,24.9046,0.4452,1.1463
130,95,car,731.82,731.09,763.5,773.9,746.79,752.39,37.3395,37.6193,0.4767,0.4135
130,114,car,763.44,611.08,805.75,658.67,785.15,635.11,39.2576,31.7554,0.6369,0.9064
130,115,car,709.47,734.94,736.78,765.27,723.13,750.12,36.1564,37.5062,0.5049,0.0269
130,28,car,658.32,370.41,707.56,431.03,678.01,405.69,33.9005,20.2843,0.758,3.4747
131,5,person,735.31,646.19,746.07,674.65,740.39,659.05,37.0193,32.9523,0.5168,0.5399
131,7,car,941.75,972.53,991.74,1009.36,966.61,991.07,48.3304,49.5535,0.5741,0.0743
131,9,car,639.26,694.08,679.25,746.03,659.1,720.07,32.9549,36.0036,0.7261,0.0827
131,10,car,753.82,665.58,788.88,700.74,771.16,683.15,38.5581,34.1574,0.7288,0.0976
131,12,car,577.26,498.84,630.88,548.32,601.84,524.78,30.0921,26.239,0.7916,1.2384
131,14,car,612.32,351.29,641.03,420.62,626.61,385.77,31.3306,19.2885,0.5851,0.337
131,16,car,401.21,800.19,431.29,856.36,416.1,828.47,20.8051,41.4233,0.2871,0.145
131,17,car,1123.33,684.73,1153.08,741.46,1138.08,713.26,56.9041,35.6629,0.4639,0.0915
131,19,car,759.57,246.48,784.73,286.96,772.21,266.79,38.6104,13.3396,0.6379,0.098
131,20,motorcycle,1082.88,696.8,1096.49,721.15,1090.08,710.51,54.5038,35.5256,0.3869,0.6305
131,21,car,591.14,413.75,625.4,471.6,608.18,440.27,30.409,22.0133,0.5634,0.0854
131,25,car,638.58,468.57,669.41,514.59,655.58,491.82,32.7792,24.5909,0.4007,1.002
131,26,person,605.78,598.22,615.27,618.4,609.49,607.86,30.4746,30.3929,0.6483,0.6858
131,27,car,1160.35,971.68,1182.29,991.24,1171.09,981.22,58.5544,49.061,0.2868,0.1008
131,31,person,709.43,677.46,722.74,703.97,715.92,690.63,35.7962,34.5316,0.5093,0.1081
131,33,car,1123.36,685.03,1153.12,740.83,1138.12,713.05,56.9058,35.6527,0.5255,0.0886
131,36,car,639.01,260.7,658.72,307.64,648.63,283.73,32.4317,14.1864,0.5687,0.2603
131,38,car,1148.92,628.53,1174.06,673.21,1161.38,650.92,58.0691,32.5461,0.4744,0.0543
131,42,person,1342.86,427.83,1360.98,459.19,1351.72,443.64,67.586,22.1819,0.3356,0.0524
131,46,car,934.28,463.88,973.29,498.68,953.68,481.28,47.6842,24.0638,0.3745,0.0464
131,41,car,809.62,388.71,841.25,424.38,822.84,403.36,41.1422,20.1682,0.3384,1.9698
131,53,car,1147.07,1053.28,1172.1,1080.1,1159.17,1066.76,57.9584,53.3379,0.2951,0.2643
131,55,car,1064.16,725.37,1088.09,762.18,1074.67,739.18,53.7336,36.9588,0.315,2.2089
131,59,person,1264.36,604.65,1278.21,634.18,1271.19,619.14,63.5597,30.9572,0.5066,0.1401
131,61,person,360.93,664.71,368.68,681.15,364.63,672.84,18.2313,33.642,0.3807,0.0811
131,18,car,628.42,627.94,665.53,668.75,646.77,648.33,32.3383,32.4164,0.7198,0.131
131,34,car,611.91,302.35,635.57,367.51,623.7,334.11,31.1852,16.7055,0.4792,0.178
131,65,car,725.9,346.86,757.62,410.11,741.25,376.01,37.0624,18.8007,0.4956,1.2696
131,66,car,398.91,797.67,431.2,856.92,415.06,827.93,20.7529,41.3965,0.6222,0.2387
131,67,car,593.43,186.18,620.1,229.3,606.67,208.72,30.3337,10.4358,0.4726,1.3101
131,76,bus,726.71,346.9,757.52,409.81,741.5,375.95,37.075,18.7975,0.354,1.2781
131,77,car,599.88,254.79,621.64,291.95,610.57,273.53,30.5286,13.6767,0.3951,0.2545
131,78,person,1066.71,441.47,1075.5,461.67,1071.01,451.62,53.5503,22.5809,0.2936,0.0931
131,11,car,400.1,539.96,459.52,573.53,427.47,556.89,21.3734,27.8447,0.5811,1.1089
131,84,person,1037.02,535.99,1048.48,560.44,1041.6,547.62,52.0801,27.3811,0.4716,0.4571
131,85,car,1110.45,624.66,1144.67,660.43,1127.34,642.72,56.3668,32.1358,0.4221,0.0538
131,86,car,1479.29,821.52,1504.35,868.65,1491.79,845.18,74.5893,42.2592,0.3733,0.0479
131,87,car,1083.66,657.41,1110.24,703.37,1096.79,680.2,54.8396,34.0101,0.5035,0.0775
131,89,motorcycle,1009.62,584.4,1027.92,609.0,1016.79,593.81,50.8393,29.6905,0.3316,1.9362
131,90,person,1283.94,582.57,1299.93,604.7,1292.79,593.58,64.6394,29.6791,0.458,0.4493
131,91,car,1416.8,816.37,1443.24,870.1,1429.89,843.28,71.4947,42.1638,0.2989,0.0619
131,93,person,1362.53,434.35,1375.29,459.54,1368.69,446.93,68.4344,22.3464,0.3862,0.1136
131,94,person,750.51,466.45,761.23,488.88,756.86,476.15,37.8429,23.8073,0.4202,0.9812
131,96,person,1109.74,458.59,1121.99,482.98,1114.08,471.11,55.7039,23.5557,0.3067,0.7566
131,98,car,1111.17,624.65,1144.68,659.98,1127.73,642.46,56.3865,32.1228,0.3567,0.0995
131,99,car,1090.08,593.51,1124.9,629.78,1106.26,611.51,55.3129,30.5754,0.4418,0.6948
131,103,car,289.99,547.98,335.55,580.16,307.15,564.73,15.3574,28.2366,0.343,3.0772
131,105,car,716.17,229.13,734.49,268.24,724.55,247.14,36.2274,12.3569,0.3509,1.0194
131,106,car,1163.64,577.66,1208.68,619.23,1186.29,598.76,59.3143,29.9378,0.5256,0.2025
131,107,car,1030.46,662.07,1066.22,715.01,1046.55,685.64,52.3276,34.2819,0.4386,1.7196
131,109,car,991.85,926.76,1019.37,970.98,1007.27,955.43,50.3634,47.7716,0.3529,2.7286
131,111,person,739.17,684.31,748.86,704.29,744.88,694.74,37.2441,34.7371,0.3752,0.5143
131,112,motorcycle,1191.55,561.38,1216.95,579.39,1209.61,570.69,60.4803,28.5345,0.3577,2.574
131,113,person,1350.35,816.61,1361.79,845.87,1355.82,831.16,67.791,41.5582,0.4067,0.1061
131,110,car,1364.52,480.26,1411.14,514.31,1383.92,497.92,69.196,24.8959,0.3955,2.8773
131,95,car,731.75,731.04,763.6,773.94,747.08,752.41,37.3538,37.6205,0.5431,0.4285
131,114,car,762.16,610.58,804.25,658.07,784.5,634.85,39.2252,31.7423,0.6679,1.0497
131,115,car,709.43,734.95,736.83,765.3,723.13,750.12,36.1565,37.5062,0.2616,0.0011
131,28,car,659.31,367.53,714.95,430.08,679.47,403.54,33.9735,20.177,0.7106,3.8931
132,5,person,735.39,646.54,746.3,674.96,740.47,659.43,37.0237,32.9713,0.5607,0.5857
132,7,car,941.84,972.45,991.78,1009.15,966.66,991.02,48.3328,49.5512,0.5648,0.0993
132,9,car,639.32,694.07,679.25,746.06,659.16,720.07,32.9578,36.0035,0.7247,0.0883
132,10,car,753.87,665.61,788.92,700.69,771.22,683.15,38.5611,34.1574,0.7294,0.0908
132,12,car,578.08,498.39,631.64,548.11,602.58,524.37,30.1289,26.2186,0.7947,1.263
132,14,car,612.32,351.27,641.01,420.26,626.64,385.89,31.3318,19.2947,0.5602,0.189
132,16,car,401.28,800.1,431.34,856.38,416.17,828.41,20.8083,41.4206,0.2935,0.1255
132,17,car,1123.36,684.67,1153.07,741.03,1138.13,713.2,56.9063,35.6599,0.4665,0.1129
132,19,car,759.73,246.36,784.63,286.98,772.22,266.73,38.6111,13.3367,0.6577,0.091
132,20,motorcycle,1082.89,695.64,1096.51,720.32,1089.95,710.1,54.4974,35.5052,0.3513,0.641
132,21,car,591.12,413.54,625.5,472.79,608.23,440.27,30.4115,22.0133,0.5617,0.0733
132,25,car,638.11,467.86,668.8,514.78,655.03,491.48,32.7516,24.5742,0.4662,0.9654
132,26,person,606.44,598.46,615.83,618.78,609.9,608.06,30.495,30.4032,0.6279,0.6855
132,27,car,1160.38,971.64,1182.33,991.14,1171.15,981.25,58.5575,49.0625,0.3043,0.103
132,31,person,709.56,677.47,722.63,703.87,715.99,690.65,35.7993,34.5325,0.5974,0.0969
132,33,car,1123.39,684.97,1153.11,740.42,1138.16,713.02,56.908,35.651,0.495,0.0827
132,36,car,638.98,259.83,658.71,308.48,648.66,283.51,32.4331,14.1753,0.5661,0.3354
132,38,car,1148.99,628.51,1174.02,673.19,1161.41,650.91,58.0707,32.5453,0.3859,0.0546
132,42,person,1342.78,427.78,1360.9,459.16,1351.75,443.61,67.5876,22.1806,0.3515,0.0613
132,46,car,934.52,463.9,973.3,498.66,953.73,481.27,47.6864,24.0637,0.3476,0.0663
132,41,car,810.41,389.61,841.96,425.42,823.77,404.35,41.1884,20.2174,0.2877,2.0244
132,53,car,1147.08,1053.29,1172.2,1080.1,1159.33,1066.74,57.9666,53.3368,0.2673,0.2501
132,55,car,1064.69,726.36,1088.52,765.55,1075.15,740.74,53.7577,37.0371,0.3144,2.4581
132,59,person,1264.44,604.77,1278.28,634.25,1271.23,619.23,63.5617,30.9615,0.4834,0.1414
132,61,person,360.95,664.76,368.74,681.14,364.68,672.84,18.2338,33.6418,0.3603,0.0774
132,18,car,628.36,627.96,665.64,668.74,646.85,648.34,32.3423,32.417,0.7641,0.1198
132,34,car,611.91,302.38,635.55,368.02,623.7,334.01,31.1851,16.7005,0.4755,0.1497
132,65,car,726.47,347.64,757.81,410.82,741.45,376.85,37.0726,18.8423,0.5366,1.2854
132,66,car,398.87,797.21,431.29,856.77,415.07,827.71,20.7534,41.3855,0.633,0.3288
132,67,car,593.5,185.97,620.27,227.94,606.71,208.17,30.3353,10.4086,0.47,0.8176
132,76,bus,727.19,347.67,757.73,410.61,741.71,376.79,37.0856,18.8393,0.3644,1.2954
132,77,car,599.89,254.8,621.69,291.88,610.63,273.44,30.5315,13.672,0.4077,0.1641
132,78,person,1066.67,441.51,1075.39,461.75,1071.03,451.59,53.5517,22.5797,0.2978,0.0565
132,11,car,400.76,540.1,460.23,573.79,428.22,556.89,21.4109,27.8445,0.6265,1.1246
132,84,person,1037.27,536.3,1048.65,560.82,1041.89,547.79,52.0947,27.3894,0.4927,0.5027
132,85,car,1110.57,624.66,1144.7,660.15,1127.39,642.68,56.3693,32.1339,0.409,0.0952
132,86,car,1479.38,821.51,1504.35,868.44,1491.81,845.15,74.5906,42.2577,0.2985,0.0593
132,87,car,1083.67,657.32,1110.23,703.01,1096.84,680.18,54.8419,34.0089,0.4745,0.0772
132,89,motorcycle,1010.04,586.37,1028.59,610.14,1017.38,594.88,50.8692,29.7439,0.3235,1.837
132,90,person,1283.52,583.31,1299.52,604.46,1292.48,593.59,64.6239,29.6795,0.3185,0.4632
132,91,car,1416.94,816.31,1443.29,869.93,1429.94,843.26,71.4971,42.1632,0.3111,0.0746
132,93,person,1362.06,432.18,1376.22,459.39,1368.79,446.77,68.4393,22.3385,0.4037,0.2764
132,94,person,750.68,466.7,760.93,489.15,756.5,476.65,37.8251,23.8327,0.4068,0.9292
132,96,person,1110.53,458.39,1122.68,482.82,1114.65,471.02,55.7324,23.551,0.3205,0.8669
132,98,car,1111.31,624.65,1144.65,659.73,1127.79,642.4,56.3896,32.1202,0.2888,0.1211
132,99,car,1090.49,593.6,1125.11,629.72,1106.67,611.54,55.3336,30.5769,0.4116,0.62
132,103,car,293.38,547.98,336.8,579.92,308.71,564.63,15.4357,28.2313,0.3876,2.3547
132,105,car,716.53,232.28,734.6,269.26,724.83,247.94,36.2413,12.397,0.385,1.2739
132,106,car,1163.68,577.78,1208.53,619.06,1186.27,598.64,59.3136,29.932,0.4868,0.1755
132,107,car,1031.18,663.01,1066.85,715.75,1047.15,686.61,52.3574,34.3304,0.4199,1.7064
132,109,car,991.41,925.6,1018.65,967.87,1006.68,953.55,50.3342,47.6777,0.2977,2.9513
132,111,person,738.68,684.35,748.46,704.33,744.6,694.58,37.2298,34.7288,0.4164,0.4944
132,112,motorcycle,1189.97,561.15,1215.32,579.76,1207.9,570.54,60.3948,28.5272,0.3325,2.5763
132,113,person,1350.41,816.6,1361.91,845.54,1355.92,831.19,67.7958,41.5593,0.3482,0.1465
132,110,car,1365.92,480.13,1412.45,513.64,1385.25,497.68,69.2626,24.8839,0.418,2.031
132,95,car,731.75,731.03,763.62,773.94,747.36,752.43,37.368,37.6215,0.6269,0.4271
132,114,car,760.94,610.03,802.95,657.54,783.86,634.58,39.1932,31.729,0.6753,1.0376
132,115,car,709.31,734.92,736.8,765.56,723.11,750.15,36.1555,37.5077,0.5172,0.0512
132,8,car,659.44,368.22,693.28,421.04,674.39,405.1,33.7194,20.2551,0.6959,4.5236
133,5,person,735.5,646.91,746.51,675.09,740.6,659.83,37.0298,32.9916,0.5437,0.6368
133,7,car,941.91,972.37,991.78,1009.02,966.7,990.96,48.3351,49.5481,0.5695,0.1151
133,9,car,639.38,694.11,679.28,745.96,659.21,720.06,32.9606,36.0031,0.7086,0.0834
133,10,car,753.9,665.57,788.98,700.64,771.28,683.14,38.564,34.1572,0.7458,0.0866
133,12,car,578.54,497.91,632.25,547.72,603.32,523.94,30.1658,26.1972,0.7432,1.2787
133,14,car,612.37,351.28,640.98,420.01,626.65,385.95,31.3326,19.2977,0.554,0.0925
133,16,car,401.39,800.06,431.4,856.45,416.22,828.38,20.8112,41.419,0.2968,0.0995
133,17,car,1123.4,684.62,1153.12,740.96,1138.17,713.13,56.9085,35.6565,0.4824,0.1221
133,19,car,759.81,246.45,784.49,286.68,772.23,266.68,38.6113,13.3342,0.6401,0.0752
133,20,motorcycle,1082.59,695.42,1096.27,719.15,1089.81,709.6,54.4907,35.4799,0.3302,0.7872
133,21,car,591.12,413.56,625.91,473.65,608.3,440.76,30.4149,22.0381,0.5732,0.7501
133,25,car,637.63,466.96,668.25,514.64,654.52,491.22,32.726,24.5608,0.4626,0.8673
133,26,person,606.91,598.75,616.06,619.26,610.29,608.28,30.5143,30.4139,0.5932,0.6625
133,27,car,1160.4,971.57,1182.36,991.15,1171.21,981.31,58.5606,49.0654,0.2622,0.1283
133,31,person,709.68,677.43,722.55,703.79,716.05,690.66,35.8023,34.5329,0.564,0.0903
133,33,car,1123.41,684.88,1153.16,740.1,1138.2,712.95,56.9101,35.6474,0.5422,0.1254
133,36,car,638.95,258.97,658.63,308.81,648.71,283.53,32.4353,14.1763,0.4454,0.0734
133,38,car,1149.01,628.49,1174.0,673.14,1161.44,650.89,58.0721,32.5443,0.4863,0.0524
133,42,person,1342.82,427.11,1362.11,459.06,1351.89,443.52,67.5944,22.1758,0.3626,0.2485
133,46,car,932.75,462.8,973.21,498.55,953.64,481.19,47.6819,24.0594,0.3172,0.1867
133,53,car,1147.08,1053.31,1172.21,1080.1,1159.45,1066.72,57.9726,53.3362,0.2902,0.1808
133,55,car,1064.98,727.27,1088.87,768.18,1075.63,742.4,53.7814,37.1199,0.3746,2.5833
133,59,person,1264.47,604.87,1278.36,634.3,1271.28,619.31,63.5639,30.9657,0.4974,0.1427
133,61,person,360.76,664.3,368.79,681.09,364.72,672.81,18.2358,33.6406,0.3816,0.0678
133,18,car,628.41,627.95,665.72,668.73,646.92,648.34,32.3459,32.4171,0.7721,0.1082
133,34,car,611.92,302.37,635.65,368.17,623.71,333.95,31.1855,16.6973,0.4106,0.0975
133,65,car,726.97,348.49,757.9,411.73,741.67,377.69,37.0836,18.8845,0.4215,1.3061
133,66,car,398.77,796.95,431.47,856.66,415.09,827.46,20.7544,41.3728,0.6415,0.3837
133,67,car,593.59,186.08,620.27,235.99,606.75,208.52,30.3376,10.4259,0.3815,0.5246
133,76,bus,727.61,348.53,757.82,411.59,741.95,377.63,37.0974,18.8816,0.3888,1.3175
133,77,car,599.94,254.84,621.72,291.82,610.69,273.39,30.5344,13.6695,0.353,0.1153
133,78,person,1066.62,441.55,1075.34,461.81,1071.05,451.59,53.5524,22.5796,0.3691,0.0203
133,11,car,401.32,540.13,460.99,573.6,428.94,556.88,21.4469,27.8439,0.6143,1.0794
133,84,person,1037.49,536.97,1048.77,561.05,1042.22,548.01,52.1108,27.4004,0.4727,0.5849
133,85,car,1110.63,624.59,1144.74,660.0,1127.45,642.62,56.3725,32.1312,0.4234,0.1251
133,86,car,1479.29,821.48,1504.41,868.54,1491.83,845.12,74.5917,42.2561,0.391,0.0568
133,87,car,1083.67,657.21,1110.26,702.83,1096.88,680.16,54.844,34.008,0.447,0.0711
133,89,motorcycle,1010.42,587.42,1029.25,611.02,1017.98,595.87,50.8988,29.7935,0.2524,1.7335
133,90,person,1283.06,583.84,1299.18,604.13,1292.17,593.62,64.6083,29.6808,0.3281,0.4706
133,91,car,1416.95,816.26,1443.35,869.9,1429.99,843.24,71.4995,42.1622,0.388,0.0765
133,93,person,1362.24,433.03,1375.72,459.39,1368.85,446.67,68.4427,22.3337,0.4378,0.1774
133,94,person,750.77,466.76,760.71,489.29,756.22,477.1,37.8111,23.855,0.4229,0.7918
133,96,person,1111.23,458.22,1123.37,482.68,1115.28,470.91,55.7638,23.5455,0.442,0.9572
133,98,car,1111.48,624.59,1144.7,659.59,1127.86,642.35,56.3931,32.1173,0.3267,0.1353
133,99,car,1090.91,593.7,1125.4,629.63,1107.08,611.56,55.3538,30.578,0.4488,0.6093
133,103,car,289.17,548.25,337.56,580.37,310.24,564.53,15.5122,28.2267,0.4881,2.2981
133,105,car,716.88,234.51,734.78,269.72,725.07,248.77,36.2537,12.4385,0.3052,1.2993
133,106,car,1163.65,577.78,1208.54,618.88,1186.24,598.54,59.3118,29.9271,0.492,0.1562
133,107,car,1031.88,663.89,1067.48,716.61,1047.76,687.56,52.3881,34.3778,0.4291,1.6965
133,109,car,990.86,924.25,1017.87,965.58,1006.11,951.55,50.3055,47.5776,0.4571,3.1241
133,111,person,738.2,684.14,747.9,704.11,744.27,694.43,37.2134,34.7213,0.4554,0.5434
133,112,motorcycle,1188.7,560.93,1213.96,579.68,1206.26,570.4,60.3129,28.5201,0.3676,2.4642
133,113,person,1350.46,816.61,1361.97,845.41,1356.01,831.17,67.8007,41.5586,0.3789,0.1494
133,110,car,1367.03,479.95,1413.75,514.39,1386.55,497.54,69.3274,24.8772,0.5741,1.9541
133,95,car,731.72,731.1,763.6,773.99,747.63,752.46,37.3817,37.6228,0.5941,0.4135
133,114,car,760.0,609.6,801.72,656.85,783.26,634.31,39.1632,31.7154,0.6811,0.9889
133,115,car,709.37,734.87,736.9,766.45,723.12,750.25,36.1558,37.5127,0.4651,0.151
133,8,car,659.14,367.24,693.09,421.11,674.94,402.5,33.7468,20.1251,0.7899,3.9842
134,5,person,735.42,647.42,746.67,675.12,740.73,660.23,37.0363,33.0117,0.4816,0.6336
134,7,car,941.98,972.35,991.79,1008.97,966.75,990.9,48.3373,49.5451,0.5948,0.1115
134,9,car,639.43,694.35,679.27,745.89,659.25,720.07,32.9626,36.0037,0.7245,0.0636
134,10,car,753.92,665.51,788.98,700.55,771.33,683.13,38.5666,34.1564,0.7514,0.0832
134,12,car,578.81,497.46,632.83,547.49,603.97,523.54,30.1987,26.177,0.7758,1.1584
134,14,car,612.38,351.32,640.96,420.5,626.66,386.02,31.3329,19.301,0.5135,0.0992
134,16,car,401.46,800.05,431.45,856.52,416.28,828.35,20.8139,41.4177,0.3201,0.0915
134,17,car,1123.41,684.57,1153.16,740.95,1138.2,713.05,56.9102,35.6526,0.4641,0.1265
134,19,car,759.9,246.52,784.39,286.44,772.21,266.63,38.6106,13.3317,0.5738,0.0763
134,20,motorcycle,1082.38,693.65,1096.07,718.41,1089.67,708.88,54.4834,35.4438,0.3513,1.1048
134,21,car,591.21,413.6,626.08,473.93,608.37,441.61,30.4184,22.0803,0.5802,1.2724
134,25,car,637.21,466.14,667.69,514.21,654.0,491.1,32.7002,24.555,0.3703,0.7935
134,26,person,607.41,598.76,616.32,619.51,610.66,608.46,30.5332,30.4232,0.4265,0.6307
134,27,car,1160.35,971.57,1182.33,991.35,1171.27,981.37,58.5633,49.0684,0.2758,0.1197
134,31,person,709.77,677.46,722.58,703.83,716.09,690.67,35.8047,34.5335,0.5569,0.0758
134,33,car,1123.42,684.82,1153.19,739.93,1138.24,712.85,56.9118,35.6424,0.5288,0.1576
134,36,car,638.87,258.28,658.28,308.65,648.72,283.69,32.436,14.1846,0.4868,0.25
134,38,car,1149.0,628.5,1173.99,673.11,1161.47,650.87,58.0734,32.5435,0.4765,0.0452
134,42,person,1342.8,426.85,1362.89,459.04,1352.08,443.4,67.6041,22.1701,0.377,0.3389
134,46,car,931.17,462.63,973.01,497.28,953.42,481.0,47.6711,24.0498,0.3309,0.4321
134,53,car,1147.11,1053.29,1172.26,1080.1,1159.54,1066.71,57.9769,53.3357,0.2746,0.1274
134,55,car,1065.05,728.26,1089.29,770.24,1076.06,743.83,53.803,37.1916,0.3094,2.2465
134,59,person,1264.48,604.98,1278.25,634.38,1271.31,619.4,63.5653,30.9698,0.5418,0.1309
134,61,person,360.83,664.37,368.85,681.08,364.76,672.81,18.2378,33.6403,0.3653,0.0621
134,18,car,628.41,627.93,665.63,668.72,646.96,648.34,32.348,32.4169,0.7716,0.0641
134,34,car,611.89,302.42,635.76,368.32,623.73,334.56,31.1863,16.7282,0.3306,0.9291
134,65,car,727.22,349.59,758.0,412.66,741.89,378.53,37.0945,18.9267,0.4304,1.3095
134,66,car,398.62,796.79,431.62,856.61,415.1,827.26,20.755,41.3631,0.6398,0.2924
134,67,car,593.7,185.85,620.16,231.89,606.79,208.72,30.3394,10.436,0.361,0.3081
134,76,bus,728.0,349.63,757.9,412.47,742.19,378.47,37.1096,18.9237,0.3331,1.3129
134,77,car,600.03,254.82,621.65,291.61,610.74,273.34,30.5369,13.6672,0.3112,0.1027
134,78,person,1066.57,441.54,1075.3,461.89,1071.05,451.61,53.5523,22.5804,0.3552,0.0248
134,11,car,401.71,539.92,461.77,573.72,429.63,556.83,21.4817,27.8415,0.5833,1.0467
134,84,person,1037.77,537.43,1048.79,561.21,1042.55,548.28,52.1276,27.414,0.4969,0.6506
134,85,car,1110.65,624.52,1144.77,659.92,1127.52,642.54,56.376,32.1269,0.4103,0.1645
134,86,car,1479.3,821.48,1504.42,868.52,1491.85,845.09,74.5924,42.2546,0.3531,0.052
134,87,car,1083.6,657.08,1110.28,702.61,1096.91,680.14,54.8456,34.0068,0.4226,0.0575
134,89,motorcycle,1010.87,588.06,1029.43,611.7,1018.57,596.85,50.9286,29.8426,0.2711,1.7228
134,90,person,1282.58,584.25,1298.8,603.85,1291.83,593.69,64.5916,29.6846,0.338,0.5144
134,91,car,1417.0,816.2,1443.41,869.89,1430.03,843.21,71.5017,42.1606,0.3803,0.0823
134,93,person,1362.42,433.56,1375.44,459.31,1368.9,446.6,68.4452,22.33,0.4622,0.1344
134,94,person,750.93,466.79,760.26,489.27,756.0,477.44,37.8002,23.8718,0.4196,0.6003
134,96,person,1111.8,458.09,1123.97,482.54,1115.92,470.78,55.796,23.5389,0.4128,0.9859
134,98,car,1111.55,624.51,1144.74,659.56,1127.93,642.28,56.3965,32.1142,0.3319,0.1382
134,99,car,1091.33,593.8,1125.69,629.45,1107.46,611.59,55.373,30.5794,0.4275,0.5768
134,103,car,285.66,547.76,338.55,580.76,311.54,564.35,15.5769,28.2177,0.4095,1.9605
134,105,car,717.13,236.75,735.31,273.04,725.34,249.91,36.2671,12.4953,0.2681,1.7505
134,106,car,1163.57,577.96,1209.01,618.81,1186.21,598.49,59.3105,29.9244,0.4729,0.0911
134,107,car,1032.41,664.7,1068.08,717.34,1048.38,688.46,52.4189,34.4228,0.4241,1.6366
134,109,car,990.37,923.0,1017.34,964.01,1005.56,949.54,50.278,47.477,0.4524,3.1289
134,111,person,737.71,684.0,747.26,703.91,743.89,694.28,37.1945,34.7142,0.4494,0.6028
134,112,motorcycle,1187.17,561.01,1212.14,579.92,1204.59,570.43,60.2294,28.5217,0.3635,2.5053
134,113,person,1350.51,816.58,1361.96,845.56,1356.08,831.15,67.8042,41.5576,0.4146,0.1088
134,110,car,1367.92,479.68,1414.97,514.67,1387.8,497.4,69.3898,24.8698,0.5019,1.8859
134,95,car,731.75,731.14,763.42,773.84,747.65,752.47,37.3823,37.6234,0.4587,0.0257
134,114,car,758.92,609.16,800.4,656.69,782.66,634.08,39.1332,31.7039,0.6115,0.9652
134,115,car,709.42,734.84,737.03,767.14,723.13,750.38,36.1567,37.5188,0.4588,0.1857
134,8,car,659.29,366.02,692.84,420.76,675.28,400.23,33.7641,20.0115,0.7561,3.4486
135,5,person,735.47,647.61,747.02,674.97,740.85,660.58,37.0425,33.0289,0.4894,0.548
135,7,car,942.12,972.36,991.88,1009.01,966.8,990.85,48.34,49.5423,0.6595,0.1159
135,9,car,639.53,694.39,679.33,745.99,659.3,720.09,32.9649,36.0046,0.7071,0.0728
135,10,car,754.01,665.48,789.04,700.5,771.39,683.1,38.5695,34.1552,0.7392,0.0937
135,12,car,579.92,496.96,633.64,547.26,604.66,523.19,30.2329,26.1594,0.758,1.1539
135,14,car,612.46,351.3,641.01,420.01,626.67,385.98,31.3337,19.2989,0.5114,0.0666
135,16,car,401.58,800.01,431.59,856.56,416.35,828.32,20.8173,41.4161,0.311,0.1118
135,17,car,1123.49,684.56,1153.34,740.77,1138.25,712.96,56.9127,35.6479,0.4652,0.1603
135,19,car,759.98,246.36,784.36,286.25,772.18,266.58,38.609,13.3289,0.5572,0.0965
135,20,motorcycle,1082.4,691.62,1096.15,717.65,1089.57,707.99,54.4783,35.3994,0.3527,1.3396
135,21,car,591.25,413.48,626.09,473.77,608.43,442.57,30.4213,22.1287,0.5841,1.4529
135,25,car,636.8,465.29,667.3,513.72,653.5,490.93,32.6748,24.5467,0.3801,0.801
135,26,person,607.85,598.99,616.59,619.86,611.04,608.66,30.552,30.4331,0.3445,0.6372
135,27,car,1160.41,971.52,1182.49,991.48,1171.32,981.41,58.5662,49.0706,0.2726,0.1101
135,31,person,709.8,677.38,722.57,703.78,716.12,690.67,35.806,34.5333,0.6109,0.0378
135,33,car,1123.5,684.82,1153.35,739.79,1138.28,712.72,56.914,35.6361,0.5636,0.2019
135,36,car,638.83,257.64,658.13,308.24,648.69,283.5,32.4344,14.175,0.4133,0.2941
135,38,car,1149.03,628.52,1174.02,673.04,1161.49,650.85,58.0746,32.5427,0.5078,0.0452
135,42,person,1342.82,426.6,1363.54,459.04,1352.31,443.28,67.6153,22.164,0.3315,0.3833
135,46,car,928.56,458.2,972.79,496.21,952.99,480.41,47.6497,24.0207,0.3912,1.0851
135,53,car,1147.28,1053.26,1172.31,1080.1,1159.61,1066.7,57.9806,53.3352,0.267,0.113
135,55,car,1064.23,729.43,1089.69,772.63,1076.38,745.49,53.8191,37.2744,0.4083,2.5299
135,59,person,1264.58,604.94,1278.34,634.38,1271.34,619.47,63.567,30.9737,0.578,0.127
135,61,person,360.83,663.99,369.01,680.97,364.8,672.77,18.2401,33.6385,0.3641,0.0869
135,18,car,628.54,627.96,665.75,668.73,647.01,648.34,32.3505,32.417,0.7415,0.0758
135,34,car,612.32,301.81,635.86,359.14,623.79,334.23,31.1896,16.7113,0.3877,0.5163
135,65,car,727.42,350.39,758.21,413.77,742.11,379.39,37.1055,18.9696,0.4111,1.3288
135,66,car,398.56,796.82,431.78,856.61,415.11,827.13,20.7557,41.3564,0.6363,0.201
135,67,car,593.77,185.73,620.17,229.46,606.84,208.89,30.3419,10.4443,0.3929,0.2591
135,76,bus,728.21,350.43,758.03,413.58,742.42,379.32,37.1211,18.9662,0.3223,1.322
135,77,car,600.05,254.73,621.8,291.49,610.79,273.29,30.5395,13.6646,0.3613,0.1106
135,78,person,1066.57,441.52,1075.32,461.9,1071.04,451.62,53.552,22.5811,0.3769,0.0235
135,11,car,402.77,539.72,463.09,573.9,430.43,556.77,21.5217,27.8387,0.5676,1.2034
135,84,person,1038.05,537.83,1048.87,561.42,1042.87,548.61,52.1433,27.4306,0.4429,0.6835
135,85,car,1110.94,624.49,1144.9,659.72,1127.61,642.44,56.3804,32.122,0.4221,0.1994
135,87,car,1083.65,657.03,1110.33,702.62,1096.94,680.11,54.8471,34.0055,0.4848,0.0609
135,89,motorcycle,1011.05,588.77,1030.51,613.62,1019.19,597.94,50.9593,29.8972,0.3599,1.8792
135,90,person,1282.18,584.79,1298.44,603.54,1291.48,593.8,64.5739,29.6902,0.3079,0.5583
135,91,car,1417.16,816.14,1443.52,869.88,1430.1,843.17,71.5048,42.1583,0.3204,0.1151
135,93,person,1362.55,433.95,1375.43,459.4,1368.95,446.56,68.4475,22.328,0.3925,0.0905
135,94,person,750.99,466.89,760.28,489.52,755.86,477.7,37.793,23.8852,0.3884,0.4573
135,96,person,1112.27,457.65,1124.6,482.44,1116.57,470.61,55.8283,23.5306,0.4003,0.9987
135,98,car,1111.59,624.47,1144.88,659.55,1128.0,642.22,56.3998,32.1108,0.2857,0.144
135,99,car,1091.75,593.83,1126.27,629.36,1107.86,611.61,55.3928,30.5803,0.4251,0.5932
135,103,car,284.3,545.35,341.19,580.7,312.27,564.09,15.6137,28.2046,0.3728,1.1694
135,105,car,717.46,238.78,735.9,274.73,725.64,251.24,36.282,12.562,0.3744,2.0501
135,106,car,1163.58,578.09,1209.34,618.69,1186.23,598.45,59.3115,29.9224,0.4633,0.0671
135,107,car,1033.0,665.77,1068.7,718.31,1049.0,689.36,52.45,34.4678,0.429,1.6412
135,109,car,989.64,921.91,1016.82,964.55,1004.99,947.65,50.2494,47.3827,0.5313,2.955
135,111,person,737.11,683.85,746.56,703.72,743.44,694.17,37.1722,34.7084,0.4829,0.6913
135,112,motorcycle,1185.59,561.07,1210.18,580.06,1202.89,570.49,60.1444,28.5243,0.3488,2.5535
135,113,person,1350.56,816.62,1361.85,845.6,1356.13,831.13,67.8063,41.5566,0.3984,0.0694
135,110,car,1368.14,479.62,1416.28,518.29,1388.97,497.51,69.4484,24.8755,0.52,1.764
135,95,car,731.95,731.08,763.36,773.57,747.65,752.47,37.3827,37.6233,0.4128,0.0133
135,114,car,757.74,608.74,799.51,656.27,782.09,633.85,39.1043,31.6927,0.6421,0.928
135,115,car,709.53,734.83,737.02,768.06,723.15,750.53,36.1577,37.5265,0.4522,0.2317
135,8,car,659.94,364.77,692.13,421.12,675.53,398.13,33.7764,19.9067,0.7141,3.1668
135,116,person,1387.85,434.34,1401.33,466.48,1394.59,450.41,69.7296,22.5204,0.5867,0.0
136,5,person,735.6,648.05,747.38,675.11,740.99,660.88,37.0493,33.0441,0.5503,0.5
136,7,car,942.2,972.36,991.91,1009.08,966.86,990.8,48.343,49.5398,0.663,0.1182
136,9,car,639.62,694.57,679.36,746.05,659.34,720.13,32.967,36.0064,0.7185,0.0822
136,10,car,754.04,665.47,789.1,700.49,771.43,683.08,38.5717,34.154,0.7549,0.0746
136,12,car,581.0,496.42,634.4,547.05,605.39,522.84,30.2695,26.142,0.7605,1.2171
136,14,car,612.49,351.31,641.07,419.53,626.7,385.8,31.3348,19.29,0.5357,0.2684
136,16,car,401.63,799.96,431.67,856.53,416.41,828.29,20.8206,41.4144,0.3345,0.1124
136,17,car,1123.54,684.68,1153.43,740.8,1138.3,712.87,56.915,35.6436,0.565,0.1463
136,19,car,760.06,246.39,784.35,286.31,772.17,266.53,38.6084,13.3263,0.5971,0.0802
136,20,motorcycle,1082.31,692.61,1095.87,716.95,1089.45,707.16,54.4723,35.3581,0.3921,1.2512
136,21,car,591.27,413.24,626.02,467.56,608.48,442.67,30.4238,22.1333,0.5672,0.1569
136,25,car,636.38,464.56,666.76,512.64,653.0,490.53,32.6499,24.5264,0.4021,0.9658
136,26,person,607.99,599.29,617.01,620.16,611.42,608.9,30.5709,30.445,0.4146,0.6706
136,27,car,1160.43,971.48,1182.53,991.54,1171.37,981.44,58.5684,49.0721,0.2977,0.0791
136,31,person,709.76,677.38,722.39,703.82,716.11,690.65,35.8056,34.5326,0.6189,0.025
136,33,car,1123.54,684.76,1153.44,740.44,1138.32,712.64,56.9161,35.6318,0.4338,0.1416
136,36,car,638.74,256.88,657.92,307.66,648.65,283.51,32.4326,14.1754,0.5164,0.0536
136,38,car,1149.08,628.55,1174.06,673.02,1161.51,650.83,58.0755,32.5417,0.4936,0.0389
136,42,person,1342.92,426.43,1363.92,459.08,1352.53,443.16,67.6265,22.158,0.3493,0.3812
136,46,car,931.72,459.92,972.96,493.34,952.79,479.76,47.6395,23.9878,0.3857,1.0331
136,53,car,1147.4,1053.24,1172.51,1080.09,1159.69,1066.69,57.9845,53.3347,0.2537,0.1183
136,55,car,1063.76,730.26,1090.13,774.57,1076.62,747.26,53.831,37.3629,0.4647,2.6792
136,59,person,1264.61,604.98,1278.29,634.41,1271.37,619.55,63.5687,30.9773,0.5563,0.1199
136,61,person,360.87,663.96,369.09,680.98,364.84,672.73,18.2422,33.6363,0.4109,0.0912
136,18,car,628.61,628.0,665.93,668.72,647.06,648.34,32.3531,32.4172,0.7817,0.0767
136,34,car,612.41,301.96,636.15,362.23,623.88,333.98,31.1939,16.699,0.3479,0.392
136,65,car,727.65,351.26,758.39,414.94,742.33,380.27,37.1167,19.0136,0.3567,1.3609
136,66,car,398.47,796.8,431.87,856.57,415.12,826.98,20.756,41.3489,0.6448,0.2254
136,67,car,593.85,185.66,620.21,228.12,606.89,208.3,30.3446,10.4151,0.39,0.8796
136,77,car,600.09,254.71,621.89,291.39,610.84,273.25,30.5419,13.6624,0.3128,0.0965
136,78,person,1066.56,441.46,1075.29,461.91,1071.01,451.64,53.5507,22.5822,0.3858,0.0515
136,11,car,403.68,539.78,463.73,573.96,431.25,556.77,21.5626,27.8387,0.5584,1.2271
136,84,person,1038.15,538.26,1048.97,561.74,1043.1,548.96,52.1548,27.4478,0.4338,0.6223
136,85,car,1111.04,624.45,1144.95,659.7,1127.7,642.34,56.385,32.117,0.4114,0.203
136,87,car,1083.69,656.93,1110.36,702.31,1096.97,680.03,54.8483,34.0013,0.4783,0.1294
136,89,motorcycle,1012.04,590.24,1031.93,615.17,1019.83,599.11,50.9915,29.9555,0.3591,1.9989
136,90,person,1281.72,585.12,1298.04,603.42,1291.1,593.93,64.5549,29.6967,0.311,0.6007
136,91,car,1417.36,816.13,1443.56,869.85,1430.17,843.12,71.5087,42.1559,0.3661,0.138
136,93,person,1362.63,434.15,1375.47,459.42,1368.98,446.54,68.4492,22.3269,0.4467,0.0615
136,94,person,750.86,466.99,760.27,489.84,755.76,477.93,37.7879,23.8967,0.3344,0.3774
136,96,person,1112.82,457.39,1124.84,482.27,1117.16,470.43,55.858,23.5215,0.3931,0.9341
136,98,car,1111.8,624.44,1144.86,659.44,1128.08,642.14,56.4038,32.107,0.2904,0.1644
136,99,car,1092.17,593.87,1126.73,629.32,1108.24,611.62,55.4118,30.5811,0.4103,0.5727
136,103,car,289.98,545.71,341.55,580.18,313.16,563.86,15.6581,28.1928,0.4207,1.3801
136,105,car,717.94,240.87,736.11,275.18,725.95,252.73,36.2977,12.6364,0.415,2.282
136,106,car,1163.5,578.57,1209.28,618.6,1186.25,598.45,59.3123,29.9224,0.4602,0.025
136,107,car,1033.73,666.62,1069.4,719.14,1049.63,690.25,52.4817,34.5123,0.4931,1.638
136,109,car,988.98,920.93,1016.3,965.55,1004.41,946.01,50.2206,47.3003,0.4505,2.6196
136,111,person,736.85,683.62,745.95,703.64,742.97,694.06,37.1483,34.7029,0.5749,0.7362
136,112,motorcycle,1183.93,560.95,1208.05,580.27,1201.13,570.5,60.0566,28.5248,0.3787,2.6329
136,113,person,1350.6,816.68,1361.89,845.61,1356.17,831.13,67.8083,41.5563,0.4137,0.0623
136,110,car,1369.03,479.41,1417.53,519.07,1390.13,497.73,69.5063,24.8865,0.4739,1.768
136,95,car,731.93,731.04,763.41,773.68,747.66,752.46,37.3828,37.6228,0.4378,0.016
136,114,car,756.43,608.31,798.32,655.93,780.9,633.39,39.0448,31.6697,0.6387,1.9144
136,115,car,709.61,734.89,736.98,767.23,723.18,750.66,36.1589,37.533,0.4647,0.1998
136,8,car,660.32,363.27,691.72,421.83,675.74,396.26,33.7871,19.8128,0.6964,2.8344
136,116,person,1387.8,434.35,1401.38,466.72,1394.59,450.47,69.7296,22.5236,0.5945,0.0936
137,5,person,735.58,648.38,747.74,675.05,741.14,661.15,37.057,33.0573,0.4528,0.459
137,7,car,942.26,972.36,991.92,1009.14,966.92,990.75,48.346,49.5376,0.65,0.1134
137,9,car,639.7,694.58,679.49,746.04,659.39,720.16,32.9696,36.0078,0.7214,0.0892
137,10,car,754.08,665.38,789.22,700.48,771.48,683.05,38.5741,34.1524,0.7545,0.0868
137,12,car,581.9,495.92,635.13,546.49,606.16,522.45,30.3082,26.1227,0.769,1.2958
137,14,car,612.58,351.26,641.2,418.25,626.73,385.59,31.3364,19.2793,0.5562,0.3253
137,16,car,401.72,799.84,431.83,856.51,416.49,828.25,20.8244,41.4126,0.3439,0.1262
137,17,car,1123.6,684.65,1153.54,740.84,1138.35,712.81,56.9175,35.6403,0.4376,0.124
137,19,car,760.25,246.62,784.33,286.32,772.18,266.51,38.6092,13.3254,0.5742,0.0356
137,20,motorcycle,1097.08,709.88,1111.33,735.2,1091.52,708.89,54.5758,35.4445,0.5219,4.0433
137,21,car,591.23,413.06,626.02,464.07,608.53,442.26,30.4263,22.1128,0.5868,0.6185
137,25,car,635.94,463.75,666.23,511.95,652.51,489.98,32.6253,24.4988,0.4169,1.1083
137,26,person,608.0,599.46,617.62,620.09,611.79,609.14,30.5896,30.457,0.4049,0.6677
137,27,car,1160.48,971.42,1182.58,991.49,1171.41,981.45,58.5704,49.0724,0.3573,0.0592
137,31,person,709.77,677.33,722.31,703.72,716.11,690.62,35.8055,34.5311,0.6069,0.0452
137,33,car,1123.6,684.8,1153.54,740.36,1138.37,712.57,56.9184,35.6284,0.5387,0.1228
137,36,car,638.66,256.11,657.82,306.92,648.59,283.2,32.4294,14.1601,0.5795,0.4704
137,38,car,1149.17,628.55,1174.1,673.0,1161.53,650.81,58.0766,32.5406,0.5416,0.047
137,42,person,1342.88,426.33,1364.16,459.09,1352.74,443.04,67.6371,22.152,0.3464,0.3642
137,46,car,930.38,460.99,972.86,493.87,952.49,479.21,47.6243,23.9604,0.3713,0.9415
137,53,car,1147.41,1053.19,1172.73,1080.08,1159.77,1066.68,57.9884,53.3341,0.2641,0.1186
137,55,car,1064.52,730.96,1090.63,771.54,1076.9,748.77,53.845,37.4386,0.3599,2.3077
137,59,person,1264.69,604.95,1278.3,634.37,1271.4,619.6,63.5702,30.9801,0.5549,0.0946
137,61,person,360.89,663.86,369.17,681.03,364.88,672.67,18.2442,33.6336,0.4097,0.1025
137,18,car,628.69,628.1,666.02,668.71,647.12,648.35,32.356,32.4177,0.7941,0.087
137,34,car,612.39,302.07,636.2,364.43,623.96,333.8,31.1981,16.69,0.3559,0.2995
137,65,car,727.96,351.84,758.64,416.17,742.58,381.16,37.1291,19.0581,0.3977,1.3852
137,66,car,398.62,796.92,432.04,856.56,415.15,826.85,20.7574,41.3423,0.585,0.2011
137,67,car,593.87,185.49,620.09,226.64,606.93,207.88,30.3464,10.3939,0.3655,0.6383
137,77,car,600.2,254.73,622.0,291.42,610.89,273.21,30.5446,13.6607,0.3607,0.0958
137,78,person,1066.55,441.35,1075.34,461.91,1070.98,451.66,53.5491,22.583,0.3725,0.054
137,11,car,403.99,539.91,464.31,574.16,432.0,556.87,21.5999,27.8435,0.583,1.1274
137,84,person,1038.44,538.54,1049.39,561.93,1043.29,549.28,52.1647,27.464,0.4287,0.5672
137,85,car,1111.02,624.42,1144.98,659.74,1127.79,642.25,56.3893,32.1123,0.4454,0.1918
137,87,car,1083.73,656.87,1110.42,702.15,1096.98,679.91,54.8492,33.9955,0.4943,0.1776
137,89,motorcycle,1012.89,590.6,1032.85,615.81,1020.53,600.17,51.0264,30.0083,0.3274,1.8976
137,90,person,1281.08,585.42,1297.7,603.27,1290.69,594.05,64.5346,29.7024,0.2879,0.6331
137,91,car,1417.47,816.12,1443.59,869.81,1430.26,843.06,71.5131,42.1532,0.4186,0.1542
137,93,person,1362.73,434.21,1375.45,459.37,1369.01,446.52,68.4506,22.3259,0.4937,0.0525
137,94,person,750.84,467.28,760.26,490.13,755.68,478.14,37.7841,23.9069,0.3454,0.3267
137,96,person,1113.3,456.99,1125.28,482.11,1117.74,470.23,55.8872,23.5113,0.3725,0.9271
137,98,car,1112.04,624.4,1144.89,659.24,1128.17,642.06,56.4084,32.1029,0.3657,0.1838
137,99,car,1092.6,593.88,1127.66,629.35,1108.65,611.63,55.4325,30.5814,0.4807,0.6187
137,103,car,287.19,545.75,341.19,580.48,313.72,563.67,15.6859,28.1834,0.4258,0.8807
137,105,car,718.23,242.92,736.8,278.03,726.31,254.53,36.3155,12.7266,0.4909,2.7566
137,106,car,1163.61,578.93,1209.18,618.59,1186.27,598.48,59.3135,29.9238,0.4526,0.0549
137,107,car,1034.34,667.51,1070.12,720.11,1050.28,691.13,52.5138,34.5566,0.4418,1.6407
137,109,car,988.37,919.96,1015.79,966.64,1003.83,944.83,50.1915,47.2413,0.496,1.9722
137,111,person,736.51,683.33,745.56,703.41,742.48,693.93,37.1242,34.6964,0.5101,0.7492
137,112,motorcycle,1182.09,560.84,1206.28,580.15,1199.42,570.47,59.971,28.5234,0.3185,2.5679
137,113,person,1350.61,816.67,1361.86,845.67,1356.2,831.12,67.8098,41.5559,0.44,0.0461
137,110,car,1371.12,479.71,1418.85,516.57,1391.33,497.84,69.5666,24.8918,0.5491,1.8162
137,95,car,732.13,731.05,763.51,773.74,747.68,752.44,37.384,37.6221,0.4948,0.0405
137,114,car,755.14,607.95,797.14,655.53,779.69,632.95,38.9844,31.6473,0.6653,1.9329
137,115,car,709.69,734.86,737.09,768.12,723.22,750.86,36.1608,37.5429,0.4778,0.3017
137,8,car,660.24,361.57,694.35,421.53,676.13,394.5,33.8064,19.7252,0.6922,2.6911
137,116,person,1388.81,434.37,1401.34,463.77,1394.75,450.0,69.7377,22.5001,0.5881,0.7429
138,5,person,735.64,648.81,748.1,675.01,741.31,661.36,37.0655,33.0679,0.4242,0.4077
138,7,car,942.28,972.32,991.94,1009.21,966.97,990.72,48.3486,49.5362,0.5947,0.0877
138,9,car,639.76,694.63,679.56,746.03,659.45,720.19,32.9725,36.0097,0.7359,0.1039
138,10,car,754.16,665.34,789.29,700.64,771.54,683.02,38.5768,34.1512,0.7806,0.0882
138,12,car,582.66,495.42,635.83,545.55,606.9,522.01,30.3451,26.1006,0.7918,1.2916
138,14,car,612.57,351.28,641.23,418.46,626.76,385.43,31.338,19.2715,0.5088,0.2374
138,16,car,401.76,799.77,431.9,856.48,416.57,828.23,20.8286,41.4115,0.3497,0.1281
138,17,car,1123.65,684.65,1153.57,741.11,1138.41,712.78,56.9204,35.6388,0.5114,0.0987
138,19,car,760.41,246.97,784.46,286.42,772.22,266.51,38.6112,13.3253,0.5508,0.06
138,20,motorcycle,1102.42,716.02,1117.15,741.86,1094.39,711.74,54.7193,35.5871,0.4908,6.0706
138,21,car,590.88,413.34,626.01,467.58,608.55,441.94,30.4275,22.097,0.6142,0.4756
138,25,car,635.52,463.0,665.65,511.44,652.02,489.35,32.601,24.4677,0.4107,1.1858
138,26,person,608.72,599.76,618.33,619.97,612.22,609.36,30.611,30.4682,0.3317,0.7245
138,27,car,1160.47,971.46,1182.49,991.39,1171.43,981.44,58.5715,49.0721,0.2972,0.0362
138,31,person,709.71,677.25,722.27,703.56,716.1,690.58,35.8049,34.5289,0.5688,0.0686
138,33,car,1123.68,684.85,1153.57,740.58,1138.42,712.54,56.9211,35.6269,0.5599,0.0948
138,36,car,638.57,255.28,657.85,306.11,648.5,282.7,32.4248,14.1352,0.5403,0.7584
138,38,car,1149.23,628.5,1174.11,672.98,1161.56,650.79,58.0779,32.5396,0.5466,0.048
138,42,person,1342.91,426.25,1364.32,459.11,1352.98,442.92,67.6492,22.1461,0.3651,0.4045
138,46,car,933.06,461.72,973.08,491.77,952.38,478.56,47.6192,23.928,0.3774,0.9844
138,53,car,1147.39,1053.15,1172.66,1080.08,1159.83,1066.67,57.9915,53.3335,0.2722,0.0957
138,55,car,1065.31,731.95,1091.07,770.04,1077.2,749.8,53.8598,37.4901,0.404,1.6083
138,59,person,1264.72,604.86,1278.45,634.28,1271.45,619.62,63.5723,30.9812,0.5334,0.0722
138,61,person,360.94,663.75,369.25,681.02,364.93,672.59,18.2463,33.6297,0.4117,0.1332
138,18,car,628.72,628.16,666.03,668.73,647.18,648.37,32.3588,32.4183,0.8191,0.0889
138,34,car,612.51,302.04,636.35,365.62,624.06,333.64,31.203,16.6821,0.3548,0.2776
138,65,car,728.35,352.35,758.79,417.5,742.84,382.08,37.1421,19.1041,0.3359,1.4334
138,66,car,398.74,797.02,432.17,856.54,415.21,826.77,20.7603,41.3387,0.6462,0.1403
138,67,car,593.89,185.43,620.25,235.15,606.97,208.24,30.3486,10.4121,0.3729,0.5508
138,77,car,600.24,254.8,622.14,291.47,610.95,273.18,30.5476,13.659,0.3677,0.1042
138,78,person,1066.57,441.24,1075.37,461.93,1070.96,451.66,53.5481,22.5831,0.3569,0.0296
138,11,car,404.2,539.87,464.71,573.46,432.66,556.86,21.633,27.843,0.615,0.9946
138,84,person,1038.92,538.57,1050.14,562.03,1043.55,549.58,52.1774,27.4789,0.4368,0.5877
138,85,car,1111.03,624.42,1145.0,659.79,1127.85,642.18,56.3926,32.1091,0.4062,0.1362
138,87,car,1083.74,656.78,1110.51,702.01,1097.01,679.77,54.8505,33.9884,0.457,0.2153
138,89,motorcycle,1014.16,590.63,1033.89,617.17,1021.28,601.19,51.064,30.0597,0.3341,1.9105
138,90,person,1280.42,585.62,1297.19,603.23,1290.24,594.16,64.5122,29.708,0.3239,0.6917
138,91,car,1417.52,816.13,1443.67,869.83,1430.34,843.03,71.5172,42.1514,0.474,0.1341
138,93,person,1362.76,434.37,1375.3,459.43,1369.03,446.51,68.4515,22.3256,0.5237,0.0266
138,94,person,750.53,467.66,759.87,489.95,755.59,478.3,37.7793,23.9151,0.3234,0.2851
138,96,person,1113.93,456.9,1125.72,481.87,1118.31,470.03,55.9155,23.5013,0.3574,0.8998
138,98,car,1111.73,624.41,1144.91,659.43,1128.22,642.0,56.4112,32.1001,0.3583,0.1193
138,99,car,1092.9,593.84,1128.16,629.22,1109.08,611.61,55.4542,30.5806,0.4307,0.6516
138,103,car,291.98,545.98,342.09,579.76,314.33,563.5,15.7163,28.1748,0.4061,0.9485
138,105,car,718.32,244.52,737.25,279.25,726.66,256.42,36.333,12.8209,0.4287,2.8772
138,106,car,1163.89,579.04,1208.94,618.59,1186.31,598.53,59.3153,29.9264,0.4631,0.0957
138,107,car,1034.96,668.37,1070.75,721.12,1050.92,692.02,52.546,34.601,0.4407,1.6446
138,109,car,987.9,918.91,1015.17,966.85,1003.25,943.97,50.1625,47.1985,0.4702,1.5519
138,111,person,736.31,682.9,745.25,703.05,742.02,693.74,37.1011,34.687,0.4204,0.7487
138,112,motorcycle,1180.77,560.67,1204.43,580.34,1197.76,570.49,59.8878,28.5243,0.2949,2.4952
138,113,person,1350.63,816.66,1361.9,845.72,1356.22,831.11,67.8112,41.5555,0.3848,0.0432
138,110,car,1372.85,479.73,1420.16,515.18,1392.57,497.86,69.6286,24.893,0.5811,1.8602
138,95,car,732.26,731.05,763.44,773.54,747.7,752.41,37.3852,37.6207,0.5046,0.0561
138,114,car,753.98,607.44,795.92,655.26,778.51,632.52,38.9254,31.6261,0.7294,1.8806
138,115,car,709.68,734.89,737.15,767.07,723.26,750.98,36.1628,37.549,0.4969,0.1931
138,8,car,660.3,359.77,695.24,421.22,676.52,392.82,33.8261,19.641,0.6809,2.5939
138,116,person,1388.57,434.61,1401.3,465.1,1394.8,449.97,69.74,22.4983,0.6366,0.0882
139,5,person,736.61,649.48,748.5,674.44,741.55,661.53,37.0777,33.0766,0.5163,0.4485
139,7,car,942.28,972.31,991.98,1009.28,967.02,990.72,48.3509,49.5362,0.6423,0.0687
139,9,car,639.81,694.63,679.61,746.0,659.51,720.23,32.9755,36.0116,0.7229,0.1061
139,10,car,754.26,665.38,789.3,700.77,771.59,683.01,38.5796,34.1507,0.7867,0.0842
139,12,car,583.47,494.89,636.46,544.59,607.63,521.51,30.3816,26.0755,0.7275,1.3274
139,14,car,612.55,351.29,641.24,418.51,626.79,385.31,31.3396,19.2653,0.5156,0.1925
139,16,car,401.85,799.79,431.95,856.48,416.66,828.22,20.8328,41.4108,0.318,0.1281
139,17,car,1123.74,684.63,1153.6,741.18,1138.47,712.78,56.9236,35.6391,0.5068,0.097
139,19,car,760.33,246.79,784.43,286.37,772.25,266.49,38.6126,13.3246,0.5895,0.0466
139,20,motorcycle,1104.23,718.04,1119.06,744.38,1097.52,715.06,54.8761,35.753,0.498,6.8473
139,21,car,590.64,413.53,626.07,469.84,608.56,441.73,30.4279,22.0864,0.5761,0.3168
139,25,car,634.54,462.14,665.12,510.95,651.5,488.67,32.5751,24.4336,0.4156,1.285
139,26,person,609.41,600.12,619.21,619.88,612.67,609.56,30.6337,30.478,0.5563,0.7416
139,27,car,1160.51,971.34,1182.64,991.33,1171.46,981.43,58.5731,49.0717,0.3211,0.049
139,31,person,709.75,677.27,722.22,703.44,716.08,690.53,35.8041,34.5266,0.6448,0.0722
139,33,car,1123.77,684.85,1153.61,740.62,1138.48,712.54,56.9242,35.6272,0.5651,0.0935
139,36,car,638.53,254.29,657.74,305.22,648.39,282.08,32.4197,14.1038,0.5033,0.9554
139,38,car,1149.31,628.4,1174.14,672.99,1161.59,650.77,58.0795,32.5385,0.5572,0.0581
139,42,person,1343.12,426.29,1364.45,459.15,1353.26,442.81,67.6631,22.1407,0.3559,0.4461
139,46,car,931.53,459.91,973.06,493.4,952.15,477.9,47.6077,23.8949,0.3704,1.0497
139,53,car,1147.44,1053.1,1172.49,1080.08,1159.88,1066.66,57.9939,53.3328,0.2765,0.0731
139,55,car,1066.37,733.01,1091.57,769.43,1077.53,750.55,53.8767,37.5277,0.3134,1.2366
139,59,person,1264.75,604.75,1278.51,634.21,1271.49,619.62,63.5743,30.981,0.546,0.0588
139,61,person,361.06,663.81,369.36,681.05,364.98,672.52,18.2489,33.626,0.4482,0.136
139,18,car,628.79,628.16,666.01,668.72,647.23,648.38,32.3616,32.419,0.7967,0.0862
139,34,car,612.79,301.52,636.3,357.53,624.18,332.83,31.2089,16.6416,0.3447,1.2283
139,65,car,728.61,352.81,758.97,419.18,743.08,383.05,37.1538,19.1524,0.4073,1.4922
139,66,car,398.75,797.21,432.29,856.55,415.27,826.76,20.7634,41.3379,0.5839,0.0978
139,67,car,593.94,185.39,620.16,230.92,606.99,208.41,30.3497,10.4207,0.3166,0.259
139,77,car,600.23,254.73,622.24,291.49,611.02,273.15,30.5508,13.6573,0.3666,0.1076
139,78,person,1066.66,441.13,1075.46,461.88,1070.97,451.64,53.5483,22.5822,0.357,0.028
139,11,car,404.78,539.68,465.22,572.47,433.3,556.73,21.6652,27.8367,0.5868,0.9832
139,84,person,1039.34,538.64,1050.7,562.15,1043.84,549.84,52.1921,27.492,0.4922,0.5904
139,85,car,1111.07,624.39,1145.03,659.81,1127.91,642.14,56.3955,32.107,0.3301,0.1103
139,87,car,1083.79,656.67,1110.63,701.78,1097.05,679.63,54.8524,33.9817,0.4434,0.2091
139,89,motorcycle,1014.17,591.98,1034.57,617.82,1022.0,602.14,51.1001,30.1072,0.3905,1.7893
139,90,person,1279.72,585.86,1296.85,603.3,1289.78,594.26,64.4891,29.713,0.2866,0.7096
139,91,car,1417.57,816.14,1443.72,869.86,1430.42,843.01,71.5209,42.1505,0.3884,0.1164
139,93,person,1362.78,434.41,1375.2,459.46,1369.01,446.68,68.4504,22.3338,0.468,0.248
139,94,person,749.9,468.15,759.87,490.39,755.45,478.49,37.7726,23.9247,0.3492,0.3501
139,96,person,1114.45,456.77,1126.43,481.69,1118.86,469.83,55.9429,23.4914,0.3621,0.8737
139,98,car,1111.5,624.39,1144.96,659.6,1128.26,641.97,56.4129,32.0987,0.44,0.0671
139,99,car,1093.3,593.77,1128.9,629.17,1109.55,611.58,55.4777,30.5792,0.4813,0.7076
139,103,car,296.64,546.16,342.65,579.03,314.98,563.3,15.7489,28.1651,0.3639,1.0179
139,105,car,718.62,245.84,737.52,280.46,727.02,258.19,36.3509,12.9093,0.4946,2.7073
139,106,car,1164.08,578.97,1208.94,618.51,1186.36,598.57,59.3182,29.9287,0.4674,0.1109
139,107,car,1035.63,669.38,1071.34,722.18,1051.56,692.93,52.5779,34.6466,0.4579,1.671
139,109,car,987.27,917.9,1014.38,966.63,1002.65,943.33,50.1324,47.1666,0.6027,1.3154
139,111,person,736.17,682.33,745.02,702.7,741.6,693.48,37.0799,34.6739,0.426,0.747
139,112,motorcycle,1178.58,561.17,1201.99,580.0,1195.99,570.5,59.7995,28.5252,0.2729,2.6496
139,113,person,1350.64,816.61,1361.97,845.6,1356.24,831.12,67.8122,41.5558,0.3263,0.0322
139,110,car,1374.55,479.94,1421.48,514.35,1393.83,497.9,69.6916,24.8949,0.5621,1.8934
139,95,car,732.29,731.07,763.44,773.46,747.73,752.38,37.3865,37.6191,0.4722,0.061
139,114,car,752.8,607.03,794.75,654.99,777.34,632.12,38.8671,31.6062,0.7021,1.8495
139,115,car,709.74,734.86,737.2,768.04,723.32,751.15,36.1658,37.5576,0.4786,0.2743
139,8,car,660.49,357.96,695.46,420.2,676.75,392.03,33.8377,19.6013,0.6357,1.2391
139,116,person,1388.57,434.72,1401.31,465.62,1394.83,450.01,69.7414,22.5004,0.5092,0.0745
139,117,person,1103.45,717.06,1119.93,745.83,1111.69,731.44,55.5843,36.5722,0.3973,0.0
140,5,person,737.27,650.02,748.72,674.3,741.84,661.7,37.0919,33.0849,0.5015,0.4943
140,7,car,942.3,972.31,992.01,1009.36,967.06,990.74,48.3531,49.5372,0.6309,0.0726
140,9,car,639.86,694.67,679.61,745.97,659.57,720.27,32.9783,36.0136,0.7086,0.1046
140,10,car,754.31,665.4,789.33,700.85,771.65,683.02,38.5823,34.1509,0.7753,0.082
140,12,car,584.25,494.49,637.76,544.25,608.43,521.02,30.4216,26.0509,0.75,1.411
140,14,car,612.55,351.29,641.19,418.48,626.82,385.2,31.341,19.2599,0.5784,0.1683
140,16,car,401.85,799.72,431.98,856.44,416.73,828.19,20.8365,41.4095,0.3079,0.1186
140,17,car,1123.79,684.65,1153.63,741.32,1138.54,712.81,56.9268,35.6405,0.5123,0.1054
140,19,car,760.37,246.62,784.4,286.39,772.29,266.48,38.6143,13.3242,0.5866,0.0525
140,20,motorcycle,1104.47,719.32,1119.4,745.45,1100.74,718.65,55.0368,35.9323,0.5311,7.2249
140,21,car,590.99,413.25,626.13,465.26,608.56,441.11,30.4282,22.0554,0.5766,0.9319
140,25,car,633.78,461.33,664.58,510.38,650.96,487.96,32.5482,24.3982,0.3915,1.3309
140,26,person,610.03,600.31,620.24,619.82,613.2,609.71,30.6598,30.4856,0.5043,0.8147
140,27,car,1160.6,971.29,1182.66,991.18,1171.5,981.42,58.5749,49.0708,0.4072,0.0601
140,31,person,709.73,677.14,722.26,703.26,716.06,690.47,35.8032,34.5237,0.6199,0.0918
140,33,car,1123.82,684.87,1153.66,740.79,1138.55,712.59,56.9275,35.6296,0.5487,0.1215
140,36,car,638.44,253.18,657.58,304.34,648.28,281.34,32.4142,14.0671,0.5254,1.113
140,38,car,1149.37,628.28,1174.15,672.96,1161.63,650.74,58.0813,32.5371,0.5344,0.0682
140,42,person,1343.24,426.53,1364.36,459.14,1353.45,442.78,67.6726,22.139,0.3356,0.2913
140,46,car,932.56,458.3,973.23,491.55,952.14,477.08,47.6071,23.8539,0.3938,1.2312
140,53,car,1147.51,1053.06,1172.76,1080.07,1159.95,1066.63,57.9974,53.3317,0.2602,0.1096
140,55,car,1066.98,734.24,1092.04,769.41,1077.9,751.14,53.8951,37.557,0.3047,1.0383
140,59,person,1264.81,604.59,1278.51,634.2,1271.52,619.59,63.5761,30.9796,0.5657,0.0676
140,61,person,361.1,663.74,369.38,681.07,365.04,672.48,18.2522,33.6239,0.4778,0.1168
140,18,car,628.84,628.1,666.08,668.69,647.29,648.39,32.3644,32.4194,0.7893,0.0847
140,34,car,612.76,301.71,636.53,361.26,624.3,332.29,31.215,16.6146,0.367,0.8307
140,65,car,728.66,353.18,759.07,420.11,743.28,383.98,37.1641,19.1991,0.4618,1.434
140,66,car,398.77,797.16,432.49,856.52,415.34,826.76,20.7671,41.3381,0.6257,0.1096
140,67,car,594.0,185.34,620.14,228.17,607.02,207.8,30.3508,10.3901,0.2746,0.9175
140,77,car,600.22,254.72,622.34,291.57,611.08,273.12,30.554,13.6561,0.3948,0.1036
140,78,person,1066.67,441.1,1075.47,461.81,1070.98,451.61,53.549,22.5806,0.3287,0.0521
140,11,car,405.31,539.49,466.59,572.07,433.99,556.58,21.6995,27.8289,0.6119,1.0539
140,84,person,1039.63,538.75,1051.08,562.3,1044.16,550.06,52.208,27.5028,0.4789,0.5769
140,85,car,1111.13,624.37,1145.05,659.82,1127.97,642.11,56.3985,32.1055,0.2942,0.0977
140,87,car,1083.72,656.62,1110.69,701.76,1097.08,679.52,54.8541,33.9758,0.4423,0.1844
140,89,motorcycle,1015.58,593.5,1035.65,618.71,1022.83,603.13,51.1414,30.1564,0.382,1.9261
140,90,person,1279.09,586.06,1296.35,603.69,1289.3,594.39,64.4648,29.7193,0.3486,0.753
140,91,car,1417.66,816.15,1443.75,869.84,1430.5,843.0,71.5249,42.1499,0.314,0.1205
140,93,person,1362.82,434.35,1375.17,459.44,1369.01,446.77,68.4505,22.3387,0.4973,0.1467
140,94,person,749.13,468.58,759.71,490.81,755.27,478.73,37.7633,23.9366,0.3978,0.4545
140,96,person,1114.84,456.77,1126.71,481.63,1119.35,469.65,55.9677,23.4825,0.3289,0.7917
140,98,car,1111.39,624.38,1144.99,659.7,1128.27,641.97,56.4136,32.0983,0.385,0.0237
140,99,car,1093.58,593.7,1129.64,629.12,1110.05,611.55,55.5024,30.5774,0.5209,0.7419
140,103,car,299.37,546.33,343.05,578.82,316.1,563.05,15.8049,28.1527,0.3831,1.722
140,105,car,718.56,246.9,737.76,281.47,727.35,259.91,36.3676,12.9955,0.5139,2.6327
140,106,car,1164.05,578.89,1208.75,618.48,1186.41,598.62,59.3204,29.9312,0.5057,0.1001
140,107,car,1036.18,670.32,1071.94,723.14,1052.18,693.86,52.6092,34.6929,0.4583,1.6752
140,109,car,986.65,917.01,1013.67,966.14,1002.05,942.86,50.1023,47.1428,0.4645,1.151
140,111,person,736.06,681.65,744.76,702.27,741.22,693.17,37.0611,34.6585,0.4656,0.7309
140,112,motorcycle,1176.41,561.5,1199.85,580.08,1194.1,570.57,59.7052,28.5287,0.2552,2.8311
140,113,person,1350.67,816.57,1362.03,845.51,1356.26,831.12,67.8132,41.556,0.3569,0.0302
140,110,car,1375.98,479.92,1422.86,513.76,1395.12,497.85,69.7561,24.8925,0.5322,1.9361
140,95,car,732.58,731.05,763.58,773.39,747.79,752.34,37.3895,37.6168,0.5018,0.114
140,114,car,751.69,606.57,793.58,654.49,776.17,631.74,38.8083,31.587,0.666,1.8552
140,115,car,709.76,734.87,737.25,767.56,723.37,751.23,36.1684,37.5616,0.5285,0.1435
140,8,car,660.98,356.28,694.77,418.27,677.0,391.04,33.8502,19.552,0.727,1.5269
140,116,person,1388.2,434.78,1401.32,466.18,1394.82,450.09,69.7408,22.5043,0.5156,0.1198
140,117,person,1103.41,718.09,1119.83,746.59,1111.65,731.89,55.5827,36.5945,0.418,0.6732
141,5,person,737.81,650.58,748.88,674.37,742.17,661.87,37.1083,33.0935,0.459,0.5564
141,7,car,942.37,972.35,992.01,1009.41,967.11,990.78,48.3553,49.5388,0.6459,0.08
141,9,car,639.9,694.66,679.6,745.93,659.62,720.3,32.9812,36.0148,0.7194,0.0937
141,10,car,754.39,665.44,789.33,700.83,771.7,683.03,38.5852,34.1517,0.7776,0.0907
141,12,car,584.71,494.15,638.2,543.73,609.24,520.51,30.4619,26.0256,0.7521,1.4255
141,14,car,612.6,351.24,641.15,417.98,626.85,385.01,31.3425,19.2506,0.5075,0.2817
141,16,car,401.82,799.74,431.99,856.38,416.79,828.16,20.8397,41.4079,0.3001,0.1079
141,17,car,1123.84,684.74,1153.72,741.46,1138.61,712.86,56.9304,35.643,0.5608,0.1295
141,19,car,760.45,246.53,784.47,286.66,772.33,266.5,38.6166,13.325,0.6042,0.073
141,20,motorcycle,1104.83,720.46,1119.5,746.03,1104.01,722.54,55.2007,36.1268,0.4856,7.6276
141,21,car,591.56,413.07,626.22,462.25,608.6,440.24,30.4299,22.0118,0.5019,1.3097
141,25,car,633.27,460.57,664.19,509.73,650.43,487.25,32.5217,24.3623,0.3867,1.3395
141,26,person,610.51,600.37,621.19,619.89,613.76,609.85,30.6882,30.4927,0.4877,0.8796
141,27,car,1160.63,971.32,1182.64,991.13,1171.54,981.38,58.577,49.0691,0.3728,0.0811
141,31,person,709.81,677.1,722.24,703.15,716.04,690.4,35.8022,34.52,0.593,0.1158
141,33,car,1123.84,684.82,1153.71,741.28,1138.62,712.69,56.9308,35.6344,0.4849,0.1757
141,36,car,638.37,252.19,657.44,303.47,648.19,280.54,32.4094,14.0268,0.4327,1.2166
141,38,car,1149.39,628.16,1174.13,672.96,1161.66,650.71,58.0832,32.5354,0.5106,0.0778
141,42,person,1343.32,426.53,1364.4,459.16,1353.6,442.77,67.6799,22.1383,0.3246,0.2182
141,46,car,932.6,457.63,973.26,490.12,952.26,476.21,47.6131,23.8105,0.3062,1.3141
141,53,car,1147.6,1053.07,1172.99,1080.07,1160.03,1066.62,58.0017,53.3308,0.261,0.1333
141,55,car,1066.42,735.57,1092.38,774.76,1078.22,751.99,53.9111,37.5993,0.3013,1.3552
141,59,person,1264.8,604.46,1278.52,634.11,1271.56,619.53,63.5782,30.9767,0.5838,0.1061
141,61,person,361.14,663.74,369.34,681.09,365.1,672.43,18.2551,33.6217,0.4758,0.108
141,18,car,628.84,628.01,666.34,668.69,647.37,648.39,32.3685,32.4196,0.7699,0.1216
141,34,car,612.73,301.95,636.55,363.67,624.42,331.93,31.2209,16.5963,0.3681,0.5762
141,65,car,728.74,353.62,759.22,420.61,743.48,384.84,37.1738,19.2419,0.4624,1.3161
141,66,car,398.64,797.08,432.52,856.51,415.41,826.78,20.7704,41.3388,0.6588,0.1008
141,67,car,594.05,185.47,620.11,226.44,607.04,207.39,30.3518,10.3693,0.3249,0.6256
141,77,car,600.18,254.78,622.38,291.69,611.14,273.12,30.5572,13.6562,0.4167,0.0949
141,78,person,1066.7,440.94,1075.56,461.77,1071.01,451.56,53.5503,22.5781,0.3381,0.0864
141,11,car,406.15,539.58,467.74,572.5,434.73,556.47,21.7367,27.8234,0.614,1.128
141,84,person,1039.86,538.87,1051.29,562.46,1044.49,550.25,52.2244,27.5124,0.4746,0.5702
141,85,car,1111.12,624.35,1145.05,659.85,1128.02,642.09,56.4012,32.1047,0.3379,0.0858
141,87,car,1083.64,656.71,1110.7,701.77,1097.11,679.43,54.8557,33.9715,0.4313,0.1396
141,89,motorcycle,1016.22,593.06,1036.42,619.31,1023.71,604.03,51.1855,30.2014,0.3886,1.8916
141,90,person,1278.56,586.31,1295.79,604.1,1288.79,594.55,64.4397,29.7276,0.3849,0.7926
141,91,car,1417.69,816.14,1443.77,869.85,1430.57,842.99,71.5286,42.1495,0.3449,0.112
141,93,person,1362.83,434.33,1375.11,459.39,1369.02,446.84,68.4509,22.3418,0.4996,0.0918
141,94,person,748.71,469.01,759.41,491.54,755.05,479.05,37.7523,23.9526,0.4075,0.5825
141,96,person,1115.06,455.95,1127.29,481.44,1119.82,469.42,55.9912,23.4709,0.4179,0.7853
141,98,car,1111.27,624.35,1145.0,659.79,1128.27,641.97,56.4136,32.0986,0.3913,0.0076
141,99,car,1093.88,593.6,1130.11,629.04,1110.55,611.51,55.5273,30.5753,0.5138,0.7501
141,103,car,300.25,546.67,342.86,578.98,317.45,562.85,15.8724,28.1425,0.4128,2.0488
141,105,car,718.25,248.06,738.27,283.28,727.64,261.45,36.3822,13.0724,0.5599,2.3499
141,106,car,1164.21,578.92,1208.68,618.52,1186.43,598.67,59.3215,29.9336,0.4629,0.0789
141,107,car,1036.83,671.3,1072.59,724.05,1052.82,694.81,52.6411,34.7404,0.4431,1.7176
141,109,car,985.97,915.9,1013.14,965.3,1001.43,942.44,50.0716,47.1221,0.5013,1.1114
141,111,person,735.93,680.95,744.66,701.91,740.91,692.81,37.0454,34.6404,0.4479,0.7162
141,112,motorcycle,1174.59,561.35,1199.35,579.02,1192.29,570.53,59.6146,28.5267,0.2553,2.7192
141,113,person,1350.71,816.51,1362.19,845.48,1356.3,831.11,67.8148,41.5555,0.4108,0.0493
141,110,car,1377.39,479.86,1424.16,513.37,1396.46,497.77,69.8228,24.8885,0.4931,2.0027
141,95,car,732.66,731.02,763.75,773.4,747.88,752.3,37.394,37.6148,0.5134,0.146
141,114,car,750.38,606.11,792.57,653.93,775.0,631.32,38.7498,31.5662,0.6326,1.8608
141,115,car,709.8,734.85,737.29,767.16,723.41,751.23,36.1707,37.5617,0.5224,0.0687
141,8,car,661.7,354.56,694.31,416.04,677.28,389.88,33.8641,19.4942,0.7094,1.7824
141,116,person,1388.0,434.71,1401.35,466.44,1394.8,450.16,69.7398,22.5078,0.5184,0.1097
141,117,person,1103.88,719.26,1119.42,746.55,1111.65,732.23,55.5826,36.6115,0.3527,0.5081
141,118,person,919.87,873.27,929.6,895.62,924.73,884.44,46.2367,44.2222,0.5144,0.0
142,5,person,738.23,650.99,748.93,674.39,742.5,662.07,37.125,33.1035,0.4597,0.5832
142,7,car,942.4,972.37,992.03,1009.45,967.14,990.81,48.3568,49.5404,0.6728,0.0672
142,9,car,639.93,694.7,679.59,745.92,659.67,720.31,32.9835,36.0157,0.7083,0.0744
142,10,car,754.41,665.48,789.34,700.82,771.75,683.06,38.5877,34.1528,0.7692,0.0816
142,12,car,584.96,493.9,638.58,543.44,609.95,520.02,30.4975,26.001,0.7607,1.2996
142,14,car,612.64,351.21,641.06,417.17,626.87,384.8,31.3433,19.2402,0.5701,0.3153
142,16,car,401.78,799.8,431.99,856.43,416.84,828.13,20.8419,41.4066,0.3076,0.0743
142,17,car,1123.93,684.85,1153.72,741.6,1138.67,712.94,56.9333,35.647,0.569,0.1494
142,19,car,760.43,246.38,784.56,286.76,772.38,266.54,38.6189,13.3269,0.5929,0.0905
142,20,motorcycle,1104.91,721.31,1119.33,746.74,1107.28,726.73,55.3639,36.3367,0.4496,7.976
142,21,car,591.61,412.96,626.32,460.79,608.64,439.27,30.432,21.9635,0.5606,1.4482
142,25,car,633.02,459.68,663.91,509.03,649.92,486.51,32.4961,24.3255,0.3564,1.3446
142,26,person,610.96,600.54,621.87,619.92,614.36,609.97,30.7182,30.4985,0.5548,0.9158
142,27,car,1160.63,971.31,1182.74,991.13,1171.57,981.34,58.5787,49.0671,0.4977,0.0782
142,31,person,709.93,676.97,722.23,703.13,716.03,690.32,35.8014,34.5162,0.6492,0.1164
142,33,car,1123.87,684.83,1153.69,741.63,1138.67,712.82,56.9334,35.641,0.4593,0.2135
142,36,car,638.36,251.25,657.34,302.6,648.1,279.68,32.4049,13.9839,0.4466,1.2961
142,38,car,1149.44,628.08,1174.16,672.97,1161.7,650.67,58.0851,32.5335,0.5198,0.0803
142,42,person,1343.32,426.51,1364.4,459.11,1353.69,442.76,67.6847,22.1382,0.3187,0.1459
142,46,car,931.82,457.13,973.21,492.28,952.52,475.85,47.6262,23.7926,0.3834,0.6658
142,53,car,1147.67,1053.09,1173.36,1080.05,1160.14,1066.6,58.0068,53.33,0.3202,0.1558
142,55,car,1066.26,736.74,1092.73,778.57,1078.58,752.93,53.9292,37.6466,0.2803,1.5198
142,59,person,1264.81,604.49,1278.41,634.02,1271.59,619.48,63.5793,30.9738,0.5797,0.0938
142,61,person,361.2,663.76,369.33,681.08,365.15,672.43,18.2575,33.6213,0.4631,0.0753
142,18,car,628.76,627.9,666.38,668.66,647.43,648.38,32.3715,32.4191,0.7706,0.0919
142,34,car,612.93,301.51,636.42,356.61,624.5,331.72,31.225,16.5862,0.3984,0.3289
142,65,car,728.83,354.1,759.36,421.13,743.66,385.63,37.183,19.2814,0.4785,1.2175
142,66,car,398.54,797.08,432.53,856.54,415.46,826.79,20.773,41.3395,0.6641,0.081
142,67,car,594.1,185.59,620.16,225.44,607.06,207.09,30.353,10.3544,0.338,0.4475
142,77,car,600.16,254.79,622.43,291.8,611.2,273.15,30.5598,13.6575,0.4217,0.0892
142,78,person,1066.72,440.84,1075.61,461.75,1071.04,451.5,53.5519,22.5751,0.3235,0.1002
142,11,car,406.43,539.75,469.03,573.37,435.42,556.43,21.771,27.8216,0.6433,1.0314
142,84,person,1040.0,538.94,1051.26,562.58,1044.8,550.41,52.2399,27.5205,0.497,0.5249
142,85,car,1111.28,624.35,1145.12,659.73,1128.06,642.09,56.4032,32.1043,0.318,0.0612
142,87,car,1083.79,656.76,1110.72,701.63,1097.15,679.34,54.8576,33.967,0.2873,0.1459
142,89,motorcycle,1017.05,593.21,1037.32,620.5,1024.62,604.84,51.2312,30.2418,0.3393,1.8306
142,90,person,1278.07,586.65,1295.27,604.37,1288.27,594.74,64.4137,29.7372,0.3451,0.8317
142,91,car,1417.74,816.12,1443.8,869.89,1430.63,842.99,71.5317,42.1495,0.3597,0.0918
142,93,person,1362.83,434.31,1375.16,459.48,1369.02,446.87,68.4509,22.3433,0.5052,0.0471
142,94,person,748.33,469.12,758.98,491.99,754.76,479.39,37.7381,23.9694,0.4125,0.6587
142,96,person,1115.29,455.54,1127.72,481.31,1120.26,469.19,56.0131,23.4593,0.3479,0.7439
142,98,car,1111.36,624.36,1145.07,659.71,1128.27,641.97,56.4134,32.0987,0.3924,0.0063
142,99,car,1094.27,593.56,1130.58,628.86,1111.03,611.45,55.5517,30.5725,0.4433,0.7373
142,103,car,302.27,546.76,343.12,578.73,318.87,562.81,15.9435,28.1405,0.358,2.1332
142,105,car,718.45,249.47,738.5,284.4,727.9,262.9,36.395,13.1451,0.5214,2.2144
142,106,car,1164.21,578.93,1208.61,618.64,1186.42,598.73,59.3212,29.9364,0.4681,0.0862
142,107,car,1037.52,672.33,1073.15,725.16,1053.46,695.77,52.6731,34.7883,0.4109,1.729
142,109,car,985.4,914.64,1012.54,964.63,1000.82,941.93,50.0412,47.0964,0.3596,1.194
142,111,person,735.79,680.26,744.66,701.58,740.68,692.4,37.0339,34.62,0.4731,0.7042
142,112,motorcycle,1145.93,507.94,1168.72,530.32,1186.5,563.19,59.3249,28.1593,0.2613,14.0358
142,113,person,1350.72,816.48,1362.14,845.68,1356.33,831.1,67.8164,41.5552,0.4699,0.0486
142,110,car,1378.74,479.81,1425.38,513.06,1397.86,497.41,69.8932,24.8705,0.5091,2.1792
142,95,car,732.77,731.0,763.85,773.44,747.97,752.28,37.3987,37.6141,0.506,0.1427
142,114,car,749.1,605.64,791.48,653.27,773.81,630.89,38.6903,31.5444,0.5918,1.9018
142,115,car,709.86,734.86,737.33,767.46,723.46,751.19,36.173,37.5597,0.5548,0.0925
142,8,car,662.42,353.15,693.49,415.2,677.56,388.63,33.8778,19.4316,0.6939,1.9239
142,116,person,1388.01,434.73,1401.35,466.27,1394.81,450.17,69.7404,22.5085,0.5559,0.0275
142,117,person,1104.21,720.01,1119.18,746.54,1111.66,732.49,55.5832,36.6245,0.3345,0.3918
142,118,person,920.06,873.14,929.61,895.87,924.78,884.47,46.2392,44.2237,0.4813,0.0865
142,3,person,1325.32,436.28,1336.6,463.73,1330.12,451.03,66.5059,22.5515,0.5224,0.4667
143,5,person,738.59,651.24,748.89,674.33,742.82,662.24,37.1411,33.1121,0.4445,0.5463
143,7,car,942.44,972.41,992.05,1009.44,967.16,990.84,48.3582,49.5418,0.6457,0.0598
143,9,car,639.96,694.71,679.58,745.93,659.71,720.31,32.9855,36.0157,0.6941,0.0588
143,10,car,754.44,665.49,789.31,700.8,771.8,683.08,38.5899,34.154,0.7604,0.0758
143,12,car,585.17,493.52,639.04,542.9,610.58,519.52,30.529,25.9759,0.7535,1.2085
143,14,car,612.67,351.23,640.98,416.86,626.87,384.61,31.3437,19.2303,0.5853,0.2952
143,16,car,401.76,799.86,432.0,856.47,416.87,828.12,20.8435,41.4061,0.2959,0.053
143,17,car,1123.94,684.8,1153.73,741.83,1138.71,713.02,56.9357,35.6511,0.4531,0.1432
143,19,car,760.41,246.09,784.49,286.64,772.41,266.54,38.6207,13.327,0.5876,0.0517
143,20,motorcycle,1104.99,721.85,1119.3,746.94,1110.57,730.96,55.5286,36.5482,0.4193,8.0422
143,21,car,591.52,412.96,626.35,459.58,608.68,438.68,30.4341,21.934,0.5722,0.8872
143,25,car,633.08,459.03,663.6,508.41,649.46,485.81,32.473,24.2907,0.3496,1.2539
143,26,person,611.39,600.68,622.34,619.92,614.99,610.05,30.7494,30.5026,0.5557,0.9429
143,27,car,1160.64,971.24,1182.73,990.83,1171.6,981.28,58.5801,49.0638,0.4801,0.1104
143,31,person,709.99,676.88,722.22,703.13,716.03,690.24,35.8016,34.5119,0.6548,0.1285
143,33,car,1123.93,684.89,1153.73,741.72,1138.72,712.92,56.9358,35.646,0.5702,0.1669
143,36,car,638.27,250.38,657.23,301.84,648.02,278.8,32.4008,13.9399,0.4834,1.3253
143,38,car,1149.48,628.04,1174.2,672.98,1161.74,650.63,58.087,32.5315,0.512,0.0825
143,42,person,1343.27,426.97,1364.27,459.1,1353.74,442.8,67.6872,22.1402,0.3127,0.0966
143,46,car,932.12,455.63,973.3,490.35,952.58,475.33,47.6289,23.7666,0.3526,0.7841
143,53,car,1147.71,1053.21,1173.62,1080.05,1160.24,1066.6,58.0119,53.3298,0.2621,0.1518
143,55,car,1066.54,737.9,1093.04,781.48,1078.99,753.97,53.9495,37.6985,0.3129,1.6737
143,59,person,1264.83,604.53,1278.26,633.93,1271.6,619.41,63.5799,30.9705,0.5614,0.1005
143,61,person,361.27,663.76,369.31,681.07,365.2,672.42,18.2598,33.6209,0.44,0.0679
143,18,car,628.68,627.84,666.36,668.65,647.47,648.37,32.3733,32.4183,0.7772,0.0581
143,34,car,613.1,301.29,636.26,352.24,624.56,330.96,31.2279,16.5481,0.4045,1.1458
143,65,car,728.93,354.94,759.52,421.63,743.83,386.37,37.1916,19.3184,0.4803,1.1413
143,66,car,398.39,797.16,432.56,856.56,415.5,826.81,20.7752,41.3407,0.6632,0.0761
143,67,car,594.12,185.7,620.16,224.95,607.07,206.87,30.3537,10.3433,0.3846,0.3351
143,77,car,600.18,254.73,622.47,291.84,611.24,273.18,30.5622,13.6592,0.4311,0.0876
143,78,person,1066.87,440.88,1075.68,461.76,1071.09,451.45,53.5544,22.5725,0.331,0.1084
143,11,car,406.57,539.75,469.98,573.55,436.07,556.4,21.8037,27.82,0.644,0.9811
143,84,person,1040.14,538.97,1051.24,562.78,1045.1,550.53,52.2551,27.5267,0.5174,0.4945
143,85,car,1111.48,624.41,1145.14,659.62,1128.11,642.08,56.4054,32.1038,0.4023,0.0684
143,87,car,1083.66,656.65,1110.77,701.94,1097.18,679.29,54.859,33.9647,0.446,0.0803
143,89,motorcycle,1018.08,594.75,1038.04,621.02,1025.49,605.58,51.2746,30.2788,0.3661,1.7106
143,90,person,1277.62,586.92,1294.84,604.8,1287.75,594.97,64.3877,29.7486,0.3367,0.8524
143,91,car,1417.86,816.16,1443.87,869.91,1430.69,843.0,71.5346,42.1498,0.3734,0.0874
143,93,person,1362.91,434.24,1375.18,459.44,1369.02,446.87,68.4508,22.3437,0.5113,0.012
143,94,person,748.05,469.51,758.55,492.34,754.44,479.75,37.7219,23.9874,0.3876,0.7257
143,96,person,1115.63,455.11,1128.02,481.24,1120.69,468.95,56.0345,23.4475,0.3339,0.7331
143,98,car,1111.45,624.38,1145.09,659.65,1128.26,641.99,56.413,32.0993,0.3126,0.0211
143,99,car,1094.61,593.59,1130.99,628.75,1111.51,611.39,55.5756,30.5695,0.5221,0.7231
143,103,car,303.84,546.71,343.54,576.92,320.0,562.65,16.0002,28.1324,0.2775,1.7171
143,105,car,719.15,250.82,738.93,286.18,728.19,264.4,36.4094,13.22,0.5036,2.2862
143,106,car,1164.28,578.95,1208.58,618.68,1186.43,598.76,59.3215,29.9381,0.4581,0.0501
143,107,car,1038.27,673.32,1073.85,726.1,1054.1,696.74,52.7052,34.8371,0.462,1.7522
143,109,car,984.95,913.51,1012.0,963.93,1000.23,941.28,50.0114,47.0641,0.3744,1.3176
143,111,person,735.57,679.7,744.77,701.33,740.5,691.95,37.0251,34.5977,0.4306,0.7176
143,112,motorcycle,1136.69,488.93,1159.19,513.13,1179.63,553.25,58.9817,27.6623,0.2557,18.1201
143,113,person,1350.74,816.55,1362.18,845.94,1356.36,831.12,67.8179,41.5559,0.4242,0.0499
143,110,car,1379.91,479.8,1426.66,512.88,1399.29,497.0,69.9646,24.8498,0.5916,2.2323
143,95,car,732.81,730.96,763.85,773.47,748.07,752.26,37.4034,37.613,0.51,0.145
143,114,car,747.77,605.13,790.18,652.58,772.61,630.42,38.6303,31.5211,0.6093,1.9314
143,115,car,709.85,734.86,737.32,767.39,723.5,751.2,36.1751,37.5601,0.5238,0.0628
143,8,car,662.86,351.69,692.68,414.35,677.81,387.27,33.8903,19.3635,0.7216,2.0765
143,116,person,1387.98,434.84,1401.49,466.05,1394.83,450.16,69.7414,22.5079,0.5214,0.0353
143,117,person,1104.5,720.27,1119.39,746.65,1111.72,732.68,55.586,36.6342,0.2782,0.3017
143,118,person,920.22,873.21,929.6,896.07,924.83,884.53,46.2413,44.2264,0.4804,0.1033
143,3,person,1325.41,436.44,1336.58,463.78,1330.3,450.82,66.5151,22.541,0.5217,0.4203
144,5,person,738.99,651.16,748.92,674.34,743.15,662.39,37.1575,33.1195,0.5226,0.5402
144,7,car,942.46,972.44,992.1,1009.45,967.19,990.87,48.3595,49.5433,0.6328,0.0583
144,9,car,639.99,694.76,679.58,745.99,659.74,720.32,32.9868,36.0162,0.6737,0.0422
144,10,car,754.43,665.49,789.31,700.69,771.83,683.1,38.5915,34.1551,0.7443,0.0586
144,12,car,585.82,493.03,639.69,542.25,611.19,519.01,30.5593,25.9504,0.6882,1.1877
144,14,car,612.68,351.26,640.9,416.7,626.86,384.5,31.3429,19.2248,0.5961,0.1675
144,16,car,401.77,799.94,432.03,856.49,416.89,828.13,20.8444,41.4063,0.3159,0.027
144,17,car,1123.95,684.8,1153.7,742.04,1138.75,713.12,56.9376,35.6559,0.4518,0.1542
144,19,car,760.38,245.74,784.61,286.7,772.44,266.5,38.6222,13.3252,0.5611,0.0701
144,20,motorcycle,1105.12,722.51,1119.32,746.94,1111.72,732.7,55.5858,36.6352,0.3972,3.1253
144,21,car,591.42,412.95,626.36,459.95,608.72,438.38,30.436,21.9189,0.5892,0.4572
144,25,car,633.05,458.16,663.13,507.49,649.03,485.1,32.4516,24.2548,0.4376,1.2542
144,26,person,611.05,600.52,622.55,620.03,615.56,610.12,30.7779,30.5061,0.4923,0.861
144,27,car,1160.63,971.15,1182.76,990.66,1171.63,981.2,58.5813,49.0599,0.5039,0.1221
144,31,person,709.87,676.55,722.21,703.12,716.03,690.14,35.8016,34.507,0.5913,0.1479
144,33,car,1124.01,684.95,1153.73,741.82,1138.76,713.03,56.9379,35.6517,0.5554,0.1831
144,36,car,638.21,249.44,656.99,300.72,647.92,277.88,32.3962,13.8939,0.4602,1.3857
144,38,car,1149.49,628.05,1174.22,672.98,1161.77,650.59,58.0886,32.5297,0.4851,0.0735
144,42,person,1343.2,427.36,1364.22,459.11,1353.77,442.88,67.6886,22.144,0.303,0.1201
144,46,car,932.41,455.51,973.35,489.33,952.76,474.62,47.6379,23.7308,0.3443,1.1068
144,53,car,1147.77,1053.25,1174.04,1080.05,1160.36,1066.6,58.0179,53.3299,0.263,0.1785
144,55,car,1068.58,738.85,1093.39,778.89,1079.48,755.06,53.9739,37.7529,0.3288,1.7883
144,59,person,1264.89,604.6,1278.2,633.95,1271.6,619.36,63.5802,30.9678,0.5477,0.0826
144,61,person,361.32,663.81,369.31,681.07,365.24,672.42,18.2618,33.6208,0.4054,0.0608
144,18,car,628.59,627.87,666.33,668.63,647.48,648.34,32.374,32.4172,0.7662,0.0407
144,34,car,612.97,301.77,636.35,357.94,624.61,330.48,31.2305,16.5238,0.4838,0.7322
144,65,car,729.04,355.74,759.66,422.41,743.98,387.09,37.1991,19.3547,0.4778,1.1094
144,66,car,398.3,797.17,432.71,856.59,415.53,826.83,20.7764,41.3417,0.6517,0.0477
144,67,car,594.15,185.75,620.05,224.45,607.09,206.73,30.3545,10.3364,0.381,0.2085
144,77,car,600.16,254.72,622.51,291.89,611.28,273.22,30.5639,13.6608,0.4359,0.0703
144,78,person,1067.0,440.93,1075.8,461.75,1071.15,451.41,53.5577,22.5704,0.3196,0.1152
144,11,car,407.04,539.79,469.93,573.01,436.69,556.31,21.8346,27.8155,0.6409,0.939
144,84,person,1040.24,539.05,1051.33,562.95,1045.37,550.64,52.2685,27.5322,0.4717,0.4315
144,85,car,1111.44,624.47,1145.15,659.68,1128.15,642.08,56.4075,32.1038,0.4073,0.0621
144,87,car,1083.55,656.7,1110.78,702.21,1097.19,679.29,54.8596,33.9643,0.424,0.0228
144,89,motorcycle,1019.2,595.58,1038.86,621.61,1026.37,606.35,51.3186,30.3173,0.4027,1.7547
144,90,person,1277.14,586.96,1294.5,605.16,1287.24,595.22,64.3622,29.7608,0.3692,0.8483
144,91,car,1417.85,816.19,1443.9,869.94,1430.74,843.01,71.5371,42.1505,0.3658,0.0772
144,93,person,1362.95,434.2,1375.24,459.44,1369.02,446.88,68.4509,22.3439,0.4899,0.0064
144,94,person,747.8,469.88,758.04,492.56,754.06,480.11,37.7031,24.0053,0.3995,0.7803
144,96,person,1116.15,455.05,1128.36,481.1,1121.11,468.74,56.0557,23.437,0.4337,0.7089
144,98,car,1111.4,624.43,1145.11,659.72,1128.23,642.02,56.4115,32.1011,0.3079,0.0698
144,99,car,1094.87,593.64,1131.39,628.63,1111.94,611.32,55.5971,30.5661,0.5155,0.6517
144,103,car,303.0,546.68,345.24,577.65,321.42,562.51,16.0711,28.1256,0.3885,2.1367
144,105,car,719.62,251.69,739.31,287.17,728.47,265.68,36.4233,13.2839,0.5113,1.9639
144,106,car,1164.34,579.14,1208.54,618.75,1186.44,598.79,59.3218,29.9394,0.4614,0.0406
144,107,car,1038.93,674.32,1074.56,727.16,1054.75,697.73,52.7375,34.8866,0.4138,1.7721
144,109,car,984.49,912.33,1011.57,962.94,999.65,940.47,49.9825,47.0236,0.402,1.492
144,111,person,735.33,679.2,744.81,700.86,740.36,691.48,37.0182,34.5739,0.4206,0.7444
144,113,person,1350.78,816.59,1362.23,846.08,1356.4,831.14,67.8198,41.5571,0.4618,0.068
144,110,car,1381.1,479.76,1427.96,512.77,1400.66,496.73,70.0328,24.8364,0.5828,2.085
144,95,car,732.85,730.97,763.96,773.46,748.15,752.23,37.4075,37.6117,0.5075,0.1306
144,114,car,746.47,604.48,788.77,652.11,771.39,629.93,38.5695,31.4965,0.6391,1.9681
144,115,car,709.89,734.87,737.31,769.29,723.53,751.29,36.1765,37.5643,0.4988,0.1339
144,8,car,663.27,350.34,692.2,412.99,677.87,385.86,33.8934,19.2929,0.7775,2.1208
144,116,person,1388.67,434.79,1401.61,464.49,1394.84,450.24,69.7419,22.512,0.5038,0.1238
144,117,person,1104.91,720.62,1119.8,746.8,1111.83,732.86,55.5913,36.6428,0.2501,0.3017
144,118,person,920.33,873.24,929.62,896.32,924.86,884.59,46.2432,44.2296,0.461,0.1092
144,3,person,1325.43,436.61,1336.58,463.81,1330.46,450.66,66.5232,22.5328,0.5298,0.3471
144,119,person,955.98,895.72,965.82,921.73,960.9,908.73,48.0452,45.4364,0.491,0.0
145,5,person,739.33,651.21,748.94,674.48,743.47,662.52,37.1736,33.1262,0.5134,0.5244
145,7,car,942.57,972.46,992.16,1009.44,967.23,990.89,48.3613,49.5446,0.6855,0.0668
145,9,car,640.04,694.8,679.62,746.0,659.76,720.33,32.9881,36.0167,0.6634,0.0399
145,10,car,754.48,665.44,789.45,700.75,771.86,683.12,38.5932,34.1559,0.7559,0.0548
145,12,car,586.65,492.56,640.47,542.31,611.8,518.57,30.5901,25.9286,0.7386,1.1324
145,14,car,612.7,351.23,640.83,416.48,626.84,384.35,31.342,19.2176,0.6305,0.2185
145,16,car,401.75,799.87,432.08,856.42,416.9,828.13,20.845,41.4065,0.3648,0.0188
145,17,car,1124.0,684.8,1153.7,741.94,1138.79,713.19,56.9393,35.6594,0.4831,0.1163
145,19,car,760.39,245.62,784.7,286.74,772.46,266.43,38.623,13.3215,0.5293,0.1136
145,20,motorcycle,1105.34,722.92,1119.45,747.02,1112.09,733.56,55.6045,36.6782,0.3647,1.4077
145,21,car,591.38,412.9,626.33,459.47,608.78,437.77,30.4389,21.8884,0.5846,0.9204
145,25,car,633.03,457.05,662.7,506.8,648.64,484.34,32.4321,24.217,0.3399,1.2749
145,26,person,611.68,600.79,622.68,620.26,616.08,610.22,30.8039,30.5109,0.4596,0.7952
145,27,car,1160.63,971.08,1182.84,990.45,1171.66,981.1,58.5831,49.0551,0.4512,0.1514
145,31,person,709.78,676.62,722.21,703.07,716.03,690.06,35.8017,34.503,0.6253,0.1207
145,33,car,1124.08,684.99,1153.74,741.64,1138.8,713.12,56.9399,35.656,0.519,0.1426
145,36,car,638.15,248.3,656.79,299.69,647.82,276.92,32.3909,13.8461,0.3819,1.4448
145,38,car,1149.52,628.11,1174.24,673.06,1161.8,650.57,58.0901,32.5286,0.46,0.0556
145,42,person,1343.13,427.26,1364.25,459.12,1353.78,442.95,67.6891,22.1477,0.3548,0.1106
145,46,car,934.35,458.34,973.44,489.02,952.88,474.18,47.6438,23.709,0.3354,0.6795
145,53,car,1147.78,1053.26,1174.32,1080.05,1160.5,1066.6,58.0251,53.3302,0.3147,0.2186
145,55,car,1068.3,740.4,1093.63,782.45,1079.87,756.55,53.9937,37.8274,0.3615,2.3132
145,59,person,1264.98,604.58,1278.05,634.02,1271.6,619.32,63.5798,30.9659,0.5393,0.0598
145,61,person,361.37,663.96,369.36,681.06,365.27,672.43,18.2637,33.6217,0.3884,0.0632
145,18,car,628.58,627.91,666.38,668.62,647.5,648.32,32.3748,32.4159,0.7635,0.0444
145,34,car,613.08,301.54,636.28,353.59,624.65,329.58,31.2323,16.4791,0.4595,1.3432
145,65,car,729.15,356.4,759.81,423.05,744.11,387.78,37.2055,19.3889,0.48,1.0467
145,66,car,398.38,797.02,432.91,856.55,415.56,826.84,20.7778,41.3418,0.6644,0.0406
145,67,car,594.3,185.76,620.04,224.21,607.11,205.97,30.3553,10.2985,0.3902,1.1369
145,77,car,600.2,254.74,622.58,291.95,611.31,273.25,30.5653,13.6624,0.4664,0.0635
145,78,person,1067.1,441.0,1075.9,461.74,1071.23,451.38,53.5614,22.5689,0.322,0.1224
145,11,car,408.24,539.71,471.04,572.79,437.43,556.25,21.8717,27.8126,0.6376,1.1151
145,84,person,1040.28,539.24,1051.47,563.11,1045.56,550.77,52.2781,27.5385,0.4167,0.3441
145,85,car,1111.34,624.51,1145.27,659.79,1128.19,642.08,56.4095,32.1041,0.3433,0.0622
145,87,car,1083.65,656.89,1110.81,702.33,1097.21,679.32,54.8603,33.9658,0.31,0.0508
145,89,motorcycle,1020.45,596.61,1039.04,622.37,1027.19,607.15,51.3595,30.3573,0.2884,1.7133
145,90,person,1276.9,586.83,1294.2,605.36,1286.78,595.45,64.3389,29.7727,0.3976,0.7842
145,91,car,1417.79,816.19,1443.98,869.98,1430.78,843.02,71.5391,42.1512,0.3854,0.0657
145,93,person,1362.98,434.09,1375.23,459.46,1369.03,446.86,68.4514,22.343,0.4659,0.0321
145,94,person,747.52,470.06,757.83,492.82,753.7,480.48,37.685,24.0241,0.3763,0.7815
145,96,person,1116.66,455.65,1128.42,480.98,1121.5,468.59,56.0751,23.4293,0.4503,0.6253
145,98,car,1111.31,624.48,1145.24,659.82,1128.22,642.05,56.4112,32.1027,0.403,0.0499
145,99,car,1095.24,593.64,1132.01,628.61,1112.38,611.26,55.6192,30.5631,0.4499,0.6688
145,103,car,303.89,546.48,346.6,578.23,322.59,562.44,16.1297,28.122,0.3759,1.7637
145,105,car,720.19,252.77,739.8,288.05,728.78,266.9,36.4391,13.3448,0.4484,1.8867
145,106,car,1164.35,579.24,1208.49,618.79,1186.44,598.82,59.3219,29.9408,0.4481,0.0435
145,107,car,1039.57,675.27,1075.25,728.1,1055.4,698.72,52.7701,34.9362,0.4289,1.7791
145,109,car,984.03,911.25,1011.27,962.02,999.1,939.58,49.9548,46.979,0.4761,1.5756
145,111,person,735.12,678.66,744.6,700.24,740.23,690.97,37.0117,34.5487,0.4048,0.7797
145,113,person,1350.88,816.63,1362.25,846.01,1356.44,831.16,67.8219,41.558,0.4093,0.0698
145,110,car,1382.36,479.49,1429.29,512.59,1401.99,496.52,70.0994,24.8262,0.5897,2.0197
145,95,car,732.85,730.92,764.09,773.42,748.24,752.22,37.412,37.6108,0.4608,0.1353
145,114,car,745.06,603.96,787.39,651.64,770.14,629.42,38.5071,31.4712,0.6685,2.0184
145,115,car,709.94,734.88,737.31,767.98,723.56,751.35,36.178,37.5675,0.5015,0.1067
145,8,car,663.88,348.51,692.38,410.17,677.92,384.27,33.896,19.2133,0.6797,2.3903
145,116,person,1389.1,434.76,1401.72,463.52,1394.91,450.14,69.7453,22.5069,0.4863,0.1837
145,117,person,1105.84,721.09,1120.28,747.42,1112.0,733.06,55.6001,36.6528,0.2611,0.4004
145,118,person,920.45,873.25,929.82,896.48,924.92,884.65,46.2459,44.2323,0.4245,0.1161
145,3,person,1325.43,436.62,1336.63,463.83,1330.62,450.51,66.5309,22.5256,0.544,0.3147
145,119,person,956.09,896.78,965.89,922.01,960.95,909.06,48.0474,45.4531,0.4061,0.5033
145,120,person,1335.42,451.81,1345.93,470.99,1340.67,461.4,67.0336,23.0699,0.4719,0.0
146,5,person,739.54,650.99,748.92,674.8,743.71,662.66,37.1856,33.1329,0.4846,0.4119
146,7,car,942.64,972.48,992.2,1009.4,967.27,990.91,48.3634,49.5456,0.642,0.0692
146,9,car,640.02,694.83,679.74,746.05,659.79,720.35,32.9893,36.0175,0.6388,0.0446
146,10,car,754.5,665.46,789.5,700.79,771.9,683.12,38.5948,34.1562,0.7668,0.0486
146,12,car,587.17,492.16,640.61,542.26,612.36,518.21,30.6181,25.9105,0.7232,1.0004
146,14,car,612.77,351.26,640.82,416.55,626.82,384.21,31.3412,19.2105,0.6199,0.2129
146,16,car,401.71,799.84,432.14,856.44,416.9,828.13,20.8452,41.4065,0.3222,0.005
146,17,car,1124.03,684.77,1153.77,741.91,1138.82,713.25,56.9409,35.6626,0.492,0.1061
146,19,car,760.43,245.56,784.75,286.66,772.49,266.36,38.6245,13.3181,0.5145,0.111
146,20,motorcycle,1105.63,723.46,1119.64,747.53,1112.23,734.18,55.6116,36.7088,0.4159,0.9414
146,21,car,591.35,413.18,626.39,465.37,608.85,437.42,30.4426,21.8712,0.5901,0.528
146,25,car,632.46,456.2,662.28,506.11,648.29,483.57,32.4146,24.1785,0.2933,1.2689
146,26,person,612.25,600.98,622.81,620.48,616.54,610.32,30.827,30.5161,0.4941,0.7084
146,27,car,1160.65,971.02,1182.82,990.4,1171.69,981.01,58.5843,49.0507,0.4255,0.1381
146,31,person,709.61,676.62,722.23,703.11,716.02,689.99,35.8012,34.4994,0.6499,0.1061
146,33,car,1124.14,685.0,1153.82,741.57,1138.84,713.2,56.942,35.66,0.4575,0.133
146,36,car,638.1,247.01,656.68,298.59,647.71,275.93,32.3856,13.7964,0.4252,1.4977
146,38,car,1149.55,628.05,1174.29,673.1,1161.83,650.56,58.0915,32.5278,0.5026,0.0483
146,42,person,1343.11,427.71,1363.16,459.22,1353.69,443.06,67.6845,22.153,0.3288,0.2116
146,46,car,935.48,460.21,973.47,489.83,953.19,473.95,47.6593,23.6973,0.3569,0.5838
146,53,car,1147.8,1053.3,1174.4,1080.07,1160.67,1066.62,58.0333,53.3309,0.2742,0.2444
146,55,car,1068.22,741.68,1093.93,785.28,1080.17,758.3,54.0087,37.915,0.4035,2.6656
146,59,person,1265.09,604.51,1278.21,634.03,1271.6,619.29,63.5799,30.9643,0.5173,0.0459
146,61,person,361.4,664.05,369.42,681.03,365.3,672.45,18.2652,33.6225,0.4367,0.049
146,18,car,628.6,627.95,666.35,668.66,647.51,648.3,32.3753,32.415,0.7673,0.0331
146,34,car,613.19,301.51,636.2,350.47,624.67,329.08,31.2334,16.4538,0.4498,0.7589
146,65,car,729.24,357.11,759.94,423.83,744.23,388.42,37.2113,19.4209,0.4694,0.974
146,66,car,398.4,797.06,432.94,856.57,415.58,826.83,20.7788,41.3413,0.6344,0.0338
146,67,car,594.5,185.73,620.36,224.37,607.16,205.53,30.358,10.2763,0.3768,0.67
146,77,car,600.31,254.77,622.69,291.9,611.34,273.28,30.5672,13.664,0.4533,0.0741
146,78,person,1067.15,440.96,1076.02,461.69,1071.3,451.35,53.5652,22.5676,0.318,0.1189
146,11,car,409.1,539.66,470.94,572.85,438.15,556.28,21.9075,27.8139,0.659,1.0766
146,84,person,1040.32,539.59,1051.71,563.36,1045.7,550.92,52.2852,27.5462,0.4404,0.3151
146,85,car,1111.28,624.54,1145.35,659.87,1128.23,642.1,56.4114,32.1048,0.4209,0.0601
146,87,car,1083.53,657.0,1110.9,702.41,1097.21,679.38,54.8604,33.9692,0.426,0.1032
146,89,motorcycle,994.51,604.02,1010.18,628.23,1024.04,608.75,51.2021,30.4374,0.278,5.2968
146,90,person,1276.75,586.66,1293.94,605.52,1286.36,595.67,64.3179,29.7835,0.387,0.7075
146,91,car,1417.69,816.24,1444.02,870.02,1430.81,843.04,71.5406,42.1522,0.3223,0.0538
146,93,person,1363.06,433.85,1375.36,459.41,1369.06,446.82,68.453,22.3409,0.3827,0.0795
146,94,person,747.23,469.77,757.51,493.26,753.34,480.8,37.6671,24.0401,0.3921,0.7218
146,96,person,1117.19,455.63,1128.82,480.87,1121.87,468.45,56.0934,23.4223,0.4493,0.5886
146,98,car,1111.24,624.47,1145.29,659.9,1128.23,642.08,56.4114,32.1041,0.3667,0.0411
146,99,car,1095.5,593.61,1132.36,628.66,1112.79,611.22,55.6394,30.5608,0.5043,0.6111
146,103,car,306.88,547.47,347.82,578.55,323.7,562.5,16.1848,28.1249,0.3664,1.653
146,105,car,720.79,253.87,740.33,289.11,729.14,268.09,36.4569,13.4044,0.4627,1.8652
146,106,car,1164.44,579.25,1208.57,618.81,1186.44,598.86,59.3218,29.9429,0.3729,0.062
146,107,car,1040.21,676.1,1075.95,729.03,1056.06,699.69,52.8029,34.9847,0.4525,1.7571
146,109,car,983.64,910.22,1010.9,960.31,998.59,938.58,49.9294,46.929,0.4365,1.6824
146,111,person,734.96,678.46,744.39,699.84,740.1,690.49,37.0051,34.5247,0.4031,0.7482
146,113,person,1351.0,816.65,1362.23,845.92,1356.48,831.19,67.8241,41.5593,0.4023,0.075
146,110,car,1383.65,479.67,1430.57,512.45,1403.29,496.37,70.1643,24.8185,0.5995,1.9619
146,95,car,732.91,730.92,764.03,773.43,748.32,752.2,37.4162,37.6102,0.4281,0.1301
146,114,car,743.68,603.41,786.21,651.07,768.88,628.89,38.4441,31.4443,0.6844,2.0572
146,115,car,709.99,734.91,737.25,767.69,723.58,751.33,36.1791,37.5665,0.4761,0.0452
146,8,car,664.36,346.52,692.88,406.74,678.01,382.49,33.9006,19.1244,0.6949,2.6707
146,116,person,1389.35,434.77,1401.78,462.9,1394.99,449.95,69.7497,22.4973,0.3931,0.3161
146,117,person,1105.86,722.4,1119.86,746.72,1112.17,733.5,55.6085,36.675,0.2548,0.7133
146,118,person,920.54,873.34,929.86,896.66,924.96,884.7,46.2482,44.2352,0.3852,0.1128
146,3,person,1325.49,436.7,1336.63,463.78,1330.77,450.4,66.5383,22.52,0.4659,0.2785
146,119,person,956.27,897.67,965.95,922.44,961.0,909.39,48.0501,45.4696,0.359,0.5037
146,120,person,1335.41,451.66,1345.95,470.96,1340.68,461.35,67.0339,23.0677,0.4483,0.0684
147,5,person,739.75,650.74,748.97,675.1,743.91,662.77,37.1953,33.1383,0.5431,0.3344
147,7,car,942.66,972.51,992.23,1009.42,967.31,990.93,48.3655,49.5466,0.6326,0.0689
147,9,car,639.98,694.77,679.8,746.08,659.81,720.37,32.9904,36.0183,0.6466,0.0414
147,10,car,754.52,665.49,789.48,700.85,771.92,683.13,38.5961,34.1565,0.7612,0.0396
147,12,car,587.41,491.75,640.95,542.23,612.82,517.87,30.6408,25.8935,0.7352,0.8493
147,14,car,612.83,351.31,640.88,416.77,626.82,384.09,31.3412,19.2045,0.5831,0.1801
147,16,car,401.72,799.8,432.19,856.44,416.91,828.14,20.8454,41.4068,0.4032,0.0111
147,17,car,1124.07,684.8,1153.82,741.93,1138.85,713.3,56.9425,35.6652,0.4879,0.0947
147,19,car,760.61,245.68,784.87,286.61,772.54,266.31,38.627,13.3156,0.5087,0.1077
147,20,motorcycle,1105.77,723.95,1119.52,747.99,1112.33,734.69,55.6167,36.7344,0.4163,0.7825
147,21,car,591.35,413.45,626.43,469.37,608.9,437.73,30.4449,21.8866,0.5521,0.4678
147,25,car,631.98,455.38,661.83,503.04,647.97,482.62,32.3983,24.1311,0.2775,1.5045
147,26,person,612.75,601.3,622.85,620.71,616.92,610.46,30.846,30.5228,0.5388,0.6049
147,27,car,1160.67,970.99,1182.79,990.39,1171.7,980.94,58.585,49.0468,0.4497,0.1195
147,31,person,709.55,676.82,722.2,703.09,716.01,689.95,35.8003,34.4977,0.6625,0.0578
147,33,car,1124.2,685.03,1153.87,741.57,1138.88,713.27,56.9441,35.6633,0.4542,0.1186
147,36,car,637.99,245.96,656.47,297.56,647.6,274.93,32.38,13.7464,0.3942,1.5086
147,38,car,1149.6,628.0,1174.35,673.1,1161.86,650.55,58.0931,32.5273,0.5034,0.0494
147,42,person,1343.06,427.97,1362.51,459.27,1353.55,443.17,67.6773,22.1586,0.2896,0.2748
147,46,car,936.22,461.36,973.51,490.65,953.47,474.1,47.6734,23.705,0.3104,0.4822
147,53,car,1147.82,1053.26,1174.58,1080.08,1160.82,1066.63,58.0409,53.3317,0.3121,0.2295
147,55,car,1068.21,742.86,1094.3,787.48,1080.42,760.21,54.0212,38.0104,0.45,2.8852
147,59,person,1265.18,604.48,1278.19,634.1,1271.6,619.27,63.5801,30.9636,0.4728,0.0226
147,61,person,361.43,664.1,369.41,681.12,365.33,672.48,18.2664,33.6239,0.4073,0.0575
147,18,car,628.62,627.93,666.35,668.59,647.51,648.28,32.3755,32.414,0.7407,0.0294
147,34,car,613.04,302.1,636.38,356.96,624.68,328.8,31.2338,16.4398,0.3874,0.4197
147,65,car,729.46,358.23,759.99,425.1,744.35,389.13,37.2174,19.4567,0.5293,1.0903
147,66,car,398.31,797.12,433.03,856.61,415.58,826.83,20.7791,41.3415,0.6166,0.0101
147,67,car,594.56,185.69,620.55,224.41,607.23,205.28,30.3615,10.2642,0.3468,0.3796
147,77,car,600.34,254.75,622.76,291.9,611.38,273.3,30.5691,13.6652,0.4151,0.0692
147,78,person,1067.21,440.91,1076.16,461.7,1071.39,451.33,53.5696,22.5666,0.349,0.1353
147,11,car,408.61,539.69,472.02,573.18,438.77,556.37,21.9387,27.8185,0.6603,0.9454
147,84,person,1040.46,540.12,1052.3,563.66,1045.85,551.12,52.2925,27.556,0.4535,0.3664
147,85,car,1111.37,624.56,1145.39,659.87,1128.27,642.11,56.4135,32.1057,0.4418,0.068
147,87,car,1083.62,657.19,1110.91,702.45,1097.22,679.47,54.8608,33.9737,0.3219,0.1352
147,89,motorcycle,985.8,604.94,1001.09,629.74,1019.45,610.35,50.9723,30.5176,0.3086,7.3027
147,90,person,1276.63,586.7,1293.84,606.05,1286.0,595.88,64.3002,29.7942,0.374,0.623
147,91,car,1417.6,816.27,1444.08,870.05,1430.83,843.07,71.5416,42.1534,0.3554,0.0453
147,93,person,1363.09,433.42,1375.67,459.3,1369.11,446.74,68.4557,22.337,0.3207,0.1417
147,94,person,746.82,469.87,757.39,494.01,753.01,481.12,37.6506,24.0562,0.3637,0.6914
147,96,person,1117.82,455.59,1129.2,480.85,1122.26,468.31,56.1129,23.4153,0.4892,0.6226
147,98,car,1111.29,624.45,1145.28,659.9,1128.24,642.1,56.4122,32.105,0.3425,0.0365
147,99,car,1095.77,593.57,1132.17,628.61,1113.13,611.17,55.6563,30.5585,0.5285,0.5108
147,103,car,308.68,547.3,348.91,578.66,324.78,562.56,16.2389,28.1278,0.2867,1.6271
147,105,car,721.31,254.71,740.85,290.78,729.55,269.31,36.4777,13.4656,0.4856,1.9382
147,106,car,1164.49,579.32,1208.65,618.8,1186.46,598.91,59.323,29.9456,0.5007,0.0883
147,107,car,1040.99,677.06,1076.56,730.13,1056.73,700.67,52.8366,35.0337,0.4539,1.7851
147,109,car,983.24,909.18,1010.55,959.13,998.12,937.52,49.9061,46.876,0.3714,1.7368
147,111,person,734.71,678.41,743.93,699.55,739.94,690.07,36.9972,34.5034,0.3836,0.6809
147,113,person,1351.07,816.65,1362.26,845.89,1356.53,831.22,67.8263,41.5609,0.3799,0.0826
147,110,car,1385.01,479.31,1431.77,512.32,1404.57,496.22,70.2284,24.8112,0.551,1.9348
147,95,car,732.72,730.89,764.23,773.43,748.38,752.2,37.419,37.6098,0.4768,0.0843
147,114,car,742.31,602.9,784.91,650.69,767.59,628.35,38.3796,31.4176,0.7062,2.0924
147,115,car,710.06,734.93,737.28,766.94,723.61,751.29,36.1803,37.5645,0.448,0.0701
147,8,car,664.61,344.84,693.1,405.86,678.15,380.78,33.9076,19.0392,0.6598,2.5632
147,116,person,1389.5,434.83,1401.78,462.6,1395.12,449.69,69.756,22.4847,0.381,0.4233
147,117,person,1105.96,723.59,1119.57,746.53,1112.33,733.89,55.6167,36.6945,0.2789,0.6329
147,118,person,920.56,873.39,929.94,896.94,925.01,884.77,46.2503,44.2385,0.3992,0.1159
147,3,person,1325.52,436.73,1336.68,463.76,1330.91,450.3,66.5457,22.5148,0.3841,0.2712
147,119,person,956.38,899.41,966.0,922.93,961.05,909.84,48.0524,45.4918,0.3472,0.6693
147,120,person,1335.41,451.75,1345.99,471.0,1340.68,461.36,67.0342,23.068,0.3709,0.0143
147,121,person,644.05,297.47,655.56,324.24,649.81,310.86,32.4903,15.5429,0.5304,0.0
147,122,car,1008.58,894.39,1042.73,950.59,1025.65,922.49,51.2827,46.1245,0.4791,0.0
148,5,person,739.9,650.89,749.01,675.29,744.07,662.85,37.2033,33.1427,0.5685,0.2714
148,7,car,942.67,972.53,992.25,1009.43,967.35,990.95,48.3674,49.5473,0.6707,0.0616
148,9,car,639.96,694.71,679.84,746.06,659.83,720.38,32.9915,36.0189,0.6507,0.0368
148,10,car,754.53,665.53,789.48,700.8,771.94,683.14,38.5971,34.1568,0.764,0.0323
148,12,car,587.76,491.38,641.28,542.18,613.25,517.56,30.6627,25.8781,0.7249,0.8029
148,14,car,612.87,351.4,640.97,417.05,626.83,384.03,31.3414,19.2017,0.5291,0.0833
148,16,car,401.72,799.78,432.21,856.52,416.92,828.15,20.8459,41.4075,0.4447,0.0242
148,17,car,1124.07,684.81,1153.84,741.9,1138.88,713.34,56.9438,35.667,0.4824,0.0653
148,19,car,760.52,245.56,784.98,286.64,772.58,266.24,38.6291,13.312,0.4978,0.1231
148,20,motorcycle,1105.93,724.53,1119.82,748.52,1112.43,735.16,55.6217,36.7578,0.4059,0.7199
148,21,car,591.07,413.5,626.49,472.29,608.88,438.48,30.4441,21.924,0.599,1.1228
148,25,car,631.59,454.98,661.63,503.4,647.66,481.77,32.3831,24.0885,0.4316,1.3557
148,26,person,613.16,601.62,622.83,620.98,617.23,610.62,30.8613,30.5311,0.532,0.5232
148,27,car,1160.71,970.94,1182.79,990.4,1171.71,980.86,58.5857,49.0428,0.4293,0.1211
148,31,person,709.45,676.82,722.12,703.1,715.97,689.93,35.7986,34.4965,0.6591,0.0627
148,33,car,1124.2,685.04,1153.89,741.51,1138.92,713.3,56.9461,35.665,0.4572,0.0762
148,36,car,638.05,244.64,656.06,289.99,647.48,273.43,32.3739,13.6713,0.4623,2.2604
148,38,car,1149.64,627.92,1174.41,673.1,1161.9,650.54,58.095,32.527,0.5017,0.0579
148,42,person,1343.04,428.0,1362.23,459.24,1353.37,443.28,67.6685,22.1641,0.3067,0.3102
148,46,car,936.73,462.14,973.59,491.48,953.79,474.52,47.6893,23.726,0.3426,0.7902
148,53,car,1147.85,1053.21,1174.72,1080.09,1160.96,1066.65,58.0479,53.3323,0.375,0.2133
148,55,car,1068.35,744.04,1094.61,789.35,1080.72,761.85,54.036,38.0927,0.5141,2.5103
148,59,person,1265.22,604.53,1278.16,634.17,1271.61,619.28,63.5803,30.9641,0.5219,0.0167
148,61,person,361.45,664.14,369.47,681.12,365.36,672.51,18.268,33.6254,0.4385,0.0657
148,18,car,628.61,627.84,666.35,668.5,647.5,648.25,32.3748,32.4127,0.7054,0.0446
148,34,car,612.98,302.34,636.57,361.2,624.7,328.65,31.2348,16.4324,0.4161,0.2254
148,65,car,729.68,359.1,759.98,425.74,744.47,389.89,37.2235,19.4947,0.5232,1.1525
148,66,car,398.32,797.07,433.04,856.67,415.6,826.84,20.7798,41.342,0.6178,0.027
148,67,car,594.62,185.67,620.76,224.65,607.32,205.17,30.3658,10.2585,0.3793,0.2142
148,77,car,600.37,254.74,622.82,291.9,611.43,273.32,30.5714,13.6659,0.4189,0.0697
148,78,person,1067.25,440.91,1076.2,461.69,1071.48,451.32,53.5738,22.5662,0.3722,0.1278
148,11,car,408.7,539.64,472.98,573.6,439.33,556.45,21.9665,27.8227,0.659,0.8435
148,84,person,1040.53,540.48,1052.97,563.86,1046.02,551.33,52.3009,27.5667,0.4272,0.409
148,85,car,1111.47,624.57,1145.39,659.92,1128.32,642.14,56.4159,32.1068,0.4277,0.0803
148,87,car,1083.71,657.27,1110.9,702.28,1097.23,679.55,54.8617,33.9775,0.3412,0.1176
148,89,motorcycle,983.42,602.67,999.41,629.29,1014.46,611.75,50.723,30.5876,0.2505,7.7695
148,90,person,1276.52,586.75,1293.6,606.61,1285.7,596.1,64.285,29.8048,0.4145,0.5533
148,91,car,1417.56,816.31,1444.1,870.09,1430.85,843.1,71.5423,42.1549,0.298,0.0492
148,93,person,1363.08,433.33,1375.77,459.38,1369.18,446.67,68.459,22.3334,0.3453,0.146
148,94,person,746.8,470.12,757.47,494.25,752.74,481.4,37.6368,24.0699,0.3856,0.5816
148,96,person,1118.46,455.14,1129.95,480.8,1122.69,468.2,56.1345,23.4101,0.4714,0.6673
148,98,car,1111.34,624.45,1145.27,659.95,1128.27,642.12,56.4134,32.1059,0.3418,0.0456
148,99,car,1096.06,593.58,1132.37,628.68,1113.44,611.14,55.6721,30.5571,0.5261,0.4763
148,103,car,309.38,546.71,349.87,578.68,325.93,562.54,16.2965,28.1269,0.3684,1.7283
148,105,car,721.86,255.97,741.29,292.37,730.03,270.53,36.5014,13.5263,0.4344,1.9555
148,106,car,1164.51,579.34,1208.64,618.86,1186.48,598.97,59.324,29.9483,0.5079,0.0865
148,107,car,1041.72,678.2,1077.11,731.32,1057.4,701.69,52.8702,35.0843,0.504,1.8211
148,109,car,982.69,908.21,1009.9,957.91,997.66,936.44,49.8828,46.8221,0.4057,1.7609
148,111,person,734.46,678.38,743.53,699.38,739.76,689.7,36.988,34.4852,0.468,0.6137
148,113,person,1351.11,816.69,1362.19,845.84,1356.55,831.26,67.8277,41.5628,0.3819,0.0708
148,110,car,1386.17,478.95,1432.79,512.13,1405.81,496.07,70.2905,24.8035,0.556,1.8793
148,95,car,732.84,730.8,764.44,773.43,748.44,752.18,37.4221,37.6091,0.4704,0.0951
148,114,car,741.0,602.32,783.6,650.43,766.28,627.83,38.3141,31.3916,0.7167,2.1162
148,115,car,710.1,734.91,737.3,766.38,723.63,751.24,36.1814,37.5619,0.3659,0.0833
148,8,car,664.63,343.25,693.17,404.79,678.28,379.17,33.914,18.9586,0.706,2.4259
148,116,person,1389.62,434.9,1401.76,462.4,1395.27,449.42,69.7633,22.4709,0.4182,0.467
148,117,person,1106.05,724.46,1119.66,746.92,1112.5,734.29,55.6252,36.7144,0.3118,0.6499
148,118,person,920.57,873.44,929.96,897.07,925.08,884.89,46.2541,44.2443,0.4155,0.2078
148,3,person,1325.52,436.71,1336.77,463.7,1331.04,450.18,66.5521,22.5088,0.3796,0.265
148,119,person,956.46,900.62,966.17,923.34,961.1,910.26,48.0551,45.5132,0.3057,0.6474
148,120,person,1335.45,451.75,1345.96,471.01,1340.69,461.36,67.0345,23.0682,0.3844,0.0104
148,121,person,643.57,297.31,655.4,324.0,649.64,310.76,32.4822,15.5379,0.3899,0.2832
148,122,car,1007.83,891.88,1041.79,948.82,1025.23,921.42,51.2616,46.071,0.5248,1.7257
149,5,person,740.06,651.1,749.11,675.65,744.21,662.95,37.2104,33.1476,0.6107,0.261
149,7,car,942.69,972.52,992.32,1009.46,967.39,990.96,48.3695,49.5478,0.5923,0.0637
149,9,car,639.95,694.69,679.88,746.0,659.85,720.38,32.9926,36.0192,0.6669,0.0339
149,10,car,754.53,665.55,789.62,700.78,771.97,683.14,38.5986,34.1569,0.7526,0.0435
149,12,car,588.26,491.05,641.78,542.04,613.72,517.26,30.6859,25.863,0.6832,0.8322
149,14,car,612.9,351.51,640.97,417.51,626.84,384.08,31.342,19.2041,0.5987,0.0717
149,16,car,400.76,798.89,432.42,856.63,416.88,828.1,20.8438,41.4049,0.4455,0.0984
149,17,car,1124.16,684.87,1153.93,741.94,1138.91,713.37,56.9454,35.6683,0.5133,0.0612
149,19,car,760.71,245.55,785.06,286.58,772.64,266.17,38.6319,13.3084,0.5652,0.1376
149,20,motorcycle,1106.12,724.82,1119.96,749.31,1112.57,735.59,55.6283,36.7796,0.423,0.6807
149,21,car,591.36,413.45,626.54,473.19,608.88,439.4,30.444,21.9701,0.5674,1.3814
149,25,car,631.36,454.56,661.74,503.45,647.39,481.01,32.3694,24.0503,0.4346,1.2187
149,26,person,613.69,601.88,622.69,621.35,617.48,610.82,30.8739,30.541,0.5716,0.482
149,27,car,1160.77,970.99,1182.9,990.41,1171.74,980.78,58.5868,49.0391,0.3091,0.1161
149,31,person,709.5,676.65,722.11,703.12,715.93,689.91,35.7967,34.4954,0.7019,0.0681
149,33,car,1124.28,685.08,1153.98,741.6,1138.97,713.31,56.9486,35.6657,0.4114,0.0783
149,36,car,638.06,243.32,655.87,285.05,647.35,271.61,32.3675,13.5803,0.4862,2.7376
149,38,car,1149.65,627.85,1174.46,673.05,1161.94,650.53,58.0968,32.5265,0.4916,0.0569
149,42,person,1343.1,428.22,1361.99,459.25,1353.18,443.41,67.6591,22.1707,0.3033,0.345
149,53,car,1147.84,1053.24,1174.83,1080.09,1161.08,1066.66,58.0538,53.3329,0.3517,0.1779
149,55,car,1068.67,744.63,1095.02,790.65,1081.06,763.28,54.0528,38.1641,0.4329,2.1988
149,59,person,1265.29,604.57,1278.18,634.15,1271.62,619.3,63.5812,30.9649,0.4843,0.0347
149,61,person,361.5,664.08,369.49,681.08,365.39,672.53,18.2697,33.6266,0.4779,0.0603
149,18,car,628.6,627.84,666.27,668.54,647.48,648.24,32.3738,32.4121,0.6879,0.0359
149,34,car,613.04,302.51,636.72,363.78,624.72,329.23,31.2362,16.4615,0.4276,0.8767
149,65,car,729.8,359.89,760.09,426.21,744.59,390.67,37.2296,19.5335,0.5305,1.1789
149,66,car,398.54,797.0,433.11,856.83,415.64,826.86,20.7819,41.3428,0.5458,0.0666
149,67,car,594.65,185.72,620.88,224.87,607.41,205.14,30.3704,10.2569,0.4555,0.1441
149,77,car,600.43,254.66,622.87,292.01,611.48,273.32,30.5739,13.6662,0.4125,0.076
149,78,person,1067.31,440.84,1076.29,461.68,1071.57,451.32,53.5784,22.5659,0.3818,0.1365
149,11,car,409.27,539.68,473.08,573.37,439.82,556.45,21.9911,27.8224,0.6664,0.7368
149,84,person,1040.94,540.84,1053.37,564.26,1046.24,551.59,52.3118,27.5795,0.4293,0.5037
149,85,car,1111.37,624.63,1145.41,660.06,1128.35,642.18,56.4173,32.1089,0.4679,0.0768
149,87,car,1083.72,657.33,1110.92,702.18,1097.24,679.63,54.8622,33.9815,0.2817,0.1211
149,89,motorcycle,983.42,602.13,999.16,628.64,1009.33,612.97,50.4666,30.6485,0.2854,7.9057
149,90,person,1276.43,586.67,1293.38,607.13,1285.45,596.29,64.2725,29.8147,0.4357,0.4806
149,91,car,1417.63,816.32,1444.19,870.1,1430.87,843.13,71.5433,42.1563,0.2533,0.0527
149,93,person,1363.1,432.98,1376.08,459.35,1369.26,446.56,68.4632,22.3282,0.3472,0.2025
149,94,person,746.31,470.2,757.59,494.52,752.49,481.66,37.6246,24.0828,0.4243,0.5325
149,96,person,1119.04,455.14,1130.34,480.75,1123.15,468.13,56.1573,23.4067,0.4242,0.6905
149,98,car,1111.28,624.49,1145.27,660.08,1128.28,642.16,56.4138,32.1078,0.3113,0.0561
149,99,car,1096.36,593.51,1132.61,628.6,1113.74,611.12,55.6868,30.556,0.4903,0.4418
149,103,car,311.41,547.58,350.84,578.75,327.13,562.6,16.3567,28.1299,0.3263,1.8084
149,105,car,722.16,257.27,741.81,294.01,730.53,271.77,36.5264,13.5885,0.4756,2.0111
149,106,car,1164.57,579.47,1208.58,618.89,1186.5,599.02,59.3251,29.9511,0.4974,0.091
149,107,car,1042.42,679.2,1077.64,732.43,1058.07,702.7,52.9037,35.1348,0.3504,1.8182
149,109,car,982.18,907.37,1009.28,957.31,997.19,935.4,49.8597,46.77,0.4109,1.7107
149,111,person,734.24,678.37,743.17,699.28,739.54,689.4,36.9771,34.4702,0.5667,0.5545
149,113,person,1351.27,816.63,1362.32,845.79,1356.61,831.27,67.8304,41.5637,0.3512,0.0836
149,110,car,1387.49,478.71,1434.02,511.96,1407.05,495.91,70.3527,24.7956,0.4988,1.879
149,95,car,732.62,730.86,764.7,773.41,748.49,752.17,37.4246,37.6085,0.384,0.0764
149,114,car,739.78,601.87,782.35,650.04,764.96,627.33,38.2481,31.3666,0.7135,2.115
149,115,car,710.17,734.92,737.38,766.17,723.65,751.15,36.1827,37.5575,0.3585,0.1375
149,8,car,664.58,341.34,693.12,403.59,678.41,377.5,33.9204,18.8749,0.7105,2.517
149,116,person,1389.73,434.83,1401.77,462.16,1395.42,449.13,69.771,22.4566,0.4034,0.4875
149,117,person,1106.19,725.2,1119.66,747.21,1112.68,734.71,55.634,36.7353,0.3651,0.6814
149,118,person,920.65,873.48,930.02,897.21,925.15,885.01,46.2577,44.2503,0.4476,0.2097
149,3,person,1325.51,436.87,1336.8,463.66,1331.07,450.21,66.5535,22.5106,0.4313,0.0691
149,119,person,956.66,901.08,966.43,923.73,961.18,910.62,48.0588,45.5311,0.3586,0.5462
149,120,person,1335.46,451.66,1346.02,470.94,1340.7,461.35,67.035,23.0676,0.4459,0.0241
149,121,person,643.33,297.45,655.46,323.92,649.56,310.73,32.4781,15.5367,0.3938,0.1298
149,122,car,1007.13,889.69,1041.04,946.29,1024.85,920.28,51.2425,46.0139,0.2963,1.8073
150,5,person,740.25,651.37,749.14,676.12,744.35,663.09,37.2173,33.1545,0.613,0.2912
150,7,car,942.73,972.51,992.34,1009.5,967.43,990.97,48.3715,49.5484,0.6313,0.064
150,9,car,639.97,694.8,679.9,746.09,659.88,720.4,32.9938,36.0201,0.6806,0.0443
150,10,car,754.56,665.55,789.67,700.8,772.0,683.14,38.6002,34.1571,0.747,0.051
150,12,car,589.43,490.88,642.34,542.06,614.26,517.01,30.7129,25.8505,0.7814,0.8913
150,14,car,612.91,351.68,641.06,418.92,626.86,384.26,31.3432,19.213,0.6671,0.271
150,16,car,400.19,798.32,432.49,856.68,416.8,828.0,20.8399,41.4002,0.4379,0.1839
150,17,car,1124.2,684.88,1153.97,742.03,1138.94,713.39,56.9472,35.6694,0.5255,0.063
150,19,car,760.87,245.46,785.14,286.59,772.72,266.12,38.6359,13.306,0.5715,0.1399
150,20,motorcycle,1106.3,725.19,1120.16,750.38,1112.72,736.08,55.636,36.8038,0.4627,0.7623
150,21,car,591.24,413.44,626.5,473.42,608.87,440.42,30.4436,22.0212,0.6197,1.5346
150,25,car,631.06,453.84,661.68,503.21,647.11,480.26,32.3554,24.0131,0.402,1.1911
150,26,person,614.29,602.24,622.62,621.72,617.71,611.06,30.8853,30.5531,0.4936,0.4973
150,27,car,1160.84,970.99,1183.05,990.45,1171.77,980.74,58.5887,49.0368,0.2999,0.0881
150,31,person,709.45,676.66,722.09,703.23,715.89,689.9,35.7943,34.495,0.5922,0.0729
150,33,car,1124.3,685.06,1154.03,741.7,1139.02,713.32,56.9509,35.6662,0.4547,0.0732
150,36,car,638.02,242.16,655.73,281.53,647.22,269.57,32.3612,13.4784,0.5222,3.0624
150,38,car,1149.71,627.94,1174.51,673.06,1161.97,650.53,58.0987,32.5264,0.4708,0.0583
150,42,person,1343.22,428.27,1361.85,459.28,1353.01,443.52,67.6503,22.176,0.3052,0.3088
150,53,car,1147.79,1053.29,1174.83,1080.07,1161.17,1066.67,58.0584,53.3333,0.356,0.1387
150,55,car,1069.01,745.07,1095.41,791.91,1081.4,764.54,54.0701,38.2269,0.3549,1.9562
150,59,person,1265.35,604.56,1278.16,634.14,1271.65,619.31,63.5827,30.9657,0.4751,0.0522
150,61,person,361.51,663.94,369.58,681.14,365.43,672.55,18.2715,33.6274,0.4806,0.0606
150,18,car,628.61,627.84,666.21,668.6,647.46,648.24,32.373,32.4119,0.7212,0.0245
150,34,car,613.33,302.21,636.53,357.29,624.76,329.66,31.238,16.4829,0.4207,0.6423
150,65,car,730.11,360.73,760.1,426.66,744.72,391.44,37.2359,19.5721,0.5327,1.1738
150,66,car,398.78,797.0,433.1,856.92,415.7,826.87,20.7852,41.3435,0.6086,0.1019
150,67,car,594.68,185.7,620.88,224.79,607.5,205.13,30.3749,10.2564,0.4765,0.1378
150,77,car,600.47,254.64,622.85,292.04,611.53,273.33,30.5763,13.6665,0.4486,0.0726
150,78,person,1067.37,440.81,1076.36,461.64,1071.65,451.3,53.5826,22.5652,0.3625,0.128
150,11,car,409.99,539.49,472.74,572.41,440.26,556.35,22.0131,27.8174,0.6598,0.6777
150,84,person,1041.5,540.86,1053.9,564.5,1046.52,551.85,52.3261,27.5924,0.4938,0.5784
150,85,car,1111.46,624.74,1145.44,660.15,1128.37,642.24,56.4184,32.112,0.4641,0.0971
150,87,car,1083.73,657.39,1110.96,702.39,1097.26,679.72,54.8631,33.9858,0.2778,0.1309
150,89,motorcycle,969.88,588.1,988.63,613.99,1002.36,611.99,50.118,30.5997,0.3183,10.5609
150,90,person,1276.34,586.6,1293.13,607.49,1285.24,596.46,64.2618,29.8232,0.43,0.4094
150,91,car,1417.77,816.34,1444.24,870.15,1430.89,843.16,71.5443,42.1578,0.2848,0.0541
150,93,person,1363.14,432.81,1376.22,459.37,1369.36,446.46,68.4678,22.3228,0.3757,0.2097
150,94,person,745.97,470.3,757.69,494.69,752.28,481.88,37.6142,24.094,0.3752,0.4607
150,96,person,1119.56,455.05,1131.2,480.78,1123.65,468.1,56.1827,23.4049,0.4184,0.7641
150,98,car,1111.39,624.55,1145.28,660.17,1128.28,642.2,56.4142,32.1102,0.3042,0.0753
150,99,car,1096.81,593.56,1133.05,628.54,1114.04,611.1,55.702,30.5552,0.4991,0.4573
150,103,car,312.97,548.16,351.76,578.86,328.37,562.84,16.4187,28.142,0.3814,1.8931
150,105,car,722.55,258.76,742.26,295.49,731.01,273.0,36.5505,13.65,0.5096,1.983
150,106,car,1164.61,579.67,1208.53,618.95,1186.52,599.09,59.3261,29.9546,0.4985,0.1092
150,107,car,1043.2,680.24,1078.22,733.65,1058.74,703.73,52.9369,35.1864,0.5583,1.8423
150,109,car,981.64,906.45,1008.97,956.49,996.74,934.37,49.837,46.7183,0.3402,1.6939
150,111,person,733.94,678.4,742.72,699.28,739.28,689.16,36.964,34.4582,0.5068,0.5332
150,113,person,1351.39,816.66,1362.37,845.73,1356.67,831.27,67.8334,41.5634,0.3611,0.0907
150,110,car,1388.71,478.81,1435.22,511.93,1408.29,495.77,70.4147,24.7887,0.4984,1.8721
150,95,car,732.49,730.92,764.91,773.46,748.54,752.17,37.4272,37.6083,0.4313,0.0788
150,114,car,738.52,601.53,781.1,649.65,763.65,626.86,38.1827,31.3432,0.7147,2.086
150,115,car,710.12,735.0,737.38,765.98,723.68,751.06,36.1839,37.553,0.4024,0.1397
150,8,car,664.65,339.84,693.01,402.88,678.56,375.83,33.9279,18.7917,0.7066,2.5087
150,116,person,1389.62,434.7,1401.83,463.46,1395.56,448.94,69.7781,22.4468,0.4146,0.3618
150,117,person,1106.36,725.54,1119.8,747.76,1112.84,735.16,55.6422,36.7581,0.4077,0.7266
150,118,person,920.67,873.48,930.07,897.31,925.22,885.11,46.261,44.2557,0.4165,0.1897
150,3,person,1325.47,436.8,1336.74,463.67,1331.09,450.23,66.5543,22.5115,0.4422,0.0362
150,119,person,956.95,901.25,966.56,923.99,961.26,910.91,48.0629,45.5453,0.3339,0.4452
150,120,person,1335.51,451.6,1346.11,470.93,1340.72,461.34,67.0359,23.0669,0.4306,0.0352
150,121,person,643.12,297.5,655.46,324.01,649.49,310.74,32.4747,15.537,0.3922,0.1023
150,122,car,1006.11,887.64,1039.81,943.81,1024.38,919.14,51.2189,45.957,0.3847,1.8466
150,123,car,1149.73,628.15,1174.53,673.06,1162.13,650.61,58.1066,32.5304,0.4993,0.0
151,5,person,740.38,652.08,749.12,676.45,744.46,663.31,37.2229,33.1653,0.57,0.3668
151,7,car,942.74,972.53,992.38,1009.53,967.47,990.98,48.3735,49.549,0.6727,0.063
151,9,car,639.98,694.85,679.9,746.17,659.9,720.42,32.9949,36.021,0.6771,0.0452
151,10,car,754.47,665.56,789.71,700.71,772.04,683.15,38.6018,34.1574,0.7279,0.0478
151,12,car,590.48,490.35,643.12,541.94,614.84,516.8,30.7418,25.8399,0.7667,0.9231
151,14,car,612.93,351.77,641.13,419.53,626.9,384.5,31.3449,19.225,0.6911,0.362
151,16,car,399.87,798.01,432.56,856.73,416.7,827.88,20.8351,41.3942,0.4314,0.232
151,17,car,1124.25,684.91,1153.99,742.01,1138.98,713.39,56.9492,35.6697,0.5184,0.0624
151,19,car,761.01,245.38,785.21,286.59,772.81,266.09,38.6403,13.3043,0.5622,0.14
151,20,motorcycle,1106.44,725.48,1120.43,751.04,1112.89,736.58,55.6447,36.829,0.435,0.8009
151,21,car,591.71,413.14,626.51,468.37,608.9,441.04,30.4451,22.052,0.6364,0.9247
151,25,car,631.14,453.07,661.03,502.86,646.82,479.57,32.3411,23.9784,0.4529,1.1262
151,26,person,614.78,602.57,622.61,622.02,617.98,611.35,30.8988,30.5676,0.5545,0.5939
151,27,car,1160.89,970.99,1183.14,990.53,1171.82,980.72,58.591,49.0358,0.5088,0.0759
151,31,person,709.49,676.72,722.23,703.28,715.86,689.92,35.793,34.4962,0.5557,0.0537
151,33,car,1124.33,685.04,1154.06,741.75,1139.07,713.33,56.9533,35.6664,0.4672,0.0699
151,36,car,637.83,241.09,655.6,279.05,647.1,267.42,32.3549,13.3712,0.5312,3.2217
151,38,car,1149.77,628.08,1174.55,673.07,1162.02,650.54,58.1009,32.5268,0.4679,0.0663
151,42,person,1343.3,428.29,1361.74,459.32,1352.83,443.6,67.6417,22.18,0.3211,0.2835
151,53,car,1147.8,1053.32,1174.82,1080.07,1161.23,1066.67,58.0613,53.3336,0.3341,0.0867
151,55,car,1069.3,746.3,1095.81,793.37,1081.63,766.11,54.0813,38.3053,0.2829,2.3744
151,59,person,1265.38,604.58,1278.23,634.1,1271.69,619.32,63.5845,30.9662,0.46,0.0573
151,61,person,361.55,663.81,369.62,681.16,365.47,672.56,18.2734,33.6278,0.5102,0.0594
151,18,car,628.6,627.78,666.21,668.62,647.45,648.23,32.3726,32.4116,0.7014,0.0154
151,34,car,613.25,302.6,636.62,361.28,624.8,329.96,31.2401,16.4978,0.5376,0.4515
151,65,car,730.39,361.46,760.14,427.2,744.85,392.19,37.2425,19.6096,0.5262,1.1426
151,66,car,398.94,797.09,433.08,856.99,415.78,826.89,20.7888,41.3446,0.5985,0.1141
151,67,car,594.62,185.66,620.9,224.8,607.59,205.15,30.3797,10.2573,0.4809,0.1448
151,77,car,600.48,254.65,622.89,292.12,611.58,273.34,30.5788,13.6671,0.4551,0.0766
151,78,person,1067.45,440.75,1076.43,461.65,1071.73,451.28,53.5864,22.5642,0.4187,0.1199
151,11,car,410.43,539.45,473.2,572.24,440.74,556.27,22.0368,27.8134,0.6852,0.7225
151,84,person,1041.94,540.83,1054.36,564.76,1046.86,552.11,52.343,27.6053,0.5012,0.6383
151,85,car,1111.5,624.8,1145.46,660.18,1128.39,642.3,56.4197,32.1149,0.4671,0.0971
151,87,car,1083.23,657.31,1111.0,703.02,1097.26,679.82,54.8628,33.9909,0.3591,0.1527
151,89,motorcycle,965.67,583.27,985.46,608.96,994.72,610.21,49.7361,30.5106,0.2731,11.7644
151,90,person,1276.24,586.44,1292.89,607.59,1285.06,596.6,64.2528,29.83,0.4217,0.3384
151,91,car,1417.82,816.34,1444.27,870.16,1430.91,843.18,71.5455,42.1592,0.2663,0.0542
151,93,person,1363.14,432.64,1376.37,459.39,1369.45,446.34,68.4725,22.3171,0.368,0.2233
151,94,person,745.55,470.49,757.64,495.13,752.09,482.11,37.6047,24.1054,0.3928,0.443
151,96,person,1120.11,454.83,1131.72,480.77,1124.18,468.06,56.2089,23.4029,0.536,0.787
151,98,car,1111.44,624.6,1145.27,660.2,1128.3,642.25,56.4149,32.1126,0.2898,0.0738
151,99,car,1097.17,593.57,1133.47,628.36,1114.35,611.08,55.7176,30.5539,0.5237,0.4699
151,103,car,313.53,547.38,352.66,578.92,329.66,562.98,16.4828,28.1491,0.3581,1.9353
151,105,car,722.72,260.09,742.64,296.8,731.47,274.29,36.5734,13.7144,0.5126,2.0511
151,106,car,1164.69,579.76,1208.45,618.91,1186.54,599.15,59.327,29.9574,0.495,0.0875
151,107,car,1043.86,681.42,1078.71,734.74,1059.39,704.78,52.9693,35.2389,0.4737,1.8507
151,109,car,981.07,905.47,1008.57,955.58,996.28,933.35,49.8141,46.6675,0.3528,1.672
151,111,person,733.61,678.25,742.18,699.27,738.97,688.98,36.9484,34.4491,0.5654,0.5408
151,113,person,1351.45,816.66,1362.47,845.68,1356.73,831.24,67.8366,41.5622,0.3287,0.1042
151,110,car,1389.92,479.21,1436.49,512.03,1409.53,495.68,70.4767,24.7841,0.4341,1.8642
151,95,car,732.75,730.87,765.15,773.45,748.62,752.16,37.4311,37.6079,0.4193,0.1174
151,114,car,737.13,601.1,779.75,649.27,762.34,626.42,38.1171,31.321,0.5576,2.0774
151,115,car,710.1,734.95,737.39,765.8,723.7,750.82,36.1849,37.5409,0.3744,0.3666
151,8,car,664.64,338.47,692.3,401.8,678.66,374.19,33.9332,18.7093,0.7164,2.4764
151,116,person,1389.58,434.62,1401.85,464.3,1395.64,448.91,69.7821,22.4456,0.4019,0.1283
151,117,person,1106.51,725.84,1120.08,748.4,1112.98,735.65,55.6489,36.7825,0.4021,0.7581
151,118,person,920.75,873.46,930.18,897.43,925.29,885.21,46.2645,44.2605,0.4009,0.1769
151,3,person,1325.37,436.78,1336.71,463.68,1331.09,450.23,66.5546,22.5117,0.4252,0.009
151,119,person,957.22,901.42,966.77,924.27,961.41,911.49,48.0707,45.5747,0.2883,0.9132
151,120,person,1335.57,451.57,1346.18,470.92,1340.74,461.32,67.037,23.0662,0.4243,0.0385
151,121,person,642.75,297.54,655.34,324.11,649.4,310.76,32.4702,15.5378,0.4882,0.137
151,122,car,1005.07,885.29,1038.64,941.66,1023.87,918.01,51.1936,45.9003,0.4689,1.8618
151,123,car,1149.82,628.38,1174.56,673.1,1162.16,650.67,58.108,32.5337,0.5037,0.1082
151,124,person,751.45,692.15,759.95,711.86,755.7,702.0,37.785,35.1002,0.5083,0.0
151,125,motorcycle,643.87,352.89,653.68,378.15,648.78,365.52,32.4388,18.276,0.5619,0.0
151,126,car,1535.02,814.38,1562.4,870.48,1548.71,842.43,77.4355,42.1216,0.5185,0.0
152,5,person,740.57,652.68,749.13,676.63,744.56,663.57,37.228,33.1783,0.4863,0.4172
152,7,car,942.76,972.51,992.43,1009.48,967.5,990.99,48.3752,49.5494,0.6986,0.0517
152,9,car,639.97,694.87,679.92,746.21,659.91,720.44,32.9957,36.0221,0.6449,0.0394
152,10,car,754.32,665.55,789.72,700.67,772.04,683.15,38.6022,34.1575,0.7476,0.0128
152,12,car,591.14,489.83,643.85,541.62,615.4,516.55,30.7699,25.8277,0.7508,0.9201
152,14,car,613.01,351.68,641.16,418.92,626.94,384.71,31.3472,19.2353,0.7271,0.3162
152,16,car,399.62,797.69,432.61,856.7,416.59,827.75,20.8293,41.3874,0.4213,0.2661
152,17,car,1124.28,684.93,1153.99,741.75,1139.03,713.39,56.9513,35.6695,0.4956,0.0609
152,19,car,761.1,245.3,785.22,286.59,772.89,266.05,38.6447,13.3027,0.571,0.141
152,20,motorcycle,1106.49,725.8,1120.93,751.34,1113.08,737.1,55.6541,36.8548,0.4383,0.8217
152,21,car,592.0,412.89,626.55,464.82,608.96,441.42,30.4482,22.071,0.6198,0.5786
152,25,car,631.15,452.5,660.37,502.3,646.52,478.92,32.3261,23.9461,0.4302,1.0694
152,26,person,615.21,602.84,622.78,622.39,618.24,611.65,30.9118,30.5825,0.5879,0.5929
152,27,car,1160.96,970.96,1183.23,990.61,1171.87,980.72,58.5935,49.036,0.4582,0.0771
152,31,person,709.5,676.66,722.32,703.27,715.85,689.94,35.7924,34.497,0.521,0.0315
152,33,car,1124.36,685.04,1154.07,741.51,1139.11,713.32,56.9555,35.6661,0.5029,0.0665
152,36,car,637.62,239.83,655.53,277.03,646.97,265.2,32.3485,13.2601,0.506,3.34
152,38,car,1149.83,628.16,1174.57,673.08,1162.06,650.54,58.1032,32.527,0.4742,0.0678
152,42,person,1343.5,427.61,1362.87,459.26,1352.76,443.64,67.6381,22.1818,0.3318,0.1199
152,53,car,1147.82,1053.35,1174.95,1080.08,1161.27,1066.68,58.0637,53.334,0.3591,0.0733
152,55,car,1069.61,746.76,1096.16,794.61,1081.9,767.43,54.095,38.3714,0.2819,2.027
152,59,person,1265.39,604.55,1278.19,634.16,1271.73,619.33,63.5865,30.9666,0.4654,0.0595
152,61,person,361.57,663.73,369.68,681.15,365.51,672.55,18.2753,33.6273,0.5172,0.0573
152,18,car,628.58,627.75,666.24,668.6,647.44,648.22,32.3721,32.4109,0.75,0.0249
152,34,car,613.2,302.85,636.69,363.77,624.84,330.78,31.242,16.5388,0.5828,1.2318
152,65,car,730.56,362.02,760.2,427.86,744.98,392.94,37.2489,19.6469,0.4861,1.1341
152,66,car,398.97,796.99,433.07,856.96,415.83,826.92,20.7915,41.346,0.5726,0.0901
152,67,car,594.63,185.6,621.0,225.02,607.69,205.19,30.3843,10.2596,0.4677,0.1538
152,77,car,600.47,254.68,622.94,292.19,611.62,273.35,30.581,13.6677,0.4579,0.0696
152,78,person,1067.52,440.74,1076.45,461.65,1071.8,451.26,53.5899,22.5629,0.4291,0.1107
152,11,car,410.99,539.54,473.73,572.24,441.13,556.22,22.0563,27.8108,0.6864,0.5874
152,84,person,1042.33,540.9,1054.91,564.94,1047.25,552.35,52.3627,27.6177,0.4918,0.6973
152,85,car,1111.49,624.78,1145.51,660.1,1128.42,642.34,56.4211,32.1171,0.4597,0.0763
152,87,car,1082.91,657.26,1110.99,703.15,1097.22,679.9,54.8608,33.9951,0.3427,0.1403
152,89,motorcycle,1007.01,595.03,1026.66,621.12,992.88,610.01,49.6439,30.5005,0.3272,2.7824
152,90,person,1275.93,586.43,1292.73,607.08,1284.88,596.69,64.2441,29.8347,0.3101,0.2969
152,91,car,1417.89,816.32,1444.27,870.16,1430.94,843.21,71.5468,42.1603,0.2775,0.0529
152,93,person,1362.3,430.43,1377.32,459.28,1369.55,446.07,68.4775,22.3034,0.4296,0.4378
152,94,person,745.43,470.72,757.77,495.12,751.94,482.32,37.5971,24.1159,0.404,0.3921
152,96,person,1120.54,454.56,1132.11,480.72,1124.72,467.96,56.2359,23.3981,0.5167,0.8243
152,98,car,1111.44,624.64,1145.3,660.15,1128.31,642.29,56.4157,32.1143,0.2951,0.0566
152,99,car,1097.47,593.66,1133.69,628.41,1114.63,611.07,55.7316,30.5533,0.5316,0.4208
152,103,car,313.55,546.8,353.52,578.94,330.84,563.06,16.542,28.1528,0.3195,1.7797
152,105,car,723.13,261.46,742.99,298.0,731.91,275.62,36.5953,13.781,0.4944,2.1035
152,106,car,1164.67,579.83,1208.39,618.93,1186.56,599.2,59.3278,29.96,0.4852,0.0812
152,107,car,1044.45,682.67,1079.31,735.96,1060.03,705.87,53.0013,35.2934,0.3135,1.8956
152,109,car,980.45,904.42,1008.0,953.65,995.79,932.26,49.7896,46.6132,0.3869,1.7867
152,111,person,733.23,677.97,741.55,699.03,738.61,688.85,36.9307,34.4423,0.5068,0.5692
152,113,person,1351.5,816.64,1362.51,845.63,1356.8,831.22,67.8398,41.5609,0.3255,0.1016
152,110,car,1391.13,479.34,1437.75,512.05,1410.76,495.63,70.5382,24.7817,0.5193,1.8465
152,95,car,732.9,730.85,765.37,773.44,748.72,752.16,37.4359,37.6078,0.4788,0.1435
152,114,car,735.83,600.64,778.24,648.76,761.03,625.98,38.0514,31.2988,0.5408,2.0782
152,115,car,710.06,734.87,737.41,765.54,723.71,750.64,36.1857,37.5321,0.3733,0.2635
152,8,car,664.55,337.1,691.73,400.67,678.67,372.69,33.9333,18.6346,0.6943,2.2417
152,116,person,1389.69,434.43,1401.89,463.41,1395.7,448.88,69.7848,22.444,0.4902,0.094
152,117,person,1106.59,726.17,1120.41,749.24,1113.04,736.14,55.652,36.8071,0.3959,0.746
152,118,person,920.71,873.41,930.16,897.57,925.33,885.3,46.2666,44.2649,0.3893,0.1481
152,3,person,1325.31,436.74,1336.69,463.69,1331.09,450.23,66.5543,22.5116,0.4863,0.0068
152,119,person,957.43,901.62,967.11,924.46,961.6,912.02,48.0798,45.6008,0.2917,0.8281
152,120,person,1335.59,451.53,1346.19,470.92,1340.77,461.3,67.0386,23.065,0.5084,0.06
152,121,person,642.19,297.49,655.27,324.25,649.29,310.77,32.4646,15.5387,0.4744,0.1703
152,122,car,1004.0,882.92,1037.15,939.27,1023.32,916.85,51.1662,45.8427,0.5197,1.9145
152,123,car,1149.87,628.42,1174.55,673.09,1162.18,650.7,58.1089,32.535,0.463,0.0477
152,124,person,750.96,692.76,759.42,711.9,755.45,702.16,37.7723,35.1082,0.441,0.4511
152,125,motorcycle,643.74,353.07,653.73,377.68,648.76,365.45,32.4378,18.2724,0.5382,0.1117
152,126,car,1535.01,814.35,1562.4,870.5,1548.71,842.43,77.4353,42.1214,0.5006,0.0087
