violation_type,frame,track_id,leader_track_id,class_name,lane,d
Lane Straddling,,17,,motorcycle,,
Lane Straddling,,32,,person,,
Lane Straddling,,33,,person,,
Lane Straddling,,53,,person,,
Lane Straddling,,56,,car,,
Lane Straddling,,68,,person,,
Lane Straddling,,82,,person,,
Lane Straddling,,86,,person,,
Lane Straddling,,87,,motorcycle,,
Lane Straddling,,110,,person,,
Lane Straddling,,112,,person,,
Lane Straddling,,124,,motorcycle,,
Lane Straddling,,132,,person,,
Lane Straddling,,134,,motorcycle,,
Lane Straddling,,142,,person,,
Lane Straddling,,151,,motorcycle,,
Lane Straddling,,180,,person,,
Lane Straddling,,182,,person,,
Lane Straddling,,193,,car,,
Lane Straddling,,226,,person,,
Lane Straddling,,260,,motorcycle,,
Lane Straddling,,268,,motorcycle,,
Lane Straddling,,271,,person,,
Lane Straddling,,278,,person,,
Lane Straddling,,282,,motorcycle,,
Lane Straddling,,283,,motorcycle,,
Lane Straddling,,300,,person,,
Lane Straddling,,322,,motorcycle,,
Lane Straddling,,329,,person,,
Tailgating,2.0,69,53.0,person,Inner,2.2848535102957186
Tailgating,2.0,55,57.0,car,Outer,2.0091238208160442
Tailgating,3.0,69,53.0,person,Inner,2.2689426107872643
Tailgating,3.0,55,57.0,car,Outer,1.9485995044376982
Tailgating,4.0,55,57.0,car,Outer,1.908949098157846
Tailgating,5.0,69,53.0,person,Inner,2.2496432002278377
Tailgating,7.0,55,57.0,car,Outer,1.8092850790393424
Tailgating,8.0,55,57.0,car,Outer,1.7560967691107983
Tailgating,9.0,69,53.0,person,Inner,2.2180884768542612
Tailgating,10.0,55,57.0,car,Outer,1.8042676736219172
Tailgating,11.0,69,53.0,person,Inner,2.2004016465804233
Tailgating,11.0,55,57.0,car,Outer,1.8517107847388952
Tailgating,12.0,69,53.0,person,Inner,2.1918031721500895
Tailgating,12.0,24,5.0,motorcycle,Inner,1.2706279492188732
Tailgating,12.0,55,57.0,car,Outer,1.9024188308179104
Tailgating,13.0,24,5.0,motorcycle,Inner,1.3012035983779775
Tailgating,13.0,55,57.0,car,Outer,1.9557214265810117
Tailgating,14.0,24,5.0,motorcycle,Inner,1.3308414023353001
Tailgating,14.0,55,57.0,car,Outer,2.016244520139324
Tailgating,15.0,24,5.0,motorcycle,Inner,1.361440231255472
Tailgating,15.0,55,57.0,car,Outer,2.0795478085713617
Tailgating,16.0,24,5.0,motorcycle,Inner,1.3918375589420084
Tailgating,16.0,80,81.0,car,Outer,0.001364476192137707
Tailgating,17.0,24,5.0,motorcycle,Inner,1.4229769999414537
Tailgating,18.0,24,5.0,motorcycle,Inner,1.4519152268179516
Tailgating,19.0,24,5.0,motorcycle,Inner,1.4840230434964385
Tailgating,19.0,80,81.0,car,Outer,0.002718875588601393
Tailgating,20.0,24,5.0,motorcycle,Inner,1.5153015680782782
Tailgating,21.0,24,5.0,motorcycle,Inner,1.5468308177109096
Tailgating,22.0,24,5.0,motorcycle,Inner,1.5787953197380549
Tailgating,23.0,6,31.0,person,Inner,1.088446448686213
Tailgating,23.0,24,5.0,motorcycle,Inner,1.6096230875903006
Tailgating,24.0,24,5.0,motorcycle,Inner,1.6391951461836012
Tailgating,25.0,24,5.0,motorcycle,Inner,1.6681747686993877
Tailgating,26.0,24,72.0,motorcycle,Outer,1.8553880692803573
Tailgating,27.0,24,72.0,motorcycle,Outer,1.8404891596032957
Tailgating,28.0,24,72.0,motorcycle,Outer,1.8284572726796882
Tailgating,29.0,24,72.0,motorcycle,Outer,1.812851578510529
Tailgating,30.0,24,72.0,motorcycle,Outer,1.7966366526002926
Tailgating,31.0,24,72.0,motorcycle,Outer,1.7797869062343208
Tailgating,32.0,24,72.0,motorcycle,Outer,1.7623495418248654
Tailgating,33.0,81,80.0,car,Outer,0.12623808130891995
Tailgating,34.0,81,80.0,car,Outer,0.10562739634791546
Tailgating,34.0,55,57.0,car,Outer,2.1288456691562736
Tailgating,35.0,112,69.0,person,Inner,3.719348396215949
Tailgating,35.0,81,80.0,car,Outer,0.07475016486310239
Tailgating,35.0,55,57.0,car,Outer,2.0800553893828
Tailgating,36.0,112,69.0,person,Inner,3.7470875476960415
Tailgating,36.0,108,14.0,car,Outer,0.006982239659719772
Tailgating,36.0,81,80.0,car,Outer,0.0519861521431004
Tailgating,36.0,55,57.0,car,Outer,2.021092880249069
Tailgating,37.0,112,69.0,person,Inner,3.7762357260079287
Tailgating,37.0,108,14.0,car,Outer,0.002963412918640545
Tailgating,37.0,55,57.0,car,Outer,1.9562732814934223
Tailgating,38.0,112,69.0,person,Inner,3.804417877398634
Tailgating,38.0,108,14.0,car,Outer,0.00027046772046876693
Tailgating,38.0,55,57.0,car,Outer,1.8868999709210663
Tailgating,39.0,112,69.0,person,Inner,3.8326608687838988
Tailgating,39.0,14,108.0,car,Outer,0.002259444135120285
Tailgating,39.0,55,57.0,car,Outer,1.8168203126663514
Tailgating,40.0,112,69.0,person,Inner,3.857489836248131
Tailgating,40.0,14,108.0,car,Outer,0.005118398666009525
Tailgating,40.0,55,57.0,car,Outer,1.765742541148869
Tailgating,41.0,112,69.0,person,Inner,3.87788417883061
Tailgating,41.0,14,108.0,car,Outer,0.009242124929786134
Tailgating,41.0,55,57.0,car,Outer,1.7338078788867948
Tailgating,42.0,112,69.0,person,Inner,3.8957498212456154
Tailgating,42.0,14,108.0,car,Outer,0.010476416127955298
Tailgating,43.0,112,69.0,person,Inner,3.9095214883389757
Tailgating,43.0,14,108.0,car,Outer,0.00960990662158034
Tailgating,43.0,55,57.0,car,Outer,1.757456709456317
Tailgating,44.0,112,69.0,person,Inner,3.920373457954287
Tailgating,44.0,14,108.0,car,Outer,0.008594513174824746
Tailgating,44.0,55,57.0,car,Outer,1.8172592288824119
Tailgating,45.0,112,69.0,person,Inner,3.929451594329957
Tailgating,45.0,14,108.0,car,Outer,0.006605860227635404
Tailgating,45.0,55,57.0,car,Outer,1.8880797935845972
Tailgating,46.0,112,69.0,person,Inner,3.937305915237957
Tailgating,46.0,14,108.0,car,Outer,0.004998821951073883
Tailgating,46.0,55,57.0,car,Outer,1.9641300108976183
Tailgating,47.0,112,69.0,person,Inner,3.9469376457855483
Tailgating,47.0,14,108.0,car,Outer,0.0036047501172818833
Tailgating,47.0,55,57.0,car,Outer,2.045348303559478
Tailgating,48.0,112,69.0,person,Inner,3.9569018166349808
Tailgating,48.0,14,108.0,car,Outer,0.002877396357657845
Tailgating,48.0,55,57.0,car,Outer,2.1281566936756593
Tailgating,48.0,11,24.0,motorcycle,Outer,0.7156986353119722
Tailgating,49.0,112,69.0,person,Inner,3.9682087158513673
Tailgating,49.0,14,108.0,car,Outer,0.002500950064363707
Tailgating,49.0,80,81.0,car,Outer,0.010202206555063459
Tailgating,49.0,55,57.0,car,Outer,2.1871590510672196
Tailgating,49.0,11,24.0,motorcycle,Outer,0.6411215801259994
Tailgating,50.0,112,69.0,person,Inner,3.9846577043831815
Tailgating,50.0,14,108.0,car,Outer,0.0036103201308739855
Tailgating,50.0,80,81.0,car,Outer,0.03707815368035551
Tailgating,50.0,11,24.0,motorcycle,Outer,0.546480965207839
Tailgating,51.0,14,108.0,car,Outer,0.004131933525185811
Tailgating,51.0,80,81.0,car,Outer,0.0478345700130408
Tailgating,51.0,55,57.0,car,Outer,2.129494162916442
Tailgating,51.0,11,24.0,motorcycle,Outer,0.43452978471609593
Tailgating,52.0,14,108.0,car,Outer,0.005457982349563639
Tailgating,52.0,80,81.0,car,Outer,0.05050285562445337
Tailgating,52.0,55,57.0,car,Outer,2.064547503638491
Tailgating,52.0,11,24.0,motorcycle,Outer,0.31040240117364565
Tailgating,53.0,14,108.0,car,Outer,0.006865198852832268
Tailgating,53.0,80,81.0,car,Outer,0.05601087231852065
Tailgating,53.0,55,57.0,car,Outer,1.9690191416648661
Tailgating,53.0,11,24.0,motorcycle,Outer,0.18013625141436612
Tailgating,54.0,14,108.0,car,Outer,0.010113280583836409
Tailgating,54.0,80,81.0,car,Outer,0.050397626186758755
Tailgating,54.0,11,24.0,motorcycle,Outer,0.08303614862529539
Tailgating,55.0,14,108.0,car,Outer,0.01435975939525666
Tailgating,55.0,11,24.0,motorcycle,Outer,0.019013187362760305
Tailgating,56.0,14,108.0,car,Outer,0.015964664158827017
Tailgating,56.0,24,11.0,motorcycle,Outer,0.01880336804868724
Tailgating,57.0,14,108.0,car,Outer,0.01614366110700049
Tailgating,57.0,55,57.0,car,Outer,1.803876482083126
Tailgating,58.0,14,108.0,car,Outer,0.0161034928974621
Tailgating,58.0,55,57.0,car,Outer,1.8158550604137056
Tailgating,59.0,14,108.0,car,Outer,0.015138239085942614
Tailgating,59.0,55,57.0,car,Outer,1.8535106405488613
Tailgating,60.0,14,108.0,car,Outer,0.013171707627780329
Tailgating,60.0,55,57.0,car,Outer,1.9275955681507444
Tailgating,61.0,14,108.0,car,Outer,0.009537260684204255
Tailgating,61.0,118,80.0,motorcycle,Outer,0.859987921464234
Tailgating,62.0,14,108.0,car,Outer,0.004210423867333274
Tailgating,62.0,118,80.0,motorcycle,Outer,0.8661799527992677
Tailgating,63.0,14,108.0,car,Outer,0.001782888455333526
Tailgating,63.0,118,80.0,motorcycle,Outer,0.8737055518927643
Tailgating,64.0,130,10.0,car,Inner,0.007548775205633042
Tailgating,64.0,10,110.0,car,Inner,0.38138889617992666
Tailgating,64.0,53,31.0,person,Inner,0.9460801248312373
Tailgating,64.0,14,108.0,car,Outer,0.00012602469642629911
Tailgating,64.0,118,80.0,motorcycle,Outer,0.8871886214278116
Tailgating,65.0,130,10.0,car,Inner,0.007270966102602131
Tailgating,65.0,10,110.0,car,Inner,0.34655358136119485
Tailgating,65.0,108,14.0,car,Outer,0.0014076116063199222
Tailgating,65.0,118,80.0,motorcycle,Outer,0.9036656741319976
Tailgating,65.0,80,81.0,car,Outer,0.019933303913081825
Tailgating,66.0,130,10.0,car,Inner,0.005602127336202667
Tailgating,66.0,10,110.0,car,Inner,0.30960310598821406
Tailgating,66.0,53,31.0,person,Inner,0.8305869875827507
Tailgating,66.0,108,14.0,car,Outer,0.0019731181803691253
Tailgating,66.0,118,80.0,motorcycle,Outer,0.9202962408400397
Tailgating,66.0,80,81.0,car,Outer,0.011140298812641045
Tailgating,66.0,11,24.0,motorcycle,Outer,0.028731261339834602
Tailgating,67.0,130,10.0,car,Inner,0.004132362985009639
Tailgating,67.0,10,110.0,car,Inner,0.2712135021656158
Tailgating,67.0,53,31.0,person,Inner,0.6960552185643304
Tailgating,67.0,108,14.0,car,Outer,0.0016457761118493315
Tailgating,67.0,67,97.0,person,Outer,0.6199982699737394
Tailgating,67.0,118,80.0,motorcycle,Outer,0.9372591214547198
Tailgating,67.0,80,81.0,car,Outer,0.00946986891712029
Tailgating,67.0,11,24.0,motorcycle,Outer,0.006130559133104701
Tailgating,68.0,130,10.0,car,Inner,0.0028112538610922467
Tailgating,68.0,10,110.0,car,Inner,0.23656390236650582
Tailgating,68.0,53,31.0,person,Inner,0.5530181523364227
Tailgating,68.0,108,14.0,car,Outer,0.0016382284332461645
Tailgating,68.0,67,97.0,person,Outer,0.643353235140971
Tailgating,68.0,118,80.0,motorcycle,Outer,0.9563223387121754
Tailgating,68.0,80,81.0,car,Outer,0.012599386966290323
Tailgating,68.0,57,87.0,motorcycle,Outer,1.5543615680819458
Tailgating,68.0,24,11.0,motorcycle,Outer,0.008864898048150547
Tailgating,69.0,130,10.0,car,Inner,0.002773380496597322
Tailgating,69.0,10,110.0,car,Inner,0.20258080566818934
Tailgating,69.0,53,31.0,person,Inner,0.40326999133511743
Tailgating,69.0,14,108.0,car,Outer,0.00010375515551459644
Tailgating,69.0,67,97.0,person,Outer,0.6764038964494241
Tailgating,69.0,118,80.0,motorcycle,Outer,0.9770259429657884
Tailgating,69.0,80,81.0,car,Outer,0.019218687218202184
Tailgating,69.0,55,57.0,car,Outer,1.8603606118284572
Tailgating,69.0,57,87.0,motorcycle,Outer,1.6152254410270563
Tailgating,69.0,24,11.0,motorcycle,Outer,0.019904694901330355
Tailgating,70.0,130,10.0,car,Inner,0.0021120605459997686
Tailgating,70.0,10,110.0,car,Inner,0.1716416862167742
Tailgating,70.0,53,31.0,person,Inner,0.24681255192292517
Tailgating,70.0,14,108.0,car,Outer,0.003708041331699522
Tailgating,70.0,67,93.0,person,Outer,0.0010142792820583219
Tailgating,70.0,118,80.0,motorcycle,Outer,1.0020284341434074
Tailgating,70.0,80,81.0,car,Outer,0.02295846848027405
Tailgating,70.0,57,87.0,motorcycle,Outer,1.6797903523189974
Tailgating,70.0,24,11.0,motorcycle,Outer,0.026248858386652873
Tailgating,71.0,130,10.0,car,Inner,0.0014806839468316292
Tailgating,71.0,10,110.0,car,Inner,0.1430803603220868
Tailgating,71.0,53,31.0,person,Inner,0.08433825486616994
Tailgating,71.0,14,108.0,car,Outer,0.010748378120506438
Tailgating,71.0,67,93.0,person,Outer,0.03585665829533669
Tailgating,71.0,118,80.0,motorcycle,Outer,1.0182809660709535
Tailgating,71.0,80,81.0,car,Outer,0.027869362569902602
Tailgating,71.0,24,11.0,motorcycle,Outer,0.03137489032548305
Tailgating,72.0,130,10.0,car,Inner,0.0006251941668529565
Tailgating,72.0,10,110.0,car,Inner,0.11603365834232053
Tailgating,72.0,53,30.0,person,Inner,0.587683966944176
Tailgating,72.0,44,14.0,motorcycle,Outer,2.7501763484448434
Tailgating,72.0,14,108.0,car,Outer,0.01497369388018933
Tailgating,72.0,67,93.0,person,Outer,0.07209946817969141
Tailgating,72.0,118,80.0,motorcycle,Outer,1.0346056472932672
Tailgating,72.0,80,81.0,car,Outer,0.0285518114244909
Tailgating,72.0,24,11.0,motorcycle,Outer,0.03557618563063836
Tailgating,72.0,11,44.0,motorcycle,Outer,3.429364421490757
Tailgating,73.0,130,10.0,car,Inner,0.0003901245577356371
Tailgating,73.0,10,110.0,car,Inner,0.09103271831428442
Tailgating,73.0,53,30.0,person,Inner,0.5291076809590949
Tailgating,73.0,44,14.0,motorcycle,Outer,2.7831641560108644
Tailgating,73.0,14,108.0,car,Outer,0.017942642116530527
Tailgating,73.0,67,93.0,person,Outer,0.11083830609532361
Tailgating,73.0,118,80.0,motorcycle,Outer,1.0483938704208755
Tailgating,73.0,80,81.0,car,Outer,0.03125799285236393
Tailgating,73.0,55,57.0,car,Outer,1.78583839834019
Tailgating,73.0,57,87.0,motorcycle,Outer,1.6878637423455272
Tailgating,73.0,24,11.0,motorcycle,Outer,0.03576567759560353
Tailgating,73.0,11,44.0,motorcycle,Outer,3.3897542034976755
Tailgating,74.0,130,10.0,car,Inner,0.0011314293126737044
Tailgating,74.0,10,110.0,car,Inner,0.06862878881450199
Tailgating,74.0,53,30.0,person,Inner,0.4919788906529098
Tailgating,74.0,44,14.0,motorcycle,Outer,2.816813321544395
Tailgating,74.0,14,108.0,car,Outer,0.01965972997493643
Tailgating,74.0,67,93.0,person,Outer,0.13524071835407966
Tailgating,74.0,118,80.0,motorcycle,Outer,1.0608692317159167
Tailgating,74.0,80,81.0,car,Outer,0.03168797351143623
Tailgating,74.0,55,57.0,car,Outer,1.7852730876582086
Tailgating,74.0,57,87.0,motorcycle,Outer,1.664474658443053
Tailgating,74.0,24,11.0,motorcycle,Outer,0.03801726153078827
Tailgating,74.0,11,44.0,motorcycle,Outer,3.3693272926613895
Tailgating,75.0,130,10.0,car,Inner,0.0015761567800079716
Tailgating,75.0,10,110.0,car,Inner,0.0486647462263318
Tailgating,75.0,44,14.0,motorcycle,Outer,2.8496486666946903
Tailgating,75.0,14,108.0,car,Outer,0.021128766676190132
Tailgating,75.0,118,80.0,motorcycle,Outer,1.0753150981092878
Tailgating,75.0,80,81.0,car,Outer,0.028331470027548437
Tailgating,75.0,55,57.0,car,Outer,1.7831776941717385
Tailgating,75.0,57,87.0,motorcycle,Outer,1.6370137242629226
Tailgating,75.0,24,11.0,motorcycle,Outer,0.0419321341917591
Tailgating,75.0,11,44.0,motorcycle,Outer,3.357624187790218
Tailgating,76.0,147,142.0,person,Inner,2.0062176585474165
Tailgating,76.0,130,10.0,car,Inner,0.0004932905202259128
Tailgating,76.0,10,110.0,car,Inner,0.028888935545227864
Tailgating,76.0,44,14.0,motorcycle,Outer,2.885276543161089
Tailgating,76.0,14,108.0,car,Outer,0.021091139606126148
Tailgating,76.0,118,80.0,motorcycle,Outer,1.0872153480006461
Tailgating,76.0,80,81.0,car,Outer,0.00581762554865913
Tailgating,76.0,55,57.0,car,Outer,1.781621076001161
Tailgating,76.0,57,87.0,motorcycle,Outer,1.6071031996890057
Tailgating,76.0,60,2.0,car,Outer,0.12579505137227337
Tailgating,76.0,24,11.0,motorcycle,Outer,0.03882656751591995
Tailgating,76.0,11,44.0,motorcycle,Outer,3.3557687861926246
Tailgating,77.0,147,142.0,person,Inner,1.983198604952046
Tailgating,77.0,130,10.0,car,Inner,5.8444250298743996e-05
Tailgating,77.0,10,110.0,car,Inner,0.007840774341807058
Tailgating,77.0,44,14.0,motorcycle,Outer,2.9205105792427672
Tailgating,77.0,14,108.0,car,Outer,0.018678964614100308
Tailgating,77.0,118,80.0,motorcycle,Outer,1.0729863316171988
Tailgating,77.0,80,81.0,car,Outer,0.005381477993850488
Tailgating,77.0,57,87.0,motorcycle,Outer,1.5776578153568697
Tailgating,77.0,60,2.0,car,Outer,0.313940856877068
Tailgating,77.0,24,11.0,motorcycle,Outer,0.038250294664750835
Tailgating,77.0,11,44.0,motorcycle,Outer,3.3565124172525183
Tailgating,78.0,147,142.0,person,Inner,1.9674444069048613
Tailgating,78.0,10,130.0,car,Inner,0.0002148338301350577
Tailgating,78.0,44,14.0,motorcycle,Outer,2.9519274047092976
Tailgating,78.0,14,108.0,car,Outer,0.012598969849109298
Tailgating,78.0,118,80.0,motorcycle,Outer,1.051538012585482
Tailgating,78.0,80,81.0,car,Outer,0.01361790160489459
Tailgating,78.0,57,87.0,motorcycle,Outer,1.5599698002634337
Tailgating,78.0,60,2.0,car,Outer,0.5390676906846905
Tailgating,78.0,24,11.0,motorcycle,Outer,0.03774303751085031
Tailgating,78.0,11,151.0,motorcycle,Outer,2.6018818305859512
Tailgating,79.0,147,142.0,person,Inner,1.9518878397008137
Tailgating,79.0,10,130.0,car,Inner,9.07555881178497e-05
Tailgating,79.0,44,14.0,motorcycle,Outer,2.9790824430584717
Tailgating,79.0,14,108.0,car,Outer,0.009651091054774089
Tailgating,79.0,118,80.0,motorcycle,Outer,1.0217377940687111
Tailgating,79.0,80,81.0,car,Outer,0.02911962898032771
Tailgating,79.0,90,86.0,car,Outer,0.330476287461971
Tailgating,79.0,60,2.0,car,Outer,0.7818761355007825
Tailgating,79.0,24,11.0,motorcycle,Outer,0.13094197499430157
Tailgating,79.0,11,151.0,motorcycle,Outer,2.60210482685266
Tailgating,80.0,147,142.0,person,Inner,1.939112555491104
Tailgating,80.0,10,130.0,car,Inner,0.00022102746539979465
Tailgating,80.0,44,14.0,motorcycle,Outer,3.0042636636496365
Tailgating,80.0,14,108.0,car,Outer,0.0070438622981342704
Tailgating,80.0,144,97.0,person,Outer,0.6660186568957741
Tailgating,80.0,118,80.0,motorcycle,Outer,0.9913290953516048
Tailgating,80.0,80,81.0,car,Outer,0.04741840284682544
Tailgating,80.0,90,86.0,car,Outer,0.3297524809190637
Tailgating,80.0,60,2.0,car,Outer,1.0336992839911998
Tailgating,80.0,24,11.0,motorcycle,Outer,0.28555130749578883
Tailgating,80.0,11,151.0,motorcycle,Outer,2.6052813107286936
Tailgating,81.0,147,142.0,person,Inner,1.929047215475231
Tailgating,81.0,10,130.0,car,Inner,0.0007932667984550384
Tailgating,81.0,44,14.0,motorcycle,Outer,3.0265501245040016
Tailgating,81.0,14,108.0,car,Outer,0.005390283955448941
Tailgating,81.0,144,97.0,person,Outer,0.6961514359740586
Tailgating,81.0,118,80.0,motorcycle,Outer,0.9596707883397647
Tailgating,81.0,55,57.0,car,Outer,2.0252304876461364
Tailgating,81.0,60,2.0,car,Outer,1.289329136541778
Tailgating,81.0,24,11.0,motorcycle,Outer,0.47822346884376377
Tailgating,81.0,11,151.0,motorcycle,Outer,2.6095373361200718
Tailgating,82.0,147,142.0,person,Inner,1.8995160766506232
Tailgating,82.0,10,130.0,car,Inner,0.0013928762434744092
Tailgating,82.0,44,14.0,motorcycle,Outer,3.048581185211659
Tailgating,82.0,14,108.0,car,Outer,0.0024421634293573424
Tailgating,82.0,144,97.0,person,Outer,0.7271670384780579
Tailgating,82.0,118,80.0,motorcycle,Outer,0.9249556794567613
Tailgating,82.0,55,57.0,car,Outer,2.0870814671145244
Tailgating,82.0,60,2.0,car,Outer,1.546140399749263
Tailgating,82.0,24,11.0,motorcycle,Outer,0.6937140534455399
Tailgating,82.0,11,151.0,motorcycle,Outer,2.6134845468628853
Tailgating,83.0,147,142.0,person,Inner,1.8766512418106984
Tailgating,83.0,10,130.0,car,Inner,0.0014814492425703422
Tailgating,83.0,44,14.0,motorcycle,Outer,3.067223789962349
Tailgating,83.0,14,108.0,car,Outer,0.0008762182272816695
Tailgating,83.0,118,80.0,motorcycle,Outer,0.8898239617740913
Tailgating,83.0,55,57.0,car,Outer,2.151101926702425
Tailgating,83.0,60,2.0,car,Outer,1.6794713540592343
Tailgating,83.0,24,11.0,motorcycle,Outer,0.9314920688725536
Tailgating,83.0,11,151.0,motorcycle,Outer,2.6132969493735136
Tailgating,84.0,10,130.0,car,Inner,0.002012839527769425
Tailgating,84.0,44,108.0,motorcycle,Outer,3.09015702613747
Tailgating,84.0,108,14.0,car,Outer,0.00026593719597233753
Tailgating,84.0,147,93.0,person,Outer,0.27145866180341693
Tailgating,84.0,118,80.0,motorcycle,Outer,0.8715751192930798
Tailgating,84.0,60,2.0,car,Outer,1.7481523877293403
Tailgating,84.0,24,11.0,motorcycle,Outer,1.1771932261742133
Tailgating,84.0,11,151.0,motorcycle,Outer,2.610677902122168
Tailgating,85.0,10,130.0,car,Inner,0.0018795746771080339
Tailgating,85.0,151,44.0,motorcycle,Outer,0.42578064017970646
Tailgating,85.0,44,108.0,motorcycle,Outer,3.114789151179367
Tailgating,85.0,108,14.0,car,Outer,0.0021140791597003775
Tailgating,85.0,147,93.0,person,Outer,0.2263156377215865
Tailgating,85.0,118,80.0,motorcycle,Outer,0.8616185578082534
Tailgating,85.0,60,2.0,car,Outer,1.781628000165909
Tailgating,85.0,24,11.0,motorcycle,Outer,1.4270629958858028
Tailgating,85.0,11,151.0,motorcycle,Outer,2.6082835814115697
Tailgating,86.0,10,130.0,car,Inner,0.0018021835092117485
Tailgating,86.0,151,44.0,motorcycle,Outer,0.4202347933140356
Tailgating,86.0,44,108.0,motorcycle,Outer,3.144967882457484
Tailgating,86.0,108,14.0,car,Outer,0.0038786221171634733
Tailgating,86.0,147,93.0,person,Outer,0.18593143145893204
Tailgating,86.0,24,11.0,motorcycle,Outer,1.5806761572843357
Tailgating,86.0,11,151.0,motorcycle,Outer,2.608134696542019
Tailgating,87.0,10,130.0,car,Inner,0.0018212428064574235
Tailgating,87.0,44,108.0,motorcycle,Outer,3.1760027560557496
Tailgating,87.0,108,14.0,car,Outer,0.0052678695492972645
Tailgating,87.0,14,119.0,car,Outer,3.98543442250565
Tailgating,87.0,24,11.0,motorcycle,Outer,1.6704397816860506
Tailgating,87.0,11,151.0,motorcycle,Outer,2.6098191910522686
Tailgating,88.0,10,130.0,car,Inner,0.001516293632484457
Tailgating,88.0,44,108.0,motorcycle,Outer,3.202383948230678
Tailgating,88.0,108,14.0,car,Outer,0.0075014876484978945
Tailgating,88.0,14,119.0,car,Outer,3.9566914124113763
Tailgating,88.0,24,11.0,motorcycle,Outer,1.7174702560510007
Tailgating,88.0,11,151.0,motorcycle,Outer,2.6129445878756337
Tailgating,89.0,10,130.0,car,Inner,0.00031823483388615525
Tailgating,89.0,44,108.0,motorcycle,Outer,3.2269275130240223
Tailgating,89.0,108,14.0,car,Outer,0.00612567460813584
Tailgating,89.0,14,119.0,car,Outer,3.9289008208254224
Tailgating,89.0,55,57.0,car,Outer,2.128298571036443
Tailgating,89.0,11,151.0,motorcycle,Outer,2.615391035052577
Tailgating,90.0,130,10.0,car,Inner,0.00038180480871467164
Tailgating,90.0,44,108.0,motorcycle,Outer,3.2613977279062105
Tailgating,90.0,108,14.0,car,Outer,0.004651069758476604
Tailgating,90.0,14,119.0,car,Outer,3.896113901581841
Tailgating,90.0,55,57.0,car,Outer,2.0605543717026364
Tailgating,90.0,11,151.0,motorcycle,Outer,2.6191676476893804
Tailgating,91.0,130,10.0,car,Inner,0.0013244697241583676
Tailgating,91.0,44,108.0,motorcycle,Outer,3.2958991177662944
Tailgating,91.0,108,14.0,car,Outer,0.002592818692065016
Tailgating,91.0,14,119.0,car,Outer,3.862183915072067
Tailgating,91.0,93,144.0,person,Outer,0.10277338681665588
Tailgating,91.0,55,57.0,car,Outer,1.9851920658333786
Tailgating,91.0,11,151.0,motorcycle,Outer,2.626389575854025
Tailgating,92.0,130,10.0,car,Inner,0.001650581102597198
Tailgating,92.0,53,30.0,person,Inner,0.12835054451966338
Tailgating,92.0,44,108.0,motorcycle,Outer,3.329099992342617
Tailgating,92.0,108,14.0,car,Outer,0.0009866589419256502
Tailgating,92.0,14,119.0,car,Outer,3.828133131187428
Tailgating,92.0,93,144.0,person,Outer,0.1386609440515534
Tailgating,92.0,55,57.0,car,Outer,1.9060377003841273
Tailgating,92.0,11,151.0,motorcycle,Outer,2.635333080426869
Tailgating,93.0,130,10.0,car,Inner,0.0015832246944678203
Tailgating,93.0,44,14.0,motorcycle,Outer,3.3605481776989974
Tailgating,93.0,14,108.0,car,Outer,2.9513277760157123e-05
Tailgating,93.0,108,119.0,car,Outer,3.7968288687837584
Tailgating,93.0,93,147.0,person,Outer,0.04930194013678246
Tailgating,93.0,55,57.0,car,Outer,1.825521446496626
Tailgating,93.0,11,151.0,motorcycle,Outer,2.641278532296157
Tailgating,94.0,130,10.0,car,Inner,0.0012561106094982463
Tailgating,94.0,44,14.0,motorcycle,Outer,3.391719212526952
Tailgating,94.0,14,108.0,car,Outer,0.0015687340257861076
Tailgating,94.0,108,119.0,car,Outer,3.7646782274662307
Tailgating,94.0,93,147.0,person,Outer,0.11541621013242535
Tailgating,94.0,147,144.0,person,Outer,0.08539490875695065
Tailgating,94.0,55,57.0,car,Outer,1.7832856129855077
Tailgating,94.0,11,151.0,motorcycle,Outer,2.64425895547625
Tailgating,95.0,130,10.0,car,Inner,0.0003158564481915456
Tailgating,95.0,151,44.0,motorcycle,Outer,0.41034993456876606
Tailgating,95.0,44,14.0,motorcycle,Outer,3.4230626156143216
Tailgating,95.0,14,108.0,car,Outer,0.0030120712284645384
Tailgating,95.0,108,119.0,car,Outer,3.7332366596377478
Tailgating,95.0,93,147.0,person,Outer,0.18510120875093883
Tailgating,95.0,147,144.0,person,Outer,0.05274512618593918
Tailgating,95.0,11,151.0,motorcycle,Outer,2.6455767015685008
Tailgating,96.0,10,130.0,car,Inner,0.001688603931919787
Tailgating,96.0,151,44.0,motorcycle,Outer,0.40435369856695585
Tailgating,96.0,44,14.0,motorcycle,Outer,3.4642091667470027
Tailgating,96.0,14,108.0,car,Outer,0.0019246792523218838
Tailgating,96.0,108,119.0,car,Outer,3.703637948217423
Tailgating,96.0,147,144.0,person,Outer,0.021502749304813943
Tailgating,96.0,11,151.0,motorcycle,Outer,2.647829850916923
Tailgating,97.0,10,130.0,car,Inner,0.003449659345194017
Tailgating,97.0,151,44.0,motorcycle,Outer,0.39965548315924565
Tailgating,97.0,44,108.0,motorcycle,Outer,3.49961469306262
Tailgating,97.0,108,14.0,car,Outer,0.00036560683666682375
Tailgating,97.0,14,119.0,car,Outer,3.676909570578967
Tailgating,97.0,147,118.0,person,Outer,1.6782383801025647
Tailgating,97.0,11,151.0,motorcycle,Outer,2.6500625384643217
Tailgating,98.0,10,130.0,car,Inner,0.005480956288162314
Tailgating,98.0,151,44.0,motorcycle,Outer,0.3947958521476691
Tailgating,98.0,44,108.0,motorcycle,Outer,3.526327526595629
Tailgating,98.0,108,14.0,car,Outer,0.004460243609791245
Tailgating,98.0,14,119.0,car,Outer,3.6535046311591985
Tailgating,98.0,147,118.0,person,Outer,1.6419074432876655
Tailgating,98.0,55,57.0,car,Outer,1.7550019757804425
Tailgating,98.0,11,151.0,motorcycle,Outer,2.6510257935387935
Tailgating,99.0,10,130.0,car,Inner,0.0073943523812881684
Tailgating,99.0,44,108.0,motorcycle,Outer,3.557959544259593
Tailgating,99.0,108,14.0,car,Outer,0.006629092929401905
Tailgating,99.0,14,119.0,car,Outer,3.629091559482634
Tailgating,99.0,147,118.0,person,Outer,1.6053073991970543
Tailgating,99.0,55,57.0,car,Outer,1.7985884537720431
Tailgating,99.0,11,151.0,motorcycle,Outer,2.649034259291374
Tailgating,100.0,10,130.0,car,Inner,0.009204142229172704
Tailgating,100.0,130,112.0,car,Inner,3.992571270454602
Tailgating,100.0,151,44.0,motorcycle,Outer,0.38086472758366297
Tailgating,100.0,44,108.0,motorcycle,Outer,3.585466766585092
Tailgating,100.0,108,14.0,car,Outer,0.007154108423850144
Tailgating,100.0,14,119.0,car,Outer,3.604085956261628
Tailgating,100.0,147,118.0,person,Outer,1.573318377864979
Tailgating,100.0,55,57.0,car,Outer,1.8406705315121095
Tailgating,100.0,11,151.0,motorcycle,Outer,2.6511858543458007
Tailgating,101.0,10,130.0,car,Inner,0.010628743919949021
Tailgating,101.0,130,112.0,car,Inner,3.9395340709724023
Tailgating,101.0,44,108.0,motorcycle,Outer,3.615119183810234
Tailgating,101.0,108,14.0,car,Outer,0.00796970179024707
Tailgating,101.0,14,119.0,car,Outer,3.572625754493133
Tailgating,101.0,147,118.0,person,Outer,1.547117781960329
Tailgating,101.0,55,57.0,car,Outer,1.8626558223029401
Tailgating,101.0,11,44.0,motorcycle,Outer,3.355716646370165
Tailgating,102.0,10,130.0,car,Inner,0.011944376495573021
Tailgating,102.0,130,112.0,car,Inner,3.8857333470410906
Tailgating,102.0,44,108.0,motorcycle,Outer,3.6467421338375634
Tailgating,102.0,108,14.0,car,Outer,0.009345756240351395
Tailgating,102.0,14,119.0,car,Outer,3.536343653149516
Tailgating,102.0,147,118.0,person,Outer,1.5203465018360842
Tailgating,102.0,55,57.0,car,Outer,1.8729509653823466
Tailgating,102.0,11,44.0,motorcycle,Outer,3.3424062208824483
Tailgating,103.0,10,130.0,car,Inner,0.013031633531793152
Tailgating,103.0,130,112.0,car,Inner,3.8327247716268094
Tailgating,103.0,44,108.0,motorcycle,Outer,3.67442420980383
Tailgating,103.0,108,14.0,car,Outer,0.01048441883322334
Tailgating,103.0,14,119.0,car,Outer,3.4970730421808396
Tailgating,103.0,147,118.0,person,Outer,1.4918750874089008
Tailgating,103.0,55,57.0,car,Outer,1.9058776091903347
Tailgating,103.0,11,44.0,motorcycle,Outer,3.3367928628788373
Tailgating,104.0,10,130.0,car,Inner,0.014595480394824575
Tailgating,104.0,130,112.0,car,Inner,3.7826087813375824
Tailgating,104.0,44,108.0,motorcycle,Outer,3.7025313198181995
Tailgating,104.0,108,14.0,car,Outer,0.01126259156108595
Tailgating,104.0,14,119.0,car,Outer,3.453917305321006
Tailgating,104.0,147,118.0,person,Outer,1.4624571294210547
Tailgating,104.0,55,57.0,car,Outer,1.9530783749892298
Tailgating,104.0,11,44.0,motorcycle,Outer,3.330502740277643
Tailgating,105.0,10,130.0,car,Inner,0.016158584237267765
Tailgating,105.0,130,112.0,car,Inner,3.7344260737458104
Tailgating,105.0,44,108.0,motorcycle,Outer,3.730940390498261
Tailgating,105.0,108,14.0,car,Outer,0.011682181966128035
Tailgating,105.0,14,119.0,car,Outer,3.408735853881468
Tailgating,105.0,147,118.0,person,Outer,1.4321457086151481
Tailgating,105.0,11,44.0,motorcycle,Outer,3.3238838017622654
Tailgating,106.0,10,130.0,car,Inner,0.016775397891642056
Tailgating,106.0,130,112.0,car,Inner,3.689403724544975
Tailgating,106.0,44,108.0,motorcycle,Outer,3.758309309474982
Tailgating,106.0,108,14.0,car,Outer,0.011324414274966542
Tailgating,106.0,14,119.0,car,Outer,3.362280440920229
Tailgating,106.0,147,118.0,person,Outer,1.410191615531399
Tailgating,106.0,11,44.0,motorcycle,Outer,3.3234690968227634
Tailgating,107.0,71,135.0,car,Inner,2.0050770466138634
Tailgating,107.0,10,130.0,car,Inner,0.01635462121498096
Tailgating,107.0,130,112.0,car,Inner,3.643888284878582
Tailgating,107.0,44,108.0,motorcycle,Outer,3.783370452687254
Tailgating,107.0,108,14.0,car,Outer,0.011700675039487088
Tailgating,107.0,14,119.0,car,Outer,3.316660340093777
Tailgating,107.0,147,118.0,person,Outer,1.3920961249396686
Tailgating,107.0,11,44.0,motorcycle,Outer,3.3270891027569185
Tailgating,108.0,71,135.0,car,Inner,1.9523683317943126
Tailgating,108.0,10,130.0,car,Inner,0.015320990163396875
Tailgating,108.0,130,112.0,car,Inner,3.601816330475497
Tailgating,108.0,44,108.0,motorcycle,Outer,3.804787778288705
Tailgating,108.0,108,14.0,car,Outer,0.009415181423292774
Tailgating,108.0,14,119.0,car,Outer,3.2792080688041634
Tailgating,108.0,147,118.0,person,Outer,1.3778294043408075
Tailgating,108.0,55,57.0,car,Outer,2.021043483128561
Tailgating,108.0,33,19.0,person,Outer,1.1950393955620982
Tailgating,108.0,11,44.0,motorcycle,Outer,3.3352017159363356
Tailgating,109.0,71,135.0,car,Inner,1.8916060024514156
Tailgating,109.0,10,130.0,car,Inner,0.014134269238273017
Tailgating,109.0,130,112.0,car,Inner,3.5560961454559967
Tailgating,109.0,44,108.0,motorcycle,Outer,3.830283463553569
Tailgating,109.0,108,14.0,car,Outer,0.006721409606362798
Tailgating,109.0,14,119.0,car,Outer,3.242630777405317
Tailgating,109.0,147,118.0,person,Outer,1.3635383720138283
Tailgating,109.0,55,57.0,car,Outer,2.0606647093923613
Tailgating,109.0,33,19.0,person,Outer,1.168532277111399
Tailgating,109.0,11,44.0,motorcycle,Outer,3.3401228601249655
Tailgating,110.0,71,135.0,car,Inner,1.826514372215581
Tailgating,110.0,10,130.0,car,Inner,0.013681776971897085
Tailgating,110.0,130,112.0,car,Inner,3.5085124991155507
Tailgating,110.0,44,14.0,motorcycle,Outer,3.8703818413840034
Tailgating,110.0,14,108.0,car,Outer,0.0027293474279277883
Tailgating,110.0,108,119.0,car,Outer,3.1945382194580283
Tailgating,110.0,147,118.0,person,Outer,1.3506725195531835
Tailgating,110.0,55,57.0,car,Outer,2.090450392874979
Tailgating,110.0,33,19.0,person,Outer,1.139707384701752
Tailgating,110.0,11,44.0,motorcycle,Outer,3.3417760092012583
Tailgating,111.0,71,135.0,car,Inner,1.761929038954672
Tailgating,111.0,10,130.0,car,Inner,0.013078855470111459
Tailgating,111.0,130,112.0,car,Inner,3.459756078307335
Tailgating,111.0,44,14.0,motorcycle,Outer,3.9082555005695143
Tailgating,111.0,14,108.0,car,Outer,0.01120115675950331
Tailgating,111.0,108,119.0,car,Outer,3.13981232040767
Tailgating,111.0,144,147.0,person,Outer,0.6302532823771178
Tailgating,111.0,147,118.0,person,Outer,1.3385576876123628
Tailgating,111.0,33,19.0,person,Outer,1.1164738579098337
Tailgating,112.0,71,135.0,car,Inner,1.6980728696021077
Tailgating,112.0,10,130.0,car,Inner,0.012199762451899049
Tailgating,112.0,130,112.0,car,Inner,3.4107066044929963
Tailgating,112.0,44,14.0,motorcycle,Outer,3.949565152131105
Tailgating,112.0,14,108.0,car,Outer,0.01744959418016946
Tailgating,112.0,108,119.0,car,Outer,3.0864233752565946
Tailgating,112.0,144,147.0,person,Outer,0.6964484503941984
Tailgating,112.0,147,118.0,person,Outer,1.3273872156296094
Tailgating,113.0,71,135.0,car,Inner,1.6328347245213088
Tailgating,113.0,10,130.0,car,Inner,0.011193933834694244
Tailgating,113.0,130,112.0,car,Inner,3.3569788002941134
Tailgating,113.0,44,14.0,motorcycle,Outer,3.986945557877347
Tailgating,113.0,14,108.0,car,Outer,0.022566721895664252
Tailgating,113.0,108,119.0,car,Outer,3.0404150717899614
Tailgating,113.0,144,147.0,person,Outer,0.7636239975144345
Tailgating,113.0,147,118.0,motorcycle,Outer,1.3217982817421385
Tailgating,114.0,10,130.0,car,Inner,0.010526412891405011
Tailgating,114.0,130,112.0,car,Inner,3.304757792300951
Tailgating,114.0,14,108.0,car,Outer,0.0261158092303412
Tailgating,114.0,108,119.0,car,Outer,2.998729183363239
Tailgating,114.0,144,147.0,person,Outer,0.8266926432748272
Tailgating,114.0,147,118.0,motorcycle,Outer,1.3237048571524948
Tailgating,115.0,10,130.0,car,Inner,0.010006529700176936
Tailgating,115.0,130,112.0,car,Inner,3.253867090233561
Tailgating,115.0,14,108.0,car,Outer,0.02731528741376357
Tailgating,115.0,108,119.0,car,Outer,2.9603657886632795
Tailgating,115.0,129,20.0,car,Outer,1.4623373222582947
Tailgating,115.0,144,147.0,person,Outer,0.8879364719372688
Tailgating,115.0,147,118.0,motorcycle,Outer,1.3287004996517242
Tailgating,116.0,10,130.0,car,Inner,0.011246583238576769
Tailgating,116.0,130,112.0,car,Inner,3.205415387461957
Tailgating,116.0,14,108.0,car,Outer,0.03140049556192855
Tailgating,116.0,108,119.0,car,Outer,2.914415334681545
Tailgating,116.0,129,20.0,car,Outer,1.491636584419278
Tailgating,116.0,147,118.0,motorcycle,Outer,1.335925865960941
Tailgating,117.0,10,130.0,car,Inner,0.00949589575540668
Tailgating,117.0,130,112.0,car,Inner,3.1546767241548066
Tailgating,117.0,14,108.0,car,Outer,0.02752193889290187
Tailgating,117.0,108,119.0,car,Outer,2.882887065152578
Tailgating,117.0,129,20.0,car,Outer,1.5208327372579575
Tailgating,117.0,147,118.0,motorcycle,Outer,1.3457210917004652
Tailgating,117.0,33,19.0,person,Outer,1.1188037981457453
Tailgating,118.0,10,130.0,car,Inner,0.006787980222194126
Tailgating,118.0,130,112.0,car,Inner,3.1073917493553775
Tailgating,118.0,14,108.0,car,Outer,0.02396870848600735
Tailgating,118.0,108,119.0,car,Outer,2.856480172692345
Tailgating,118.0,129,20.0,car,Outer,1.550883191632867
Tailgating,118.0,147,118.0,motorcycle,Outer,1.35693639525004
Tailgating,118.0,33,19.0,person,Outer,1.143711571356215
Tailgating,119.0,10,130.0,car,Inner,0.006464530913321653
Tailgating,119.0,130,112.0,car,Inner,3.0589986688371504
Tailgating,119.0,14,108.0,car,Outer,0.023607042439451734
Tailgating,119.0,108,119.0,car,Outer,2.8330856429188733
Tailgating,119.0,129,20.0,car,Outer,1.5840031910441856
Tailgating,119.0,147,118.0,motorcycle,Outer,1.3641043708876868
Tailgating,119.0,33,19.0,person,Outer,1.165610304957474
Tailgating,119.0,60,2.0,car,Outer,1.5483872512105188
Tailgating,120.0,10,130.0,car,Inner,0.011705501699737369
Tailgating,120.0,130,112.0,car,Inner,3.0096070663812027
Tailgating,120.0,14,108.0,car,Outer,0.02174241417149234
Tailgating,120.0,108,119.0,car,Outer,2.8069401315723757
Tailgating,120.0,129,20.0,car,Outer,1.6163332764256353
Tailgating,120.0,147,118.0,motorcycle,Outer,1.362668547197444
Tailgating,120.0,33,19.0,person,Outer,1.185588359586429
Tailgating,120.0,60,2.0,car,Outer,1.3621711867052964
Tailgating,121.0,10,130.0,car,Inner,0.015232426254917749
Tailgating,121.0,130,112.0,car,Inner,2.9567795570510578
Tailgating,121.0,14,108.0,car,Outer,0.019566201688830987
Tailgating,121.0,108,119.0,car,Outer,2.7745191280082233
Tailgating,121.0,129,20.0,car,Outer,1.6186046105311118
Tailgating,121.0,57,87.0,motorcycle,Outer,2.162857817241038
Tailgating,121.0,33,19.0,person,Outer,1.2031327695483203
Tailgating,121.0,60,2.0,car,Outer,1.1416429960384613
Tailgating,122.0,10,130.0,car,Inner,0.01779776285042876
Tailgating,122.0,130,112.0,car,Inner,2.9015528875042382
Tailgating,122.0,14,108.0,car,Outer,0.01476250307929766
Tailgating,122.0,108,119.0,car,Outer,2.74002592604601
Tailgating,122.0,129,20.0,car,Outer,1.62431456142949
Tailgating,122.0,57,87.0,motorcycle,Outer,2.146365983904798
Tailgating,122.0,60,2.0,car,Outer,0.9009918548394569
Tailgating,123.0,151,5.0,motorcycle,Inner,1.5392931948781345
Tailgating,123.0,10,130.0,car,Inner,0.021858229133685295
Tailgating,123.0,130,112.0,car,Inner,2.843271484861072
Tailgating,123.0,14,108.0,car,Outer,0.007967032340451888
Tailgating,123.0,108,119.0,car,Outer,2.713343407286776
Tailgating,123.0,129,20.0,car,Outer,1.6342041278883224
Tailgating,123.0,60,2.0,car,Outer,0.6502797506293826
Tailgating,124.0,10,130.0,car,Inner,0.024977704386186378
Tailgating,124.0,130,112.0,car,Inner,2.7842169913366175
Tailgating,124.0,14,108.0,car,Outer,0.0032496520322172736
Tailgating,124.0,108,119.0,car,Outer,2.6880653132773045
Tailgating,124.0,129,20.0,car,Outer,1.6473050904780402
Tailgating,124.0,60,2.0,car,Outer,0.3849995239180706
Tailgating,125.0,10,130.0,car,Inner,0.026823150973066555
Tailgating,125.0,130,112.0,car,Inner,2.7249490068609394
Tailgating,125.0,108,14.0,car,Outer,0.002581019568065924
Tailgating,125.0,14,119.0,car,Outer,2.661873256109949
Tailgating,125.0,129,20.0,car,Outer,1.6625332506101882
Tailgating,125.0,60,2.0,car,Outer,0.1212994887859515
Tailgating,126.0,10,130.0,car,Inner,0.031251679474074076
Tailgating,126.0,130,112.0,car,Inner,2.661979944275997
Tailgating,126.0,108,14.0,car,Outer,0.009030425852191711
Tailgating,126.0,129,20.0,car,Outer,1.6778301941248377
Tailgating,126.0,60,24.0,car,Outer,3.5518864767445275
Tailgating,127.0,10,130.0,car,Inner,0.03393865201487779
Tailgating,127.0,130,112.0,car,Inner,2.599686616473726
Tailgating,127.0,31,30.0,person,Inner,0.6714333970114663
Tailgating,127.0,108,14.0,car,Outer,0.014633984575695955
Tailgating,127.0,129,20.0,car,Outer,1.6947912692803888
Tailgating,127.0,60,24.0,car,Outer,3.4852131293128954
Tailgating,128.0,10,130.0,car,Inner,0.040848291147536686
Tailgating,128.0,130,112.0,car,Inner,2.544602724569412
Tailgating,128.0,31,30.0,person,Inner,0.6680467723629685
Tailgating,128.0,108,14.0,car,Outer,0.01765086336824046
Tailgating,128.0,129,20.0,car,Outer,1.7117654343385769
Tailgating,128.0,60,24.0,car,Outer,3.4519763471680833
Tailgating,129.0,10,130.0,car,Inner,0.049949125135555196
Tailgating,129.0,130,112.0,car,Inner,2.489335698769412
Tailgating,129.0,31,30.0,person,Inner,0.6608691029143028
Tailgating,129.0,108,14.0,car,Outer,0.019192374596402932
Tailgating,129.0,129,20.0,car,Outer,1.7326814687823149
Tailgating,129.0,55,57.0,car,Outer,2.13724361595615
Tailgating,130.0,10,130.0,car,Inner,0.05194197065067943
Tailgating,130.0,130,112.0,car,Inner,2.4335611223848486
Tailgating,130.0,31,30.0,person,Inner,0.648852464622088
Tailgating,130.0,108,14.0,car,Outer,0.018879035930006016
Tailgating,130.0,129,20.0,car,Outer,1.7575177872214547
Tailgating,130.0,55,57.0,car,Outer,2.073871702318808
Tailgating,131.0,10,130.0,car,Inner,0.0527366461986801
Tailgating,131.0,130,112.0,car,Inner,2.3787819670734636
Tailgating,131.0,31,30.0,person,Inner,0.6207935069932314
Tailgating,131.0,108,14.0,car,Outer,0.019211107141205032
Tailgating,131.0,129,20.0,car,Outer,1.7814351412951914
Tailgating,131.0,55,57.0,car,Outer,2.0156296489244543
Tailgating,132.0,10,130.0,car,Inner,0.053258479450839134
Tailgating,132.0,130,112.0,car,Inner,2.324537066693841
Tailgating,132.0,31,30.0,person,Inner,0.5892170486148689
Tailgating,132.0,53,32.0,person,Inner,1.3972586529671411
Tailgating,132.0,108,14.0,car,Outer,0.018726355270371177
Tailgating,132.0,129,20.0,car,Outer,1.8056125844488353
Tailgating,132.0,55,57.0,car,Outer,1.9593625422814709
Tailgating,133.0,151,5.0,motorcycle,Inner,1.620231261624778
Tailgating,133.0,10,130.0,car,Inner,0.04722766616400339
Tailgating,133.0,130,112.0,car,Inner,2.2732141141382876
Tailgating,133.0,31,30.0,person,Inner,0.5520742179309525
Tailgating,133.0,53,32.0,person,Inner,1.384997572994427
Tailgating,133.0,108,14.0,car,Outer,0.016369790115529914
Tailgating,133.0,129,20.0,car,Outer,1.830605465000443
Tailgating,133.0,55,57.0,car,Outer,1.8986749602815234
Tailgating,134.0,10,130.0,car,Inner,0.038180323713945856
Tailgating,134.0,130,112.0,car,Inner,2.222752061753829
Tailgating,134.0,31,30.0,person,Inner,0.5122205738722468
Tailgating,134.0,108,14.0,car,Outer,0.014096015940977554
Tailgating,134.0,129,20.0,car,Outer,1.8585453920368065
Tailgating,134.0,55,57.0,car,Outer,1.8522585571877985
Tailgating,135.0,10,130.0,car,Inner,0.02733828277754096
Tailgating,135.0,130,112.0,car,Inner,2.1699494059512503
Tailgating,135.0,31,30.0,person,Inner,0.4711790966582889
Tailgating,135.0,108,14.0,car,Outer,0.013211855894345573
Tailgating,135.0,129,20.0,car,Outer,1.888051498896125
Tailgating,135.0,55,57.0,car,Outer,1.8098849001987845
Tailgating,136.0,10,130.0,car,Inner,0.014304563041365128
Tailgating,136.0,130,112.0,car,Inner,2.1161635092094793
Tailgating,136.0,31,30.0,person,Inner,0.4297701379333977
Tailgating,136.0,108,14.0,car,Outer,0.01264687429364238
Tailgating,136.0,129,20.0,car,Outer,1.9143517653575373
Tailgating,137.0,10,130.0,car,Inner,0.005752309797537174
Tailgating,137.0,130,112.0,car,Inner,2.064504201045356
Tailgating,137.0,31,30.0,person,Inner,0.38839638584002817
Tailgating,137.0,108,14.0,car,Outer,0.012043766079720124
Tailgating,137.0,129,20.0,car,Outer,1.9382229333865422
Tailgating,138.0,130,112.0,car,Inner,2.0184425803009964
Tailgating,138.0,31,30.0,person,Inner,0.3640349398795773
Tailgating,138.0,108,14.0,car,Outer,0.013169674892978217
Tailgating,139.0,130,10.0,car,Inner,0.0011578940417941734
Tailgating,139.0,10,112.0,car,Inner,1.9727451614015783
Tailgating,139.0,31,30.0,person,Inner,0.3412526799604141
Tailgating,139.0,108,14.0,car,Outer,0.012474695669275952
Tailgating,139.0,129,20.0,car,Outer,1.9812776944488137
Tailgating,139.0,91,144.0,person,Outer,0.844392813021104
Tailgating,139.0,147,118.0,motorcycle,Outer,1.4584046245347773
Tailgating,140.0,130,112.0,car,Inner,1.9327385427006147
Tailgating,140.0,108,14.0,car,Outer,0.015670841785778114
Tailgating,140.0,129,20.0,car,Outer,2.0006788937112407
Tailgating,140.0,91,144.0,person,Outer,0.7354977133141891
Tailgating,140.0,97,147.0,person,Outer,0.25459214280720466
Tailgating,140.0,147,118.0,motorcycle,Outer,1.4031876762076014
Tailgating,141.0,10,130.0,car,Inner,0.0060470131357867616
Tailgating,141.0,130,112.0,car,Inner,1.8888030238704965
Tailgating,141.0,108,14.0,car,Outer,0.01879748512206654
Tailgating,141.0,129,20.0,car,Outer,2.0212850560911786
Tailgating,141.0,91,144.0,person,Outer,0.600592572823444
Tailgating,141.0,97,147.0,person,Outer,0.4010626321896954
Tailgating,141.0,147,118.0,motorcycle,Outer,1.349890356985321
Tailgating,141.0,19,2.0,car,Outer,3.627055823414011
Tailgating,142.0,10,130.0,car,Inner,0.0031624226917117766
Tailgating,142.0,130,112.0,car,Inner,1.846217903593051
Tailgating,142.0,108,14.0,car,Outer,0.01936847506060062
Tailgating,142.0,129,20.0,car,Outer,2.0420011368144584
Tailgating,142.0,91,144.0,person,Outer,0.45135031626372935
Tailgating,142.0,97,147.0,person,Outer,0.5459555188312438
Tailgating,142.0,147,118.0,motorcycle,Outer,1.2995888202708445
Tailgating,142.0,87,162.0,motorcycle,Outer,0.46306903979170444
Tailgating,142.0,19,2.0,car,Outer,3.413627532349365
Tailgating,143.0,130,10.0,car,Inner,0.00034347959846081606
Tailgating,143.0,10,112.0,car,Inner,1.8006212604171457
Tailgating,143.0,108,14.0,car,Outer,0.017182791489078777
Tailgating,143.0,129,20.0,car,Outer,2.0619991732781813
Tailgating,143.0,91,144.0,person,Outer,0.2944540860475553
Tailgating,143.0,97,147.0,person,Outer,0.6926230644197587
Tailgating,143.0,147,118.0,motorcycle,Outer,1.2470627909416052
Tailgating,143.0,19,2.0,car,Outer,3.159871554164396
Tailgating,144.0,130,10.0,car,Inner,0.004983032222500102
Tailgating,144.0,10,112.0,car,Inner,1.7556265095637402
Tailgating,144.0,44,5.0,motorcycle,Outer,1.6615610761120296
Tailgating,144.0,5,108.0,motorcycle,Outer,2.939765369086679
Tailgating,144.0,108,14.0,car,Outer,0.015382792143823867
Tailgating,144.0,129,20.0,car,Outer,2.0917075780120236
Tailgating,144.0,91,144.0,person,Outer,0.13410074821805387
Tailgating,144.0,97,147.0,person,Outer,0.8385050419540587
Tailgating,144.0,147,118.0,motorcycle,Outer,1.1932585368439446
Tailgating,144.0,19,2.0,car,Outer,2.885012460676376
Tailgating,145.0,130,10.0,car,Inner,0.006739994797789412
Tailgating,145.0,10,112.0,car,Inner,1.7117013830673238
Tailgating,145.0,44,5.0,motorcycle,Outer,1.6677868851807507
Tailgating,145.0,5,108.0,motorcycle,Outer,2.9753958529901023
Tailgating,145.0,108,14.0,car,Outer,0.011384372069813317
Tailgating,145.0,129,20.0,car,Outer,2.124558675050228
Tailgating,145.0,91,97.0,person,Outer,0.5439241908491467
Tailgating,145.0,97,147.0,person,Outer,0.9794623428939583
Tailgating,145.0,147,118.0,motorcycle,Outer,1.1434548012179528
Tailgating,145.0,19,2.0,car,Outer,2.60342137764176
Tailgating,146.0,124,110.0,motorcycle,Inner,3.332892595322039
Tailgating,146.0,130,10.0,car,Inner,0.008637477080244912
Tailgating,146.0,10,112.0,car,Inner,1.6617742109311344
Tailgating,146.0,44,5.0,motorcycle,Outer,1.6723778101157196
Tailgating,146.0,5,108.0,motorcycle,Outer,3.012705717643156
Tailgating,146.0,108,14.0,car,Outer,0.004621169879934486
Tailgating,146.0,91,97.0,person,Outer,0.4415513509640895
Tailgating,146.0,147,118.0,motorcycle,Outer,1.1296975148216972
Tailgating,146.0,33,19.0,person,Outer,2.8975002857788112
Tailgating,146.0,19,2.0,car,Outer,2.3256527606956436
Tailgating,147.0,124,110.0,motorcycle,Inner,3.287859020167318
Tailgating,147.0,130,10.0,car,Inner,0.006971978583340253
Tailgating,147.0,10,112.0,car,Inner,1.604762661414412
Tailgating,147.0,44,5.0,motorcycle,Outer,1.6788791246385135
Tailgating,147.0,5,14.0,motorcycle,Outer,3.0441166064774388
Tailgating,147.0,14,108.0,car,Outer,0.00625481813959245
Tailgating,147.0,91,97.0,person,Outer,0.38881855355018785
Tailgating,147.0,147,118.0,motorcycle,Outer,1.1140997945129174
Tailgating,147.0,33,19.0,person,Outer,3.149140432061852
Tailgating,147.0,19,2.0,car,Outer,2.056126325148535
Tailgating,148.0,124,110.0,motorcycle,Inner,3.255649962221816
Tailgating,148.0,130,10.0,car,Inner,0.005811416094648317
Tailgating,148.0,10,112.0,car,Inner,1.5485443973658166
Tailgating,148.0,44,5.0,motorcycle,Outer,1.6869243994586143
Tailgating,148.0,5,14.0,motorcycle,Outer,3.0651783578622602
Tailgating,148.0,14,108.0,car,Outer,0.0168538333158392
Tailgating,148.0,91,97.0,person,Outer,0.3652916815835961
Tailgating,148.0,147,118.0,motorcycle,Outer,1.0984009159495736
Tailgating,148.0,33,19.0,person,Outer,3.257315153321186
Tailgating,148.0,19,2.0,car,Outer,1.8990306831302006
Tailgating,149.0,124,110.0,motorcycle,Inner,3.229402331191683
Tailgating,149.0,130,10.0,car,Inner,0.0062091483534551335
Tailgating,149.0,10,112.0,car,Inner,1.4934931779039147
Tailgating,149.0,44,5.0,motorcycle,Outer,1.6974549463081285
Tailgating,149.0,5,14.0,motorcycle,Outer,3.0846012340164775
Tailgating,149.0,14,108.0,car,Outer,0.02719739703695125
Tailgating,149.0,147,118.0,motorcycle,Outer,1.0820022207724556
Tailgating,149.0,33,19.0,person,Outer,3.2292086539873583
Tailgating,149.0,19,2.0,car,Outer,1.8113881856498812
Tailgating,150.0,124,110.0,motorcycle,Inner,3.202181768711561
Tailgating,150.0,130,10.0,car,Inner,0.005703556932011685
Tailgating,150.0,10,112.0,car,Inner,1.4394865018596168
Tailgating,150.0,30,53.0,person,Inner,1.0403111166504113
Tailgating,150.0,44,5.0,motorcycle,Outer,1.7133683419369603
Tailgating,150.0,5,14.0,motorcycle,Outer,3.125033337336062
Tailgating,150.0,14,108.0,car,Outer,0.01775262891749687
Tailgating,150.0,147,118.0,motorcycle,Outer,1.0684605019808429
Tailgating,150.0,33,19.0,person,Outer,2.9935104663058008
Tailgating,150.0,19,2.0,car,Outer,1.8948653598992486
Tailgating,151.0,124,110.0,motorcycle,Inner,3.176230161698139
Tailgating,151.0,130,10.0,car,Inner,0.004803174402709906
Tailgating,151.0,10,112.0,car,Inner,1.386086588529553
Tailgating,151.0,30,53.0,person,Inner,1.0913492216236078
Tailgating,151.0,44,5.0,motorcycle,Outer,1.7263170960263456
Tailgating,151.0,5,108.0,motorcycle,Outer,3.166213691040269
Tailgating,151.0,108,14.0,car,Outer,0.001495931763755302
Tailgating,151.0,147,118.0,motorcycle,Outer,1.0603818875987665
Tailgating,151.0,33,19.0,person,Outer,2.7893042690398206
Tailgating,151.0,19,2.0,car,Outer,1.9537055100396683
Tailgating,152.0,124,110.0,motorcycle,Inner,3.1512443852897656
Tailgating,152.0,130,10.0,car,Inner,0.0048399065699262795
Tailgating,152.0,10,112.0,car,Inner,1.3331180530885502
Tailgating,152.0,33,138.0,person,Inner,1.3545884917687747
Tailgating,152.0,44,5.0,motorcycle,Outer,1.736849944806873
Tailgating,152.0,5,108.0,motorcycle,Outer,3.1982710981287976
Tailgating,152.0,108,14.0,car,Outer,0.02525817506934784
Tailgating,152.0,147,118.0,motorcycle,Outer,1.0552833414424068
Tailgating,152.0,19,2.0,car,Outer,1.9953001874615859
Tailgating,153.0,130,10.0,car,Inner,0.004365502813639437
Tailgating,153.0,10,112.0,car,Inner,1.2741023387185595
Tailgating,153.0,33,138.0,person,Inner,1.2650611496977464
Tailgating,153.0,44,5.0,motorcycle,Outer,1.747474757953659
Tailgating,153.0,5,108.0,motorcycle,Outer,3.230451476519321
Tailgating,153.0,108,14.0,car,Outer,0.057736476638501205
Tailgating,153.0,147,118.0,motorcycle,Outer,1.0557108205722716
Tailgating,153.0,19,2.0,car,Outer,2.0251571232887615
Tailgating,154.0,130,10.0,car,Inner,0.004116940929881437
Tailgating,154.0,10,112.0,car,Inner,1.2169874177741946
Tailgating,154.0,33,138.0,person,Inner,1.1890791433164372
Tailgating,154.0,44,5.0,motorcycle,Outer,1.7561335237879614
Tailgating,154.0,5,108.0,motorcycle,Outer,3.266177069972264
Tailgating,154.0,108,14.0,car,Outer,0.0902171423844901
Tailgating,154.0,147,118.0,motorcycle,Outer,1.0583508740069594
Tailgating,154.0,19,2.0,car,Outer,2.046263764664133
Tailgating,155.0,124,130.0,motorcycle,Inner,3.996166576160058
Tailgating,155.0,130,10.0,car,Inner,0.003516629943468035
Tailgating,155.0,10,112.0,car,Inner,1.161785527613542
Tailgating,155.0,31,53.0,person,Inner,1.0714399073688166
Tailgating,155.0,33,138.0,person,Inner,1.1235328426084876
Tailgating,155.0,44,5.0,motorcycle,Outer,1.763986954437309
Tailgating,155.0,5,108.0,motorcycle,Outer,3.300829213616669
Tailgating,155.0,108,14.0,car,Outer,0.12633135201641124
Tailgating,156.0,124,130.0,motorcycle,Inner,3.983277665432047
Tailgating,156.0,130,10.0,car,Inner,0.003149025764429776
Tailgating,156.0,10,112.0,car,Inner,1.099120331442052
Tailgating,156.0,33,138.0,person,Inner,1.0996734616462538
Tailgating,156.0,44,5.0,motorcycle,Outer,1.7707568599021588
Tailgating,156.0,5,108.0,motorcycle,Outer,3.335733927636129
Tailgating,156.0,108,14.0,car,Outer,0.16269631556597325
Tailgating,156.0,170,19.0,car,Outer,1.739624651639404
Tailgating,157.0,124,130.0,motorcycle,Inner,3.9688435236183506
Tailgating,157.0,130,10.0,car,Inner,0.002989652998849674
Tailgating,157.0,10,112.0,car,Inner,1.0315572429085778
Tailgating,157.0,30,31.0,person,Inner,0.0935387035383341
Tailgating,157.0,44,5.0,motorcycle,Outer,1.775085499953675
Tailgating,157.0,5,108.0,motorcycle,Outer,3.370283885635193
Tailgating,157.0,108,14.0,car,Outer,0.1685539670640844
Tailgating,157.0,170,19.0,car,Outer,1.827722320634445
Tailgating,157.0,19,2.0,car,Outer,1.9531173732322604
Tailgating,158.0,124,130.0,motorcycle,Inner,3.9536860144043207
Tailgating,158.0,130,10.0,car,Inner,0.002832398939698465
Tailgating,158.0,10,112.0,car,Inner,0.9666513833587708
Tailgating,158.0,30,31.0,person,Inner,0.09519925455333088
Tailgating,158.0,44,5.0,motorcycle,Outer,1.7768225031197604
Tailgating,158.0,5,108.0,motorcycle,Outer,3.4002906362221847
Tailgating,158.0,108,14.0,car,Outer,0.15738319483071192
Tailgating,158.0,19,2.0,car,Outer,1.8803923815349932
Tailgating,159.0,124,130.0,motorcycle,Inner,3.9337510764372974
Tailgating,159.0,130,10.0,car,Inner,0.002844921838923062
Tailgating,159.0,10,112.0,car,Inner,0.899531653966994
Tailgating,159.0,44,5.0,motorcycle,Outer,1.7764541044621003
Tailgating,159.0,5,108.0,motorcycle,Outer,3.4304633295995663
Tailgating,159.0,108,14.0,car,Outer,0.13639731700127106
Tailgating,159.0,55,110.0,car,Outer,0.9652496319957014
Tailgating,159.0,19,2.0,car,Outer,1.83831123705375
Tailgating,160.0,124,130.0,motorcycle,Inner,3.9092416828528034
Tailgating,160.0,130,10.0,car,Inner,0.0038318092556031027
Tailgating,160.0,10,112.0,car,Inner,0.8433819267962309
Tailgating,160.0,44,5.0,motorcycle,Outer,1.7774808366946997
Tailgating,160.0,5,108.0,motorcycle,Outer,3.458894962903481
Tailgating,160.0,108,14.0,car,Outer,0.10969843753095589
Tailgating,160.0,55,110.0,car,Outer,0.9976330781387779
Tailgating,160.0,166,90.0,motorcycle,Outer,3.983541216047774
Tailgating,160.0,19,2.0,car,Outer,1.8158260864815716
Tailgating,161.0,124,130.0,motorcycle,Inner,3.8870109678702183
Tailgating,161.0,130,10.0,car,Inner,0.004405464276069187
Tailgating,161.0,10,112.0,car,Inner,0.7937777863489552
Tailgating,161.0,44,5.0,motorcycle,Outer,1.7867296623336075
Tailgating,161.0,5,108.0,motorcycle,Outer,3.498476816983502
Tailgating,161.0,108,14.0,car,Outer,0.06627745418231609
Tailgating,161.0,166,90.0,motorcycle,Outer,3.951810867438647
Tailgating,162.0,124,130.0,motorcycle,Inner,3.8657468608921706
Tailgating,162.0,130,10.0,car,Inner,0.004390333583266578
Tailgating,162.0,10,112.0,car,Inner,0.7492588784694929
Tailgating,162.0,44,5.0,motorcycle,Outer,1.7994446592497386
Tailgating,162.0,5,108.0,motorcycle,Outer,3.546393338149302
Tailgating,162.0,108,14.0,car,Outer,0.010672865288433036
Tailgating,162.0,166,90.0,motorcycle,Outer,3.9183325166206457
Tailgating,163.0,124,130.0,motorcycle,Inner,3.845125456101091
Tailgating,163.0,130,10.0,car,Inner,0.005038810252633285
Tailgating,163.0,10,112.0,car,Inner,0.7082589862381863
Tailgating,163.0,44,5.0,motorcycle,Outer,1.8030347553967168
Tailgating,163.0,5,14.0,motorcycle,Outer,3.560928103767608
Tailgating,163.0,166,90.0,motorcycle,Outer,3.8823784562137407
Tailgating,163.0,170,19.0,car,Outer,2.0988176108021874
Tailgating,164.0,124,130.0,motorcycle,Inner,3.8244254729046667
Tailgating,164.0,130,10.0,car,Inner,0.00616390176081199
Tailgating,164.0,10,112.0,car,Inner,0.6726038047605079
Tailgating,164.0,44,5.0,motorcycle,Outer,1.8029751454559069
Tailgating,164.0,5,14.0,motorcycle,Outer,3.567913397641122
Tailgating,164.0,166,90.0,motorcycle,Outer,3.852551829951527
Tailgating,164.0,170,19.0,car,Outer,2.16107437688168
Tailgating,165.0,151,44.0,motorcycle,Inner,0.010017131546863825
Tailgating,165.0,124,130.0,motorcycle,Inner,3.8033615068089164
Tailgating,165.0,10,112.0,car,Inner,0.639358688377554
Tailgating,165.0,5,14.0,motorcycle,Outer,3.5842341619820424
Tailgating,165.0,14,108.0,car,Outer,0.13135464841888525
Tailgating,165.0,166,90.0,motorcycle,Outer,3.826354918967443
Tailgating,165.0,170,19.0,car,Outer,2.1947009749982023
Tailgating,166.0,44,151.0,motorcycle,Inner,0.005714070081167851
Tailgating,166.0,124,130.0,motorcycle,Inner,3.7867500343457676
Tailgating,166.0,130,10.0,car,Inner,0.007222781494629074
Tailgating,166.0,10,112.0,car,Inner,0.6059256056545302
Tailgating,166.0,5,14.0,motorcycle,Outer,3.606879101489309
Tailgating,166.0,14,108.0,car,Outer,0.1562186253272011
Tailgating,166.0,166,90.0,motorcycle,Outer,3.8024468866262255
Tailgating,167.0,44,151.0,motorcycle,Inner,0.020833816018347856
Tailgating,167.0,124,130.0,motorcycle,Inner,3.771524804527782
Tailgating,167.0,130,10.0,car,Inner,0.006953646126496253
Tailgating,167.0,10,112.0,car,Inner,0.565823739122505
Tailgating,167.0,5,14.0,motorcycle,Outer,3.6318614129101707
Tailgating,167.0,14,108.0,car,Outer,0.17969589245666032
Tailgating,167.0,166,90.0,motorcycle,Outer,3.78005552781946
Tailgating,168.0,44,151.0,motorcycle,Inner,0.03208729659929343
Tailgating,168.0,124,130.0,motorcycle,Inner,3.7591652110474265
Tailgating,168.0,130,10.0,car,Inner,0.006494108114807132
Tailgating,168.0,10,112.0,car,Inner,0.5242982041694051
Tailgating,168.0,14,108.0,car,Outer,0.1842862829973578
Tailgating,168.0,55,110.0,car,Outer,1.157946213362279
Tailgating,168.0,166,90.0,motorcycle,Outer,3.760081028002531
Tailgating,169.0,44,151.0,motorcycle,Inner,0.04277024410855586
Tailgating,169.0,124,130.0,motorcycle,Inner,3.7486566445269385
Tailgating,169.0,130,112.0,car,Inner,0.4823122016684672
Tailgating,169.0,14,108.0,car,Outer,0.16921741270666796
Tailgating,169.0,55,110.0,car,Outer,1.224458726669855
Tailgating,169.0,166,90.0,motorcycle,Outer,3.7406156549431104
Tailgating,170.0,44,151.0,motorcycle,Inner,0.053069093084869436
Tailgating,170.0,124,130.0,motorcycle,Inner,3.7374608959387148
Tailgating,170.0,130,112.0,car,Inner,0.4313336102901663
Tailgating,170.0,5,14.0,motorcycle,Outer,3.7448485943863545
Tailgating,170.0,14,108.0,car,Outer,0.13415834110241814
Tailgating,170.0,55,110.0,car,Outer,1.2975185365798374
Tailgating,170.0,166,90.0,motorcycle,Outer,3.7308292610085116
Tailgating,171.0,44,151.0,motorcycle,Inner,0.06390318136289695
Tailgating,171.0,124,112.0,motorcycle,Inner,3.2278656543355884
Tailgating,171.0,5,14.0,motorcycle,Outer,3.803389600139674
Tailgating,171.0,14,108.0,car,Outer,0.07936557467579758
Tailgating,171.0,55,110.0,car,Outer,1.3744881557661248
Tailgating,171.0,130,87.0,car,Outer,1.406743815453991
Tailgating,171.0,166,90.0,motorcycle,Outer,3.7177678047839566
Tailgating,172.0,44,151.0,motorcycle,Inner,0.07549661293135092
Tailgating,172.0,124,112.0,motorcycle,Inner,3.1731471538532556
Tailgating,172.0,43,98.0,car,Outer,0.004643371886927309
Tailgating,172.0,98,5.0,car,Outer,2.182638324955571
Tailgating,172.0,5,14.0,motorcycle,Outer,3.864230681891732
Tailgating,172.0,14,108.0,car,Outer,0.017691545111958796
Tailgating,172.0,55,110.0,car,Outer,1.4534972480283193
Tailgating,172.0,130,87.0,car,Outer,1.4247735934399033
Tailgating,172.0,166,90.0,motorcycle,Outer,3.700346165899501
Tailgating,173.0,44,151.0,motorcycle,Inner,0.08744292290475834
Tailgating,173.0,124,10.0,motorcycle,Inner,3.6423005709974734
Tailgating,173.0,10,112.0,car,Inner,0.3073439582402877
Tailgating,173.0,43,98.0,car,Outer,0.004085983679643675
Tailgating,173.0,98,5.0,car,Outer,2.187810705116233
Tailgating,173.0,5,108.0,motorcycle,Outer,3.87802722385083
Tailgating,173.0,130,87.0,car,Outer,1.4508461324549673
Tailgating,173.0,166,90.0,motorcycle,Outer,3.6795754710438375
Tailgating,174.0,44,151.0,motorcycle,Inner,0.0974293594527452
Tailgating,174.0,124,112.0,motorcycle,Inner,3.055650213850119
Tailgating,174.0,43,98.0,car,Outer,0.0018745739396512368
Tailgating,174.0,98,5.0,car,Outer,2.1877848647956606
Tailgating,174.0,5,108.0,motorcycle,Outer,3.892538301748966
Tailgating,174.0,108,14.0,car,Outer,0.07090276319251523
Tailgating,174.0,10,130.0,car,Outer,0.04791828991789212
Tailgating,174.0,130,87.0,car,Outer,1.4845026965730979
Tailgating,174.0,166,90.0,motorcycle,Outer,3.6550470750470496
Tailgating,175.0,44,151.0,motorcycle,Inner,0.10823301359855572
Tailgating,175.0,124,112.0,motorcycle,Inner,2.9979811241152317
Tailgating,175.0,98,43.0,car,Outer,0.0010144453723984648
Tailgating,175.0,43,5.0,car,Outer,2.1864705989048363
Tailgating,175.0,5,108.0,motorcycle,Outer,3.911721698428114
Tailgating,175.0,108,14.0,car,Outer,0.1075888720995492
Tailgating,175.0,10,130.0,car,Outer,0.040056383076840126
Tailgating,175.0,130,87.0,car,Outer,1.5180420736070315
Tailgating,175.0,166,90.0,motorcycle,Outer,3.6281836687202595
Tailgating,176.0,44,151.0,motorcycle,Inner,0.11988369777182617
Tailgating,176.0,124,112.0,motorcycle,Inner,2.9361633665431057
Tailgating,176.0,98,43.0,car,Outer,0.004248976672479351
Tailgating,176.0,43,5.0,car,Outer,2.180824593397963
Tailgating,176.0,5,108.0,motorcycle,Outer,3.93802686614583
Tailgating,176.0,108,14.0,car,Outer,0.14204491320157747
Tailgating,176.0,14,129.0,car,Outer,3.9876048703391236
Tailgating,176.0,10,130.0,car,Outer,0.030914424082879942
Tailgating,176.0,130,87.0,car,Outer,1.540724775133216
Tailgating,176.0,166,90.0,motorcycle,Outer,3.601557987156268
Tailgating,177.0,44,151.0,motorcycle,Inner,0.13312880838287686
Tailgating,177.0,124,112.0,motorcycle,Inner,2.874851993444352
Tailgating,177.0,98,43.0,car,Outer,0.008116460561306913
Tailgating,177.0,43,5.0,car,Outer,2.173729352380104
Tailgating,177.0,5,108.0,motorcycle,Outer,3.9736122967945007
Tailgating,177.0,108,14.0,car,Outer,0.14936781253489784
Tailgating,177.0,14,129.0,car,Outer,3.9243532832748174
Tailgating,177.0,10,130.0,car,Outer,0.02042626760228877
Tailgating,177.0,130,87.0,car,Outer,1.5547846931369194
Tailgating,177.0,166,90.0,motorcycle,Outer,3.567639282512668
Tailgating,178.0,124,112.0,motorcycle,Inner,2.8165603220984043
Tailgating,178.0,43,5.0,car,Outer,2.1642938724907594
Tailgating,178.0,108,14.0,car,Outer,0.1330682873589974
Tailgating,178.0,14,129.0,car,Outer,3.8779474959483835
Tailgating,178.0,10,130.0,car,Outer,0.008679606071934973
Tailgating,178.0,130,87.0,car,Outer,1.5654760187507701
Tailgating,178.0,166,90.0,motorcycle,Outer,3.5398016378344144
Tailgating,179.0,44,151.0,motorcycle,Inner,0.15191071091813999
Tailgating,179.0,124,112.0,motorcycle,Inner,2.7546959652385996
Tailgating,179.0,43,5.0,car,Outer,2.1524307729099905
Tailgating,179.0,108,14.0,car,Outer,0.12072579619041006
Tailgating,179.0,14,129.0,car,Outer,3.825870249854007
Tailgating,179.0,130,10.0,car,Outer,0.00474693727236243
Tailgating,179.0,10,87.0,car,Outer,1.5712850649683523
Tailgating,179.0,166,90.0,motorcycle,Outer,3.513715843405209
Tailgating,180.0,44,151.0,motorcycle,Inner,0.15829151043658501
Tailgating,180.0,124,112.0,motorcycle,Inner,2.6919576525162308
Tailgating,180.0,98,43.0,car,Outer,0.013383898097912026
Tailgating,180.0,43,5.0,car,Outer,2.1423012036476115
Tailgating,180.0,108,14.0,car,Outer,0.11942039500045273
Tailgating,180.0,14,129.0,car,Outer,3.7587986105067115
Tailgating,180.0,130,10.0,car,Outer,0.006392225081341462
Tailgating,180.0,10,87.0,car,Outer,1.5811546614813374
Tailgating,180.0,166,90.0,motorcycle,Outer,3.493897627259121
Tailgating,181.0,44,151.0,motorcycle,Inner,0.16450446120933185
Tailgating,181.0,151,68.0,motorcycle,Inner,3.9902953294728203
Tailgating,181.0,124,112.0,motorcycle,Inner,2.6292313116069366
Tailgating,181.0,98,43.0,car,Outer,0.011862788765419564
Tailgating,181.0,43,5.0,car,Outer,2.1379175673737945
Tailgating,181.0,108,14.0,car,Outer,0.11845322168649526
Tailgating,181.0,14,129.0,car,Outer,3.687741216356626
Tailgating,181.0,130,10.0,car,Outer,0.006728350164483135
Tailgating,181.0,10,87.0,car,Outer,1.5893079975800346
Tailgating,181.0,166,90.0,motorcycle,Outer,3.478385266990191
Tailgating,182.0,44,151.0,motorcycle,Inner,0.1709605788497583
Tailgating,182.0,151,68.0,motorcycle,Inner,3.9377313559763896
Tailgating,182.0,124,112.0,motorcycle,Inner,2.5664510937680305
Tailgating,182.0,98,43.0,car,Outer,0.009243658577351455
Tailgating,182.0,43,5.0,car,Outer,2.1371335418121173
Tailgating,182.0,108,14.0,car,Outer,0.11907393194373571
Tailgating,182.0,14,129.0,car,Outer,3.613583353745773
Tailgating,182.0,130,10.0,car,Outer,0.0070418464374296325
Tailgating,182.0,10,87.0,car,Outer,1.595795082311605
Tailgating,182.0,166,90.0,motorcycle,Outer,3.4648150842382943
Tailgating,183.0,44,151.0,motorcycle,Inner,0.17457927316897748
Tailgating,183.0,151,68.0,motorcycle,Inner,3.8882537798523282
Tailgating,183.0,124,112.0,motorcycle,Inner,2.5073385097761345
Tailgating,183.0,98,43.0,car,Outer,0.006593186282362234
Tailgating,183.0,43,5.0,car,Outer,2.135659522296772
Tailgating,183.0,108,14.0,car,Outer,0.11403166495661392
Tailgating,183.0,14,129.0,car,Outer,3.5450070713645134
Tailgating,183.0,57,130.0,motorcycle,Outer,1.413815413696806
Tailgating,183.0,130,10.0,car,Outer,0.007601070449348514
Tailgating,183.0,10,87.0,car,Outer,1.5983747734477223
Tailgating,183.0,166,90.0,motorcycle,Outer,3.45143819978842
Tailgating,184.0,44,151.0,motorcycle,Inner,0.17865393016231554
Tailgating,184.0,151,68.0,motorcycle,Inner,3.8398236639319454
Tailgating,184.0,124,112.0,motorcycle,Inner,2.447417153920022
Tailgating,184.0,98,43.0,car,Outer,0.0035194503519903574
Tailgating,184.0,43,5.0,car,Outer,2.1315639191325766
Tailgating,184.0,108,14.0,car,Outer,0.1228220547767197
Tailgating,184.0,14,129.0,car,Outer,3.4726568498978048
Tailgating,184.0,57,130.0,motorcycle,Outer,1.4980134884402223
Tailgating,184.0,130,10.0,car,Outer,0.007951034770635248
Tailgating,184.0,10,87.0,car,Outer,1.5994786415737905
Tailgating,184.0,166,90.0,motorcycle,Outer,3.438516045418503
Tailgating,185.0,44,151.0,motorcycle,Inner,0.1825784867381936
Tailgating,185.0,151,68.0,motorcycle,Inner,3.792525456845646
Tailgating,185.0,180,20.0,person,Inner,0.9670380526999502
Tailgating,185.0,124,112.0,motorcycle,Inner,2.384861437296456
Tailgating,185.0,98,43.0,car,Outer,0.0007294013798500623
Tailgating,185.0,43,5.0,car,Outer,2.1249810564044367
Tailgating,185.0,108,14.0,car,Outer,0.14215697844881567
Tailgating,185.0,14,129.0,car,Outer,3.3976006764284827
Tailgating,185.0,57,130.0,motorcycle,Outer,1.596840819346949
Tailgating,185.0,130,10.0,car,Outer,0.00869294200263762
Tailgating,185.0,10,87.0,car,Outer,1.5989186500248935
Tailgating,185.0,166,90.0,motorcycle,Outer,3.4240552821949373
Tailgating,186.0,44,151.0,motorcycle,Inner,0.186835093613375
Tailgating,186.0,151,68.0,motorcycle,Inner,3.7489648552719226
Tailgating,186.0,124,112.0,motorcycle,Inner,2.3235445133073696
Tailgating,186.0,43,98.0,car,Outer,0.0017740924267561134
Tailgating,186.0,98,5.0,car,Outer,2.1205538337622034
Tailgating,186.0,108,14.0,car,Outer,0.1558071664926304
Tailgating,186.0,14,129.0,car,Outer,3.3273065522197864
Tailgating,186.0,57,130.0,motorcycle,Outer,1.7046023176868186
Tailgating,186.0,130,10.0,car,Outer,0.008225522206732692
Tailgating,186.0,10,87.0,car,Outer,1.5970920187600937
Tailgating,186.0,166,90.0,motorcycle,Outer,3.4116748705290756
Tailgating,187.0,44,151.0,motorcycle,Inner,0.190428439636312
Tailgating,187.0,151,153.0,motorcycle,Inner,0.7833562384169517
Tailgating,187.0,153,68.0,person,Inner,2.5387778450959755
Tailgating,187.0,124,112.0,motorcycle,Inner,2.2646092924716084
Tailgating,187.0,43,98.0,car,Outer,0.0035307253154173205
Tailgating,187.0,98,5.0,car,Outer,2.1194302168179644
Tailgating,187.0,108,14.0,car,Outer,0.16397641459073425
Tailgating,187.0,14,129.0,car,Outer,3.265469096605101
Tailgating,187.0,57,130.0,motorcycle,Outer,1.8155633223238674
Tailgating,187.0,130,10.0,car,Outer,0.0075274129056745595
Tailgating,187.0,10,87.0,car,Outer,1.5959971184367876
Tailgating,187.0,166,90.0,motorcycle,Outer,3.3933476514255747
Tailgating,188.0,44,151.0,motorcycle,Inner,0.1930929116731579
Tailgating,188.0,153,68.0,person,Inner,2.490434103553283
Tailgating,188.0,124,112.0,motorcycle,Inner,2.212341234998282
Tailgating,188.0,43,98.0,car,Outer,0.005208782709553793
Tailgating,188.0,108,14.0,car,Outer,0.17801984521846484
Tailgating,188.0,14,129.0,car,Outer,3.2094390217986235
Tailgating,188.0,57,110.0,motorcycle,Outer,0.036931851161985205
Tailgating,188.0,130,10.0,car,Outer,0.007832594472149988
Tailgating,188.0,10,87.0,car,Outer,1.595314034309974
Tailgating,188.0,166,90.0,motorcycle,Outer,3.3748561785807607
Tailgating,189.0,44,151.0,motorcycle,Inner,0.1941588710829578
Tailgating,189.0,153,68.0,person,Inner,2.441835426419481
Tailgating,189.0,124,112.0,motorcycle,Inner,2.15961442382037
Tailgating,189.0,43,98.0,car,Outer,0.02050929166052816
Tailgating,189.0,98,5.0,car,Outer,2.1094193567792603
Tailgating,189.0,108,14.0,car,Outer,0.19362527282347766
Tailgating,189.0,14,129.0,car,Outer,3.149222937108383
Tailgating,189.0,57,110.0,motorcycle,Outer,0.1238562545183965
Tailgating,189.0,130,10.0,car,Outer,0.008161506788411368
Tailgating,189.0,10,87.0,car,Outer,1.5964981869055492
Tailgating,189.0,166,90.0,motorcycle,Outer,3.3559347549958836
Tailgating,190.0,44,151.0,motorcycle,Inner,0.19448178698930216
Tailgating,190.0,153,68.0,person,Inner,2.396705836489521
Tailgating,190.0,124,112.0,motorcycle,Inner,2.103887073342612
Tailgating,190.0,98,5.0,car,Outer,2.1044364490603766
Tailgating,190.0,108,14.0,car,Outer,0.2044162195123362
Tailgating,190.0,14,129.0,car,Outer,3.0926790279180594
Tailgating,190.0,57,110.0,motorcycle,Outer,0.17621762352160114
Tailgating,190.0,130,10.0,car,Outer,0.008493029217140975
Tailgating,190.0,10,87.0,car,Outer,1.5978404893711449
Tailgating,190.0,166,90.0,motorcycle,Outer,3.3366018264481845
Tailgating,191.0,44,151.0,motorcycle,Inner,0.192959719855934
Tailgating,191.0,153,68.0,person,Inner,2.353793142276946
Tailgating,191.0,124,112.0,motorcycle,Inner,2.0439162621952898
Tailgating,191.0,98,5.0,car,Outer,2.1050298607274027
Tailgating,191.0,108,14.0,car,Outer,0.1951196286868868
Tailgating,191.0,14,129.0,car,Outer,3.0367596027021655
Tailgating,191.0,57,110.0,motorcycle,Outer,0.20988976081980265
Tailgating,191.0,130,10.0,car,Outer,0.00813020190424914
Tailgating,191.0,10,87.0,car,Outer,1.6016984815068223
Tailgating,191.0,166,90.0,motorcycle,Outer,3.3130339985613424
Tailgating,192.0,44,151.0,motorcycle,Inner,0.1914409246222734
Tailgating,192.0,153,68.0,person,Inner,2.3121960736627303
Tailgating,192.0,71,160.0,car,Inner,0.0012369420068012956
Tailgating,192.0,124,112.0,motorcycle,Inner,1.9840756045625945
Tailgating,192.0,108,14.0,car,Outer,0.17537919902851695
Tailgating,192.0,14,129.0,car,Outer,2.98347664999726
Tailgating,192.0,130,10.0,car,Outer,0.007154179407805067
Tailgating,192.0,10,87.0,car,Outer,1.6067825272301892
Tailgating,192.0,166,90.0,motorcycle,Outer,3.287014036664456
Tailgating,193.0,44,151.0,motorcycle,Inner,0.18766008230804043
Tailgating,193.0,153,68.0,person,Inner,2.2669860341274517
Tailgating,193.0,71,160.0,car,Inner,0.014837782972433811
Tailgating,193.0,124,112.0,motorcycle,Inner,1.919243555654613
Tailgating,193.0,108,14.0,car,Outer,0.14905191528686568
Tailgating,193.0,14,129.0,car,Outer,2.9300395038585396
Tailgating,193.0,130,10.0,car,Outer,0.006482296281282434
Tailgating,193.0,10,87.0,car,Outer,1.6119435122805033
Tailgating,193.0,166,90.0,motorcycle,Outer,3.2600863119781103
Tailgating,194.0,44,151.0,motorcycle,Inner,0.17942176928973
Tailgating,194.0,153,68.0,person,Inner,2.2224074931568683
Tailgating,194.0,71,160.0,car,Inner,0.02469325323370793
Tailgating,194.0,124,112.0,motorcycle,Inner,1.8566028257285885
Tailgating,194.0,33,138.0,person,Inner,1.1817948332266144
Tailgating,194.0,98,5.0,car,Outer,2.1077187858365307
Tailgating,194.0,108,14.0,car,Outer,0.12025227073897064
Tailgating,194.0,14,129.0,car,Outer,2.8759892446037787
Tailgating,194.0,130,10.0,car,Outer,0.0053137913593789355
Tailgating,194.0,10,87.0,car,Outer,1.6183320467903484
Tailgating,194.0,166,90.0,motorcycle,Outer,3.233897314615743
Tailgating,195.0,44,151.0,motorcycle,Inner,0.1681263224905232
Tailgating,195.0,153,68.0,person,Inner,2.178814292410006
Tailgating,195.0,160,135.0,motorcycle,Inner,1.725080578241284
Tailgating,195.0,124,112.0,motorcycle,Inner,1.795396231526303
Tailgating,195.0,33,138.0,person,Inner,1.1635224514142581
Tailgating,195.0,98,5.0,car,Outer,2.092108122007458
Tailgating,195.0,108,14.0,car,Outer,0.08960782654133319
Tailgating,195.0,14,129.0,car,Outer,2.81854141625027
Tailgating,195.0,147,182.0,motorcycle,Outer,2.8021410333654138
Tailgating,195.0,130,10.0,car,Outer,0.0040930121240163354
Tailgating,195.0,10,87.0,car,Outer,1.625264392742264
Tailgating,195.0,166,90.0,motorcycle,Outer,3.2081958486246585
Tailgating,196.0,44,151.0,motorcycle,Inner,0.15445133111149953
Tailgating,196.0,153,68.0,person,Inner,2.1379634087759474
Tailgating,196.0,160,135.0,motorcycle,Inner,1.7516066665222894
Tailgating,196.0,124,112.0,motorcycle,Inner,1.7336911278749074
Tailgating,196.0,108,14.0,car,Outer,0.05786056011008452
Tailgating,196.0,14,129.0,car,Outer,2.7667504818084665
Tailgating,196.0,147,182.0,motorcycle,Outer,2.7937715789029687
Tailgating,196.0,130,10.0,car,Outer,0.0027630828426681913
Tailgating,196.0,10,87.0,car,Outer,1.6314296853428916
Tailgating,196.0,166,90.0,motorcycle,Outer,3.1804828903266444
Tailgating,197.0,44,151.0,motorcycle,Inner,0.14122802333765105
Tailgating,197.0,151,153.0,motorcycle,Inner,1.0772486858196901
Tailgating,197.0,153,68.0,person,Inner,2.0905581866111405
Tailgating,197.0,124,112.0,motorcycle,Inner,1.6746540929804705
Tailgating,197.0,53,138.0,person,Inner,0.6754751143948047
Tailgating,197.0,108,14.0,car,Outer,0.027591702703567894
Tailgating,197.0,14,129.0,car,Outer,2.7126522757545892
Tailgating,197.0,147,182.0,motorcycle,Outer,2.7848669812196527
Tailgating,197.0,130,87.0,car,Outer,1.6396336029695073
Tailgating,197.0,166,90.0,motorcycle,Outer,3.1539357963862344
Tailgating,198.0,44,151.0,motorcycle,Inner,0.12874757416161142
Tailgating,198.0,153,68.0,person,Inner,2.0452916834093884
Tailgating,198.0,124,112.0,motorcycle,Inner,1.6250148608952226
Tailgating,198.0,53,138.0,person,Inner,0.6243476229482487
Tailgating,198.0,108,14.0,car,Outer,0.011805340079456087
Tailgating,198.0,14,129.0,car,Outer,2.6647030149178943
Tailgating,198.0,147,182.0,motorcycle,Outer,2.7758180127887253
Tailgating,198.0,10,130.0,car,Outer,0.011632220065558594
Tailgating,198.0,130,87.0,car,Outer,1.6426408938383708
Tailgating,198.0,166,90.0,motorcycle,Outer,3.1334023684262657
Tailgating,199.0,44,151.0,motorcycle,Inner,0.11495787961260011
Tailgating,199.0,153,68.0,person,Inner,1.996925333927239
Tailgating,199.0,124,112.0,motorcycle,Inner,1.5688992004013436
Tailgating,199.0,53,138.0,person,Inner,0.5726534755041224
Tailgating,199.0,108,14.0,car,Outer,0.0036282234171821468
Tailgating,199.0,14,129.0,car,Outer,2.6148607490822258
Tailgating,199.0,129,185.0,car,Outer,1.5162713104358538
Tailgating,199.0,147,186.0,motorcycle,Outer,2.5075199678164384
Tailgating,199.0,10,130.0,car,Outer,0.011136899446936913
Tailgating,199.0,130,87.0,car,Outer,1.6461134544262428
Tailgating,199.0,166,90.0,motorcycle,Outer,3.1119978557182524
Tailgating,200.0,44,151.0,motorcycle,Inner,0.10063488995304486
Tailgating,200.0,153,68.0,person,Inner,1.9493793359784557
Tailgating,200.0,124,112.0,motorcycle,Inner,1.5154607050527418
Tailgating,200.0,53,138.0,person,Inner,0.5196707375233928
Tailgating,200.0,14,108.0,car,Outer,0.0012126986880888657
Tailgating,200.0,108,129.0,car,Outer,2.5642185739538133
Tailgating,200.0,147,186.0,motorcycle,Outer,2.487340659330878
Tailgating,200.0,10,130.0,car,Outer,0.009841924666627833
Tailgating,200.0,130,87.0,car,Outer,1.650726733337861
Tailgating,200.0,166,90.0,motorcycle,Outer,3.0856009953774524
Tailgating,201.0,44,151.0,motorcycle,Inner,0.08917253021501413
Tailgating,201.0,153,68.0,person,Inner,1.89610870334407
Tailgating,201.0,124,112.0,motorcycle,Inner,1.4599916184901012
Tailgating,201.0,53,138.0,person,Inner,0.46752059828782816
Tailgating,201.0,14,108.0,car,Outer,0.003404232643945578
Tailgating,201.0,108,129.0,car,Outer,2.511851005735095
Tailgating,201.0,185,180.0,person,Outer,0.6281174940429036
Tailgating,201.0,147,186.0,motorcycle,Outer,2.465502308818499
Tailgating,201.0,10,130.0,car,Outer,0.008650379065819308
Tailgating,201.0,130,87.0,car,Outer,1.6545420543366778
Tailgating,201.0,166,90.0,motorcycle,Outer,3.0625050263327167
Tailgating,202.0,44,151.0,motorcycle,Inner,0.07998924113048554
Tailgating,202.0,153,68.0,person,Inner,1.8393522244114409
Tailgating,202.0,124,112.0,motorcycle,Inner,1.4034981650499905
Tailgating,202.0,53,138.0,person,Inner,0.41719815623042256
Tailgating,202.0,14,108.0,car,Outer,0.004812224771371244
Tailgating,202.0,108,129.0,car,Outer,2.463097169663076
Tailgating,202.0,10,130.0,car,Outer,0.008436808720841857
Tailgating,202.0,130,87.0,car,Outer,1.6581543581681444
Tailgating,202.0,166,90.0,motorcycle,Outer,3.040641553584349
Tailgating,203.0,44,151.0,motorcycle,Inner,0.07345265463188021
Tailgating,203.0,153,68.0,person,Inner,1.774495016791855
Tailgating,203.0,124,112.0,motorcycle,Inner,1.3500501502392361
Tailgating,203.0,53,138.0,person,Inner,0.3659102410192572
Tailgating,203.0,14,108.0,car,Outer,0.005445179795633235
Tailgating,203.0,108,129.0,car,Outer,2.4205693726810216
Tailgating,203.0,10,130.0,car,Outer,0.006817030747407843
Tailgating,203.0,166,90.0,motorcycle,Outer,3.0230249122952766
Tailgating,204.0,44,151.0,motorcycle,Inner,0.0675767407309411
Tailgating,204.0,151,153.0,motorcycle,Inner,1.3085778741704117
Tailgating,204.0,153,68.0,person,Inner,1.7112753205699145
Tailgating,204.0,124,112.0,motorcycle,Inner,1.2941467387845151
Tailgating,204.0,108,129.0,car,Outer,2.3759483937982315
Tailgating,204.0,10,130.0,car,Outer,0.0031864505475704065
Tailgating,204.0,166,90.0,motorcycle,Outer,3.0028526887158886
Tailgating,205.0,44,151.0,motorcycle,Inner,0.0626273997434269
Tailgating,205.0,151,153.0,motorcycle,Inner,1.3413986096679542
Tailgating,205.0,153,68.0,person,Inner,1.6484481837984999
Tailgating,205.0,124,112.0,motorcycle,Inner,1.2360496288697431
Tailgating,205.0,108,129.0,car,Outer,2.331662822855884
Tailgating,205.0,10,130.0,car,Outer,0.0017771009277967806
Tailgating,205.0,166,90.0,motorcycle,Outer,2.9811295020984643
Tailgating,206.0,44,151.0,motorcycle,Inner,0.05795940974619329
Tailgating,206.0,151,153.0,motorcycle,Inner,1.372011752761699
Tailgating,206.0,153,68.0,person,Inner,1.5872863390417031
Tailgating,206.0,185,20.0,person,Inner,1.8099473997053792
Tailgating,206.0,124,112.0,motorcycle,Inner,1.1836308471307855
Tailgating,206.0,108,129.0,car,Outer,2.283554789725909
Tailgating,206.0,10,130.0,car,Outer,0.001320936193282175
Tailgating,206.0,166,90.0,motorcycle,Outer,2.959047298935085
Tailgating,207.0,44,151.0,motorcycle,Inner,0.054677743679945164
Tailgating,207.0,151,153.0,motorcycle,Inner,1.396404494662434
Tailgating,207.0,153,68.0,person,Inner,1.5306523590775354
Tailgating,207.0,185,20.0,person,Inner,1.801080512834361
Tailgating,207.0,124,112.0,motorcycle,Inner,1.1305575850405922
Tailgating,207.0,108,129.0,car,Outer,2.244597665948088
Tailgating,207.0,10,130.0,car,Outer,0.0009347334150519147
Tailgating,207.0,166,90.0,motorcycle,Outer,2.9405624536696813
Tailgating,208.0,44,151.0,motorcycle,Inner,0.05218868055653143
Tailgating,208.0,151,153.0,motorcycle,Inner,1.413446273244316
Tailgating,208.0,153,68.0,person,Inner,1.4830473584572685
Tailgating,208.0,185,20.0,person,Inner,1.7978984021490048
Tailgating,208.0,10,130.0,car,Outer,0.0006802383178672508
Tailgating,208.0,166,90.0,motorcycle,Outer,2.9229348384880147
Tailgating,209.0,44,151.0,motorcycle,Inner,0.05016233727483963
Tailgating,209.0,151,153.0,motorcycle,Inner,1.4256862610731085
Tailgating,209.0,153,68.0,person,Inner,1.4379338693785788
Tailgating,209.0,185,20.0,person,Inner,1.7779205686199206
Tailgating,209.0,108,129.0,car,Outer,2.1756714420770478
Tailgating,209.0,130,10.0,car,Outer,0.0002700000132101345
Tailgating,209.0,166,90.0,motorcycle,Outer,2.9038476198634684
Tailgating,210.0,44,151.0,motorcycle,Inner,0.04651381340628454
Tailgating,210.0,151,153.0,motorcycle,Inner,1.4333855333300052
Tailgating,210.0,153,68.0,person,Inner,1.3990371271922402
Tailgating,210.0,185,20.0,person,Inner,1.776727966667337
Tailgating,210.0,124,112.0,motorcycle,Inner,0.9815943069780282
Tailgating,210.0,108,129.0,car,Outer,2.121711145036746
Tailgating,210.0,130,10.0,car,Outer,0.0008085700499764569
Tailgating,210.0,166,90.0,motorcycle,Outer,2.8854543102581665
Tailgating,211.0,44,151.0,motorcycle,Inner,0.04146795823433639
Tailgating,211.0,151,153.0,motorcycle,Inner,1.4426556192381497
Tailgating,211.0,153,68.0,person,Inner,1.362200295878107
Tailgating,211.0,185,20.0,person,Inner,1.7774943389661964
Tailgating,211.0,124,112.0,motorcycle,Inner,0.929424933896545
Tailgating,211.0,14,108.0,car,Outer,0.1252860104961753
Tailgating,211.0,108,129.0,car,Outer,2.0662714214876896
Tailgating,211.0,189,180.0,person,Outer,2.1816796616315837
Tailgating,211.0,130,10.0,car,Outer,0.00038901876151088347
Tailgating,211.0,166,90.0,motorcycle,Outer,2.869242308832152
Tailgating,212.0,44,151.0,motorcycle,Inner,0.034985591213376056
Tailgating,212.0,151,153.0,motorcycle,Inner,1.4530343616363084
Tailgating,212.0,153,68.0,person,Inner,1.3270958499025005
Tailgating,212.0,185,20.0,person,Inner,1.781059901923696
Tailgating,212.0,124,112.0,motorcycle,Inner,0.8765762634417216
Tailgating,212.0,14,108.0,car,Outer,0.11588711437778125
Tailgating,212.0,108,129.0,car,Outer,2.0101157618341055
Tailgating,212.0,189,180.0,person,Outer,2.199110540883616
Tailgating,212.0,10,130.0,car,Outer,0.0007446006055206872
Tailgating,213.0,44,151.0,motorcycle,Inner,0.02943360140038986
Tailgating,213.0,151,153.0,motorcycle,Inner,1.4589737908641083
Tailgating,213.0,153,68.0,person,Inner,1.2972913664588612
Tailgating,213.0,185,20.0,person,Inner,1.7839914358481235
Tailgating,213.0,124,112.0,motorcycle,Inner,0.8224385102595377
Tailgating,213.0,188,172.0,car,Inner,0.008684589661544683
Tailgating,213.0,14,108.0,car,Outer,0.10901830392918069
Tailgating,213.0,108,129.0,car,Outer,1.9578682877482787
Tailgating,213.0,189,180.0,person,Outer,2.2149296385524884
Tailgating,213.0,10,130.0,car,Outer,0.0024795763295802744
Tailgating,214.0,44,151.0,motorcycle,Inner,0.024752097673400593
Tailgating,214.0,151,153.0,motorcycle,Inner,1.4618087091527552
Tailgating,214.0,153,68.0,person,Inner,1.271193599652757
Tailgating,214.0,185,20.0,person,Inner,1.7913744540322194
Tailgating,214.0,124,112.0,motorcycle,Inner,0.7694146793418107
Tailgating,214.0,172,188.0,car,Inner,0.014982029286219143
Tailgating,214.0,14,108.0,car,Outer,0.10650795208977139
Tailgating,214.0,108,129.0,car,Outer,1.9075624623747012
Tailgating,214.0,189,180.0,person,Outer,2.2321075102317547
Tailgating,214.0,10,130.0,car,Outer,0.004268955272944058
Tailgating,215.0,44,151.0,motorcycle,Inner,0.02027554279786448
Tailgating,215.0,151,153.0,motorcycle,Inner,1.4631902396423893
Tailgating,215.0,153,68.0,person,Inner,1.246976301149357
Tailgating,215.0,185,20.0,person,Inner,1.8008724449270097
Tailgating,215.0,124,112.0,motorcycle,Inner,0.7166160634540049
Tailgating,215.0,172,188.0,car,Inner,0.04985555250780459
Tailgating,215.0,14,108.0,car,Outer,0.10460339801210841
Tailgating,215.0,108,129.0,car,Outer,1.8596821078570867
Tailgating,215.0,189,180.0,person,Outer,2.250661378395457
Tailgating,215.0,10,130.0,car,Outer,0.0064739100420831254
Tailgating,216.0,44,151.0,motorcycle,Inner,0.01740134206873082
Tailgating,216.0,151,153.0,motorcycle,Inner,1.4676708032568686
Tailgating,216.0,153,68.0,person,Inner,1.2203001593679002
Tailgating,216.0,185,20.0,person,Inner,1.812346507929333
Tailgating,216.0,124,112.0,motorcycle,Inner,0.6575616354933249
Tailgating,216.0,172,188.0,car,Inner,0.09531791252641318
Tailgating,216.0,14,108.0,car,Outer,0.08259621193433582
Tailgating,216.0,189,180.0,person,Outer,2.267426090703051
Tailgating,216.0,10,130.0,car,Outer,0.008724791623785965
Tailgating,217.0,44,151.0,motorcycle,Inner,0.013845553864476211
Tailgating,217.0,151,153.0,motorcycle,Inner,1.473749018618236
Tailgating,217.0,153,68.0,person,Inner,1.1900710133485528
Tailgating,217.0,185,20.0,person,Inner,1.8202692447930313
Tailgating,217.0,124,112.0,motorcycle,Inner,0.5955126902969757
Tailgating,217.0,172,188.0,car,Inner,0.14547311160749576
Tailgating,217.0,14,108.0,car,Outer,0.029903353386302692
Tailgating,217.0,189,180.0,person,Outer,2.2844557148014766
Tailgating,217.0,10,130.0,car,Outer,0.010351605866945042
Tailgating,218.0,44,151.0,motorcycle,Inner,0.01047106354463023
Tailgating,218.0,151,153.0,motorcycle,Inner,1.4769662289306476
Tailgating,218.0,153,68.0,person,Inner,1.162035440291406
Tailgating,218.0,185,20.0,person,Inner,1.8266659393911515
Tailgating,218.0,124,112.0,motorcycle,Inner,0.5393227344091578
Tailgating,218.0,172,188.0,car,Inner,0.19845677383311233
Tailgating,218.0,14,193.0,car,Outer,1.7780903013469176
Tailgating,218.0,189,180.0,person,Outer,2.2997383985736692
Tailgating,218.0,10,130.0,car,Outer,0.011446085353545132
Tailgating,219.0,44,151.0,motorcycle,Inner,0.005468086896776888
Tailgating,219.0,151,153.0,motorcycle,Inner,1.4798310479773829
Tailgating,219.0,153,68.0,person,Inner,1.1310045373829056
Tailgating,219.0,185,20.0,person,Inner,1.8323324466830875
Tailgating,219.0,124,112.0,motorcycle,Inner,0.4781482186416185
Tailgating,219.0,172,188.0,car,Inner,0.22979456825047487
Tailgating,219.0,14,193.0,car,Outer,1.7363552976601295
Tailgating,219.0,189,180.0,person,Outer,2.314118883435003
Tailgating,219.0,10,130.0,car,Outer,0.012519209666472022
Tailgating,220.0,44,151.0,motorcycle,Inner,0.0005424075065438207
Tailgating,220.0,151,153.0,motorcycle,Inner,1.4850050008666686
Tailgating,220.0,153,68.0,person,Inner,1.0977373874108327
Tailgating,220.0,185,20.0,person,Inner,1.8436024748010174
Tailgating,220.0,124,112.0,motorcycle,Inner,0.4126693318468571
Tailgating,220.0,172,188.0,car,Inner,0.24493435709439065
Tailgating,220.0,14,193.0,car,Outer,1.6927242373726592
Tailgating,220.0,189,180.0,person,Outer,2.33036840864776
Tailgating,220.0,10,130.0,car,Outer,0.012656257013991324
Tailgating,221.0,151,44.0,motorcycle,Inner,0.0030736782940963317
Tailgating,221.0,44,153.0,motorcycle,Inner,1.6498127660924182
Tailgating,221.0,153,68.0,person,Inner,1.0600093418970091
Tailgating,221.0,185,20.0,person,Inner,1.847958791101311
Tailgating,221.0,124,112.0,motorcycle,Inner,0.3464903992394228
Tailgating,221.0,172,188.0,car,Inner,0.2494368481175393
Tailgating,221.0,10,130.0,car,Outer,0.013412392610467625
Tailgating,222.0,151,44.0,motorcycle,Inner,0.005504627112284726
Tailgating,222.0,44,153.0,motorcycle,Inner,1.6594320089337264
Tailgating,222.0,153,68.0,person,Inner,1.0200156382281362
Tailgating,222.0,185,20.0,person,Inner,1.8492459712021048
Tailgating,222.0,124,112.0,motorcycle,Inner,0.2790882159319503
Tailgating,222.0,172,188.0,car,Inner,0.2482249214026808
Tailgating,222.0,10,130.0,car,Outer,0.01459766298205028
Tailgating,223.0,151,44.0,motorcycle,Inner,0.008925820738261847
Tailgating,223.0,44,153.0,motorcycle,Inner,1.6672070688922613
Tailgating,223.0,153,68.0,person,Inner,0.9787393261777498
Tailgating,223.0,185,20.0,person,Inner,1.8489434805082308
Tailgating,223.0,124,112.0,motorcycle,Inner,0.21488828582431338
Tailgating,223.0,172,188.0,car,Inner,0.23752470108094695
Tailgating,223.0,10,130.0,car,Outer,0.015013339024432248
Tailgating,224.0,151,44.0,motorcycle,Inner,0.01015530976712644
Tailgating,224.0,44,153.0,motorcycle,Inner,1.6728659563495394
Tailgating,224.0,153,68.0,person,Inner,0.941109533790357
Tailgating,224.0,185,20.0,person,Inner,1.850320215083946
Tailgating,224.0,160,135.0,motorcycle,Inner,1.4860955593302705
Tailgating,224.0,124,112.0,motorcycle,Inner,0.15167969667061956
Tailgating,224.0,53,32.0,person,Inner,1.0909775491979257
Tailgating,224.0,172,188.0,car,Inner,0.21931273534249515
Tailgating,224.0,10,130.0,car,Outer,0.013528709435325682
Tailgating,225.0,151,44.0,motorcycle,Inner,0.009841761416723308
Tailgating,225.0,44,153.0,motorcycle,Inner,1.6771193772482236
Tailgating,225.0,153,68.0,person,Inner,0.9059542222030216
Tailgating,225.0,185,20.0,person,Inner,1.8529803910722775
Tailgating,225.0,160,135.0,motorcycle,Inner,1.5207147168810575
Tailgating,225.0,124,112.0,motorcycle,Inner,0.08903847984776347
Tailgating,225.0,53,32.0,person,Inner,1.0699695989495124
Tailgating,225.0,172,188.0,car,Inner,0.1970918661630571
Tailgating,225.0,10,130.0,car,Outer,0.010698676814986928
Tailgating,226.0,151,44.0,motorcycle,Inner,0.0071834352762795645
Tailgating,226.0,44,153.0,motorcycle,Inner,1.681085469193535
Tailgating,226.0,153,68.0,person,Inner,0.8731044170229779
Tailgating,226.0,185,20.0,person,Inner,1.858265898719159
Tailgating,226.0,124,112.0,motorcycle,Inner,0.03207524549194144
Tailgating,226.0,53,32.0,person,Inner,1.0490318106277332
Tailgating,226.0,172,188.0,car,Inner,0.17785589762673162
Tailgating,226.0,10,130.0,car,Outer,0.006493772864400722
Tailgating,227.0,151,44.0,motorcycle,Inner,0.003564715422851754
Tailgating,227.0,44,153.0,motorcycle,Inner,1.6862549319688522
Tailgating,227.0,153,68.0,person,Inner,0.8362439917451925
Tailgating,227.0,185,20.0,person,Inner,1.8664082611054897
Tailgating,227.0,53,32.0,person,Inner,1.0304790970699564
Tailgating,227.0,172,188.0,car,Inner,0.16856161871690348
Tailgating,227.0,10,130.0,car,Outer,0.0036823664277352577
Tailgating,228.0,44,151.0,motorcycle,Inner,0.00016643672955050053
Tailgating,228.0,151,153.0,motorcycle,Inner,1.5300896141720102
Tailgating,228.0,153,68.0,person,Inner,0.7963245025649384
Tailgating,228.0,185,20.0,person,Inner,1.8789447928576164
Tailgating,228.0,53,32.0,person,Inner,1.0144288574260003
Tailgating,228.0,172,188.0,car,Inner,0.1435824049666247
Tailgating,228.0,10,130.0,car,Outer,0.0009774135638893808
Tailgating,229.0,44,151.0,motorcycle,Inner,0.003433063742817218
Tailgating,229.0,151,153.0,motorcycle,Inner,1.5346217120237053
Tailgating,229.0,153,68.0,person,Inner,0.7521177624394351
Tailgating,229.0,185,20.0,person,Inner,1.8934568393413305
Tailgating,229.0,53,32.0,person,Inner,1.000157533645661
Tailgating,229.0,172,188.0,car,Inner,0.10887990975501
Tailgating,229.0,130,10.0,car,Outer,0.0026648686573454254
Tailgating,230.0,44,151.0,motorcycle,Inner,0.0029267274823053142
Tailgating,230.0,151,153.0,motorcycle,Inner,1.5407705095750917
Tailgating,230.0,153,68.0,person,Inner,0.7075578777266451
Tailgating,230.0,185,20.0,person,Inner,1.9068621561447754
Tailgating,230.0,53,32.0,person,Inner,0.9848058776860966
Tailgating,230.0,172,188.0,car,Inner,0.06854539599726454
Tailgating,230.0,182,17.0,person,Outer,2.268275429029796
Tailgating,230.0,130,10.0,car,Outer,0.006940603082564056
Tailgating,231.0,44,151.0,motorcycle,Inner,0.0023082403195811576
Tailgating,231.0,151,153.0,motorcycle,Inner,1.5471766240384874
Tailgating,231.0,153,68.0,person,Inner,0.664662882447342
Tailgating,231.0,185,20.0,person,Inner,1.916156469043587
Tailgating,231.0,112,124.0,person,Inner,0.23368671314638506
Tailgating,231.0,172,188.0,car,Inner,0.030921113073165973
Tailgating,232.0,44,151.0,motorcycle,Inner,0.001554752936102274
Tailgating,232.0,151,153.0,motorcycle,Inner,1.5535549522960441
Tailgating,232.0,153,68.0,person,Inner,0.6228822770862913
Tailgating,232.0,185,20.0,person,Inner,1.9235546475508274
Tailgating,232.0,112,124.0,person,Inner,0.29485334236866184
Tailgating,232.0,188,172.0,car,Inner,0.004699663302837222
Tailgating,233.0,44,151.0,motorcycle,Inner,0.0038744066008655955
Tailgating,233.0,151,153.0,motorcycle,Inner,1.5585940763453288
Tailgating,233.0,153,68.0,person,Inner,0.5814401957423273
Tailgating,233.0,185,20.0,person,Inner,1.9301240501826071
Tailgating,233.0,112,124.0,person,Inner,0.35935343093407757
Tailgating,233.0,188,172.0,car,Inner,0.02264123299028996
Tailgating,234.0,44,151.0,motorcycle,Inner,0.00556408960650145
Tailgating,234.0,151,153.0,motorcycle,Inner,1.5567352741151335
Tailgating,234.0,153,68.0,person,Inner,0.5475616519267017
Tailgating,234.0,185,20.0,person,Inner,1.9341486881053167
Tailgating,234.0,112,124.0,person,Inner,0.4211203934348042
Tailgating,234.0,188,172.0,car,Inner,0.033574125560198426
Tailgating,234.0,5,201.0,motorcycle,Outer,2.299928340941571
Tailgating,235.0,44,153.0,motorcycle,Inner,1.7267794347139251
Tailgating,235.0,185,20.0,person,Inner,1.9374606095216031
Tailgating,235.0,112,124.0,person,Inner,0.4808822326679671
Tailgating,235.0,188,172.0,car,Inner,0.03709951408801708
Tailgating,235.0,5,201.0,motorcycle,Outer,2.2730344709328882
Tailgating,236.0,44,153.0,motorcycle,Inner,1.703824521681097
Tailgating,236.0,185,20.0,person,Inner,1.9372214476902927
Tailgating,236.0,71,135.0,car,Inner,1.570119542216608
Tailgating,236.0,112,124.0,person,Inner,0.5458903585236113
Tailgating,236.0,188,172.0,car,Inner,0.03880586359760379
Tailgating,236.0,5,201.0,motorcycle,Outer,2.2515768758603514
Tailgating,236.0,10,130.0,car,Outer,0.13466129636202828
Tailgating,237.0,44,153.0,motorcycle,Inner,1.6833189961102357
Tailgating,237.0,185,20.0,person,Inner,1.9377301815328938
Tailgating,237.0,112,124.0,person,Inner,0.619012453233453
Tailgating,237.0,188,172.0,car,Inner,0.03575044625888246
Tailgating,237.0,10,130.0,car,Outer,0.14249557095225804
Tailgating,238.0,44,153.0,motorcycle,Inner,1.6617613395718374
Tailgating,238.0,185,20.0,person,Inner,1.940468566462486
Tailgating,238.0,112,124.0,person,Inner,0.6836245425915068
Tailgating,238.0,166,56.0,motorcycle,Inner,0.9191620428454671
Tailgating,238.0,188,172.0,car,Inner,0.033076838629824114
Tailgating,238.0,10,130.0,car,Outer,0.12159492782282832
Tailgating,239.0,44,153.0,motorcycle,Inner,1.6437604243876502
Tailgating,239.0,185,20.0,person,Inner,1.9384693580255736
Tailgating,239.0,112,124.0,person,Inner,0.7483829001430333
Tailgating,239.0,166,56.0,motorcycle,Inner,0.9423178506369814
Tailgating,239.0,188,172.0,car,Inner,0.03018434511927886
Tailgating,239.0,10,130.0,car,Outer,0.08589982189274448
Tailgating,240.0,44,153.0,motorcycle,Inner,1.6264327022958476
Tailgating,240.0,185,20.0,person,Inner,1.932025061440966
Tailgating,240.0,202,142.0,motorcycle,Inner,3.4865945870589887
Tailgating,240.0,112,124.0,person,Inner,0.8133839951572353
Tailgating,240.0,166,56.0,motorcycle,Inner,0.9668542745020245
Tailgating,240.0,188,172.0,car,Inner,0.025892974916760438
Tailgating,240.0,10,130.0,car,Outer,0.04775509819969089
Tailgating,241.0,44,153.0,motorcycle,Inner,1.6225823120284895
Tailgating,241.0,153,68.0,person,Inner,0.3998893468245078
Tailgating,241.0,202,142.0,motorcycle,Inner,3.4668619282576567
Tailgating,241.0,112,124.0,person,Inner,0.8807574451676027
Tailgating,241.0,166,56.0,motorcycle,Inner,0.9892093209310178
Tailgating,241.0,188,172.0,car,Inner,0.021572032207360144
Tailgating,241.0,10,130.0,car,Outer,0.00323114037921553
Tailgating,242.0,44,153.0,motorcycle,Inner,1.628408759668518
Tailgating,242.0,153,68.0,person,Inner,0.3535364693787632
Tailgating,242.0,202,142.0,motorcycle,Inner,3.448781850613186
Tailgating,242.0,112,124.0,person,Inner,0.9501148158055619
Tailgating,242.0,166,56.0,motorcycle,Inner,1.0102429669993953
Tailgating,242.0,188,172.0,car,Inner,0.02048921644524051
Tailgating,242.0,130,10.0,car,Outer,0.039495327421879174
Tailgating,243.0,44,153.0,motorcycle,Inner,1.6445996932314804
Tailgating,243.0,153,68.0,person,Inner,0.29720243693840376
Tailgating,243.0,202,142.0,motorcycle,Inner,3.4278082564379044
Tailgating,243.0,112,124.0,person,Inner,1.017448066501521
Tailgating,243.0,166,56.0,motorcycle,Inner,1.0246348206620568
Tailgating,243.0,188,172.0,car,Inner,0.018138997526181
Tailgating,243.0,130,10.0,car,Outer,0.07006454143853916
Tailgating,244.0,44,153.0,motorcycle,Inner,1.6624742830861952
Tailgating,244.0,153,68.0,person,Inner,0.24055545257885722
Tailgating,244.0,202,142.0,motorcycle,Inner,3.4251648950509614
Tailgating,244.0,112,124.0,person,Inner,1.0843193222511138
Tailgating,244.0,166,56.0,motorcycle,Inner,1.0384337412307874
Tailgating,244.0,188,172.0,car,Inner,0.01659866309385185
Tailgating,244.0,130,10.0,car,Outer,0.08854717287228209
Tailgating,245.0,44,153.0,motorcycle,Inner,1.6842662389968919
Tailgating,245.0,153,68.0,person,Inner,0.1808212143542266
Tailgating,245.0,202,142.0,motorcycle,Inner,3.4279830798806583
Tailgating,245.0,112,124.0,person,Inner,1.1503349578144324
Tailgating,245.0,166,56.0,motorcycle,Inner,1.0516939408857093
Tailgating,245.0,188,172.0,car,Inner,0.013669386544736737
Tailgating,245.0,130,10.0,car,Outer,0.09525914291065544
Tailgating,246.0,44,153.0,motorcycle,Inner,1.7019290223789314
Tailgating,246.0,153,68.0,person,Inner,0.12055193967093497
Tailgating,246.0,202,142.0,motorcycle,Inner,3.4519518158138394
Tailgating,246.0,112,85.0,person,Inner,0.7845761134144192
Tailgating,246.0,166,56.0,motorcycle,Inner,1.06276987666369
Tailgating,246.0,188,172.0,car,Inner,0.012975012345688222
Tailgating,246.0,130,10.0,car,Outer,0.07327599858029579
Tailgating,247.0,44,153.0,motorcycle,Inner,1.7160415948298569
Tailgating,247.0,153,68.0,person,Inner,0.05753536941232956
Tailgating,247.0,202,142.0,motorcycle,Inner,3.4861253302502275
Tailgating,247.0,112,85.0,person,Inner,0.8414409697896541
Tailgating,247.0,166,56.0,motorcycle,Inner,1.0727695273596567
Tailgating,247.0,188,172.0,car,Inner,0.012572882976453679
Tailgating,247.0,130,10.0,car,Outer,0.04015533402648068
Tailgating,248.0,44,153.0,motorcycle,Inner,1.7241449399114743
Tailgating,248.0,153,68.0,person,Inner,0.0005485222034524173
Tailgating,248.0,202,142.0,motorcycle,Inner,3.5445217912681364
Tailgating,248.0,112,85.0,person,Inner,0.8932608076123134
Tailgating,248.0,166,56.0,motorcycle,Inner,1.0824219415863954
Tailgating,248.0,188,172.0,car,Inner,0.011590225853446802
Tailgating,249.0,44,68.0,motorcycle,Inner,1.5368944765469768
Tailgating,249.0,202,142.0,motorcycle,Inner,3.619225524693725
Tailgating,249.0,112,85.0,person,Inner,0.9450353442005138
Tailgating,249.0,166,56.0,motorcycle,Inner,1.0952266215743536
Tailgating,249.0,188,172.0,car,Inner,0.009499824915391714
Tailgating,249.0,172,206.0,car,Inner,3.399619219145896
Tailgating,250.0,44,68.0,motorcycle,Inner,1.4843182399298995
Tailgating,250.0,202,142.0,motorcycle,Inner,3.7183829891222255
Tailgating,250.0,112,85.0,person,Inner,0.9965019573556642
Tailgating,250.0,166,56.0,motorcycle,Inner,1.1123719472301885
Tailgating,250.0,188,172.0,car,Inner,0.005353821462241312
Tailgating,250.0,172,206.0,car,Inner,3.410539072655445
Tailgating,251.0,44,68.0,motorcycle,Inner,1.429845736523696
Tailgating,251.0,185,207.0,person,Inner,0.024181398203424832
Tailgating,251.0,202,142.0,motorcycle,Inner,3.807384364291378
Tailgating,251.0,112,85.0,person,Inner,1.0429143423503293
Tailgating,251.0,166,56.0,motorcycle,Inner,1.1246455007312262
Tailgating,251.0,188,172.0,car,Inner,6.46969822688347e-05
Tailgating,251.0,172,206.0,car,Inner,3.4170088394089446
Tailgating,252.0,44,68.0,motorcycle,Inner,1.3741839232832027
Tailgating,252.0,185,207.0,person,Inner,0.018372571377482876
Tailgating,252.0,71,135.0,car,Inner,1.7568997053827655
Tailgating,252.0,202,142.0,motorcycle,Inner,3.872402668637335
Tailgating,252.0,166,56.0,motorcycle,Inner,1.1365803746362027
Tailgating,252.0,172,188.0,car,Inner,0.0015549583452189708
Tailgating,252.0,188,206.0,car,Inner,3.4128114089800987
Tailgating,252.0,10,130.0,car,Outer,0.1481696824503318
Tailgating,253.0,44,68.0,motorcycle,Inner,1.3235256697862794
Tailgating,253.0,185,207.0,person,Inner,0.013889983121267597
Tailgating,253.0,71,135.0,car,Inner,1.8038366638862213
Tailgating,253.0,202,142.0,motorcycle,Inner,3.923085700757797
Tailgating,253.0,166,56.0,motorcycle,Inner,1.150225054518529
Tailgating,253.0,188,172.0,car,Inner,0.006830764334048651
Tailgating,253.0,172,206.0,car,Inner,3.397528645389731
Tailgating,253.0,193,204.0,car,Outer,1.9063643044393865
Tailgating,253.0,10,130.0,car,Outer,0.13364600659545514
Tailgating,254.0,44,68.0,motorcycle,Inner,1.2777661110326644
Tailgating,254.0,185,207.0,person,Inner,0.008605030644861265
Tailgating,254.0,207,180.0,motorcycle,Inner,0.1106199481470749
Tailgating,254.0,202,142.0,motorcycle,Inner,3.955754517447982
Tailgating,254.0,166,56.0,motorcycle,Inner,1.165717587113917
Tailgating,254.0,188,172.0,car,Inner,0.009497219938719331
Tailgating,254.0,172,206.0,car,Inner,3.3859657149363573
Tailgating,254.0,10,130.0,car,Outer,0.10483636294535931
Tailgating,255.0,44,68.0,motorcycle,Inner,1.2344510084170286
Tailgating,255.0,185,207.0,person,Inner,0.0011745716379272762
Tailgating,255.0,166,56.0,motorcycle,Inner,1.1822699464019457
Tailgating,255.0,188,172.0,car,Inner,0.017709493335511542
Tailgating,255.0,172,206.0,car,Inner,3.3690123191071706
Tailgating,255.0,10,130.0,car,Outer,0.0695427284827384
Tailgating,256.0,206,44.0,motorcycle,Inner,1.4777175225388919
Tailgating,256.0,44,68.0,motorcycle,Inner,1.1906809929555215
Tailgating,256.0,153,193.0,person,Inner,2.7111225293742254
Tailgating,256.0,193,207.0,car,Inner,2.107682139786542
Tailgating,256.0,207,185.0,motorcycle,Inner,0.0056824473668428375
Tailgating,256.0,185,180.0,person,Inner,0.10372507486402459
Tailgating,256.0,202,142.0,motorcycle,Inner,3.9174250890455076
Tailgating,256.0,112,85.0,person,Inner,1.265612455420011
Tailgating,256.0,166,56.0,motorcycle,Inner,1.1980004167864302
Tailgating,256.0,188,172.0,car,Inner,0.023472877010236978
Tailgating,256.0,172,206.0,car,Inner,3.3779913487666398
Tailgating,256.0,57,110.0,motorcycle,Outer,1.0914670276677405
Tailgating,256.0,10,130.0,car,Outer,0.04297001654693958
Tailgating,257.0,206,44.0,motorcycle,Inner,1.4724024590563278
Tailgating,257.0,44,68.0,motorcycle,Inner,1.1436344085298942
Tailgating,257.0,153,193.0,person,Inner,2.6607954355635672
Tailgating,257.0,193,207.0,car,Inner,2.123637055162462
Tailgating,257.0,207,185.0,motorcycle,Inner,0.010459598898818506
Tailgating,257.0,185,180.0,person,Inner,0.09573436711966393
Tailgating,257.0,202,142.0,motorcycle,Inner,3.7821608422397124
Tailgating,257.0,112,85.0,person,Inner,1.3171157604275219
Tailgating,257.0,166,56.0,motorcycle,Inner,1.2138466968808526
Tailgating,257.0,188,172.0,car,Inner,0.02782180744261474
Tailgating,257.0,172,206.0,car,Inner,3.38955906630989
Tailgating,257.0,5,201.0,motorcycle,Outer,2.0534715020308867
Tailgating,257.0,10,130.0,car,Outer,0.023091916162877278
Tailgating,258.0,206,44.0,motorcycle,Inner,1.4688667677842107
Tailgating,258.0,44,68.0,motorcycle,Inner,1.1009896779058999
Tailgating,258.0,153,193.0,person,Inner,2.6192768865626155
Tailgating,258.0,207,185.0,motorcycle,Inner,0.010951606980117117
Tailgating,258.0,185,180.0,person,Inner,0.0868066245047186
Tailgating,258.0,202,142.0,motorcycle,Inner,3.6280315988707743
Tailgating,258.0,112,85.0,person,Inner,1.3665445137208747
Tailgating,258.0,166,56.0,motorcycle,Inner,1.2302917180443251
Tailgating,258.0,53,9.0,person,Inner,0.6299240345113202
Tailgating,258.0,188,172.0,car,Inner,0.029980891521074634
Tailgating,258.0,172,206.0,car,Inner,3.4031031917384347
Tailgating,258.0,5,201.0,motorcycle,Outer,2.023344653166947
Tailgating,258.0,57,110.0,motorcycle,Outer,1.1748411468281066
Tailgating,258.0,10,130.0,car,Outer,0.009189166064745864
Tailgating,259.0,206,44.0,motorcycle,Inner,1.4648111512212312
Tailgating,259.0,44,68.0,motorcycle,Inner,1.0562429115734238
Tailgating,259.0,153,193.0,person,Inner,2.5812338433269226
Tailgating,259.0,207,185.0,motorcycle,Inner,0.011301356009783981
Tailgating,259.0,185,180.0,person,Inner,0.07640360359982572
Tailgating,259.0,71,135.0,car,Inner,1.7110325664774437
Tailgating,259.0,202,142.0,motorcycle,Inner,3.4716556799010627
Tailgating,259.0,112,85.0,person,Inner,1.4187449782605395
Tailgating,259.0,166,56.0,motorcycle,Inner,1.2463998136670422
Tailgating,259.0,188,172.0,car,Inner,0.03020006177360514
Tailgating,259.0,172,206.0,car,Inner,3.4207341450831965
Tailgating,259.0,5,201.0,motorcycle,Outer,2.004160356649344
Tailgating,259.0,57,110.0,motorcycle,Outer,1.2306037150073816
Tailgating,259.0,10,130.0,car,Outer,0.0012631948561536365
Tailgating,260.0,206,44.0,motorcycle,Inner,1.4598588141068347
Tailgating,260.0,44,68.0,motorcycle,Inner,1.0089357554033358
Tailgating,260.0,153,193.0,person,Inner,2.5437802400261655
Tailgating,260.0,207,185.0,motorcycle,Inner,0.010956740775427977
Tailgating,260.0,185,180.0,person,Inner,0.06805401051215577
Tailgating,260.0,71,135.0,car,Inner,1.6475001782537928
Tailgating,260.0,202,142.0,motorcycle,Inner,3.3270782575099287
Tailgating,260.0,112,85.0,person,Inner,1.4754041415702506
Tailgating,260.0,166,56.0,motorcycle,Inner,1.26147207347727
Tailgating,260.0,188,172.0,car,Inner,0.011585858608703141
Tailgating,260.0,172,206.0,car,Inner,3.45275415297254
Tailgating,260.0,57,110.0,motorcycle,Outer,1.2909556474364396
Tailgating,260.0,130,10.0,car,Outer,0.0032387534931849113
Tailgating,261.0,206,44.0,motorcycle,Inner,1.4592941933160135
Tailgating,261.0,44,68.0,motorcycle,Inner,0.9594069073794164
Tailgating,261.0,153,193.0,person,Inner,2.5049996445308746
Tailgating,261.0,207,185.0,motorcycle,Inner,0.009067128004486863
Tailgating,261.0,185,180.0,person,Inner,0.05948766092983157
Tailgating,261.0,202,142.0,motorcycle,Inner,3.180052442285199
Tailgating,261.0,112,85.0,person,Inner,1.5361970145465655
Tailgating,261.0,166,56.0,motorcycle,Inner,1.2742539453566735
Tailgating,261.0,53,9.0,person,Inner,0.5654821369426004
Tailgating,261.0,9,82.0,person,Inner,0.1780588197586181
Tailgating,261.0,188,172.0,car,Inner,0.0015388720862649018
Tailgating,261.0,172,206.0,car,Inner,3.4852853584794867
Tailgating,261.0,130,10.0,car,Outer,0.005402913691005979
Tailgating,262.0,206,44.0,motorcycle,Inner,1.460611543577422
Tailgating,262.0,44,68.0,motorcycle,Inner,0.9094715003611903
Tailgating,262.0,153,193.0,person,Inner,2.46594517334854
Tailgating,262.0,207,185.0,motorcycle,Inner,0.006286576867930176
Tailgating,262.0,185,180.0,person,Inner,0.05034058719053218
Tailgating,262.0,202,142.0,motorcycle,Inner,3.016272359102488
Tailgating,262.0,112,85.0,person,Inner,1.5943219618737605
Tailgating,262.0,166,56.0,motorcycle,Inner,1.285622770961846
Tailgating,262.0,53,9.0,person,Inner,0.5556693792053039
Tailgating,262.0,9,82.0,person,Inner,0.15240279140333468
Tailgating,262.0,172,188.0,car,Inner,0.011167144061822013
Tailgating,262.0,188,206.0,car,Inner,3.512837788007164
Tailgating,262.0,130,10.0,car,Outer,0.008540846553999086
Tailgating,263.0,206,44.0,motorcycle,Inner,1.4622338825882306
Tailgating,263.0,44,68.0,motorcycle,Inner,0.8600847938155377
Tailgating,263.0,153,193.0,person,Inner,2.4314328595331345
Tailgating,263.0,207,185.0,motorcycle,Inner,0.0034844709316990104
Tailgating,263.0,185,180.0,person,Inner,0.03964174277865103
Tailgating,263.0,202,142.0,motorcycle,Inner,2.949878459789645
Tailgating,263.0,112,85.0,person,Inner,1.6521968815413939
Tailgating,263.0,166,56.0,motorcycle,Inner,1.2945313761078379
Tailgating,263.0,31,138.0,person,Inner,0.9073233642266418
Tailgating,263.0,53,9.0,person,Inner,0.5469865874792873
Tailgating,263.0,9,82.0,person,Inner,0.11999608869913019
Tailgating,263.0,172,188.0,car,Inner,0.023259642583789816
Tailgating,263.0,188,206.0,car,Inner,3.5350433091833726
Tailgating,263.0,130,10.0,car,Outer,0.010443207767530346
Tailgating,264.0,206,44.0,motorcycle,Inner,1.4600972377282235
Tailgating,264.0,44,68.0,motorcycle,Inner,0.8137704741656411
Tailgating,264.0,153,193.0,person,Inner,2.3936764756108673
Tailgating,264.0,207,185.0,motorcycle,Inner,0.002346779035915793
Tailgating,264.0,185,180.0,person,Inner,0.02445230580023546
Tailgating,264.0,202,142.0,motorcycle,Inner,2.936090158731403
Tailgating,264.0,112,85.0,person,Inner,1.7113941596691709
Tailgating,264.0,166,56.0,motorcycle,Inner,1.3046179647065552
Tailgating,264.0,31,138.0,person,Inner,0.8171992859496169
Tailgating,264.0,9,82.0,person,Inner,0.08022575069895649
Tailgating,264.0,172,188.0,car,Inner,0.029445195667233297
Tailgating,264.0,188,206.0,car,Inner,3.5578985704331227
Tailgating,264.0,130,10.0,car,Outer,0.01562662126275676
Tailgating,265.0,206,44.0,motorcycle,Inner,1.4578052868721847
Tailgating,265.0,44,68.0,motorcycle,Inner,0.7673119185432915
Tailgating,265.0,153,193.0,person,Inner,2.3551321610672122
Tailgating,265.0,207,185.0,motorcycle,Inner,0.002209222000079584
Tailgating,265.0,185,180.0,person,Inner,0.006072673886624233
Tailgating,265.0,202,142.0,motorcycle,Inner,2.944782439255946
Tailgating,265.0,112,85.0,person,Inner,1.7724085564414158
Tailgating,265.0,166,56.0,motorcycle,Inner,1.3150017094348414
Tailgating,265.0,31,138.0,person,Inner,0.7283826493320787
Tailgating,265.0,53,9.0,person,Inner,0.6199311037035065
Tailgating,265.0,9,82.0,person,Inner,0.03644688139136814
Tailgating,265.0,172,188.0,car,Inner,0.031694938043380146
Tailgating,265.0,188,206.0,car,Inner,3.581203968465542
Tailgating,265.0,130,10.0,car,Outer,0.022548182098340315
Tailgating,266.0,206,44.0,motorcycle,Inner,1.4557387923501799
Tailgating,266.0,44,68.0,motorcycle,Inner,0.7204566344907084
Tailgating,266.0,153,193.0,person,Inner,2.315010233788279
Tailgating,266.0,202,142.0,motorcycle,Inner,2.9502655658978085
Tailgating,266.0,112,85.0,person,Inner,1.8363230166635032
Tailgating,266.0,166,56.0,motorcycle,Inner,1.3213294874747568
Tailgating,266.0,31,138.0,person,Inner,0.6410746287925183
Tailgating,266.0,53,9.0,person,Inner,0.6299663258051119
Tailgating,266.0,9,82.0,person,Inner,0.017088719470429895
Tailgating,266.0,172,188.0,car,Inner,0.03280146538635421
Tailgating,266.0,188,206.0,car,Inner,3.6032760972144238
Tailgating,266.0,130,10.0,car,Outer,0.02489045366389629
Tailgating,267.0,206,44.0,motorcycle,Inner,1.4576953991249328
Tailgating,267.0,44,68.0,motorcycle,Inner,0.6726812557025708
Tailgating,267.0,153,193.0,person,Inner,2.274616355293668
Tailgating,267.0,202,142.0,motorcycle,Inner,2.9397348761829556
Tailgating,267.0,112,85.0,person,Inner,1.9011912548720884
Tailgating,267.0,85,124.0,motorcycle,Inner,0.1445077738468014
Tailgating,267.0,166,56.0,motorcycle,Inner,1.3270097738594353
Tailgating,267.0,31,138.0,person,Inner,0.5566178090279641
Tailgating,267.0,9,82.0,person,Inner,0.012771454978350158
Tailgating,267.0,172,188.0,car,Inner,0.024782470981697936
Tailgating,267.0,188,206.0,car,Inner,3.63067550274802
Tailgating,267.0,130,10.0,car,Outer,0.025467808445759244
Tailgating,268.0,206,44.0,motorcycle,Inner,1.4584493755649601
Tailgating,268.0,44,68.0,motorcycle,Inner,0.6285469813853126
Tailgating,268.0,153,193.0,person,Inner,2.2361208348487445
Tailgating,268.0,202,142.0,motorcycle,Inner,2.9339266510680764
Tailgating,268.0,112,85.0,person,Inner,1.9615523676268296
Tailgating,268.0,166,56.0,motorcycle,Inner,1.3310254623004831
Tailgating,268.0,31,138.0,person,Inner,0.47643474969544797
Tailgating,268.0,53,9.0,person,Inner,0.5953047926307603
Tailgating,268.0,9,82.0,person,Inner,0.036882076839586095
Tailgating,268.0,172,188.0,car,Inner,0.01913710139061868
Tailgating,268.0,188,206.0,car,Inner,3.6507156869238893
Tailgating,268.0,130,10.0,car,Outer,0.02613392882980514
Tailgating,269.0,206,44.0,motorcycle,Inner,1.4590046978343152
Tailgating,269.0,44,68.0,motorcycle,Inner,0.5821178329507384
Tailgating,269.0,153,193.0,person,Inner,2.1954729347053155
Tailgating,269.0,202,142.0,motorcycle,Inner,2.9307168691952517
Tailgating,269.0,112,85.0,person,Inner,2.0252267013907788
Tailgating,269.0,85,124.0,motorcycle,Inner,0.1347715924546748
Tailgating,269.0,166,56.0,motorcycle,Inner,1.3378868004370432
Tailgating,269.0,31,138.0,person,Inner,0.3984267266769077
Tailgating,269.0,53,9.0,person,Inner,0.5576351658040747
Tailgating,269.0,9,82.0,person,Inner,0.07827723714004049
Tailgating,269.0,172,188.0,car,Inner,0.016790112815211932
Tailgating,269.0,188,206.0,car,Inner,3.668106519572013
Tailgating,269.0,130,10.0,car,Outer,0.025447170072155446
Tailgating,270.0,206,44.0,motorcycle,Inner,1.457623924763285
Tailgating,270.0,44,68.0,motorcycle,Inner,0.5315265637690156
Tailgating,270.0,153,193.0,person,Inner,2.153681279427041
Tailgating,270.0,202,142.0,motorcycle,Inner,2.9203781168507787
Tailgating,270.0,112,214.0,person,Inner,0.3777951165972334
Tailgating,270.0,85,124.0,motorcycle,Inner,0.1292384288944536
Tailgating,270.0,166,56.0,motorcycle,Inner,1.3499369996288435
Tailgating,270.0,53,9.0,person,Inner,0.5114784155240193
Tailgating,270.0,9,82.0,person,Inner,0.13218879230048175
Tailgating,270.0,172,188.0,car,Inner,0.009899277410376004
Tailgating,270.0,188,206.0,car,Inner,3.687976959885709
Tailgating,270.0,204,203.0,motorcycle,Outer,0.30798153451668936
Tailgating,270.0,130,10.0,car,Outer,0.024305361508454918
Tailgating,271.0,206,44.0,motorcycle,Inner,1.458807266123131
Tailgating,271.0,44,68.0,motorcycle,Inner,0.47591658652907204
Tailgating,271.0,153,193.0,person,Inner,2.1128625633916394
Tailgating,271.0,202,142.0,motorcycle,Inner,2.9025262965654206
Tailgating,271.0,112,214.0,person,Inner,0.43046022171354437
Tailgating,271.0,214,85.0,motorcycle,Inner,2.0234191624521536
Tailgating,271.0,85,124.0,motorcycle,Inner,0.12465872490790157
Tailgating,271.0,166,56.0,motorcycle,Inner,1.3613933959102311
Tailgating,271.0,9,82.0,person,Inner,0.19647249383049906
Tailgating,271.0,172,188.0,car,Inner,0.004971730168652919
Tailgating,271.0,188,206.0,car,Inner,3.7089498578794378
Tailgating,271.0,204,203.0,motorcycle,Outer,0.2964161212455549
Tailgating,271.0,130,10.0,car,Outer,0.01860812379742502
Tailgating,272.0,206,44.0,motorcycle,Inner,1.460004516111946
Tailgating,272.0,44,68.0,motorcycle,Inner,0.4190619695632914
Tailgating,272.0,153,193.0,person,Inner,2.072499789525606
Tailgating,272.0,202,142.0,motorcycle,Inner,2.878668080511145
Tailgating,272.0,112,214.0,person,Inner,0.4779787386031297
Tailgating,272.0,85,124.0,motorcycle,Inner,0.12252702714331179
Tailgating,272.0,166,56.0,motorcycle,Inner,1.3720643313319125
Tailgating,272.0,9,82.0,person,Inner,0.26716215453523595
Tailgating,272.0,172,188.0,car,Inner,0.0013691385670809558
Tailgating,272.0,188,206.0,car,Inner,3.731446097991475
Tailgating,272.0,204,203.0,motorcycle,Outer,0.28439692528505195
Tailgating,273.0,206,68.0,motorcycle,Inner,2.008734538073775
Tailgating,273.0,153,193.0,person,Inner,2.0286892273375448
Tailgating,273.0,202,142.0,motorcycle,Inner,2.8651057442061774
Tailgating,273.0,112,214.0,person,Inner,0.525029091474145
Tailgating,273.0,85,124.0,motorcycle,Inner,0.11927830944711963
Tailgating,273.0,166,56.0,motorcycle,Inner,1.3810340713625764
Tailgating,273.0,9,82.0,person,Inner,0.3161961052042054
Tailgating,273.0,188,172.0,car,Inner,0.0015723460917374697
Tailgating,273.0,172,206.0,car,Inner,3.757233868576728
Tailgating,273.0,204,203.0,motorcycle,Outer,0.2696100828194364
Tailgating,274.0,206,68.0,motorcycle,Inner,1.9467359152517663
Tailgating,274.0,153,193.0,person,Inner,1.9850776119613602
Tailgating,274.0,202,142.0,motorcycle,Inner,2.853380179180186
Tailgating,274.0,112,214.0,person,Inner,0.5714030623136531
Tailgating,274.0,85,124.0,motorcycle,Inner,0.11557126914279638
Tailgating,274.0,166,56.0,motorcycle,Inner,1.38510015595096
Tailgating,274.0,9,82.0,person,Inner,0.3497543342655078
Tailgating,274.0,188,172.0,car,Inner,0.0024179632751887324
Tailgating,274.0,172,206.0,car,Inner,3.7834363408560345
Tailgating,274.0,204,203.0,motorcycle,Outer,0.25661944813512666
Tailgating,275.0,206,68.0,motorcycle,Inner,1.8835471376896729
Tailgating,275.0,153,193.0,person,Inner,1.9419926337247162
Tailgating,275.0,202,142.0,motorcycle,Inner,2.843901133100521
Tailgating,275.0,112,214.0,person,Inner,0.6169433535546536
Tailgating,275.0,85,124.0,motorcycle,Inner,0.11130936493863272
Tailgating,275.0,166,56.0,motorcycle,Inner,1.38613746200122
Tailgating,275.0,188,172.0,car,Inner,0.0026966397986249945
Tailgating,275.0,172,206.0,car,Inner,3.811855814565703
Tailgating,275.0,204,203.0,motorcycle,Outer,0.24536125459062688
Tailgating,276.0,206,68.0,motorcycle,Inner,1.8179645537811224
Tailgating,276.0,153,193.0,person,Inner,1.898436629645014
Tailgating,276.0,202,142.0,motorcycle,Inner,2.8350716641689595
Tailgating,276.0,142,112.0,person,Inner,0.7493678532684147
Tailgating,276.0,112,214.0,person,Inner,0.6630843892033401
Tailgating,276.0,85,124.0,motorcycle,Inner,0.10793157864238913
Tailgating,276.0,166,56.0,motorcycle,Inner,1.3841065783850528
Tailgating,276.0,188,172.0,car,Inner,0.004125340701139355
Tailgating,276.0,172,206.0,car,Inner,3.840992798759136
Tailgating,276.0,204,203.0,motorcycle,Outer,0.2355791116600995
Tailgating,277.0,206,68.0,motorcycle,Inner,1.7565264955871083
Tailgating,277.0,153,193.0,person,Inner,1.8540767482434182
Tailgating,277.0,202,142.0,motorcycle,Inner,2.833303724383645
Tailgating,277.0,142,112.0,person,Inner,0.6930159717038963
Tailgating,277.0,112,214.0,person,Inner,0.7242545638804401
Tailgating,277.0,214,85.0,motorcycle,Inner,2.1015902786110776
Tailgating,277.0,85,124.0,motorcycle,Inner,0.10587351018812993
Tailgating,277.0,166,56.0,motorcycle,Inner,1.3764676527896975
Tailgating,277.0,188,172.0,car,Inner,0.004219750768746877
Tailgating,277.0,172,206.0,car,Inner,3.8739761657775054
Tailgating,277.0,204,203.0,motorcycle,Outer,0.22282092256428662
Tailgating,278.0,206,68.0,motorcycle,Inner,1.7021422286922894
Tailgating,278.0,153,193.0,person,Inner,1.8146535151296819
Tailgating,278.0,202,142.0,motorcycle,Inner,2.830194007451862
Tailgating,278.0,142,112.0,person,Inner,0.6377984147080548
Tailgating,278.0,112,214.0,person,Inner,0.781927492442929
Tailgating,278.0,214,85.0,motorcycle,Inner,2.104456950872481
Tailgating,278.0,166,56.0,motorcycle,Inner,1.3670803445816893
Tailgating,278.0,188,172.0,car,Inner,0.003306091530874806
Tailgating,278.0,172,206.0,car,Inner,3.9055090575950917
Tailgating,278.0,204,203.0,motorcycle,Outer,0.21000591200889215
Tailgating,279.0,206,68.0,motorcycle,Inner,1.648807710807131
Tailgating,279.0,153,193.0,person,Inner,1.7734575922888716
Tailgating,279.0,202,142.0,motorcycle,Inner,2.8239051992335553
Tailgating,279.0,142,112.0,person,Inner,0.5789903132166214
Tailgating,279.0,112,214.0,person,Inner,0.8418214274718181
Tailgating,279.0,214,85.0,motorcycle,Inner,2.108798441067581
Tailgating,279.0,166,56.0,motorcycle,Inner,1.358989134760852
Tailgating,279.0,172,188.0,car,Inner,0.003864543793897073
Tailgating,279.0,188,206.0,car,Inner,3.9335480636635816
Tailgating,279.0,204,203.0,motorcycle,Outer,0.1971595591952304
Tailgating,280.0,206,68.0,motorcycle,Inner,1.5973939297382094
Tailgating,280.0,153,193.0,person,Inner,1.7315265912131963
Tailgating,280.0,202,142.0,motorcycle,Inner,2.814496603236934
Tailgating,280.0,142,112.0,person,Inner,0.5246285248761909
Tailgating,280.0,112,214.0,person,Inner,0.9010457340392745
Tailgating,280.0,214,85.0,motorcycle,Inner,2.1107746680370596
Tailgating,280.0,85,124.0,motorcycle,Inner,0.10122591729389663
Tailgating,280.0,166,56.0,motorcycle,Inner,1.3546946519588896
Tailgating,280.0,172,188.0,car,Inner,0.010006584912448881
Tailgating,280.0,188,206.0,car,Inner,3.9610966705703947
Tailgating,280.0,204,203.0,motorcycle,Outer,0.18744725586652025
Tailgating,280.0,171,213.0,car,Outer,1.9442481821261905
Tailgating,280.0,213,90.0,person,Outer,2.468157057495712
Tailgating,281.0,206,68.0,motorcycle,Inner,1.5479897965838785
Tailgating,281.0,153,193.0,person,Inner,1.6894852315348554
Tailgating,281.0,202,142.0,motorcycle,Inner,2.802493118018858
Tailgating,281.0,112,214.0,person,Inner,0.9601116461843923
Tailgating,281.0,214,85.0,motorcycle,Inner,2.111434594506595
Tailgating,281.0,85,124.0,motorcycle,Inner,0.1004900548546776
Tailgating,281.0,166,56.0,motorcycle,Inner,1.3540974137353599
Tailgating,281.0,172,188.0,car,Inner,0.013943332585567333
Tailgating,281.0,188,206.0,car,Inner,3.9910832502460463
Tailgating,281.0,204,203.0,motorcycle,Outer,0.17739374484588474
Tailgating,281.0,171,213.0,car,Outer,1.9569074353721811
Tailgating,281.0,213,90.0,person,Outer,2.4586033777054586
Tailgating,282.0,206,68.0,motorcycle,Inner,1.4996009397060743
Tailgating,282.0,153,193.0,person,Inner,1.6471574616050477
Tailgating,282.0,202,142.0,motorcycle,Inner,2.788739384910459
Tailgating,282.0,112,214.0,person,Inner,1.0190193247484058
Tailgating,282.0,214,85.0,motorcycle,Inner,2.1111174387847895
Tailgating,282.0,85,124.0,motorcycle,Inner,0.09990607395070322
Tailgating,282.0,166,56.0,motorcycle,Inner,1.355606658853271
Tailgating,282.0,172,188.0,car,Inner,0.01676992334038535
Tailgating,282.0,204,203.0,motorcycle,Outer,0.16674836470016752
Tailgating,282.0,171,213.0,car,Outer,1.9692011332592891
Tailgating,282.0,213,90.0,person,Outer,2.4482067055985244
Tailgating,283.0,206,68.0,motorcycle,Inner,1.4505222181640387
Tailgating,283.0,153,193.0,person,Inner,1.6029529024779285
Tailgating,283.0,204,180.0,motorcycle,Inner,0.8294481745558543
Tailgating,283.0,202,142.0,motorcycle,Inner,2.774104013056958
Tailgating,283.0,112,214.0,person,Inner,1.0757970244266541
Tailgating,283.0,214,85.0,motorcycle,Inner,2.1111588293056642
Tailgating,283.0,85,124.0,motorcycle,Inner,0.09761180700506335
Tailgating,283.0,166,56.0,motorcycle,Inner,1.3542372352807823
Tailgating,283.0,172,188.0,car,Inner,0.018957101064792137
Tailgating,283.0,171,213.0,car,Outer,1.9693528357785326
Tailgating,283.0,213,90.0,person,Outer,2.4376477351221086
Tailgating,284.0,206,68.0,motorcycle,Inner,1.4003211303021919
Tailgating,284.0,153,193.0,person,Inner,1.5612781747295352
Tailgating,284.0,204,180.0,motorcycle,Inner,0.8330278290739518
Tailgating,284.0,202,142.0,motorcycle,Inner,2.7590091269537913
Tailgating,284.0,112,214.0,person,Inner,1.1274101225215365
Tailgating,284.0,214,85.0,motorcycle,Inner,2.1118173398825415
Tailgating,284.0,85,124.0,motorcycle,Inner,0.09346101752037464
Tailgating,284.0,166,56.0,motorcycle,Inner,1.35175862981768
Tailgating,284.0,53,82.0,person,Inner,0.3740415616232399
Tailgating,284.0,172,188.0,car,Inner,0.02020445520428739
Tailgating,284.0,5,201.0,motorcycle,Outer,1.9149132760133782
Tailgating,284.0,171,213.0,car,Outer,1.9572083224816117
Tailgating,284.0,213,90.0,person,Outer,2.4255641456582793
Tailgating,285.0,206,68.0,motorcycle,Inner,1.3488915705568678
Tailgating,285.0,153,193.0,person,Inner,1.5213893427839982
Tailgating,285.0,204,180.0,motorcycle,Inner,0.838714540943902
Tailgating,285.0,202,142.0,motorcycle,Inner,2.741983484746243
Tailgating,285.0,112,214.0,person,Inner,1.178921609969729
Tailgating,285.0,214,85.0,motorcycle,Inner,2.112095995311827
Tailgating,285.0,85,124.0,motorcycle,Inner,0.08838051296407046
Tailgating,285.0,166,56.0,motorcycle,Inner,1.3485292531243853
Tailgating,285.0,53,82.0,person,Inner,0.30921142405052227
Tailgating,285.0,172,188.0,car,Inner,0.020223969757263007
Tailgating,285.0,5,201.0,motorcycle,Outer,1.8464645585011
Tailgating,285.0,171,213.0,car,Outer,1.9396298303179036
Tailgating,285.0,213,90.0,person,Outer,2.4123410012693283
Tailgating,286.0,206,68.0,motorcycle,Inner,1.2966703059141917
Tailgating,286.0,204,180.0,motorcycle,Inner,0.8480924923173577
Tailgating,286.0,202,142.0,motorcycle,Inner,2.731084807956041
Tailgating,286.0,112,214.0,person,Inner,1.2318567597475212
Tailgating,286.0,214,85.0,motorcycle,Inner,2.1104822681363578
Tailgating,286.0,85,124.0,motorcycle,Inner,0.08550906625545465
Tailgating,286.0,53,82.0,person,Inner,0.23409824305973295
Tailgating,286.0,172,188.0,car,Inner,0.014562918155136342
Tailgating,286.0,5,201.0,motorcycle,Outer,1.7738762592668345
Tailgating,286.0,171,213.0,car,Outer,1.9232587146939826
Tailgating,286.0,213,90.0,person,Outer,2.406833875706182
Tailgating,287.0,206,68.0,motorcycle,Inner,1.244895249093049
Tailgating,287.0,204,180.0,motorcycle,Inner,0.8596962884056838
Tailgating,287.0,135,202.0,motorcycle,Inner,2.074376347681492
Tailgating,287.0,202,142.0,motorcycle,Inner,2.7257292001593205
Tailgating,287.0,112,214.0,person,Inner,1.2730948362203935
Tailgating,287.0,214,85.0,motorcycle,Inner,2.110305909147295
Tailgating,287.0,53,82.0,person,Inner,0.15119941252837146
Tailgating,287.0,172,188.0,car,Inner,0.009516998145945603
Tailgating,287.0,5,201.0,motorcycle,Outer,1.7019500347871994
Tailgating,287.0,171,213.0,car,Outer,1.8940202708776754
Tailgating,288.0,206,68.0,motorcycle,Inner,1.1990026958144067
Tailgating,288.0,204,180.0,motorcycle,Inner,0.8692294251692008
Tailgating,288.0,135,202.0,motorcycle,Inner,2.1463292660758637
Tailgating,288.0,202,142.0,motorcycle,Inner,2.7255613231623457
Tailgating,288.0,112,214.0,person,Inner,1.3135772133266348
Tailgating,288.0,214,85.0,motorcycle,Inner,2.1121637168443215
Tailgating,288.0,53,82.0,person,Inner,0.07233510800717573
Tailgating,288.0,172,188.0,car,Inner,0.007154132036283878
Tailgating,288.0,5,201.0,motorcycle,Outer,1.6328186551517014
Tailgating,288.0,171,213.0,car,Outer,1.8591715075111062
Tailgating,289.0,206,68.0,motorcycle,Inner,1.1495452676841407
Tailgating,289.0,204,180.0,motorcycle,Inner,0.8795933895370539
Tailgating,289.0,135,202.0,motorcycle,Inner,2.1999342683311585
Tailgating,289.0,202,142.0,motorcycle,Inner,2.7275942241736555
Tailgating,289.0,214,85.0,motorcycle,Inner,2.114186236891784
Tailgating,289.0,53,32.0,person,Inner,0.47616959460211344
Tailgating,289.0,172,188.0,car,Inner,0.004887747260248034
Tailgating,289.0,5,201.0,motorcycle,Outer,1.5645794767232015
Tailgating,289.0,171,213.0,car,Outer,1.8172717991990461
Tailgating,290.0,206,68.0,motorcycle,Inner,1.1003877180052302
Tailgating,290.0,204,180.0,motorcycle,Inner,0.8908924464164011
Tailgating,290.0,135,202.0,motorcycle,Inner,2.2707707909409014
Tailgating,290.0,202,142.0,motorcycle,Inner,2.7318764197398075
Tailgating,290.0,214,85.0,motorcycle,Inner,2.116327089952664
Tailgating,290.0,53,32.0,person,Inner,0.41839896936940746
Tailgating,290.0,172,188.0,car,Inner,0.0032506431799033215
Tailgating,290.0,5,201.0,motorcycle,Outer,1.498117647508863
Tailgating,290.0,171,213.0,car,Outer,1.7635955901988782
Tailgating,291.0,206,68.0,motorcycle,Inner,1.0468142050042195
Tailgating,291.0,204,180.0,motorcycle,Inner,0.9012007126883411
Tailgating,291.0,215,160.0,person,Inner,3.374623936394758
Tailgating,291.0,135,202.0,motorcycle,Inner,2.325337439738217
Tailgating,291.0,202,142.0,motorcycle,Inner,2.739193419188445
Tailgating,291.0,214,85.0,motorcycle,Inner,2.12026280337698
Tailgating,291.0,172,188.0,car,Inner,0.0024975994330345493
Tailgating,291.0,171,213.0,car,Outer,1.7087282862954334
Tailgating,292.0,206,68.0,motorcycle,Inner,0.9908072755760436
Tailgating,292.0,204,180.0,motorcycle,Inner,0.9102889165620265
Tailgating,292.0,215,160.0,person,Inner,3.3829055468195675
Tailgating,292.0,202,142.0,motorcycle,Inner,2.748275141980845
Tailgating,292.0,214,85.0,motorcycle,Inner,2.1255734935651787
Tailgating,292.0,172,188.0,car,Inner,0.0017355247621576172
Tailgating,292.0,171,213.0,car,Outer,1.6538651194834253
Tailgating,293.0,206,68.0,motorcycle,Inner,0.9310997113786302
Tailgating,293.0,204,180.0,motorcycle,Inner,0.918099573804099
Tailgating,293.0,215,160.0,person,Inner,3.3898598990634192
Tailgating,293.0,202,142.0,motorcycle,Inner,2.7534516175616255
Tailgating,293.0,214,85.0,motorcycle,Inner,2.1310443000606396
Tailgating,293.0,172,188.0,car,Inner,0.0006114616693583845
Tailgating,293.0,171,213.0,car,Outer,1.5900876924484306
Tailgating,294.0,206,68.0,motorcycle,Inner,0.8661554957739681
Tailgating,294.0,204,180.0,motorcycle,Inner,0.9262522837330608
Tailgating,294.0,135,202.0,motorcycle,Inner,2.390469115162319
Tailgating,294.0,202,142.0,motorcycle,Inner,2.753041127142232
Tailgating,294.0,214,85.0,motorcycle,Inner,2.136766400026888
Tailgating,294.0,172,188.0,car,Inner,0.00016659366913906746
Tailgating,294.0,171,213.0,car,Outer,1.540580436503396
Tailgating,295.0,206,68.0,motorcycle,Inner,0.7975536268049226
Tailgating,295.0,193,204.0,car,Inner,2.560985072231182
Tailgating,295.0,204,180.0,motorcycle,Inner,0.9345904423521796
Tailgating,295.0,135,202.0,motorcycle,Inner,2.3610882073716373
Tailgating,295.0,202,142.0,motorcycle,Inner,2.749542509850269
Tailgating,295.0,214,85.0,motorcycle,Inner,2.1411539702316174
Tailgating,295.0,188,172.0,car,Inner,0.00013744144917956396
Tailgating,295.0,171,213.0,car,Outer,1.498184720317622
Tailgating,296.0,206,68.0,motorcycle,Inner,0.7271230631209843
Tailgating,296.0,193,204.0,car,Inner,2.5829760138305082
Tailgating,296.0,204,180.0,motorcycle,Inner,0.9423873248152316
Tailgating,296.0,135,202.0,motorcycle,Inner,2.3463228408074692
Tailgating,296.0,202,142.0,motorcycle,Inner,2.7496979103696413
Tailgating,296.0,112,214.0,person,Inner,1.5781820006723204
Tailgating,296.0,214,85.0,motorcycle,Inner,2.1455250335787936
Tailgating,296.0,188,172.0,car,Inner,0.0002786045808769855
Tailgating,296.0,171,213.0,car,Outer,1.460955716157728
Tailgating,297.0,206,68.0,motorcycle,Inner,0.6534897484798043
Tailgating,297.0,193,204.0,car,Inner,2.609203020367775
Tailgating,297.0,204,180.0,motorcycle,Inner,0.9500903456226918
Tailgating,297.0,135,202.0,motorcycle,Inner,2.31675271386021
Tailgating,297.0,202,112.0,motorcycle,Inner,2.4915034264281677
Tailgating,297.0,112,142.0,person,Inner,0.02228752041100356
Tailgating,297.0,214,85.0,motorcycle,Inner,2.1491921808884515
Tailgating,297.0,188,172.0,car,Inner,0.0009692673213765026
Tailgating,297.0,171,213.0,car,Outer,1.432357592865764
Tailgating,298.0,206,68.0,motorcycle,Inner,0.5867667744986281
Tailgating,298.0,193,204.0,car,Inner,2.6328488196348836
Tailgating,298.0,204,180.0,motorcycle,Inner,0.9575084194271769
Tailgating,298.0,112,142.0,person,Inner,0.06991772336030355
Tailgating,298.0,214,85.0,motorcycle,Inner,2.151106353207432
Tailgating,298.0,172,188.0,car,Inner,0.00021254333021700886
Tailgating,298.0,5,201.0,motorcycle,Outer,1.488611208458706
Tailgating,298.0,171,213.0,car,Outer,1.4103223830417682
Tailgating,299.0,206,68.0,motorcycle,Inner,0.5183995773046305
Tailgating,299.0,193,204.0,car,Inner,2.657427175123326
Tailgating,299.0,204,180.0,motorcycle,Inner,0.9656786917851391
Tailgating,299.0,112,214.0,person,Inner,1.7557299267151034
Tailgating,299.0,214,85.0,motorcycle,Inner,2.15253813073513
Tailgating,299.0,172,188.0,car,Inner,0.0006404457162778263
Tailgating,299.0,5,201.0,motorcycle,Outer,1.5262756545043488
Tailgating,299.0,202,142.0,motorcycle,Outer,2.743154001077735
Tailgating,299.0,171,213.0,car,Outer,1.384729156366036
Tailgating,300.0,206,68.0,motorcycle,Inner,0.4484210478532168
Tailgating,300.0,193,204.0,car,Inner,2.6812560052098844
Tailgating,300.0,204,180.0,motorcycle,Inner,0.9751746431715157
Tailgating,300.0,112,214.0,person,Inner,1.8219969376293736
Tailgating,300.0,214,85.0,motorcycle,Inner,2.154428551471754
Tailgating,300.0,172,188.0,car,Inner,0.004104394358220082
Tailgating,300.0,5,201.0,motorcycle,Outer,1.5697985499707647
Tailgating,300.0,202,142.0,motorcycle,Outer,2.740674940947039
Tailgating,300.0,171,213.0,car,Outer,1.3596843027424863
Tailgating,301.0,206,68.0,motorcycle,Inner,0.37851408842341266
Tailgating,301.0,204,180.0,motorcycle,Inner,0.9863419405735377
Tailgating,301.0,112,214.0,person,Inner,1.8884468412314988
Tailgating,301.0,214,85.0,motorcycle,Inner,2.1563599764165815
Tailgating,301.0,172,188.0,car,Inner,0.0056015106340421665
Tailgating,301.0,5,201.0,motorcycle,Outer,1.616178564230833
Tailgating,301.0,202,142.0,motorcycle,Outer,2.745590804352764
Tailgating,301.0,171,213.0,car,Outer,1.3323974872427577
Tailgating,302.0,206,68.0,motorcycle,Inner,0.3087464271321901
Tailgating,302.0,204,180.0,motorcycle,Inner,0.9982762488244037
Tailgating,302.0,215,160.0,person,Inner,3.3689846351377493
Tailgating,302.0,112,214.0,person,Inner,1.955212542019723
Tailgating,302.0,214,85.0,motorcycle,Inner,2.157586648537485
Tailgating,302.0,172,188.0,car,Inner,0.0029266096565377635
Tailgating,302.0,5,201.0,motorcycle,Outer,1.6641057467760914
Tailgating,302.0,202,142.0,motorcycle,Outer,2.7575362154175167
Tailgating,302.0,171,213.0,car,Outer,1.3039935859911307
Tailgating,303.0,206,68.0,motorcycle,Inner,0.2439575154443612
Tailgating,303.0,204,180.0,motorcycle,Inner,1.0116966790390576
Tailgating,303.0,112,214.0,person,Inner,2.011730214569624
Tailgating,303.0,214,85.0,motorcycle,Inner,2.159305808799555
Tailgating,303.0,53,32.0,person,Inner,0.11282162444206117
Tailgating,303.0,172,188.0,car,Inner,8.651289666876765e-05
Tailgating,303.0,5,201.0,motorcycle,Outer,1.699323631860381
Tailgating,303.0,202,142.0,motorcycle,Outer,2.7700820261191925
Tailgating,303.0,171,213.0,car,Outer,1.2810404237737667
Tailgating,304.0,206,68.0,motorcycle,Inner,0.18181791065438996
Tailgating,304.0,204,180.0,motorcycle,Inner,1.025465711422169
Tailgating,304.0,71,160.0,car,Inner,0.02301634770765177
Tailgating,304.0,112,214.0,person,Inner,2.061135180210138
Tailgating,304.0,214,85.0,motorcycle,Inner,2.1611890287575695
Tailgating,304.0,53,32.0,person,Inner,0.18136499667200445
Tailgating,304.0,188,172.0,car,Inner,0.0014515607792226326
Tailgating,304.0,202,142.0,motorcycle,Outer,2.7810380783706132
Tailgating,304.0,171,213.0,car,Outer,1.2582280897761038
Tailgating,305.0,206,68.0,motorcycle,Inner,0.12120336429720534
Tailgating,305.0,204,180.0,motorcycle,Inner,1.0396543085169845
Tailgating,305.0,71,160.0,car,Inner,0.05704296349949226
Tailgating,305.0,112,214.0,person,Inner,2.1058881270714473
Tailgating,305.0,214,85.0,motorcycle,Inner,2.162902991617683
Tailgating,305.0,53,32.0,person,Inner,0.24380597757458997
Tailgating,305.0,188,172.0,car,Inner,0.0047200958919292515
Tailgating,305.0,202,142.0,motorcycle,Outer,2.7913789801644464
Tailgating,305.0,171,213.0,car,Outer,1.2352005683210092
Tailgating,305.0,213,90.0,person,Outer,2.330408931354818
Tailgating,306.0,206,68.0,motorcycle,Inner,0.06303960908500632
Tailgating,306.0,204,180.0,motorcycle,Inner,1.0538466911289144
Tailgating,306.0,180,215.0,person,Inner,3.984678689535016
Tailgating,306.0,71,160.0,car,Inner,0.09672615519007435
Tailgating,306.0,112,214.0,person,Inner,2.1508954444597075
Tailgating,306.0,214,85.0,motorcycle,Inner,2.1640356794740945
Tailgating,306.0,53,32.0,person,Inner,0.2999309666503749
Tailgating,306.0,188,172.0,car,Inner,0.006634679956875297
Tailgating,306.0,202,142.0,motorcycle,Outer,2.8002964547409324
Tailgating,306.0,171,213.0,car,Outer,1.2148972558035451
Tailgating,307.0,206,68.0,motorcycle,Inner,0.007270867061992451
Tailgating,307.0,204,180.0,motorcycle,Inner,1.071732996791379
Tailgating,307.0,180,215.0,person,Inner,3.9448397655518184
Tailgating,307.0,71,160.0,car,Inner,0.12830657422052189
Tailgating,307.0,112,214.0,person,Inner,2.186762145333955
Tailgating,307.0,214,85.0,motorcycle,Inner,2.1646041467663415
Tailgating,307.0,31,9.0,person,Inner,0.8434024519693127
Tailgating,307.0,53,32.0,person,Inner,0.3749577802678063
Tailgating,307.0,188,172.0,car,Inner,0.010583670400876027
Tailgating,307.0,202,142.0,motorcycle,Outer,2.8169660635822233
Tailgating,307.0,171,213.0,car,Outer,1.1963859843548041
Tailgating,308.0,206,193.0,motorcycle,Inner,3.2243874329215565
Tailgating,308.0,204,180.0,motorcycle,Inner,1.0893581579257954
Tailgating,308.0,180,215.0,person,Inner,3.908835447515199
Tailgating,308.0,71,160.0,car,Inner,0.16740365647504268
Tailgating,308.0,214,85.0,motorcycle,Inner,2.1648898269360046
Tailgating,308.0,53,32.0,person,Inner,0.5009229284753599
Tailgating,308.0,188,172.0,car,Inner,0.012291628293990504
Tailgating,308.0,202,142.0,motorcycle,Outer,2.8338768788205155
Tailgating,308.0,171,213.0,car,Outer,1.1832761339354056
Tailgating,309.0,206,193.0,motorcycle,Inner,3.1680470533484804
Tailgating,309.0,204,180.0,motorcycle,Inner,1.1059541803027515
Tailgating,309.0,180,215.0,person,Inner,3.8706864641355865
Tailgating,309.0,71,160.0,car,Inner,0.2100488676415433
Tailgating,309.0,214,85.0,motorcycle,Inner,2.165371541291316
Tailgating,309.0,53,32.0,person,Inner,0.6131357062813574
Tailgating,309.0,188,172.0,car,Inner,0.010896664504961108
Tailgating,309.0,202,142.0,motorcycle,Outer,2.847638695744424
Tailgating,309.0,171,213.0,car,Outer,1.171270208027538
Tailgating,310.0,206,193.0,motorcycle,Inner,3.1128892218134756
Tailgating,310.0,204,180.0,motorcycle,Inner,1.1221441538517947
Tailgating,310.0,180,215.0,person,Inner,3.8307007034923966
Tailgating,310.0,71,160.0,car,Inner,0.24086777553544725
Tailgating,310.0,112,214.0,person,Inner,2.2856262599702797
Tailgating,310.0,214,85.0,motorcycle,Inner,2.1649793771797414
Tailgating,310.0,188,172.0,car,Inner,0.02589647809962038
Tailgating,310.0,202,142.0,motorcycle,Outer,2.8577464907341033
Tailgating,310.0,171,213.0,car,Outer,1.1593693599426889
Tailgating,311.0,206,193.0,motorcycle,Inner,3.059531841706742
Tailgating,311.0,204,180.0,motorcycle,Inner,1.135185220479545
Tailgating,311.0,180,215.0,person,Inner,3.7899616706059485
Tailgating,311.0,214,85.0,motorcycle,Inner,2.1640886618498736
Tailgating,311.0,53,32.0,person,Inner,0.689556650871505
Tailgating,311.0,188,172.0,car,Inner,0.033825253369704725
Tailgating,311.0,202,142.0,motorcycle,Outer,2.872900331058548
Tailgating,311.0,171,213.0,car,Outer,1.148467275763812
Tailgating,312.0,206,193.0,motorcycle,Inner,3.001163689495776
Tailgating,312.0,204,180.0,motorcycle,Inner,1.1472291357405657
Tailgating,312.0,180,215.0,person,Inner,3.7488005628113905
Tailgating,312.0,214,85.0,motorcycle,Inner,2.1618351375817126
Tailgating,312.0,53,32.0,person,Inner,0.7390143291733643
Tailgating,312.0,202,142.0,motorcycle,Outer,2.8897752382039528
Tailgating,312.0,171,213.0,car,Outer,1.1356621917225667
Tailgating,312.0,170,19.0,car,Outer,2.2954588365044652
Tailgating,312.0,188,172.0,car,Outer,0.03726869303484312
Tailgating,313.0,206,193.0,motorcycle,Inner,2.9437457426732845
Tailgating,313.0,204,180.0,motorcycle,Inner,1.1554498660557728
Tailgating,313.0,180,215.0,person,Inner,3.7116539726410385
Tailgating,313.0,214,85.0,motorcycle,Inner,2.1609675026534103
Tailgating,313.0,53,32.0,person,Inner,0.7979493889298391
Tailgating,313.0,202,142.0,motorcycle,Outer,2.9059138193158027
Tailgating,313.0,171,213.0,car,Outer,1.123295533020754
Tailgating,313.0,170,19.0,car,Outer,2.4726021508042724
Tailgating,313.0,188,172.0,car,Outer,0.03851683530607925
Tailgating,314.0,206,193.0,motorcycle,Inner,2.886503458148055
Tailgating,314.0,204,180.0,motorcycle,Inner,1.1611108080668817
Tailgating,314.0,180,215.0,person,Inner,3.672112615900155
Tailgating,314.0,214,85.0,motorcycle,Inner,2.1594499459343046
Tailgating,314.0,202,142.0,motorcycle,Outer,2.9174500709592337
Tailgating,314.0,171,213.0,car,Outer,1.1124573282452572
Tailgating,314.0,170,19.0,car,Outer,2.6620374281215944
Tailgating,314.0,188,172.0,car,Outer,0.03810664558957522
Tailgating,314.0,172,43.0,car,Outer,3.9934759084339304
Tailgating,315.0,206,193.0,motorcycle,Inner,2.8297955060853686
Tailgating,315.0,204,180.0,motorcycle,Inner,1.1654808584441925
Tailgating,315.0,180,215.0,person,Inner,3.6310957927943326
Tailgating,315.0,214,85.0,motorcycle,Inner,2.156656267839694
Tailgating,315.0,202,142.0,motorcycle,Outer,2.9268098859933445
Tailgating,315.0,171,213.0,car,Outer,1.1025724175773157
Tailgating,315.0,170,19.0,car,Outer,2.857491217351944
Tailgating,315.0,188,172.0,car,Outer,0.03787480692456333
Tailgating,315.0,172,43.0,car,Outer,3.986435051753669
Tailgating,316.0,206,193.0,motorcycle,Inner,2.7721218114539488
Tailgating,316.0,204,180.0,motorcycle,Inner,1.1718230779409164
Tailgating,316.0,180,215.0,person,Inner,3.5899924970724406
Tailgating,316.0,214,85.0,motorcycle,Inner,2.153952342395823
Tailgating,316.0,202,142.0,motorcycle,Outer,2.9264889282857967
Tailgating,316.0,124,234.0,motorcycle,Outer,0.531625665789186
Tailgating,316.0,235,171.0,motorcycle,Outer,0.11995899291375052
Tailgating,316.0,171,213.0,car,Outer,1.0881193335760202
Tailgating,316.0,170,19.0,car,Outer,3.054744083834
Tailgating,316.0,188,172.0,car,Outer,0.03591458964622793
Tailgating,316.0,172,43.0,car,Outer,3.9829087628111406
Tailgating,317.0,206,193.0,motorcycle,Inner,2.709732730462414
Tailgating,317.0,204,180.0,motorcycle,Inner,1.1753814612558646
Tailgating,317.0,180,215.0,person,Inner,3.552262246900338
Tailgating,317.0,214,85.0,motorcycle,Inner,2.15154290040917
Tailgating,317.0,202,142.0,motorcycle,Outer,2.9161529205058514
Tailgating,317.0,235,171.0,motorcycle,Outer,0.1414950525703011
Tailgating,317.0,171,213.0,car,Outer,1.0665136841579534
Tailgating,317.0,170,19.0,car,Outer,3.252934822296985
Tailgating,317.0,188,172.0,car,Outer,0.01780029043551924
Tailgating,318.0,206,193.0,motorcycle,Inner,2.647541086422384
Tailgating,318.0,204,180.0,motorcycle,Inner,1.1792575661105422
Tailgating,318.0,180,215.0,person,Inner,3.5202938891671556
Tailgating,318.0,71,160.0,car,Inner,0.23466299586791822
Tailgating,318.0,214,85.0,motorcycle,Inner,2.149516298606521
Tailgating,318.0,202,142.0,motorcycle,Outer,2.898041995014796
Tailgating,318.0,171,213.0,car,Outer,1.045619505621464
Tailgating,318.0,170,19.0,car,Outer,3.452754091805088
Tailgating,318.0,188,172.0,car,Outer,0.006327726670894857
Tailgating,319.0,206,193.0,motorcycle,Inner,2.582380007588674
Tailgating,319.0,204,180.0,motorcycle,Inner,1.1869886004984938
Tailgating,319.0,180,215.0,person,Inner,3.4835380129089217
Tailgating,319.0,214,85.0,motorcycle,Inner,2.146356721183047
Tailgating,319.0,31,9.0,person,Inner,0.7329018445748622
Tailgating,319.0,202,142.0,motorcycle,Outer,2.8754042689817965
Tailgating,319.0,235,171.0,motorcycle,Outer,0.18624964133729083
Tailgating,319.0,171,213.0,car,Outer,1.0247406496974463
Tailgating,319.0,170,19.0,car,Outer,3.503876406645644
Tailgating,319.0,172,188.0,car,Outer,3.306292215791078e-05
Tailgating,320.0,206,193.0,motorcycle,Inner,2.5129345898637316
Tailgating,320.0,204,180.0,motorcycle,Inner,1.2009233224164995
Tailgating,320.0,180,215.0,person,Inner,3.4397355285874225
Tailgating,320.0,214,85.0,motorcycle,Inner,2.1420069588389223
Tailgating,320.0,202,142.0,motorcycle,Outer,2.876036332722112
Tailgating,320.0,235,171.0,motorcycle,Outer,0.2047055506740929
Tailgating,320.0,171,213.0,car,Outer,1.0021875363621364
Tailgating,320.0,172,188.0,car,Outer,0.003416143235577845
Tailgating,321.0,206,193.0,motorcycle,Inner,2.439394651002052
Tailgating,321.0,193,204.0,car,Inner,3.1411694044231036
Tailgating,321.0,204,180.0,motorcycle,Inner,1.2153492458190005
Tailgating,321.0,180,215.0,person,Inner,3.3954893610146284
Tailgating,321.0,214,85.0,motorcycle,Inner,2.1370124193970397
Tailgating,321.0,9,82.0,person,Inner,0.8389012317634078
Tailgating,321.0,202,142.0,motorcycle,Outer,2.88673486236312
Tailgating,321.0,235,171.0,motorcycle,Outer,0.22420984612745873
Tailgating,321.0,171,213.0,car,Outer,0.9750035749774807
Tailgating,321.0,172,188.0,car,Outer,0.004598510382531874
Tailgating,322.0,206,193.0,motorcycle,Inner,2.363693593824559
Tailgating,322.0,193,204.0,car,Inner,3.1693849104511638
Tailgating,322.0,204,180.0,motorcycle,Inner,1.2298976051548096
Tailgating,322.0,180,215.0,person,Inner,3.3514876371702775
Tailgating,322.0,214,85.0,motorcycle,Inner,2.1319456530002423
Tailgating,322.0,9,82.0,person,Inner,0.8914935611600762
Tailgating,322.0,202,142.0,motorcycle,Outer,2.9031488977984887
Tailgating,322.0,235,171.0,motorcycle,Outer,0.23798582080914193
Tailgating,322.0,171,213.0,car,Outer,0.9454176508597565
Tailgating,322.0,172,188.0,car,Outer,0.005305590545624705
Tailgating,323.0,206,193.0,motorcycle,Inner,2.2880675269050688
Tailgating,323.0,193,204.0,car,Inner,3.1987759989064752
Tailgating,323.0,204,180.0,motorcycle,Inner,1.2460864028555259
Tailgating,323.0,180,215.0,person,Inner,3.304945308755681
Tailgating,323.0,214,85.0,motorcycle,Inner,2.1265621638603314
Tailgating,323.0,9,82.0,person,Inner,0.9386243100907335
Tailgating,323.0,202,142.0,motorcycle,Outer,2.921959696185829
Tailgating,323.0,235,171.0,motorcycle,Outer,0.24708628223273077
Tailgating,323.0,171,213.0,car,Outer,0.9164225046978925
Tailgating,323.0,172,188.0,car,Outer,0.004430755965425938
Tailgating,324.0,206,193.0,motorcycle,Inner,2.2120663590996608
Tailgating,324.0,193,204.0,car,Inner,3.2310184577572882
Tailgating,324.0,204,180.0,motorcycle,Inner,1.2648772064071552
Tailgating,324.0,180,215.0,person,Inner,3.2546644620168315
Tailgating,324.0,214,85.0,motorcycle,Inner,2.121500376238989
Tailgating,324.0,202,142.0,motorcycle,Outer,2.947023164304865
Tailgating,324.0,235,171.0,motorcycle,Outer,0.25055920846256247
Tailgating,324.0,171,213.0,car,Outer,0.8817167418252491
Tailgating,324.0,172,188.0,car,Outer,0.0014611445947965217
Tailgating,325.0,206,193.0,motorcycle,Inner,2.136319959448261
Tailgating,325.0,193,204.0,car,Inner,3.264989354422716
Tailgating,325.0,204,180.0,motorcycle,Inner,1.2852415622287896
Tailgating,325.0,180,215.0,person,Inner,3.2020871230835595
Tailgating,325.0,214,85.0,motorcycle,Inner,2.1165620643077103
Tailgating,325.0,202,142.0,motorcycle,Outer,2.975198328205267
Tailgating,325.0,235,171.0,motorcycle,Outer,0.25082574546270986
Tailgating,325.0,171,213.0,car,Outer,0.8417846808855899
Tailgating,325.0,188,172.0,car,Outer,0.003620548478848632
Tailgating,326.0,206,193.0,motorcycle,Inner,2.0620132306811163
Tailgating,326.0,193,204.0,car,Inner,3.295535315496893
Tailgating,326.0,204,180.0,motorcycle,Inner,1.3042849278461066
Tailgating,326.0,180,215.0,person,Inner,3.1515506872442502
Tailgating,326.0,214,85.0,motorcycle,Inner,2.1118339549007925
Tailgating,326.0,98,5.0,car,Outer,2.2134290343132736
Tailgating,326.0,5,201.0,motorcycle,Outer,1.5820195895584808
Tailgating,326.0,202,142.0,motorcycle,Outer,3.006781637116354
Tailgating,326.0,55,57.0,motorcycle,Outer,1.6422640829465913
Tailgating,326.0,235,171.0,motorcycle,Outer,0.251351763174819
Tailgating,326.0,171,213.0,car,Outer,0.8090139800137316
Tailgating,326.0,188,172.0,car,Outer,0.00841947950648165
Tailgating,327.0,206,193.0,motorcycle,Inner,1.9859514693408484
Tailgating,327.0,193,204.0,car,Inner,3.3284545277206643
Tailgating,327.0,214,85.0,motorcycle,Inner,2.105416186602367
Tailgating,327.0,5,201.0,motorcycle,Outer,1.5308094353560824
Tailgating,327.0,202,142.0,motorcycle,Outer,2.993775856593563
Tailgating,327.0,235,171.0,motorcycle,Outer,0.25559248464038925
Tailgating,327.0,171,213.0,car,Outer,0.7781621076554478
Tailgating,327.0,188,172.0,car,Outer,0.010943027240455714
Tailgating,327.0,172,43.0,car,Outer,3.9923348172271598
Tailgating,328.0,206,193.0,motorcycle,Inner,1.919748832633126
Tailgating,328.0,193,204.0,car,Inner,3.3575488161171716
Tailgating,328.0,214,85.0,motorcycle,Inner,2.0991783480135013
Tailgating,328.0,5,201.0,motorcycle,Outer,1.4735985784493177
Tailgating,328.0,202,142.0,motorcycle,Outer,2.9584280135490117
Tailgating,328.0,235,171.0,motorcycle,Outer,0.26062934019133427
Tailgating,328.0,171,213.0,car,Outer,0.7514133640304878
Tailgating,328.0,188,172.0,car,Outer,0.01246520100823857
Tailgating,328.0,172,43.0,car,Outer,3.985405360219553
Tailgating,329.0,206,193.0,motorcycle,Inner,1.8514525601062763
Tailgating,329.0,193,204.0,car,Inner,3.3887739709390887
Tailgating,329.0,214,85.0,motorcycle,Inner,2.093162218946249
Tailgating,329.0,98,5.0,car,Outer,2.3111471862569855
Tailgating,329.0,5,201.0,motorcycle,Outer,1.4136005759754962
Tailgating,329.0,202,142.0,motorcycle,Outer,2.9093848324682385
Tailgating,329.0,124,234.0,motorcycle,Outer,0.7577657142808526
Tailgating,329.0,235,171.0,motorcycle,Outer,0.26430099733356016
Tailgating,329.0,171,213.0,car,Outer,0.7257877023561206
Tailgating,329.0,213,231.0,person,Outer,2.326164961410508
Tailgating,329.0,188,172.0,car,Outer,0.013309837144722394
Tailgating,329.0,172,43.0,car,Outer,3.9795357783850527
Tailgating,330.0,206,193.0,motorcycle,Inner,1.7798929892749347
Tailgating,330.0,193,204.0,car,Inner,3.422506061813599
Tailgating,330.0,214,85.0,motorcycle,Inner,2.087661475849484
Tailgating,330.0,5,201.0,motorcycle,Outer,1.3498224328592994
Tailgating,330.0,202,142.0,motorcycle,Outer,2.862370316171496
Tailgating,330.0,124,234.0,motorcycle,Outer,0.7646801557310223
Tailgating,330.0,235,171.0,motorcycle,Outer,0.2701052763558941
Tailgating,330.0,171,213.0,car,Outer,0.7012834232341545
Tailgating,330.0,213,231.0,person,Outer,2.31665226976517
Tailgating,330.0,188,172.0,car,Outer,0.014049503342458027
Tailgating,330.0,172,43.0,car,Outer,3.974879901284521
Tailgating,331.0,206,193.0,motorcycle,Inner,1.7040508627210917
Tailgating,331.0,193,204.0,car,Inner,3.4548725917895466
Tailgating,331.0,214,85.0,motorcycle,Inner,2.0802194254149144
Tailgating,331.0,5,201.0,motorcycle,Outer,1.2849590820550851
Tailgating,331.0,202,142.0,motorcycle,Outer,2.814744503351966
Tailgating,331.0,124,234.0,motorcycle,Outer,0.7838700059603992
Tailgating,331.0,235,171.0,motorcycle,Outer,0.27751859208000396
Tailgating,331.0,171,213.0,car,Outer,0.6845072059866747
Tailgating,331.0,213,231.0,person,Outer,2.2994820568869963
Tailgating,331.0,188,172.0,car,Outer,0.011536235760400426
Tailgating,331.0,172,43.0,car,Outer,3.9787037634840208
Tailgating,332.0,206,193.0,motorcycle,Inner,1.625925616600777
Tailgating,332.0,193,204.0,car,Inner,3.486784245271896
Tailgating,332.0,214,85.0,motorcycle,Inner,2.071607555316409
Tailgating,332.0,5,201.0,motorcycle,Outer,1.2187164651707236
Tailgating,332.0,202,142.0,motorcycle,Outer,2.7675550709300802
Tailgating,332.0,124,234.0,motorcycle,Outer,0.8091721837631166
Tailgating,332.0,235,171.0,motorcycle,Outer,0.2864400745692705
Tailgating,332.0,171,213.0,car,Outer,0.6731707094481771
Tailgating,332.0,213,231.0,person,Outer,2.276515319766368
Tailgating,332.0,188,172.0,car,Outer,0.008117349055725965
Tailgating,332.0,172,43.0,car,Outer,3.9873713305720777
Tailgating,333.0,206,193.0,motorcycle,Inner,1.5473077971195996
Tailgating,333.0,193,204.0,car,Inner,3.52115100660585
Tailgating,333.0,214,85.0,motorcycle,Inner,2.0637039795480874
Tailgating,333.0,171,56.0,car,Inner,3.1808776195671347
Tailgating,333.0,202,142.0,motorcycle,Outer,2.718320866727283
Tailgating,333.0,55,57.0,motorcycle,Outer,1.7020787056082503
Tailgating,333.0,124,234.0,motorcycle,Outer,0.8440934343473058
Tailgating,333.0,235,213.0,motorcycle,Outer,1.072101369979002
Tailgating,333.0,188,172.0,car,Outer,0.0019637868939739525
Tailgating,333.0,172,43.0,car,Outer,3.9970594602276566
Tailgating,334.0,206,193.0,motorcycle,Inner,1.4725326662296487
Tailgating,334.0,193,204.0,car,Inner,3.553929528581521
Tailgating,334.0,214,85.0,motorcycle,Inner,2.05568009161748
Tailgating,334.0,171,56.0,car,Inner,3.1735241702208445
Tailgating,334.0,202,142.0,motorcycle,Outer,2.6879187068165487
Tailgating,334.0,124,234.0,motorcycle,Outer,0.885129071110906
Tailgating,334.0,235,213.0,motorcycle,Outer,1.0591941278601413
Tailgating,334.0,172,188.0,car,Outer,0.0009775405973801734
Tailgating,335.0,206,193.0,motorcycle,Inner,1.3991321381442663
Tailgating,335.0,193,204.0,car,Inner,3.5863216763722328
Tailgating,335.0,214,85.0,motorcycle,Inner,2.0471209172895466
Tailgating,335.0,171,56.0,car,Inner,3.168032272985055
Tailgating,335.0,53,32.0,person,Inner,0.9881524471215846
Tailgating,335.0,202,142.0,motorcycle,Outer,2.665212653443092
Tailgating,335.0,124,234.0,motorcycle,Outer,0.9298143771345903
Tailgating,335.0,235,213.0,motorcycle,Outer,1.04385765932444
Tailgating,335.0,172,188.0,car,Outer,0.0017889458811888059
Tailgating,336.0,206,193.0,motorcycle,Inner,1.323689497525483
Tailgating,336.0,193,204.0,car,Inner,3.6200991427416023
Tailgating,336.0,214,85.0,motorcycle,Inner,2.0374832167252417
Tailgating,336.0,171,56.0,car,Inner,3.1611809834060614
Tailgating,336.0,53,32.0,person,Inner,0.9562368450122014
Tailgating,336.0,226,203.0,person,Outer,1.877811349690352
Tailgating,336.0,202,142.0,motorcycle,Outer,2.6330478321029323
Tailgating,336.0,124,234.0,motorcycle,Outer,0.9790860487015346
Tailgating,336.0,235,213.0,motorcycle,Outer,1.0272939764373619
Tailgating,336.0,172,188.0,car,Outer,0.0013221896347252965
Tailgating,337.0,214,85.0,motorcycle,Inner,2.0261002946535376
Tailgating,337.0,171,56.0,car,Inner,3.153003060880662
Tailgating,337.0,53,32.0,person,Inner,0.9199045492376657
Tailgating,337.0,206,201.0,motorcycle,Outer,0.5198408353782
Tailgating,337.0,226,203.0,person,Outer,1.8873290268864724
Tailgating,337.0,202,142.0,motorcycle,Outer,2.594001273736866
Tailgating,337.0,124,234.0,motorcycle,Outer,1.0317429156513125
Tailgating,337.0,235,213.0,motorcycle,Outer,1.0111628860445032
Tailgating,337.0,172,188.0,car,Outer,0.001743767652972156
Tailgating,338.0,214,85.0,motorcycle,Inner,2.016310922426682
Tailgating,338.0,171,56.0,car,Inner,3.1437344309021507
Tailgating,338.0,53,32.0,person,Inner,0.8800987972874419
Tailgating,338.0,206,201.0,motorcycle,Outer,0.481578711668228
Tailgating,338.0,226,203.0,person,Outer,1.8973501999996414
Tailgating,338.0,202,142.0,motorcycle,Outer,2.5523622261936803
Tailgating,338.0,55,57.0,motorcycle,Outer,1.6654918017262423
Tailgating,338.0,124,234.0,motorcycle,Outer,1.077455292955404
Tailgating,338.0,235,213.0,motorcycle,Outer,0.9970086880060343
Tailgating,338.0,172,188.0,car,Outer,0.0026698818815009922
Tailgating,339.0,112,214.0,person,Inner,3.1411759182253784
Tailgating,339.0,214,85.0,motorcycle,Inner,2.057415016758949
Tailgating,339.0,171,56.0,car,Inner,3.134548865430956
Tailgating,339.0,53,32.0,person,Inner,0.8509166233092406
Tailgating,339.0,206,201.0,motorcycle,Outer,0.4465131877149337
Tailgating,339.0,226,203.0,person,Outer,1.907486309479629
Tailgating,339.0,202,142.0,motorcycle,Outer,2.5163381101053512
Tailgating,339.0,55,57.0,motorcycle,Outer,1.613532354564572
Tailgating,339.0,124,234.0,motorcycle,Outer,1.121319817425727
Tailgating,339.0,235,213.0,motorcycle,Outer,0.9828548262164427
Tailgating,339.0,172,188.0,car,Outer,0.0035878341993261535
Tailgating,340.0,112,214.0,person,Inner,3.437712260033761
Tailgating,340.0,214,85.0,motorcycle,Inner,2.1248903426646497
Tailgating,340.0,171,56.0,car,Inner,3.123152714298871
Tailgating,340.0,31,138.0,person,Inner,0.1846508257601162
Tailgating,340.0,53,32.0,person,Inner,0.8334752085676846
Tailgating,340.0,206,201.0,motorcycle,Outer,0.412948000971589
Tailgating,340.0,226,203.0,person,Outer,1.9177741590630115
Tailgating,340.0,202,142.0,motorcycle,Outer,2.4901873256584093
Tailgating,340.0,55,57.0,motorcycle,Outer,1.5527763054298032
Tailgating,340.0,235,213.0,motorcycle,Outer,0.9688805922547811
Tailgating,340.0,172,188.0,car,Outer,0.03952512865759313
Tailgating,340.0,188,98.0,car,Outer,3.9600929480016567
Tailgating,341.0,112,214.0,person,Inner,3.734118957195088
Tailgating,341.0,214,85.0,motorcycle,Inner,2.2079458591947994
Tailgating,341.0,171,56.0,car,Inner,3.1079180107976483
Tailgating,341.0,31,138.0,person,Inner,0.5536687903841288
Tailgating,341.0,53,32.0,person,Inner,0.8028847540766751
Tailgating,341.0,206,201.0,motorcycle,Outer,0.3780544421704882
Tailgating,341.0,226,203.0,person,Outer,1.9246218713644427
Tailgating,341.0,202,142.0,motorcycle,Outer,2.466043505123719
Tailgating,341.0,55,57.0,motorcycle,Outer,1.4872757851353948
Tailgating,341.0,235,213.0,motorcycle,Outer,0.9544744097727872
Tailgating,341.0,170,19.0,car,Outer,3.4530404199174813
Tailgating,341.0,172,188.0,car,Outer,0.06667322252865751
Tailgating,341.0,188,98.0,car,Outer,3.925357032952322
Tailgating,342.0,160,135.0,motorcycle,Inner,1.7783671014525153
Tailgating,342.0,214,85.0,motorcycle,Inner,2.2993058242691795
Tailgating,342.0,171,56.0,car,Inner,3.0910659936946545
Tailgating,342.0,31,138.0,person,Inner,0.9367956067799778
Tailgating,342.0,53,32.0,person,Inner,0.7737482590156629
Tailgating,342.0,206,201.0,motorcycle,Outer,0.34272697720637946
Tailgating,342.0,226,203.0,person,Outer,1.9291814730230836
Tailgating,342.0,202,142.0,motorcycle,Outer,2.4429159238223233
Tailgating,342.0,55,57.0,motorcycle,Outer,1.420031617270132
Tailgating,342.0,235,213.0,motorcycle,Outer,0.9399556698390339
Tailgating,342.0,170,19.0,car,Outer,3.478386812889065
Tailgating,342.0,172,188.0,car,Outer,0.08254435883366447
Tailgating,342.0,188,98.0,car,Outer,3.902499746008998
Tailgating,343.0,160,135.0,motorcycle,Inner,1.8240899450990544
Tailgating,343.0,214,85.0,motorcycle,Inner,2.3945678999483913
Tailgating,343.0,171,56.0,car,Inner,3.073938823735246
Tailgating,343.0,31,138.0,person,Inner,1.3459072529914802
Tailgating,343.0,53,32.0,person,Inner,0.7450467846990625
Tailgating,343.0,206,201.0,motorcycle,Outer,0.30487108823555387
Tailgating,343.0,226,203.0,person,Outer,1.9308153677030984
Tailgating,343.0,202,142.0,motorcycle,Outer,2.4324676320919374
Tailgating,343.0,55,57.0,motorcycle,Outer,1.351136004251149
Tailgating,343.0,235,213.0,motorcycle,Outer,0.9255951867919461
Tailgating,343.0,170,19.0,car,Outer,3.506640252233861
Tailgating,343.0,188,98.0,car,Outer,3.892190872910169
Tailgating,344.0,214,85.0,motorcycle,Inner,2.4907623480615113
Tailgating,344.0,171,56.0,car,Inner,3.056849294515933
Tailgating,344.0,31,33.0,person,Inner,0.2651335695524959
Tailgating,344.0,53,32.0,person,Inner,0.7282328607857881
Tailgating,344.0,206,201.0,motorcycle,Outer,0.2611581492495571
Tailgating,344.0,202,142.0,motorcycle,Outer,2.4394193825494623
Tailgating,344.0,55,57.0,motorcycle,Outer,1.3023418577706976
Tailgating,344.0,235,213.0,motorcycle,Outer,0.9091453929042576
Tailgating,344.0,170,19.0,car,Outer,3.5373255398876746
Tailgating,345.0,214,85.0,motorcycle,Inner,2.586176990412797
Tailgating,345.0,171,56.0,car,Inner,3.039717941866673
Tailgating,345.0,31,33.0,person,Inner,0.7664799400643596
Tailgating,345.0,5,206.0,motorcycle,Outer,0.9203495040458445
Tailgating,345.0,206,201.0,motorcycle,Outer,0.21369702358774922
Tailgating,345.0,112,202.0,person,Outer,0.9761003436571035
Tailgating,345.0,202,142.0,motorcycle,Outer,2.456225392456303
Tailgating,345.0,124,234.0,motorcycle,Outer,1.1901180638717972
Tailgating,345.0,235,213.0,motorcycle,Outer,0.8915869868033686
Tailgating,345.0,170,19.0,car,Outer,3.569450691466209
Tailgating,346.0,193,204.0,car,Inner,3.9455161986893907
Tailgating,346.0,214,85.0,motorcycle,Inner,2.5869230031739376
Tailgating,346.0,171,56.0,car,Inner,3.0215213507867937
Tailgating,346.0,31,33.0,person,Inner,1.034837571841998
Tailgating,346.0,53,32.0,person,Inner,0.7153752821027288
Tailgating,346.0,188,43.0,car,Outer,3.8796158853948204
Tailgating,346.0,98,5.0,car,Outer,2.2080924316643427
Tailgating,346.0,206,201.0,motorcycle,Outer,0.15988151356525435
Tailgating,346.0,235,213.0,motorcycle,Outer,0.8717276292208952
Tailgating,346.0,170,19.0,car,Outer,3.6020326442238084
Tailgating,347.0,193,204.0,car,Inner,3.9883099057618705
Tailgating,347.0,214,85.0,motorcycle,Inner,2.579785442636599
Tailgating,347.0,171,56.0,car,Inner,3.00741021284022
Tailgating,347.0,82,53.0,person,Inner,0.6517337785240178
Tailgating,347.0,53,32.0,person,Inner,0.7039092036057818
Tailgating,347.0,188,43.0,car,Outer,3.8803007698823144
Tailgating,347.0,43,98.0,car,Outer,0.016556819464721262
Tailgating,347.0,98,5.0,car,Outer,2.1713034154153483
Tailgating,347.0,206,201.0,motorcycle,Outer,0.10289017380961607
Tailgating,347.0,235,213.0,motorcycle,Outer,0.8502025333132239
Tailgating,347.0,170,19.0,car,Outer,3.634224625025498
Tailgating,347.0,172,188.0,car,Outer,0.12801156912426287
Tailgating,348.0,160,135.0,motorcycle,Inner,1.8090896838237094
Tailgating,348.0,214,85.0,motorcycle,Inner,2.5212087865451682
Tailgating,348.0,171,56.0,car,Inner,2.998206659111739
Tailgating,348.0,82,53.0,person,Inner,0.6914311152691319
Tailgating,348.0,53,32.0,person,Inner,0.7384072011027244
Tailgating,348.0,172,188.0,car,Outer,0.1068790406433909
Tailgating,348.0,188,43.0,car,Outer,3.8597851403511045
Tailgating,348.0,43,98.0,car,Outer,0.027055364599592038
Tailgating,348.0,98,5.0,car,Outer,2.129460703215499
Tailgating,348.0,206,201.0,motorcycle,Outer,0.04781497013941118
Tailgating,348.0,55,57.0,motorcycle,Outer,1.2893062709712733
Tailgating,348.0,235,213.0,motorcycle,Outer,0.8296923747211373
Tailgating,349.0,160,135.0,motorcycle,Inner,1.7636729266599904
Tailgating,349.0,214,85.0,motorcycle,Inner,2.4306921307827873
Tailgating,349.0,171,56.0,car,Inner,2.989964722064278
Tailgating,349.0,82,53.0,person,Inner,0.7242073805275292
Tailgating,349.0,53,32.0,person,Inner,0.78261449134505
Tailgating,349.0,172,188.0,car,Outer,0.09277884453560648
Tailgating,349.0,188,43.0,car,Outer,3.8230808601070576
Tailgating,349.0,98,5.0,car,Outer,2.1079552038385025
Tailgating,349.0,206,226.0,motorcycle,Outer,2.953197288263647
Tailgating,349.0,235,213.0,motorcycle,Outer,0.805563171366975
Tailgating,350.0,160,135.0,motorcycle,Inner,1.711035430527553
Tailgating,350.0,214,85.0,motorcycle,Inner,2.319357381257122
Tailgating,350.0,171,56.0,car,Inner,2.981400836586801
Tailgating,350.0,82,53.0,person,Inner,0.7443383360796042
Tailgating,350.0,53,32.0,person,Inner,0.8290469860367209
Tailgating,350.0,188,43.0,car,Outer,3.7793659876367514
Tailgating,350.0,43,98.0,car,Outer,0.039095263222513985
Tailgating,350.0,98,5.0,car,Outer,2.0785085482270387
Tailgating,350.0,206,226.0,motorcycle,Outer,2.9032833415759285
Tailgating,350.0,124,234.0,motorcycle,Outer,1.2970529389489382
Tailgating,350.0,235,213.0,motorcycle,Outer,0.7816906399858241
Tailgating,351.0,204,215.0,motorcycle,Inner,3.987231884586875
Tailgating,351.0,214,85.0,motorcycle,Inner,2.192844288277334
Tailgating,351.0,171,56.0,car,Inner,2.971455462721303
Tailgating,351.0,53,32.0,person,Inner,0.8618401344639425
Tailgating,351.0,188,43.0,car,Outer,3.751287233649871
Tailgating,351.0,206,226.0,motorcycle,Outer,2.8572342677000173
Tailgating,351.0,55,57.0,motorcycle,Outer,1.3830712787789599
Tailgating,351.0,124,234.0,motorcycle,Outer,1.3231646387486204
Tailgating,351.0,235,213.0,motorcycle,Outer,0.756905087156042
Tailgating,352.0,204,215.0,motorcycle,Inner,3.9202420892924867
Tailgating,352.0,214,85.0,motorcycle,Inner,2.054839753550283
Tailgating,352.0,171,56.0,car,Inner,2.960512393124316
Tailgating,352.0,188,43.0,car,Outer,3.7354257243340823
Tailgating,352.0,206,226.0,motorcycle,Outer,2.8133717759094625
Tailgating,352.0,55,57.0,motorcycle,Outer,1.4145030634121898
Tailgating,352.0,124,234.0,motorcycle,Outer,1.3543679877743406
Tailgating,352.0,235,213.0,motorcycle,Outer,0.7308922074034838
Tailgating,352.0,53,24.0,person,Outer,2.7136362223121373
Tailgating,353.0,204,215.0,motorcycle,Inner,3.848303957960493
Tailgating,353.0,214,85.0,motorcycle,Inner,1.965033106624216
Tailgating,353.0,171,56.0,car,Inner,2.9481786444476565
Tailgating,353.0,206,226.0,motorcycle,Outer,2.77327928864427
Tailgating,353.0,55,57.0,motorcycle,Outer,1.4677388945708199
Tailgating,353.0,235,213.0,motorcycle,Outer,0.7041347208069448
Tailgating,353.0,53,24.0,person,Outer,2.714832773081647
Tailgating,354.0,204,215.0,motorcycle,Inner,3.7729418423720475
Tailgating,354.0,214,85.0,motorcycle,Inner,1.8481170087604795
Tailgating,354.0,171,56.0,car,Inner,2.9334965251873224
Tailgating,354.0,206,226.0,motorcycle,Outer,2.732085134625946
Tailgating,354.0,55,57.0,motorcycle,Outer,1.5030711755760426
Tailgating,354.0,235,213.0,motorcycle,Outer,0.6756772101762111
Tailgating,355.0,204,215.0,motorcycle,Inner,3.6956457461595438
Tailgating,355.0,135,112.0,motorcycle,Inner,2.3061547475365125
Tailgating,355.0,214,85.0,motorcycle,Inner,1.7719999207220198
Tailgating,355.0,171,56.0,car,Inner,2.9172854575912526
Tailgating,355.0,31,33.0,person,Inner,0.8101744263291849
Tailgating,355.0,206,226.0,motorcycle,Outer,2.6904892521602197
Tailgating,355.0,235,213.0,motorcycle,Outer,0.6457141433627783
Tailgating,356.0,204,215.0,motorcycle,Inner,3.6170411047465083
Tailgating,356.0,135,112.0,motorcycle,Inner,2.358536019579568
Tailgating,356.0,171,56.0,car,Inner,2.8986904947428322
Tailgating,356.0,206,226.0,motorcycle,Outer,2.647478092297152
Tailgating,356.0,235,213.0,motorcycle,Outer,0.6162057538641269
Tailgating,356.0,213,231.0,person,Outer,2.156155248538896
Tailgating,357.0,204,215.0,motorcycle,Inner,3.5387073011530656
Tailgating,357.0,135,112.0,motorcycle,Inner,2.4155638916869595
Tailgating,357.0,171,56.0,car,Inner,2.8791925507019847
Tailgating,357.0,206,226.0,motorcycle,Outer,2.6065191618241705
Tailgating,357.0,142,17.0,person,Outer,2.212203377987711
Tailgating,357.0,235,213.0,motorcycle,Outer,0.585183727597545
Tailgating,357.0,213,231.0,person,Outer,2.157027318372084
Tailgating,358.0,135,112.0,motorcycle,Inner,2.475759135199628
Tailgating,358.0,171,56.0,car,Inner,2.86328937016838
Tailgating,358.0,206,226.0,motorcycle,Outer,2.5682223449254287
Tailgating,358.0,142,17.0,person,Outer,2.2087978391788323
Tailgating,358.0,55,57.0,motorcycle,Outer,1.400500525982055
Tailgating,358.0,235,213.0,motorcycle,Outer,0.5570300390475122
Tailgating,359.0,193,226.0,car,Inner,2.643301253993659
Tailgating,359.0,135,112.0,motorcycle,Inner,2.535613727120273
Tailgating,359.0,171,56.0,car,Inner,2.8456481188609457
Tailgating,359.0,235,213.0,motorcycle,Outer,0.5282987502510794
Tailgating,360.0,193,226.0,car,Inner,2.67853677163329
Tailgating,360.0,135,112.0,motorcycle,Inner,2.595798104394829
Tailgating,360.0,171,56.0,car,Inner,2.8247275831675096
Tailgating,360.0,235,213.0,motorcycle,Outer,0.5036183176498782
Tailgating,361.0,193,226.0,car,Inner,2.716403421497043
Tailgating,361.0,171,56.0,car,Inner,2.801178836617598
Tailgating,361.0,235,213.0,motorcycle,Outer,0.4816570361652919
Tailgating,362.0,193,226.0,car,Inner,2.755282273068334
Tailgating,362.0,171,56.0,car,Inner,2.7761330830695887
Tailgating,362.0,55,57.0,motorcycle,Outer,1.509390174448394
Tailgating,362.0,235,213.0,motorcycle,Outer,0.4611892765706948
Tailgating,363.0,193,226.0,car,Inner,2.7908979491756924
Tailgating,363.0,171,56.0,car,Inner,2.7491438393787857
Tailgating,363.0,55,57.0,motorcycle,Outer,1.5713482832425767
Tailgating,363.0,235,213.0,motorcycle,Outer,0.4435701042500775
Tailgating,364.0,193,226.0,car,Inner,2.8238016162078026
Tailgating,364.0,71,160.0,car,Inner,0.22382676305742424
Tailgating,364.0,135,112.0,motorcycle,Inner,2.54386913374469
Tailgating,364.0,171,56.0,car,Inner,2.718496586461346
Tailgating,364.0,55,57.0,motorcycle,Outer,1.639397647863666
Tailgating,364.0,235,213.0,motorcycle,Outer,0.4284110066533571
Tailgating,365.0,193,226.0,car,Inner,2.8551639767004118
Tailgating,365.0,71,160.0,car,Inner,0.1797683910234142
Tailgating,365.0,135,112.0,motorcycle,Inner,2.481456812422286
Tailgating,365.0,171,56.0,car,Inner,2.685718545571309
Tailgating,365.0,55,57.0,motorcycle,Outer,1.710584110635378
Tailgating,365.0,124,234.0,motorcycle,Outer,1.387192990604668
Tailgating,365.0,235,213.0,motorcycle,Outer,0.41460050596671816
Tailgating,366.0,193,226.0,car,Inner,2.8864629675647997
Tailgating,366.0,71,160.0,car,Inner,0.15406712678081544
Tailgating,366.0,135,112.0,motorcycle,Inner,2.410728092179548
Tailgating,366.0,171,56.0,car,Inner,2.6516365044347348
Tailgating,366.0,98,43.0,car,Outer,0.0033502353000769993
Tailgating,366.0,124,234.0,motorcycle,Outer,1.3966634867666425
Tailgating,366.0,235,213.0,motorcycle,Outer,0.3980842496166608
Tailgating,367.0,193,226.0,car,Inner,2.916620171234728
Tailgating,367.0,135,112.0,motorcycle,Inner,2.3324701437455726
Tailgating,367.0,171,56.0,car,Inner,2.6159299710533523
Tailgating,367.0,98,5.0,car,Outer,1.5750307000659907
Tailgating,367.0,124,234.0,motorcycle,Outer,1.4052912306214156
Tailgating,367.0,235,213.0,motorcycle,Outer,0.3740901939002754
Tailgating,368.0,193,226.0,car,Inner,2.941127603611524
Tailgating,368.0,135,112.0,motorcycle,Inner,2.2772478949815276
Tailgating,368.0,171,56.0,car,Inner,2.5826816694436734
Tailgating,368.0,98,5.0,car,Outer,1.5305929296228757
Tailgating,368.0,235,213.0,motorcycle,Outer,0.34854742475215517
Tailgating,369.0,193,226.0,car,Inner,2.9664758187239575
Tailgating,369.0,171,56.0,car,Inner,2.546178793824658
Tailgating,369.0,98,5.0,car,Outer,1.4878914464257347
Tailgating,369.0,235,213.0,motorcycle,Outer,0.3161347398463588
Tailgating,370.0,193,226.0,car,Inner,2.997051430072794
Tailgating,370.0,171,56.0,car,Inner,2.508713822994185
Tailgating,370.0,98,5.0,car,Outer,1.4325589660690867
Tailgating,370.0,124,234.0,motorcycle,Outer,1.4195064233971284
Tailgating,370.0,235,213.0,motorcycle,Outer,0.2768023697433494
Tailgating,371.0,193,226.0,car,Inner,3.0278062076704306
Tailgating,371.0,71,160.0,car,Inner,0.17729540151026246
Tailgating,371.0,171,56.0,car,Inner,2.470164811417929
Tailgating,371.0,98,5.0,car,Outer,1.3648978509380172
Tailgating,371.0,5,201.0,motorcycle,Outer,1.2231992187169765
Tailgating,371.0,124,234.0,motorcycle,Outer,1.4201724811019598
Tailgating,371.0,235,213.0,motorcycle,Outer,0.23630827956611652
Tailgating,372.0,193,226.0,car,Inner,3.058169811378096
Tailgating,372.0,71,160.0,car,Inner,0.22353143279469467
Tailgating,372.0,171,56.0,car,Inner,2.4307300224471433
Tailgating,372.0,98,5.0,car,Outer,1.2856312433394212
Tailgating,372.0,5,201.0,motorcycle,Outer,1.2640966102013238
Tailgating,372.0,124,234.0,motorcycle,Outer,1.4190372469359032
Tailgating,372.0,235,213.0,motorcycle,Outer,0.19490556952735705
Tailgating,372.0,53,24.0,person,Outer,2.4333579715570477
Tailgating,373.0,193,226.0,car,Inner,3.08700377236135
Tailgating,373.0,71,160.0,car,Inner,0.2502257952225682
Tailgating,373.0,135,112.0,motorcycle,Inner,2.1979773254664003
Tailgating,373.0,171,56.0,car,Inner,2.3932448066782843
Tailgating,373.0,124,234.0,motorcycle,Outer,1.412896665663901
Tailgating,373.0,235,213.0,motorcycle,Outer,0.1565400275674217
Tailgating,374.0,193,226.0,car,Inner,3.1146309805082604
Tailgating,374.0,135,112.0,motorcycle,Inner,2.1873067223949727
Tailgating,374.0,171,56.0,car,Inner,2.3535179591186495
Tailgating,374.0,124,234.0,motorcycle,Outer,1.4034110325319298
Tailgating,374.0,235,213.0,motorcycle,Outer,0.12340002484215908
Tailgating,374.0,53,24.0,person,Outer,2.392373852658033
Tailgating,375.0,193,226.0,car,Inner,3.1416747370536693
Tailgating,375.0,171,56.0,car,Inner,2.3122389139937902
Tailgating,375.0,9,244.0,person,Inner,0.9338064731967395
Tailgating,375.0,124,234.0,motorcycle,Outer,1.3923534578193602
Tailgating,375.0,235,213.0,motorcycle,Outer,0.0933046263442357
Tailgating,375.0,53,24.0,person,Outer,2.3525703486621374
Tailgating,376.0,193,226.0,car,Inner,3.171044192085606
Tailgating,376.0,235,171.0,motorcycle,Inner,0.8142672014347436
Tailgating,376.0,171,56.0,car,Inner,2.271275039454421
Tailgating,376.0,9,244.0,person,Inner,0.9856375739813512
Tailgating,376.0,124,234.0,motorcycle,Outer,1.3787446791836553
Tailgating,377.0,193,226.0,car,Inner,3.2009847072357642
Tailgating,377.0,135,112.0,motorcycle,Inner,2.0402801903401144
Tailgating,377.0,235,171.0,motorcycle,Inner,0.8382278440759691
Tailgating,377.0,171,56.0,car,Inner,2.2269674781538003
Tailgating,377.0,124,234.0,motorcycle,Outer,1.3665458193499285
Tailgating,378.0,193,226.0,car,Inner,3.2257170437998615
Tailgating,378.0,235,171.0,motorcycle,Inner,0.8588803348252464
Tailgating,378.0,171,56.0,car,Inner,2.186297669572529
Tailgating,378.0,9,244.0,person,Inner,1.0727278690369713
Tailgating,378.0,5,201.0,motorcycle,Outer,1.179276877929925
Tailgating,378.0,124,234.0,motorcycle,Outer,1.3565913891159256
Tailgating,379.0,193,226.0,car,Inner,3.2534058547040834
Tailgating,379.0,235,171.0,motorcycle,Inner,0.8782136504073165
Tailgating,379.0,171,56.0,car,Inner,2.1449057562405933
Tailgating,379.0,9,244.0,person,Inner,1.1223742811465056
Tailgating,379.0,5,201.0,motorcycle,Outer,1.1296314419004443
Tailgating,379.0,124,234.0,motorcycle,Outer,1.347743426907006
Tailgating,380.0,193,226.0,car,Inner,3.2809128301342154
Tailgating,380.0,235,171.0,motorcycle,Inner,0.8993870466448385
Tailgating,380.0,171,56.0,car,Inner,2.1000436154192013
Tailgating,380.0,9,244.0,person,Inner,1.1717906090703911
Tailgating,380.0,98,5.0,car,Outer,1.1640002595943677
Tailgating,380.0,201,206.0,person,Outer,1.4438114442296992
Tailgating,381.0,193,226.0,car,Inner,3.3142797100509225
Tailgating,381.0,235,171.0,motorcycle,Inner,0.918634371422227
Tailgating,381.0,171,56.0,car,Inner,2.0578454379983375
Tailgating,381.0,9,244.0,person,Inner,1.2114666190745296
Tailgating,381.0,43,98.0,car,Outer,0.010495784027997546
Tailgating,381.0,98,5.0,car,Outer,1.133792726638023
Tailgating,382.0,193,226.0,car,Inner,3.3504418015318858
Tailgating,382.0,235,171.0,motorcycle,Inner,0.9368320336192222
Tailgating,382.0,171,56.0,car,Inner,2.016513596892977
Tailgating,382.0,43,98.0,car,Outer,0.011165994035219281
Tailgating,382.0,98,5.0,car,Outer,1.0992014737426243
Tailgating,383.0,193,226.0,car,Inner,3.3880750530327286
Tailgating,383.0,235,171.0,motorcycle,Inner,0.9549138073314608
Tailgating,383.0,171,56.0,car,Inner,1.9724179412011213
Tailgating,383.0,43,98.0,car,Outer,0.009486348669581961
Tailgating,384.0,193,226.0,car,Inner,3.428212240270437
Tailgating,384.0,235,171.0,motorcycle,Inner,0.9723987900752922
Tailgating,384.0,171,56.0,car,Inner,1.9277635335709005
Tailgating,384.0,43,98.0,car,Outer,0.007554090416151333
Tailgating,385.0,193,226.0,car,Inner,3.4697759713036587
Tailgating,385.0,135,112.0,motorcycle,Inner,2.0081324861151644
Tailgating,385.0,235,171.0,motorcycle,Inner,0.9896246104038338
Tailgating,385.0,171,56.0,car,Inner,1.8825478831553049
Tailgating,385.0,43,98.0,car,Outer,0.004581803041988293
Tailgating,385.0,213,90.0,person,Outer,1.9768960502834623
Tailgating,386.0,193,226.0,car,Inner,3.512802041585126
Tailgating,386.0,235,171.0,motorcycle,Inner,1.0087046989151198
Tailgating,386.0,171,56.0,car,Inner,1.8336289495107176
Tailgating,386.0,43,98.0,car,Outer,0.0027182662881543355
Tailgating,387.0,193,226.0,car,Inner,3.555965549404145
Tailgating,387.0,135,112.0,motorcycle,Inner,2.057856520938308
Tailgating,387.0,235,171.0,motorcycle,Inner,1.0271941848941872
Tailgating,387.0,171,56.0,car,Inner,1.783583631602423
Tailgating,388.0,193,226.0,car,Inner,3.5906504776028036
Tailgating,388.0,135,112.0,motorcycle,Inner,2.0938119253402085
Tailgating,388.0,235,171.0,motorcycle,Inner,1.0429156469291394
Tailgating,388.0,171,56.0,car,Inner,1.7367767543785646
Tailgating,389.0,193,226.0,car,Inner,3.6286683953352656
Tailgating,389.0,135,112.0,motorcycle,Inner,2.130153486651454
Tailgating,389.0,235,171.0,motorcycle,Inner,1.0632220663712864
Tailgating,389.0,171,56.0,car,Inner,1.6827538988071205
Tailgating,390.0,193,226.0,car,Inner,3.66671741656685
Tailgating,390.0,235,171.0,motorcycle,Inner,1.0869957715598915
Tailgating,390.0,171,56.0,car,Inner,1.6228423461002723
Tailgating,391.0,193,226.0,car,Inner,3.701069425763731
Tailgating,391.0,235,171.0,motorcycle,Inner,1.1117742040948788
Tailgating,391.0,171,56.0,car,Inner,1.562509726249136
Tailgating,391.0,55,57.0,motorcycle,Outer,1.6608677896676758
Tailgating,392.0,193,226.0,car,Inner,3.733156665632567
Tailgating,392.0,235,171.0,motorcycle,Inner,1.1370097827830696
Tailgating,392.0,171,56.0,car,Inner,1.5018831365666805
Tailgating,392.0,98,5.0,car,Outer,0.7842702454807017
Tailgating,392.0,55,57.0,motorcycle,Outer,1.6033327662064358
Tailgating,393.0,193,226.0,car,Inner,3.7627624873125347
Tailgating,393.0,235,56.0,motorcycle,Inner,3.0398367475550976
Tailgating,393.0,43,98.0,car,Outer,0.0357780768852138
Tailgating,393.0,98,5.0,car,Outer,0.7441494154173796
Tailgating,393.0,55,57.0,motorcycle,Outer,1.535486714486629
Tailgating,394.0,193,226.0,car,Inner,3.7951450203044974
Tailgating,394.0,135,112.0,motorcycle,Inner,2.0350338352842616
Tailgating,394.0,235,56.0,motorcycle,Inner,2.999597804947627
Tailgating,394.0,43,98.0,car,Outer,0.03374732518287144
Tailgating,394.0,98,5.0,car,Outer,0.7033386100007751
Tailgating,394.0,55,57.0,motorcycle,Outer,1.4624701973053547
Tailgating,395.0,193,226.0,car,Inner,3.829284907258517
Tailgating,395.0,135,112.0,motorcycle,Inner,1.968573665903915
Tailgating,395.0,235,56.0,motorcycle,Inner,2.960989545449307
Tailgating,395.0,43,98.0,car,Outer,0.030218733415650127
Tailgating,395.0,98,5.0,car,Outer,0.6612908224490401
Tailgating,395.0,55,57.0,motorcycle,Outer,1.3873006834712502
Tailgating,396.0,193,226.0,car,Inner,3.859799135149355
Tailgating,396.0,135,112.0,motorcycle,Inner,1.8965379586550695
Tailgating,396.0,235,56.0,motorcycle,Inner,2.9209573808141687
Tailgating,396.0,43,98.0,car,Outer,0.0256024364361425
Tailgating,396.0,98,5.0,car,Outer,0.6215224317580977
Tailgating,396.0,55,57.0,motorcycle,Outer,1.312205714234581
Tailgating,397.0,193,226.0,car,Inner,3.8893800311198716
Tailgating,397.0,135,112.0,motorcycle,Inner,1.8196309150734107
Tailgating,397.0,235,56.0,motorcycle,Inner,2.8813363656388082
Tailgating,397.0,43,98.0,car,Outer,0.022363075970970557
Tailgating,397.0,98,5.0,car,Outer,0.5767917499627007
Tailgating,397.0,55,57.0,motorcycle,Outer,1.2597585891047414
Tailgating,398.0,193,226.0,car,Inner,3.9155203459925647
Tailgating,398.0,135,112.0,motorcycle,Inner,1.7631816050744764
Tailgating,398.0,235,56.0,motorcycle,Inner,2.841842462908198
Tailgating,398.0,43,98.0,car,Outer,0.017675850702473503
Tailgating,398.0,98,5.0,car,Outer,0.5353422663328651
Tailgating,398.0,55,57.0,motorcycle,Outer,1.2278493310998304
Tailgating,399.0,193,226.0,car,Inner,3.9447307500753235
Tailgating,399.0,235,56.0,motorcycle,Inner,2.803536011962522
Tailgating,399.0,43,98.0,car,Outer,0.01266388442872691
Tailgating,399.0,98,5.0,car,Outer,0.49368473701109256
Tailgating,400.0,193,226.0,car,Inner,3.9552599712462526
Tailgating,400.0,226,203.0,person,Inner,1.9734774146379337
Tailgating,400.0,235,56.0,motorcycle,Inner,2.7691566378422587
Tailgating,400.0,43,98.0,car,Outer,0.011086775944127663
Tailgating,400.0,98,5.0,car,Outer,0.4544597897190425
Tailgating,401.0,193,226.0,car,Inner,3.965721282928523
Tailgating,401.0,226,203.0,person,Inner,1.9884401630235444
Tailgating,401.0,235,56.0,motorcycle,Inner,2.7343780502727193
Tailgating,401.0,43,98.0,car,Outer,0.010513011424419134
Tailgating,401.0,98,5.0,car,Outer,0.4156304710627715
Tailgating,402.0,193,226.0,car,Inner,3.9763441887635067
Tailgating,402.0,226,203.0,person,Inner,2.0034994398869057
Tailgating,402.0,235,56.0,motorcycle,Inner,2.699239473353681
Tailgating,402.0,43,98.0,car,Outer,0.010056891604182917
Tailgating,402.0,98,5.0,car,Outer,0.3774861433033236
Tailgating,402.0,237,213.0,motorcycle,Outer,1.7975628587412658
Tailgating,403.0,193,226.0,car,Inner,3.9923498802179953
Tailgating,403.0,226,203.0,person,Inner,2.016562122416792
Tailgating,403.0,235,56.0,motorcycle,Inner,2.662722129636907
Tailgating,403.0,43,98.0,car,Outer,0.009047860564952066
Tailgating,403.0,98,5.0,car,Outer,0.3382845480601653
Tailgating,403.0,55,57.0,motorcycle,Outer,1.251307634473148
Tailgating,403.0,237,213.0,motorcycle,Outer,1.7719914138332309
Tailgating,404.0,226,203.0,person,Inner,2.0241499704365653
Tailgating,404.0,235,56.0,motorcycle,Inner,2.6208070584719514
Tailgating,404.0,55,57.0,motorcycle,Outer,1.320133426038676
Tailgating,404.0,237,213.0,motorcycle,Outer,1.7446312955841818
Tailgating,405.0,226,203.0,person,Inner,2.028695502941396
Tailgating,405.0,235,56.0,motorcycle,Inner,2.5759703607873363
Tailgating,405.0,55,57.0,motorcycle,Outer,1.3957323779511086
Tailgating,405.0,237,213.0,motorcycle,Outer,1.7159165121773636
Tailgating,406.0,226,203.0,person,Inner,2.028973763374314
Tailgating,406.0,235,56.0,motorcycle,Inner,2.5251364717110114
Tailgating,406.0,244,32.0,person,Inner,2.205267496949385
Tailgating,406.0,55,57.0,motorcycle,Outer,1.4743612924984018
Tailgating,406.0,237,213.0,motorcycle,Outer,1.6963795008602012
Tailgating,407.0,235,56.0,motorcycle,Inner,2.4689876697498176
Tailgating,407.0,244,32.0,person,Inner,2.1830080996713805
Tailgating,407.0,98,5.0,car,Outer,0.2033433971734422
Tailgating,407.0,55,57.0,motorcycle,Outer,1.531651231289237
Tailgating,407.0,237,213.0,motorcycle,Outer,1.6845890231523768
Tailgating,408.0,235,56.0,motorcycle,Inner,2.4107457002591035
Tailgating,408.0,98,5.0,car,Outer,0.16537201786237213
Tailgating,408.0,55,57.0,motorcycle,Outer,1.5687339803725346
Tailgating,408.0,237,213.0,motorcycle,Outer,1.6778691705176516
Tailgating,409.0,235,56.0,motorcycle,Inner,2.3498644746166137
Tailgating,409.0,43,98.0,car,Outer,0.014515699040090221
Tailgating,409.0,98,5.0,car,Outer,0.12745974019527276
Tailgating,409.0,55,57.0,motorcycle,Outer,1.6301798072161346
Tailgating,409.0,237,213.0,motorcycle,Outer,1.6740062367306319
Tailgating,410.0,235,56.0,motorcycle,Inner,2.290228122248429
Tailgating,410.0,43,98.0,car,Outer,0.014579010700946944
Tailgating,410.0,98,5.0,car,Outer,0.09009644949021914
Tailgating,410.0,237,213.0,motorcycle,Outer,1.667581006263775
Tailgating,411.0,226,203.0,person,Inner,1.9698821598563285
Tailgating,411.0,235,56.0,motorcycle,Inner,2.238465265684422
Tailgating,411.0,43,98.0,car,Outer,0.014597718519158571
Tailgating,411.0,98,5.0,car,Outer,0.05109118062403104
Tailgating,411.0,237,213.0,motorcycle,Outer,1.6572353810200837
Tailgating,412.0,226,203.0,person,Inner,1.9732001632100888
Tailgating,412.0,235,56.0,motorcycle,Inner,2.1908588069820216
Tailgating,412.0,43,98.0,car,Outer,0.014484080215344041
Tailgating,412.0,98,5.0,car,Outer,0.01111992046523878
Tailgating,412.0,237,213.0,motorcycle,Outer,1.6443651686956946
Tailgating,413.0,226,203.0,person,Inner,1.9806042148562988
Tailgating,413.0,235,56.0,motorcycle,Inner,2.1482801229077633
Tailgating,413.0,43,98.0,car,Outer,0.012053790006722548
Tailgating,413.0,237,213.0,motorcycle,Outer,1.6291873771671521
Tailgating,414.0,226,203.0,person,Inner,1.991629802385903
Tailgating,414.0,235,56.0,motorcycle,Inner,2.110881391332932
Tailgating,414.0,43,98.0,car,Outer,0.008959950240921903
Tailgating,414.0,237,213.0,motorcycle,Outer,1.6127389641987406
Tailgating,415.0,226,203.0,person,Inner,2.004400783615661
Tailgating,415.0,235,56.0,motorcycle,Inner,2.0764693332537765
Tailgating,415.0,55,57.0,motorcycle,Outer,1.706957255380744
Tailgating,415.0,237,213.0,motorcycle,Outer,1.5955582679706357
Tailgating,416.0,226,203.0,person,Inner,2.014584906639038
Tailgating,416.0,235,56.0,motorcycle,Inner,2.041669267871413
Tailgating,416.0,5,43.0,motorcycle,Outer,0.1888764139039497
Tailgating,416.0,43,98.0,car,Outer,0.008994801727057527
Tailgating,416.0,237,213.0,motorcycle,Outer,1.577508975769966
Tailgating,417.0,226,203.0,person,Inner,2.0259552713490794
Tailgating,417.0,235,56.0,motorcycle,Inner,2.007835211710508
Tailgating,417.0,43,98.0,car,Outer,0.0231344293808667
Tailgating,417.0,237,213.0,motorcycle,Outer,1.5606912819247531
Tailgating,418.0,226,203.0,person,Inner,2.036266556602267
Tailgating,418.0,235,56.0,motorcycle,Inner,1.9764194596576976
Tailgating,418.0,43,98.0,car,Outer,0.031927004188133476
Tailgating,418.0,237,213.0,motorcycle,Outer,1.5476784210735874
Tailgating,419.0,226,203.0,person,Inner,2.0577219485131977
Tailgating,419.0,235,56.0,motorcycle,Inner,1.946077223828305
Tailgating,419.0,43,98.0,car,Outer,0.035973226341704516
Tailgating,419.0,237,213.0,motorcycle,Outer,1.5357865126973491
Tailgating,420.0,226,203.0,person,Inner,2.075128984770207
Tailgating,420.0,235,56.0,motorcycle,Inner,1.9097173670106327
Tailgating,420.0,5,43.0,motorcycle,Outer,0.4602298839603154
Tailgating,420.0,43,98.0,car,Outer,0.036820786942331464
Tailgating,420.0,237,213.0,motorcycle,Outer,1.5258139449274999
Tailgating,421.0,226,203.0,person,Inner,2.0857462794930526
Tailgating,421.0,235,56.0,motorcycle,Inner,1.867722355962728
Tailgating,421.0,43,98.0,car,Outer,0.03338001380635946
Tailgating,421.0,237,213.0,motorcycle,Outer,1.5171744794926152
Tailgating,422.0,226,203.0,person,Inner,2.0933241986824833
Tailgating,422.0,203,254.0,motorcycle,Inner,1.1419514521299539
Tailgating,422.0,235,56.0,motorcycle,Inner,1.8227392026776406
Tailgating,422.0,43,98.0,car,Outer,0.027487702450121075
Tailgating,422.0,237,213.0,motorcycle,Outer,1.509159648296543
Tailgating,422.0,213,90.0,person,Outer,1.6553359511825274
Tailgating,423.0,226,203.0,person,Inner,2.098270779215544
Tailgating,423.0,203,254.0,motorcycle,Inner,1.1706801473067965
Tailgating,423.0,71,160.0,car,Inner,0.24904747385522574
Tailgating,423.0,235,56.0,motorcycle,Inner,1.7773179384463318
Tailgating,423.0,43,98.0,car,Outer,0.06028934720050161
Tailgating,423.0,237,213.0,motorcycle,Outer,1.4992088060364048
Tailgating,423.0,213,90.0,person,Outer,1.643998521939115
Tailgating,424.0,226,203.0,person,Inner,2.0991585307297536
Tailgating,424.0,203,254.0,motorcycle,Inner,1.200345476892152
Tailgating,424.0,71,160.0,car,Inner,0.2341731737699065
Tailgating,424.0,235,56.0,motorcycle,Inner,1.7287681421664927
Tailgating,424.0,43,98.0,car,Outer,0.05783626380701964
Tailgating,424.0,55,57.0,motorcycle,Outer,1.6750033935493551
Tailgating,424.0,237,213.0,motorcycle,Outer,1.4863258571444167
Tailgating,424.0,213,90.0,person,Outer,1.635666778861413
Tailgating,425.0,226,203.0,person,Inner,2.0959916245288235
Tailgating,425.0,203,254.0,motorcycle,Inner,1.2320433339794405
Tailgating,425.0,71,160.0,car,Inner,0.21468447274486852
Tailgating,425.0,235,56.0,motorcycle,Inner,1.6759271739643018
Tailgating,425.0,43,98.0,car,Outer,0.047884024548366676
Tailgating,425.0,55,57.0,motorcycle,Outer,1.618503602819668
Tailgating,425.0,237,213.0,motorcycle,Outer,1.471428672186444
Tailgating,426.0,226,203.0,person,Inner,2.0808306539274977
Tailgating,426.0,203,254.0,motorcycle,Inner,1.2737837823026759
Tailgating,426.0,71,160.0,car,Inner,0.20081060021811817
Tailgating,426.0,235,56.0,motorcycle,Inner,1.6176460943057995
Tailgating,426.0,43,98.0,car,Outer,0.04456745558712
Tailgating,426.0,98,260.0,car,Outer,3.9423225037323535
Tailgating,426.0,55,57.0,motorcycle,Outer,1.5348050010237357
Tailgating,426.0,237,213.0,motorcycle,Outer,1.4506822238656802
Tailgating,427.0,226,203.0,person,Inner,2.0694824888620102
Tailgating,427.0,203,254.0,motorcycle,Inner,1.311540810070084
Tailgating,427.0,71,160.0,car,Inner,0.1858087749061514
Tailgating,427.0,235,56.0,motorcycle,Inner,1.561141741238483
Tailgating,427.0,43,98.0,car,Outer,0.03766690777726523
Tailgating,427.0,98,260.0,car,Outer,3.8928758695957635
Tailgating,427.0,55,57.0,motorcycle,Outer,1.4546206916883349
Tailgating,427.0,237,213.0,motorcycle,Outer,1.4263781768288373
Tailgating,428.0,226,203.0,person,Inner,2.0638887000730533
Tailgating,428.0,203,254.0,motorcycle,Inner,1.3435842547193402
Tailgating,428.0,71,160.0,car,Inner,0.17007494478868962
Tailgating,428.0,235,56.0,motorcycle,Inner,1.5082234239369048
Tailgating,428.0,43,98.0,car,Outer,0.03152707615031911
Tailgating,428.0,98,260.0,car,Outer,3.826495046173919
Tailgating,428.0,55,57.0,motorcycle,Outer,1.3766506561464866
Tailgating,428.0,237,213.0,motorcycle,Outer,1.3999730648210638
Tailgating,429.0,226,203.0,person,Inner,2.064790516649449
Tailgating,429.0,203,254.0,motorcycle,Inner,1.374643313277567
Tailgating,429.0,215,71.0,person,Inner,3.1256984824565945
Tailgating,429.0,71,160.0,car,Inner,0.15122625871987683
Tailgating,429.0,235,56.0,motorcycle,Inner,1.4554307764383285
Tailgating,429.0,43,98.0,car,Outer,0.02484433803416873
Tailgating,429.0,98,260.0,car,Outer,3.7498497615856805
Tailgating,429.0,55,262.0,motorcycle,Outer,1.7671403362020075
Tailgating,429.0,237,213.0,motorcycle,Outer,1.3729722554006805
Tailgating,430.0,226,203.0,person,Inner,2.066883182559581
Tailgating,430.0,203,254.0,motorcycle,Inner,1.404618922081866
Tailgating,430.0,235,56.0,motorcycle,Inner,1.4006438421281233
Tailgating,430.0,98,43.0,car,Outer,0.03220555520315975
Tailgating,430.0,43,260.0,car,Outer,3.6754349608386048
Tailgating,430.0,55,262.0,motorcycle,Outer,1.677388020564476
Tailgating,430.0,237,213.0,motorcycle,Outer,1.3469298485873265
Tailgating,431.0,226,203.0,person,Inner,2.0696226590214573
Tailgating,431.0,203,254.0,motorcycle,Inner,1.4355736464793196
Tailgating,431.0,215,71.0,person,Inner,3.102566722410803
Tailgating,431.0,235,56.0,motorcycle,Inner,1.3466007183417092
Tailgating,431.0,98,43.0,car,Outer,0.060639531004584656
Tailgating,431.0,43,260.0,car,Outer,3.589476356552981
Tailgating,431.0,55,262.0,motorcycle,Outer,1.5985025326249624
Tailgating,431.0,237,213.0,motorcycle,Outer,1.3214900674327699
Tailgating,432.0,226,203.0,person,Inner,2.072440831031148
Tailgating,432.0,203,254.0,motorcycle,Inner,1.4672134370476384
Tailgating,432.0,215,71.0,person,Inner,3.074916346748951
Tailgating,432.0,235,56.0,motorcycle,Inner,1.2936560888405442
Tailgating,432.0,98,43.0,car,Outer,0.07221661027289378
Tailgating,432.0,43,260.0,car,Outer,3.522405414608366
Tailgating,432.0,55,262.0,motorcycle,Outer,1.5294612873539337
Tailgating,432.0,237,213.0,motorcycle,Outer,1.2968720629175516
Tailgating,433.0,226,203.0,person,Inner,2.0750170458315274
Tailgating,433.0,203,254.0,motorcycle,Inner,1.4995460245552252
Tailgating,433.0,215,71.0,person,Inner,3.060085711700437
Tailgating,433.0,235,56.0,motorcycle,Inner,1.2408524559887986
Tailgating,433.0,98,43.0,car,Outer,0.07564670175519438
Tailgating,433.0,43,260.0,car,Outer,3.476871511560972
Tailgating,433.0,55,262.0,motorcycle,Outer,1.4847986300409697
Tailgating,433.0,237,213.0,motorcycle,Outer,1.2789669384576805
Tailgating,434.0,226,203.0,person,Inner,2.073665018959562
Tailgating,434.0,203,254.0,motorcycle,Inner,1.535292541111333
Tailgating,434.0,215,71.0,person,Inner,3.0536714297181535
Tailgating,434.0,235,56.0,motorcycle,Inner,1.1860954009869262
Tailgating,434.0,98,43.0,car,Outer,0.07263759126330033
Tailgating,434.0,43,260.0,car,Outer,3.4171495152687488
Tailgating,434.0,55,262.0,motorcycle,Outer,1.4371401261162233
Tailgating,434.0,237,213.0,motorcycle,Outer,1.265544500774671
Tailgating,435.0,226,203.0,person,Inner,2.0698552428147594
Tailgating,435.0,203,254.0,motorcycle,Inner,1.5731312713913708
Tailgating,435.0,235,56.0,motorcycle,Inner,1.1333737822952508
Tailgating,435.0,98,43.0,car,Outer,0.06590915116677139
Tailgating,435.0,55,262.0,motorcycle,Outer,1.3878120002159522
Tailgating,435.0,237,213.0,motorcycle,Outer,1.254913853569416
Tailgating,436.0,203,254.0,motorcycle,Inner,1.6122825076004517
Tailgating,436.0,235,56.0,motorcycle,Inner,1.0786583649753718
Tailgating,436.0,98,43.0,car,Outer,0.06006764491039352
Tailgating,436.0,237,213.0,motorcycle,Outer,1.246311667653575
Tailgating,437.0,203,254.0,motorcycle,Inner,1.6531610470608786
Tailgating,437.0,235,56.0,motorcycle,Inner,1.0192978226599392
Tailgating,437.0,98,43.0,car,Outer,0.04531897485239588
Tailgating,437.0,237,213.0,motorcycle,Outer,1.2391566918636643
Tailgating,437.0,231,86.0,car,Outer,0.620778482960128
Tailgating,438.0,203,254.0,motorcycle,Inner,1.6910446323166544
Tailgating,438.0,235,56.0,motorcycle,Inner,0.9622439017739707
Tailgating,438.0,237,213.0,motorcycle,Outer,1.2347203035576169
Tailgating,438.0,231,90.0,car,Outer,0.00014227415286525958
Tailgating,439.0,203,254.0,motorcycle,Inner,1.7307126448308205
Tailgating,439.0,215,160.0,person,Inner,3.0651401916993906
Tailgating,439.0,237,213.0,motorcycle,Outer,1.229500752716867
Tailgating,440.0,203,254.0,motorcycle,Inner,1.7718509921552197
Tailgating,440.0,215,160.0,person,Inner,3.058213475429557
Tailgating,440.0,237,213.0,motorcycle,Outer,1.2234185853109711
Tailgating,441.0,203,254.0,motorcycle,Inner,1.81205747897333
Tailgating,441.0,237,213.0,motorcycle,Outer,1.210708431923086
Tailgating,442.0,203,254.0,motorcycle,Inner,1.8516855996557708
Tailgating,442.0,43,260.0,car,Outer,3.069997838859495
Tailgating,442.0,237,213.0,motorcycle,Outer,1.193849487806486
Tailgating,443.0,226,203.0,person,Inner,1.9771112550665526
Tailgating,443.0,203,254.0,motorcycle,Inner,1.8922124937806102
Tailgating,443.0,98,43.0,car,Outer,0.03300259443598389
Tailgating,443.0,43,260.0,car,Outer,3.037327464235479
Tailgating,443.0,237,213.0,motorcycle,Outer,1.171529102534702
Tailgating,444.0,226,203.0,person,Inner,1.9710878054710714
Tailgating,444.0,203,254.0,motorcycle,Inner,1.9329112210241366
Tailgating,444.0,98,43.0,car,Outer,0.027508281033763116
Tailgating,444.0,43,260.0,car,Outer,2.9867115749710216
Tailgating,444.0,237,213.0,motorcycle,Outer,1.146157277589673
Tailgating,445.0,226,260.0,person,Inner,1.9681722123131098
Tailgating,445.0,260,203.0,motorcycle,Inner,0.38289331543450517
Tailgating,445.0,203,254.0,motorcycle,Inner,1.9734139683975132
Tailgating,445.0,98,43.0,car,Outer,0.021925146337411418
Tailgating,445.0,237,213.0,motorcycle,Outer,1.118550912165611
Tailgating,445.0,231,90.0,car,Outer,0.014127235387953631
Tailgating,446.0,203,254.0,motorcycle,Inner,2.0140697202478437
Tailgating,446.0,98,43.0,car,Outer,0.019473242298181422
Tailgating,446.0,237,213.0,motorcycle,Outer,1.0881962336412452
Tailgating,446.0,231,90.0,car,Outer,0.018261741823196148
Tailgating,447.0,203,254.0,motorcycle,Inner,2.055957126867039
Tailgating,447.0,9,22.0,person,Inner,0.4123845258679549
Tailgating,447.0,98,43.0,car,Outer,0.030735482605913512
Tailgating,447.0,237,213.0,motorcycle,Outer,1.0541239760782137
Tailgating,447.0,231,90.0,car,Outer,0.023784947275598378
Tailgating,448.0,203,254.0,motorcycle,Inner,2.0947170029988937
Tailgating,448.0,9,22.0,person,Inner,0.5759357524418903
Tailgating,448.0,98,43.0,car,Outer,0.03492523768902594
Tailgating,448.0,237,213.0,motorcycle,Outer,1.025088476955578
Tailgating,449.0,203,254.0,motorcycle,Inner,2.1328503387245434
Tailgating,449.0,9,22.0,person,Inner,0.7678045377822792
Tailgating,449.0,98,43.0,car,Outer,0.038941360747216415
Tailgating,449.0,237,213.0,motorcycle,Outer,0.9864544763643791
Tailgating,450.0,260,203.0,motorcycle,Inner,0.29047421536437057
Tailgating,450.0,203,254.0,motorcycle,Inner,2.1692132266706055
Tailgating,450.0,9,22.0,person,Inner,0.9738848899300004
Tailgating,450.0,98,43.0,car,Outer,0.04035260132511209
Tailgating,450.0,237,213.0,motorcycle,Outer,0.9476157860515448
Tailgating,451.0,203,254.0,motorcycle,Inner,2.204776210731542
Tailgating,451.0,9,22.0,person,Inner,1.1850492118711662
Tailgating,451.0,98,43.0,car,Outer,0.04278651708795745
Tailgating,451.0,237,213.0,motorcycle,Outer,0.9152679923914686
Tailgating,452.0,226,260.0,person,Inner,2.0674704905858214
Tailgating,452.0,203,254.0,motorcycle,Inner,2.2402339998611853
Tailgating,452.0,9,31.0,person,Inner,0.01589615706787746
Tailgating,452.0,98,43.0,car,Outer,0.04526514289385077
Tailgating,452.0,237,213.0,motorcycle,Outer,0.8866984057773054
Tailgating,453.0,226,260.0,person,Inner,2.076904648220044
Tailgating,453.0,260,203.0,motorcycle,Inner,0.2406149837839468
Tailgating,453.0,203,254.0,motorcycle,Inner,2.274491601988028
Tailgating,453.0,33,9.0,person,Inner,0.5958697715403037
Tailgating,453.0,9,31.0,person,Inner,0.1470884121967613
Tailgating,453.0,98,43.0,car,Outer,0.04890118159909805
Tailgating,453.0,265,237.0,person,Outer,1.2082219362235407
Tailgating,453.0,237,213.0,motorcycle,Outer,0.8517847332649394
Tailgating,454.0,226,260.0,person,Inner,2.09490872864201
Tailgating,454.0,203,254.0,motorcycle,Inner,2.3069763823794065
Tailgating,454.0,33,9.0,person,Inner,0.5832931393018752
Tailgating,454.0,98,43.0,car,Outer,0.038733297621112536
Tailgating,454.0,265,247.0,person,Outer,0.041180192944120265
Tailgating,454.0,247,237.0,motorcycle,Outer,1.2105952800070796
Tailgating,454.0,237,213.0,motorcycle,Outer,0.8073998352703174
Tailgating,455.0,226,260.0,person,Inner,2.1182564116652443
Tailgating,455.0,203,254.0,motorcycle,Inner,2.3381141032451795
Tailgating,455.0,33,9.0,person,Inner,0.6631241198451083
Tailgating,455.0,9,31.0,person,Inner,0.0401271889222539
Tailgating,455.0,98,43.0,car,Outer,0.03210945244779323
Tailgating,455.0,265,247.0,person,Outer,0.0332107942163693
Tailgating,455.0,247,237.0,motorcycle,Outer,1.2621641919521773
Tailgating,455.0,237,213.0,motorcycle,Outer,0.7561066354089184
Tailgating,456.0,226,260.0,person,Inner,2.1515669121687573
Tailgating,456.0,203,254.0,motorcycle,Inner,2.373594179400897
Tailgating,456.0,9,138.0,person,Inner,1.2152855729012422
Tailgating,456.0,98,43.0,car,Outer,0.025479226257841322
Tailgating,456.0,265,247.0,person,Outer,0.014128699878359154
Tailgating,456.0,247,237.0,motorcycle,Outer,1.3238494645928724
Tailgating,456.0,237,213.0,motorcycle,Outer,0.7168925492992805
Tailgating,457.0,226,260.0,person,Inner,2.1878264938145606
Tailgating,457.0,203,254.0,motorcycle,Inner,2.4118374195340064
Tailgating,457.0,9,138.0,person,Inner,1.0307621706922208
Tailgating,457.0,193,188.0,car,Outer,0.38390611754613646
Tailgating,457.0,98,43.0,car,Outer,0.024597758030463986
Tailgating,457.0,247,265.0,motorcycle,Outer,0.0062688626339559945
Tailgating,457.0,265,237.0,person,Outer,1.3410114746279063
Tailgating,457.0,237,213.0,motorcycle,Outer,0.7071235504427562
Tailgating,458.0,9,138.0,person,Inner,0.8352105935761037
Tailgating,458.0,193,188.0,car,Outer,0.42173871695135623
Tailgating,458.0,98,43.0,car,Outer,0.02199306087565449
Tailgating,458.0,247,265.0,motorcycle,Outer,0.022966758254759523
Tailgating,458.0,265,237.0,person,Outer,1.3471718147823308
Tailgating,458.0,237,213.0,motorcycle,Outer,0.7021584116340911
Tailgating,459.0,226,260.0,person,Inner,2.239204390538624
Tailgating,459.0,203,254.0,motorcycle,Inner,2.487182352426022
Tailgating,459.0,9,138.0,person,Inner,0.6353719567775876
Tailgating,459.0,193,188.0,car,Outer,0.46641609619484115
Tailgating,459.0,98,43.0,car,Outer,0.020459474564191032
Tailgating,459.0,247,265.0,motorcycle,Outer,0.031207100812363497
Tailgating,459.0,265,237.0,person,Outer,1.3588190150845478
Tailgating,459.0,237,213.0,motorcycle,Outer,0.6789798266403978
Tailgating,460.0,226,260.0,person,Inner,2.264308504293295
Tailgating,460.0,203,254.0,motorcycle,Inner,2.5289151658609335
Tailgating,460.0,9,138.0,person,Inner,0.5186697136280698
Tailgating,460.0,193,188.0,car,Outer,0.5225824956066593
Tailgating,460.0,268,5.0,motorcycle,Outer,2.6791225842429616
Tailgating,460.0,98,43.0,car,Outer,0.016671246642232154
Tailgating,460.0,247,265.0,motorcycle,Outer,0.035315761521647844
Tailgating,460.0,265,237.0,person,Outer,1.3584611772216504
Tailgating,460.0,237,213.0,motorcycle,Outer,0.6497609002565409
Tailgating,461.0,226,260.0,person,Inner,2.293967962401614
Tailgating,461.0,203,254.0,motorcycle,Inner,2.572632079761005
Tailgating,461.0,9,138.0,person,Inner,0.4553503723335527
Tailgating,461.0,193,188.0,car,Outer,0.5424953928476987
Tailgating,461.0,188,268.0,car,Outer,1.813090291564839
Tailgating,461.0,268,5.0,motorcycle,Outer,2.631218951865671
Tailgating,461.0,98,43.0,car,Outer,0.011052120206251997
Tailgating,461.0,247,265.0,motorcycle,Outer,0.03761366876977819
Tailgating,461.0,265,237.0,person,Outer,1.3355964719320628
Tailgating,461.0,237,213.0,motorcycle,Outer,0.6249378992869162
Tailgating,461.0,213,231.0,person,Outer,1.418911386740679
Tailgating,462.0,226,203.0,person,Inner,1.8966008669381236
Tailgating,462.0,203,260.0,motorcycle,Inner,0.004786805627896866
Tailgating,462.0,33,31.0,person,Inner,0.7772286661642348
Tailgating,462.0,193,188.0,car,Outer,0.5513383052866602
Tailgating,462.0,188,268.0,car,Outer,1.8972827210317684
Tailgating,462.0,268,5.0,motorcycle,Outer,2.578748041288626
Tailgating,462.0,98,43.0,car,Outer,0.005351022502756491
Tailgating,462.0,247,265.0,motorcycle,Outer,0.03862527566292751
Tailgating,462.0,265,237.0,person,Outer,1.2992372418466132
Tailgating,462.0,237,213.0,motorcycle,Outer,0.601092035040805
Tailgating,462.0,213,231.0,person,Outer,1.459182531823315
Tailgating,463.0,226,203.0,person,Inner,1.894065370916469
Tailgating,463.0,203,260.0,motorcycle,Inner,0.033076328663739926
Tailgating,463.0,33,31.0,person,Inner,0.8133857797215629
Tailgating,463.0,193,188.0,car,Outer,0.6065837298311575
Tailgating,463.0,268,5.0,motorcycle,Outer,2.536446109386956
Tailgating,463.0,43,98.0,car,Outer,0.007961469364590364
Tailgating,463.0,247,213.0,motorcycle,Outer,1.950839969990521
Tailgating,463.0,213,231.0,person,Outer,1.521573607448947
Tailgating,464.0,226,203.0,person,Inner,1.8937243693007624
Tailgating,464.0,203,260.0,motorcycle,Inner,0.04946326519690195
Tailgating,464.0,260,254.0,motorcycle,Inner,3.287695802718354
Tailgating,464.0,193,188.0,car,Outer,0.7024938383329385
Tailgating,464.0,188,268.0,car,Outer,1.911517653863032
Tailgating,464.0,268,5.0,motorcycle,Outer,2.4977629625634363
Tailgating,464.0,247,213.0,motorcycle,Outer,1.841437769109198
Tailgating,464.0,213,231.0,person,Outer,1.5944901535141698
Tailgating,465.0,226,203.0,person,Inner,1.8946498661178597
Tailgating,465.0,203,260.0,motorcycle,Inner,0.05708569330879893
Tailgating,465.0,260,254.0,motorcycle,Inner,3.3321404647305153
Tailgating,465.0,193,188.0,car,Outer,0.8181399480598486
Tailgating,465.0,188,268.0,car,Outer,1.8775866762842228
Tailgating,465.0,268,5.0,motorcycle,Outer,2.460677964124318
Tailgating,465.0,247,213.0,motorcycle,Outer,1.7237910995000627
Tailgating,465.0,213,231.0,person,Outer,1.6737686578421032
Tailgating,466.0,252,226.0,person,Inner,1.3630610033218142
Tailgating,466.0,226,203.0,person,Inner,1.8953365639410569
Tailgating,466.0,260,254.0,motorcycle,Inner,3.3805478256546992
Tailgating,466.0,193,188.0,car,Outer,0.920562351045457
Tailgating,466.0,188,268.0,car,Outer,1.8519132422240159
Tailgating,466.0,268,5.0,motorcycle,Outer,2.4282354582736994
Tailgating,466.0,247,213.0,motorcycle,Outer,1.6298606475817263
Tailgating,466.0,213,231.0,person,Outer,1.7351922558790631
Tailgating,467.0,252,226.0,person,Inner,1.2865868992976368
Tailgating,467.0,226,203.0,person,Inner,1.8987454924537925
Tailgating,467.0,260,254.0,motorcycle,Inner,3.4259274403695827
Tailgating,467.0,193,188.0,car,Outer,1.0078552979675326
Tailgating,467.0,188,268.0,car,Outer,1.8388794034806248
Tailgating,467.0,268,5.0,motorcycle,Outer,2.397020851821663
Tailgating,467.0,247,213.0,motorcycle,Outer,1.560435914423611
Tailgating,467.0,213,231.0,person,Outer,1.7767456907892345
Tailgating,468.0,250,252.0,motorcycle,Inner,0.07680309673532514
Tailgating,468.0,252,226.0,person,Inner,1.2189269367281261
Tailgating,468.0,226,203.0,person,Inner,1.9024750671107087
Tailgating,468.0,260,254.0,motorcycle,Inner,3.4728672798986726
Tailgating,468.0,193,188.0,car,Outer,1.0774189336283087
Tailgating,468.0,188,268.0,car,Outer,1.833937228469332
Tailgating,468.0,268,5.0,motorcycle,Outer,2.3684291089402225
Tailgating,468.0,247,213.0,motorcycle,Outer,1.5104729630156486
Tailgating,468.0,213,90.0,person,Outer,1.8582844673763503
Tailgating,468.0,231,86.0,car,Outer,0.5259091229616013
Tailgating,469.0,250,252.0,motorcycle,Inner,0.07979236933875782
Tailgating,469.0,252,226.0,person,Inner,1.150447693362908
Tailgating,469.0,226,203.0,person,Inner,1.9055992433373956
Tailgating,469.0,260,254.0,motorcycle,Inner,3.5220368703195106
Tailgating,469.0,237,213.0,motorcycle,Inner,0.07279293334732462
Tailgating,469.0,193,188.0,car,Outer,1.1483120429693505
Tailgating,469.0,188,268.0,car,Outer,1.8277933680569838
Tailgating,469.0,247,90.0,motorcycle,Outer,3.783327975771193
Tailgating,469.0,231,86.0,car,Outer,0.364639145646822
Tailgating,470.0,250,252.0,motorcycle,Inner,0.06045738348354587
Tailgating,470.0,252,226.0,person,Inner,1.0786291357146267
Tailgating,470.0,226,203.0,person,Inner,1.9091088290238505
Tailgating,470.0,260,254.0,motorcycle,Inner,3.571735589346496
Tailgating,470.0,237,213.0,motorcycle,Inner,0.03701151754666835
Tailgating,470.0,33,31.0,person,Inner,0.7874322930394396
Tailgating,470.0,193,188.0,car,Outer,1.1892531425644897
Tailgating,470.0,43,98.0,car,Outer,0.20362008076694327
Tailgating,470.0,247,90.0,motorcycle,Outer,3.7627447341347864
Tailgating,470.0,231,86.0,car,Outer,0.18890846405757164
Tailgating,471.0,250,252.0,motorcycle,Inner,0.05162626043504875
Tailgating,471.0,252,226.0,person,Inner,1.001534049921433
Tailgating,471.0,226,203.0,person,Inner,1.9130479007402914
Tailgating,471.0,260,254.0,motorcycle,Inner,3.6154575610555124
Tailgating,471.0,237,213.0,motorcycle,Inner,0.014702863145992692
Tailgating,471.0,33,31.0,person,Inner,0.7772445665814214
Tailgating,471.0,193,188.0,car,Outer,1.2119258871332383
Tailgating,471.0,43,98.0,car,Outer,0.21151377020719714
Tailgating,471.0,247,90.0,motorcycle,Outer,3.7402625544475714
Tailgating,471.0,231,86.0,car,Outer,0.0068206665673885124
Tailgating,472.0,250,252.0,motorcycle,Inner,0.04932007514550005
Tailgating,472.0,252,226.0,person,Inner,0.9246646041355611
Tailgating,472.0,226,203.0,person,Inner,1.9175352403859935
Tailgating,472.0,260,254.0,motorcycle,Inner,3.6546989141864565
Tailgating,472.0,237,213.0,motorcycle,Inner,0.010275637955981977
Tailgating,472.0,33,31.0,person,Inner,0.7694024973746404
Tailgating,472.0,193,188.0,car,Outer,1.2284042867182958
Tailgating,472.0,188,268.0,car,Outer,1.9448683766146564
Tailgating,472.0,43,98.0,car,Outer,0.214757534167067
Tailgating,472.0,247,90.0,motorcycle,Outer,3.7171762366104435
Tailgating,473.0,250,252.0,motorcycle,Inner,0.05334527933052232
Tailgating,473.0,252,226.0,person,Inner,0.8471465537077917
Tailgating,473.0,226,203.0,person,Inner,1.9227058580820306
Tailgating,473.0,260,254.0,motorcycle,Inner,3.6929613962028354
Tailgating,473.0,237,213.0,motorcycle,Inner,0.015436039569093998
Tailgating,473.0,33,31.0,person,Inner,0.7639017387419229
Tailgating,473.0,193,188.0,car,Outer,1.2602785605517601
Tailgating,473.0,43,98.0,car,Outer,0.21690779848386113
Tailgating,473.0,247,90.0,motorcycle,Outer,3.692776177610113
Tailgating,474.0,250,252.0,motorcycle,Inner,0.05671640739241264
Tailgating,474.0,252,226.0,person,Inner,0.7665217962568582
Tailgating,474.0,226,203.0,person,Inner,1.9289310325707214
Tailgating,474.0,237,213.0,motorcycle,Inner,0.027172798066380014
Tailgating,474.0,193,188.0,car,Outer,1.3066076786934548
Tailgating,474.0,43,98.0,car,Outer,0.22173319161938645
Tailgating,474.0,247,90.0,motorcycle,Outer,3.6690846340242547
Tailgating,475.0,250,252.0,motorcycle,Inner,0.058926554177411807
Tailgating,475.0,252,226.0,person,Inner,0.6845475750855631
Tailgating,475.0,226,203.0,person,Inner,1.935736862599027
Tailgating,475.0,237,213.0,motorcycle,Inner,0.04483410752545647
Tailgating,475.0,193,188.0,car,Outer,1.3618079040877453
Tailgating,475.0,43,98.0,car,Outer,0.2293678726861543
Tailgating,475.0,98,273.0,car,Outer,3.9701455267276584
Tailgating,475.0,247,90.0,motorcycle,Outer,3.6459164125044037
Tailgating,476.0,250,252.0,motorcycle,Inner,0.05776437891573333
Tailgating,476.0,252,226.0,person,Inner,0.6046494981995435
Tailgating,476.0,226,203.0,person,Inner,1.9432157192233985
Tailgating,476.0,237,213.0,motorcycle,Inner,0.06824673166849629
Tailgating,476.0,193,188.0,car,Outer,1.4225459436569479
Tailgating,476.0,268,5.0,motorcycle,Outer,2.183190008501443
Tailgating,476.0,43,98.0,car,Outer,0.236018127831238
Tailgating,476.0,98,273.0,car,Outer,3.9262322000658942
Tailgating,476.0,273,272.0,motorcycle,Outer,1.1008414686332157
Tailgating,476.0,247,90.0,motorcycle,Outer,3.6248687205217887
Tailgating,477.0,250,252.0,motorcycle,Inner,0.05284401527014868
Tailgating,477.0,252,226.0,person,Inner,0.5284623237280169
Tailgating,477.0,226,203.0,person,Inner,1.9497191435050152
Tailgating,477.0,203,260.0,motorcycle,Inner,0.14013003856356693
Tailgating,477.0,237,213.0,motorcycle,Inner,0.09072547004014526
Tailgating,477.0,193,188.0,car,Outer,1.4888248201446839
Tailgating,477.0,268,5.0,motorcycle,Outer,2.1491325685468214
Tailgating,477.0,43,98.0,car,Outer,0.22082560183159275
Tailgating,477.0,98,273.0,car,Outer,3.887719169446209
Tailgating,477.0,273,272.0,motorcycle,Outer,1.098354901191796
Tailgating,477.0,247,90.0,motorcycle,Outer,3.6035976489915607
Tailgating,478.0,250,252.0,motorcycle,Inner,0.04552671723141699
Tailgating,478.0,252,226.0,person,Inner,0.46261110534397143
Tailgating,478.0,226,203.0,person,Inner,1.955238569337482
Tailgating,478.0,237,213.0,motorcycle,Inner,0.11275622934641334
Tailgating,478.0,193,188.0,car,Outer,1.544474189123465
Tailgating,478.0,268,5.0,motorcycle,Outer,2.112444703626898
Tailgating,478.0,43,98.0,car,Outer,0.19776326817495773
Tailgating,478.0,98,273.0,car,Outer,3.8534937795524584
Tailgating,478.0,247,90.0,motorcycle,Outer,3.584309341676129
Tailgating,479.0,250,252.0,motorcycle,Inner,0.038986452811759734
Tailgating,479.0,252,226.0,person,Inner,0.389977909054596
Tailgating,479.0,226,203.0,person,Inner,1.9619173109682855
Tailgating,479.0,237,213.0,motorcycle,Inner,0.1141755892193118
Tailgating,479.0,193,188.0,car,Outer,1.5987220915620688
Tailgating,479.0,268,5.0,motorcycle,Outer,2.0717481645128766
Tailgating,479.0,43,98.0,car,Outer,0.17469068211728506
Tailgating,479.0,98,273.0,car,Outer,3.8232662134660567
Tailgating,479.0,247,90.0,motorcycle,Outer,3.563992523473739
Tailgating,479.0,53,24.0,person,Outer,1.366560488524724
Tailgating,480.0,250,252.0,motorcycle,Inner,0.031022678041269614
Tailgating,480.0,252,226.0,person,Inner,0.312056181645908
Tailgating,480.0,226,203.0,person,Inner,1.9713444851555997
Tailgating,480.0,237,213.0,motorcycle,Inner,0.10512564455598344
Tailgating,480.0,193,188.0,car,Outer,1.6574747500413138
Tailgating,480.0,268,5.0,motorcycle,Outer,2.0279281982945703
Tailgating,480.0,43,98.0,car,Outer,0.14818547853081007
Tailgating,480.0,98,273.0,car,Outer,3.7986950222450147
Tailgating,480.0,247,90.0,motorcycle,Outer,3.541429784841288
Tailgating,480.0,53,24.0,person,Outer,1.3159996963448835
Tailgating,481.0,250,252.0,motorcycle,Inner,0.025292498894362456
Tailgating,481.0,252,226.0,person,Inner,0.23371519490105694
Tailgating,481.0,226,203.0,person,Inner,1.9821932878978465
Tailgating,481.0,237,213.0,motorcycle,Inner,0.08931000251270581
Tailgating,481.0,193,188.0,car,Outer,1.726622539519895
Tailgating,481.0,268,5.0,motorcycle,Outer,1.9910788904165193
Tailgating,481.0,43,98.0,car,Outer,0.11744984957499495
Tailgating,481.0,273,272.0,motorcycle,Outer,1.084834573672552
Tailgating,481.0,247,90.0,motorcycle,Outer,3.519460528604395
Tailgating,481.0,2,60.0,car,Outer,0.07730357765155325
Tailgating,481.0,53,24.0,person,Outer,1.2656675407946856
Tailgating,482.0,250,252.0,motorcycle,Inner,0.021780037487495744
Tailgating,482.0,252,226.0,person,Inner,0.15465732266603377
Tailgating,482.0,226,203.0,person,Inner,1.994085759768547
Tailgating,482.0,237,213.0,motorcycle,Inner,0.06711482622316238
Tailgating,482.0,213,56.0,person,Inner,3.9883525216991074
Tailgating,482.0,193,188.0,car,Outer,1.8022651210979916
Tailgating,482.0,188,268.0,car,Outer,2.141363761776659
Tailgating,482.0,268,5.0,motorcycle,Outer,1.9618768195163767
Tailgating,482.0,43,98.0,car,Outer,0.09037002457791063
Tailgating,482.0,273,272.0,motorcycle,Outer,1.079881563160094
Tailgating,482.0,247,90.0,motorcycle,Outer,3.4973671829112347
Tailgating,482.0,2,60.0,car,Outer,0.2663043638771647
Tailgating,482.0,53,24.0,person,Outer,1.2163764114356015
Tailgating,483.0,250,252.0,motorcycle,Inner,0.019813208582108006
Tailgating,483.0,252,226.0,person,Inner,0.07200990545401935
Tailgating,483.0,226,203.0,person,Inner,2.007305691850048
Tailgating,483.0,237,213.0,motorcycle,Inner,0.042288260689896814
Tailgating,483.0,213,56.0,person,Inner,3.9651596059480747
Tailgating,483.0,193,188.0,car,Outer,1.8756811699522937
Tailgating,483.0,188,268.0,car,Outer,2.1365881979809664
Tailgating,483.0,43,98.0,car,Outer,0.07022317650137182
Tailgating,483.0,273,272.0,motorcycle,Outer,1.0743264239814678
Tailgating,483.0,247,90.0,motorcycle,Outer,3.470795251649674
Tailgating,483.0,2,60.0,car,Outer,0.49888624369535317
Tailgating,483.0,53,24.0,person,Outer,1.1662894926235334
Tailgating,484.0,250,226.0,motorcycle,Inner,0.009436641203974723
Tailgating,484.0,226,252.0,person,Inner,0.013329957013728482
Tailgating,484.0,252,203.0,person,Inner,1.8279648960205572
Tailgating,484.0,237,213.0,motorcycle,Inner,0.02064952914790434
Tailgating,484.0,213,56.0,person,Inner,3.932769986205019
Tailgating,484.0,193,188.0,car,Outer,1.970401955717533
Tailgating,484.0,188,268.0,car,Outer,2.1135780910716693
Tailgating,484.0,273,272.0,motorcycle,Outer,1.0725716669553347
Tailgating,484.0,247,90.0,motorcycle,Outer,3.4417879006692744
Tailgating,484.0,2,60.0,car,Outer,0.7560211552512498
Tailgating,484.0,53,24.0,person,Outer,1.1160522961863104
Tailgating,485.0,226,250.0,person,Inner,0.07401568837387364
Tailgating,485.0,250,252.0,motorcycle,Inner,0.023679709837813673
Tailgating,485.0,252,203.0,person,Inner,1.7672457565545368
Tailgating,485.0,237,213.0,motorcycle,Inner,0.0011116373176189105
Tailgating,485.0,213,56.0,person,Inner,3.8945215223120115
Tailgating,485.0,193,188.0,car,Outer,2.074104990132669
Tailgating,485.0,188,268.0,car,Outer,2.083931589832616
Tailgating,485.0,5,43.0,motorcycle,Outer,3.4500841294849085
Tailgating,485.0,273,272.0,motorcycle,Outer,1.0739293056690182
Tailgating,485.0,247,90.0,motorcycle,Outer,3.4115424784044652
Tailgating,485.0,2,60.0,car,Outer,1.026080442965107
Tailgating,485.0,53,24.0,person,Outer,1.0657954047320521
Tailgating,486.0,226,250.0,person,Inner,0.1541679108817059
Tailgating,486.0,250,252.0,motorcycle,Inner,0.025336494748712475
Tailgating,486.0,252,203.0,person,Inner,1.7116332994326562
Tailgating,486.0,213,237.0,person,Inner,0.005592676203414223
Tailgating,486.0,237,56.0,motorcycle,Inner,3.8365585308875976
Tailgating,486.0,193,188.0,car,Outer,2.1682450690060207
Tailgating,486.0,188,268.0,car,Outer,2.062992316930858
Tailgating,486.0,5,43.0,motorcycle,Outer,3.5199949206537062
Tailgating,486.0,43,98.0,car,Outer,0.05925825047850338
Tailgating,486.0,273,272.0,motorcycle,Outer,1.0701501646806075
Tailgating,486.0,247,90.0,motorcycle,Outer,3.380071037366432
Tailgating,486.0,2,60.0,car,Outer,1.3011126056612505
Tailgating,487.0,226,250.0,person,Inner,0.23222602450763724
Tailgating,487.0,250,252.0,motorcycle,Inner,0.023515233817446624
Tailgating,487.0,252,203.0,person,Inner,1.6607996071028406
Tailgating,487.0,213,237.0,person,Inner,0.004752843283613098
Tailgating,487.0,237,56.0,motorcycle,Inner,3.794644669984379
Tailgating,487.0,193,188.0,car,Outer,2.276604510552366
Tailgating,487.0,188,268.0,car,Outer,2.0295855408477825
Tailgating,487.0,5,43.0,motorcycle,Outer,3.6078543761762276
Tailgating,487.0,43,98.0,car,Outer,0.07360446681077912
Tailgating,487.0,98,273.0,car,Outer,3.6528266259561986
Tailgating,487.0,273,272.0,motorcycle,Outer,1.0651288335090898
Tailgating,487.0,247,90.0,motorcycle,Outer,3.3503084689860723
Tailgating,487.0,2,60.0,car,Outer,1.576820754726767
Tailgating,488.0,226,250.0,person,Inner,0.3003871212774656
Tailgating,488.0,250,252.0,motorcycle,Inner,0.021201958697214966
Tailgating,488.0,252,203.0,person,Inner,1.6165532699614553
Tailgating,488.0,237,213.0,motorcycle,Inner,0.0005310309789978169
Tailgating,488.0,213,56.0,person,Inner,3.7596521013898636
Tailgating,488.0,193,188.0,car,Outer,2.3768950522794046
Tailgating,488.0,188,268.0,car,Outer,1.9986276453910101
Tailgating,488.0,268,5.0,motorcycle,Outer,1.5991827026874668
Tailgating,488.0,5,43.0,motorcycle,Outer,3.7062675153747553
Tailgating,488.0,43,98.0,car,Outer,0.09273043327574577
Tailgating,488.0,98,273.0,car,Outer,3.6022638397319975
Tailgating,488.0,247,90.0,motorcycle,Outer,3.3219048469963854
Tailgating,488.0,2,60.0,car,Outer,1.7401963744217535
Tailgating,489.0,268,274.0,motorcycle,Inner,0.769888072502705
Tailgating,489.0,226,250.0,person,Inner,0.36799532176708594
Tailgating,489.0,250,252.0,motorcycle,Inner,0.019305472468950383
Tailgating,489.0,252,203.0,person,Inner,1.5711236552031758
Tailgating,489.0,237,213.0,motorcycle,Inner,0.007841645231268159
Tailgating,489.0,213,56.0,person,Inner,3.7056869941565815
Tailgating,489.0,193,188.0,car,Outer,2.480628702674625
Tailgating,489.0,188,5.0,car,Outer,3.9893710756350846
Tailgating,489.0,5,43.0,motorcycle,Outer,3.823322782861358
Tailgating,489.0,43,98.0,car,Outer,0.10602044240555406
Tailgating,489.0,98,273.0,car,Outer,3.5476893551244464
Tailgating,489.0,247,90.0,motorcycle,Outer,3.292296353135935
Tailgating,489.0,2,60.0,car,Outer,1.8305820532096482
Tailgating,490.0,268,274.0,motorcycle,Inner,0.7067388037923569
Tailgating,490.0,226,250.0,person,Inner,0.43458494170179107
Tailgating,490.0,250,252.0,motorcycle,Inner,0.02039515158902822
Tailgating,490.0,252,203.0,person,Inner,1.5235921246989284
Tailgating,490.0,237,213.0,motorcycle,Inner,0.014041136694283127
Tailgating,490.0,213,56.0,person,Inner,3.652491176602588
Tailgating,490.0,193,188.0,car,Outer,2.5891063488501596
Tailgating,490.0,188,5.0,car,Outer,3.8526531471389514
Tailgating,490.0,5,43.0,motorcycle,Outer,3.951547184942678
Tailgating,490.0,43,98.0,car,Outer,0.10171946598695224
Tailgating,490.0,98,273.0,car,Outer,3.502219930140668
Tailgating,490.0,247,90.0,motorcycle,Outer,3.2639958037691406
Tailgating,490.0,2,60.0,car,Outer,1.8757844434116278
Tailgating,491.0,268,274.0,motorcycle,Inner,0.6500577838249605
Tailgating,491.0,226,250.0,person,Inner,0.5048802222557316
Tailgating,491.0,250,252.0,motorcycle,Inner,0.01943114456895256
Tailgating,491.0,252,203.0,person,Inner,1.477062530268075
Tailgating,491.0,237,213.0,motorcycle,Inner,0.020090889017688195
Tailgating,491.0,213,56.0,person,Inner,3.6010322917469257
Tailgating,491.0,193,188.0,car,Outer,2.6656029476926517
Tailgating,491.0,188,5.0,car,Outer,3.7667490153649403
Tailgating,491.0,43,98.0,car,Outer,0.09950171797211771
Tailgating,491.0,98,273.0,car,Outer,3.4620994958675957
Tailgating,491.0,247,90.0,motorcycle,Outer,3.237332650701222
Tailgating,492.0,226,250.0,person,Inner,0.5787559000767935
Tailgating,492.0,250,252.0,motorcycle,Inner,0.01768174971669815
Tailgating,492.0,252,260.0,person,Inner,2.2193895310189604
Tailgating,492.0,237,213.0,motorcycle,Inner,0.026224745285620167
Tailgating,492.0,213,56.0,person,Inner,3.5506014046090058
Tailgating,492.0,193,188.0,car,Outer,2.7301563277588277
Tailgating,492.0,43,98.0,car,Outer,0.09934009906810719
Tailgating,492.0,98,273.0,car,Outer,3.424880862010245
Tailgating,492.0,247,90.0,motorcycle,Outer,3.213166891812972
Tailgating,493.0,226,250.0,person,Inner,0.6563574246524672
Tailgating,493.0,250,252.0,motorcycle,Inner,0.016408922144246725
Tailgating,493.0,252,260.0,person,Inner,2.1844170710833897
Tailgating,493.0,237,213.0,motorcycle,Inner,0.008224179703490502
Tailgating,493.0,213,56.0,person,Inner,3.550304591820729
Tailgating,493.0,193,188.0,car,Outer,2.8074475644727555
Tailgating,493.0,188,5.0,car,Outer,3.655530150694457
Tailgating,493.0,43,98.0,car,Outer,0.11124313149464338
Tailgating,493.0,98,273.0,car,Outer,3.3837712484306124
Tailgating,493.0,247,90.0,motorcycle,Outer,3.1892101452817423
Tailgating,494.0,226,250.0,person,Inner,0.7374244395648162
Tailgating,494.0,250,252.0,motorcycle,Inner,0.015647782123265768
Tailgating,494.0,252,260.0,person,Inner,2.1433338110147497
Tailgating,494.0,213,237.0,person,Inner,0.02609300808865951
Tailgating,494.0,237,56.0,motorcycle,Inner,3.481027961886635
Tailgating,494.0,43,98.0,car,Outer,0.10215843808402272
Tailgating,494.0,98,273.0,car,Outer,3.361452901217895
Tailgating,494.0,247,90.0,motorcycle,Outer,3.165283269366748
Tailgating,494.0,193,188.0,car,Outer,2.8719646797608935
Tailgating,495.0,226,274.0,person,Inner,0.0009258909902098418
Tailgating,495.0,274,250.0,motorcycle,Inner,0.8165384249602416
Tailgating,495.0,250,252.0,motorcycle,Inner,0.015365192665314827
Tailgating,495.0,252,260.0,person,Inner,2.0984865751811412
Tailgating,495.0,71,135.0,car,Inner,1.5540502473014104
Tailgating,495.0,213,237.0,person,Inner,0.07058120495176386
Tailgating,495.0,237,56.0,motorcycle,Inner,3.431100788549215
Tailgating,495.0,33,31.0,person,Inner,0.9785306955216165
Tailgating,495.0,43,98.0,car,Outer,0.08490525102072459
Tailgating,495.0,98,273.0,car,Outer,3.347384703004914
Tailgating,495.0,247,90.0,motorcycle,Outer,3.1412923790193106
Tailgating,495.0,193,188.0,car,Outer,2.931297671452198
Tailgating,496.0,226,274.0,person,Inner,0.007364381707818152
Tailgating,496.0,274,250.0,motorcycle,Inner,0.8923040708745648
Tailgating,496.0,250,252.0,motorcycle,Inner,0.015372283684554412
Tailgating,496.0,252,260.0,person,Inner,2.046323645859925
Tailgating,496.0,160,71.0,motorcycle,Inner,0.07465445795838116
Tailgating,496.0,71,135.0,car,Inner,1.5309686575674855
Tailgating,496.0,213,237.0,person,Inner,0.12337352519233508
Tailgating,496.0,237,56.0,motorcycle,Inner,3.3803138356939493
Tailgating,496.0,43,98.0,car,Outer,0.062058722482368794
Tailgating,496.0,98,273.0,car,Outer,3.336061143750557
Tailgating,496.0,247,90.0,motorcycle,Outer,3.116475787212243
Tailgating,497.0,226,274.0,person,Inner,0.018096335116535568
Tailgating,497.0,274,250.0,motorcycle,Inner,0.963697051431138
Tailgating,497.0,250,252.0,motorcycle,Inner,0.013405296732144786
Tailgating,497.0,252,260.0,person,Inner,1.9932668435130627
Tailgating,497.0,260,272.0,motorcycle,Inner,3.5849795032726064
Tailgating,497.0,71,135.0,car,Inner,1.5041717282606195
Tailgating,497.0,213,237.0,person,Inner,0.18163900125845375
Tailgating,497.0,237,56.0,motorcycle,Inner,3.329553486383238
Tailgating,497.0,33,31.0,person,Inner,1.0085640778692522
Tailgating,497.0,43,98.0,car,Outer,0.06292418056627976
Tailgating,497.0,98,273.0,car,Outer,3.308784278857491
Tailgating,497.0,247,90.0,motorcycle,Outer,3.092066373323549
Tailgating,498.0,226,274.0,person,Inner,0.028931746703386767
Tailgating,498.0,274,250.0,motorcycle,Inner,1.025012983994232
Tailgating,498.0,250,252.0,motorcycle,Inner,0.012336629830513523
Tailgating,498.0,252,260.0,person,Inner,1.9436898405714143
Tailgating,498.0,260,272.0,motorcycle,Inner,3.607796982662681
Tailgating,498.0,213,237.0,person,Inner,0.2448877736570464
Tailgating,498.0,237,56.0,motorcycle,Inner,3.281729062486939
Tailgating,498.0,43,98.0,car,Outer,0.07357210387512629
Tailgating,498.0,98,273.0,car,Outer,3.2785114929111447
Tailgating,498.0,247,90.0,motorcycle,Outer,3.0701172898354976
Tailgating,499.0,226,274.0,person,Inner,0.037136134839565856
Tailgating,499.0,274,250.0,motorcycle,Inner,1.1016697050610502
Tailgating,499.0,250,252.0,motorcycle,Inner,0.011875091853175295
Tailgating,499.0,252,260.0,person,Inner,1.8912176992752754
Tailgating,499.0,260,272.0,motorcycle,Inner,3.6339540362406364
Tailgating,499.0,213,237.0,person,Inner,0.31556660925420266
Tailgating,499.0,237,56.0,motorcycle,Inner,3.232443407561294
Tailgating,499.0,33,31.0,person,Inner,1.0324352809870623
Tailgating,499.0,43,98.0,car,Outer,0.0806540384494223
Tailgating,499.0,98,273.0,car,Outer,3.2502817665397954
Tailgating,499.0,247,90.0,motorcycle,Outer,3.0454964592863445
Tailgating,500.0,226,274.0,person,Inner,0.05132886053698962
Tailgating,500.0,274,250.0,motorcycle,Inner,1.1797593247343818
Tailgating,500.0,250,252.0,motorcycle,Inner,0.012286150754040224
Tailgating,500.0,252,260.0,person,Inner,1.8499805224378447
Tailgating,500.0,213,237.0,person,Inner,0.3718304140996806
Tailgating,500.0,237,56.0,motorcycle,Inner,3.18489508229267
Tailgating,500.0,43,98.0,car,Outer,0.07244111840933912
Tailgating,500.0,98,273.0,car,Outer,3.2326231317670073
Tailgating,500.0,247,90.0,motorcycle,Outer,3.020673663605463
Tailgating,501.0,226,268.0,person,Inner,5.452300195714251e-05
Tailgating,501.0,274,250.0,motorcycle,Inner,1.2531004872052574
Tailgating,501.0,250,252.0,motorcycle,Inner,0.012765696740152419
Tailgating,501.0,252,260.0,person,Inner,1.8192860796620347
Tailgating,501.0,273,272.0,motorcycle,Inner,0.981017569074432
Tailgating,501.0,237,56.0,motorcycle,Inner,3.134766337029639
Tailgating,501.0,247,90.0,motorcycle,Outer,2.9947580121148145
Tailgating,502.0,226,268.0,person,Inner,0.06800544164895186
Tailgating,502.0,274,250.0,motorcycle,Inner,1.3238729289211275
Tailgating,502.0,250,252.0,motorcycle,Inner,0.0129354565207227
Tailgating,502.0,252,260.0,person,Inner,1.7950794777916181
Tailgating,502.0,273,272.0,motorcycle,Inner,0.970322880237999
Tailgating,502.0,160,135.0,motorcycle,Inner,1.5704632591240273
Tailgating,502.0,237,56.0,motorcycle,Inner,3.082304041824274
Tailgating,502.0,247,90.0,motorcycle,Outer,2.9675527365123506
Tailgating,503.0,226,274.0,person,Inner,0.12803986650149
Tailgating,503.0,274,268.0,motorcycle,Inner,0.0019964379105553306
Tailgating,503.0,250,252.0,motorcycle,Inner,0.013568277722614338
Tailgating,503.0,252,260.0,person,Inner,1.7703289025749736
Tailgating,503.0,273,272.0,motorcycle,Inner,0.9678441281334387
Tailgating,503.0,160,71.0,motorcycle,Inner,0.12532739990340588
Tailgating,503.0,71,135.0,car,Inner,1.4485788091616936
Tailgating,503.0,237,56.0,motorcycle,Inner,3.028706410868718
Tailgating,503.0,33,31.0,person,Inner,1.0346312453638433
Tailgating,503.0,247,90.0,motorcycle,Outer,2.939117891573673
Tailgating,504.0,226,274.0,person,Inner,0.1705467678681024
Tailgating,504.0,274,268.0,motorcycle,Inner,0.026309093047655687
Tailgating,504.0,250,252.0,motorcycle,Inner,0.01301982890169701
Tailgating,504.0,252,260.0,person,Inner,1.744940857783327
Tailgating,504.0,273,272.0,motorcycle,Inner,0.9681448556288915
Tailgating,504.0,71,135.0,car,Inner,1.4797385061917274
Tailgating,504.0,237,56.0,motorcycle,Inner,2.9759020096558317
Tailgating,504.0,33,31.0,person,Inner,1.0308660811628358
Tailgating,504.0,247,90.0,motorcycle,Outer,2.908900033440784
Tailgating,505.0,226,274.0,person,Inner,0.2176013896259719
Tailgating,505.0,274,268.0,motorcycle,Inner,0.04536301553499215
Tailgating,505.0,250,252.0,motorcycle,Inner,0.012172803435352776
Tailgating,505.0,252,260.0,person,Inner,1.7171420096133572
Tailgating,505.0,273,272.0,motorcycle,Inner,0.9697530820789003
Tailgating,505.0,71,135.0,car,Inner,1.5154848636729692
Tailgating,505.0,237,56.0,motorcycle,Inner,2.9248908639054227
Tailgating,505.0,33,31.0,person,Inner,1.0267033113216608
Tailgating,505.0,247,90.0,motorcycle,Outer,2.8772251535079727
Tailgating,506.0,226,274.0,person,Inner,0.27061917203778685
Tailgating,506.0,274,268.0,motorcycle,Inner,0.05523602791409253
Tailgating,506.0,250,252.0,motorcycle,Inner,0.009722288731071567
Tailgating,506.0,252,260.0,person,Inner,1.6914047959901422
Tailgating,506.0,273,272.0,motorcycle,Inner,0.9723068745989109
Tailgating,506.0,160,71.0,motorcycle,Inner,0.10426854568158213
Tailgating,506.0,71,135.0,car,Inner,1.5511567406947573
Tailgating,506.0,237,56.0,motorcycle,Inner,2.8729931768850445
Tailgating,506.0,33,9.0,person,Inner,1.4155615634061922
Tailgating,506.0,247,90.0,motorcycle,Outer,2.8452851724668897
Tailgating,507.0,226,274.0,person,Inner,0.32950236927593385
Tailgating,507.0,274,268.0,motorcycle,Inner,0.05990624640513176
Tailgating,507.0,250,252.0,motorcycle,Inner,0.005804638404716579
Tailgating,507.0,252,260.0,person,Inner,1.6658501751686592
Tailgating,507.0,273,272.0,motorcycle,Inner,0.9748345457260655
Tailgating,507.0,237,56.0,motorcycle,Inner,2.8215859056192554
Tailgating,507.0,247,90.0,motorcycle,Outer,2.8119481542825215
Tailgating,508.0,226,274.0,person,Inner,0.3881042054133453
Tailgating,508.0,274,268.0,motorcycle,Inner,0.05973591272662008
Tailgating,508.0,250,252.0,motorcycle,Inner,0.003471815227658737
Tailgating,508.0,252,260.0,person,Inner,1.6381178567544306
Tailgating,508.0,273,272.0,motorcycle,Inner,0.9765209165714389
Tailgating,508.0,237,56.0,motorcycle,Inner,2.7759334892041445
Tailgating,508.0,247,90.0,motorcycle,Outer,2.781786057478433
Tailgating,509.0,226,274.0,person,Inner,0.45181719245851465
Tailgating,509.0,250,252.0,motorcycle,Inner,0.001772237995581433
Tailgating,509.0,252,260.0,person,Inner,1.597328373098053
Tailgating,509.0,260,273.0,motorcycle,Inner,2.903827257171572
Tailgating,509.0,273,272.0,motorcycle,Inner,0.9768260472339961
Tailgating,509.0,237,56.0,motorcycle,Inner,2.732639029495219
Tailgating,509.0,247,90.0,motorcycle,Outer,2.7482926568170227
Tailgating,510.0,226,274.0,person,Inner,0.5177365643223032
Tailgating,510.0,274,268.0,motorcycle,Inner,0.0537054387375509
Tailgating,510.0,252,250.0,person,Inner,0.0011734502329683934
Tailgating,510.0,250,260.0,motorcycle,Inner,1.5573652071192439
Tailgating,510.0,273,272.0,motorcycle,Inner,0.9734883921370433
Tailgating,510.0,237,56.0,motorcycle,Inner,2.689811114311285
Tailgating,510.0,247,90.0,motorcycle,Outer,2.7128835975736894
Tailgating,511.0,226,274.0,person,Inner,0.5888702328237349
Tailgating,511.0,274,268.0,motorcycle,Inner,0.04909552111437979
Tailgating,511.0,252,250.0,person,Inner,0.0037140572299174937
Tailgating,511.0,250,260.0,motorcycle,Inner,1.5211011351123735
Tailgating,511.0,273,272.0,motorcycle,Inner,0.9709922093241985
Tailgating,511.0,204,180.0,motorcycle,Inner,0.6076348215213305
Tailgating,511.0,237,56.0,motorcycle,Inner,2.645989815621879
Tailgating,511.0,247,90.0,motorcycle,Outer,2.6759630542387325
Tailgating,512.0,226,274.0,person,Inner,0.662436629710241
Tailgating,512.0,274,268.0,motorcycle,Inner,0.044087445534370884
Tailgating,512.0,252,250.0,person,Inner,0.004812717563259084
Tailgating,512.0,250,260.0,motorcycle,Inner,1.4885181342354128
Tailgating,512.0,273,272.0,motorcycle,Inner,0.9687004665641462
Tailgating,512.0,204,180.0,motorcycle,Inner,0.5886153572453545
Tailgating,512.0,247,213.0,motorcycle,Inner,1.5638717531742725
Tailgating,512.0,237,56.0,motorcycle,Inner,2.6002415668095296
Tailgating,513.0,226,274.0,person,Inner,0.7370222183426361
Tailgating,513.0,274,268.0,motorcycle,Inner,0.03925359743923804
Tailgating,513.0,252,250.0,person,Inner,0.004920088982894556
Tailgating,513.0,250,260.0,motorcycle,Inner,1.4585068391704787
Tailgating,513.0,273,272.0,motorcycle,Inner,0.96734323522737
Tailgating,513.0,247,213.0,motorcycle,Inner,1.536370702452973
Tailgating,513.0,237,56.0,motorcycle,Inner,2.5540332358001683
Tailgating,514.0,226,274.0,person,Inner,0.8112782845705837
Tailgating,514.0,274,268.0,motorcycle,Inner,0.03444587777128948
Tailgating,514.0,252,250.0,person,Inner,0.004221561168772242
Tailgating,514.0,250,260.0,motorcycle,Inner,1.421719703776615
Tailgating,514.0,260,273.0,motorcycle,Inner,2.991485339928487
Tailgating,514.0,273,272.0,motorcycle,Inner,0.965268131271362
Tailgating,514.0,247,213.0,motorcycle,Inner,1.4974373009751918
Tailgating,514.0,237,56.0,motorcycle,Inner,2.504647254562337
Tailgating,515.0,226,274.0,person,Inner,0.884628326003727
Tailgating,515.0,274,268.0,motorcycle,Inner,0.030043745615186808
Tailgating,515.0,252,250.0,person,Inner,0.0038694807293151627
Tailgating,515.0,250,260.0,motorcycle,Inner,1.3827298764552278
Tailgating,515.0,260,273.0,motorcycle,Inner,3.0151066479325017
Tailgating,515.0,273,272.0,motorcycle,Inner,0.9611620872593124
Tailgating,515.0,247,213.0,motorcycle,Inner,1.4517468491802021
Tailgating,515.0,237,56.0,motorcycle,Inner,2.456456790784478
Tailgating,516.0,226,274.0,person,Inner,0.9590963872196765
Tailgating,516.0,274,268.0,motorcycle,Inner,0.02540587945894686
Tailgating,516.0,252,250.0,person,Inner,0.0034714017769848318
Tailgating,516.0,250,260.0,motorcycle,Inner,1.3542926723373667
Tailgating,516.0,273,272.0,motorcycle,Inner,0.9591365549493341
Tailgating,516.0,71,135.0,car,Inner,1.5101461678895725
Tailgating,516.0,247,213.0,motorcycle,Inner,1.4114715083143299
Tailgating,516.0,237,56.0,motorcycle,Inner,2.4020459881874148
Tailgating,517.0,226,274.0,person,Inner,1.034268539160717
Tailgating,517.0,274,268.0,motorcycle,Inner,0.022116086359324903
Tailgating,517.0,252,250.0,person,Inner,0.0032262569857542207
Tailgating,517.0,250,260.0,motorcycle,Inner,1.3289091019469668
Tailgating,517.0,273,272.0,motorcycle,Inner,0.9577681491606467
Tailgating,517.0,71,135.0,car,Inner,1.5398102674187433
Tailgating,517.0,44,204.0,motorcycle,Inner,3.607979930818128
Tailgating,517.0,247,213.0,motorcycle,Inner,1.3671560912766527
Tailgating,517.0,213,237.0,person,Inner,1.159592648498463
Tailgating,517.0,237,56.0,motorcycle,Inner,2.3495886930531373
Tailgating,517.0,55,262.0,car,Outer,1.4266450865422544
Tailgating,518.0,226,274.0,person,Inner,1.1023924204495634
Tailgating,518.0,274,268.0,motorcycle,Inner,0.019829420388729216
Tailgating,518.0,252,250.0,person,Inner,0.001499759216966725
Tailgating,518.0,250,260.0,motorcycle,Inner,1.3087032717444547
Tailgating,518.0,273,272.0,motorcycle,Inner,0.9565601834278274
Tailgating,518.0,44,204.0,motorcycle,Inner,3.6236913658856373
Tailgating,518.0,247,213.0,motorcycle,Inner,1.332191191777825
Tailgating,518.0,213,237.0,person,Inner,1.2051735386938418
Tailgating,518.0,237,56.0,motorcycle,Inner,2.3035833017186533
Tailgating,518.0,55,262.0,car,Outer,1.4699049524958172
Tailgating,519.0,226,274.0,person,Inner,1.172831315351093
Tailgating,519.0,274,268.0,motorcycle,Inner,0.018174079099548816
Tailgating,519.0,252,250.0,person,Inner,0.0004059932748079539
Tailgating,519.0,250,260.0,motorcycle,Inner,1.3042799369009415
Tailgating,519.0,273,272.0,motorcycle,Inner,0.9547956036499583
Tailgating,519.0,272,284.0,motorcycle,Inner,0.0659116212296233
Tailgating,519.0,135,44.0,motorcycle,Inner,0.271664413286404
Tailgating,519.0,44,204.0,motorcycle,Inner,3.6402187435257622
Tailgating,519.0,247,213.0,motorcycle,Inner,1.299512298340971
Tailgating,519.0,213,237.0,person,Inner,1.2508718911404249
Tailgating,519.0,237,56.0,motorcycle,Inner,2.253616365954797
Tailgating,519.0,55,262.0,car,Outer,1.5180587511930257
Tailgating,520.0,226,274.0,person,Inner,1.246361862242641
Tailgating,520.0,250,252.0,motorcycle,Inner,0.00024422135660493214
Tailgating,520.0,252,260.0,person,Inner,1.3047562238134416
Tailgating,520.0,273,272.0,motorcycle,Inner,0.9519655978868709
Tailgating,520.0,272,284.0,motorcycle,Inner,0.05820749539933043
Tailgating,520.0,135,44.0,motorcycle,Inner,0.36271447628801196
Tailgating,520.0,44,204.0,motorcycle,Inner,3.6705276874533412
Tailgating,520.0,247,213.0,motorcycle,Inner,1.268663245785546
Tailgating,520.0,213,237.0,person,Inner,1.2958083401733373
Tailgating,520.0,237,56.0,motorcycle,Inner,2.203326064981558
Tailgating,520.0,55,262.0,car,Outer,1.5674613097350263
Tailgating,521.0,226,274.0,person,Inner,1.322212888981681
Tailgating,521.0,250,252.0,motorcycle,Inner,0.010139257382587223
Tailgating,521.0,252,260.0,person,Inner,1.2956091206083804
Tailgating,521.0,273,272.0,motorcycle,Inner,0.9472220942197958
Tailgating,521.0,272,284.0,motorcycle,Inner,0.05473610069807043
Tailgating,521.0,135,44.0,motorcycle,Inner,0.46100931667542433
Tailgating,521.0,44,204.0,motorcycle,Inner,3.706684371567569
Tailgating,521.0,247,213.0,motorcycle,Inner,1.2410012510257495
Tailgating,521.0,213,237.0,person,Inner,1.3430480103973135
Tailgating,521.0,237,56.0,motorcycle,Inner,2.1506379915590297
Tailgating,521.0,55,262.0,car,Outer,1.6181255466620736
Tailgating,522.0,226,274.0,person,Inner,1.3988873611859678
Tailgating,522.0,250,252.0,motorcycle,Inner,0.0279342414080221
Tailgating,522.0,252,260.0,person,Inner,1.2779420512840143
Tailgating,522.0,273,272.0,motorcycle,Inner,0.9434011143951806
Tailgating,522.0,272,284.0,motorcycle,Inner,0.045371911490005204
Tailgating,522.0,135,44.0,motorcycle,Inner,0.5539343596095451
Tailgating,522.0,44,204.0,motorcycle,Inner,3.746284272483858
Tailgating,522.0,247,213.0,motorcycle,Inner,1.215434723169179
Tailgating,522.0,237,56.0,motorcycle,Inner,2.0965186589251035
Tailgating,522.0,55,262.0,car,Outer,1.6689633968799629
Tailgating,523.0,226,274.0,person,Inner,1.474064083013762
Tailgating,523.0,250,252.0,motorcycle,Inner,0.05091850469054839
Tailgating,523.0,252,260.0,person,Inner,1.2538691684343732
Tailgating,523.0,273,272.0,motorcycle,Inner,0.9397966448906077
Tailgating,523.0,272,284.0,motorcycle,Inner,0.03454660174226217
Tailgating,523.0,135,44.0,motorcycle,Inner,0.6664037614966055
Tailgating,523.0,44,204.0,motorcycle,Inner,3.77558100992937
Tailgating,523.0,247,213.0,motorcycle,Inner,1.1926055123376855
Tailgating,523.0,237,56.0,motorcycle,Inner,2.0439603728282942
Tailgating,523.0,55,262.0,car,Outer,1.7195583316687049
Tailgating,524.0,226,274.0,person,Inner,1.5472863496348197
Tailgating,524.0,250,252.0,motorcycle,Inner,0.06400035875742087
Tailgating,524.0,252,260.0,person,Inner,1.2428343761679188
Tailgating,524.0,273,272.0,motorcycle,Inner,0.9372606046933676
Tailgating,524.0,272,284.0,motorcycle,Inner,0.024815534724610018
Tailgating,524.0,135,44.0,motorcycle,Inner,0.779057773339161
Tailgating,524.0,44,204.0,motorcycle,Inner,3.8107691542343747
Tailgating,524.0,247,213.0,motorcycle,Inner,1.1692505354685223
Tailgating,524.0,237,56.0,motorcycle,Inner,1.9866345673699133
Tailgating,525.0,226,274.0,person,Inner,1.6195759118525914
Tailgating,525.0,250,252.0,motorcycle,Inner,0.07194947402430771
Tailgating,525.0,252,260.0,person,Inner,1.2386026856564987
Tailgating,525.0,273,272.0,motorcycle,Inner,0.9349995661157113
Tailgating,525.0,272,284.0,motorcycle,Inner,0.014336141467608645
Tailgating,525.0,135,44.0,motorcycle,Inner,0.8921620024986072
Tailgating,525.0,44,204.0,motorcycle,Inner,3.8496097556899134
Tailgating,525.0,247,213.0,motorcycle,Inner,1.1455429734080016
Tailgating,525.0,237,56.0,motorcycle,Inner,1.9263720779428486
Tailgating,526.0,226,274.0,person,Inner,1.6913315726901683
Tailgating,526.0,250,260.0,motorcycle,Inner,1.2927497798391467
Tailgating,526.0,273,272.0,motorcycle,Inner,0.9330646603838156
Tailgating,526.0,272,284.0,motorcycle,Inner,0.015137522345219836
Tailgating,526.0,135,44.0,motorcycle,Inner,0.980617961892459
Tailgating,526.0,44,204.0,motorcycle,Inner,3.8908555794566424
Tailgating,526.0,247,213.0,motorcycle,Inner,1.1198161096433095
Tailgating,526.0,237,56.0,motorcycle,Inner,1.8670211898497397
Tailgating,527.0,226,274.0,person,Inner,1.7610888620733034
Tailgating,527.0,250,260.0,motorcycle,Inner,1.2506852183859185
Tailgating,527.0,260,283.0,motorcycle,Inner,1.0324031114459296
Tailgating,527.0,273,272.0,motorcycle,Inner,0.9316579129775262
Tailgating,527.0,272,284.0,motorcycle,Inner,0.015709876407065917
Tailgating,527.0,44,204.0,motorcycle,Inner,3.9472700474523172
Tailgating,527.0,247,213.0,motorcycle,Inner,1.0924450183483194
Tailgating,527.0,237,56.0,motorcycle,Inner,1.8050729212685697
Tailgating,528.0,226,274.0,person,Inner,1.8226823977993007
Tailgating,528.0,250,260.0,motorcycle,Inner,1.201293740774086
Tailgating,528.0,260,283.0,motorcycle,Inner,1.0624891482682262
Tailgating,528.0,273,272.0,motorcycle,Inner,0.9338639377238512
Tailgating,528.0,272,284.0,motorcycle,Inner,0.01188718177958545
Tailgating,528.0,247,213.0,motorcycle,Inner,1.0657912741439581
Tailgating,528.0,237,56.0,motorcycle,Inner,1.7488998993300362
Tailgating,529.0,226,274.0,person,Inner,1.8852007411178342
Tailgating,529.0,250,260.0,motorcycle,Inner,1.147115101790982
Tailgating,529.0,260,283.0,motorcycle,Inner,1.0922125919396362
Tailgating,529.0,273,272.0,motorcycle,Inner,0.9371710789382093
Tailgating,529.0,272,284.0,motorcycle,Inner,0.006181326143448095
Tailgating,529.0,135,44.0,motorcycle,Inner,1.0476058666370636
Tailgating,529.0,247,213.0,motorcycle,Inner,1.0402991421666334
Tailgating,529.0,237,56.0,motorcycle,Inner,1.6944132686623363
Tailgating,530.0,226,274.0,person,Inner,1.9488946262595181
Tailgating,530.0,250,260.0,motorcycle,Inner,1.084234415397845
Tailgating,530.0,260,283.0,motorcycle,Inner,1.1253490679058364
Tailgating,530.0,273,272.0,motorcycle,Inner,0.9355135916480475
Tailgating,530.0,272,284.0,motorcycle,Inner,0.0027819268862570024
Tailgating,530.0,135,44.0,motorcycle,Inner,1.0292889985415672
Tailgating,530.0,247,213.0,motorcycle,Inner,1.0141278652065995
Tailgating,530.0,237,56.0,motorcycle,Inner,1.6410271610491947
Tailgating,531.0,226,274.0,person,Inner,2.012853929610199
Tailgating,531.0,250,260.0,motorcycle,Inner,1.0149800106295035
Tailgating,531.0,260,283.0,motorcycle,Inner,1.162850588906938
Tailgating,531.0,273,272.0,motorcycle,Inner,0.9310441331892105
Tailgating,531.0,272,284.0,motorcycle,Inner,0.0002406757069048481
Tailgating,531.0,135,44.0,motorcycle,Inner,0.9997181756902438
Tailgating,531.0,247,213.0,motorcycle,Inner,0.9854367749949636
Tailgating,531.0,237,56.0,motorcycle,Inner,1.5901802894406993
Tailgating,532.0,226,268.0,person,Inner,2.077583817565273
Tailgating,532.0,250,260.0,motorcycle,Inner,0.9417947916411836
Tailgating,532.0,260,283.0,motorcycle,Inner,1.202876156348968
Tailgating,532.0,273,284.0,motorcycle,Inner,0.9230265060600682
Tailgating,532.0,284,272.0,motorcycle,Inner,0.0005587365319874916
Tailgating,532.0,135,44.0,motorcycle,Inner,0.9632779026479835
Tailgating,532.0,247,213.0,motorcycle,Inner,0.9546686786436986
Tailgating,532.0,237,56.0,motorcycle,Inner,1.5372104744698156
Tailgating,533.0,226,268.0,person,Inner,2.1401395680781787
Tailgating,533.0,250,260.0,motorcycle,Inner,0.8783967020261605
Tailgating,533.0,260,278.0,motorcycle,Inner,1.0940828670640457
Tailgating,533.0,273,284.0,motorcycle,Inner,0.9152665016222077
Tailgating,533.0,284,272.0,motorcycle,Inner,0.001254984251728743
Tailgating,533.0,135,44.0,motorcycle,Inner,0.9250116883010863
Tailgating,533.0,247,213.0,motorcycle,Inner,0.9261427409107472
Tailgating,533.0,237,56.0,motorcycle,Inner,1.483031467058015
Tailgating,534.0,171,226.0,car,Inner,0.3214007914403879
Tailgating,534.0,226,274.0,person,Inner,2.2013008576882434
Tailgating,534.0,252,250.0,person,Inner,0.05061760454606451
Tailgating,534.0,250,260.0,motorcycle,Inner,0.8236991784479365
Tailgating,534.0,260,278.0,motorcycle,Inner,1.136456448389477
Tailgating,534.0,273,284.0,motorcycle,Inner,0.8422785998285691
Tailgating,534.0,284,272.0,motorcycle,Inner,0.0681044122334891
Tailgating,534.0,247,213.0,motorcycle,Inner,0.8996255986297074
Tailgating,534.0,237,56.0,motorcycle,Inner,1.4326341093994566
Tailgating,535.0,171,226.0,car,Inner,0.24429293935904323
Tailgating,535.0,226,274.0,person,Inner,2.259567145690357
Tailgating,535.0,252,250.0,person,Inner,0.02858398093785178
Tailgating,535.0,250,260.0,motorcycle,Inner,0.7741235307023168
Tailgating,535.0,260,278.0,motorcycle,Inner,1.1772710565035245
Tailgating,535.0,278,283.0,person,Inner,0.11093882934425241
Tailgating,535.0,273,284.0,motorcycle,Inner,0.7365939915491628
Tailgating,535.0,284,272.0,motorcycle,Inner,0.16835562855930616
Tailgating,535.0,247,213.0,motorcycle,Inner,0.8735145794126192
Tailgating,535.0,237,56.0,motorcycle,Inner,1.3848648619738004
Tailgating,536.0,171,226.0,car,Inner,0.16661996491384534
Tailgating,536.0,226,274.0,person,Inner,2.320350589906936
Tailgating,536.0,252,250.0,person,Inner,0.01851990918622505
Tailgating,536.0,250,291.0,motorcycle,Inner,0.6750532114947054
Tailgating,536.0,260,278.0,motorcycle,Inner,1.214873768201793
Tailgating,536.0,273,284.0,motorcycle,Inner,0.6385827410077642
Tailgating,536.0,284,272.0,motorcycle,Inner,0.2516743142331572
Tailgating,536.0,247,213.0,motorcycle,Inner,0.8445201493659616
Tailgating,536.0,237,56.0,motorcycle,Inner,1.3331656962144678
Tailgating,537.0,171,226.0,car,Inner,0.09084886281335308
Tailgating,537.0,226,274.0,person,Inner,2.381882605493799
Tailgating,537.0,252,250.0,person,Inner,0.015311092586290292
Tailgating,537.0,250,291.0,motorcycle,Inner,0.6460169245241542
Tailgating,537.0,273,284.0,motorcycle,Inner,0.5514047892512824
Tailgating,537.0,284,272.0,motorcycle,Inner,0.32935752617134595
Tailgating,537.0,247,213.0,motorcycle,Inner,0.8156153965902783
Tailgating,537.0,237,56.0,motorcycle,Inner,1.278676484894123
Tailgating,537.0,132,244.0,person,Inner,0.5967699692862336
Tailgating,538.0,171,226.0,car,Inner,0.024994283372327494
Tailgating,538.0,226,274.0,person,Inner,2.438427552566234
Tailgating,538.0,252,250.0,person,Inner,0.017147040881005597
Tailgating,538.0,250,291.0,motorcycle,Inner,0.6245228414690351
Tailgating,538.0,273,284.0,motorcycle,Inner,0.47180764843502926
Tailgating,538.0,284,272.0,motorcycle,Inner,0.40129921234548316
Tailgating,538.0,247,213.0,motorcycle,Inner,0.7921054770593465
Tailgating,538.0,237,56.0,motorcycle,Inner,1.225881310510854
Tailgating,539.0,226,171.0,person,Inner,0.04423392851049156
Tailgating,539.0,171,274.0,car,Inner,2.09623891645481
Tailgating,539.0,252,250.0,person,Inner,0.010598278093895921
Tailgating,539.0,250,291.0,motorcycle,Inner,0.6021493645018625
Tailgating,539.0,278,273.0,person,Inner,2.5239749384299133
Tailgating,539.0,273,284.0,motorcycle,Inner,0.3624222222987331
Tailgating,539.0,284,272.0,motorcycle,Inner,0.5044330891518224
Tailgating,539.0,247,213.0,motorcycle,Inner,0.7713769636035401
Tailgating,539.0,237,56.0,motorcycle,Inner,1.1710976438823382
Tailgating,540.0,226,171.0,person,Inner,0.11381325069441171
Tailgating,540.0,171,274.0,car,Inner,2.0771386251357997
Tailgating,540.0,250,252.0,motorcycle,Inner,0.004474431175672869
Tailgating,540.0,252,291.0,person,Inner,0.5720419672168282
Tailgating,540.0,273,284.0,motorcycle,Inner,0.2394655996422878
Tailgating,540.0,284,272.0,motorcycle,Inner,0.6215392054853529
Tailgating,540.0,247,213.0,motorcycle,Inner,0.7490364542763089
Tailgating,540.0,237,56.0,motorcycle,Inner,1.1098626704888352
Tailgating,541.0,226,171.0,person,Inner,0.18457127697451028
Tailgating,541.0,171,274.0,car,Inner,2.0610724128793128
Tailgating,541.0,250,252.0,motorcycle,Inner,0.002566237062686951
Tailgating,541.0,252,260.0,person,Inner,0.5431552311814776
Tailgating,541.0,273,284.0,motorcycle,Inner,0.17565903749313821
Tailgating,541.0,284,272.0,motorcycle,Inner,0.6785724194404031
Tailgating,541.0,247,213.0,motorcycle,Inner,0.7239619068129105
Tailgating,541.0,237,56.0,motorcycle,Inner,1.0455467462088823
Tailgating,542.0,226,171.0,person,Inner,0.2552785629519934
Tailgating,542.0,171,274.0,car,Inner,2.0475346593391324
Tailgating,542.0,250,252.0,motorcycle,Inner,0.0018018007244304613
Tailgating,542.0,252,260.0,person,Inner,0.5101976516142314
Tailgating,542.0,273,284.0,motorcycle,Inner,0.14096511288364352
Tailgating,542.0,284,272.0,motorcycle,Inner,0.7048915249839289
Tailgating,542.0,247,213.0,motorcycle,Inner,0.696954430038203
Tailgating,542.0,237,56.0,motorcycle,Inner,0.9807494669262455
Tailgating,543.0,226,171.0,person,Inner,0.32495437001177135
Tailgating,543.0,171,274.0,car,Inner,2.0316251429906282
Tailgating,543.0,250,252.0,motorcycle,Inner,0.0012650099228627015
Tailgating,543.0,252,260.0,person,Inner,0.47524285399348926
Tailgating,543.0,273,284.0,motorcycle,Inner,0.10064963854109386
Tailgating,543.0,284,272.0,motorcycle,Inner,0.7475031654288935
Tailgating,543.0,247,213.0,motorcycle,Inner,0.666880733955781
Tailgating,543.0,237,56.0,motorcycle,Inner,0.9131517467519565
Tailgating,543.0,55,262.0,car,Outer,1.6298483296581987
Tailgating,544.0,226,171.0,person,Inner,0.39668726286857403
Tailgating,544.0,171,274.0,car,Inner,2.011798673636374
Tailgating,544.0,250,252.0,motorcycle,Inner,0.004099417762857071
Tailgating,544.0,252,260.0,person,Inner,0.43590849955116523
Tailgating,544.0,273,284.0,motorcycle,Inner,0.05177388065383761
Tailgating,544.0,284,272.0,motorcycle,Inner,0.7967061954485704
Tailgating,544.0,247,213.0,motorcycle,Inner,0.6331668483320998
Tailgating,544.0,237,56.0,motorcycle,Inner,0.8470147464338161
Tailgating,544.0,55,262.0,car,Outer,1.5887987281689935
Tailgating,545.0,226,171.0,person,Inner,0.4695930967461231
Tailgating,545.0,171,274.0,car,Inner,1.990555973122802
Tailgating,545.0,250,252.0,motorcycle,Inner,0.010803620465372804
Tailgating,545.0,252,291.0,person,Inner,0.3856681923542272
Tailgating,545.0,284,273.0,motorcycle,Inner,0.002998433007817462
Tailgating,545.0,273,272.0,motorcycle,Inner,0.847201885445554
Tailgating,545.0,247,213.0,motorcycle,Inner,0.5971514243777972
Tailgating,545.0,237,56.0,motorcycle,Inner,0.7814214092912979
Tailgating,545.0,55,262.0,car,Outer,1.5457657698552922
Tailgating,546.0,226,171.0,person,Inner,0.5434532220813478
Tailgating,546.0,171,274.0,car,Inner,1.9695786427560247
Tailgating,546.0,250,252.0,motorcycle,Inner,0.01677399176073791
Tailgating,546.0,252,291.0,person,Inner,0.3347202284333327
Tailgating,546.0,284,273.0,motorcycle,Inner,0.049896490852190625
Tailgating,546.0,273,272.0,motorcycle,Inner,0.82053039746054
Tailgating,546.0,247,213.0,motorcycle,Inner,0.5568605306642422
Tailgating,546.0,237,56.0,motorcycle,Inner,0.719275247091271
Tailgating,546.0,55,262.0,car,Outer,1.5006015669927364
Tailgating,547.0,226,171.0,person,Inner,0.6183048401514192
Tailgating,547.0,171,274.0,car,Inner,1.9488610598726115
Tailgating,547.0,250,252.0,motorcycle,Inner,0.018189050195857703
Tailgating,547.0,252,291.0,person,Inner,0.28787412415738933
Tailgating,547.0,284,273.0,motorcycle,Inner,0.07271392979010759
Tailgating,547.0,273,272.0,motorcycle,Inner,0.8025781627106668
Tailgating,547.0,247,213.0,motorcycle,Inner,0.5156134987143219
Tailgating,547.0,237,56.0,motorcycle,Inner,0.6667558278442797
Tailgating,547.0,55,262.0,car,Outer,1.453830488346058
Tailgating,548.0,226,171.0,person,Inner,0.6854751817002852
Tailgating,548.0,171,274.0,car,Inner,1.9308530665726742
Tailgating,548.0,250,252.0,motorcycle,Inner,0.019174637315975143
Tailgating,548.0,252,291.0,person,Inner,0.24625600876630624
Tailgating,548.0,284,273.0,motorcycle,Inner,0.08335497397649429
Tailgating,548.0,273,272.0,motorcycle,Inner,0.7885178747488287
Tailgating,548.0,247,213.0,motorcycle,Inner,0.47755580289087424
Tailgating,548.0,237,56.0,motorcycle,Inner,0.6204819263265999
Tailgating,548.0,55,262.0,car,Outer,1.4225792614233828
Tailgating,549.0,226,171.0,person,Inner,0.7582071404093222
Tailgating,549.0,171,274.0,car,Inner,1.9112126419337478
Tailgating,549.0,250,252.0,motorcycle,Inner,0.020795055118935115
Tailgating,549.0,252,291.0,person,Inner,0.20255911238042004
Tailgating,549.0,284,273.0,motorcycle,Inner,0.08595187685794858
Tailgating,549.0,273,272.0,motorcycle,Inner,0.777849223171742
Tailgating,549.0,247,213.0,motorcycle,Inner,0.4369591196394339
Tailgating,549.0,237,56.0,motorcycle,Inner,0.5708765131163489
Tailgating,549.0,244,32.0,person,Inner,1.906126195460781
Tailgating,550.0,226,171.0,person,Inner,0.8351997949452863
Tailgating,550.0,171,274.0,car,Inner,1.8923446346055879
Tailgating,550.0,250,252.0,motorcycle,Inner,0.031503010814691264
Tailgating,550.0,252,291.0,person,Inner,0.14859361230072046
Tailgating,550.0,284,273.0,motorcycle,Inner,0.08681475569725462
Tailgating,550.0,273,272.0,motorcycle,Inner,0.7661074978086028
Tailgating,550.0,247,213.0,motorcycle,Inner,0.3961755395008891
Tailgating,550.0,237,56.0,motorcycle,Inner,0.5231519438358098
Tailgating,551.0,226,171.0,person,Inner,0.9127019542867647
Tailgating,551.0,171,274.0,car,Inner,1.8758309367718409
Tailgating,551.0,250,252.0,motorcycle,Inner,0.03400234880953983
Tailgating,551.0,252,291.0,person,Inner,0.10498657013167514
Tailgating,551.0,284,273.0,motorcycle,Inner,0.08620853826524146
Tailgating,551.0,273,272.0,motorcycle,Inner,0.7571807061955982
Tailgating,551.0,247,213.0,motorcycle,Inner,0.3543992038949659
Tailgating,551.0,237,56.0,motorcycle,Inner,0.47382293119744207
Tailgating,551.0,282,132.0,motorcycle,Inner,1.4394801207957009
Tailgating,552.0,226,171.0,person,Inner,0.9904121335709697
Tailgating,552.0,171,274.0,car,Inner,1.8605610172743
Tailgating,552.0,250,291.0,motorcycle,Inner,0.0953794265386345
Tailgating,552.0,278,284.0,person,Inner,2.7087078809972285
Tailgating,552.0,284,273.0,motorcycle,Inner,0.085454710848857
Tailgating,552.0,273,272.0,motorcycle,Inner,0.7494477377526775
Tailgating,552.0,247,213.0,motorcycle,Inner,0.3117971670804087
Tailgating,552.0,237,56.0,motorcycle,Inner,0.4233484638704233
Tailgating,552.0,282,132.0,motorcycle,Inner,1.384616218713451
Tailgating,552.0,5,252.0,motorcycle,Outer,2.034795679672742
Tailgating,553.0,226,171.0,person,Inner,1.0674296292369796
Tailgating,553.0,171,274.0,car,Inner,1.8455666771476178
Tailgating,553.0,278,283.0,person,Inner,0.038089483912638625
Tailgating,553.0,284,273.0,motorcycle,Inner,0.06111293429220465
Tailgating,553.0,273,272.0,motorcycle,Inner,0.7670336270787903
Tailgating,553.0,204,20.0,motorcycle,Inner,1.472450688702566
Tailgating,553.0,247,213.0,motorcycle,Inner,0.2703742446513636
Tailgating,553.0,237,56.0,motorcycle,Inner,0.3688774437050963
Tailgating,553.0,282,132.0,motorcycle,Inner,1.3221810936270235
Tailgating,553.0,250,252.0,motorcycle,Outer,0.026563672742560794
Tailgating,554.0,226,171.0,person,Inner,1.1438645132433947
Tailgating,554.0,171,274.0,car,Inner,1.8315207529722943
Tailgating,554.0,278,283.0,person,Inner,0.12675825858871342
Tailgating,554.0,283,284.0,motorcycle,Inner,2.740065448247447
Tailgating,554.0,284,273.0,motorcycle,Inner,0.04651139035202173
Tailgating,554.0,273,272.0,motorcycle,Inner,0.7752654664671588
Tailgating,554.0,204,20.0,motorcycle,Inner,1.444997325972478
Tailgating,554.0,247,213.0,motorcycle,Inner,0.22765821146499837
Tailgating,554.0,282,132.0,motorcycle,Inner,1.2626675267333498
Tailgating,554.0,5,252.0,motorcycle,Outer,2.140975784148473
Tailgating,554.0,252,250.0,person,Outer,0.054419150533083376
Tailgating,555.0,226,171.0,person,Inner,1.2197360286881682
Tailgating,555.0,171,274.0,car,Inner,1.8182720674171307
Tailgating,555.0,278,283.0,person,Inner,0.22169407632518853
Tailgating,555.0,283,284.0,motorcycle,Inner,2.748673329162426
Tailgating,555.0,284,273.0,motorcycle,Inner,0.035766012614317035
Tailgating,555.0,273,272.0,motorcycle,Inner,0.7792818743383235
Tailgating,555.0,204,20.0,motorcycle,Inner,1.417195980711566
Tailgating,555.0,247,213.0,motorcycle,Inner,0.18482596563489903
Tailgating,555.0,282,132.0,motorcycle,Inner,1.207527707459845
Tailgating,555.0,244,32.0,person,Inner,1.9280022561158698
Tailgating,555.0,5,252.0,motorcycle,Outer,2.208904080846616
Tailgating,555.0,252,250.0,person,Outer,0.19608391946304682
Tailgating,556.0,226,171.0,person,Inner,1.2962519769360632
Tailgating,556.0,171,274.0,car,Inner,1.8030863772433305
Tailgating,556.0,278,283.0,person,Inner,0.2958720019496826
Tailgating,556.0,204,20.0,motorcycle,Inner,1.3902175529487932
Tailgating,556.0,247,213.0,motorcycle,Inner,0.14538912467782486
Tailgating,556.0,282,132.0,motorcycle,Inner,1.1527626423501747
Tailgating,556.0,244,32.0,person,Inner,1.8797383402735106
Tailgating,556.0,252,250.0,person,Outer,0.3776052951114547
Tailgating,557.0,226,171.0,person,Inner,1.3692725754347341
Tailgating,557.0,171,274.0,car,Inner,1.788500941752062
Tailgating,557.0,250,278.0,motorcycle,Inner,0.7667989620718766
Tailgating,557.0,278,283.0,person,Inner,0.37033085699362334
Tailgating,557.0,204,20.0,motorcycle,Inner,1.3631017233281462
Tailgating,557.0,247,213.0,motorcycle,Inner,0.10526014381906647
Tailgating,557.0,282,132.0,motorcycle,Inner,1.1019405306609922
Tailgating,557.0,244,32.0,person,Inner,1.8645860265420633
Tailgating,557.0,287,226.0,motorcycle,Inner,1.0492427438600127
Tailgating,558.0,287,226.0,motorcycle,Inner,0.9648058250172101
Tailgating,558.0,226,171.0,person,Inner,1.4358829536562956
Tailgating,558.0,171,274.0,car,Inner,1.7749487216589512
Tailgating,558.0,250,278.0,motorcycle,Inner,0.47379871822792263
Tailgating,558.0,278,283.0,person,Inner,0.41391234450563213
Tailgating,558.0,204,20.0,motorcycle,Inner,1.3397611031428984
Tailgating,558.0,247,213.0,motorcycle,Inner,0.07076664791765952
Tailgating,558.0,282,132.0,motorcycle,Inner,1.0558422257413647
Tailgating,558.0,5,252.0,motorcycle,Outer,2.226063739294297
Tailgating,559.0,287,226.0,motorcycle,Inner,0.8780761216481701
Tailgating,559.0,226,171.0,person,Inner,1.504357401221507
Tailgating,559.0,171,274.0,car,Inner,1.761390714069049
Tailgating,559.0,250,278.0,motorcycle,Inner,0.1901831038320635
Tailgating,559.0,278,283.0,person,Inner,0.4322116934987655
Tailgating,559.0,204,20.0,motorcycle,Inner,1.3172760806150239
Tailgating,559.0,247,213.0,motorcycle,Inner,0.03746384727527345
Tailgating,559.0,282,132.0,motorcycle,Inner,1.0075092781490467
Tailgating,559.0,5,252.0,motorcycle,Outer,2.212822520611774
Tailgating,560.0,287,226.0,motorcycle,Inner,0.7911856531815006
Tailgating,560.0,226,171.0,person,Inner,1.572005336819493
Tailgating,560.0,171,274.0,car,Inner,1.7477599999452667
Tailgating,560.0,250,283.0,motorcycle,Inner,0.3360771408596596
Tailgating,560.0,204,20.0,motorcycle,Inner,1.2923343640875573
Tailgating,560.0,247,213.0,motorcycle,Inner,0.0024741656446229552
Tailgating,560.0,282,132.0,motorcycle,Inner,0.9609828681268622
Tailgating,561.0,287,226.0,motorcycle,Inner,0.7082703751034166
Tailgating,561.0,226,171.0,person,Inner,1.637877294043274
Tailgating,561.0,171,274.0,car,Inner,1.735175260281055
Tailgating,561.0,44,180.0,motorcycle,Inner,3.7251545909920996
Tailgating,561.0,180,204.0,motorcycle,Inner,1.6018523742981423
Tailgating,561.0,204,20.0,motorcycle,Inner,1.2683725144518785
Tailgating,561.0,247,56.0,motorcycle,Inner,3.076111276769727
Tailgating,561.0,282,132.0,motorcycle,Inner,0.9104288463553768
Tailgating,562.0,287,226.0,motorcycle,Inner,0.6264247237912594
Tailgating,562.0,226,171.0,person,Inner,1.702843577648995
Tailgating,562.0,171,274.0,car,Inner,1.7231111134610286
Tailgating,562.0,180,204.0,motorcycle,Inner,1.2827767165586912
Tailgating,562.0,204,20.0,motorcycle,Inner,1.2447559037345093
Tailgating,562.0,247,56.0,motorcycle,Inner,3.0242017621340493
Tailgating,562.0,282,132.0,motorcycle,Inner,0.8573904319124184
Tailgating,563.0,287,226.0,motorcycle,Inner,0.54668831826057
Tailgating,563.0,226,171.0,person,Inner,1.7633849698806712
Tailgating,563.0,171,274.0,car,Inner,1.7165458461377976
Tailgating,563.0,180,204.0,motorcycle,Inner,0.979725895022949
Tailgating,563.0,204,20.0,motorcycle,Inner,1.219438731610272
Tailgating,563.0,247,56.0,motorcycle,Inner,2.9714058595084207
Tailgating,563.0,282,132.0,motorcycle,Inner,0.8037661283272914
Tailgating,563.0,134,90.0,motorcycle,Outer,2.8063766466466094
Tailgating,564.0,287,226.0,motorcycle,Inner,0.4684126783754038
Tailgating,564.0,226,171.0,person,Inner,1.8246255007821248
Tailgating,564.0,171,274.0,car,Inner,1.7080987514734791
Tailgating,564.0,180,204.0,motorcycle,Inner,0.6900013546065693
Tailgating,564.0,204,20.0,motorcycle,Inner,1.1927063302492489
Tailgating,564.0,247,56.0,motorcycle,Inner,2.9216193105443597
Tailgating,564.0,282,132.0,motorcycle,Inner,0.7506927317414329
Tailgating,564.0,134,90.0,motorcycle,Outer,2.81888651369789
Tailgating,565.0,287,226.0,motorcycle,Inner,0.39247364146040437
Tailgating,565.0,226,171.0,person,Inner,1.8851329985337961
Tailgating,565.0,171,274.0,car,Inner,1.6980103392775878
Tailgating,565.0,180,204.0,motorcycle,Inner,0.4182768920242512
Tailgating,565.0,204,20.0,motorcycle,Inner,1.1648444249163215
Tailgating,565.0,20,294.0,car,Inner,0.017588188365877312
Tailgating,565.0,247,56.0,motorcycle,Inner,2.872801454684718
Tailgating,565.0,282,132.0,motorcycle,Inner,0.695386892353872
Tailgating,565.0,134,90.0,motorcycle,Outer,2.830746234716387
Tailgating,566.0,287,226.0,motorcycle,Inner,0.31704194566768445
Tailgating,566.0,226,171.0,person,Inner,1.9459281271695177
Tailgating,566.0,171,274.0,car,Inner,1.6882186856242616
Tailgating,566.0,180,204.0,motorcycle,Inner,0.16117676058983496
Tailgating,566.0,204,20.0,motorcycle,Inner,1.1349729575922127
Tailgating,566.0,20,294.0,car,Inner,0.010575720248304055
Tailgating,566.0,247,56.0,motorcycle,Inner,2.8230965313942336
Tailgating,566.0,282,132.0,motorcycle,Inner,0.6423453304691193
Tailgating,566.0,134,90.0,motorcycle,Outer,2.8419834965625532
Tailgating,567.0,287,171.0,motorcycle,Inner,1.7953213635743324
Tailgating,567.0,171,274.0,car,Inner,1.6798621398958633
Tailgating,567.0,204,180.0,motorcycle,Inner,0.08531894279223813
Tailgating,567.0,180,20.0,motorcycle,Inner,0.9559177974093145
Tailgating,567.0,20,294.0,car,Inner,0.007003871580869492
Tailgating,567.0,247,56.0,motorcycle,Inner,2.77655742469723
Tailgating,567.0,282,132.0,motorcycle,Inner,0.589307140408271
Tailgating,567.0,55,262.0,car,Outer,1.4769510966770596
Tailgating,568.0,287,171.0,motorcycle,Inner,1.7842089385184134
Tailgating,568.0,171,274.0,car,Inner,1.672465052463532
Tailgating,568.0,204,180.0,motorcycle,Inner,0.07066573982385034
Tailgating,568.0,180,20.0,motorcycle,Inner,0.9402026233671468
Tailgating,568.0,20,294.0,car,Inner,0.004314972115470433
Tailgating,568.0,247,56.0,motorcycle,Inner,2.7374551235093283
Tailgating,568.0,282,132.0,motorcycle,Inner,0.5429677109819449
Tailgating,568.0,55,262.0,car,Outer,1.5127056382872708
Tailgating,569.0,287,171.0,motorcycle,Inner,1.7745849361453818
Tailgating,569.0,171,274.0,car,Inner,1.6649202779109153
Tailgating,569.0,204,180.0,motorcycle,Inner,0.05607980559000618
Tailgating,569.0,180,20.0,motorcycle,Inner,0.92011601420791
Tailgating,569.0,20,294.0,car,Inner,0.0016099138005480746
Tailgating,569.0,247,56.0,motorcycle,Inner,2.697006356749327
Tailgating,569.0,282,132.0,motorcycle,Inner,0.49331352935308737
Tailgating,569.0,55,262.0,car,Outer,1.5551005767264587
Tailgating,570.0,287,171.0,motorcycle,Inner,1.7692748193916445
Tailgating,570.0,171,274.0,car,Inner,1.6521191739550494
Tailgating,570.0,204,180.0,motorcycle,Inner,0.04280172227335392
Tailgating,570.0,180,294.0,motorcycle,Inner,0.8980497531283165
Tailgating,570.0,247,56.0,motorcycle,Inner,2.6563479916671047
Tailgating,570.0,282,132.0,motorcycle,Inner,0.44581693691546054
Tailgating,570.0,55,262.0,car,Outer,1.6018615802015093
Tailgating,570.0,295,134.0,person,Outer,3.3974661191758857
Tailgating,571.0,287,171.0,motorcycle,Inner,1.7610117926940916
Tailgating,571.0,171,274.0,car,Inner,1.6416360997318888
Tailgating,571.0,204,180.0,motorcycle,Inner,0.029054548577735775
Tailgating,571.0,180,294.0,motorcycle,Inner,0.8729076012527912
Tailgating,571.0,247,56.0,motorcycle,Inner,2.6114839861951995
Tailgating,571.0,282,132.0,motorcycle,Inner,0.39870119425487616
Tailgating,571.0,55,262.0,car,Outer,1.6512715379776983
Tailgating,571.0,295,134.0,person,Outer,3.4241771161920003
Tailgating,572.0,287,171.0,motorcycle,Inner,1.7509585279914808
Tailgating,572.0,171,274.0,car,Inner,1.6328278228092883
Tailgating,572.0,204,180.0,motorcycle,Inner,0.015938082815920875
Tailgating,572.0,180,294.0,motorcycle,Inner,0.8533696418386432
Tailgating,572.0,294,20.0,car,Inner,0.00489835236819869
Tailgating,572.0,247,56.0,motorcycle,Inner,2.5642210705276436
Tailgating,572.0,282,132.0,motorcycle,Inner,0.3547546033280713
Tailgating,572.0,55,262.0,car,Outer,1.7005121480560024
Tailgating,573.0,287,171.0,motorcycle,Inner,1.7471421055609921
Tailgating,573.0,171,274.0,car,Inner,1.6254064801051873
Tailgating,573.0,135,44.0,motorcycle,Inner,2.599713490798547
Tailgating,573.0,204,180.0,motorcycle,Inner,0.0023905959896202236
Tailgating,573.0,180,294.0,motorcycle,Inner,0.8354930273860391
Tailgating,573.0,294,20.0,car,Inner,0.0035316357068358555
Tailgating,573.0,247,56.0,motorcycle,Inner,2.5182073793651343
Tailgating,573.0,282,132.0,motorcycle,Inner,0.30919523884140243
Tailgating,573.0,55,262.0,car,Outer,1.7489691517860158
Tailgating,574.0,287,171.0,motorcycle,Inner,1.738300234273563
Tailgating,574.0,171,274.0,car,Inner,1.6222134188328259
Tailgating,574.0,180,204.0,motorcycle,Inner,0.012933995753667394
Tailgating,574.0,204,294.0,motorcycle,Inner,0.8693895501640635
Tailgating,574.0,294,20.0,car,Inner,0.001963572864801245
Tailgating,574.0,247,56.0,motorcycle,Inner,2.4735328997730486
Tailgating,574.0,282,132.0,motorcycle,Inner,0.26298112259984285
Tailgating,575.0,287,171.0,motorcycle,Inner,1.7272956278993221
Tailgating,575.0,171,274.0,car,Inner,1.621121499807875
Tailgating,575.0,180,204.0,motorcycle,Inner,0.028482163907266517
Tailgating,575.0,204,294.0,motorcycle,Inner,0.8373525326477104
Tailgating,575.0,294,20.0,car,Inner,0.0006029117579313389
Tailgating,575.0,247,56.0,motorcycle,Inner,2.429161304847624
Tailgating,575.0,282,132.0,motorcycle,Inner,0.2164823804782767
Tailgating,575.0,295,134.0,person,Outer,3.535337446364924
Tailgating,576.0,287,171.0,motorcycle,Inner,1.7172925702746626
Tailgating,576.0,171,274.0,car,Inner,1.620499198054945
Tailgating,576.0,180,204.0,motorcycle,Inner,0.04297462454166728
Tailgating,576.0,204,20.0,motorcycle,Inner,0.8032411408705041
Tailgating,576.0,20,294.0,car,Inner,0.0011787960584216143
Tailgating,576.0,247,56.0,motorcycle,Inner,2.382933682963658
Tailgating,576.0,282,132.0,motorcycle,Inner,0.17222866014549748
Tailgating,576.0,295,134.0,person,Outer,3.5745856534144624
Tailgating,577.0,287,171.0,motorcycle,Inner,1.7080334594073012
Tailgating,577.0,171,274.0,car,Inner,1.6250164130814722
Tailgating,577.0,180,204.0,motorcycle,Inner,0.05785463570440948
Tailgating,577.0,204,20.0,motorcycle,Inner,0.7674434224035442
Tailgating,577.0,20,294.0,car,Inner,0.00406374123424425
Tailgating,577.0,247,56.0,motorcycle,Inner,2.3343842926985823
Tailgating,577.0,282,132.0,motorcycle,Inner,0.124708724414934
Tailgating,577.0,295,134.0,person,Outer,3.6067325946187485
Tailgating,578.0,287,171.0,motorcycle,Inner,1.7038268852610852
Tailgating,578.0,171,268.0,car,Inner,1.6264166909870503
Tailgating,578.0,274,260.0,motorcycle,Inner,0.7525556256314156
Tailgating,578.0,180,204.0,motorcycle,Inner,0.07174493287018463
Tailgating,578.0,204,20.0,motorcycle,Inner,0.7357665994395493
Tailgating,578.0,20,294.0,car,Inner,0.004767209257074844
Tailgating,578.0,247,56.0,motorcycle,Inner,2.293563607139331
Tailgating,578.0,282,132.0,motorcycle,Inner,0.08007752982957518
Tailgating,578.0,295,134.0,person,Outer,3.6332269190432074
Tailgating,579.0,287,171.0,motorcycle,Inner,1.6963366297031472
Tailgating,579.0,171,268.0,car,Inner,1.6329479847806816
Tailgating,579.0,274,291.0,motorcycle,Inner,0.6980861503793799
Tailgating,579.0,180,204.0,motorcycle,Inner,0.08693998133648213
Tailgating,579.0,204,20.0,motorcycle,Inner,0.7032745973246995
Tailgating,579.0,20,294.0,car,Inner,0.0055287224613470715
Tailgating,579.0,247,56.0,motorcycle,Inner,2.2559546750176964
Tailgating,579.0,282,132.0,motorcycle,Inner,0.03287490559563648
Tailgating,579.0,295,134.0,person,Outer,3.6580226988756843
Tailgating,580.0,287,171.0,motorcycle,Inner,1.6831853633433709
Tailgating,580.0,171,268.0,car,Inner,1.6438200910661305
Tailgating,580.0,180,204.0,motorcycle,Inner,0.10309876041271424
Tailgating,580.0,204,20.0,motorcycle,Inner,0.667403582191752
Tailgating,580.0,20,294.0,car,Inner,0.0071919052591748415
Tailgating,580.0,247,56.0,motorcycle,Inner,2.216476426891103
Tailgating,580.0,282,244.0,motorcycle,Inner,1.6709642457236051
Tailgating,580.0,295,134.0,person,Outer,3.678163411207876
Tailgating,581.0,287,171.0,motorcycle,Inner,1.673513045051606
Tailgating,581.0,171,268.0,car,Inner,1.653919918033972
Tailgating,581.0,180,204.0,motorcycle,Inner,0.11660306073988781
Tailgating,581.0,204,20.0,motorcycle,Inner,0.6317013473730545
Tailgating,581.0,20,294.0,car,Inner,0.007668881053583948
Tailgating,581.0,247,56.0,motorcycle,Inner,2.1744444868046435
Tailgating,581.0,282,244.0,motorcycle,Inner,1.65366007466485
Tailgating,581.0,295,134.0,person,Outer,3.693187510778035
Tailgating,582.0,287,171.0,motorcycle,Inner,1.6669373771973999
Tailgating,582.0,171,268.0,car,Inner,1.6624751296812652
Tailgating,582.0,180,204.0,motorcycle,Inner,0.12967465730323138
Tailgating,582.0,204,20.0,motorcycle,Inner,0.5958751255233627
Tailgating,582.0,20,294.0,car,Inner,0.007223714585609595
Tailgating,582.0,247,56.0,motorcycle,Inner,2.13035418506891
Tailgating,582.0,282,244.0,motorcycle,Inner,1.6361481279354433
Tailgating,582.0,295,134.0,person,Outer,3.705930040516237
Tailgating,583.0,287,171.0,motorcycle,Inner,1.658252261112924
Tailgating,583.0,171,268.0,car,Inner,1.6950598261288625
Tailgating,583.0,268,274.0,motorcycle,Inner,0.00035583487114454444
Tailgating,583.0,180,20.0,motorcycle,Inner,0.6444568479113821
Tailgating,583.0,20,294.0,car,Inner,0.006133637568198514
Tailgating,583.0,247,56.0,motorcycle,Inner,2.091316387592451
Tailgating,583.0,282,244.0,motorcycle,Inner,1.6199117036279902
Tailgating,583.0,295,134.0,person,Outer,3.7168552319578962
Tailgating,584.0,287,171.0,motorcycle,Inner,1.648638379817619
Tailgating,584.0,171,274.0,car,Inner,1.6973766220907176
Tailgating,584.0,268,291.0,motorcycle,Inner,0.4421268705960744
Tailgating,584.0,180,20.0,motorcycle,Inner,0.6275260734983314
Tailgating,584.0,20,294.0,car,Inner,0.0047158293649626525
Tailgating,584.0,247,56.0,motorcycle,Inner,2.050020163953733
Tailgating,584.0,282,244.0,motorcycle,Inner,1.603345850328193
Tailgating,584.0,295,134.0,person,Outer,3.728819540269337
Tailgating,585.0,287,171.0,motorcycle,Inner,1.63856881128347
Tailgating,585.0,171,274.0,car,Inner,1.7043174048488936
Tailgating,585.0,268,291.0,motorcycle,Inner,0.35346089911687334
Tailgating,585.0,180,20.0,motorcycle,Inner,0.6110813898522952
Tailgating,585.0,20,294.0,car,Inner,0.004339305072902054
Tailgating,585.0,247,56.0,motorcycle,Inner,2.0071964599715706
Tailgating,585.0,282,244.0,motorcycle,Inner,1.5849054311055333
Tailgating,585.0,295,134.0,person,Outer,3.741372328423986
Tailgating,586.0,287,171.0,motorcycle,Inner,1.635926572960967
Tailgating,586.0,171,274.0,car,Inner,1.706799265662679
Tailgating,586.0,268,260.0,motorcycle,Inner,0.25918335608712506
Tailgating,586.0,278,250.0,person,Inner,3.132471401141624
Tailgating,586.0,180,20.0,motorcycle,Inner,0.5917062584774885
Tailgating,586.0,20,294.0,car,Inner,0.006253427526557899
Tailgating,586.0,247,56.0,motorcycle,Inner,1.9611073551451328
Tailgating,586.0,282,244.0,motorcycle,Inner,1.5673071479224194
Tailgating,586.0,226,300.0,person,Outer,1.2570620341477243
Tailgating,586.0,295,134.0,person,Outer,3.748751305450387
Tailgating,587.0,287,171.0,motorcycle,Inner,1.63234304557162
Tailgating,587.0,171,274.0,car,Inner,1.7095261669671138
Tailgating,587.0,268,260.0,motorcycle,Inner,0.1662857716022342
Tailgating,587.0,278,250.0,person,Inner,3.1676101724041796
Tailgating,587.0,180,20.0,motorcycle,Inner,0.5731037192159868
Tailgating,587.0,20,294.0,car,Inner,0.009070232531186053
Tailgating,587.0,247,56.0,motorcycle,Inner,1.9179383337812939
Tailgating,587.0,282,244.0,motorcycle,Inner,1.5510269809697983
Tailgating,587.0,226,300.0,person,Outer,1.2766721487598023
Tailgating,587.0,295,134.0,person,Outer,3.7540755869779003
Tailgating,587.0,134,90.0,motorcycle,Outer,2.835269235387863
Tailgating,588.0,287,171.0,motorcycle,Inner,1.6297560850772932
Tailgating,588.0,171,274.0,car,Inner,1.7107672661388194
Tailgating,588.0,268,260.0,motorcycle,Inner,0.07840564588892622
Tailgating,588.0,278,250.0,person,Inner,3.2053860316971323
Tailgating,588.0,180,20.0,motorcycle,Inner,0.5565546636203511
Tailgating,588.0,20,294.0,car,Inner,0.013394817755777033
Tailgating,588.0,247,56.0,motorcycle,Inner,1.8801432566818113
Tailgating,588.0,282,244.0,motorcycle,Inner,1.5376589538322996
Tailgating,588.0,226,300.0,person,Outer,1.2976338220911372
Tailgating,588.0,295,134.0,person,Outer,3.7581467756030515
Tailgating,588.0,134,90.0,motorcycle,Outer,2.8391666337482664
Tailgating,589.0,287,171.0,motorcycle,Inner,1.6277486624004416
Tailgating,589.0,171,274.0,car,Inner,1.709888408148905
Tailgating,589.0,268,291.0,motorcycle,Inner,0.003305395974865053
Tailgating,589.0,278,250.0,person,Inner,3.2475319937246403
Tailgating,589.0,180,20.0,motorcycle,Inner,0.5394487913383662
Tailgating,589.0,20,294.0,car,Inner,0.018358215164183168
Tailgating,589.0,247,56.0,motorcycle,Inner,1.8422651133421106
Tailgating,589.0,282,244.0,motorcycle,Inner,1.5247310123984028
Tailgating,589.0,226,300.0,person,Outer,1.3260599944900529
Tailgating,589.0,295,134.0,person,Outer,3.7642721702886495
Tailgating,590.0,287,171.0,motorcycle,Inner,1.6240107053224022
Tailgating,590.0,171,274.0,car,Inner,1.703289437913179
Tailgating,590.0,278,250.0,person,Inner,3.292329539087823
Tailgating,590.0,180,20.0,motorcycle,Inner,0.5235187740409925
Tailgating,590.0,20,294.0,car,Inner,0.021071523396960796
Tailgating,590.0,282,244.0,motorcycle,Inner,1.5076372067452082
Tailgating,590.0,226,300.0,person,Outer,1.3529131925510056
Tailgating,590.0,295,134.0,person,Outer,3.7755133344058494
Tailgating,591.0,287,171.0,motorcycle,Inner,1.6197957482113978
Tailgating,591.0,171,274.0,car,Inner,1.6970836283843036
Tailgating,591.0,278,250.0,person,Inner,3.342889921897141
Tailgating,591.0,180,20.0,motorcycle,Inner,0.5068726418480146
Tailgating,591.0,20,294.0,car,Inner,0.021703953494353435
Tailgating,591.0,282,244.0,motorcycle,Inner,1.4902349114069562
Tailgating,591.0,226,300.0,person,Outer,1.3818385102328905
Tailgating,591.0,204,302.0,motorcycle,Outer,3.3832531442547964
Tailgating,591.0,295,134.0,person,Outer,3.7853881736960737
Tailgating,591.0,134,90.0,motorcycle,Outer,2.848758044237132
Tailgating,592.0,287,171.0,motorcycle,Inner,1.6157324444656007
Tailgating,592.0,171,274.0,car,Inner,1.6907807993193285
Tailgating,592.0,278,250.0,person,Inner,3.3974032230862727
Tailgating,592.0,180,20.0,motorcycle,Inner,0.4884813769797317
Tailgating,592.0,20,294.0,car,Inner,0.023407293008874577
Tailgating,592.0,282,244.0,motorcycle,Inner,1.474541485079659
Tailgating,592.0,226,300.0,person,Outer,1.412052141293356
Tailgating,592.0,204,302.0,motorcycle,Outer,3.33278582966108
Tailgating,592.0,295,134.0,person,Outer,3.7957240597449533
Tailgating,592.0,134,90.0,motorcycle,Outer,2.8530574008040217
Tailgating,593.0,287,171.0,motorcycle,Inner,1.6092658894966232
Tailgating,593.0,171,274.0,car,Inner,1.688091183844244
Tailgating,593.0,180,20.0,motorcycle,Inner,0.47345270957178454
Tailgating,593.0,20,294.0,car,Inner,0.021888825815658756
Tailgating,593.0,282,244.0,motorcycle,Inner,1.4602522064203158
Tailgating,593.0,226,300.0,person,Outer,1.4392664081861002
Tailgating,593.0,204,302.0,motorcycle,Outer,3.2818459275599237
Tailgating,593.0,295,134.0,person,Outer,3.8102736697821293
Tailgating,593.0,134,90.0,motorcycle,Outer,2.8545972975025795
Tailgating,594.0,287,171.0,motorcycle,Inner,1.6062011814600214
Tailgating,594.0,171,274.0,car,Inner,1.6834352753659454
Tailgating,594.0,268,278.0,motorcycle,Inner,1.74918384495876
Tailgating,594.0,180,20.0,motorcycle,Inner,0.4609940597203845
Tailgating,594.0,20,294.0,car,Inner,0.01782830708148157
Tailgating,594.0,213,56.0,person,Inner,3.1005784526269418
Tailgating,594.0,282,244.0,motorcycle,Inner,1.4436843472574874
Tailgating,594.0,226,300.0,person,Outer,1.475974523713033
Tailgating,594.0,204,302.0,motorcycle,Outer,3.2297584425384747
Tailgating,594.0,295,134.0,person,Outer,3.8338469683123724
Tailgating,595.0,287,171.0,motorcycle,Inner,1.6045886219875438
Tailgating,595.0,171,274.0,car,Inner,1.6778353933135683
Tailgating,595.0,268,278.0,motorcycle,Inner,1.7693246751935465
Tailgating,595.0,180,20.0,motorcycle,Inner,0.4500406436027281
Tailgating,595.0,20,294.0,car,Inner,0.012426708332492369
Tailgating,595.0,213,56.0,person,Inner,3.0765787061506558
Tailgating,595.0,282,244.0,motorcycle,Inner,1.4263289208160121
Tailgating,595.0,226,300.0,person,Outer,1.5173857125056232
Tailgating,595.0,204,302.0,motorcycle,Outer,3.1770497997848297
Tailgating,595.0,295,134.0,person,Outer,3.863084742762129
Tailgating,596.0,287,171.0,motorcycle,Inner,1.60260128502085
Tailgating,596.0,171,260.0,car,Inner,1.4984041230839698
Tailgating,596.0,180,20.0,motorcycle,Inner,0.4396695834772503
Tailgating,596.0,20,294.0,car,Inner,0.0068129834061740596
Tailgating,596.0,282,244.0,motorcycle,Inner,1.4093717427939467
Tailgating,596.0,226,300.0,person,Outer,1.5546512883904717
Tailgating,596.0,204,302.0,motorcycle,Outer,3.1261329712538126
Tailgating,596.0,295,134.0,person,Outer,3.892123466215962
Tailgating,597.0,287,171.0,motorcycle,Inner,1.6002485397701987
Tailgating,597.0,171,260.0,car,Inner,1.4510259839489956
Tailgating,597.0,180,20.0,motorcycle,Inner,0.42738896896319317
Tailgating,597.0,20,294.0,car,Inner,0.0033364672579306153
Tailgating,597.0,282,244.0,motorcycle,Inner,1.3972196238508434
Tailgating,597.0,226,300.0,person,Outer,1.5904553467177311
Tailgating,597.0,204,302.0,motorcycle,Outer,3.075671286711538
Tailgating,597.0,295,134.0,person,Outer,3.9118757319791775
Tailgating,597.0,134,90.0,motorcycle,Outer,2.8401312282906077
Tailgating,598.0,287,171.0,motorcycle,Inner,1.5931958022800676
Tailgating,598.0,171,260.0,car,Inner,1.407821305139515
Tailgating,598.0,180,20.0,motorcycle,Inner,0.41575940019335994
Tailgating,598.0,20,294.0,car,Inner,0.002205559613706243
Tailgating,598.0,282,244.0,motorcycle,Inner,1.3871916199142424
Tailgating,598.0,226,300.0,person,Outer,1.62095570317546
Tailgating,598.0,55,262.0,car,Outer,1.6961807343959454
Tailgating,598.0,204,302.0,motorcycle,Outer,3.026293015352543
Tailgating,598.0,295,134.0,person,Outer,3.9306982238382395
Tailgating,598.0,134,90.0,motorcycle,Outer,2.836777637665268
Tailgating,599.0,287,171.0,motorcycle,Inner,1.591371866286472
Tailgating,599.0,171,260.0,car,Inner,1.3606323997422327
Tailgating,599.0,180,20.0,motorcycle,Inner,0.40431370367249087
Tailgating,599.0,20,294.0,car,Inner,0.0005733079722021454
Tailgating,599.0,282,244.0,motorcycle,Inner,1.3775768377394952
Tailgating,599.0,226,300.0,person,Outer,1.655261804907113
Tailgating,599.0,55,262.0,car,Outer,1.657777531454282
Tailgating,599.0,204,302.0,motorcycle,Outer,2.9725282085785203
Tailgating,599.0,295,134.0,person,Outer,3.9478682605310382
Tailgating,599.0,134,90.0,motorcycle,Outer,2.8334299222972232
Tailgating,600.0,287,171.0,motorcycle,Inner,1.594014027567105
Tailgating,600.0,171,260.0,car,Inner,1.3080866144036793
Tailgating,600.0,180,20.0,motorcycle,Inner,0.3917118355421876
Tailgating,600.0,20,294.0,car,Inner,1.8726017421368842e-05
Tailgating,600.0,132,282.0,person,Inner,0.9747975776803536
Tailgating,600.0,282,244.0,motorcycle,Inner,1.3653820233257332
Tailgating,600.0,226,300.0,person,Outer,1.6919647898482777
Tailgating,600.0,204,302.0,motorcycle,Outer,2.921358022656448
Tailgating,600.0,295,134.0,person,Outer,3.9663418597272506
Tailgating,601.0,287,171.0,motorcycle,Inner,1.5995552984024526
Tailgating,601.0,171,260.0,car,Inner,1.253798293036496
Tailgating,601.0,180,294.0,motorcycle,Inner,0.3784184099073197
Tailgating,601.0,294,20.0,car,Inner,0.0007056270946794428
Tailgating,601.0,282,244.0,motorcycle,Inner,1.3578951296473096
Tailgating,601.0,226,300.0,person,Outer,1.727499176801828
Tailgating,601.0,55,262.0,car,Outer,1.6046263699885073
Tailgating,601.0,204,302.0,motorcycle,Outer,2.8669967526504925
Tailgating,601.0,295,134.0,person,Outer,3.973486516618863
Tailgating,601.0,134,90.0,motorcycle,Outer,2.8370646541656193
Tailgating,602.0,287,171.0,motorcycle,Inner,1.6064014893088436
Tailgating,602.0,171,260.0,car,Inner,1.1991360447103006
Tailgating,602.0,180,294.0,motorcycle,Inner,0.36512587614460906
Tailgating,602.0,294,20.0,car,Inner,0.0010290066784075257
Tailgating,602.0,282,244.0,motorcycle,Inner,1.3530419289078859
Tailgating,602.0,55,262.0,car,Outer,1.568131996557727
Tailgating,602.0,204,302.0,motorcycle,Outer,2.8112925588134177
Tailgating,602.0,295,134.0,person,Outer,3.9742471801978376
Tailgating,602.0,134,90.0,motorcycle,Outer,2.8462588110575053
Tailgating,602.0,226,300.0,person,Outer,1.7621148804453381
Tailgating,603.0,287,171.0,motorcycle,Inner,1.6161896946859946
Tailgating,603.0,171,260.0,car,Inner,1.144187986826836
Tailgating,603.0,180,294.0,motorcycle,Inner,0.35073636587804374
Tailgating,603.0,294,20.0,car,Inner,0.0020385687974612916
Tailgating,603.0,282,244.0,motorcycle,Inner,1.3475989431323618
Tailgating,603.0,55,262.0,car,Outer,1.5301114665315179
Tailgating,603.0,204,302.0,motorcycle,Outer,2.7553652607274066
Tailgating,603.0,295,134.0,person,Outer,3.9736651754172287
Tailgating,603.0,134,90.0,motorcycle,Outer,2.8570978799773794
Tailgating,603.0,226,300.0,person,Outer,1.8011283233341504
Tailgating,604.0,287,171.0,motorcycle,Inner,1.6296781698272522
Tailgating,604.0,171,260.0,car,Inner,1.0904323122283284
Tailgating,604.0,180,294.0,motorcycle,Inner,0.3368365611393082
Tailgating,604.0,294,20.0,car,Inner,0.0029177808219702146
Tailgating,604.0,282,244.0,motorcycle,Inner,1.3438096842817202
Tailgating,604.0,204,302.0,motorcycle,Outer,2.694925012648114
Tailgating,604.0,295,134.0,person,Outer,3.976880512307553
Tailgating,604.0,134,90.0,motorcycle,Outer,2.867540946660354
Tailgating,604.0,226,300.0,person,Outer,1.8444090148881778
Tailgating,605.0,287,171.0,motorcycle,Inner,1.6464246262871431
Tailgating,605.0,171,260.0,car,Inner,1.036766899820812
Tailgating,605.0,180,294.0,motorcycle,Inner,0.3235347754179475
Tailgating,605.0,294,20.0,car,Inner,0.003296809951973698
Tailgating,605.0,20,295.0,car,Inner,3.1133380058616416
Tailgating,605.0,282,244.0,motorcycle,Inner,1.3401800982996048
Tailgating,605.0,204,302.0,motorcycle,Outer,2.631961027619682
Tailgating,605.0,134,90.0,motorcycle,Outer,2.878309395764251
Tailgating,605.0,226,300.0,person,Outer,1.890404516296858
Tailgating,606.0,287,171.0,motorcycle,Inner,1.6581391484074843
Tailgating,606.0,171,260.0,car,Inner,0.9824815585680126
Tailgating,606.0,180,294.0,motorcycle,Inner,0.30975316703938877
Tailgating,606.0,294,20.0,car,Inner,0.003934648648298437
Tailgating,606.0,20,295.0,car,Inner,3.074341253077639
Tailgating,606.0,282,244.0,motorcycle,Inner,1.3364739128082022
Tailgating,606.0,204,302.0,motorcycle,Outer,2.5672695291041276
Tailgating,606.0,134,90.0,motorcycle,Outer,2.8888319349951663
Tailgating,606.0,226,300.0,person,Outer,1.933920649023531
Tailgating,607.0,287,171.0,motorcycle,Inner,1.6681963583108
Tailgating,607.0,171,260.0,car,Inner,0.928218331098296
Tailgating,607.0,283,250.0,motorcycle,Inner,3.4652670601523483
Tailgating,607.0,180,294.0,motorcycle,Inner,0.2962322895136611
Tailgating,607.0,294,20.0,car,Inner,0.0045856498778258275
Tailgating,607.0,20,295.0,car,Inner,3.0342565756583575
Tailgating,607.0,237,82.0,motorcycle,Inner,0.8756112699148235
Tailgating,607.0,282,244.0,motorcycle,Inner,1.3349645972126458
Tailgating,607.0,204,302.0,motorcycle,Outer,2.500131519533126
Tailgating,607.0,134,90.0,motorcycle,Outer,2.8983261191467298
Tailgating,607.0,226,300.0,person,Outer,1.9729731190764597
Tailgating,608.0,287,171.0,motorcycle,Inner,1.6738517588044626
Tailgating,608.0,171,260.0,car,Inner,0.8805295521154196
Tailgating,608.0,283,250.0,motorcycle,Inner,3.5611735720651527
Tailgating,608.0,294,20.0,car,Inner,0.004652318749174634
Tailgating,608.0,20,295.0,car,Inner,2.999109708482594
Tailgating,608.0,237,82.0,motorcycle,Inner,0.8059886474997142
Tailgating,608.0,282,244.0,motorcycle,Inner,1.3327755505822696
Tailgating,608.0,180,204.0,motorcycle,Outer,0.6719032839758695
Tailgating,608.0,204,302.0,motorcycle,Outer,2.4415232174523296
Tailgating,608.0,134,90.0,motorcycle,Outer,2.903358507829587
Tailgating,608.0,226,300.0,person,Outer,2.0050632672976145
Tailgating,609.0,287,171.0,motorcycle,Inner,1.6792215412618017
Tailgating,609.0,171,260.0,car,Inner,0.8281632905197979
Tailgating,609.0,283,250.0,motorcycle,Inner,3.6260368538702807
Tailgating,609.0,294,20.0,car,Inner,0.005090579948129782
Tailgating,609.0,20,295.0,car,Inner,2.9637231334129734
Tailgating,609.0,237,82.0,motorcycle,Inner,0.7358643635802891
Tailgating,609.0,282,244.0,motorcycle,Inner,1.3280657197508317
Tailgating,609.0,180,204.0,motorcycle,Outer,0.7000362207681857
Tailgating,609.0,204,302.0,motorcycle,Outer,2.385166069792992
Tailgating,609.0,226,300.0,person,Outer,2.036306610514805
Tailgating,610.0,287,171.0,motorcycle,Inner,1.6846507317007517
Tailgating,610.0,171,260.0,car,Inner,0.7727009798298652
Tailgating,610.0,283,250.0,motorcycle,Inner,3.67915512699825
Tailgating,610.0,294,20.0,car,Inner,0.004595026318369863
Tailgating,610.0,20,295.0,car,Inner,2.9289492483271116
Tailgating,610.0,56,33.0,motorcycle,Inner,1.2871149051378614
Tailgating,610.0,237,82.0,motorcycle,Inner,0.6653018761389529
Tailgating,610.0,282,244.0,motorcycle,Inner,1.3244516636131978
Tailgating,610.0,180,204.0,motorcycle,Outer,0.7299724659484444
Tailgating,610.0,204,302.0,motorcycle,Outer,2.3274765677173903
Tailgating,610.0,226,300.0,person,Outer,2.068411050988446
Tailgating,611.0,287,171.0,motorcycle,Inner,1.692834658568826
Tailgating,611.0,171,260.0,car,Inner,0.7123186243033416
Tailgating,611.0,283,250.0,motorcycle,Inner,3.7312943916771997
Tailgating,611.0,294,20.0,car,Inner,0.004399876398209336
Tailgating,611.0,20,295.0,car,Inner,2.8963022050187157
Tailgating,611.0,56,33.0,motorcycle,Inner,1.341195481746034
Tailgating,611.0,237,82.0,motorcycle,Inner,0.594976044576344
Tailgating,611.0,282,244.0,motorcycle,Inner,1.3207782186993566
Tailgating,611.0,180,204.0,motorcycle,Outer,0.7579752455278214
Tailgating,611.0,204,302.0,motorcycle,Outer,2.274860424676064
Tailgating,611.0,226,300.0,person,Outer,2.0999577515065235
Tailgating,612.0,287,171.0,motorcycle,Inner,1.702349307748959
Tailgating,612.0,171,260.0,car,Inner,0.6495086955209054
Tailgating,612.0,283,250.0,motorcycle,Inner,3.782861275147618
Tailgating,612.0,294,20.0,car,Inner,0.00425385870534031
Tailgating,612.0,20,295.0,car,Inner,2.8650429436521847
Tailgating,612.0,56,33.0,motorcycle,Inner,1.4004813784784487
Tailgating,612.0,237,82.0,motorcycle,Inner,0.5249863885312781
Tailgating,612.0,282,244.0,motorcycle,Inner,1.31842337838436
Tailgating,612.0,180,204.0,motorcycle,Outer,0.7845512001388779
Tailgating,612.0,204,302.0,motorcycle,Outer,2.2254883476342795
Tailgating,612.0,226,300.0,person,Outer,2.1313751583627276
Tailgating,613.0,287,171.0,motorcycle,Inner,1.7131477288258825
Tailgating,613.0,171,260.0,car,Inner,0.5852032826589018
Tailgating,613.0,283,307.0,motorcycle,Inner,3.5166099210730115
Tailgating,613.0,294,20.0,car,Inner,0.004053761645163995
Tailgating,613.0,20,295.0,car,Inner,2.831941215216052
Tailgating,613.0,56,33.0,motorcycle,Inner,1.462293876919492
Tailgating,613.0,237,82.0,motorcycle,Inner,0.4533782143931541
Tailgating,613.0,282,244.0,motorcycle,Inner,1.3172639876357475
Tailgating,613.0,180,204.0,motorcycle,Outer,0.8093287912102953
Tailgating,613.0,204,302.0,motorcycle,Outer,2.181670269312616
Tailgating,613.0,226,300.0,person,Outer,2.1616633156031484
Tailgating,614.0,287,171.0,motorcycle,Inner,1.726091830094575
Tailgating,614.0,171,260.0,car,Inner,0.5178501666582422
Tailgating,614.0,307,250.0,motorcycle,Inner,0.8159502712662723
Tailgating,614.0,294,20.0,car,Inner,0.0036860707245137446
Tailgating,614.0,20,295.0,car,Inner,2.7967125349346524
Tailgating,614.0,56,33.0,motorcycle,Inner,1.5253125097418248
Tailgating,614.0,237,82.0,motorcycle,Inner,0.3807700932394854
Tailgating,614.0,282,244.0,motorcycle,Inner,1.3154372509779244
Tailgating,614.0,180,204.0,motorcycle,Outer,0.8345471543032669
Tailgating,614.0,204,302.0,motorcycle,Outer,2.138037893553939
Tailgating,614.0,226,300.0,person,Outer,2.193384545517414
Tailgating,615.0,287,171.0,motorcycle,Inner,1.7394070377079174
Tailgating,615.0,171,260.0,car,Inner,0.4486923137830849
Tailgating,615.0,260,268.0,motorcycle,Inner,0.8750853317167576
Tailgating,615.0,294,20.0,car,Inner,0.0035996791534023812
Tailgating,615.0,20,295.0,car,Inner,2.759677398974618
Tailgating,615.0,56,33.0,motorcycle,Inner,1.588269073190699
Tailgating,615.0,237,82.0,motorcycle,Inner,0.3078363835280518
Tailgating,615.0,282,244.0,motorcycle,Inner,1.3132283153160813
Tailgating,615.0,180,204.0,motorcycle,Outer,0.860359664440496
Tailgating,615.0,204,302.0,motorcycle,Outer,2.0949610455745287
Tailgating,615.0,226,300.0,person,Outer,2.225824867116158
Tailgating,616.0,287,171.0,motorcycle,Inner,1.757082519427949
Tailgating,616.0,171,260.0,car,Inner,0.3782396524358428
Tailgating,616.0,294,20.0,car,Inner,0.003290975369100933
Tailgating,616.0,20,295.0,car,Inner,2.7244900376340984
Tailgating,616.0,56,33.0,motorcycle,Inner,1.6520332475869421
Tailgating,616.0,237,82.0,motorcycle,Inner,0.23433816627324436
Tailgating,616.0,282,244.0,motorcycle,Inner,1.3122077214387604
Tailgating,616.0,180,204.0,motorcycle,Outer,0.887145388616895
Tailgating,616.0,204,302.0,motorcycle,Outer,2.05099836203137
Tailgating,616.0,226,300.0,person,Outer,2.2578170762748107
Tailgating,617.0,287,171.0,motorcycle,Inner,1.7730699565544388
Tailgating,617.0,171,260.0,car,Inner,0.31048931416875014
Tailgating,617.0,260,268.0,motorcycle,Inner,0.9810252954533141
Tailgating,617.0,294,20.0,car,Inner,0.0032273429792491573
Tailgating,617.0,20,295.0,car,Inner,2.68468638520345
Tailgating,617.0,56,33.0,motorcycle,Inner,1.6749000119075022
Tailgating,617.0,237,82.0,motorcycle,Inner,0.16197210640370022
Tailgating,617.0,282,244.0,motorcycle,Inner,1.3088721042761138
Tailgating,617.0,180,204.0,motorcycle,Outer,0.9137478219325553
Tailgating,617.0,204,302.0,motorcycle,Outer,2.005927620798904
Tailgating,617.0,226,300.0,person,Outer,2.2901723550009274
Tailgating,618.0,287,171.0,motorcycle,Inner,1.7869603474872253
Tailgating,618.0,171,260.0,car,Inner,0.2506449875410469
Tailgating,618.0,294,20.0,car,Inner,0.0031635716448174564
Tailgating,618.0,20,295.0,car,Inner,2.6435893222676614
Tailgating,618.0,237,82.0,motorcycle,Inner,0.09695887606824435
Tailgating,618.0,282,244.0,motorcycle,Inner,1.3022099088790053
Tailgating,618.0,180,204.0,motorcycle,Outer,0.9387871950106236
Tailgating,618.0,204,302.0,motorcycle,Outer,1.9634069532731824
Tailgating,618.0,134,290.0,motorcycle,Outer,1.3608461389482573
Tailgating,618.0,226,300.0,person,Outer,2.320077643366782
Tailgating,619.0,287,171.0,motorcycle,Inner,1.8016969364005557
Tailgating,619.0,171,260.0,car,Inner,0.18787611427158835
Tailgating,619.0,294,20.0,car,Inner,0.0026878290759913535
Tailgating,619.0,20,295.0,car,Inner,2.597884050404959
Tailgating,619.0,237,82.0,motorcycle,Inner,0.02957705593603514
Tailgating,619.0,282,244.0,motorcycle,Inner,1.2911994180473199
Tailgating,619.0,180,204.0,motorcycle,Outer,0.9614792553378974
Tailgating,619.0,204,302.0,motorcycle,Outer,1.9208596475169575
Tailgating,619.0,134,290.0,motorcycle,Outer,1.3815929302072503
Tailgating,619.0,226,300.0,person,Outer,2.349936030443888
Tailgating,620.0,287,171.0,motorcycle,Inner,1.8173634675215817
Tailgating,620.0,171,260.0,car,Inner,0.12377729145795704
Tailgating,620.0,307,250.0,motorcycle,Inner,0.9570196826891216
Tailgating,620.0,294,20.0,car,Inner,0.002633031923552598
Tailgating,620.0,20,295.0,car,Inner,2.554042244922664
Tailgating,620.0,237,132.0,motorcycle,Inner,0.9413954819802799
Tailgating,620.0,282,244.0,motorcycle,Inner,1.2787359197453754
Tailgating,620.0,180,204.0,motorcycle,Outer,0.9895272136284188
Tailgating,620.0,204,302.0,motorcycle,Outer,1.8717700544194749
Tailgating,620.0,134,290.0,motorcycle,Outer,1.398143268021466
Tailgating,620.0,226,300.0,person,Outer,2.381987135892465
Tailgating,621.0,287,171.0,motorcycle,Inner,1.8318370014417882
Tailgating,621.0,171,260.0,car,Inner,0.05973029066870565
Tailgating,621.0,283,278.0,motorcycle,Inner,0.004921906538890867
Tailgating,621.0,307,250.0,motorcycle,Inner,0.9757802761999272
Tailgating,621.0,294,20.0,car,Inner,0.0027733469028236777
Tailgating,621.0,20,295.0,car,Inner,2.512079127556763
Tailgating,621.0,237,132.0,motorcycle,Inner,0.8675512286238182
Tailgating,621.0,282,244.0,motorcycle,Inner,1.2679133516579095
Tailgating,621.0,180,204.0,motorcycle,Outer,1.0183675526488276
Tailgating,621.0,204,302.0,motorcycle,Outer,1.823740040473456
Tailgating,621.0,226,300.0,person,Outer,2.4146050986764567
Tailgating,622.0,287,260.0,motorcycle,Inner,1.5523643812414298
Tailgating,622.0,171,268.0,car,Inner,1.439987741084584
Tailgating,622.0,283,278.0,motorcycle,Inner,0.031327926034789004
Tailgating,622.0,307,250.0,motorcycle,Inner,0.9951770726494502
Tailgating,622.0,294,20.0,car,Inner,0.0028839668704755002
Tailgating,622.0,20,295.0,car,Inner,2.471186878966824
Tailgating,622.0,237,132.0,motorcycle,Inner,0.7962650380222331
Tailgating,622.0,282,244.0,motorcycle,Inner,1.258221521024554
Tailgating,622.0,180,204.0,motorcycle,Outer,1.047755843239492
Tailgating,622.0,204,302.0,motorcycle,Outer,1.7724411479795597
Tailgating,622.0,226,300.0,person,Outer,2.447372634558672
Tailgating,623.0,203,287.0,motorcycle,Inner,0.39489078130042554
Tailgating,623.0,287,260.0,motorcycle,Inner,1.5006671303565515
Tailgating,623.0,171,268.0,car,Inner,1.4360146147966357
Tailgating,623.0,283,278.0,motorcycle,Inner,0.061708293608571343
Tailgating,623.0,307,250.0,motorcycle,Inner,1.0155855638400395
Tailgating,623.0,294,20.0,car,Inner,0.0027975288655948507
Tailgating,623.0,20,295.0,car,Inner,2.4280604631306604
Tailgating,623.0,237,132.0,motorcycle,Inner,0.7195275683660235
Tailgating,623.0,282,244.0,motorcycle,Inner,1.2491526874445724
Tailgating,623.0,180,204.0,motorcycle,Outer,1.0756561176380801
Tailgating,623.0,204,302.0,motorcycle,Outer,1.7209552057754205
Tailgating,623.0,226,300.0,person,Outer,2.481447534543253
Tailgating,624.0,203,287.0,motorcycle,Inner,0.45696149308368444
Tailgating,624.0,287,260.0,motorcycle,Inner,1.4473906283898286
Tailgating,624.0,171,268.0,car,Inner,1.4265375856243088
Tailgating,624.0,283,278.0,motorcycle,Inner,0.08955812791042331
Tailgating,624.0,307,250.0,motorcycle,Inner,1.0363957228821443
Tailgating,624.0,294,20.0,car,Inner,0.00234552148996392
Tailgating,624.0,20,295.0,car,Inner,2.3913101975814492
Tailgating,624.0,237,132.0,motorcycle,Inner,0.6385609155636167
Tailgating,624.0,282,244.0,motorcycle,Inner,1.2425984493158495
Tailgating,624.0,180,204.0,motorcycle,Outer,1.104424497965657
Tailgating,624.0,204,302.0,motorcycle,Outer,1.6650124923240035
Tailgating,624.0,226,300.0,person,Outer,2.5140318191586255
Tailgating,625.0,203,287.0,motorcycle,Inner,0.5187998338874545
Tailgating,625.0,287,260.0,motorcycle,Inner,1.3922382097423391
Tailgating,625.0,171,268.0,car,Inner,1.4150148759303327
Tailgating,625.0,283,278.0,motorcycle,Inner,0.115849712820693
Tailgating,625.0,294,20.0,car,Inner,0.0017478927290449228
Tailgating,625.0,20,295.0,car,Inner,2.358490278110993
Tailgating,625.0,237,132.0,motorcycle,Inner,0.5559207161288862
Tailgating,625.0,282,244.0,motorcycle,Inner,1.2379926770670309
Tailgating,625.0,180,204.0,motorcycle,Outer,1.1330905127181958
Tailgating,625.0,204,302.0,motorcycle,Outer,1.607135354536024
Tailgating,625.0,226,300.0,person,Outer,2.545557823840183
Tailgating,626.0,203,287.0,motorcycle,Inner,0.5800320458074434
Tailgating,626.0,287,260.0,motorcycle,Inner,1.3364847924582435
Tailgating,626.0,260,171.0,motorcycle,Inner,0.28447056255187453
Tailgating,626.0,171,268.0,car,Inner,1.3995551388678884
Tailgating,626.0,283,278.0,motorcycle,Inner,0.14264049545593524
Tailgating,626.0,294,20.0,car,Inner,0.0016759109043111163
Tailgating,626.0,20,295.0,car,Inner,2.3272905958055907
Tailgating,626.0,237,132.0,motorcycle,Inner,0.47301404378528794
Tailgating,626.0,282,244.0,motorcycle,Inner,1.2375496406320312
Tailgating,626.0,180,204.0,motorcycle,Outer,1.165998747007554
Tailgating,626.0,204,302.0,motorcycle,Outer,1.5476114066814233
Tailgating,626.0,226,300.0,person,Outer,2.5791342432790247
Tailgating,627.0,203,287.0,motorcycle,Inner,0.6409176783140875
Tailgating,627.0,287,260.0,motorcycle,Inner,1.2794183633096932
Tailgating,627.0,260,268.0,motorcycle,Inner,1.4770821670307137
Tailgating,627.0,283,278.0,motorcycle,Inner,0.1714151409766272
Tailgating,627.0,294,20.0,car,Inner,0.0006557263875598772
Tailgating,627.0,20,295.0,car,Inner,2.291800284410533
Tailgating,627.0,237,132.0,motorcycle,Inner,0.4027380762832105
Tailgating,627.0,282,244.0,motorcycle,Inner,1.237209395919238
Tailgating,627.0,171,5.0,car,Outer,0.4264842385751446
Tailgating,627.0,180,204.0,motorcycle,Outer,1.1966455238377203
Tailgating,627.0,204,302.0,motorcycle,Outer,1.49269957733163
Tailgating,627.0,226,300.0,person,Outer,2.613917483200436
Tailgating,628.0,287,260.0,motorcycle,Inner,1.2274654016525666
Tailgating,628.0,20,294.0,car,Inner,0.0007795558931078052
Tailgating,628.0,294,295.0,car,Inner,2.2553148908358414
Tailgating,628.0,237,132.0,motorcycle,Inner,0.3421858209419594
Tailgating,628.0,282,244.0,motorcycle,Inner,1.2362717461714987
Tailgating,628.0,171,5.0,car,Outer,0.39866984774353015
Tailgating,628.0,180,204.0,motorcycle,Outer,1.223104495559461
Tailgating,628.0,204,302.0,motorcycle,Outer,1.4430411587397531
Tailgating,628.0,226,300.0,person,Outer,2.6467879446794735
Tailgating,629.0,287,260.0,motorcycle,Inner,1.1729236623274122
Tailgating,629.0,260,268.0,motorcycle,Inner,1.5779498870447168
Tailgating,629.0,20,294.0,car,Inner,0.0033561896581122633
Tailgating,629.0,294,295.0,car,Inner,2.2208604871146314
Tailgating,629.0,237,132.0,motorcycle,Inner,0.27971011934687906
Tailgating,629.0,282,244.0,motorcycle,Inner,1.2323170643946157
Tailgating,629.0,171,5.0,car,Outer,0.3694037834404872
Tailgating,629.0,180,204.0,motorcycle,Outer,1.2507666663331851
Tailgating,629.0,204,302.0,motorcycle,Outer,1.396345285575418
Tailgating,629.0,226,63.0,person,Outer,1.9403582425975276
Tailgating,630.0,287,260.0,motorcycle,Inner,1.1152179604891752
Tailgating,630.0,260,268.0,motorcycle,Inner,1.628428241754592
Tailgating,630.0,20,294.0,car,Inner,0.005652443375203474
Tailgating,630.0,294,295.0,car,Inner,2.183631659440508
Tailgating,630.0,237,132.0,motorcycle,Inner,0.22005049644052005
Tailgating,630.0,282,244.0,motorcycle,Inner,1.2290128736052424
Tailgating,630.0,171,5.0,car,Outer,0.3120468210318731
Tailgating,630.0,180,204.0,motorcycle,Outer,1.2807676759773077
Tailgating,630.0,204,302.0,motorcycle,Outer,1.346711459497438
Tailgating,630.0,226,63.0,person,Outer,1.9780420986816334
Tailgating,631.0,287,260.0,motorcycle,Inner,1.0563139065029319
Tailgating,631.0,260,268.0,motorcycle,Inner,1.6812035759188522
Tailgating,631.0,20,294.0,car,Inner,0.0076434702272348415
Tailgating,631.0,294,295.0,car,Inner,2.1409763405635944
Tailgating,631.0,237,132.0,motorcycle,Inner,0.1611882078265443
Tailgating,631.0,282,244.0,motorcycle,Inner,1.2271775559130607
Tailgating,631.0,16,63.0,car,Outer,0.08560896987676453
Tailgating,631.0,171,5.0,car,Outer,0.2438883004046726
Tailgating,631.0,180,204.0,motorcycle,Outer,1.3109310358794137
Tailgating,631.0,204,302.0,motorcycle,Outer,1.3016781190913078
Tailgating,631.0,226,16.0,person,Outer,1.9377989352062832
Tailgating,632.0,287,260.0,motorcycle,Inner,0.9974472128849846
Tailgating,632.0,260,268.0,motorcycle,Inner,1.735333330841085
Tailgating,632.0,268,274.0,motorcycle,Inner,0.018270724410387493
Tailgating,632.0,20,294.0,car,Inner,0.009545338991119034
Tailgating,632.0,294,295.0,car,Inner,2.0949380391787753
Tailgating,632.0,237,132.0,motorcycle,Inner,0.10262875542464225
Tailgating,632.0,16,63.0,car,Outer,0.06564514190919875
Tailgating,632.0,171,5.0,car,Outer,0.17155301497199593
Tailgating,632.0,180,204.0,motorcycle,Outer,1.341173831081994
Tailgating,632.0,204,302.0,motorcycle,Outer,1.2589080677174207
Tailgating,632.0,282,68.0,motorcycle,Outer,2.242935456727761
Tailgating,632.0,226,16.0,person,Outer,2.0000760274012426
Tailgating,633.0,287,260.0,motorcycle,Inner,0.939060551843399
Tailgating,633.0,268,274.0,motorcycle,Inner,0.01235760018214435
Tailgating,633.0,20,294.0,car,Inner,0.011802776406198638
Tailgating,633.0,294,295.0,car,Inner,2.0510085184607503
Tailgating,633.0,237,132.0,motorcycle,Inner,0.03824810944791182
Tailgating,633.0,16,63.0,car,Outer,0.05480308342202724
Tailgating,633.0,171,5.0,car,Outer,0.09246105769998018
Tailgating,633.0,180,204.0,motorcycle,Outer,1.3717377552257168
Tailgating,633.0,204,302.0,motorcycle,Outer,1.2143609402215436
Tailgating,633.0,134,290.0,motorcycle,Outer,1.3712075593779858
Tailgating,633.0,282,68.0,motorcycle,Outer,2.2116792126883413
Tailgating,633.0,226,16.0,person,Outer,2.0551031822751566
Tailgating,634.0,287,260.0,motorcycle,Inner,0.8789486346474048
Tailgating,634.0,20,294.0,car,Inner,0.013405001160219445
Tailgating,634.0,294,295.0,car,Inner,2.012383914670968
Tailgating,634.0,237,244.0,motorcycle,Inner,2.9616892979769105
Tailgating,634.0,16,63.0,car,Outer,0.05678744387376109
Tailgating,634.0,63,300.0,car,Outer,0.8279252123650144
Tailgating,634.0,171,5.0,car,Outer,0.01062102403636416
Tailgating,634.0,180,204.0,motorcycle,Outer,1.402431467236314
Tailgating,634.0,204,302.0,motorcycle,Outer,1.1691616356044998
Tailgating,634.0,134,290.0,motorcycle,Outer,1.3879997466651668
Tailgating,634.0,282,68.0,motorcycle,Outer,2.1764716062983256
Tailgating,634.0,226,16.0,person,Outer,2.107867934314351
Tailgating,635.0,287,260.0,motorcycle,Inner,0.8183345378231612
Tailgating,635.0,71,135.0,car,Inner,1.625336188301255
Tailgating,635.0,20,294.0,car,Inner,0.014539027900254159
Tailgating,635.0,294,295.0,car,Inner,1.9773551427650653
Tailgating,635.0,237,244.0,motorcycle,Inner,2.9326605631840694
Tailgating,635.0,16,63.0,car,Outer,0.06573016477181695
Tailgating,635.0,63,300.0,car,Outer,0.7922817835265894
Tailgating,635.0,5,171.0,motorcycle,Outer,0.07346328445146467
Tailgating,635.0,180,204.0,motorcycle,Outer,1.4327138384914848
Tailgating,635.0,204,302.0,motorcycle,Outer,1.1234014395636984
Tailgating,635.0,134,290.0,motorcycle,Outer,1.40690946260134
Tailgating,635.0,282,68.0,motorcycle,Outer,2.1390209575761703
Tailgating,635.0,226,16.0,person,Outer,2.1593159301892286
Tailgating,636.0,287,260.0,motorcycle,Inner,0.7610296401079252
Tailgating,636.0,20,294.0,car,Inner,0.013553758678127664
Tailgating,636.0,294,295.0,car,Inner,1.9392838317504912
Tailgating,636.0,237,244.0,motorcycle,Inner,2.9043214531999673
Tailgating,636.0,180,204.0,motorcycle,Outer,1.461972660631281
Tailgating,636.0,204,302.0,motorcycle,Outer,1.0770642544351294
Tailgating,636.0,134,290.0,motorcycle,Outer,1.4437982412120158
Tailgating,636.0,282,68.0,motorcycle,Outer,2.105824655176032
Tailgating,636.0,226,16.0,person,Outer,2.2065707585304786
Tailgating,637.0,287,260.0,motorcycle,Inner,0.7052352387326857
Tailgating,637.0,20,294.0,car,Inner,0.012312173176681103
Tailgating,637.0,294,295.0,car,Inner,1.9009449788762922
Tailgating,637.0,132,237.0,person,Inner,0.2744252358491416
Tailgating,637.0,237,244.0,motorcycle,Inner,2.877347498089732
Tailgating,637.0,180,204.0,motorcycle,Outer,1.4900105903634822
Tailgating,637.0,204,302.0,motorcycle,Outer,1.0247072516530138
Tailgating,637.0,134,290.0,motorcycle,Outer,1.4725847749088685
Tailgating,637.0,282,68.0,motorcycle,Outer,2.069914762891428
Tailgating,637.0,226,16.0,person,Outer,2.2508350837026203
Tailgating,638.0,287,260.0,motorcycle,Inner,0.6540808788199779
Tailgating,638.0,278,307.0,person,Inner,3.832125901308481
Tailgating,638.0,20,294.0,car,Inner,0.010609707681204039
Tailgating,638.0,294,295.0,car,Inner,1.866844473956726
Tailgating,638.0,237,244.0,motorcycle,Inner,2.8523966589523764
Tailgating,638.0,180,204.0,motorcycle,Outer,1.515340937176039
Tailgating,638.0,204,302.0,motorcycle,Outer,0.9736431534895291
Tailgating,638.0,134,290.0,motorcycle,Outer,1.495069705449273
Tailgating,638.0,282,68.0,motorcycle,Outer,2.0336710365192414
Tailgating,638.0,226,16.0,person,Outer,2.2884017874203515
Tailgating,639.0,287,260.0,motorcycle,Inner,0.6031712064549271
Tailgating,639.0,20,294.0,car,Inner,0.0087026737502474
Tailgating,639.0,294,295.0,car,Inner,1.831023326394213
Tailgating,639.0,132,237.0,person,Inner,0.42276209445999147
Tailgating,639.0,237,244.0,motorcycle,Inner,2.8221740682513743
Tailgating,639.0,5,171.0,motorcycle,Outer,0.25918422027149834
Tailgating,639.0,55,262.0,car,Outer,1.408972167254305
Tailgating,639.0,180,204.0,motorcycle,Outer,1.5406741801597963
Tailgating,639.0,204,302.0,motorcycle,Outer,0.9188442648045989
Tailgating,639.0,134,290.0,motorcycle,Outer,1.532394745555104
Tailgating,639.0,282,68.0,motorcycle,Outer,1.9959285162275877
Tailgating,639.0,226,16.0,person,Outer,2.328073191100785
Tailgating,640.0,203,287.0,motorcycle,Inner,1.355398883955576
Tailgating,640.0,287,260.0,motorcycle,Inner,0.5469691367392412
Tailgating,640.0,20,294.0,car,Inner,0.006396585426679769
Tailgating,640.0,294,295.0,car,Inner,1.7907860810547176
Tailgating,640.0,132,237.0,person,Inner,0.4966910680966571
Tailgating,640.0,237,244.0,motorcycle,Inner,2.789640143985937
Tailgating,640.0,5,171.0,motorcycle,Outer,0.25485213720818295
Tailgating,640.0,180,204.0,motorcycle,Outer,1.5644395081917373
Tailgating,640.0,204,302.0,motorcycle,Outer,0.8636027268183143
Tailgating,640.0,134,290.0,motorcycle,Outer,1.575657034323791
Tailgating,640.0,282,68.0,motorcycle,Outer,1.9578288953278777
Tailgating,640.0,226,16.0,person,Outer,2.3683288109285123
Tailgating,641.0,203,287.0,motorcycle,Inner,1.4431459253537229
Tailgating,641.0,287,260.0,motorcycle,Inner,0.48812280126769536
Tailgating,641.0,268,274.0,motorcycle,Inner,0.13306661682516177
Tailgating,641.0,20,294.0,car,Inner,0.0038620241920956444
Tailgating,641.0,294,295.0,car,Inner,1.7476654368128863
Tailgating,641.0,237,244.0,motorcycle,Inner,2.756510612132047
Tailgating,641.0,5,171.0,motorcycle,Outer,0.24537633755543964
Tailgating,641.0,180,204.0,motorcycle,Outer,1.5868738216240161
Tailgating,641.0,204,302.0,motorcycle,Outer,0.8109684734668426
Tailgating,641.0,134,290.0,motorcycle,Outer,1.619501516170163
Tailgating,641.0,282,68.0,motorcycle,Outer,1.9240613571806677
Tailgating,642.0,203,287.0,motorcycle,Inner,1.5223674742461168
Tailgating,642.0,287,260.0,motorcycle,Inner,0.42760611160603224
Tailgating,642.0,268,274.0,motorcycle,Inner,0.10960765574246834
Tailgating,642.0,20,294.0,car,Inner,0.002261328925499002
Tailgating,642.0,294,295.0,car,Inner,1.702536899334527
Tailgating,642.0,237,244.0,motorcycle,Inner,2.722901284818429
Tailgating,642.0,5,171.0,motorcycle,Outer,0.23387071820233032
Tailgating,642.0,180,204.0,motorcycle,Outer,1.6086768257134254
Tailgating,642.0,204,302.0,motorcycle,Outer,0.7613557513156243
Tailgating,642.0,134,290.0,motorcycle,Outer,1.6634646463260854
Tailgating,642.0,282,68.0,motorcycle,Outer,1.892358957526079
Tailgating,643.0,203,287.0,motorcycle,Inner,1.5999777066162677
Tailgating,643.0,287,260.0,motorcycle,Inner,0.36025181671956197
Tailgating,643.0,268,274.0,motorcycle,Inner,0.08403473259293599
Tailgating,643.0,20,294.0,car,Inner,0.0012185364611471286
Tailgating,643.0,294,295.0,car,Inner,1.652245284271513
Tailgating,643.0,132,237.0,person,Inner,0.6602766989875237
Tailgating,643.0,237,244.0,motorcycle,Inner,2.6910946110166116
Tailgating,643.0,5,171.0,motorcycle,Outer,0.22294653405324644
Tailgating,643.0,180,204.0,motorcycle,Outer,1.6292841427040863
Tailgating,643.0,204,302.0,motorcycle,Outer,0.7148785335281881
Tailgating,643.0,134,290.0,motorcycle,Outer,1.6786479182595604
Tailgating,643.0,297,282.0,car,Outer,0.7918966996578055
Tailgating,643.0,282,68.0,motorcycle,Outer,1.8596009017507853
Tailgating,644.0,203,287.0,motorcycle,Inner,1.6731730167138024
Tailgating,644.0,287,260.0,motorcycle,Inner,0.29279564998329183
Tailgating,644.0,268,274.0,motorcycle,Inner,0.0566400240769277
Tailgating,644.0,274,278.0,motorcycle,Inner,0.41332630535114984
Tailgating,644.0,20,294.0,car,Inner,0.0007946349424516574
Tailgating,644.0,294,295.0,car,Inner,1.6036371209378502
Tailgating,644.0,237,244.0,motorcycle,Inner,2.658842223652128
Tailgating,644.0,5,171.0,motorcycle,Outer,0.22936602010568838
Tailgating,644.0,180,204.0,motorcycle,Outer,1.637775163702028
Tailgating,644.0,204,302.0,motorcycle,Outer,0.6798009218161953
Tailgating,644.0,134,290.0,motorcycle,Outer,1.6929462902780776
Tailgating,644.0,282,68.0,motorcycle,Outer,1.8270710107468975
Tailgating,645.0,287,260.0,motorcycle,Inner,0.22604833583536083
Tailgating,645.0,268,274.0,motorcycle,Inner,0.03337881778005588
Tailgating,645.0,274,278.0,motorcycle,Inner,0.39924260437730275
Tailgating,645.0,20,294.0,car,Inner,0.0010114100704675935
Tailgating,645.0,294,295.0,car,Inner,1.5558090792798844
Tailgating,645.0,237,244.0,motorcycle,Inner,2.6265262420003697
Tailgating,645.0,5,171.0,motorcycle,Outer,0.25217404353076833
Tailgating,645.0,180,302.0,motorcycle,Outer,2.155664335827747
Tailgating,645.0,134,290.0,motorcycle,Outer,1.7060261230898253
Tailgating,645.0,282,68.0,motorcycle,Outer,1.795532960423864
Tailgating,646.0,287,260.0,motorcycle,Inner,0.15462415460875406
Tailgating,646.0,268,274.0,motorcycle,Inner,0.011653314404317168
Tailgating,646.0,274,278.0,motorcycle,Inner,0.36880417474413474
Tailgating,646.0,20,294.0,car,Inner,0.0009258186347908056
Tailgating,646.0,294,295.0,car,Inner,1.503188971587197
Tailgating,646.0,237,244.0,motorcycle,Inner,2.5978345610335505
Tailgating,646.0,180,302.0,motorcycle,Outer,2.1388252950993154
Tailgating,646.0,134,290.0,motorcycle,Outer,1.7203256851177735
Tailgating,646.0,282,68.0,motorcycle,Outer,1.766463424886477
Tailgating,647.0,287,260.0,motorcycle,Inner,0.08578195354727773
Tailgating,647.0,274,268.0,motorcycle,Inner,0.008464735128022562
Tailgating,647.0,268,278.0,motorcycle,Inner,0.3203696080844458
Tailgating,647.0,20,294.0,car,Inner,0.0005675094163888297
Tailgating,647.0,294,295.0,car,Inner,1.4477514866029233
Tailgating,647.0,237,244.0,motorcycle,Inner,2.5722070447873193
Tailgating,647.0,5,171.0,motorcycle,Outer,0.40045660341581013
Tailgating,647.0,180,302.0,motorcycle,Outer,2.125547999443985
Tailgating,647.0,134,290.0,motorcycle,Outer,1.7331726039158963
Tailgating,647.0,282,68.0,motorcycle,Outer,1.7397704032237264
Tailgating,648.0,287,260.0,motorcycle,Inner,0.025775651006869738
Tailgating,648.0,20,294.0,car,Inner,0.0011787361838810023
Tailgating,648.0,294,295.0,car,Inner,1.394124248039847
Tailgating,648.0,237,244.0,motorcycle,Inner,2.5496431470149084
Tailgating,648.0,5,171.0,motorcycle,Outer,0.4834373934464978
Tailgating,648.0,180,302.0,motorcycle,Outer,2.1134481773467613
Tailgating,648.0,282,68.0,motorcycle,Outer,1.7169422361409377
Tailgating,649.0,287,274.0,motorcycle,Inner,2.959383520681812
Tailgating,649.0,20,294.0,car,Inner,0.0008815584116171162
Tailgating,649.0,294,295.0,car,Inner,1.33726361757637
Tailgating,649.0,237,244.0,motorcycle,Inner,2.528073463162518
Tailgating,649.0,180,302.0,motorcycle,Outer,2.10009990133734
Tailgating,649.0,282,68.0,motorcycle,Outer,1.6938074162095924
Tailgating,650.0,287,268.0,motorcycle,Inner,2.952491336260381
Tailgating,650.0,20,294.0,car,Inner,0.0005018103068548396
Tailgating,650.0,294,295.0,car,Inner,1.2864893125516945
Tailgating,650.0,237,244.0,motorcycle,Inner,2.5041036413961373
Tailgating,650.0,180,302.0,motorcycle,Outer,2.0845946453733726
Tailgating,650.0,297,282.0,car,Outer,0.9966803457118479
Tailgating,650.0,282,68.0,motorcycle,Outer,1.670224941028828
Tailgating,651.0,287,268.0,motorcycle,Inner,2.9458346092356282
Tailgating,651.0,274,278.0,motorcycle,Inner,0.19559614331245248
Tailgating,651.0,20,294.0,car,Inner,0.00034408335264702667
Tailgating,651.0,294,295.0,car,Inner,1.2325583350038982
Tailgating,651.0,237,244.0,motorcycle,Inner,2.4809382626196284
Tailgating,651.0,180,302.0,motorcycle,Outer,2.078387545437937
Tailgating,651.0,134,290.0,motorcycle,Outer,1.7741934340989167
Tailgating,651.0,282,68.0,motorcycle,Outer,1.6505487720063123
Tailgating,652.0,287,268.0,motorcycle,Inner,2.9407577353708647
Tailgating,652.0,268,274.0,motorcycle,Inner,0.0041247680558789265
Tailgating,652.0,274,278.0,motorcycle,Inner,0.15697401056858504
Tailgating,652.0,294,20.0,car,Inner,0.00015708882864129935
Tailgating,652.0,20,295.0,car,Inner,1.1766453183859629
Tailgating,652.0,237,244.0,motorcycle,Inner,2.458321152072939
Tailgating,652.0,5,171.0,motorcycle,Outer,0.6697562453824497
Tailgating,652.0,180,302.0,motorcycle,Outer,2.065181154475562
Tailgating,652.0,134,290.0,motorcycle,Outer,1.796221476373221
Tailgating,652.0,282,68.0,motorcycle,Outer,1.6332114535637179
Tailgating,653.0,287,268.0,motorcycle,Inner,2.935481658960418
Tailgating,653.0,268,274.0,motorcycle,Inner,0.005119759975461309
Tailgating,653.0,274,278.0,motorcycle,Inner,0.11901063440049409
Tailgating,653.0,294,20.0,car,Inner,8.390069342419615e-05
Tailgating,653.0,20,295.0,car,Inner,1.1269147345943047
Tailgating,653.0,237,244.0,motorcycle,Inner,2.4359631225003775
Tailgating,653.0,5,171.0,motorcycle,Outer,0.6730100496552255
Tailgating,653.0,180,302.0,motorcycle,Outer,2.0471979275115477
Tailgating,653.0,134,290.0,motorcycle,Outer,1.8122614288075365
Tailgating,653.0,282,68.0,motorcycle,Outer,1.6126285637961932
Tailgating,654.0,287,268.0,motorcycle,Inner,2.931156573037592
Tailgating,654.0,268,274.0,motorcycle,Inner,0.004334750517274782
Tailgating,654.0,274,278.0,motorcycle,Inner,0.08352208157678373
Tailgating,654.0,20,294.0,car,Inner,0.001965433830330501
Tailgating,654.0,294,295.0,car,Inner,1.0796980380724235
Tailgating,654.0,237,244.0,motorcycle,Inner,2.414580331082155
Tailgating,654.0,5,171.0,motorcycle,Outer,0.6679495365605578
Tailgating,654.0,180,302.0,motorcycle,Outer,2.025989096376681
Tailgating,654.0,282,68.0,motorcycle,Outer,1.590541436923326
Tailgating,655.0,260,287.0,motorcycle,Inner,0.4451624884301163
Tailgating,655.0,287,268.0,motorcycle,Inner,2.928848482651055
Tailgating,655.0,268,274.0,motorcycle,Inner,0.0016329867982679167
Tailgating,655.0,274,278.0,motorcycle,Inner,0.043743750465217134
Tailgating,655.0,20,294.0,car,Inner,0.0048657958671081076
Tailgating,655.0,294,295.0,car,Inner,1.034297618508942
Tailgating,655.0,237,244.0,motorcycle,Inner,2.3943413414613155
Tailgating,655.0,5,171.0,motorcycle,Outer,0.6595774716181078
Tailgating,655.0,180,302.0,motorcycle,Outer,2.0032841827621395
Tailgating,655.0,282,68.0,motorcycle,Outer,1.5678461724570618
Tailgating,656.0,260,287.0,motorcycle,Inner,0.5196446537079361
Tailgating,656.0,287,274.0,motorcycle,Inner,2.9256614535287233
Tailgating,656.0,274,268.0,motorcycle,Inner,0.0022146795417177247
Tailgating,656.0,268,278.0,motorcycle,Inner,0.004123449841583168
Tailgating,656.0,237,244.0,motorcycle,Inner,2.374852097424632
Tailgating,656.0,5,171.0,motorcycle,Outer,0.6783583972886283
Tailgating,656.0,20,294.0,car,Outer,0.0055760285361844825
Tailgating,656.0,294,180.0,car,Outer,0.2166647817240053
Tailgating,656.0,180,302.0,motorcycle,Outer,1.977921194847293
Tailgating,656.0,282,68.0,motorcycle,Outer,1.5441112641236616
Tailgating,657.0,260,287.0,motorcycle,Inner,0.5926610255387232
Tailgating,657.0,287,278.0,motorcycle,Inner,3.1320410400892778
Tailgating,657.0,274,268.0,motorcycle,Inner,0.005557139193338951
Tailgating,657.0,268,307.0,motorcycle,Inner,3.865602160955487
Tailgating,657.0,237,244.0,motorcycle,Inner,2.3585191835998396
Tailgating,657.0,5,171.0,motorcycle,Outer,0.689896895428871
Tailgating,657.0,20,294.0,car,Outer,0.006094567326995898
Tailgating,657.0,294,180.0,car,Outer,0.22898597223275818
Tailgating,657.0,180,302.0,motorcycle,Outer,1.951154468742027
Tailgating,657.0,282,68.0,motorcycle,Outer,1.5185473495387563
Tailgating,658.0,287,283.0,motorcycle,Inner,3.079566447063075
Tailgating,658.0,268,307.0,motorcycle,Inner,3.853118154962814
Tailgating,658.0,237,244.0,motorcycle,Inner,2.3460106926925612
Tailgating,658.0,20,294.0,car,Outer,0.0058332322089784065
Tailgating,658.0,294,180.0,car,Outer,0.24191930810681583
Tailgating,658.0,180,302.0,motorcycle,Outer,1.9263466344045614
Tailgating,658.0,282,68.0,motorcycle,Outer,1.4932698436883327
Tailgating,659.0,287,283.0,motorcycle,Inner,3.030827684297437
Tailgating,659.0,71,135.0,car,Inner,1.7408831997269667
Tailgating,659.0,237,244.0,motorcycle,Inner,2.3344692457636125
Tailgating,659.0,20,294.0,car,Outer,0.0035236759600163043
Tailgating,659.0,294,180.0,car,Outer,0.2589161716209856
Tailgating,659.0,180,302.0,motorcycle,Outer,1.901352542308122
Tailgating,659.0,134,290.0,motorcycle,Outer,1.8306362816713835
Tailgating,659.0,282,68.0,motorcycle,Outer,1.4644665318005323
Tailgating,660.0,203,260.0,motorcycle,Inner,1.6156221445434906
Tailgating,660.0,287,283.0,motorcycle,Inner,2.983732731429282
Tailgating,660.0,268,307.0,motorcycle,Inner,3.8308652415183633
Tailgating,660.0,71,135.0,car,Inner,1.7677167332771397
Tailgating,660.0,237,244.0,motorcycle,Inner,2.3232224752976025
Tailgating,660.0,294,20.0,car,Outer,0.0006561060237712583
Tailgating,660.0,20,180.0,car,Outer,0.27471084618115815
Tailgating,660.0,180,302.0,motorcycle,Outer,1.8765659670318775
Tailgating,661.0,203,260.0,motorcycle,Inner,1.6212844615884925
Tailgating,661.0,287,283.0,motorcycle,Inner,2.9372127356810784
Tailgating,661.0,274,268.0,motorcycle,Inner,0.011843728095961561
Tailgating,661.0,268,307.0,motorcycle,Inner,3.819151816804057
Tailgating,661.0,71,160.0,car,Inner,0.011001560210294936
Tailgating,661.0,237,244.0,motorcycle,Inner,2.310384023373203
Tailgating,661.0,294,20.0,car,Outer,0.00592497239393791
Tailgating,661.0,20,180.0,car,Outer,0.2846636686660844
Tailgating,661.0,180,302.0,motorcycle,Outer,1.849461597253556
Tailgating,662.0,203,32.0,motorcycle,Inner,0.005806295723416045
Tailgating,662.0,287,283.0,motorcycle,Inner,2.8906032589266615
Tailgating,662.0,274,268.0,motorcycle,Inner,0.012275678615517083
Tailgating,662.0,268,307.0,motorcycle,Inner,3.806559552140035
Tailgating,662.0,237,244.0,motorcycle,Inner,2.2964862024159913
Tailgating,662.0,294,20.0,car,Outer,0.012224498802284905
Tailgating,662.0,20,180.0,car,Outer,0.29446628547291076
Tailgating,662.0,180,302.0,motorcycle,Outer,1.8203672101741044
Tailgating,662.0,134,290.0,motorcycle,Outer,1.8571492940095833
Tailgating,663.0,203,32.0,motorcycle,Inner,0.05242191476382983
Tailgating,663.0,287,283.0,motorcycle,Inner,2.8408615878270247
Tailgating,663.0,274,268.0,motorcycle,Inner,0.010442089059573468
Tailgating,663.0,237,244.0,motorcycle,Inner,2.2809965151571063
Tailgating,663.0,294,20.0,car,Outer,0.015073569320703178
Tailgating,663.0,20,180.0,car,Outer,0.30735999395854363
Tailgating,663.0,180,302.0,motorcycle,Outer,1.7850332639054303
Tailgating,663.0,134,290.0,motorcycle,Outer,1.8709667562339842
Tailgating,664.0,203,32.0,motorcycle,Inner,0.10069535514501843
Tailgating,664.0,287,283.0,motorcycle,Inner,2.805898483839165
Tailgating,664.0,274,268.0,motorcycle,Inner,0.008913104729417146
Tailgating,664.0,268,307.0,motorcycle,Inner,3.7888421329806725
Tailgating,664.0,237,244.0,motorcycle,Inner,2.2661988653810066
Tailgating,664.0,294,20.0,car,Outer,0.01645011292961609
Tailgating,664.0,20,180.0,car,Outer,0.322886827770178
Tailgating,664.0,180,302.0,motorcycle,Outer,1.7520022357993965
Tailgating,664.0,134,290.0,motorcycle,Outer,1.8871443610250753
Tailgating,665.0,203,32.0,motorcycle,Inner,0.1474861613534994
Tailgating,665.0,274,268.0,motorcycle,Inner,0.007130885509483045
Tailgating,665.0,268,307.0,motorcycle,Inner,3.7805582302566725
Tailgating,665.0,237,244.0,motorcycle,Inner,2.251420870105651
Tailgating,665.0,294,20.0,car,Outer,0.016882518746330535
Tailgating,665.0,180,302.0,motorcycle,Outer,1.715076593643619
Tailgating,666.0,203,32.0,motorcycle,Inner,0.19228316109782612
Tailgating,666.0,274,268.0,motorcycle,Inner,0.005255824404557864
Tailgating,666.0,268,307.0,motorcycle,Inner,3.772287426235042
Tailgating,666.0,213,56.0,person,Inner,1.6539714961642131
Tailgating,666.0,237,244.0,motorcycle,Inner,2.234545985334678
Tailgating,666.0,300,320.0,person,Outer,1.1851013794574636
Tailgating,666.0,294,20.0,car,Outer,0.01554086076632299
Tailgating,666.0,20,180.0,car,Outer,0.35663924667286273
Tailgating,666.0,180,302.0,motorcycle,Outer,1.6757385198185948
Tailgating,667.0,203,32.0,motorcycle,Inner,0.2620322760474876
Tailgating,667.0,287,283.0,motorcycle,Inner,2.716022067886965
Tailgating,667.0,274,268.0,motorcycle,Inner,0.0033413605618523375
Tailgating,667.0,237,244.0,motorcycle,Inner,2.218532187664924
Tailgating,667.0,300,320.0,person,Outer,1.1860495998004439
Tailgating,667.0,5,171.0,motorcycle,Outer,1.2186070160533045
Tailgating,667.0,180,302.0,motorcycle,Outer,1.6334490280528966
Tailgating,668.0,203,32.0,motorcycle,Inner,0.3170285592072827
Tailgating,668.0,287,283.0,motorcycle,Inner,2.6763517635771485
Tailgating,668.0,237,244.0,motorcycle,Inner,2.206011524670892
Tailgating,668.0,300,320.0,person,Outer,1.1819777758133099
Tailgating,668.0,5,171.0,motorcycle,Outer,1.2921529680295523
Tailgating,668.0,20,180.0,car,Outer,0.40219728611279787
Tailgating,668.0,180,302.0,motorcycle,Outer,1.59479610856326
Tailgating,669.0,203,32.0,motorcycle,Inner,0.36674136269282914
Tailgating,669.0,287,283.0,motorcycle,Inner,2.626597518021658
Tailgating,669.0,237,244.0,motorcycle,Inner,2.193041237107518
Tailgating,669.0,300,320.0,person,Outer,1.181595396550191
Tailgating,669.0,5,171.0,motorcycle,Outer,1.3672542149371054
Tailgating,669.0,294,180.0,car,Outer,0.43173794159196593
Tailgating,669.0,180,302.0,motorcycle,Outer,1.5568378665762057
Tailgating,670.0,203,32.0,motorcycle,Inner,0.41690076472646576
Tailgating,670.0,287,283.0,motorcycle,Inner,2.5705342506891964
Tailgating,670.0,268,274.0,motorcycle,Inner,0.003914016383999001
Tailgating,670.0,299,295.0,person,Inner,2.3763277577129376
Tailgating,670.0,237,244.0,motorcycle,Inner,2.1812762008481434
Tailgating,670.0,5,171.0,motorcycle,Outer,1.4496033589500357
Tailgating,670.0,294,180.0,car,Outer,0.44771455522856807
Tailgating,670.0,180,302.0,motorcycle,Outer,1.5253428521408139
Tailgating,671.0,203,32.0,motorcycle,Inner,0.46618985063819907
Tailgating,671.0,287,283.0,motorcycle,Inner,2.5003306002844647
Tailgating,671.0,268,274.0,motorcycle,Inner,0.007041199088790974
Tailgating,671.0,237,244.0,motorcycle,Inner,2.169139081317981
Tailgating,671.0,294,180.0,car,Outer,0.4613547220542851
Tailgating,671.0,180,302.0,motorcycle,Outer,1.4916242819153305
Tailgating,671.0,134,306.0,motorcycle,Outer,0.9810968063706828
Tailgating,671.0,306,290.0,motorcycle,Outer,1.0732947006271099
Tailgating,672.0,203,32.0,motorcycle,Inner,0.5150363220744967
Tailgating,672.0,287,278.0,motorcycle,Inner,2.426494022162372
Tailgating,672.0,268,274.0,motorcycle,Inner,0.010554456372425514
Tailgating,672.0,237,244.0,motorcycle,Inner,2.1561958085700246
Tailgating,672.0,294,180.0,car,Outer,0.4757551208135189
Tailgating,672.0,180,302.0,motorcycle,Outer,1.4622886575085223
Tailgating,672.0,134,306.0,motorcycle,Outer,1.0270906204436203
Tailgating,672.0,306,290.0,motorcycle,Outer,1.027835209316821
Tailgating,673.0,203,32.0,motorcycle,Inner,0.5666216001427713
Tailgating,673.0,287,278.0,motorcycle,Inner,2.3491952404773713
Tailgating,673.0,268,274.0,motorcycle,Inner,0.012596206184381172
Tailgating,673.0,71,135.0,car,Inner,1.668526639037644
Tailgating,673.0,295,254.0,person,Inner,0.26532230477944946
Tailgating,673.0,237,244.0,motorcycle,Inner,2.145353049859672
Tailgating,673.0,320,5.0,motorcycle,Outer,3.961550029777864
Tailgating,673.0,5,171.0,motorcycle,Outer,1.608853814861792
Tailgating,673.0,294,180.0,car,Outer,0.48802469716047825
Tailgating,673.0,180,302.0,motorcycle,Outer,1.4356079233772199
Tailgating,673.0,134,306.0,motorcycle,Outer,1.073660717970635
Tailgating,673.0,306,290.0,motorcycle,Outer,0.9804176131635537
Tailgating,674.0,268,274.0,motorcycle,Inner,0.013104454026163458
Tailgating,674.0,295,254.0,person,Inner,0.3419371492853333
Tailgating,674.0,237,244.0,motorcycle,Inner,2.1345420545242253
Tailgating,674.0,287,5.0,motorcycle,Outer,1.4729279371661734
Tailgating,674.0,5,171.0,motorcycle,Outer,1.6206055538621893
Tailgating,674.0,294,180.0,car,Outer,0.4978065561045969
Tailgating,674.0,180,302.0,motorcycle,Outer,1.414861864300129
Tailgating,674.0,134,306.0,motorcycle,Outer,1.1138256634186683
Tailgating,674.0,306,290.0,motorcycle,Outer,0.9444823924380958
Tailgating,675.0,268,274.0,motorcycle,Inner,0.012286561737811034
Tailgating,675.0,295,254.0,person,Inner,0.4149770683464891
Tailgating,675.0,237,244.0,motorcycle,Inner,2.123997755873847
Tailgating,675.0,287,5.0,motorcycle,Outer,1.4853019854837037
Tailgating,675.0,5,171.0,motorcycle,Outer,1.629161611621546
Tailgating,675.0,294,180.0,car,Outer,0.5083693483071077
Tailgating,675.0,180,302.0,motorcycle,Outer,1.3990388194675452
Tailgating,675.0,134,306.0,motorcycle,Outer,1.1486303667026978
Tailgating,675.0,306,290.0,motorcycle,Outer,0.9185160312435018
Tailgating,676.0,268,274.0,motorcycle,Inner,0.009780577675985102
Tailgating,676.0,295,254.0,person,Inner,0.48684549687332107
Tailgating,676.0,237,244.0,motorcycle,Inner,2.1181510447962255
Tailgating,676.0,320,287.0,motorcycle,Outer,2.0767564811804977
Tailgating,676.0,287,5.0,motorcycle,Outer,1.494821605870096
Tailgating,676.0,5,171.0,motorcycle,Outer,1.6433447941603998
Tailgating,676.0,294,180.0,car,Outer,0.5208513468609437
Tailgating,676.0,180,302.0,motorcycle,Outer,1.3862148475309102
Tailgating,676.0,134,306.0,motorcycle,Outer,1.1786664108155762
Tailgating,676.0,306,290.0,motorcycle,Outer,0.9013971026882414
Tailgating,677.0,268,274.0,motorcycle,Inner,0.00897152437025881
Tailgating,677.0,295,254.0,person,Inner,0.5580561747587147
Tailgating,677.0,138,22.0,car,Inner,0.02656212390240307
Tailgating,677.0,237,244.0,motorcycle,Inner,2.111087310998572
Tailgating,677.0,320,287.0,motorcycle,Outer,2.0833293168006453
Tailgating,677.0,287,5.0,motorcycle,Outer,1.49128395170289
Tailgating,677.0,5,171.0,motorcycle,Outer,1.6651808662176686
Tailgating,677.0,55,262.0,car,Outer,1.455825143285371
Tailgating,677.0,294,180.0,car,Outer,0.5339813038078641
Tailgating,677.0,180,302.0,motorcycle,Outer,1.3738101718578801
Tailgating,677.0,134,306.0,motorcycle,Outer,1.2055472030813839
Tailgating,677.0,306,290.0,motorcycle,Outer,0.8897759340934178
Tailgating,678.0,268,274.0,motorcycle,Inner,0.007017923934324158
Tailgating,678.0,138,22.0,car,Inner,0.05692779462968982
Tailgating,678.0,237,244.0,motorcycle,Inner,2.1035476669139523
Tailgating,678.0,320,287.0,motorcycle,Outer,2.0934608791817704
Tailgating,678.0,287,5.0,motorcycle,Outer,1.4755871010735238
Tailgating,678.0,5,171.0,motorcycle,Outer,1.6915302250180757
Tailgating,678.0,55,262.0,car,Outer,1.498462443565998
Tailgating,678.0,180,302.0,motorcycle,Outer,1.3643802963618725
Tailgating,678.0,306,290.0,motorcycle,Outer,0.8817848820730523
Tailgating,679.0,283,268.0,motorcycle,Inner,1.021744581136471
Tailgating,679.0,268,274.0,motorcycle,Inner,0.004981005491155417
Tailgating,679.0,138,22.0,car,Inner,0.0885464755853028
Tailgating,679.0,237,244.0,motorcycle,Inner,2.0958370846256007
Tailgating,679.0,320,287.0,motorcycle,Outer,2.1066737872419963
Tailgating,679.0,287,5.0,motorcycle,Outer,1.4428935545734998
Tailgating,679.0,55,262.0,car,Outer,1.5478299502198125
Tailgating,679.0,294,180.0,car,Outer,0.5632941329024969
Tailgating,679.0,180,302.0,motorcycle,Outer,1.3538082131101825
Tailgating,679.0,134,306.0,motorcycle,Outer,1.2524509500529033
Tailgating,679.0,306,290.0,motorcycle,Outer,0.8751353511917148
Tailgating,680.0,278,283.0,person,Inner,0.007107550417481992
Tailgating,680.0,283,268.0,motorcycle,Inner,1.0785930347738544
Tailgating,680.0,268,274.0,motorcycle,Inner,0.0030519056740091
Tailgating,680.0,138,22.0,car,Inner,0.12086547062617663
Tailgating,680.0,237,244.0,motorcycle,Inner,2.0873073789413503
Tailgating,680.0,320,287.0,motorcycle,Outer,2.133296841508825
Tailgating,680.0,287,5.0,motorcycle,Outer,1.3607909027848064
Tailgating,680.0,55,262.0,car,Outer,1.6024296319265383
Tailgating,680.0,294,180.0,car,Outer,0.5803246422211803
Tailgating,680.0,180,302.0,motorcycle,Outer,1.3433724732040702
Tailgating,680.0,134,306.0,motorcycle,Outer,1.2870542935265052
Tailgating,680.0,306,290.0,motorcycle,Outer,0.8587494522491231
Tailgating,681.0,278,283.0,person,Inner,0.008445354014249984
Tailgating,681.0,268,274.0,motorcycle,Inner,0.002718094202720878
Tailgating,681.0,299,295.0,person,Inner,1.8458452252200748
Tailgating,681.0,295,254.0,person,Inner,0.842895397035126
Tailgating,681.0,138,22.0,car,Inner,0.1507918053986495
Tailgating,681.0,237,244.0,motorcycle,Inner,2.0780374475444914
Tailgating,681.0,203,32.0,motorcycle,Inner,0.8649933774876211
Tailgating,681.0,320,287.0,motorcycle,Outer,2.1510150451632275
Tailgating,681.0,287,5.0,motorcycle,Outer,1.267889756492537
Tailgating,681.0,5,171.0,motorcycle,Outer,1.8927804996251205
Tailgating,681.0,55,262.0,car,Outer,1.659822526370679
Tailgating,681.0,294,180.0,car,Outer,0.5992927267633856
Tailgating,681.0,180,302.0,motorcycle,Outer,1.3291832873546165
Tailgating,681.0,134,306.0,motorcycle,Outer,1.3197726930893712
Tailgating,681.0,306,290.0,motorcycle,Outer,0.8461663098543203
Tailgating,682.0,260,278.0,motorcycle,Inner,3.576789223310172
Tailgating,682.0,278,283.0,person,Inner,0.012530420473360268
Tailgating,682.0,268,274.0,motorcycle,Inner,0.0032239731235087204
Tailgating,682.0,299,295.0,person,Inner,1.7502678243218324
Tailgating,682.0,295,254.0,person,Inner,0.9329736603443288
Tailgating,682.0,138,22.0,car,Inner,0.17910723167824386
Tailgating,682.0,237,244.0,motorcycle,Inner,2.0684149622046557
Tailgating,682.0,203,32.0,motorcycle,Inner,0.9014850542290028
Tailgating,682.0,320,287.0,motorcycle,Outer,2.1633521667237616
Tailgating,682.0,287,5.0,motorcycle,Outer,1.1701586174055596
Tailgating,682.0,5,171.0,motorcycle,Outer,1.982682894830818
Tailgating,682.0,55,262.0,car,Outer,1.7190294715761862
Tailgating,682.0,294,180.0,car,Outer,0.6206364494069523
Tailgating,682.0,180,302.0,motorcycle,Outer,1.3096165422311308
Tailgating,682.0,134,306.0,motorcycle,Outer,1.3515266480766905
Tailgating,682.0,306,290.0,motorcycle,Outer,0.8354220884356741
Tailgating,683.0,260,278.0,motorcycle,Inner,3.5853477965599967
Tailgating,683.0,278,283.0,person,Inner,0.014541379137017491
Tailgating,683.0,268,274.0,motorcycle,Inner,0.003510127211047889
Tailgating,683.0,299,295.0,person,Inner,1.673955878251533
Tailgating,683.0,295,254.0,person,Inner,1.0285610049317244
Tailgating,683.0,138,22.0,car,Inner,0.20631797453876094
Tailgating,683.0,237,244.0,motorcycle,Inner,2.0543707677315823
Tailgating,683.0,203,32.0,motorcycle,Inner,0.9384430384791972
Tailgating,683.0,320,287.0,motorcycle,Outer,2.1936171241370146
Tailgating,683.0,287,5.0,motorcycle,Outer,1.1135601868942175
Tailgating,683.0,55,262.0,car,Outer,1.7790618191870424
Tailgating,683.0,294,180.0,car,Outer,0.6429766542821458
Tailgating,683.0,180,302.0,motorcycle,Outer,1.2849028098476927
Tailgating,683.0,134,306.0,motorcycle,Outer,1.3822148115659194
Tailgating,683.0,306,290.0,motorcycle,Outer,0.825201480027344
Tailgating,684.0,260,278.0,motorcycle,Inner,3.5960800280411136
Tailgating,684.0,278,283.0,person,Inner,0.016054599284739342
Tailgating,684.0,268,274.0,motorcycle,Inner,0.003283622563243535
Tailgating,684.0,295,254.0,person,Inner,1.1306617970911041
Tailgating,684.0,138,22.0,car,Inner,0.20969461495920066
Tailgating,684.0,237,244.0,motorcycle,Inner,2.041740160957997
Tailgating,684.0,203,32.0,motorcycle,Inner,0.9749006453941461
Tailgating,684.0,287,5.0,motorcycle,Outer,1.065369142644868
Tailgating,684.0,294,180.0,car,Outer,0.6634709788999054
Tailgating,684.0,180,302.0,motorcycle,Outer,1.2582206798844235
Tailgating,684.0,134,306.0,motorcycle,Outer,1.4117191009273224
Tailgating,684.0,306,290.0,motorcycle,Outer,0.8160577498125284
Tailgating,685.0,260,278.0,motorcycle,Inner,3.607910108304692
Tailgating,685.0,278,283.0,person,Inner,0.017378256450087934
Tailgating,685.0,268,274.0,motorcycle,Inner,0.0033080111480793444
Tailgating,685.0,295,254.0,person,Inner,1.2363101237251588
Tailgating,685.0,237,244.0,motorcycle,Inner,2.0295082170711143
Tailgating,685.0,203,32.0,motorcycle,Inner,1.0102187582041047
Tailgating,685.0,287,5.0,motorcycle,Outer,1.0262351192360353
Tailgating,685.0,294,180.0,car,Outer,0.6831823760517903
Tailgating,685.0,180,302.0,motorcycle,Outer,1.2301412309167583
Tailgating,685.0,134,306.0,motorcycle,Outer,1.4404481988641389
Tailgating,685.0,306,290.0,motorcycle,Outer,0.807759562840786
Tailgating,686.0,260,278.0,motorcycle,Inner,3.614190397101121
Tailgating,686.0,278,283.0,person,Inner,0.020539582763677476
Tailgating,686.0,268,274.0,motorcycle,Inner,0.002814382885707156
Tailgating,686.0,295,254.0,person,Inner,1.3438144059969548
Tailgating,686.0,237,244.0,motorcycle,Inner,2.018969099477354
Tailgating,686.0,203,32.0,motorcycle,Inner,1.045471639626295
Tailgating,686.0,287,5.0,motorcycle,Outer,0.9955307026546956
Tailgating,686.0,294,180.0,car,Outer,0.7013300980529052
Tailgating,686.0,180,302.0,motorcycle,Outer,1.2024755261950062
Tailgating,686.0,134,306.0,motorcycle,Outer,1.469897979453716
Tailgating,686.0,306,290.0,motorcycle,Outer,0.7980554999150747
Tailgating,687.0,260,278.0,motorcycle,Inner,3.61834858797728
Tailgating,687.0,278,283.0,person,Inner,0.023714548999324132
Tailgating,687.0,268,274.0,motorcycle,Inner,0.0022400068124968854
Tailgating,687.0,295,254.0,person,Inner,1.4540778391231497
Tailgating,687.0,237,244.0,motorcycle,Inner,2.013776040300508
Tailgating,687.0,287,5.0,motorcycle,Outer,1.0003780845538885
Tailgating,687.0,5,171.0,motorcycle,Outer,2.1640355883554654
Tailgating,687.0,294,180.0,car,Outer,0.7220338510477282
Tailgating,687.0,180,302.0,motorcycle,Outer,1.1727091533519676
Tailgating,687.0,134,306.0,motorcycle,Outer,1.4900343946188621
Tailgating,687.0,306,290.0,motorcycle,Outer,0.7981918894602548
Tailgating,687.0,282,68.0,motorcycle,Outer,0.9485749381730305
Tailgating,688.0,268,274.0,motorcycle,Inner,0.0004258079029127178
Tailgating,688.0,295,254.0,person,Inner,1.5518841489710142
Tailgating,688.0,237,244.0,motorcycle,Inner,2.0121070719743552
Tailgating,688.0,287,5.0,motorcycle,Outer,1.0129110387304985
Tailgating,688.0,5,171.0,motorcycle,Outer,2.160544979815384
Tailgating,688.0,294,302.0,car,Outer,1.7093385522912146
Tailgating,688.0,306,290.0,motorcycle,Outer,0.7940031336788068
Tailgating,688.0,282,68.0,motorcycle,Outer,0.5403851860808053
Tailgating,689.0,278,283.0,person,Inner,0.026125044048451708
Tailgating,689.0,283,274.0,motorcycle,Inner,1.5567973085349942
Tailgating,689.0,274,268.0,motorcycle,Inner,0.002662137890499253
Tailgating,689.0,295,254.0,person,Inner,1.648920301990769
Tailgating,689.0,237,244.0,motorcycle,Inner,2.0107402168630784
Tailgating,689.0,287,5.0,motorcycle,Outer,1.024353705933354
Tailgating,689.0,5,171.0,motorcycle,Outer,2.158312857657751
Tailgating,689.0,294,302.0,car,Outer,1.6985745315307466
Tailgating,689.0,306,290.0,motorcycle,Outer,0.7872897046918973
Tailgating,689.0,282,68.0,motorcycle,Outer,0.129909140050795
Tailgating,690.0,278,283.0,person,Inner,0.023628444781441778
Tailgating,690.0,283,274.0,motorcycle,Inner,1.6130991782603452
Tailgating,690.0,274,268.0,motorcycle,Inner,0.005103826260545823
Tailgating,690.0,295,254.0,person,Inner,1.7438126679451824
Tailgating,690.0,237,244.0,motorcycle,Inner,2.0125267109361396
Tailgating,690.0,300,320.0,person,Outer,1.5736997426247887
Tailgating,690.0,287,5.0,motorcycle,Outer,0.9948680338015718
Tailgating,690.0,294,302.0,car,Outer,1.6890113244145801
Tailgating,690.0,306,290.0,motorcycle,Outer,0.7790320310199473
Tailgating,690.0,282,16.0,motorcycle,Outer,2.707302305933681
Tailgating,691.0,278,283.0,person,Inner,0.02232602894760116
Tailgating,691.0,283,274.0,motorcycle,Inner,1.6667567421813527
Tailgating,691.0,274,268.0,motorcycle,Inner,0.009358076570194034
Tailgating,691.0,295,254.0,person,Inner,1.8345912266836542
Tailgating,691.0,237,244.0,motorcycle,Inner,2.014556685518261
Tailgating,691.0,300,320.0,person,Outer,1.5808843339784877
Tailgating,691.0,287,5.0,motorcycle,Outer,0.9737356089030628
Tailgating,691.0,5,171.0,motorcycle,Outer,2.2297873853789296
Tailgating,691.0,294,302.0,car,Outer,1.680218554607761
Tailgating,691.0,306,290.0,motorcycle,Outer,0.7697170745047859
Tailgating,691.0,282,16.0,motorcycle,Outer,2.3138809625607557
Tailgating,692.0,278,283.0,person,Inner,0.02206419644408892
Tailgating,692.0,283,274.0,motorcycle,Inner,1.718904617389908
Tailgating,692.0,274,268.0,motorcycle,Inner,0.015118554303462789
Tailgating,692.0,295,254.0,person,Inner,1.9230853453786996
Tailgating,692.0,237,244.0,motorcycle,Inner,2.0177193282687407
Tailgating,692.0,300,320.0,person,Outer,1.5927531106069464
Tailgating,692.0,320,287.0,motorcycle,Outer,2.5219865645270447
Tailgating,692.0,287,5.0,motorcycle,Outer,0.9578094160324683
Tailgating,692.0,5,171.0,motorcycle,Outer,2.2517896361872993
Tailgating,692.0,294,302.0,car,Outer,1.6716647024158482
Tailgating,692.0,306,290.0,motorcycle,Outer,0.7595026281410612
Tailgating,692.0,282,16.0,motorcycle,Outer,1.928334095936821
Tailgating,693.0,278,283.0,person,Inner,0.020240405169263904
Tailgating,693.0,283,274.0,motorcycle,Inner,1.772176578963483
Tailgating,693.0,295,254.0,person,Inner,2.009738071189977
Tailgating,693.0,237,244.0,motorcycle,Inner,2.019773834744172
Tailgating,693.0,282,16.0,motorcycle,Outer,1.5445478754181063
Tailgating,693.0,300,320.0,person,Outer,1.6099807048171129
Tailgating,693.0,320,287.0,motorcycle,Outer,2.542774549496421
Tailgating,693.0,287,5.0,motorcycle,Outer,0.9449358602729769
Tailgating,693.0,5,171.0,motorcycle,Outer,2.272788113719528
Tailgating,693.0,294,302.0,car,Outer,1.6637797536335759
Tailgating,693.0,306,290.0,motorcycle,Outer,0.7493148620044957
Tailgating,694.0,278,283.0,person,Inner,0.018814724239398832
Tailgating,694.0,283,274.0,motorcycle,Inner,1.8296609871524985
Tailgating,694.0,274,268.0,motorcycle,Inner,0.025429432821257213
Tailgating,694.0,295,254.0,person,Inner,2.0921018928351245
Tailgating,694.0,237,244.0,motorcycle,Inner,2.0193467301685204
Tailgating,694.0,282,16.0,motorcycle,Outer,1.5269601713741907
Tailgating,694.0,320,287.0,motorcycle,Outer,2.5686150136248416
Tailgating,694.0,287,5.0,motorcycle,Outer,0.8940700040329944
Tailgating,694.0,294,302.0,car,Outer,1.653548562668568
Tailgating,694.0,306,90.0,motorcycle,Outer,2.1679582918134788
Tailgating,695.0,278,283.0,person,Inner,0.017165350178080713
Tailgating,695.0,283,274.0,motorcycle,Inner,1.8902284366522706
Tailgating,695.0,274,268.0,motorcycle,Inner,0.027657592524714468
Tailgating,695.0,295,254.0,person,Inner,2.1717555004271514
Tailgating,695.0,237,244.0,motorcycle,Inner,2.0187587980743884
Tailgating,695.0,203,32.0,motorcycle,Inner,1.2200670554361832
Tailgating,695.0,282,16.0,motorcycle,Outer,1.5157533172906332
Tailgating,695.0,320,287.0,motorcycle,Outer,2.597786066951488
Tailgating,695.0,287,5.0,motorcycle,Outer,0.8239921736793736
Tailgating,695.0,294,302.0,car,Outer,1.6426129224340897
Tailgating,695.0,306,90.0,motorcycle,Outer,2.1599210055433766
Tailgating,696.0,278,283.0,person,Inner,0.01339482364605125
Tailgating,696.0,283,274.0,motorcycle,Inner,1.9514278081922862
Tailgating,696.0,274,268.0,motorcycle,Inner,0.02988014802364528
Tailgating,696.0,295,254.0,person,Inner,2.247790134148245
Tailgating,696.0,203,32.0,motorcycle,Inner,1.2478872358845816
Tailgating,696.0,282,16.0,motorcycle,Outer,1.5106681170536582
Tailgating,696.0,320,287.0,motorcycle,Outer,2.6297842117088925
Tailgating,696.0,287,5.0,motorcycle,Outer,0.7453658569846674
Tailgating,696.0,294,302.0,car,Outer,1.630177050498931
Tailgating,696.0,306,90.0,motorcycle,Outer,2.147974137130267
Tailgating,696.0,90,86.0,car,Outer,0.29301024690699057
Tailgating,696.0,237,68.0,motorcycle,Outer,1.4726004883871897
Tailgating,697.0,278,283.0,person,Inner,0.013225609337151667
Tailgating,697.0,283,274.0,motorcycle,Inner,2.014063142383464
Tailgating,697.0,274,268.0,motorcycle,Inner,0.031855075946769305
Tailgating,697.0,282,16.0,motorcycle,Outer,1.5109306206260993
Tailgating,697.0,320,287.0,motorcycle,Outer,2.6647160290733933
Tailgating,697.0,287,5.0,motorcycle,Outer,0.6644359535232054
Tailgating,697.0,306,90.0,motorcycle,Outer,2.1325650149309423
Tailgating,697.0,90,86.0,car,Outer,0.27089591641203287
Tailgating,697.0,237,68.0,motorcycle,Outer,1.443255261940353
Tailgating,698.0,278,283.0,person,Inner,0.012714175252406257
Tailgating,698.0,283,274.0,motorcycle,Inner,2.0744003807753773
Tailgating,698.0,274,268.0,motorcycle,Inner,0.03227173998630649
Tailgating,698.0,282,16.0,motorcycle,Outer,1.5122495637093734
Tailgating,698.0,300,320.0,person,Outer,1.7943415416652502
Tailgating,698.0,320,287.0,motorcycle,Outer,2.6921363251950545
Tailgating,698.0,287,5.0,motorcycle,Outer,0.5824131040627583
Tailgating,698.0,306,90.0,motorcycle,Outer,2.1163451641357605
Tailgating,698.0,237,68.0,motorcycle,Outer,1.4163945093651409
Tailgating,699.0,278,283.0,person,Inner,0.010689160000895634
Tailgating,699.0,283,274.0,motorcycle,Inner,2.1434325711066027
Tailgating,699.0,274,268.0,motorcycle,Inner,0.029585321861115354
Tailgating,699.0,203,244.0,motorcycle,Inner,0.00367829260744886
Tailgating,699.0,282,16.0,motorcycle,Outer,1.5124738169016585
Tailgating,699.0,63,300.0,car,Outer,0.39452807298463183
Tailgating,699.0,320,287.0,motorcycle,Outer,2.7107133333819142
Tailgating,699.0,287,5.0,motorcycle,Outer,0.4962628277995015
Tailgating,699.0,5,171.0,motorcycle,Outer,2.7052679839003773
Tailgating,699.0,306,90.0,motorcycle,Outer,2.098937657264847
Tailgating,699.0,237,68.0,motorcycle,Outer,1.3888231848539456
Tailgating,700.0,278,283.0,person,Inner,0.00858319849515597
Tailgating,700.0,283,274.0,motorcycle,Inner,2.217642237294809
Tailgating,700.0,274,268.0,motorcycle,Inner,0.02522604550125687
Tailgating,700.0,295,254.0,person,Inner,2.5401932360972177
Tailgating,700.0,282,16.0,motorcycle,Outer,1.5128180557624218
Tailgating,700.0,300,320.0,person,Outer,1.906291148671791
Tailgating,700.0,320,287.0,motorcycle,Outer,2.738551761624857
Tailgating,700.0,287,5.0,motorcycle,Outer,0.40767279519556976
Tailgating,700.0,294,302.0,car,Outer,1.5983373856890422
Tailgating,700.0,306,90.0,motorcycle,Outer,2.0797048990157134
Tailgating,700.0,237,68.0,motorcycle,Outer,1.3627627058991552
Tailgating,701.0,301,278.0,motorcycle,Inner,1.3536184673589413
Tailgating,701.0,278,283.0,person,Inner,0.006908438502574336
Tailgating,701.0,283,274.0,motorcycle,Inner,2.290360983308888
Tailgating,701.0,274,268.0,motorcycle,Inner,0.02207427135862711
Tailgating,701.0,295,254.0,person,Inner,2.62684770439625
Tailgating,701.0,282,16.0,motorcycle,Outer,1.5116782858324656
Tailgating,701.0,300,320.0,person,Outer,1.9574972555186552
Tailgating,701.0,287,5.0,motorcycle,Outer,0.3256563984655983
Tailgating,701.0,294,302.0,car,Outer,1.5866709836140194
Tailgating,701.0,306,90.0,motorcycle,Outer,2.0587738125238206
Tailgating,701.0,237,68.0,motorcycle,Outer,1.3371651905976314
Tailgating,702.0,301,278.0,motorcycle,Inner,1.2819074519933924
Tailgating,702.0,278,283.0,person,Inner,0.0054073082209804375
Tailgating,702.0,283,274.0,motorcycle,Inner,2.3622584149035126
Tailgating,702.0,274,268.0,motorcycle,Inner,0.019620799060585538
Tailgating,702.0,295,254.0,person,Inner,2.7169908369133955
Tailgating,702.0,282,16.0,motorcycle,Outer,1.5098727367625049
Tailgating,702.0,320,287.0,motorcycle,Outer,2.7836325556326766
Tailgating,702.0,287,5.0,motorcycle,Outer,0.2530927222430852
Tailgating,702.0,294,302.0,car,Outer,1.5730782777459087
Tailgating,702.0,306,90.0,motorcycle,Outer,2.036472827411175
Tailgating,702.0,237,68.0,motorcycle,Outer,1.311559571509398
Tailgating,703.0,301,278.0,motorcycle,Inner,1.2068900476103728
Tailgating,703.0,278,283.0,person,Inner,0.005929546991276791
Tailgating,703.0,283,274.0,motorcycle,Inner,2.435756124439182
Tailgating,703.0,274,268.0,motorcycle,Inner,0.015738402557632564
Tailgating,703.0,295,254.0,person,Inner,2.8164640341563665
Tailgating,703.0,282,16.0,motorcycle,Outer,1.508410857692744
Tailgating,703.0,320,287.0,motorcycle,Outer,2.8035718691282168
Tailgating,703.0,287,5.0,motorcycle,Outer,0.1820197754288514
Tailgating,703.0,294,302.0,car,Outer,1.5608681046098034
Tailgating,703.0,306,90.0,motorcycle,Outer,2.013692232960842
Tailgating,703.0,237,68.0,motorcycle,Outer,1.2890248095724717
Tailgating,704.0,301,278.0,motorcycle,Inner,1.128515145498177
Tailgating,704.0,278,283.0,person,Inner,0.0089562594449159
Tailgating,704.0,283,274.0,motorcycle,Inner,2.507643670350271
Tailgating,704.0,274,268.0,motorcycle,Inner,0.01322465926472434
Tailgating,704.0,295,254.0,person,Inner,2.9249701026766832
Tailgating,704.0,203,244.0,motorcycle,Inner,0.1268708244074314
Tailgating,704.0,282,16.0,motorcycle,Outer,1.5049853724985989
Tailgating,704.0,320,287.0,motorcycle,Outer,2.82015110792238
Tailgating,704.0,287,5.0,motorcycle,Outer,0.1194520439718677
Tailgating,704.0,294,302.0,car,Outer,1.5468338600653544
Tailgating,704.0,306,90.0,motorcycle,Outer,1.9914105084903075
Tailgating,704.0,237,68.0,motorcycle,Outer,1.267233730439741
Tailgating,705.0,301,278.0,motorcycle,Inner,1.049053475015178
Tailgating,705.0,278,283.0,person,Inner,0.012172915779993502
Tailgating,705.0,283,274.0,motorcycle,Inner,2.5789272333288156
Tailgating,705.0,274,268.0,motorcycle,Inner,0.011228497475624072
Tailgating,705.0,295,254.0,person,Inner,3.0445968746245198
Tailgating,705.0,203,244.0,motorcycle,Inner,0.18573668559379944
Tailgating,705.0,282,16.0,motorcycle,Outer,1.500315803608958
Tailgating,705.0,320,287.0,motorcycle,Outer,2.834805516787591
Tailgating,705.0,287,5.0,motorcycle,Outer,0.06249467700980472
Tailgating,705.0,294,302.0,car,Outer,1.532476606656822
Tailgating,705.0,306,90.0,motorcycle,Outer,1.9695190161907064
Tailgating,705.0,237,68.0,motorcycle,Outer,1.2461261588304935
Tailgating,706.0,301,278.0,motorcycle,Inner,0.9710468189504652
Tailgating,706.0,278,283.0,person,Inner,0.015742934408957274
Tailgating,706.0,283,274.0,motorcycle,Inner,2.6463928312287552
Tailgating,706.0,274,268.0,motorcycle,Inner,0.010581177880149622
Tailgating,706.0,295,254.0,person,Inner,3.1546248285523997
Tailgating,706.0,203,244.0,motorcycle,Inner,0.2435979051521529
Tailgating,706.0,282,16.0,motorcycle,Outer,1.4935179029198067
Tailgating,706.0,63,300.0,car,Outer,0.18495464825907545
Tailgating,706.0,320,287.0,motorcycle,Outer,2.8492640785204317
Tailgating,706.0,287,5.0,motorcycle,Outer,0.04893245204476345
Tailgating,706.0,294,302.0,car,Outer,1.5177209154715776
Tailgating,706.0,306,90.0,motorcycle,Outer,1.9451743197029696
Tailgating,706.0,237,68.0,motorcycle,Outer,1.2252362003682633
Tailgating,707.0,32,260.0,person,Inner,0.12970188927200957
Tailgating,707.0,301,278.0,motorcycle,Inner,0.8851982127758823
Tailgating,707.0,278,283.0,person,Inner,0.0213276483246037
Tailgating,707.0,283,274.0,motorcycle,Inner,2.7104660411086
Tailgating,707.0,274,268.0,motorcycle,Inner,0.010868063755301362
Tailgating,707.0,295,254.0,person,Inner,3.2545105884399717
Tailgating,707.0,203,244.0,motorcycle,Inner,0.2981713255254827
Tailgating,707.0,282,16.0,motorcycle,Outer,1.4868017194534762
Tailgating,707.0,63,300.0,car,Outer,0.17831713549719835
Tailgating,707.0,320,287.0,motorcycle,Outer,2.849609417124484
Tailgating,707.0,287,5.0,motorcycle,Outer,0.05149650509470242
Tailgating,707.0,294,302.0,car,Outer,1.5048448119907487
Tailgating,707.0,306,90.0,motorcycle,Outer,1.9186321781029034
Tailgating,707.0,237,68.0,motorcycle,Outer,1.2039227625575706
Tailgating,708.0,32,260.0,person,Inner,0.04026388317687382
Tailgating,708.0,301,278.0,motorcycle,Inner,0.7977814493957679
Tailgating,708.0,278,283.0,person,Inner,0.02713369351144681
Tailgating,708.0,283,274.0,motorcycle,Inner,2.7679669970966354
Tailgating,708.0,274,268.0,motorcycle,Inner,0.010711060635836584
Tailgating,708.0,295,254.0,person,Inner,3.3418406050828207
Tailgating,708.0,203,244.0,motorcycle,Inner,0.34411460510489544
Tailgating,708.0,282,16.0,motorcycle,Outer,1.4797058364726692
Tailgating,708.0,63,300.0,car,Outer,0.16798256658977992
Tailgating,708.0,320,287.0,motorcycle,Outer,2.8443811137816333
Tailgating,708.0,287,5.0,motorcycle,Outer,0.06817493335433568
Tailgating,708.0,294,302.0,car,Outer,1.4973044395718738
Tailgating,708.0,306,90.0,motorcycle,Outer,1.8927747997711124
Tailgating,708.0,237,68.0,motorcycle,Outer,1.1844317516165583
Tailgating,709.0,301,278.0,motorcycle,Inner,0.7189798466672415
Tailgating,709.0,278,283.0,person,Inner,0.03138140293256381
Tailgating,709.0,283,274.0,motorcycle,Inner,2.8280827921579115
Tailgating,709.0,274,268.0,motorcycle,Inner,0.012377058942274562
Tailgating,709.0,295,254.0,person,Inner,3.43240908095078
Tailgating,709.0,203,244.0,motorcycle,Inner,0.39410309281206546
Tailgating,709.0,282,32.0,motorcycle,Outer,1.2430056289113887
Tailgating,709.0,32,16.0,person,Outer,0.05952561371381666
Tailgating,709.0,63,300.0,car,Outer,0.15516132981236005
Tailgating,709.0,7,320.0,car,Outer,1.8248058264396563
Tailgating,709.0,320,287.0,motorcycle,Outer,2.827525448965656
Tailgating,709.0,294,302.0,car,Outer,1.491220784608886
Tailgating,709.0,306,90.0,motorcycle,Outer,1.8662460510925354
Tailgating,709.0,237,68.0,motorcycle,Outer,1.1669862395648578
Tailgating,710.0,301,278.0,motorcycle,Inner,0.6292356717300617
Tailgating,710.0,278,283.0,person,Inner,0.034292457918241745
Tailgating,710.0,283,274.0,motorcycle,Inner,2.890322205748377
Tailgating,710.0,295,254.0,person,Inner,3.5192871236827883
Tailgating,710.0,203,244.0,motorcycle,Inner,0.4551731976560234
Tailgating,710.0,282,16.0,motorcycle,Outer,1.461312940226516
Tailgating,710.0,63,32.0,car,Outer,0.04043892728674559
Tailgating,710.0,32,300.0,person,Outer,0.08551066610644543
Tailgating,710.0,320,287.0,motorcycle,Outer,2.806853572547543
Tailgating,710.0,294,302.0,car,Outer,1.4852350459070538
Tailgating,710.0,306,90.0,motorcycle,Outer,1.8369454011098434
Tailgating,710.0,237,68.0,motorcycle,Outer,1.1516292206923857
Tailgating,711.0,301,278.0,motorcycle,Inner,0.5307021975934031
Tailgating,711.0,278,283.0,person,Inner,0.035290092800768086
Tailgating,711.0,295,254.0,person,Inner,3.6018047896198757
Tailgating,711.0,203,244.0,motorcycle,Inner,0.4981153892089847
Tailgating,711.0,282,63.0,motorcycle,Outer,1.4505299968001262
Tailgating,711.0,32,7.0,person,Outer,0.8847534486855602
Tailgating,711.0,320,287.0,motorcycle,Outer,2.7976450240537547
Tailgating,711.0,287,5.0,motorcycle,Outer,0.17924953279014494
Tailgating,711.0,294,302.0,car,Outer,1.4781857194051238
Tailgating,711.0,306,90.0,motorcycle,Outer,1.8082614749965769
Tailgating,711.0,237,68.0,motorcycle,Outer,1.137537753312944
Tailgating,712.0,301,278.0,motorcycle,Inner,0.42579823013932583
Tailgating,712.0,278,283.0,person,Inner,0.035181398144733346
Tailgating,712.0,203,244.0,motorcycle,Inner,0.5180883817291425
Tailgating,712.0,282,63.0,motorcycle,Outer,1.434746803125408
Tailgating,712.0,32,7.0,person,Outer,0.7741681815281644
Tailgating,712.0,320,287.0,motorcycle,Outer,2.798294461051414
Tailgating,712.0,287,5.0,motorcycle,Outer,0.2025501836164675
Tailgating,712.0,294,302.0,car,Outer,1.4707032779138
Tailgating,712.0,134,306.0,motorcycle,Outer,2.1818811284549846
Tailgating,712.0,306,90.0,motorcycle,Outer,1.7795574576161122
Tailgating,712.0,237,68.0,motorcycle,Outer,1.1237855980613345
Tailgating,713.0,301,278.0,motorcycle,Inner,0.3171672798543376
Tailgating,713.0,278,283.0,person,Inner,0.03437133442749872
Tailgating,713.0,295,254.0,person,Inner,3.7606586836948392
Tailgating,713.0,203,244.0,motorcycle,Inner,0.555777514585674
Tailgating,713.0,282,63.0,motorcycle,Outer,1.4181045019536422
Tailgating,713.0,32,7.0,person,Outer,0.6649159671652524
Tailgating,713.0,320,287.0,motorcycle,Outer,2.811025080793744
Tailgating,713.0,287,5.0,motorcycle,Outer,0.16652469723266697
Tailgating,713.0,294,302.0,car,Outer,1.4628092992328212
Tailgating,713.0,306,90.0,motorcycle,Outer,1.7509181558966376
Tailgating,713.0,237,68.0,motorcycle,Outer,1.107362437123285
Tailgating,714.0,301,278.0,motorcycle,Inner,0.22310645571882803
Tailgating,714.0,278,283.0,person,Inner,0.030866237820795298
Tailgating,714.0,295,254.0,person,Inner,3.842655814799659
Tailgating,714.0,203,244.0,motorcycle,Inner,0.6031835796788498
Tailgating,714.0,282,63.0,motorcycle,Outer,1.409208064762823
Tailgating,714.0,32,7.0,person,Outer,0.6036221399230077
Tailgating,714.0,320,287.0,motorcycle,Outer,2.8277028690145185
Tailgating,714.0,287,5.0,motorcycle,Outer,0.10305949407896577
Tailgating,714.0,306,90.0,motorcycle,Outer,1.7257003601495793
Tailgating,714.0,237,68.0,motorcycle,Outer,1.0913262014410838
Tailgating,715.0,301,278.0,motorcycle,Inner,0.1424130436912295
Tailgating,715.0,278,283.0,person,Inner,0.026398365359488613
Tailgating,715.0,295,254.0,person,Inner,3.9244903950970973
Tailgating,715.0,203,244.0,motorcycle,Inner,0.6575262576373198
Tailgating,715.0,282,63.0,motorcycle,Outer,1.4057107898500594
Tailgating,715.0,32,7.0,person,Outer,0.5937055453112814
Tailgating,715.0,7,320.0,car,Outer,1.9414011998857799
Tailgating,715.0,320,287.0,motorcycle,Outer,2.8469091843013885
Tailgating,715.0,287,5.0,motorcycle,Outer,0.021394958573226253
Tailgating,715.0,306,90.0,motorcycle,Outer,1.7040256985693127
Tailgating,715.0,90,86.0,car,Outer,0.38377877609101857
Tailgating,715.0,237,68.0,motorcycle,Outer,1.0759626971710121
Tailgating,716.0,301,278.0,motorcycle,Inner,0.05211136680013484
Tailgating,716.0,295,299.0,person,Inner,0.05633541587852835
Tailgating,716.0,203,244.0,motorcycle,Inner,0.7124230245413002
Tailgating,716.0,282,16.0,motorcycle,Outer,1.396369370205857
Tailgating,716.0,7,320.0,car,Outer,1.935137909052538
Tailgating,716.0,320,5.0,motorcycle,Outer,3.06398254609024
Tailgating,716.0,5,287.0,motorcycle,Outer,0.09056936881998298
Tailgating,716.0,306,90.0,motorcycle,Outer,1.6841491206909496
Tailgating,716.0,237,68.0,motorcycle,Outer,1.0549914526272368
Tailgating,717.0,295,299.0,person,Inner,0.11474310022524137
Tailgating,717.0,138,82.0,car,Inner,1.711508476696824
Tailgating,717.0,203,244.0,motorcycle,Inner,0.7459037055099135
Tailgating,717.0,282,16.0,motorcycle,Outer,1.391795638296449
Tailgating,717.0,7,320.0,car,Outer,1.9227697283176943
Tailgating,717.0,5,287.0,motorcycle,Outer,0.19441363498086148
Tailgating,717.0,306,90.0,motorcycle,Outer,1.666665695732656
Tailgating,717.0,237,68.0,motorcycle,Outer,1.0347120824529512
Tailgating,718.0,295,299.0,person,Inner,0.16705238258058883
Tailgating,718.0,138,82.0,car,Inner,1.6951513079035765
Tailgating,718.0,203,244.0,motorcycle,Inner,0.7861021312368653
Tailgating,718.0,5,287.0,motorcycle,Outer,0.2824426948751969
Tailgating,718.0,55,262.0,car,Outer,1.7563663659916233
Tailgating,718.0,306,90.0,motorcycle,Outer,1.6505126267132053
Tailgating,718.0,237,68.0,motorcycle,Outer,1.0192068030918149
Tailgating,719.0,295,299.0,person,Inner,0.21341225053172258
Tailgating,719.0,138,82.0,car,Inner,1.682292906727648
Tailgating,719.0,203,330.0,motorcycle,Inner,0.08601388618942327
Tailgating,719.0,5,287.0,motorcycle,Outer,0.37148991176423335
Tailgating,719.0,55,262.0,car,Outer,1.71469958943622
Tailgating,719.0,306,90.0,motorcycle,Outer,1.6331006902644392
Tailgating,719.0,237,68.0,motorcycle,Outer,0.9993995424154896
Tailgating,720.0,295,299.0,person,Inner,0.2534085855718603
Tailgating,720.0,138,132.0,car,Inner,1.4441225157513697
Tailgating,720.0,203,330.0,motorcycle,Inner,0.06696158018512065
Tailgating,720.0,330,244.0,car,Inner,0.8068343153621678
Tailgating,720.0,5,287.0,motorcycle,Outer,0.4412742949690545
Tailgating,720.0,55,262.0,car,Outer,1.6830725358026855
Tailgating,720.0,306,90.0,motorcycle,Outer,1.6167310954577798
Tailgating,720.0,237,68.0,motorcycle,Outer,0.9842164262142041
Tailgating,721.0,278,283.0,person,Inner,0.01518045199282395
Tailgating,721.0,295,299.0,person,Inner,0.2994718189473678
Tailgating,721.0,138,132.0,car,Inner,1.4176053068914722
Tailgating,721.0,203,330.0,motorcycle,Inner,0.0454766676827411
Tailgating,721.0,330,244.0,car,Inner,0.8615737239754417
Tailgating,721.0,282,16.0,motorcycle,Outer,1.3654999289796659
Tailgating,721.0,32,7.0,person,Outer,0.7141553957170912
Tailgating,721.0,55,262.0,car,Outer,1.6616953340705822
Tailgating,721.0,306,90.0,motorcycle,Outer,1.5974000935388415
Tailgating,721.0,237,68.0,motorcycle,Outer,0.966758034916197
Tailgating,722.0,308,278.0,motorcycle,Inner,1.9301280018699445
Tailgating,722.0,278,283.0,person,Inner,0.018271936200495408
Tailgating,722.0,283,301.0,motorcycle,Inner,0.3422155971791397
Tailgating,722.0,295,299.0,person,Inner,0.3495219725038131
Tailgating,722.0,138,132.0,car,Inner,1.3901390870203394
Tailgating,722.0,203,330.0,motorcycle,Inner,0.033789636613444675
Tailgating,722.0,330,244.0,car,Inner,0.9005026639473402
Tailgating,722.0,282,16.0,motorcycle,Outer,1.357995644201273
Tailgating,722.0,32,7.0,person,Outer,0.76446424056033
Tailgating,722.0,262,294.0,motorcycle,Outer,2.9533965301298775
Tailgating,722.0,306,90.0,motorcycle,Outer,1.5748355578538202
Tailgating,722.0,237,68.0,motorcycle,Outer,0.9478005262011111
Tailgating,723.0,308,278.0,motorcycle,Inner,1.8551899382953143
Tailgating,723.0,278,283.0,person,Inner,0.020071848278203297
Tailgating,723.0,283,301.0,motorcycle,Inner,0.4098277696366787
Tailgating,723.0,295,299.0,person,Inner,0.4043322239035689
Tailgating,723.0,138,132.0,car,Inner,1.356989565815701
Tailgating,723.0,203,330.0,motorcycle,Inner,0.01757777349654929
Tailgating,723.0,330,244.0,car,Inner,0.9362538782999656
Tailgating,723.0,282,16.0,motorcycle,Outer,1.3526208251607446
Tailgating,723.0,32,7.0,person,Outer,0.8413956090956491
Tailgating,723.0,306,90.0,motorcycle,Outer,1.5491676303889228
Tailgating,723.0,237,68.0,motorcycle,Outer,0.9336115527034476
Tailgating,724.0,308,278.0,motorcycle,Inner,1.7787467130464452
Tailgating,724.0,278,283.0,person,Inner,0.024512896511076125
Tailgating,724.0,283,301.0,motorcycle,Inner,0.47548742527430293
Tailgating,724.0,295,299.0,person,Inner,0.46334503513395037
Tailgating,724.0,138,132.0,car,Inner,1.3250047667868996
Tailgating,724.0,203,330.0,motorcycle,Inner,0.007040551674904986
Tailgating,724.0,282,16.0,motorcycle,Outer,1.3421351953989167
Tailgating,724.0,32,7.0,person,Outer,0.9248188310447223
Tailgating,724.0,320,5.0,motorcycle,Outer,2.6065714956259396
Tailgating,724.0,306,90.0,motorcycle,Outer,1.5209225287013237
Tailgating,724.0,237,68.0,motorcycle,Outer,0.9159618753975621
Tailgating,725.0,308,278.0,motorcycle,Inner,1.7005935265710976
Tailgating,725.0,278,283.0,person,Inner,0.03029901608320642
Tailgating,725.0,283,301.0,motorcycle,Inner,0.5402254210846258
Tailgating,725.0,295,299.0,person,Inner,0.5249411244777191
Tailgating,725.0,254,134.0,motorcycle,Inner,1.9215286555064193
Tailgating,725.0,138,132.0,car,Inner,1.2898989891047448
Tailgating,725.0,203,330.0,motorcycle,Inner,0.004430287323124171
Tailgating,725.0,282,16.0,motorcycle,Outer,1.3281556972335427
Tailgating,725.0,32,7.0,person,Outer,1.0125973130694628
Tailgating,725.0,320,5.0,motorcycle,Outer,2.580229068399796
Tailgating,725.0,306,90.0,motorcycle,Outer,1.4911358528679357
Tailgating,725.0,237,68.0,motorcycle,Outer,0.8958925236356813
Tailgating,726.0,308,278.0,motorcycle,Inner,1.619395643509758
Tailgating,726.0,278,283.0,person,Inner,0.03807067572632286
Tailgating,726.0,283,301.0,motorcycle,Inner,0.6029392098794073
Tailgating,726.0,295,299.0,person,Inner,0.5981246063937206
Tailgating,726.0,254,134.0,motorcycle,Inner,1.8787888045482328
Tailgating,726.0,138,132.0,car,Inner,1.2489500678225742
Tailgating,726.0,330,203.0,car,Inner,0.028801159503717418
Tailgating,726.0,282,63.0,motorcycle,Outer,1.3284402838471032
Tailgating,726.0,32,300.0,person,Outer,0.025031139987290597
Tailgating,726.0,320,5.0,motorcycle,Outer,2.551597899825194
Tailgating,726.0,55,262.0,car,Outer,1.7640276169745925
Tailgating,726.0,306,90.0,motorcycle,Outer,1.4586016958829027
Tailgating,726.0,237,68.0,motorcycle,Outer,0.8819234762468063
Tailgating,727.0,308,278.0,motorcycle,Inner,1.5370604236150796
Tailgating,727.0,278,283.0,person,Inner,0.04650077375738293
Tailgating,727.0,295,299.0,person,Inner,0.6735283376762468
Tailgating,727.0,254,134.0,motorcycle,Inner,1.8364184655131062
Tailgating,727.0,138,132.0,car,Inner,1.2095498651775543
Tailgating,727.0,330,203.0,car,Inner,0.04878193587524485
Tailgating,727.0,203,244.0,motorcycle,Inner,1.0689799528577912
Tailgating,727.0,282,32.0,motorcycle,Outer,1.0880380029910146
Tailgating,727.0,32,63.0,person,Outer,0.09129161557417945
Tailgating,727.0,320,5.0,motorcycle,Outer,2.5580385785385866
Tailgating,727.0,5,287.0,motorcycle,Outer,0.7786390861167436
Tailgating,727.0,55,262.0,car,Outer,1.790439150265934
Tailgating,727.0,306,90.0,motorcycle,Outer,1.426404249107506
Tailgating,727.0,237,68.0,motorcycle,Outer,0.865978077327666
Tailgating,728.0,308,278.0,motorcycle,Inner,1.4631284409462242
Tailgating,728.0,278,283.0,person,Inner,0.050828091035435015
Tailgating,728.0,295,299.0,person,Inner,0.7415769723122475
Tailgating,728.0,254,134.0,motorcycle,Inner,1.798268828827945
Tailgating,728.0,138,132.0,car,Inner,1.171683315264204
Tailgating,728.0,330,203.0,car,Inner,0.05844844259248338
Tailgating,728.0,32,63.0,person,Outer,0.13959323872993443
Tailgating,728.0,320,5.0,motorcycle,Outer,2.550180373912941
Tailgating,728.0,5,287.0,motorcycle,Outer,0.8216272157044762
Tailgating,728.0,55,262.0,car,Outer,1.806604721087689
Tailgating,728.0,262,294.0,motorcycle,Outer,3.016086704093317
Tailgating,728.0,306,90.0,motorcycle,Outer,1.3983266526527067
Tailgating,728.0,237,68.0,motorcycle,Outer,0.8536647044706882
Tailgating,729.0,308,278.0,motorcycle,Inner,1.387984513543227
Tailgating,729.0,278,283.0,person,Inner,0.05188131348172369
Tailgating,729.0,283,301.0,motorcycle,Inner,0.7199939549206663
Tailgating,729.0,295,299.0,person,Inner,0.8110046962220103
Tailgating,729.0,254,134.0,motorcycle,Inner,1.7589183169115354
Tailgating,729.0,138,132.0,car,Inner,1.131487268517499
Tailgating,729.0,330,203.0,car,Inner,0.0672978686590871
Tailgating,729.0,282,32.0,motorcycle,Outer,0.9707406122669412
Tailgating,729.0,32,16.0,person,Outer,0.21366832523550205
Tailgating,729.0,63,300.0,car,Outer,0.06005266220069196
Tailgating,729.0,7,320.0,car,Outer,2.2833822251371876
Tailgating,729.0,320,5.0,motorcycle,Outer,2.526965617902505
Tailgating,729.0,262,294.0,motorcycle,Outer,3.054546002233053
Tailgating,729.0,306,90.0,motorcycle,Outer,1.3688919487360627
Tailgating,729.0,237,68.0,motorcycle,Outer,0.8531548567458618
Tailgating,730.0,308,278.0,motorcycle,Inner,1.3111715553079026
Tailgating,730.0,278,283.0,person,Inner,0.05786757099084782
Tailgating,730.0,295,299.0,person,Inner,0.8780339350480566
Tailgating,730.0,254,134.0,motorcycle,Inner,1.7180335821215549
Tailgating,730.0,138,132.0,car,Inner,1.097193480590796
Tailgating,730.0,330,203.0,car,Inner,0.06679912157437463
Tailgating,730.0,203,244.0,motorcycle,Inner,1.1612539763463483
Tailgating,730.0,282,32.0,motorcycle,Outer,0.9380789093729054
Tailgating,730.0,63,300.0,car,Outer,0.0629253057301087
Tailgating,730.0,7,320.0,car,Outer,2.343200373968638
Tailgating,730.0,320,5.0,motorcycle,Outer,2.527960251851249
Tailgating,730.0,5,287.0,motorcycle,Outer,0.9100039338403147
Tailgating,730.0,306,90.0,motorcycle,Outer,1.336735673473791
Tailgating,730.0,86,231.0,person,Outer,0.5342618382482432
Tailgating,730.0,237,68.0,motorcycle,Outer,0.8388786459424786
Tailgating,731.0,308,278.0,motorcycle,Inner,1.2319047613854082
Tailgating,731.0,278,283.0,person,Inner,0.06447862931696749
Tailgating,731.0,295,299.0,person,Inner,0.9486217606300237
Tailgating,731.0,254,134.0,motorcycle,Inner,1.6765650897722728
Tailgating,731.0,138,132.0,car,Inner,1.066492904901312
Tailgating,731.0,330,203.0,car,Inner,0.05856963150970694
Tailgating,731.0,203,244.0,motorcycle,Inner,1.1974844862994263
Tailgating,731.0,282,32.0,motorcycle,Outer,0.9176099491392061
Tailgating,731.0,320,333.0,motorcycle,Outer,1.5450823898591326
Tailgating,731.0,5,287.0,motorcycle,Outer,0.9286892759175036
Tailgating,731.0,306,90.0,motorcycle,Outer,1.3041982483774954
Tailgating,731.0,86,231.0,person,Outer,0.49770125645322755
Tailgating,731.0,237,68.0,motorcycle,Outer,0.8232683589468552
Tailgating,732.0,308,278.0,motorcycle,Inner,1.1508849138345616
Tailgating,732.0,278,283.0,person,Inner,0.07165068141538668
Tailgating,732.0,283,301.0,motorcycle,Inner,0.8494021538697979
Tailgating,732.0,295,299.0,person,Inner,1.0211125906425815
Tailgating,732.0,254,134.0,motorcycle,Inner,1.634827276319079
Tailgating,732.0,330,203.0,car,Inner,0.04799393516742023
Tailgating,732.0,203,244.0,motorcycle,Inner,1.23541187807216
Tailgating,732.0,282,32.0,motorcycle,Outer,0.9035940705458019
Tailgating,732.0,16,300.0,car,Outer,0.05660791267102372
Tailgating,732.0,320,333.0,motorcycle,Outer,1.50205704518214
Tailgating,732.0,5,287.0,motorcycle,Outer,0.9405132475193699
Tailgating,732.0,55,262.0,car,Outer,1.6774246908640758
Tailgating,732.0,306,90.0,motorcycle,Outer,1.2714670123277199
Tailgating,732.0,86,231.0,person,Outer,0.4612293805312219
Tailgating,732.0,237,68.0,motorcycle,Outer,0.798976726048422
Tailgating,733.0,308,278.0,motorcycle,Inner,1.0703858613956985
Tailgating,733.0,278,283.0,person,Inner,0.07727127662548416
Tailgating,733.0,283,301.0,motorcycle,Inner,0.9134535747172418
Tailgating,733.0,295,299.0,person,Inner,1.0864883838111805
Tailgating,733.0,330,203.0,car,Inner,0.03708300435148557
Tailgating,733.0,203,244.0,motorcycle,Inner,1.2722544627633086
Tailgating,733.0,282,63.0,motorcycle,Outer,1.2851854801746094
Tailgating,733.0,320,333.0,motorcycle,Outer,1.4615125127624151
Tailgating,733.0,5,287.0,motorcycle,Outer,0.9609318699232567
Tailgating,733.0,55,262.0,car,Outer,1.6291767900450167
Tailgating,733.0,306,90.0,motorcycle,Outer,1.2390416499758408
Tailgating,733.0,86,231.0,person,Outer,0.41699055806590374
Tailgating,733.0,237,68.0,motorcycle,Outer,0.7757109448975251
Tailgating,734.0,308,278.0,motorcycle,Inner,0.9920260008025459
Tailgating,734.0,278,283.0,person,Inner,0.07386171187413028
Tailgating,734.0,283,301.0,motorcycle,Inner,1.0022497032240132
Tailgating,734.0,295,299.0,person,Inner,1.1426996916834846
Tailgating,734.0,330,203.0,car,Inner,0.02898760495557845
Tailgating,734.0,203,244.0,motorcycle,Inner,1.3034079401836531
Tailgating,734.0,282,63.0,motorcycle,Outer,1.2781415228657529
Tailgating,734.0,63,16.0,car,Outer,0.009008511815888472
Tailgating,734.0,320,333.0,motorcycle,Outer,1.4218650077069832
Tailgating,734.0,55,262.0,car,Outer,1.5760908429233373
Tailgating,734.0,294,302.0,car,Outer,1.4004591475339279
Tailgating,734.0,306,90.0,motorcycle,Outer,1.2034887270411927
Tailgating,734.0,237,68.0,motorcycle,Outer,0.7436327715872253
Tailgating,735.0,308,278.0,motorcycle,Inner,0.9147745451274347
Tailgating,735.0,278,283.0,person,Inner,0.06654443068991853
Tailgating,735.0,283,301.0,motorcycle,Inner,1.102069513880366
Tailgating,735.0,295,299.0,person,Inner,1.1934025738126488
Tailgating,735.0,330,203.0,car,Inner,0.02253963442147515
Tailgating,735.0,203,244.0,motorcycle,Inner,1.3310359958472502
Tailgating,735.0,282,63.0,motorcycle,Outer,1.2709450048219502
Tailgating,735.0,63,16.0,car,Outer,0.010072921305323886
Tailgating,735.0,320,333.0,motorcycle,Outer,1.3826120753934188
Tailgating,735.0,55,262.0,car,Outer,1.520522891773874
Tailgating,735.0,294,302.0,car,Outer,1.3830525729808638
Tailgating,735.0,306,90.0,motorcycle,Outer,1.1659848509706026
Tailgating,735.0,237,68.0,motorcycle,Outer,0.6998281382623944
Tailgating,735.0,68,282.0,person,Outer,2.152332012086796
Tailgating,736.0,308,278.0,motorcycle,Inner,0.8388217015376074
Tailgating,736.0,278,283.0,person,Inner,0.06456681380581551
Tailgating,736.0,283,301.0,motorcycle,Inner,1.201983946402128
Tailgating,736.0,295,299.0,person,Inner,1.240824842017699
Tailgating,736.0,330,203.0,car,Inner,0.014166471307694618
Tailgating,736.0,203,244.0,motorcycle,Inner,1.3596341741084925
Tailgating,736.0,282,63.0,motorcycle,Outer,1.256850275979903
Tailgating,736.0,63,16.0,car,Outer,0.019962529922975553
Tailgating,736.0,16,300.0,car,Outer,0.0315068516387246
Tailgating,736.0,55,262.0,car,Outer,1.4634895879521572
Tailgating,736.0,294,302.0,car,Outer,1.361818365181821
Tailgating,736.0,306,90.0,motorcycle,Outer,1.128486231037412
Tailgating,736.0,237,68.0,motorcycle,Outer,0.6780589463491646
Tailgating,737.0,308,278.0,motorcycle,Inner,0.7654379174097359
Tailgating,737.0,283,301.0,motorcycle,Inner,1.3014372264772605
Tailgating,737.0,295,299.0,person,Inner,1.2905378982458073
Tailgating,737.0,306,213.0,motorcycle,Inner,2.7831487023031394
Tailgating,737.0,330,203.0,car,Inner,0.008895868904350861
Tailgating,737.0,203,244.0,motorcycle,Inner,1.3841515569685678
Tailgating,737.0,282,63.0,motorcycle,Outer,1.2490309956830177
Tailgating,737.0,63,16.0,car,Outer,0.02363878686247428
Tailgating,737.0,16,7.0,car,Outer,1.005116306423047
Tailgating,737.0,320,333.0,motorcycle,Outer,1.301645079519424
Tailgating,737.0,55,262.0,car,Outer,1.4263021219523973
Tailgating,737.0,294,302.0,car,Outer,1.3347770744657208
Tailgating,737.0,237,68.0,motorcycle,Outer,0.6564221465626701
Tailgating,738.0,308,278.0,motorcycle,Inner,0.7015632928840665
Tailgating,738.0,295,299.0,person,Inner,1.3308536752200792
Tailgating,738.0,306,213.0,motorcycle,Inner,2.7725583882818787
Tailgating,738.0,330,203.0,car,Inner,0.0057281742231391035
Tailgating,738.0,63,16.0,car,Outer,0.022098716206390093
Tailgating,738.0,320,333.0,motorcycle,Outer,1.2559705520392974
Tailgating,738.0,5,287.0,motorcycle,Outer,1.2907199574414328
Tailgating,738.0,294,302.0,car,Outer,1.3064232956287625
Tailgating,738.0,237,68.0,motorcycle,Outer,0.622037563401597
Tailgating,738.0,68,282.0,person,Outer,2.257516616545977
Tailgating,739.0,308,278.0,motorcycle,Inner,0.6391219479567412
Tailgating,739.0,295,299.0,person,Inner,1.3641883790175764
Tailgating,739.0,306,213.0,motorcycle,Inner,2.7625673218970657
Tailgating,739.0,330,203.0,car,Inner,0.0036550606972062557
Tailgating,739.0,203,244.0,motorcycle,Inner,1.4200862271069108
Tailgating,739.0,63,16.0,car,Outer,0.01692006862921702
Tailgating,739.0,5,287.0,motorcycle,Outer,1.3742240961744892
Tailgating,739.0,294,302.0,car,Outer,1.276425328871847
Tailgating,739.0,237,68.0,motorcycle,Outer,0.581185540561086
Tailgating,739.0,68,282.0,person,Outer,2.323396895474822
Tailgating,740.0,260,300.0,motorcycle,Inner,0.9253066399893457
Tailgating,740.0,308,278.0,motorcycle,Inner,0.5757403408328031
Tailgating,740.0,295,329.0,person,Inner,0.03808917286378658
Tailgating,740.0,306,213.0,motorcycle,Inner,2.753156250444532
Tailgating,740.0,330,203.0,car,Inner,0.002233661944035183
Tailgating,740.0,203,244.0,motorcycle,Inner,1.4379555171688165
Tailgating,740.0,282,63.0,motorcycle,Outer,1.2529402556135096
Tailgating,740.0,63,16.0,car,Outer,0.008621804649218473
Tailgating,740.0,16,7.0,car,Outer,1.0050059964556088
Tailgating,740.0,320,333.0,motorcycle,Outer,1.1772756190632652
Tailgating,740.0,294,302.0,car,Outer,1.24576967255144
Tailgating,740.0,237,68.0,motorcycle,Outer,0.5157152385808511
Tailgating,740.0,68,282.0,person,Outer,2.391866810721638
Tailgating,741.0,260,300.0,motorcycle,Inner,0.998371396246493
Tailgating,741.0,308,278.0,motorcycle,Inner,0.5131475075990384
Tailgating,741.0,295,329.0,person,Inner,0.10128428212701995
Tailgating,741.0,306,213.0,motorcycle,Inner,2.744199553344057
Tailgating,741.0,330,203.0,car,Inner,0.0015832313914991827
Tailgating,741.0,203,244.0,motorcycle,Inner,1.4577634454946284
Tailgating,741.0,282,63.0,motorcycle,Outer,1.2547990966971179
Tailgating,741.0,63,16.0,car,Outer,0.005239172511738337
Tailgating,741.0,7,320.0,car,Outer,2.5840741053831144
Tailgating,741.0,294,302.0,car,Outer,1.2226589556342289
Tailgating,741.0,237,68.0,motorcycle,Outer,0.44436036640594784
Tailgating,741.0,68,282.0,person,Outer,2.4562245057371865
Tailgating,742.0,244,260.0,person,Inner,0.3930606856126712
Tailgating,742.0,260,300.0,motorcycle,Inner,1.0776134832654678
Tailgating,742.0,308,278.0,motorcycle,Inner,0.45077424218873774
Tailgating,742.0,295,329.0,person,Inner,0.1623792805190224
Tailgating,742.0,306,213.0,motorcycle,Inner,2.735341528203978
Tailgating,742.0,330,203.0,car,Inner,0.0014206369640728574
Tailgating,742.0,203,244.0,motorcycle,Inner,1.4784899302437466
Tailgating,742.0,282,63.0,motorcycle,Outer,1.2555484168925375
Tailgating,742.0,63,16.0,car,Outer,0.00320456175110003
Tailgating,742.0,7,320.0,car,Outer,2.5823565963037565
Tailgating,742.0,294,302.0,car,Outer,1.2032191553997917
Tailgating,742.0,237,68.0,motorcycle,Outer,0.37501638732824066
Tailgating,742.0,68,282.0,person,Outer,2.5124399018986194
Tailgating,743.0,244,260.0,person,Inner,0.33091279663144024
Tailgating,743.0,260,300.0,motorcycle,Inner,1.150293521495273
Tailgating,743.0,308,278.0,motorcycle,Inner,0.3838725957922393
Tailgating,743.0,295,329.0,person,Inner,0.21396299615152747
Tailgating,743.0,306,213.0,motorcycle,Inner,2.723751369871498
Tailgating,743.0,138,82.0,car,Inner,1.314923533531315
Tailgating,743.0,330,203.0,car,Inner,0.0017604270170859593
Tailgating,743.0,203,244.0,motorcycle,Inner,1.4954293651156836
Tailgating,743.0,282,63.0,motorcycle,Outer,1.2574280118814065
Tailgating,743.0,63,16.0,car,Outer,0.001731815686119035
Tailgating,743.0,16,7.0,car,Outer,1.027858373598454
Tailgating,743.0,7,320.0,car,Outer,2.6269893413454883
Tailgating,743.0,320,333.0,motorcycle,Outer,1.0376404633194165
Tailgating,743.0,294,302.0,car,Outer,1.185833627967754
Tailgating,743.0,237,68.0,motorcycle,Outer,0.26730163171658616
Tailgating,743.0,68,282.0,person,Outer,2.6013803609501633
Tailgating,744.0,260,300.0,motorcycle,Inner,1.214970280842548
Tailgating,744.0,308,278.0,motorcycle,Inner,0.3163485440725826
Tailgating,744.0,295,329.0,person,Inner,0.26788501346967586
Tailgating,744.0,306,213.0,motorcycle,Inner,2.708124560134845
Tailgating,744.0,330,203.0,car,Inner,0.002231358082382708
Tailgating,744.0,203,244.0,motorcycle,Inner,1.5164205916116702
Tailgating,744.0,282,63.0,motorcycle,Outer,1.2617535986955337
Tailgating,744.0,63,16.0,car,Outer,0.001074381345273278
Tailgating,744.0,16,7.0,car,Outer,1.0326488516040915
Tailgating,744.0,7,320.0,car,Outer,2.664028760289678
Tailgating,744.0,320,333.0,motorcycle,Outer,0.96502705472018
Tailgating,744.0,294,302.0,car,Outer,1.172081130478485
Tailgating,744.0,237,68.0,motorcycle,Outer,0.17031670799475512
Tailgating,744.0,68,282.0,person,Outer,2.6810805637771886
Tailgating,745.0,260,300.0,motorcycle,Inner,1.2623277676389895
Tailgating,745.0,308,278.0,motorcycle,Inner,0.24810425197242755
Tailgating,745.0,295,329.0,person,Inner,0.32515741257281666
Tailgating,745.0,306,213.0,motorcycle,Inner,2.6905895794789356
Tailgating,745.0,330,203.0,car,Inner,0.0028009290370029634
Tailgating,745.0,203,244.0,motorcycle,Inner,1.5393479287538592
Tailgating,745.0,282,16.0,motorcycle,Outer,1.268144846218249
Tailgating,745.0,16,63.0,car,Outer,3.636677616712849e-06
Tailgating,745.0,63,7.0,car,Outer,1.0351675388710107
Tailgating,745.0,7,320.0,car,Outer,2.69712935706825
Tailgating,745.0,320,333.0,motorcycle,Outer,0.8957676235678904
Tailgating,745.0,294,302.0,car,Outer,1.1600524757810575
Tailgating,745.0,237,68.0,motorcycle,Outer,0.0867018061757917
Tailgating,745.0,68,282.0,person,Outer,2.748479943422968
Tailgating,746.0,260,300.0,motorcycle,Inner,1.2972184184381965
Tailgating,746.0,308,278.0,motorcycle,Inner,0.18231513569398636
Tailgating,746.0,295,329.0,person,Inner,0.39482427667472775
Tailgating,746.0,306,213.0,motorcycle,Inner,2.6709909285443185
Tailgating,746.0,330,203.0,car,Inner,0.0036164030798746575
Tailgating,746.0,203,244.0,motorcycle,Inner,1.5612088383440128
Tailgating,746.0,282,16.0,motorcycle,Outer,1.2716097903955463
Tailgating,746.0,16,63.0,car,Outer,0.0007234017035299124
Tailgating,746.0,63,7.0,car,Outer,1.0113793591221942
Tailgating,746.0,320,333.0,motorcycle,Outer,0.8152349597183849
Tailgating,746.0,294,302.0,car,Outer,1.1486545774361487
Tailgating,746.0,237,68.0,motorcycle,Outer,0.022621905796430083
Tailgating,746.0,68,282.0,person,Outer,2.800115449448345
Tailgating,747.0,124,300.0,motorcycle,Inner,0.8112068165043766
Tailgating,747.0,308,278.0,motorcycle,Inner,0.1164748018341231
Tailgating,747.0,295,329.0,person,Inner,0.4660771771611873
Tailgating,747.0,306,213.0,motorcycle,Inner,2.6522499336500736
Tailgating,747.0,203,330.0,motorcycle,Inner,0.004450049809725944
Tailgating,747.0,282,16.0,motorcycle,Outer,1.2752592570108843
Tailgating,747.0,16,63.0,car,Outer,0.0003151345985519818
Tailgating,747.0,63,7.0,car,Outer,0.9914988783723092
Tailgating,747.0,320,333.0,motorcycle,Outer,0.7161168056403516
Tailgating,747.0,294,254.0,car,Outer,3.0519221235241485
Tailgating,747.0,68,237.0,person,Outer,0.018609247441380688
Tailgating,747.0,237,282.0,motorcycle,Outer,2.822651915021692
Tailgating,748.0,124,300.0,motorcycle,Inner,0.7243812795298551
Tailgating,748.0,308,278.0,motorcycle,Inner,0.054994237754363524
Tailgating,748.0,295,329.0,person,Inner,0.5344018820520288
Tailgating,748.0,306,213.0,motorcycle,Inner,2.6350977988041033
Tailgating,748.0,203,330.0,motorcycle,Inner,0.008135895810681379
Tailgating,748.0,320,333.0,motorcycle,Outer,0.5939407280079433
Tailgating,748.0,294,254.0,car,Outer,3.078573362540282
Tailgating,748.0,68,237.0,person,Outer,0.042568615858103495
Tailgating,748.0,237,282.0,motorcycle,Outer,2.8191269905400795
Tailgating,749.0,124,300.0,motorcycle,Inner,0.6466979245364374
Tailgating,749.0,308,283.0,motorcycle,Inner,0.016207435539678763
Tailgating,749.0,295,329.0,person,Inner,0.6109163308311212
Tailgating,749.0,306,213.0,motorcycle,Inner,2.6176602699643743
Tailgating,749.0,203,330.0,motorcycle,Inner,0.020095238748007695
Tailgating,749.0,282,63.0,motorcycle,Outer,1.2819287375024875
Tailgating,749.0,16,7.0,car,Outer,0.9144006333399215
Tailgating,749.0,320,333.0,motorcycle,Outer,0.4874822298939426
Tailgating,749.0,294,254.0,car,Outer,3.104928585885269
Tailgating,749.0,68,237.0,person,Outer,0.05579899023703848
Tailgating,749.0,237,282.0,motorcycle,Outer,2.82129499454805
Tailgating,750.0,124,300.0,motorcycle,Inner,0.5862341596306028
Tailgating,750.0,308,301.0,motorcycle,Inner,1.8224493382927436
Tailgating,750.0,295,329.0,person,Inner,0.7020534068788647
Tailgating,750.0,306,213.0,motorcycle,Inner,2.602937656794435
Tailgating,750.0,203,330.0,motorcycle,Inner,0.03666864892982595
Tailgating,750.0,282,63.0,motorcycle,Outer,1.2826113548450895
Tailgating,750.0,320,333.0,motorcycle,Outer,0.4302607315276493
Tailgating,750.0,294,254.0,car,Outer,3.130864582232417
Tailgating,750.0,68,237.0,person,Outer,0.06067183057310325
Tailgating,750.0,237,282.0,motorcycle,Outer,2.8290783559622694
Tailgating,751.0,124,300.0,motorcycle,Inner,0.5311952383435756
Tailgating,751.0,308,301.0,motorcycle,Inner,1.8281273290257312
Tailgating,751.0,295,329.0,person,Inner,0.7887182524541168
Tailgating,751.0,306,56.0,motorcycle,Inner,3.004330368935015
Tailgating,751.0,282,63.0,motorcycle,Outer,1.2765341073093028
Tailgating,751.0,7,320.0,car,Outer,3.3016103911082495
Tailgating,751.0,320,333.0,motorcycle,Outer,0.3827875396295409
Tailgating,751.0,294,254.0,car,Outer,3.156075292215733
Tailgating,751.0,68,237.0,person,Outer,0.060370408810272454
Tailgating,751.0,237,282.0,motorcycle,Outer,2.8441277937047356
Tailgating,752.0,124,300.0,motorcycle,Inner,0.47918910706089984
Tailgating,752.0,308,301.0,motorcycle,Inner,1.8320778267164144
Tailgating,752.0,295,329.0,person,Inner,0.8721263857841642
Tailgating,752.0,306,56.0,motorcycle,Inner,2.968833633142957
Tailgating,752.0,330,244.0,car,Inner,1.570237347994542
Tailgating,752.0,282,63.0,motorcycle,Outer,1.266538795499245
Tailgating,752.0,7,320.0,car,Outer,3.395852493600546
Tailgating,752.0,320,333.0,motorcycle,Outer,0.34133383748180696
Tailgating,752.0,294,254.0,car,Outer,3.181050714337795
Tailgating,752.0,68,237.0,person,Outer,0.056886590204973754
Tailgating,752.0,237,282.0,motorcycle,Outer,2.8643133969712884
Tailgating,753.0,282,124.0,motorcycle,Inner,0.4281499924123867
Tailgating,753.0,124,300.0,motorcycle,Inner,0.4495188758034522
Tailgating,753.0,300,278.0,person,Inner,1.6464201138447676
Tailgating,753.0,308,301.0,motorcycle,Inner,1.825319189890991
Tailgating,753.0,295,329.0,person,Inner,0.94971416922259
Tailgating,753.0,306,56.0,motorcycle,Inner,2.9326040289897484
Tailgating,753.0,132,82.0,person,Inner,0.25565278909927847
Tailgating,753.0,320,333.0,motorcycle,Outer,0.3024292509716542
Tailgating,753.0,294,254.0,car,Outer,3.206387821986683
Tailgating,753.0,68,237.0,person,Outer,0.06479916439810479
Tailgating,754.0,282,124.0,motorcycle,Inner,0.46891467126645064
Tailgating,754.0,124,300.0,motorcycle,Inner,0.41565568213498166
Tailgating,754.0,300,278.0,person,Inner,1.5970339804648248
Tailgating,754.0,308,301.0,motorcycle,Inner,1.8293396310519283
Tailgating,754.0,295,329.0,person,Inner,1.0166260438094863
Tailgating,754.0,306,56.0,motorcycle,Inner,2.8948073867069546
Tailgating,754.0,132,82.0,person,Inner,0.2826358452437886
Tailgating,754.0,203,330.0,motorcycle,Inner,0.06258534839307545
Tailgating,754.0,330,244.0,car,Inner,1.584168678975793
Tailgating,754.0,294,254.0,car,Outer,3.2308799498595007
Tailgating,754.0,68,237.0,person,Outer,0.07379907825319182
Tailgating,755.0,282,124.0,motorcycle,Inner,0.512475610878459
Tailgating,755.0,124,300.0,motorcycle,Inner,0.3793292907357715
Tailgating,755.0,300,278.0,person,Inner,1.5493015338683964
Tailgating,755.0,308,301.0,motorcycle,Inner,1.8314139385942412
Tailgating,755.0,295,329.0,person,Inner,1.07594676413162
Tailgating,755.0,306,56.0,motorcycle,Inner,2.856064614998677
Tailgating,755.0,132,82.0,person,Inner,0.30770804813494407
Tailgating,755.0,203,330.0,motorcycle,Inner,0.06015134264949814
Tailgating,755.0,330,244.0,car,Inner,1.5948937223926207
Tailgating,755.0,294,254.0,car,Outer,3.2549900771415334
Tailgating,755.0,68,237.0,person,Outer,0.08365214619451362
Tailgating,756.0,282,124.0,motorcycle,Inner,0.5246793265368315
Tailgating,756.0,124,300.0,motorcycle,Inner,0.3730407663984229
Tailgating,756.0,300,278.0,person,Inner,1.5024235416962748
Tailgating,756.0,308,301.0,motorcycle,Inner,1.8291228161558826
Tailgating,756.0,295,329.0,person,Inner,1.1284033705275014
Tailgating,756.0,306,56.0,motorcycle,Inner,2.8175569721963534
Tailgating,756.0,132,82.0,person,Inner,0.3276188956440781
Tailgating,756.0,203,330.0,motorcycle,Inner,0.04867980782693048
Tailgating,756.0,330,260.0,car,Inner,1.5252918446245682
Tailgating,756.0,7,320.0,car,Outer,3.5277925060612327
Tailgating,756.0,294,254.0,car,Outer,3.2761686769349967
Tailgating,756.0,68,237.0,person,Outer,0.11541943938485459
Tailgating,757.0,260,244.0,motorcycle,Inner,0.05927577860728527
Tailgating,757.0,282,124.0,motorcycle,Inner,0.5650886126727136
Tailgating,757.0,124,300.0,motorcycle,Inner,0.3286417383720424
Tailgating,757.0,308,301.0,motorcycle,Inner,1.8329126693164859
Tailgating,757.0,306,56.0,motorcycle,Inner,2.7776956105383173
Tailgating,757.0,132,82.0,person,Inner,0.34228390899295036
Tailgating,757.0,203,330.0,motorcycle,Inner,0.032083044827302086
Tailgating,757.0,330,260.0,car,Inner,1.5010741361392979
Tailgating,757.0,7,320.0,car,Outer,3.5275761342823904
Tailgating,757.0,294,254.0,car,Outer,3.293321213484092
Tailgating,757.0,68,237.0,person,Outer,0.1531958640380292
Tailgating,758.0,260,244.0,motorcycle,Inner,0.10356732450111193
Tailgating,758.0,124,300.0,motorcycle,Inner,0.2888553533845084
Tailgating,758.0,283,308.0,motorcycle,Inner,0.28234713443200576
Tailgating,758.0,308,301.0,motorcycle,Inner,1.8419738501127108
Tailgating,758.0,306,56.0,motorcycle,Inner,2.7412141299928896
Tailgating,758.0,132,82.0,person,Inner,0.3542188348090856
Tailgating,758.0,203,330.0,motorcycle,Inner,0.016856210919218434
Tailgating,758.0,330,260.0,car,Inner,1.48730574406867
Tailgating,758.0,7,320.0,car,Outer,3.505674139525139
Tailgating,758.0,294,254.0,car,Outer,3.306756562882111
Tailgating,758.0,68,237.0,person,Outer,0.19462687233627285
Tailgating,759.0,260,244.0,motorcycle,Inner,0.14133845177810941
Tailgating,759.0,124,300.0,motorcycle,Inner,0.25964638041696475
Tailgating,759.0,308,301.0,motorcycle,Inner,1.8544429891920229
Tailgating,759.0,306,56.0,motorcycle,Inner,2.7023673061152103
Tailgating,759.0,132,82.0,person,Inner,0.372164584501051
Tailgating,759.0,203,330.0,motorcycle,Inner,0.005712721354497628
Tailgating,759.0,330,260.0,car,Inner,1.4817439525606213
Tailgating,759.0,7,320.0,car,Outer,3.48939580244664
Tailgating,759.0,294,254.0,car,Outer,3.317923792615459
Tailgating,759.0,68,237.0,person,Outer,0.23739433976186178
Tailgating,760.0,260,244.0,motorcycle,Inner,0.17433944114203878
Tailgating,760.0,124,300.0,motorcycle,Inner,0.21770296393149197
Tailgating,760.0,308,301.0,motorcycle,Inner,1.8683115028177022
Tailgating,760.0,306,56.0,motorcycle,Inner,2.662344051627664
Tailgating,760.0,330,203.0,car,Inner,0.00017214816683762478
Tailgating,760.0,203,260.0,motorcycle,Inner,1.469982703310594
Tailgating,760.0,7,320.0,car,Outer,3.4443859086078796
Tailgating,760.0,294,254.0,car,Outer,3.3348388530431055
Tailgating,761.0,260,244.0,motorcycle,Inner,0.21395867962275644
Tailgating,761.0,124,300.0,motorcycle,Inner,0.19209721465867374
Tailgating,761.0,308,301.0,motorcycle,Inner,1.875176514573183
Tailgating,761.0,295,329.0,person,Inner,1.274005197521315
Tailgating,761.0,306,56.0,motorcycle,Inner,2.620103399420269
Tailgating,761.0,213,336.0,person,Inner,0.5690454311261561
Tailgating,761.0,330,203.0,car,Inner,0.0030702623479650585
Tailgating,761.0,203,260.0,motorcycle,Inner,1.440429082478591
Tailgating,761.0,7,320.0,car,Outer,3.4221710521107624
Tailgating,761.0,320,333.0,motorcycle,Outer,0.14630859630748239
Tailgating,761.0,294,254.0,car,Outer,3.3578085975745555
Tailgating,762.0,260,244.0,motorcycle,Inner,0.2570068252546781
Tailgating,762.0,282,124.0,motorcycle,Inner,0.7033024477445079
Tailgating,762.0,300,278.0,person,Inner,1.279486389274186
Tailgating,762.0,308,301.0,motorcycle,Inner,1.8771980713733134
Tailgating,762.0,295,329.0,person,Inner,1.316860964178891
Tailgating,762.0,306,56.0,motorcycle,Inner,2.576320776514437
Tailgating,762.0,213,336.0,person,Inner,0.5395029150549693
Tailgating,762.0,330,203.0,car,Inner,0.004638195531342741
Tailgating,762.0,203,260.0,motorcycle,Inner,1.4053745376354037
Tailgating,762.0,7,320.0,car,Outer,3.4153391643888917
Tailgating,762.0,320,333.0,motorcycle,Outer,0.09737793192109201
Tailgating,762.0,55,262.0,car,Outer,1.4510595049221313
Tailgating,762.0,294,254.0,car,Outer,3.3857151558538052
Tailgating,763.0,260,244.0,motorcycle,Inner,0.34668857288247534
Tailgating,763.0,244,282.0,person,Inner,0.6223278308946467
Tailgating,763.0,282,124.0,motorcycle,Inner,0.7559555523117828
Tailgating,763.0,124,300.0,motorcycle,Inner,0.12054477256287892
Tailgating,763.0,300,278.0,person,Inner,1.2484556271085099
Tailgating,763.0,308,301.0,motorcycle,Inner,1.8648320178354654
Tailgating,763.0,295,329.0,person,Inner,1.3670241235695555
Tailgating,763.0,306,56.0,motorcycle,Inner,2.5331423226851864
Tailgating,763.0,213,336.0,person,Inner,0.5091350854724068
Tailgating,763.0,330,260.0,car,Inner,1.3720493803900378
Tailgating,763.0,7,320.0,car,Outer,3.3892735652068526
Tailgating,763.0,320,333.0,motorcycle,Outer,0.041745131236097896
Tailgating,763.0,294,254.0,car,Outer,3.41922736645103
Tailgating,763.0,203,237.0,motorcycle,Outer,0.016870335601313194
Tailgating,764.0,260,244.0,motorcycle,Inner,0.404977642948909
Tailgating,764.0,244,282.0,person,Inner,0.6118038321244453
Tailgating,764.0,282,124.0,motorcycle,Inner,0.7962559765502574
Tailgating,764.0,124,300.0,motorcycle,Inner,0.07188394540533463
Tailgating,764.0,300,278.0,person,Inner,1.2182085389928958
Tailgating,764.0,308,301.0,motorcycle,Inner,1.8501022535007101
Tailgating,764.0,295,329.0,person,Inner,1.4239960031882428
Tailgating,764.0,306,56.0,motorcycle,Inner,2.4900461184787996
Tailgating,764.0,213,336.0,person,Inner,0.478634474328366
Tailgating,764.0,338,22.0,motorcycle,Inner,0.03339452542564881
Tailgating,764.0,7,333.0,car,Outer,3.506427703001283
Tailgating,764.0,294,254.0,car,Outer,3.455653270250916
Tailgating,764.0,330,203.0,car,Outer,0.00715211497586449
Tailgating,764.0,203,237.0,motorcycle,Outer,0.016711611733950336
Tailgating,765.0,260,244.0,motorcycle,Inner,0.45566571582722143
Tailgating,765.0,282,124.0,motorcycle,Inner,0.8262334498343975
Tailgating,765.0,124,300.0,motorcycle,Inner,0.030887303210095095
Tailgating,765.0,300,278.0,person,Inner,1.1884121417974571
Tailgating,765.0,283,308.0,motorcycle,Inner,0.6407004444558068
Tailgating,765.0,308,301.0,motorcycle,Inner,1.833936500036836
Tailgating,765.0,295,329.0,person,Inner,1.4840763197168456
Tailgating,765.0,306,56.0,motorcycle,Inner,2.4469127844896326
Tailgating,765.0,213,336.0,person,Inner,0.4479543128648624
Tailgating,765.0,338,138.0,car,Inner,0.5935964057566526
Tailgating,765.0,7,333.0,car,Outer,3.490368218561467
Tailgating,765.0,294,254.0,car,Outer,3.493621932360609
Tailgating,765.0,330,203.0,car,Outer,0.008071322386500717
Tailgating,765.0,203,237.0,motorcycle,Outer,0.0169482237275083
Tailgating,766.0,260,244.0,motorcycle,Inner,0.5061499570335655
Tailgating,766.0,282,300.0,motorcycle,Inner,1.0059449249092443
Tailgating,766.0,124,278.0,motorcycle,Inner,0.9378936540254686
Tailgating,766.0,283,308.0,motorcycle,Inner,0.7088406861318498
Tailgating,766.0,308,301.0,motorcycle,Inner,1.8127170904514998
Tailgating,766.0,295,329.0,person,Inner,1.5476888195327736
Tailgating,766.0,306,56.0,motorcycle,Inner,2.404955701156765
Tailgating,766.0,213,336.0,person,Inner,0.4200531675736559
Tailgating,766.0,7,188.0,car,Outer,0.14318072116275796
Tailgating,766.0,188,333.0,car,Outer,3.392963494769546
Tailgating,766.0,294,254.0,car,Outer,3.536153128970023
Tailgating,766.0,330,203.0,car,Outer,0.011438275492134636
Tailgating,766.0,203,237.0,motorcycle,Outer,0.01331244275485919
Tailgating,767.0,282,300.0,motorcycle,Inner,0.991950456218991
Tailgating,767.0,124,278.0,motorcycle,Inner,0.8511450115127209
Tailgating,767.0,308,301.0,motorcycle,Inner,1.7956891360440779
Tailgating,767.0,295,329.0,person,Inner,1.615503056742119
Tailgating,767.0,306,56.0,motorcycle,Inner,2.363376217054122
Tailgating,767.0,213,336.0,person,Inner,0.40024874204650834
Tailgating,767.0,260,244.0,motorcycle,Inner,0.5518556870266524
Tailgating,767.0,7,188.0,car,Outer,0.16525700158204812
Tailgating,767.0,188,320.0,car,Outer,3.2006363235463136
Tailgating,767.0,320,333.0,motorcycle,Outer,0.07167924885407959
Tailgating,767.0,55,262.0,car,Outer,1.8262298331916258
Tailgating,767.0,330,203.0,car,Outer,0.012636397185476786
Tailgating,767.0,203,237.0,motorcycle,Outer,0.00937476736602811
Tailgating,768.0,124,278.0,motorcycle,Inner,0.7570347568823098
Tailgating,768.0,308,301.0,motorcycle,Inner,1.7829968526275048
Tailgating,768.0,295,329.0,person,Inner,1.6789701731288678
Tailgating,768.0,306,56.0,motorcycle,Inner,2.3269461460121343
Tailgating,768.0,7,188.0,car,Outer,0.2124534043499718
Tailgating,768.0,188,320.0,car,Outer,3.008980217614569
Tailgating,768.0,320,333.0,motorcycle,Outer,0.23337825040483973
Tailgating,768.0,330,203.0,car,Outer,0.013205001603044471
Tailgating,768.0,203,237.0,motorcycle,Outer,0.011475601617328168
Tailgating,769.0,124,278.0,motorcycle,Inner,0.6541271379852714
Tailgating,769.0,308,301.0,motorcycle,Inner,1.7732134446604995
Tailgating,769.0,295,329.0,person,Inner,1.7450860635835297
Tailgating,769.0,306,56.0,motorcycle,Inner,2.290247482230416
Tailgating,769.0,320,333.0,motorcycle,Outer,0.42452590285507574
Tailgating,769.0,330,203.0,car,Outer,0.014498949000564537
Tailgating,769.0,203,237.0,motorcycle,Outer,0.015363160608288736
Tailgating,770.0,124,278.0,motorcycle,Inner,0.5738636588354278
Tailgating,770.0,308,301.0,motorcycle,Inner,1.778744303829373
Tailgating,770.0,295,329.0,person,Inner,1.8163365238053197
Tailgating,770.0,306,56.0,motorcycle,Inner,2.2514282364054434
Tailgating,770.0,188,320.0,car,Outer,2.561065115170955
Tailgating,770.0,320,333.0,motorcycle,Outer,0.6385399046792459
Tailgating,770.0,330,203.0,car,Outer,0.01429944148246071
Tailgating,770.0,203,237.0,motorcycle,Outer,0.022954504817050695
Tailgating,771.0,124,278.0,motorcycle,Inner,0.5028792075388024
Tailgating,771.0,283,308.0,motorcycle,Inner,1.0133283724479425
Tailgating,771.0,308,301.0,motorcycle,Inner,1.7871776243382342
Tailgating,771.0,295,329.0,person,Inner,1.8898431001587828
Tailgating,771.0,306,56.0,motorcycle,Inner,2.2121885296315065
Tailgating,771.0,325,16.0,car,Outer,2.4698442506329608
Tailgating,771.0,188,320.0,car,Outer,2.334418011403059
Tailgating,771.0,320,333.0,motorcycle,Outer,0.8657389455400122
Tailgating,771.0,330,203.0,car,Outer,0.01512191504846148
Tailgating,771.0,203,237.0,motorcycle,Outer,0.02745641423515381
Tailgating,772.0,124,278.0,motorcycle,Inner,0.4361270718330763
Tailgating,772.0,283,308.0,motorcycle,Inner,1.1131674545097696
Tailgating,772.0,308,301.0,motorcycle,Inner,1.796787881776396
Tailgating,772.0,295,329.0,person,Inner,1.9659072144428151
Tailgating,772.0,306,56.0,motorcycle,Inner,2.172821354907296
Tailgating,772.0,338,138.0,motorcycle,Inner,0.6633562386131586
Tailgating,772.0,325,16.0,car,Outer,2.484806059640419
Tailgating,772.0,7,188.0,car,Outer,0.0790480711507925
Tailgating,772.0,188,320.0,car,Outer,2.097790232609065
Tailgating,772.0,320,333.0,motorcycle,Outer,1.101430126696863
Tailgating,772.0,330,203.0,car,Outer,0.015284819756593357
Tailgating,772.0,203,237.0,motorcycle,Outer,0.03128572238488109
Tailgating,773.0,244,282.0,person,Inner,0.5344468174438045
Tailgating,773.0,124,278.0,motorcycle,Inner,0.3868378804632679
Tailgating,773.0,283,308.0,motorcycle,Inner,1.2251198600501056
Tailgating,773.0,308,301.0,motorcycle,Inner,1.8067857691675373
Tailgating,773.0,295,329.0,person,Inner,2.03696993664625
Tailgating,773.0,306,56.0,motorcycle,Inner,2.131671234191332
Tailgating,773.0,325,16.0,car,Outer,2.502709458762188
Tailgating,773.0,7,188.0,car,Outer,0.011925939615775549
Tailgating,773.0,320,333.0,motorcycle,Outer,1.1967320074724044
Tailgating,773.0,262,294.0,motorcycle,Outer,3.743572160090794
Tailgating,773.0,330,203.0,car,Outer,0.014746989590761516
Tailgating,773.0,203,237.0,motorcycle,Outer,0.033911109963808445
Tailgating,774.0,244,282.0,person,Inner,0.4269446457349409
Tailgating,774.0,300,124.0,person,Inner,0.5389168802393306
Tailgating,774.0,283,308.0,motorcycle,Inner,1.343036391384507
Tailgating,774.0,308,301.0,motorcycle,Inner,1.8101193506615358
Tailgating,774.0,295,329.0,person,Inner,2.1032854723205676
Tailgating,774.0,306,56.0,motorcycle,Inner,2.0898974580695984
Tailgating,774.0,325,16.0,car,Outer,2.523088672587666
Tailgating,774.0,16,63.0,car,Outer,0.0033738064497868614
Tailgating,774.0,7,320.0,car,Outer,1.8687470723209811
Tailgating,774.0,330,203.0,car,Outer,0.017331504586213155
Tailgating,774.0,203,237.0,motorcycle,Outer,0.03198224675571577
Tailgating,775.0,244,282.0,person,Inner,0.30727350451843893
Tailgating,775.0,282,300.0,motorcycle,Inner,0.7534849844852425
Tailgating,775.0,300,124.0,person,Inner,0.6202421466862037
Tailgating,775.0,283,308.0,motorcycle,Inner,1.4649439449437582
Tailgating,775.0,308,301.0,motorcycle,Inner,1.8080676532228495
Tailgating,775.0,295,329.0,person,Inner,2.1767297848168576
Tailgating,775.0,306,56.0,motorcycle,Inner,2.0482870859482842
Tailgating,775.0,325,16.0,car,Outer,2.5455716234808428
Tailgating,775.0,16,63.0,car,Outer,0.0012044583920322914
Tailgating,775.0,7,320.0,car,Outer,1.7857275354129667
Tailgating,775.0,330,203.0,car,Outer,0.02118633226340101
Tailgating,775.0,203,237.0,motorcycle,Outer,0.027918999810063683
Tailgating,776.0,244,282.0,person,Inner,0.16846269411905637
Tailgating,776.0,282,300.0,motorcycle,Inner,0.6267527394496598
Tailgating,776.0,300,124.0,person,Inner,0.7195722427824127
Tailgating,776.0,283,278.0,motorcycle,Inner,0.027274144481779262
Tailgating,776.0,308,301.0,motorcycle,Inner,1.8009665401303854
Tailgating,776.0,295,329.0,person,Inner,2.2517909657082686
Tailgating,776.0,306,56.0,motorcycle,Inner,2.005312447785212
Tailgating,776.0,325,63.0,car,Outer,2.5649373843051695
Tailgating,776.0,16,188.0,car,Outer,0.5406310770277338
Tailgating,776.0,7,320.0,car,Outer,1.7866088325151155
Tailgating,776.0,330,203.0,car,Outer,0.024074564818819016
Tailgating,776.0,203,237.0,motorcycle,Outer,0.025152701284966054
Tailgating,777.0,282,124.0,motorcycle,Inner,1.2814311791607977
Tailgating,777.0,124,283.0,motorcycle,Inner,0.16440341103504438
Tailgating,777.0,283,278.0,motorcycle,Inner,0.07626919672595608
Tailgating,777.0,308,301.0,motorcycle,Inner,1.7911457083025284
Tailgating,777.0,301,341.0,motorcycle,Inner,0.046300682536609766
Tailgating,777.0,295,329.0,person,Inner,2.328420736405174
Tailgating,777.0,306,56.0,motorcycle,Inner,1.9623058613628415
Tailgating,777.0,260,282.0,motorcycle,Inner,1.5328108524991257
Tailgating,777.0,325,244.0,car,Outer,1.1717157272465635
Tailgating,777.0,244,63.0,person,Outer,1.1507915052701954
Tailgating,777.0,63,16.0,car,Outer,0.0038179870264056916
Tailgating,777.0,16,188.0,car,Outer,0.5520645599529039
Tailgating,777.0,188,7.0,car,Outer,0.16281220997065046
Tailgating,777.0,330,203.0,car,Outer,0.027986856509739786
Tailgating,777.0,203,237.0,motorcycle,Outer,0.017579979955850776
Tailgating,778.0,124,283.0,motorcycle,Inner,0.08640596261931861
Tailgating,778.0,283,278.0,motorcycle,Inner,0.10590814286059003
Tailgating,778.0,308,301.0,motorcycle,Inner,1.777480149636217
Tailgating,778.0,301,341.0,motorcycle,Inner,0.037015218157565255
Tailgating,778.0,295,329.0,person,Inner,2.4035971482187484
Tailgating,778.0,306,56.0,motorcycle,Inner,1.9228905429358618
Tailgating,778.0,244,63.0,person,Outer,0.9833874470127462
Tailgating,778.0,16,188.0,car,Outer,0.5575992673133829
Tailgating,778.0,188,7.0,car,Outer,0.12831887467242545
Tailgating,778.0,330,203.0,car,Outer,0.030017893501742696
Tailgating,778.0,203,237.0,motorcycle,Outer,0.010123215688850495
Tailgating,779.0,124,283.0,motorcycle,Inner,0.005005367109470685
Tailgating,779.0,308,301.0,motorcycle,Inner,1.7618064085739338
Tailgating,779.0,301,341.0,motorcycle,Inner,0.027728578548211116
Tailgating,779.0,295,329.0,person,Inner,2.480441651148045
Tailgating,779.0,306,56.0,motorcycle,Inner,1.8819290240930335
Tailgating,779.0,260,282.0,motorcycle,Inner,1.6113775983963796
Tailgating,779.0,244,63.0,person,Outer,0.8188574441212116
Tailgating,779.0,16,188.0,car,Outer,0.5561440874630698
Tailgating,779.0,7,320.0,car,Outer,1.9672317142728937
Tailgating,779.0,330,203.0,car,Outer,0.034316780936376225
Tailgating,779.0,203,237.0,motorcycle,Outer,0.00010228301815506667
Tailgating,780.0,124,278.0,motorcycle,Inner,0.03139383209498794
Tailgating,780.0,308,301.0,motorcycle,Inner,1.7460064300769538
Tailgating,780.0,295,329.0,person,Inner,2.560524581168722
Tailgating,780.0,306,56.0,motorcycle,Inner,1.8369638656461869
Tailgating,780.0,260,282.0,motorcycle,Inner,1.6475268109285213
Tailgating,780.0,244,63.0,person,Outer,0.7936589480136826
Tailgating,780.0,7,320.0,car,Outer,2.0482706430317346
Tailgating,780.0,320,341.0,motorcycle,Outer,2.9312108728483817
Tailgating,780.0,330,237.0,car,Outer,0.03169188916745523
Tailgating,780.0,237,203.0,motorcycle,Outer,0.010047681655918024
Tailgating,780.0,203,325.0,motorcycle,Outer,2.257709119465527
Tailgating,781.0,124,308.0,motorcycle,Inner,1.5983305737315703
Tailgating,781.0,308,301.0,motorcycle,Inner,1.7361409955582905
Tailgating,781.0,295,329.0,person,Inner,2.6451672260750296
Tailgating,781.0,306,56.0,motorcycle,Inner,1.7909196204953188
Tailgating,781.0,260,282.0,motorcycle,Inner,1.6770201802160989
Tailgating,781.0,320,341.0,motorcycle,Outer,2.9099193194727393
Tailgating,781.0,330,237.0,car,Outer,0.024416100788146083
Tailgating,781.0,203,325.0,motorcycle,Outer,2.2577701341834153
Tailgating,782.0,124,308.0,motorcycle,Inner,1.5586833636481894
Tailgating,782.0,295,329.0,person,Inner,2.72088311995867
Tailgating,782.0,306,56.0,motorcycle,Inner,1.7445645035980228
Tailgating,782.0,320,301.0,motorcycle,Outer,2.834312796636336
Tailgating,782.0,301,341.0,motorcycle,Outer,0.04145861634992921
Tailgating,782.0,330,237.0,car,Outer,0.014774143809592941
Tailgating,782.0,203,325.0,motorcycle,Outer,2.2558570669206017
Tailgating,783.0,124,308.0,motorcycle,Inner,1.5273189204651794
Tailgating,783.0,295,329.0,person,Inner,2.7916484027759565
Tailgating,783.0,306,56.0,motorcycle,Inner,1.698936123766673
Tailgating,783.0,260,282.0,motorcycle,Inner,1.7248646050325254
Tailgating,783.0,63,16.0,car,Outer,0.0019533126185494404
Tailgating,783.0,7,320.0,car,Outer,2.187091809739208
Tailgating,783.0,320,301.0,motorcycle,Outer,2.8232446022870277
Tailgating,783.0,301,341.0,motorcycle,Outer,0.03343061266154362
Tailgating,783.0,86,231.0,person,Outer,0.37590525886358017
Tailgating,783.0,330,237.0,car,Outer,0.0036754626923911514
Tailgating,783.0,203,325.0,motorcycle,Outer,2.254785537606777
Tailgating,784.0,124,308.0,motorcycle,Inner,1.5136076273846544
Tailgating,784.0,295,329.0,person,Inner,2.8545949948275235
Tailgating,784.0,306,56.0,motorcycle,Inner,1.6529854748162196
Tailgating,784.0,260,282.0,motorcycle,Inner,1.7508354798526637
Tailgating,784.0,325,244.0,car,Outer,1.6790736405330011
Tailgating,784.0,63,188.0,car,Outer,0.48215814984307487
Tailgating,784.0,7,320.0,car,Outer,2.2104852654927263
Tailgating,784.0,320,301.0,motorcycle,Outer,2.819277761091574
Tailgating,784.0,301,341.0,motorcycle,Outer,0.036797483565501714
Tailgating,784.0,86,231.0,person,Outer,0.4141284085030327
Tailgating,784.0,330,203.0,car,Outer,0.032490608975845686
Tailgating,784.0,203,325.0,motorcycle,Outer,2.2518158562951114
Tailgating,785.0,124,308.0,motorcycle,Inner,1.4983040924951219
Tailgating,785.0,295,329.0,person,Inner,2.9128223660361425
Tailgating,785.0,306,56.0,motorcycle,Inner,1.6060850070729054
Tailgating,785.0,325,244.0,car,Outer,1.6782052353327093
Tailgating,785.0,16,63.0,car,Outer,0.0017351088587140885
Tailgating,785.0,63,188.0,car,Outer,0.45114574997334195
Tailgating,785.0,7,320.0,car,Outer,2.2281938208164824
Tailgating,785.0,320,301.0,motorcycle,Outer,2.821090659351643
Tailgating,785.0,301,341.0,motorcycle,Outer,0.03818173850631063
Tailgating,785.0,86,231.0,person,Outer,0.45341301537758755
Tailgating,785.0,330,203.0,car,Outer,0.029466620198080995
Tailgating,785.0,203,325.0,motorcycle,Outer,2.2483567243280067
Tailgating,786.0,124,308.0,motorcycle,Inner,1.4917343634237081
Tailgating,786.0,295,329.0,person,Inner,2.9715582358260813
Tailgating,786.0,306,56.0,motorcycle,Inner,1.5575541014533345
Tailgating,786.0,260,282.0,motorcycle,Inner,1.7988904611131808
Tailgating,786.0,325,244.0,car,Outer,1.6786006372973663
Tailgating,786.0,63,188.0,car,Outer,0.41841628848821283
Tailgating,786.0,7,320.0,car,Outer,2.2204773124288155
Tailgating,786.0,320,301.0,motorcycle,Outer,2.82469076710641
Tailgating,786.0,301,341.0,motorcycle,Outer,0.03957150967203993
Tailgating,786.0,86,231.0,person,Outer,0.4936932033107522
Tailgating,786.0,330,203.0,car,Outer,0.024830070765166492
Tailgating,786.0,203,325.0,motorcycle,Outer,2.2392945294900444
Tailgating,787.0,124,308.0,motorcycle,Inner,1.4956417162428441
Tailgating,787.0,295,329.0,person,Inner,3.030274968283128
Tailgating,787.0,306,56.0,motorcycle,Inner,1.5154686164178022
Tailgating,787.0,260,282.0,motorcycle,Inner,1.822400521562829
Tailgating,787.0,325,244.0,car,Outer,1.6508594253370485
Tailgating,787.0,7,320.0,car,Outer,2.2182848082602264
Tailgating,787.0,86,231.0,person,Outer,0.535137207954197
Tailgating,787.0,330,203.0,car,Outer,0.018907895132504172
Tailgating,787.0,203,325.0,motorcycle,Outer,2.2534662787420214
Tailgating,788.0,124,308.0,motorcycle,Inner,1.5015027355890358
Tailgating,788.0,295,329.0,person,Inner,3.080003711217151
Tailgating,788.0,306,56.0,motorcycle,Inner,1.479334675437751
Tailgating,788.0,260,282.0,motorcycle,Inner,1.845493284199054
Tailgating,788.0,325,244.0,car,Outer,1.6059526557856023
Tailgating,788.0,7,320.0,car,Outer,2.2422202883123035
Tailgating,788.0,330,203.0,car,Outer,0.01662771669268299
Tailgating,788.0,203,325.0,motorcycle,Outer,2.2821468058753873
Tailgating,789.0,124,308.0,motorcycle,Inner,1.4966127733834276
Tailgating,789.0,295,329.0,person,Inner,3.1314439571259816
Tailgating,789.0,306,56.0,motorcycle,Inner,1.4403759483362961
Tailgating,789.0,260,282.0,motorcycle,Inner,1.8644324177922345
Tailgating,789.0,325,244.0,car,Outer,1.5495968943597398
Tailgating,789.0,330,203.0,car,Outer,0.01904494072818029
Tailgating,789.0,203,325.0,motorcycle,Outer,2.318917567830692
Tailgating,790.0,124,308.0,motorcycle,Inner,1.475167941025298
Tailgating,790.0,295,329.0,person,Inner,3.1872931605586734
Tailgating,790.0,306,56.0,motorcycle,Inner,1.3963432907602982
Tailgating,790.0,260,282.0,motorcycle,Inner,1.880457531055512
Tailgating,790.0,325,244.0,car,Outer,1.5037969128766802
Tailgating,790.0,330,203.0,car,Outer,0.020128689342532466
Tailgating,790.0,203,325.0,motorcycle,Outer,2.3426047690875738
Tailgating,791.0,124,308.0,motorcycle,Inner,1.4400898629619796
Tailgating,791.0,295,329.0,person,Inner,3.246973326174182
Tailgating,791.0,306,56.0,motorcycle,Inner,1.350393318027135
Tailgating,791.0,260,282.0,motorcycle,Inner,1.8961196080722051
Tailgating,791.0,325,244.0,car,Outer,1.4658355666691256
Tailgating,791.0,188,7.0,car,Outer,0.2307189655661216
Tailgating,791.0,330,203.0,car,Outer,0.024451649911171394
Tailgating,791.0,203,325.0,motorcycle,Outer,2.3526058848045355
Tailgating,792.0,124,308.0,motorcycle,Inner,1.3969362666979177
Tailgating,792.0,295,329.0,person,Inner,3.3092613919028384
Tailgating,792.0,306,56.0,motorcycle,Inner,1.3063394646704483
Tailgating,792.0,260,282.0,motorcycle,Inner,1.9113292690940116
Tailgating,792.0,325,244.0,car,Outer,1.4329626352378404
Tailgating,792.0,188,7.0,car,Outer,0.22308045551022299
Tailgating,792.0,330,203.0,car,Outer,0.030870871288066856
Tailgating,792.0,203,325.0,motorcycle,Outer,2.355120659965547
Tailgating,793.0,247,124.0,motorcycle,Inner,0.610245749522201
Tailgating,793.0,124,308.0,motorcycle,Inner,1.3532087407980753
Tailgating,793.0,295,329.0,person,Inner,3.3710056893871103
Tailgating,793.0,306,56.0,motorcycle,Inner,1.2653968548684054
Tailgating,793.0,325,244.0,car,Outer,1.4029167537881895
Tailgating,793.0,7,320.0,car,Outer,2.408546142930309
Tailgating,793.0,330,203.0,car,Outer,0.03558013470455182
Tailgating,793.0,203,325.0,motorcycle,Outer,2.3576737852123966
Tailgating,794.0,247,124.0,motorcycle,Inner,0.6325382711039319
Tailgating,794.0,124,308.0,motorcycle,Inner,1.3057067071890163
Tailgating,794.0,295,329.0,person,Inner,3.43524921218517
Tailgating,794.0,306,56.0,motorcycle,Inner,1.2173064830588223
Tailgating,794.0,260,282.0,motorcycle,Inner,1.9435918422287624
Tailgating,794.0,325,244.0,car,Outer,1.4012815806180845
Tailgating,794.0,7,320.0,car,Outer,2.4267819511990885
Tailgating,794.0,349,90.0,person,Outer,0.7678352725872695
Tailgating,794.0,330,203.0,car,Outer,0.04188928386284284
Tailgating,794.0,203,325.0,motorcycle,Outer,2.338225211775801
Tailgating,795.0,247,124.0,motorcycle,Inner,0.6573033939052395
Tailgating,795.0,124,308.0,motorcycle,Inner,1.2547919230249496
Tailgating,795.0,295,329.0,person,Inner,3.501017623962168
Tailgating,795.0,306,56.0,motorcycle,Inner,1.1644664743332527
Tailgating,795.0,260,282.0,motorcycle,Inner,1.960465640557231
Tailgating,795.0,325,244.0,car,Outer,1.4141734205952567
Tailgating,795.0,7,320.0,car,Outer,2.443505229265294
Tailgating,795.0,330,203.0,car,Outer,0.045314679227771514
Tailgating,795.0,203,325.0,motorcycle,Outer,2.3075001845848737
Tailgating,796.0,247,124.0,motorcycle,Inner,0.6739846448580762
Tailgating,796.0,124,308.0,motorcycle,Inner,1.2136668587801736
Tailgating,796.0,295,329.0,person,Inner,3.564163989990502
Tailgating,796.0,306,56.0,motorcycle,Inner,1.114181509305743
Tailgating,796.0,260,282.0,motorcycle,Inner,1.980268441696075
Tailgating,796.0,325,244.0,car,Outer,1.4416326948283302
Tailgating,796.0,7,320.0,car,Outer,2.4582781308927544
Tailgating,796.0,330,203.0,car,Outer,0.04674959961391391
Tailgating,796.0,203,325.0,motorcycle,Outer,2.2637288517751872
Tailgating,797.0,247,124.0,motorcycle,Inner,0.687225803579951
Tailgating,797.0,124,308.0,motorcycle,Inner,1.1813040503283547
Tailgating,797.0,295,329.0,person,Inner,3.6215292994037296
Tailgating,797.0,306,56.0,motorcycle,Inner,1.0614579379832916
Tailgating,797.0,260,282.0,motorcycle,Inner,1.9994125661288722
Tailgating,797.0,325,244.0,car,Outer,1.4592841953474993
Tailgating,797.0,7,320.0,car,Outer,2.468048833741854
Tailgating,797.0,320,341.0,motorcycle,Outer,2.362090988978864
Tailgating,797.0,330,203.0,car,Outer,0.04923324125191523
Tailgating,797.0,203,325.0,motorcycle,Outer,2.2355869460116535
Tailgating,798.0,247,124.0,motorcycle,Inner,0.6981985714721506
Tailgating,798.0,124,308.0,motorcycle,Inner,1.156844455212835
Tailgating,798.0,295,329.0,person,Inner,3.669036342910867
Tailgating,798.0,306,56.0,motorcycle,Inner,1.0109522916307865
Tailgating,798.0,260,282.0,motorcycle,Inner,2.0166291584575102
Tailgating,798.0,325,244.0,car,Outer,1.4684706614976164
Tailgating,798.0,7,320.0,car,Outer,2.474234897686835
Tailgating,798.0,320,341.0,motorcycle,Outer,2.2994417018409736
Tailgating,798.0,330,203.0,car,Outer,0.0485721021572463
Tailgating,798.0,203,325.0,motorcycle,Outer,2.2233013735752647
Tailgating,799.0,247,124.0,motorcycle,Inner,0.706091039325456
Tailgating,799.0,124,308.0,motorcycle,Inner,1.1376792740564514
Tailgating,799.0,306,56.0,motorcycle,Inner,0.9551031096640737
Tailgating,799.0,260,282.0,motorcycle,Inner,2.0358992213621883
Tailgating,799.0,325,244.0,car,Outer,1.4738414074506985
Tailgating,799.0,7,320.0,car,Outer,2.479356380753598
Tailgating,799.0,320,341.0,motorcycle,Outer,2.2313907007238756
Tailgating,799.0,330,203.0,car,Outer,0.04660235764059726
Tailgating,799.0,203,325.0,motorcycle,Outer,2.219791223779176
Tailgating,800.0,247,124.0,motorcycle,Inner,0.7117412852050365
Tailgating,800.0,124,308.0,motorcycle,Inner,1.1221706982812407
Tailgating,800.0,306,56.0,motorcycle,Inner,0.8997365213930346
Tailgating,800.0,260,282.0,motorcycle,Inner,2.0571280958171805
Tailgating,800.0,325,244.0,car,Outer,1.4769209554197902
Tailgating,800.0,7,320.0,car,Outer,2.500757757124956
Tailgating,800.0,320,341.0,motorcycle,Outer,2.1636181000092836
Tailgating,800.0,330,203.0,car,Outer,0.04496634659981096
Tailgating,800.0,203,325.0,motorcycle,Outer,2.218856291320269
Tailgating,801.0,247,124.0,motorcycle,Inner,0.7171517827934805
Tailgating,801.0,124,308.0,motorcycle,Inner,1.1082457659004956
Tailgating,801.0,306,56.0,motorcycle,Inner,0.8495303610092857
Tailgating,801.0,260,282.0,motorcycle,Inner,2.079780843779518
Tailgating,801.0,325,244.0,car,Outer,1.4847520804899146
Tailgating,801.0,320,341.0,motorcycle,Outer,2.1021528824290012
Tailgating,801.0,330,203.0,car,Outer,0.04085619704410063
Tailgating,801.0,203,325.0,motorcycle,Outer,2.2119760326228954
Tailgating,802.0,283,278.0,motorcycle,Inner,0.08685988741733432
Tailgating,802.0,247,124.0,motorcycle,Inner,0.7221798723854093
Tailgating,802.0,124,308.0,motorcycle,Inner,1.0959403794025997
Tailgating,802.0,306,56.0,motorcycle,Inner,0.8027619605196888
Tailgating,802.0,260,282.0,motorcycle,Inner,2.1034368482903583
Tailgating,802.0,325,244.0,car,Outer,1.4960529374967677
Tailgating,802.0,320,341.0,motorcycle,Outer,2.044237636871776
Tailgating,802.0,2,60.0,car,Outer,1.8703194237983989
Tailgating,802.0,330,203.0,car,Outer,0.03520962152892219
Tailgating,802.0,203,325.0,motorcycle,Outer,2.201436194353816
Tailgating,803.0,283,278.0,motorcycle,Inner,0.21464141023883987
Tailgating,803.0,247,124.0,motorcycle,Inner,0.7257611571721322
Tailgating,803.0,124,308.0,motorcycle,Inner,1.08537162995979
Tailgating,803.0,306,56.0,motorcycle,Inner,0.7518261742618788
Tailgating,803.0,260,282.0,motorcycle,Inner,2.1273976382535578
Tailgating,803.0,320,341.0,motorcycle,Outer,1.991580481135438
Tailgating,803.0,2,60.0,car,Outer,1.9473894995825332
Tailgating,803.0,330,203.0,car,Outer,0.031891791800836566
Tailgating,803.0,203,325.0,motorcycle,Outer,2.200175383122302
Tailgating,804.0,283,278.0,motorcycle,Inner,0.3296722343871395
Tailgating,804.0,247,124.0,motorcycle,Inner,0.7283894246685259
Tailgating,804.0,124,308.0,motorcycle,Inner,1.0723341692681827
Tailgating,804.0,306,56.0,motorcycle,Inner,0.7077661891243698
Tailgating,804.0,260,282.0,motorcycle,Inner,2.1513123635571176
Tailgating,804.0,320,341.0,motorcycle,Outer,1.985667318362444
Tailgating,804.0,2,60.0,car,Outer,1.9908162872667237
Tailgating,804.0,330,203.0,car,Outer,0.02893328152571802
Tailgating,804.0,203,325.0,motorcycle,Outer,2.2058712370306535
Tailgating,805.0,300,283.0,person,Inner,0.5534260699377255
Tailgating,805.0,283,278.0,motorcycle,Inner,0.4346126545889762
Tailgating,805.0,247,124.0,motorcycle,Inner,0.7299813878549377
Tailgating,805.0,124,308.0,motorcycle,Inner,1.057915974877903
Tailgating,805.0,71,135.0,car,Inner,1.6475305870750974
Tailgating,805.0,306,56.0,motorcycle,Inner,0.6677420137414749
Tailgating,805.0,260,282.0,motorcycle,Inner,2.1757260511098817
Tailgating,805.0,320,341.0,motorcycle,Outer,1.991627399517732
Tailgating,805.0,2,60.0,car,Outer,2.014295242553031
Tailgating,805.0,330,203.0,car,Outer,0.025513841896865546
Tailgating,805.0,203,325.0,motorcycle,Outer,2.2155597877196764
Tailgating,806.0,282,283.0,motorcycle,Inner,0.6553470173200171
Tailgating,806.0,283,278.0,motorcycle,Inner,0.5386089637576188
Tailgating,806.0,247,124.0,motorcycle,Inner,0.7313406631189581
Tailgating,806.0,124,308.0,motorcycle,Inner,1.0429976491750295
Tailgating,806.0,71,160.0,car,Inner,0.028213108314024193
Tailgating,806.0,306,56.0,motorcycle,Inner,0.6304230593035526
Tailgating,806.0,325,244.0,car,Outer,1.4933008161789476
Tailgating,806.0,300,16.0,person,Outer,1.1942170789892694
Tailgating,806.0,320,341.0,motorcycle,Outer,2.0001910019898985
Tailgating,806.0,330,203.0,car,Outer,0.022402554649510464
Tailgating,806.0,203,325.0,motorcycle,Outer,2.2191519045565005
Tailgating,807.0,282,283.0,motorcycle,Inner,0.5495106667207329
Tailgating,807.0,283,278.0,motorcycle,Inner,0.6282623483653856
Tailgating,807.0,247,124.0,motorcycle,Inner,0.7334174066307526
Tailgating,807.0,124,308.0,motorcycle,Inner,1.02718393511678
Tailgating,807.0,71,160.0,car,Inner,0.07181908796915547
Tailgating,807.0,352,329.0,motorcycle,Inner,0.12952070292425788
Tailgating,807.0,306,56.0,motorcycle,Inner,0.5891252502397533
Tailgating,807.0,260,282.0,motorcycle,Inner,2.220953006501633
Tailgating,807.0,325,244.0,car,Outer,1.4918048537407786
Tailgating,807.0,300,16.0,person,Outer,1.3159966253767028
Tailgating,807.0,320,341.0,motorcycle,Outer,2.012297274103783
Tailgating,807.0,330,203.0,car,Outer,0.022191966413110158
Tailgating,807.0,203,325.0,motorcycle,Outer,2.221355906220052
Tailgating,808.0,282,283.0,motorcycle,Inner,0.44905430238467964
Tailgating,808.0,283,278.0,motorcycle,Inner,0.7093985598814635
Tailgating,808.0,247,124.0,motorcycle,Inner,0.7356643467784454
Tailgating,808.0,124,308.0,motorcycle,Inner,1.0125423007933845
Tailgating,808.0,71,160.0,car,Inner,0.11771087788673645
Tailgating,808.0,306,56.0,motorcycle,Inner,0.5496834587625102
Tailgating,808.0,325,300.0,car,Outer,1.476893074783567
Tailgating,808.0,300,244.0,person,Outer,0.05368686680027881
Tailgating,808.0,320,341.0,motorcycle,Outer,2.0214792923611333
Tailgating,808.0,330,203.0,car,Outer,0.024933459279739643
Tailgating,808.0,203,325.0,motorcycle,Outer,2.2226488551952874
Tailgating,809.0,282,283.0,motorcycle,Inner,0.4345238124061171
Tailgating,809.0,283,278.0,motorcycle,Inner,0.710514365320596
Tailgating,809.0,247,124.0,motorcycle,Inner,0.7418543072147143
Tailgating,809.0,124,308.0,motorcycle,Inner,0.995142752447947
Tailgating,809.0,306,56.0,motorcycle,Inner,0.507843955089593
Tailgating,809.0,325,300.0,car,Outer,1.4805188461591925
Tailgating,809.0,300,244.0,person,Outer,0.07698099246335492
Tailgating,809.0,320,341.0,motorcycle,Outer,2.0292355898558685
Tailgating,809.0,2,60.0,car,Outer,1.914878997063863
Tailgating,809.0,330,203.0,car,Outer,0.032975938377148725
Tailgating,809.0,203,325.0,motorcycle,Outer,2.2200015087971203
Tailgating,810.0,282,283.0,motorcycle,Inner,0.4656955936183076
Tailgating,810.0,283,278.0,motorcycle,Inner,0.6679510989670833
Tailgating,810.0,247,124.0,motorcycle,Inner,0.7513002999045285
Tailgating,810.0,124,308.0,motorcycle,Inner,0.9753267931206272
Tailgating,810.0,306,56.0,motorcycle,Inner,0.46711989874778775
Tailgating,810.0,325,300.0,car,Outer,1.5210647755324038
Tailgating,810.0,300,244.0,person,Outer,0.06428663837282741
Tailgating,810.0,320,341.0,motorcycle,Outer,2.034109649625896
Tailgating,810.0,2,60.0,car,Outer,1.9590554833245786
Tailgating,810.0,330,203.0,car,Outer,0.03418354529266116
Tailgating,810.0,203,325.0,motorcycle,Outer,2.2178016916904713
Tailgating,811.0,282,283.0,motorcycle,Inner,0.4826656495469778
Tailgating,811.0,283,278.0,motorcycle,Inner,0.6358993608783722
Tailgating,811.0,247,124.0,motorcycle,Inner,0.759355341175421
Tailgating,811.0,124,308.0,motorcycle,Inner,0.9602537770921268
Tailgating,811.0,306,56.0,motorcycle,Inner,0.42343236400263473
Tailgating,811.0,260,282.0,motorcycle,Inner,2.2714222544430895
Tailgating,811.0,325,300.0,car,Outer,1.585247261704249
Tailgating,811.0,300,244.0,person,Outer,0.026550523985188656
Tailgating,811.0,320,341.0,motorcycle,Outer,2.033200547143169
Tailgating,811.0,2,60.0,car,Outer,2.115975954820534
Tailgating,811.0,330,203.0,car,Outer,0.03732783019314355
Tailgating,811.0,203,325.0,motorcycle,Outer,2.2082467455862567
Tailgating,812.0,282,283.0,motorcycle,Inner,0.4944941564564054
Tailgating,812.0,247,124.0,motorcycle,Inner,0.767582579925161
Tailgating,812.0,124,308.0,motorcycle,Inner,0.9476905493430888
Tailgating,812.0,306,56.0,motorcycle,Inner,0.37778888984314707
Tailgating,812.0,260,282.0,motorcycle,Inner,2.2820232785194743
Tailgating,812.0,325,300.0,car,Outer,1.5978429843859054
Tailgating,812.0,320,341.0,motorcycle,Outer,2.0295128859833205
Tailgating,812.0,2,60.0,car,Outer,2.3452799067259735
Tailgating,812.0,330,203.0,car,Outer,0.042460227228517666
Tailgating,812.0,203,325.0,motorcycle,Outer,2.1944604553159284
Tailgating,813.0,282,283.0,motorcycle,Inner,0.5033802140308458
Tailgating,813.0,247,124.0,motorcycle,Inner,0.7725884546066415
Tailgating,813.0,124,308.0,motorcycle,Inner,0.9375169232530017
Tailgating,813.0,71,160.0,car,Inner,0.11277121924658152
Tailgating,813.0,352,329.0,motorcycle,Inner,0.0921042981716364
Tailgating,813.0,306,56.0,motorcycle,Inner,0.33062291274662564
Tailgating,813.0,325,300.0,car,Outer,1.606024296780196
Tailgating,813.0,320,341.0,motorcycle,Outer,2.028471255565149
Tailgating,813.0,2,60.0,car,Outer,2.6180974222165236
Tailgating,813.0,330,203.0,car,Outer,0.04561994996048406
Tailgating,813.0,203,260.0,motorcycle,Outer,0.542491468640064
Tailgating,813.0,260,325.0,motorcycle,Outer,1.441276057210706
Tailgating,814.0,282,283.0,motorcycle,Inner,0.5082689471983038
Tailgating,814.0,247,124.0,motorcycle,Inner,0.7776839903124855
Tailgating,814.0,124,308.0,motorcycle,Inner,0.9287632741456529
Tailgating,814.0,71,160.0,car,Inner,0.07342257057580791
Tailgating,814.0,352,329.0,motorcycle,Inner,0.07194180487358544
Tailgating,814.0,299,134.0,person,Inner,3.1875880929464135
Tailgating,814.0,306,56.0,motorcycle,Inner,0.2839284418728784
Tailgating,814.0,325,300.0,car,Outer,1.6097037316610825
Tailgating,814.0,7,320.0,car,Outer,2.941678915836006
Tailgating,814.0,320,341.0,motorcycle,Outer,2.0257500073875465
Tailgating,814.0,2,60.0,car,Outer,2.9237597748582
Tailgating,814.0,330,203.0,car,Outer,0.04588979674819843
Tailgating,814.0,203,260.0,motorcycle,Outer,0.52767959742569
Tailgating,814.0,260,325.0,motorcycle,Outer,1.4490956360506497
Tailgating,815.0,282,283.0,motorcycle,Inner,0.5106268051337605
Tailgating,815.0,247,124.0,motorcycle,Inner,0.7815633828118761
Tailgating,815.0,71,160.0,car,Inner,0.029415331409721218
Tailgating,815.0,352,329.0,motorcycle,Inner,0.04988057503936191
Tailgating,815.0,299,134.0,person,Inner,3.031465714759379
Tailgating,815.0,306,56.0,motorcycle,Inner,0.23833221997485352
Tailgating,815.0,325,300.0,car,Outer,1.6106698583739618
Tailgating,815.0,300,63.0,person,Outer,1.5729731295498497
Tailgating,815.0,7,320.0,car,Outer,2.956559841242805
Tailgating,815.0,320,308.0,motorcycle,Outer,0.49802276265806844
Tailgating,815.0,308,341.0,motorcycle,Outer,1.338550589422385
Tailgating,815.0,45,240.0,car,Outer,0.028985356301465773
Tailgating,815.0,2,60.0,car,Outer,3.2529629434284106
Tailgating,815.0,330,203.0,car,Outer,0.044571563961631644
Tailgating,815.0,203,260.0,motorcycle,Outer,0.5103588750808129
Tailgating,815.0,260,325.0,motorcycle,Outer,1.4603516749549295
Tailgating,816.0,282,283.0,motorcycle,Inner,0.5067526928853894
Tailgating,816.0,247,124.0,motorcycle,Inner,0.7773881300866885
Tailgating,816.0,352,329.0,motorcycle,Inner,0.022200006808444674
Tailgating,816.0,299,134.0,person,Inner,2.869724591191917
Tailgating,816.0,306,56.0,motorcycle,Inner,0.1948646420292741
Tailgating,816.0,300,63.0,person,Outer,1.5726180748062673
Tailgating,816.0,7,320.0,car,Outer,2.970415446010076
Tailgating,816.0,320,308.0,motorcycle,Outer,0.4904983219652142
Tailgating,816.0,308,341.0,motorcycle,Outer,1.3440229950513976
Tailgating,816.0,45,240.0,car,Outer,0.08729731210222713
Tailgating,816.0,2,60.0,car,Outer,3.60059083182458
Tailgating,816.0,330,203.0,car,Outer,0.03685644295982447
Tailgating,816.0,203,260.0,motorcycle,Outer,0.49551201244904436
Tailgating,816.0,260,325.0,motorcycle,Outer,1.479808650884548
Tailgating,817.0,282,283.0,motorcycle,Inner,0.4674468554454416
Tailgating,817.0,283,278.0,motorcycle,Inner,0.5298174802828988
Tailgating,817.0,247,124.0,motorcycle,Inner,0.7699416606795392
Tailgating,817.0,352,299.0,motorcycle,Inner,1.901057418715689
Tailgating,817.0,299,134.0,person,Inner,2.70503806613168
Tailgating,817.0,306,56.0,motorcycle,Inner,0.15083063033720862
Tailgating,817.0,300,63.0,person,Outer,1.5736099548002933
Tailgating,817.0,320,308.0,motorcycle,Outer,0.4798287518710389
Tailgating,817.0,308,341.0,motorcycle,Outer,1.3522988945852514
Tailgating,817.0,45,240.0,car,Outer,0.11658545193671112
Tailgating,817.0,2,60.0,car,Outer,3.8137437425775467
Tailgating,817.0,330,203.0,car,Outer,0.0322816558224897
Tailgating,817.0,203,260.0,motorcycle,Outer,0.4675674412080327
Tailgating,817.0,260,325.0,motorcycle,Outer,1.5087066921639212
Tailgating,818.0,282,283.0,motorcycle,Inner,0.40827084487047177
Tailgating,818.0,283,278.0,motorcycle,Inner,0.5397796548488267
Tailgating,818.0,278,247.0,person,Inner,1.317072237854736
Tailgating,818.0,247,124.0,motorcycle,Inner,0.7617949724356535
Tailgating,818.0,352,299.0,motorcycle,Inner,2.0567520852509023
Tailgating,818.0,299,134.0,person,Inner,2.5426074865719377
Tailgating,818.0,306,56.0,motorcycle,Inner,0.11260053684659199
Tailgating,818.0,320,308.0,motorcycle,Outer,0.46618164126477485
Tailgating,818.0,308,341.0,motorcycle,Outer,1.3639936174900493
Tailgating,818.0,2,60.0,car,Outer,3.936995161352591
Tailgating,818.0,330,203.0,car,Outer,0.025781922754733694
Tailgating,818.0,203,260.0,motorcycle,Outer,0.44720970437604557
Tailgating,818.0,260,325.0,motorcycle,Outer,1.5316390181469839
Tailgating,819.0,282,247.0,motorcycle,Inner,2.1288619003540763
Tailgating,819.0,247,124.0,motorcycle,Inner,0.7601857157987222
Tailgating,819.0,352,299.0,motorcycle,Inner,2.2102370494541725
Tailgating,819.0,299,134.0,person,Inner,2.3438714882912204
Tailgating,819.0,306,56.0,motorcycle,Inner,0.07435395602648395
Tailgating,819.0,320,308.0,motorcycle,Outer,0.44981670287220377
Tailgating,819.0,308,341.0,motorcycle,Outer,1.3757922374443752
Tailgating,819.0,45,240.0,car,Outer,0.17615054540892874
Tailgating,819.0,330,203.0,car,Outer,0.017415180141622754
Tailgating,819.0,203,260.0,motorcycle,Outer,0.4281124339871554
Tailgating,819.0,260,325.0,motorcycle,Outer,1.5585489517685276
Tailgating,820.0,282,247.0,motorcycle,Inner,2.147854631943175
Tailgating,820.0,247,124.0,motorcycle,Inner,0.7687596205111797
Tailgating,820.0,352,299.0,motorcycle,Inner,2.357485321524089
Tailgating,820.0,299,134.0,person,Inner,2.1623786631192767
Tailgating,820.0,306,56.0,motorcycle,Inner,0.03520179530626746
Tailgating,820.0,320,308.0,motorcycle,Outer,0.42802405188880954
Tailgating,820.0,308,341.0,motorcycle,Outer,1.3927864176504945
Tailgating,820.0,330,203.0,car,Outer,0.010328540659324823
Tailgating,820.0,203,260.0,motorcycle,Outer,0.4145186718253376
Tailgating,820.0,260,325.0,motorcycle,Outer,1.5879131158835667
Tailgating,821.0,282,247.0,motorcycle,Inner,2.1667387888518275
Tailgating,821.0,247,124.0,motorcycle,Inner,0.7816981361333916
Tailgating,821.0,352,299.0,motorcycle,Inner,2.4041788736584553
Tailgating,821.0,299,134.0,person,Inner,2.0672405179556907
Tailgating,821.0,306,336.0,motorcycle,Inner,1.1127273894619703
Tailgating,821.0,320,308.0,motorcycle,Outer,0.40166628244483477
Tailgating,821.0,308,341.0,motorcycle,Outer,1.411054249183877
Tailgating,821.0,330,203.0,car,Outer,0.007837155201476537
Tailgating,821.0,203,260.0,motorcycle,Outer,0.4032752679995728
Tailgating,822.0,282,247.0,motorcycle,Inner,2.185516195285054
Tailgating,822.0,247,124.0,motorcycle,Inner,0.7979932664434226
Tailgating,822.0,352,307.0,motorcycle,Inner,0.22792129119292118
Tailgating,822.0,307,299.0,motorcycle,Inner,1.9371094118364243
Tailgating,822.0,299,134.0,person,Inner,2.0082327525243873
Tailgating,822.0,306,336.0,motorcycle,Inner,1.0727434087502892
Tailgating,822.0,320,308.0,motorcycle,Outer,0.40551657405266406
Tailgating,822.0,308,341.0,motorcycle,Outer,1.3966375376653752
Tailgating,822.0,330,203.0,car,Outer,0.004804461396345952
Tailgating,822.0,203,260.0,motorcycle,Outer,0.39452291026688224
Tailgating,823.0,282,247.0,motorcycle,Inner,2.204066558954942
Tailgating,823.0,247,124.0,motorcycle,Inner,0.8172991268613438
Tailgating,823.0,124,356.0,motorcycle,Inner,0.14770524352321024
Tailgating,823.0,71,160.0,car,Inner,0.038395372876217644
Tailgating,823.0,352,307.0,motorcycle,Inner,0.2413054504254655
Tailgating,823.0,307,299.0,motorcycle,Inner,1.9287961349484204
Tailgating,823.0,306,336.0,motorcycle,Inner,1.0312345224351551
Tailgating,823.0,320,308.0,motorcycle,Outer,0.37564265985034906
Tailgating,823.0,308,341.0,motorcycle,Outer,1.3838713283956852
Tailgating,823.0,45,240.0,car,Outer,0.14555177055046456
Tailgating,823.0,330,203.0,car,Outer,0.026561020645141157
Tailgating,823.0,203,260.0,motorcycle,Outer,0.35763770242983733
Tailgating,824.0,282,247.0,motorcycle,Inner,2.2230545484370023
Tailgating,824.0,247,124.0,motorcycle,Inner,0.8362603095198117
Tailgating,824.0,124,356.0,motorcycle,Inner,0.11761332175188689
Tailgating,824.0,71,160.0,car,Inner,0.08230701939576444
Tailgating,824.0,352,307.0,motorcycle,Inner,0.2392640164921491
Tailgating,824.0,307,299.0,motorcycle,Inner,1.9207235406049743
Tailgating,824.0,306,336.0,motorcycle,Inner,0.9895266510919686
Tailgating,824.0,320,308.0,motorcycle,Outer,0.33614521334329717
Tailgating,824.0,308,341.0,motorcycle,Outer,1.3697626463083343
Tailgating,824.0,330,203.0,car,Outer,0.06507617407604889
Tailgating,824.0,203,260.0,motorcycle,Outer,0.3064596297709615
Tailgating,825.0,282,247.0,motorcycle,Inner,2.2423772712305787
Tailgating,825.0,247,124.0,motorcycle,Inner,0.8556411559227076
Tailgating,825.0,124,356.0,motorcycle,Inner,0.07757191381725857
Tailgating,825.0,352,307.0,motorcycle,Inner,0.22723702758256717
Tailgating,825.0,307,299.0,motorcycle,Inner,1.9136457769246789
Tailgating,825.0,306,336.0,motorcycle,Inner,0.9475129926128059
Tailgating,825.0,320,308.0,motorcycle,Outer,0.2907524892965016
Tailgating,825.0,308,341.0,motorcycle,Outer,1.3556985436948663
Tailgating,825.0,237,330.0,motorcycle,Outer,0.40186306627620505
Tailgating,825.0,330,203.0,car,Outer,0.11364979822965829
Tailgating,825.0,203,260.0,motorcycle,Outer,0.24749718644033544
Tailgating,826.0,282,247.0,motorcycle,Inner,2.2598745221949064
Tailgating,826.0,247,124.0,motorcycle,Inner,0.8679292422647686
Tailgating,826.0,124,356.0,motorcycle,Inner,0.04924044073391022
Tailgating,826.0,295,329.0,person,Inner,3.116467393736262
Tailgating,826.0,352,307.0,motorcycle,Inner,0.21181872444871175
Tailgating,826.0,306,336.0,motorcycle,Inner,0.903535459160505
Tailgating,826.0,325,63.0,car,Outer,3.077647167113549
Tailgating,826.0,320,308.0,motorcycle,Outer,0.23773528999404483
Tailgating,826.0,308,341.0,motorcycle,Outer,1.3442513687774165
Tailgating,826.0,45,240.0,car,Outer,0.07459881503989603
Tailgating,826.0,237,330.0,motorcycle,Outer,0.35128420637981994
Tailgating,826.0,330,203.0,car,Outer,0.16219426244251972
Tailgating,826.0,203,260.0,motorcycle,Outer,0.19065373065421495
Tailgating,826.0,260,325.0,motorcycle,Outer,1.7136583499268894
Tailgating,827.0,282,247.0,motorcycle,Inner,2.27522776490093
Tailgating,827.0,247,124.0,motorcycle,Inner,0.874606275227478
Tailgating,827.0,124,356.0,motorcycle,Inner,0.03132787008668895
Tailgating,827.0,295,329.0,person,Inner,2.35803741347684
Tailgating,827.0,352,307.0,motorcycle,Inner,0.19357181674941248
Tailgating,827.0,325,63.0,car,Outer,3.096280785232899
Tailgating,827.0,320,308.0,motorcycle,Outer,0.18725662504503274
Tailgating,827.0,308,341.0,motorcycle,Outer,1.333660150923525
Tailgating,827.0,237,330.0,motorcycle,Outer,0.2917591679037634
Tailgating,827.0,330,203.0,car,Outer,0.2074978012679681
Tailgating,827.0,203,260.0,motorcycle,Outer,0.12966940556869042
Tailgating,827.0,260,325.0,motorcycle,Outer,1.7220677599403198
Tailgating,828.0,282,247.0,motorcycle,Inner,2.2875011642663536
Tailgating,828.0,247,124.0,motorcycle,Inner,0.8777639756117812
Tailgating,828.0,124,356.0,motorcycle,Inner,0.016861646187132862
Tailgating,828.0,352,307.0,motorcycle,Inner,0.1767974620213688
Tailgating,828.0,325,63.0,car,Outer,3.1163057364537754
Tailgating,828.0,320,308.0,motorcycle,Outer,0.1431379418557351
Tailgating,828.0,308,341.0,motorcycle,Outer,1.326619575524619
Tailgating,828.0,240,45.0,car,Outer,0.02151886946630781
Tailgating,828.0,237,330.0,motorcycle,Outer,0.2298027491450387
Tailgating,828.0,330,203.0,car,Outer,0.24959110312576188
Tailgating,828.0,203,260.0,motorcycle,Outer,0.06759976777016383
Tailgating,828.0,260,325.0,motorcycle,Outer,1.7266120175731654
Tailgating,829.0,282,247.0,motorcycle,Inner,2.297422970946648
Tailgating,829.0,247,124.0,motorcycle,Inner,0.8782907443136249
Tailgating,829.0,124,356.0,motorcycle,Inner,0.002044394545979805
Tailgating,829.0,352,307.0,motorcycle,Inner,0.15997369255987504
Tailgating,829.0,325,63.0,car,Outer,3.14078588674047
Tailgating,829.0,320,308.0,motorcycle,Outer,0.07853842664877123
Tailgating,829.0,237,330.0,motorcycle,Outer,0.1627356805897404
Tailgating,829.0,330,203.0,car,Outer,0.29241613368108604
Tailgating,829.0,203,260.0,motorcycle,Outer,0.005650975375090615
Tailgating,829.0,260,325.0,motorcycle,Outer,1.7303458417889306
Tailgating,830.0,282,247.0,motorcycle,Inner,2.3046608826302997
Tailgating,830.0,247,124.0,motorcycle,Inner,0.8813654737014943
Tailgating,830.0,124,356.0,motorcycle,Inner,0.005220148556165192
Tailgating,830.0,352,307.0,motorcycle,Inner,0.1413265917429748
Tailgating,830.0,325,63.0,car,Outer,3.159054809519283
Tailgating,830.0,320,308.0,motorcycle,Outer,0.020459964187836657
Tailgating,830.0,308,341.0,motorcycle,Outer,1.4161240838193707
Tailgating,830.0,295,262.0,person,Outer,3.6994525918699455
Tailgating,830.0,237,330.0,motorcycle,Outer,0.09080449096982983
Tailgating,830.0,330,260.0,car,Outer,0.28037909385036414
Tailgating,830.0,260,203.0,motorcycle,Outer,0.025124907936282633
Tailgating,830.0,203,325.0,motorcycle,Outer,1.7141789161247896
Tailgating,831.0,282,247.0,motorcycle,Inner,2.310750840042801
Tailgating,831.0,247,124.0,motorcycle,Inner,0.886476163483166
Tailgating,831.0,124,356.0,motorcycle,Inner,0.007326804284772274
Tailgating,831.0,352,307.0,motorcycle,Inner,0.12271165792862695
Tailgating,831.0,295,262.0,person,Outer,3.0218872981936293
Tailgating,831.0,237,330.0,motorcycle,Outer,0.038024475371828424
Tailgating,831.0,330,260.0,car,Outer,0.2672824982315495
Tailgating,831.0,260,203.0,motorcycle,Outer,0.03450325183718868
Tailgating,831.0,203,325.0,motorcycle,Outer,1.7151322584416406
Tailgating,832.0,282,247.0,motorcycle,Inner,2.316213587451528
Tailgating,832.0,247,124.0,motorcycle,Inner,0.8917771461434745
Tailgating,832.0,124,356.0,motorcycle,Inner,0.010459575857754345
Tailgating,832.0,71,160.0,car,Inner,0.28192552768358653
Tailgating,832.0,352,307.0,motorcycle,Inner,0.10456019151908923
Tailgating,832.0,295,262.0,person,Outer,2.3885157408820916
Tailgating,832.0,237,330.0,motorcycle,Outer,0.004110507378991492
Tailgating,832.0,330,260.0,car,Outer,0.2552025185974343
Tailgating,832.0,260,203.0,motorcycle,Outer,0.032544504535072585
Tailgating,833.0,282,247.0,motorcycle,Inner,2.3212164252655128
Tailgating,833.0,247,124.0,motorcycle,Inner,0.8982525339811012
Tailgating,833.0,124,356.0,motorcycle,Inner,0.011876076184832697
Tailgating,833.0,71,160.0,car,Inner,0.3375360658980175
Tailgating,833.0,352,307.0,motorcycle,Inner,0.08874634896569744
Tailgating,833.0,7,320.0,car,Outer,3.8230285943089384
Tailgating,833.0,295,262.0,person,Outer,2.3546505659766237
Tailgating,833.0,330,237.0,car,Outer,0.015182704098688127
Tailgating,833.0,260,203.0,motorcycle,Outer,0.02968846984089819
Tailgating,834.0,282,247.0,motorcycle,Inner,2.3275595991346174
Tailgating,834.0,247,124.0,motorcycle,Inner,0.9058236527730333
Tailgating,834.0,124,356.0,motorcycle,Inner,0.010343086021305285
Tailgating,834.0,71,160.0,car,Inner,0.3751957877586527
Tailgating,834.0,352,307.0,motorcycle,Inner,0.07364755418860229
Tailgating,834.0,7,320.0,car,Outer,3.780137124955497
Tailgating,834.0,295,262.0,person,Outer,2.3300121953312827
Tailgating,834.0,330,237.0,car,Outer,0.02471627195063184
Tailgating,834.0,237,260.0,motorcycle,Outer,0.2146049930195509
Tailgating,834.0,260,203.0,motorcycle,Outer,0.027531327783643367
Tailgating,834.0,203,325.0,motorcycle,Outer,1.7825563584925244
Tailgating,835.0,282,247.0,motorcycle,Inner,2.334376215776603
Tailgating,835.0,247,124.0,motorcycle,Inner,0.9140457510525049
Tailgating,835.0,124,356.0,motorcycle,Inner,0.008011425466333561
Tailgating,835.0,352,307.0,motorcycle,Inner,0.058880000588670774
Tailgating,835.0,7,320.0,car,Outer,3.73270302398411
Tailgating,835.0,240,45.0,car,Outer,0.05679258816172325
Tailgating,835.0,330,237.0,car,Outer,0.028094928953511684
Tailgating,835.0,237,260.0,motorcycle,Outer,0.20588127241536633
Tailgating,835.0,260,203.0,motorcycle,Outer,0.025619459754442835
Tailgating,835.0,203,325.0,motorcycle,Outer,1.8045865769801543
Tailgating,836.0,282,247.0,motorcycle,Inner,2.339488941483293
Tailgating,836.0,247,124.0,motorcycle,Inner,0.9248926617216252
Tailgating,836.0,124,356.0,motorcycle,Inner,0.0063107318346845055
Tailgating,836.0,352,307.0,motorcycle,Inner,0.056209703409669846
Tailgating,836.0,7,320.0,car,Outer,3.6939777309389323
Tailgating,836.0,330,237.0,car,Outer,0.028955340396170034
Tailgating,836.0,237,260.0,motorcycle,Outer,0.20078536488856022
Tailgating,836.0,260,203.0,motorcycle,Outer,0.020536810126193156
Tailgating,836.0,203,325.0,motorcycle,Outer,1.8296059148598312
Tailgating,837.0,282,247.0,motorcycle,Inner,2.3461059393145947
Tailgating,837.0,247,124.0,motorcycle,Inner,0.9356604638786594
Tailgating,837.0,124,356.0,motorcycle,Inner,0.005466261225688201
Tailgating,837.0,352,307.0,motorcycle,Inner,0.04836957813511845
Tailgating,837.0,63,16.0,car,Outer,0.008578470515628718
Tailgating,837.0,16,7.0,car,Outer,0.6568908373802352
Tailgating,837.0,7,320.0,car,Outer,3.6789695824340427
Tailgating,837.0,246,49.0,person,Outer,0.8645142756284752
Tailgating,837.0,330,237.0,car,Outer,0.028200673249150276
Tailgating,837.0,237,260.0,motorcycle,Outer,0.1927048388047919
Tailgating,837.0,260,203.0,motorcycle,Outer,0.014922617673747574
Tailgating,837.0,203,325.0,motorcycle,Outer,1.8622590179336669
Tailgating,838.0,282,247.0,motorcycle,Inner,2.350524594297509
Tailgating,838.0,247,124.0,motorcycle,Inner,0.9462734727438499
Tailgating,838.0,124,356.0,motorcycle,Inner,0.0061497751544177985
Tailgating,838.0,352,307.0,motorcycle,Inner,0.040145775479636665
Tailgating,838.0,63,16.0,car,Outer,0.009177619938070805
Tailgating,838.0,16,7.0,car,Outer,0.6674361991509101
Tailgating,838.0,7,320.0,car,Outer,3.6610222517386597
Tailgating,838.0,246,49.0,person,Outer,0.9014712235441104
Tailgating,838.0,330,237.0,car,Outer,0.026770276933140408
Tailgating,838.0,237,260.0,motorcycle,Outer,0.1847108173769651
Tailgating,838.0,260,203.0,motorcycle,Outer,0.009355478433314251
Tailgating,838.0,203,325.0,motorcycle,Outer,1.889781832793057
Tailgating,839.0,282,247.0,motorcycle,Inner,2.354163996157225
Tailgating,839.0,247,124.0,motorcycle,Inner,0.9564304290069814
Tailgating,839.0,124,356.0,motorcycle,Inner,0.00734354423027916
Tailgating,839.0,352,307.0,motorcycle,Inner,0.028781800992310244
Tailgating,839.0,63,16.0,car,Outer,0.007641719317167598
Tailgating,839.0,16,7.0,car,Outer,0.679971177902969
Tailgating,839.0,7,320.0,car,Outer,3.6460550278375
Tailgating,839.0,246,49.0,person,Outer,0.9361738009572601
Tailgating,839.0,330,237.0,car,Outer,0.02505270394931122
Tailgating,839.0,237,260.0,motorcycle,Outer,0.17657219656868714
Tailgating,839.0,260,203.0,motorcycle,Outer,0.0028164429294334574
Tailgating,839.0,203,325.0,motorcycle,Outer,1.9169005886915338
Tailgating,840.0,282,247.0,motorcycle,Inner,2.35795873707328
Tailgating,840.0,247,124.0,motorcycle,Inner,0.9633612452480395
Tailgating,840.0,124,356.0,motorcycle,Inner,0.008311201913370337
Tailgating,840.0,352,307.0,motorcycle,Inner,0.013389116829645787
Tailgating,840.0,307,299.0,motorcycle,Inner,2.007865592066404
Tailgating,840.0,138,82.0,car,Inner,0.07642070790557236
Tailgating,840.0,63,16.0,car,Outer,0.0069946217207737995
Tailgating,840.0,16,7.0,car,Outer,0.6670622456457901
Tailgating,840.0,246,49.0,person,Outer,0.9702292058207662
Tailgating,840.0,330,237.0,car,Outer,0.02325482937164681
Tailgating,840.0,237,203.0,motorcycle,Outer,0.16150771896454655
Tailgating,840.0,203,260.0,motorcycle,Outer,0.00473284076340825
Tailgating,840.0,260,325.0,motorcycle,Outer,1.9478998163050782
Tailgating,841.0,282,247.0,motorcycle,Inner,2.3568554598112414
Tailgating,841.0,247,124.0,motorcycle,Inner,0.9705008484592412
Tailgating,841.0,124,356.0,motorcycle,Inner,0.00694905999660464
Tailgating,841.0,307,352.0,motorcycle,Inner,0.0030155281544647808
Tailgating,841.0,352,299.0,motorcycle,Inner,2.255397446524546
Tailgating,841.0,138,82.0,car,Inner,0.07003330150706596
Tailgating,841.0,63,16.0,car,Outer,0.007149068502817059
Tailgating,841.0,16,7.0,car,Outer,0.6413991133795267
Tailgating,841.0,330,237.0,car,Outer,0.021297409875777322
Tailgating,841.0,237,203.0,motorcycle,Outer,0.14190248890501825
Tailgating,841.0,203,260.0,motorcycle,Outer,0.009462406947091839
Tailgating,841.0,260,325.0,motorcycle,Outer,1.9715222766325484
Tailgating,842.0,282,247.0,motorcycle,Inner,2.352944234036767
Tailgating,842.0,247,124.0,motorcycle,Inner,0.977575954977192
Tailgating,842.0,124,356.0,motorcycle,Inner,0.004258219719230694
Tailgating,842.0,307,352.0,motorcycle,Inner,0.020049875762861807
Tailgating,842.0,352,299.0,motorcycle,Inner,2.250622891854623
Tailgating,842.0,138,82.0,car,Inner,0.06546727601005593
Tailgating,842.0,16,63.0,car,Outer,0.007630825929790776
Tailgating,842.0,63,7.0,car,Outer,0.6014425224803125
Tailgating,842.0,330,237.0,car,Outer,0.019876801909045408
Tailgating,842.0,237,203.0,motorcycle,Outer,0.12049634166002923
Tailgating,842.0,203,260.0,motorcycle,Outer,0.013846035105826387
Tailgating,842.0,260,325.0,motorcycle,Outer,1.9955109506316278
Tailgating,843.0,282,247.0,motorcycle,Inner,2.3480134264569474
Tailgating,843.0,247,356.0,motorcycle,Inner,0.9840340588016433
Tailgating,843.0,356,124.0,person,Inner,0.0002527281570642432
Tailgating,843.0,307,352.0,motorcycle,Inner,0.05061361392595771
Tailgating,843.0,352,299.0,motorcycle,Inner,2.230451443151638
Tailgating,843.0,138,82.0,car,Inner,0.06359551686939297
Tailgating,843.0,63,7.0,car,Outer,0.5697159263945243
Tailgating,843.0,330,237.0,car,Outer,0.016646707218699056
Tailgating,843.0,237,203.0,motorcycle,Outer,0.10281463876142868
Tailgating,843.0,203,260.0,motorcycle,Outer,0.013939066107420451
Tailgating,843.0,260,325.0,motorcycle,Outer,2.0111930866665793
Tailgating,844.0,282,247.0,motorcycle,Inner,2.3395131003835465
Tailgating,844.0,247,356.0,motorcycle,Inner,0.988725016478497
Tailgating,844.0,356,124.0,person,Inner,0.0030271067428097953
Tailgating,844.0,307,352.0,motorcycle,Inner,0.07712808384166027
Tailgating,844.0,352,299.0,motorcycle,Inner,2.2116756509498248
Tailgating,844.0,330,237.0,car,Outer,0.015163721444942423
Tailgating,844.0,237,203.0,motorcycle,Outer,0.0870063338832134
Tailgating,844.0,203,260.0,motorcycle,Outer,0.013043470680494981
Tailgating,844.0,260,325.0,motorcycle,Outer,2.0177840247424617
Tailgating,845.0,282,247.0,motorcycle,Inner,2.329067269528926
Tailgating,845.0,247,356.0,motorcycle,Inner,0.994734124144326
Tailgating,845.0,356,124.0,person,Inner,0.004819825332680946
Tailgating,845.0,71,160.0,car,Inner,0.26242145530102495
Tailgating,845.0,329,307.0,person,Inner,0.5525450556063779
Tailgating,845.0,307,352.0,motorcycle,Inner,0.1012625838878017
Tailgating,845.0,352,299.0,motorcycle,Inner,2.193098466050991
Tailgating,845.0,325,16.0,car,Outer,3.412084314523123
Tailgating,845.0,240,45.0,car,Outer,0.07259288328454096
Tailgating,845.0,203,260.0,motorcycle,Outer,0.011254098853513824
Tailgating,845.0,260,325.0,motorcycle,Outer,2.0195374329316733
Tailgating,846.0,282,247.0,motorcycle,Inner,2.3174634827953344
Tailgating,846.0,247,356.0,motorcycle,Inner,1.0062388231914152
Tailgating,846.0,356,124.0,person,Inner,0.005816343668526645
Tailgating,846.0,71,160.0,car,Inner,0.25334078556803497
Tailgating,846.0,307,352.0,motorcycle,Inner,0.12507760819466843
Tailgating,846.0,352,299.0,motorcycle,Inner,2.172414843112832
Tailgating,846.0,325,16.0,car,Outer,3.4000895688213544
Tailgating,846.0,203,260.0,motorcycle,Outer,0.008265554022402538
Tailgating,846.0,260,325.0,motorcycle,Outer,2.0264877097246807
Tailgating,847.0,282,247.0,motorcycle,Inner,2.3054108814748044
Tailgating,847.0,247,356.0,motorcycle,Inner,1.019633848882606
Tailgating,847.0,356,124.0,person,Inner,0.007045592501470997
Tailgating,847.0,160,135.0,motorcycle,Inner,1.6393884253065993
Tailgating,847.0,307,352.0,motorcycle,Inner,0.15030020306443626
Tailgating,847.0,352,299.0,motorcycle,Inner,2.14870006378257
Tailgating,847.0,325,16.0,car,Outer,3.3801787133093812
Tailgating,847.0,203,260.0,motorcycle,Outer,0.003621923518820557
Tailgating,847.0,260,325.0,motorcycle,Outer,2.0362632750983023
Tailgating,848.0,282,247.0,motorcycle,Inner,2.2954077502806935
Tailgating,848.0,247,356.0,motorcycle,Inner,1.033427390985299
Tailgating,848.0,356,124.0,person,Inner,0.005516994872114449
Tailgating,848.0,71,160.0,car,Inner,0.3462666367034146
Tailgating,848.0,160,135.0,motorcycle,Inner,1.6098692869386388
Tailgating,848.0,352,299.0,motorcycle,Inner,2.124515647640711
Tailgating,848.0,138,82.0,car,Inner,0.016023993138844183
Tailgating,848.0,203,260.0,motorcycle,Outer,0.001276345719298222
Tailgating,848.0,260,325.0,motorcycle,Outer,2.0445882348597464
Tailgating,849.0,282,247.0,motorcycle,Inner,2.2875551118959168
Tailgating,849.0,160,135.0,motorcycle,Inner,1.5769903138223538
Tailgating,849.0,307,352.0,motorcycle,Inner,0.20211153138669835
Tailgating,849.0,352,299.0,motorcycle,Inner,2.0987057272478293
Tailgating,849.0,325,361.0,car,Outer,2.278107712818643
Tailgating,849.0,63,7.0,car,Outer,0.7119516491429942
Tailgating,849.0,356,124.0,person,Outer,0.0023994794733440774
Tailgating,849.0,124,320.0,motorcycle,Outer,0.32767445281631735
Tailgating,849.0,349,90.0,person,Outer,0.6917995187734777
Tailgating,849.0,260,203.0,motorcycle,Outer,9.135582774832444e-05
Tailgating,849.0,203,325.0,motorcycle,Outer,2.0432055879516264
Tailgating,850.0,282,247.0,motorcycle,Inner,2.2816842022808506
Tailgating,850.0,160,135.0,motorcycle,Inner,1.5467874152860774
Tailgating,850.0,307,352.0,motorcycle,Inner,0.22940107086670167
Tailgating,850.0,352,299.0,motorcycle,Inner,2.0732465477186324
Tailgating,850.0,63,7.0,car,Outer,0.7658075851914512
Tailgating,850.0,124,356.0,motorcycle,Outer,0.002285362013498103
Tailgating,850.0,356,320.0,person,Outer,0.31341617614966233
Tailgating,850.0,349,90.0,person,Outer,0.6839314550441409
Tailgating,850.0,260,203.0,motorcycle,Outer,0.0005128663157431922
Tailgating,850.0,203,325.0,motorcycle,Outer,2.0528740844406896
Tailgating,851.0,282,247.0,motorcycle,Inner,2.2751074946371475
Tailgating,851.0,307,352.0,motorcycle,Inner,0.2565253307655508
Tailgating,851.0,352,299.0,motorcycle,Inner,2.0499965557074606
Tailgating,851.0,63,7.0,car,Outer,0.8124234935704768
Tailgating,851.0,356,124.0,person,Outer,0.00649471380675137
Tailgating,851.0,124,320.0,motorcycle,Outer,0.3067252171459574
Tailgating,851.0,203,260.0,motorcycle,Outer,0.002066101316966618
Tailgating,851.0,260,325.0,motorcycle,Outer,2.0766014529775663
Tailgating,852.0,282,247.0,motorcycle,Inner,2.2675712247056325
Tailgating,852.0,329,307.0,person,Inner,0.6375234380873049
Tailgating,852.0,307,352.0,motorcycle,Inner,0.2836474608632666
Tailgating,852.0,352,299.0,motorcycle,Inner,2.0280961912463575
Tailgating,852.0,16,63.0,car,Outer,0.00445163899465152
Tailgating,852.0,63,7.0,car,Outer,0.8516060662971051
Tailgating,852.0,356,124.0,person,Outer,0.02548317046141626
Tailgating,852.0,124,320.0,motorcycle,Outer,0.2921839246399901
Tailgating,852.0,320,365.0,motorcycle,Outer,3.9569282626119135
Tailgating,852.0,240,45.0,car,Outer,0.0939345894729821
Tailgating,852.0,262,354.0,motorcycle,Outer,1.8580109848449242
Tailgating,852.0,203,260.0,motorcycle,Outer,0.0056497153685688166
Tailgating,852.0,260,325.0,motorcycle,Outer,2.1030651454292126
Tailgating,853.0,282,247.0,motorcycle,Inner,2.2571995353510337
Tailgating,853.0,307,352.0,motorcycle,Inner,0.3095882635735387
Tailgating,853.0,352,299.0,motorcycle,Inner,2.0083628329905583
Tailgating,853.0,63,16.0,car,Outer,0.01248723238722303
Tailgating,853.0,16,7.0,car,Outer,0.8730484748682407
Tailgating,853.0,356,124.0,person,Outer,0.034802855999095994
Tailgating,853.0,124,320.0,motorcycle,Outer,0.3026475419016984
Tailgating,853.0,320,365.0,motorcycle,Outer,3.8835099679338048
Tailgating,853.0,364,295.0,car,Outer,1.7206762855093023
Tailgating,853.0,262,354.0,motorcycle,Outer,1.8560072430998775
Tailgating,853.0,203,260.0,motorcycle,Outer,0.008208745546975546
Tailgating,853.0,260,325.0,motorcycle,Outer,2.126027747149831
Tailgating,854.0,282,247.0,motorcycle,Inner,2.2426828905223046
Tailgating,854.0,71,160.0,car,Inner,0.2916698124075471
Tailgating,854.0,160,135.0,motorcycle,Inner,1.6236838256841375
Tailgating,854.0,307,352.0,motorcycle,Inner,0.3318359556770768
Tailgating,854.0,352,299.0,motorcycle,Inner,1.9940315799467605
Tailgating,854.0,63,16.0,car,Outer,0.038226226190144375
Tailgating,854.0,16,7.0,car,Outer,0.8763176143465243
Tailgating,854.0,124,320.0,motorcycle,Outer,0.3174945298735096
Tailgating,854.0,320,365.0,motorcycle,Outer,3.813857861154116
Tailgating,854.0,364,295.0,car,Outer,1.6338884639941584
Tailgating,854.0,262,354.0,motorcycle,Outer,1.8518439893630225
Tailgating,854.0,203,260.0,motorcycle,Outer,0.010314637823654162
Tailgating,854.0,260,325.0,motorcycle,Outer,2.143642327098669
Tailgating,855.0,282,247.0,motorcycle,Inner,2.22564999626333
Tailgating,855.0,71,160.0,car,Inner,0.20749513751129153
Tailgating,855.0,160,135.0,motorcycle,Inner,1.6711438341963045
Tailgating,855.0,307,352.0,motorcycle,Inner,0.42839228373178795
Tailgating,855.0,352,299.0,motorcycle,Inner,1.982347879962317
Tailgating,855.0,16,7.0,car,Outer,0.8707535785577959
Tailgating,855.0,124,320.0,motorcycle,Outer,0.33767048583243664
Tailgating,855.0,320,365.0,motorcycle,Outer,3.7440419797920566
Tailgating,855.0,203,260.0,motorcycle,Outer,0.012977313380340675
Tailgating,855.0,260,325.0,motorcycle,Outer,2.1561398685275863
Tailgating,856.0,282,247.0,motorcycle,Inner,2.2056452572175465
Tailgating,856.0,160,135.0,motorcycle,Inner,1.721915314490831
Tailgating,856.0,307,352.0,motorcycle,Inner,0.48938822471311655
Tailgating,856.0,352,299.0,motorcycle,Inner,1.975054293645469
Tailgating,856.0,16,7.0,car,Outer,0.8582027710316447
Tailgating,856.0,124,320.0,motorcycle,Outer,0.364276216846968
Tailgating,856.0,320,365.0,motorcycle,Outer,3.6768768482658745
Tailgating,856.0,203,260.0,motorcycle,Outer,0.015019857592017915
Tailgating,856.0,260,325.0,motorcycle,Outer,2.1740741229396434
Tailgating,857.0,282,247.0,motorcycle,Inner,2.184844132428871
Tailgating,857.0,160,135.0,motorcycle,Inner,1.7893047575116436
Tailgating,857.0,352,299.0,motorcycle,Inner,1.9710163493989874
Tailgating,857.0,361,63.0,motorcycle,Outer,1.1604912490570514
Tailgating,857.0,16,7.0,car,Outer,0.8534376796002399
Tailgating,857.0,124,320.0,motorcycle,Outer,0.38175242136562143
Tailgating,857.0,320,365.0,motorcycle,Outer,3.6247588958741574
Tailgating,857.0,240,45.0,car,Outer,0.02964134393885907
Tailgating,857.0,203,260.0,motorcycle,Outer,0.01656229820361549
Tailgating,857.0,260,325.0,motorcycle,Outer,2.193256334050665
Tailgating,858.0,282,247.0,motorcycle,Inner,2.1662880249312244
Tailgating,858.0,160,135.0,motorcycle,Inner,1.8505345870077792
Tailgating,858.0,352,299.0,motorcycle,Inner,1.97079498494036
Tailgating,858.0,124,320.0,motorcycle,Outer,0.41672955697291614
Tailgating,858.0,320,365.0,motorcycle,Outer,3.570075236990101
Tailgating,858.0,203,260.0,motorcycle,Outer,0.01327931701468983
Tailgating,858.0,260,325.0,motorcycle,Outer,2.2075455534200867
Tailgating,859.0,282,247.0,motorcycle,Inner,2.1484163791506297
Tailgating,859.0,160,135.0,motorcycle,Inner,1.9288497914174834
Tailgating,859.0,352,299.0,motorcycle,Inner,1.9722817561777268
Tailgating,859.0,124,320.0,motorcycle,Outer,0.4634257989005792
Tailgating,859.0,320,365.0,motorcycle,Outer,3.505170363656279
Tailgating,859.0,364,295.0,car,Outer,1.5146929111785417
Tailgating,859.0,203,260.0,motorcycle,Outer,0.009309947583648972
Tailgating,860.0,160,71.0,motorcycle,Inner,0.032777865980554016
Tailgating,860.0,124,320.0,motorcycle,Outer,0.49202925594464836
Tailgating,860.0,320,365.0,motorcycle,Outer,3.4585474745405937
Tailgating,860.0,203,260.0,motorcycle,Outer,0.007836335550865164
