frame,track_id,label,xtl,ytl,xbr,ybr,outside,occluded,keyframe,z_order,source
0,0,motorcycle,466.66,389.74,492.56,410.46,0,0,1,0,file
0,10,car,491.27,405.28,550.83,440.24,0,0,1,0,manual
1,0,motorcycle,468.6,389.52,494.5,410.24,0,0,0,0,file
1,10,car,492.07,405.18,551.64,440.14,0,0,0,0,manual
2,0,motorcycle,470.55,389.31,496.44,410.03,0,0,0,0,file
2,10,car,492.87,405.07,552.44,440.04,0,0,0,0,manual
3,0,motorcycle,472.49,389.09,498.39,409.81,0,0,0,0,file
3,10,car,493.67,404.97,553.24,439.93,0,0,0,0,manual
4,0,motorcycle,474.43,388.88,500.33,409.6,0,0,0,0,file
4,10,car,494.48,404.87,554.05,439.83,0,0,0,0,manual
5,0,motorcycle,476.37,388.66,502.27,409.38,0,0,0,0,file
5,10,car,495.28,404.76,554.85,439.73,0,0,0,0,manual
6,0,motorcycle,478.32,388.45,504.21,409.17,0,0,0,0,file
6,10,car,496.08,404.66,555.65,439.62,0,0,0,0,manual
7,0,motorcycle,480.26,388.23,506.16,408.95,0,0,0,0,file
7,10,car,496.89,404.56,556.45,439.52,0,0,0,0,manual
8,0,motorcycle,482.2,388.01,508.1,408.73,0,0,0,0,file
8,10,car,497.69,404.45,557.26,439.42,0,0,0,0,manual
9,0,motorcycle,484.14,387.8,510.04,408.52,0,0,0,0,file
9,10,car,498.49,404.35,558.06,439.31,0,0,0,0,manual
10,0,motorcycle,486.09,387.58,511.98,408.3,0,0,0,0,file
10,10,car,499.3,404.24,558.86,439.21,0,0,0,0,manual
11,0,motorcycle,488.03,387.37,513.93,408.09,0,0,0,0,file
11,10,car,500.1,404.14,559.67,439.1,0,0,0,0,manual
12,0,motorcycle,489.97,387.15,515.87,407.87,0,0,0,0,file
12,10,car,500.9,404.04,560.47,439.0,0,0,0,0,manual
13,0,motorcycle,491.91,386.94,517.81,407.66,0,0,0,0,file
13,10,car,501.7,403.93,561.27,438.9,0,0,0,0,manual
14,0,motorcycle,493.86,386.72,519.75,407.44,0,0,0,0,file
14,10,car,502.51,403.83,562.07,438.79,0,0,0,0,manual
15,0,motorcycle,495.8,386.5,521.7,407.23,0,0,0,0,file
15,10,car,503.31,403.73,562.88,438.69,0,0,0,0,manual
16,0,motorcycle,497.74,386.29,523.64,407.01,0,0,0,0,file
16,10,car,504.11,403.62,563.68,438.59,0,0,0,0,manual
17,0,motorcycle,499.69,386.07,525.58,406.79,0,0,0,0,file
17,10,car,504.92,403.52,564.48,438.48,0,0,0,0,manual
18,0,motorcycle,501.63,385.86,527.52,406.58,0,0,0,0,file
18,10,car,505.72,403.42,565.29,438.38,0,0,0,0,manual
19,0,motorcycle,503.57,385.64,529.46,406.36,0,0,0,0,file
19,10,car,506.52,403.31,566.09,438.28,0,0,0,0,manual
20,0,motorcycle,505.51,385.43,531.41,406.15,0,0,0,0,file
20,10,car,507.32,403.21,566.89,438.17,0,0,0,0,manual
21,0,motorcycle,507.46,385.21,533.35,405.93,0,0,0,0,file
21,10,car,508.13,403.1,567.7,438.07,0,0,0,0,manual
22,0,motorcycle,509.4,385.0,535.29,405.72,0,0,0,0,file
22,10,car,508.93,403.0,568.5,437.96,0,0,0,0,manual
23,0,motorcycle,511.34,384.78,537.23,405.5,0,0,0,0,file
23,10,car,509.73,402.9,569.3,437.86,0,0,0,0,manual
24,0,motorcycle,513.28,384.56,539.18,405.28,0,0,0,0,file
24,10,car,510.54,402.79,570.1,437.76,0,0,0,0,manual
25,0,motorcycle,515.23,384.35,541.12,405.07,0,0,0,0,file
25,10,car,511.34,402.69,570.91,437.65,0,0,0,0,manual
26,0,motorcycle,517.17,384.13,543.06,404.85,0,0,0,0,file
26,10,car,512.14,402.59,571.71,437.55,0,0,0,0,manual
27,0,motorcycle,519.11,383.92,545.0,404.64,0,0,0,0,file
27,10,car,512.94,402.48,572.51,437.45,0,0,0,0,manual
28,0,motorcycle,521.05,383.7,546.95,404.42,0,0,0,0,file
28,10,car,513.75,402.38,573.32,437.34,0,0,0,0,manual
29,0,motorcycle,523.0,383.49,548.89,404.21,0,0,0,0,file
29,10,car,514.55,402.28,574.12,437.24,0,0,0,0,manual
30,0,motorcycle,524.94,383.27,550.83,403.99,0,0,1,0,file
30,10,car,515.35,402.17,574.92,437.14,0,0,0,0,manual
31,0,motorcycle,526.49,383.01,552.38,403.73,0,0,0,0,file
31,10,car,516.16,402.07,575.72,437.03,0,0,0,0,manual
32,0,motorcycle,528.05,382.75,553.94,403.47,0,0,0,0,file
32,10,car,516.96,401.96,576.53,436.93,0,0,0,0,manual
33,0,motorcycle,529.6,382.49,555.49,403.21,0,0,0,0,file
33,10,car,517.76,401.86,577.33,436.83,0,0,0,0,manual
34,0,motorcycle,531.15,382.23,557.05,402.95,0,0,0,0,file
34,10,car,518.56,401.76,578.13,436.72,0,0,0,0,manual
35,0,motorcycle,532.71,381.97,558.6,402.69,0,0,0,0,file
35,10,car,519.37,401.65,578.94,436.62,0,0,0,0,manual
36,0,motorcycle,534.26,381.72,560.15,402.44,0,0,0,0,file
36,10,car,520.17,401.55,579.74,436.51,0,0,0,0,manual
37,0,motorcycle,535.81,381.46,561.71,402.18,0,0,0,0,file
37,10,car,520.97,401.45,580.54,436.41,0,0,0,0,manual
38,0,motorcycle,537.37,381.2,563.26,401.92,0,0,0,0,file
38,10,car,521.78,401.34,581.34,436.31,0,0,0,0,manual
39,0,motorcycle,538.92,380.94,564.82,401.66,0,0,0,0,file
39,10,car,522.58,401.24,582.15,436.2,0,0,0,0,manual
40,0,motorcycle,540.48,380.68,566.37,401.4,0,0,0,0,file
40,10,car,523.38,401.14,582.95,436.1,0,0,0,0,manual
41,0,motorcycle,542.03,380.42,567.92,401.14,0,0,0,0,file
41,10,car,524.18,401.03,583.75,436.0,0,0,0,0,manual
42,0,motorcycle,543.58,380.16,569.48,400.88,0,0,0,0,file
42,10,car,524.99,400.93,584.56,435.89,0,0,0,0,manual
43,0,motorcycle,545.14,379.9,571.03,400.62,0,0,0,0,file
43,10,car,525.79,400.82,585.36,435.79,0,0,0,0,manual
44,0,motorcycle,546.69,379.64,572.59,400.36,0,0,0,0,file
44,10,car,526.59,400.72,586.16,435.69,0,0,0,0,manual
45,0,motorcycle,548.24,379.38,574.14,400.11,0,0,0,0,file
45,10,car,527.4,400.62,586.96,435.58,0,0,0,0,manual
46,0,motorcycle,549.8,379.13,575.69,399.85,0,0,0,0,file
46,10,car,528.2,400.51,587.77,435.48,0,0,0,0,manual
47,0,motorcycle,551.35,378.87,577.25,399.59,0,0,0,0,file
47,10,car,529.0,400.41,588.57,435.37,0,0,0,0,manual
48,0,motorcycle,552.9,378.61,578.8,399.33,0,0,0,0,file
48,10,car,529.8,400.31,589.37,435.27,0,0,0,0,manual
49,0,motorcycle,554.46,378.35,580.36,399.07,0,0,0,0,file
49,10,car,530.61,400.2,590.18,435.17,0,0,0,0,manual
50,0,motorcycle,556.01,378.09,581.91,398.81,0,0,1,0,file
50,10,car,531.41,400.1,590.98,435.06,0,0,1,0,manual
51,0,motorcycle,557.5,377.9,583.4,398.62,0,0,0,0,file
51,10,car,532.19,400.03,591.76,435.0,0,0,0,0,manual
52,0,motorcycle,558.99,377.7,584.89,398.42,0,0,0,0,file
52,10,car,532.96,399.97,592.53,434.93,0,0,0,0,manual
53,0,motorcycle,560.48,377.51,586.38,398.23,0,0,0,0,file
53,10,car,533.74,399.91,593.31,434.87,0,0,0,0,manual
54,0,motorcycle,561.97,377.31,587.87,398.03,0,0,0,0,file
54,10,car,534.52,399.84,594.09,434.8,0,0,0,0,manual
55,0,motorcycle,563.46,377.12,589.36,397.84,0,0,0,0,file
55,10,car,535.29,399.78,594.86,434.74,0,0,0,0,manual
56,0,motorcycle,564.95,376.92,590.85,397.64,0,0,0,0,file
56,10,car,536.07,399.71,595.64,434.68,0,0,0,0,manual
57,0,motorcycle,566.44,376.73,592.34,397.45,0,0,0,0,file
57,10,car,536.85,399.65,596.42,434.61,0,0,0,0,manual
58,0,motorcycle,567.93,376.53,593.83,397.25,0,0,0,0,file
58,10,car,537.63,399.58,597.19,434.55,0,0,0,0,manual
59,0,motorcycle,569.42,376.34,595.32,397.06,0,0,0,0,file
59,10,car,538.4,399.52,597.97,434.48,0,0,0,0,manual
60,0,motorcycle,570.9,376.14,596.81,396.87,0,0,0,0,file
60,10,car,539.18,399.45,598.75,434.42,0,0,0,0,manual
61,0,motorcycle,572.39,375.95,598.29,396.67,0,0,0,0,file
61,10,car,539.96,399.39,599.52,434.35,0,0,0,0,manual
62,0,motorcycle,573.88,375.76,599.78,396.48,0,0,0,0,file
62,10,car,540.73,399.32,600.3,434.29,0,0,0,0,manual
63,0,motorcycle,575.37,375.56,601.27,396.28,0,0,0,0,file
63,10,car,541.51,399.26,601.08,434.22,0,0,0,0,manual
64,0,motorcycle,576.86,375.37,602.76,396.09,0,0,0,0,file
64,10,car,542.29,399.19,601.86,434.16,0,0,0,0,manual
65,0,motorcycle,578.35,375.17,604.25,395.89,0,0,0,0,file
65,10,car,543.06,399.13,602.63,434.09,0,0,0,0,manual
66,0,motorcycle,579.84,374.98,605.74,395.7,0,0,0,0,file
66,10,car,543.84,399.06,603.41,434.03,0,0,0,0,manual
67,0,motorcycle,581.33,374.78,607.23,395.5,0,0,0,0,file
67,10,car,544.62,399.0,604.19,433.96,0,0,0,0,manual
68,0,motorcycle,582.82,374.59,608.72,395.31,0,0,0,0,file
68,10,car,545.4,398.93,604.96,433.9,0,0,0,0,manual
69,0,motorcycle,584.31,374.39,610.21,395.11,0,0,0,0,file
69,10,car,546.17,398.87,605.74,433.83,0,0,0,0,manual
69,11,motorcycle,662.2,438.95,685.51,475.21,0,0,1,0,manual
70,0,motorcycle,585.8,374.2,611.7,394.92,0,0,1,0,file
70,10,car,546.95,398.8,606.52,433.77,0,0,1,0,manual
70,11,motorcycle,662.05,438.46,685.36,474.72,0,0,0,0,manual
71,0,motorcycle,587.0,374.82,612.9,395.54,0,0,0,0,file
71,10,car,547.47,398.55,607.04,433.51,0,0,0,0,manual
71,11,motorcycle,661.89,437.97,685.2,474.22,0,0,0,0,manual
72,0,motorcycle,588.2,375.43,614.1,396.15,0,0,0,0,file
72,10,car,547.99,398.29,607.55,433.25,0,0,0,0,manual
72,11,motorcycle,661.74,437.47,685.04,473.73,0,0,0,0,manual
73,0,motorcycle,589.39,376.05,615.29,396.77,0,0,0,0,file
73,10,car,548.5,398.03,608.07,432.99,0,0,0,0,manual
73,11,motorcycle,661.58,436.98,684.89,473.24,0,0,0,0,manual
74,0,motorcycle,590.59,376.66,616.49,397.38,0,0,0,0,file
74,10,car,549.02,397.77,608.59,432.73,0,0,0,0,manual
74,11,motorcycle,661.42,436.49,684.73,472.75,0,0,0,0,manual
75,0,motorcycle,591.79,377.28,617.69,398.0,0,0,0,0,file
75,10,car,549.54,397.51,609.11,432.47,0,0,0,0,manual
75,11,motorcycle,661.27,436.0,684.58,472.26,0,0,0,0,manual
76,0,motorcycle,592.99,377.89,618.89,398.61,0,0,0,0,file
76,10,car,550.06,397.25,609.63,432.21,0,0,0,0,manual
76,11,motorcycle,661.11,435.5,684.42,471.76,0,0,0,0,manual
77,0,motorcycle,594.18,378.51,620.08,399.23,0,0,0,0,file
77,10,car,550.58,396.99,610.14,431.96,0,0,0,0,manual
77,11,motorcycle,660.96,435.01,684.27,471.27,0,0,0,0,manual
78,0,motorcycle,595.38,379.12,621.28,399.84,0,0,0,0,file
78,10,car,551.09,396.73,610.66,431.7,0,0,0,0,manual
78,11,motorcycle,660.8,434.52,684.11,470.78,0,0,0,0,manual
79,0,motorcycle,596.58,379.74,622.48,400.46,0,0,0,0,file
79,10,car,551.61,396.47,611.18,431.44,0,0,0,0,manual
79,11,motorcycle,660.65,434.03,683.96,470.29,0,0,0,0,manual
80,0,motorcycle,597.78,380.35,623.68,401.07,0,0,0,0,file
80,10,car,552.13,396.21,611.7,431.18,0,0,0,0,manual
80,11,motorcycle,660.49,433.54,683.8,469.8,0,0,0,0,manual
81,0,motorcycle,598.98,380.97,624.88,401.69,0,0,0,0,file
81,10,car,552.65,395.96,612.22,430.92,0,0,0,0,manual
81,11,motorcycle,660.34,433.04,683.65,469.3,0,0,0,0,manual
82,0,motorcycle,600.17,381.58,626.07,402.3,0,0,0,0,file
82,10,car,553.16,395.7,612.73,430.66,0,0,0,0,manual
82,11,motorcycle,660.18,432.55,683.49,468.81,0,0,0,0,manual
83,0,motorcycle,601.37,382.2,627.27,402.92,0,0,0,0,file
83,10,car,553.68,395.44,613.25,430.4,0,0,0,0,manual
83,11,motorcycle,660.03,432.06,683.34,468.32,0,0,0,0,manual
84,0,motorcycle,602.57,382.81,628.47,403.53,0,0,0,0,file
84,10,car,554.2,395.18,613.77,430.14,0,0,0,0,manual
84,11,motorcycle,659.87,431.57,683.18,467.83,0,0,0,0,manual
85,0,motorcycle,603.77,383.43,629.67,404.15,0,0,0,0,file
85,10,car,554.72,394.92,614.29,429.88,0,0,0,0,manual
85,11,motorcycle,659.72,431.08,683.02,467.34,0,0,0,0,manual
86,0,motorcycle,604.96,384.04,630.86,404.76,0,0,0,0,file
86,10,car,555.24,394.66,614.81,429.62,0,0,0,0,manual
86,11,motorcycle,659.56,430.58,682.87,466.84,0,0,0,0,manual
87,0,motorcycle,606.16,384.66,632.06,405.38,0,0,0,0,file
87,10,car,555.75,394.4,615.32,429.37,0,0,0,0,manual
87,11,motorcycle,659.4,430.09,682.71,466.35,0,0,0,0,manual
88,0,motorcycle,607.36,385.27,633.26,405.99,0,0,0,0,file
88,10,car,556.27,394.14,615.84,429.11,0,0,0,0,manual
88,11,motorcycle,659.25,429.6,682.56,465.86,0,0,0,0,manual
89,0,motorcycle,608.56,385.89,634.46,406.61,0,0,0,0,file
89,10,car,556.79,393.88,616.36,428.85,0,0,0,0,manual
89,11,motorcycle,659.09,429.11,682.4,465.37,0,0,0,0,manual
90,0,motorcycle,609.75,386.5,635.65,407.23,0,0,0,0,file
90,10,car,557.31,393.62,616.88,428.59,0,0,1,0,manual
90,11,motorcycle,658.94,428.62,682.25,464.87,0,0,0,0,manual
91,0,motorcycle,610.95,387.12,636.85,407.84,0,0,0,0,file
91,10,car,557.39,393.73,616.95,428.69,0,0,0,0,manual
91,11,motorcycle,658.78,428.12,682.09,464.38,0,0,0,0,manual
92,0,motorcycle,612.15,387.74,638.05,408.46,0,0,0,0,file
92,10,car,557.46,393.83,617.03,428.8,0,0,0,0,manual
92,11,motorcycle,658.63,427.63,681.94,463.89,0,0,0,0,manual
93,0,motorcycle,613.35,388.35,639.25,409.07,0,0,0,0,file
93,10,car,557.54,393.93,617.11,428.9,0,0,0,0,manual
93,11,motorcycle,658.47,427.14,681.78,463.4,0,0,0,0,manual
94,0,motorcycle,614.55,388.97,640.45,409.69,0,0,0,0,file
94,10,car,557.62,394.04,617.19,429.0,0,0,0,0,manual
94,11,motorcycle,658.32,426.65,681.63,462.91,0,0,0,0,manual
95,0,motorcycle,615.74,389.58,641.64,410.3,0,0,0,0,file
95,10,car,557.7,394.14,617.27,429.11,0,0,0,0,manual
95,11,motorcycle,658.16,426.16,681.47,462.41,0,0,0,0,manual
96,0,motorcycle,616.94,390.2,642.84,410.92,0,0,0,0,file
96,10,car,557.77,394.25,617.34,429.21,0,0,0,0,manual
96,11,motorcycle,658.01,425.66,681.32,461.92,0,0,0,0,manual
97,0,motorcycle,618.14,390.81,644.04,411.53,0,0,0,0,file
97,10,car,557.85,394.35,617.42,429.31,0,0,0,0,manual
97,11,motorcycle,657.85,425.17,681.16,461.43,0,0,0,0,manual
98,0,motorcycle,619.34,391.43,645.24,412.15,0,0,0,0,file
98,10,car,557.93,394.45,617.5,429.42,0,0,0,0,manual
98,11,motorcycle,657.69,424.68,681.0,460.94,0,0,0,0,manual
99,0,motorcycle,620.53,392.04,646.43,412.76,0,0,0,0,file
99,10,car,558.01,394.56,617.58,429.52,0,0,0,0,manual
99,11,motorcycle,657.54,424.19,680.85,460.45,0,0,0,0,manual
100,0,motorcycle,621.73,392.66,647.63,413.38,0,0,0,0,file
100,10,car,558.09,394.66,617.65,429.62,0,0,0,0,manual
100,11,motorcycle,657.38,423.69,680.69,459.95,0,0,0,0,manual
101,0,motorcycle,622.93,393.27,648.83,413.99,0,0,0,0,file
101,10,car,558.16,394.76,617.73,429.73,0,0,0,0,manual
101,11,motorcycle,657.23,423.2,680.54,459.46,0,0,0,0,manual
102,0,motorcycle,624.13,393.89,650.03,414.61,0,0,0,0,file
102,10,car,558.24,394.87,617.81,429.83,0,0,0,0,manual
102,11,motorcycle,657.07,422.71,680.38,458.97,0,0,0,0,manual
103,0,motorcycle,625.33,394.5,651.23,415.22,0,0,0,0,file
103,10,car,558.32,394.97,617.89,429.93,0,0,0,0,manual
103,11,motorcycle,656.92,422.22,680.23,458.48,0,0,0,0,manual
104,0,motorcycle,626.52,395.12,652.42,415.84,0,0,0,0,file
104,10,car,558.4,395.07,617.96,430.04,0,0,0,0,manual
104,11,motorcycle,656.76,421.73,680.07,457.99,0,0,0,0,manual
105,0,motorcycle,627.72,395.73,653.62,416.45,0,0,0,0,file
105,10,car,558.47,395.18,618.04,430.14,0,0,0,0,manual
105,11,motorcycle,656.61,421.23,679.92,457.49,0,0,0,0,manual
106,0,motorcycle,628.92,396.35,654.82,417.07,0,0,0,0,file
106,10,car,558.55,395.28,618.12,430.25,0,0,0,0,manual
106,11,motorcycle,656.45,420.74,679.76,457.0,0,0,0,0,manual
107,0,motorcycle,630.12,396.96,656.02,417.68,0,0,0,0,file
107,10,car,558.63,395.39,618.2,430.35,0,0,0,0,manual
107,11,motorcycle,656.3,420.25,679.61,456.51,0,0,0,0,manual
108,0,motorcycle,631.31,397.58,657.21,418.3,0,0,0,0,file
108,10,car,558.71,395.49,618.28,430.45,0,0,0,0,manual
108,11,motorcycle,656.14,419.76,679.45,456.02,0,0,0,0,manual
109,0,motorcycle,632.51,398.19,658.41,418.91,0,0,0,0,file
109,10,car,558.78,395.59,618.35,430.56,0,0,0,0,manual
109,11,motorcycle,655.99,419.27,679.29,455.52,0,0,0,0,manual
110,0,motorcycle,633.71,398.81,659.61,419.53,0,0,1,0,file
110,10,car,558.86,395.7,618.43,430.66,0,0,0,0,manual
110,11,motorcycle,655.83,418.77,679.14,455.03,0,0,0,0,manual
111,0,motorcycle,635.39,398.98,661.29,419.7,0,0,0,0,file
111,10,car,558.94,395.8,618.51,430.76,0,0,0,0,manual
111,11,motorcycle,655.67,418.28,678.98,454.54,0,0,0,0,manual
112,0,motorcycle,637.08,399.16,662.98,419.87,0,0,0,0,file
112,10,car,559.02,395.9,618.59,430.87,0,0,0,0,manual
112,11,motorcycle,655.52,417.79,678.83,454.05,0,0,0,0,manual
113,0,motorcycle,638.76,399.33,664.66,420.05,0,0,0,0,file
113,10,car,559.1,396.01,618.66,430.97,0,0,0,0,manual
113,11,motorcycle,655.36,417.3,678.67,453.56,0,0,0,0,manual
114,0,motorcycle,640.44,399.5,666.34,420.22,0,0,0,0,file
114,10,car,559.17,396.11,618.74,431.07,0,0,0,0,manual
114,11,motorcycle,655.21,416.81,678.52,453.06,0,0,0,0,manual
115,0,motorcycle,642.13,399.67,668.03,420.39,0,0,0,0,file
115,10,car,559.25,396.21,618.82,431.18,0,0,0,0,manual
115,11,motorcycle,655.05,416.31,678.36,452.57,0,0,0,0,manual
116,0,motorcycle,643.81,399.85,669.71,420.56,0,0,0,0,file
116,10,car,559.33,396.32,618.9,431.28,0,0,0,0,manual
116,11,motorcycle,654.9,415.82,678.21,452.08,0,0,0,0,manual
117,0,motorcycle,645.5,400.02,671.4,420.74,0,0,0,0,file
117,10,car,559.41,396.42,618.97,431.39,0,0,0,0,manual
117,11,motorcycle,654.74,415.33,678.05,451.59,0,0,0,0,manual
118,0,motorcycle,647.18,400.19,673.08,420.91,0,0,0,0,file
118,10,car,559.48,396.52,619.05,431.49,0,0,0,0,manual
118,11,motorcycle,654.59,414.84,677.9,451.1,0,0,0,0,manual
119,0,motorcycle,648.86,400.36,674.76,421.08,0,0,0,0,file
119,10,car,559.56,396.63,619.13,431.59,0,0,0,0,manual
119,11,motorcycle,654.43,414.34,677.74,450.6,0,0,1,0,manual
120,0,motorcycle,650.55,400.54,676.45,421.25,0,0,0,0,file
120,10,car,559.64,396.73,619.21,431.7,0,0,0,0,manual
120,11,motorcycle,654.5,413.96,677.81,450.22,0,0,0,0,manual
121,0,motorcycle,652.23,400.71,678.13,421.43,0,0,0,0,file
121,10,car,559.72,396.84,619.29,431.8,0,0,0,0,manual
121,11,motorcycle,654.56,413.57,677.87,449.83,0,0,0,0,manual
122,0,motorcycle,653.91,400.88,679.81,421.6,0,0,0,0,file
122,10,car,559.79,396.94,619.36,431.9,0,0,0,0,manual
122,11,motorcycle,654.63,413.18,677.94,449.44,0,0,0,0,manual
123,0,motorcycle,655.6,401.05,681.5,421.77,0,0,0,0,file
123,10,car,559.87,397.04,619.44,432.01,0,0,0,0,manual
123,11,motorcycle,654.69,412.79,678.0,449.05,0,0,0,0,manual
124,0,motorcycle,657.28,401.23,683.18,421.94,0,0,0,0,file
124,10,car,559.95,397.15,619.52,432.11,0,0,0,0,manual
124,11,motorcycle,654.76,412.4,678.06,448.66,0,0,0,0,manual
125,0,motorcycle,658.97,401.4,684.87,422.12,0,0,0,0,file
125,10,car,560.03,397.25,619.6,432.21,0,0,0,0,manual
125,11,motorcycle,654.82,412.01,678.13,448.27,0,0,0,0,manual
126,0,motorcycle,660.65,401.57,686.55,422.29,0,0,0,0,file
126,10,car,560.11,397.35,619.67,432.32,0,0,0,0,manual
126,11,motorcycle,654.88,411.63,678.19,447.88,0,0,0,0,manual
127,0,motorcycle,662.33,401.75,688.23,422.46,0,0,0,0,file
127,10,car,560.18,397.46,619.75,432.42,0,0,0,0,manual
127,11,motorcycle,654.95,411.24,678.26,447.5,0,0,0,0,manual
128,0,motorcycle,664.02,401.92,689.92,422.63,0,0,0,0,file
128,10,car,560.26,397.56,619.83,432.52,0,0,0,0,manual
128,11,motorcycle,655.01,410.85,678.32,447.11,0,0,0,0,manual
129,0,motorcycle,665.7,402.09,691.6,422.8,0,0,0,0,file
129,10,car,560.34,397.66,619.91,432.63,0,0,0,0,manual
129,11,motorcycle,655.08,410.46,678.39,446.72,0,0,0,0,manual
130,0,motorcycle,667.38,402.26,693.28,422.98,0,0,0,0,file
130,10,car,560.42,397.77,619.98,432.73,0,0,0,0,manual
130,11,motorcycle,655.14,410.07,678.45,446.33,0,0,0,0,manual
131,0,motorcycle,669.07,402.44,694.97,423.15,0,0,0,0,file
131,10,car,560.49,397.87,620.06,432.84,0,0,0,0,manual
131,11,motorcycle,655.21,409.68,678.52,445.94,0,0,0,0,manual
132,0,motorcycle,670.75,402.61,696.65,423.32,0,0,0,0,file
132,10,car,560.57,397.97,620.14,432.94,0,0,0,0,manual
132,11,motorcycle,655.27,409.29,678.58,445.55,0,0,0,0,manual
133,0,motorcycle,672.43,402.78,698.33,423.49,0,0,0,0,file
133,10,car,560.65,398.08,620.22,433.04,0,0,0,0,manual
133,11,motorcycle,655.34,408.91,678.65,445.17,0,0,0,0,manual
134,0,motorcycle,674.12,402.95,700.02,423.67,0,0,0,0,file
134,10,car,560.73,398.18,620.3,433.15,0,0,0,0,manual
134,11,motorcycle,655.4,408.52,678.71,444.78,0,0,0,0,manual
135,0,motorcycle,675.8,403.13,701.7,423.84,0,0,0,0,file
135,10,car,560.8,398.29,620.37,433.25,0,0,0,0,manual
135,11,motorcycle,655.47,408.13,678.78,444.39,0,0,0,0,manual
136,0,motorcycle,677.49,403.3,703.39,424.01,0,0,0,0,file
136,10,car,560.88,398.39,620.45,433.35,0,0,0,0,manual
136,11,motorcycle,655.53,407.74,678.84,444.0,0,0,0,0,manual
137,0,motorcycle,679.17,403.47,705.07,424.18,0,0,0,0,file
137,10,car,560.96,398.49,620.53,433.46,0,0,0,0,manual
137,11,motorcycle,655.6,407.35,678.91,443.61,0,0,0,0,manual
138,0,motorcycle,680.85,403.64,706.75,424.36,0,0,0,0,file
138,10,car,561.04,398.6,620.61,433.56,0,0,0,0,manual
138,11,motorcycle,655.66,406.96,678.97,443.22,0,0,0,0,manual
139,0,motorcycle,682.54,403.82,708.44,424.53,0,0,0,0,file
139,10,car,561.12,398.7,620.68,433.66,0,0,0,0,manual
139,11,motorcycle,655.73,406.58,679.04,442.83,0,0,1,0,manual
140,0,motorcycle,684.22,403.99,710.12,424.7,0,0,1,0,file
140,10,car,561.19,398.8,620.76,433.77,0,0,1,0,manual
140,11,motorcycle,655.99,406.4,679.29,442.66,0,0,0,0,manual
141,0,motorcycle,685.93,404.14,711.83,424.85,0,0,0,0,file
141,10,car,561.61,399.35,621.18,434.32,0,0,0,0,manual
141,11,motorcycle,656.24,406.23,679.55,442.49,0,0,0,0,manual
142,0,motorcycle,687.65,404.29,713.55,425.01,0,0,0,0,file
142,10,car,562.04,399.9,621.6,434.87,0,0,0,0,manual
142,11,motorcycle,656.5,406.06,679.81,442.32,0,0,0,0,manual
143,0,motorcycle,689.36,404.45,715.26,425.16,0,0,0,0,file
143,10,car,562.46,400.45,622.02,435.42,0,0,0,0,manual
143,11,motorcycle,656.76,405.88,680.07,442.14,0,0,0,0,manual
144,0,motorcycle,691.08,404.6,716.98,425.31,0,0,0,0,file
144,10,car,562.88,401.01,622.45,435.97,0,0,0,0,manual
144,11,motorcycle,657.02,405.71,680.33,441.97,0,0,0,0,manual
145,0,motorcycle,692.79,404.75,718.69,425.46,0,0,0,0,file
145,10,car,563.3,401.56,622.87,436.52,0,0,0,0,manual
145,11,motorcycle,657.28,405.54,680.59,441.8,0,0,0,0,manual
146,0,motorcycle,694.5,404.9,720.4,425.62,0,0,0,0,file
146,10,car,563.72,402.11,623.29,437.07,0,0,0,0,manual
146,11,motorcycle,657.54,405.37,680.85,441.63,0,0,0,0,manual
147,0,motorcycle,696.22,405.06,722.12,425.77,0,0,0,0,file
147,10,car,564.14,402.66,623.71,437.62,0,0,0,0,manual
147,11,motorcycle,657.8,405.19,681.11,441.45,0,0,0,0,manual
148,0,motorcycle,697.93,405.21,723.83,425.92,0,0,0,0,file
148,10,car,564.56,403.21,624.13,438.17,0,0,0,0,manual
148,11,motorcycle,658.06,405.02,681.37,441.28,0,0,0,0,manual
149,0,motorcycle,699.64,405.36,725.54,426.07,0,0,0,0,file
149,10,car,564.98,403.76,624.55,438.72,0,0,0,0,manual
149,11,motorcycle,658.32,404.85,681.63,441.11,0,0,0,0,manual
150,0,motorcycle,701.36,405.51,727.26,426.23,0,0,0,0,file
150,10,car,565.4,404.31,624.97,439.27,0,0,0,0,manual
150,11,motorcycle,658.58,404.68,681.88,440.93,0,0,0,0,manual
151,0,motorcycle,703.07,405.67,728.97,426.38,0,0,0,0,file
151,10,car,565.82,404.86,625.39,439.82,0,0,0,0,manual
151,11,motorcycle,658.83,404.5,682.14,440.76,0,0,0,0,manual
152,0,motorcycle,704.79,405.82,730.69,426.53,0,0,0,0,file
152,10,car,566.24,405.41,625.81,440.37,0,0,0,0,manual
152,11,motorcycle,659.09,404.33,682.4,440.59,0,0,0,0,manual
153,0,motorcycle,706.5,405.97,732.4,426.68,0,0,0,0,file
153,10,car,566.66,405.96,626.23,440.92,0,0,0,0,manual
153,11,motorcycle,659.35,404.16,682.66,440.42,0,0,0,0,manual
154,0,motorcycle,708.21,406.12,734.11,426.84,0,0,0,0,file
154,10,car,567.09,406.51,626.65,441.47,0,0,0,0,manual
154,11,motorcycle,659.61,403.98,682.92,440.24,0,0,0,0,manual
155,0,motorcycle,709.93,406.28,735.83,426.99,0,0,0,0,file
155,10,car,567.51,407.06,627.07,442.02,0,0,0,0,manual
155,11,motorcycle,659.87,403.81,683.18,440.07,0,0,0,0,manual
156,0,motorcycle,711.64,406.43,737.54,427.14,0,0,0,0,file
156,10,car,567.93,407.61,627.5,442.57,0,0,0,0,manual
156,11,motorcycle,660.13,403.64,683.44,439.9,0,0,0,0,manual
157,0,motorcycle,713.36,406.58,739.25,427.29,0,0,0,0,file
157,10,car,568.35,408.16,627.92,443.12,0,0,0,0,manual
157,11,motorcycle,660.39,403.47,683.7,439.73,0,0,0,0,manual
158,0,motorcycle,715.07,406.73,740.97,427.45,0,0,0,0,file
158,10,car,568.77,408.71,628.34,443.67,0,0,0,0,manual
158,11,motorcycle,660.65,403.29,683.96,439.55,0,0,0,0,manual
159,0,motorcycle,716.78,406.88,742.68,427.6,0,0,0,0,file
159,10,car,569.19,409.26,628.76,444.22,0,0,0,0,manual
159,11,motorcycle,660.91,403.12,684.22,439.38,0,0,0,0,manual
160,0,motorcycle,718.5,407.04,744.4,427.75,0,0,0,0,file
160,10,car,569.61,409.81,629.18,444.78,0,0,0,0,manual
160,11,motorcycle,661.17,402.95,684.47,439.21,0,0,0,0,manual
161,0,motorcycle,720.21,407.19,746.11,427.91,0,0,0,0,file
161,10,car,570.03,410.36,629.6,445.33,0,0,0,0,manual
161,11,motorcycle,661.42,402.78,684.73,439.04,0,0,0,0,manual
162,0,motorcycle,721.92,407.34,747.82,428.06,0,0,0,0,file
162,10,car,570.45,410.91,630.02,445.88,0,0,0,0,manual
162,11,motorcycle,661.68,402.6,684.99,438.86,0,0,0,0,manual
163,0,motorcycle,723.64,407.49,749.54,428.21,0,0,0,0,file
163,10,car,570.87,411.46,630.44,446.43,0,0,0,0,manual
163,11,motorcycle,661.94,402.43,685.25,438.69,0,0,0,0,manual
164,0,motorcycle,725.35,407.65,751.25,428.36,0,0,0,0,file
164,10,car,571.29,412.01,630.86,446.98,0,0,0,0,manual
164,11,motorcycle,662.2,402.26,685.51,438.52,0,0,0,0,manual
165,0,motorcycle,727.07,407.8,752.97,428.52,0,0,0,0,file
165,10,car,571.72,412.56,631.28,447.53,0,0,0,0,manual
165,11,motorcycle,662.46,402.09,685.77,438.34,0,0,0,0,manual
166,0,motorcycle,728.78,407.95,754.68,428.67,0,0,0,0,file
166,10,car,572.14,413.11,631.7,448.08,0,0,0,0,manual
166,11,motorcycle,662.72,401.91,686.03,438.17,0,0,0,0,manual
167,0,motorcycle,730.49,408.1,756.39,428.82,0,0,0,0,file
167,10,car,572.56,413.66,632.13,448.63,0,0,0,0,manual
167,11,motorcycle,662.98,401.74,686.29,438.0,0,0,0,0,manual
168,0,motorcycle,732.21,408.26,758.11,428.97,0,0,0,0,file
168,10,car,572.98,414.21,632.55,449.18,0,0,0,0,manual
168,11,motorcycle,663.24,401.57,686.55,437.83,0,0,0,0,manual
169,0,motorcycle,733.92,408.41,759.82,429.13,0,0,0,0,file
169,10,car,573.4,414.76,632.97,449.73,0,0,0,0,manual
169,11,motorcycle,663.5,401.39,686.81,437.65,0,0,1,0,manual
170,0,motorcycle,735.63,408.56,761.53,429.28,0,0,0,0,file
170,10,car,573.82,415.31,633.39,450.28,0,0,0,0,manual
170,11,motorcycle,663.88,401.61,687.19,437.87,0,0,0,0,manual
171,0,motorcycle,737.35,408.71,763.25,429.43,0,0,0,0,file
171,10,car,574.24,415.87,633.81,450.83,0,0,0,0,manual
171,11,motorcycle,664.27,401.83,687.58,438.09,0,0,0,0,manual
172,0,motorcycle,739.06,408.87,764.96,429.58,0,0,0,0,file
172,10,car,574.66,416.42,634.23,451.38,0,0,0,0,manual
172,11,motorcycle,664.66,402.04,687.97,438.3,0,0,0,0,manual
173,0,motorcycle,740.78,409.02,766.68,429.74,0,0,0,0,file
173,10,car,575.08,416.97,634.65,451.93,0,0,0,0,manual
173,11,motorcycle,665.05,402.26,688.36,438.52,0,0,0,0,manual
174,0,motorcycle,742.49,409.17,768.39,429.89,0,0,1,0,file
174,10,car,575.5,417.52,635.07,452.48,0,0,0,0,manual
174,11,motorcycle,665.44,402.47,688.75,438.73,0,0,0,0,manual
175,0,motorcycle,744.39,409.47,770.29,430.19,0,0,0,0,file
175,10,car,575.92,418.07,635.49,453.03,0,0,0,0,manual
175,11,motorcycle,665.83,402.69,689.14,438.95,0,0,0,0,manual
176,0,motorcycle,746.29,409.77,772.19,430.49,0,0,0,0,file
176,10,car,576.34,418.62,635.91,453.58,0,0,0,0,manual
176,11,motorcycle,666.22,402.91,689.52,439.16,0,0,0,0,manual
177,0,motorcycle,748.19,410.08,774.09,430.8,0,0,0,0,file
177,10,car,576.77,419.17,636.33,454.13,0,0,0,0,manual
177,11,motorcycle,666.6,403.12,689.91,439.38,0,0,0,0,manual
178,0,motorcycle,750.09,410.38,775.99,431.1,0,0,0,0,file
178,10,car,577.19,419.72,636.75,454.68,0,0,0,0,manual
178,11,motorcycle,666.99,403.34,690.3,439.6,0,0,0,0,manual
179,0,motorcycle,751.99,410.68,777.89,431.4,0,0,0,0,file
179,10,car,577.61,420.27,637.18,455.23,0,0,0,0,manual
179,11,motorcycle,667.38,403.55,690.69,439.81,0,0,0,0,manual
180,0,motorcycle,753.89,410.98,779.79,431.7,0,0,0,0,file
180,10,car,578.03,420.82,637.6,455.78,0,0,1,0,manual
180,11,motorcycle,667.77,403.77,691.08,440.03,0,0,0,0,manual
181,0,motorcycle,755.79,411.28,781.69,432.0,0,0,0,0,file
181,10,car,578.38,421.47,637.95,456.43,0,0,0,0,manual
181,11,motorcycle,668.16,403.98,691.47,440.24,0,0,0,0,manual
182,0,motorcycle,757.68,411.59,783.58,432.31,0,0,0,0,file
182,10,car,578.73,422.11,638.3,457.08,0,0,0,0,manual
182,11,motorcycle,668.55,404.2,691.86,440.46,0,0,0,0,manual
183,0,motorcycle,759.58,411.89,785.48,432.61,0,0,0,0,file
183,10,car,579.08,422.76,638.65,457.72,0,0,0,0,manual
183,11,motorcycle,668.93,404.42,692.24,440.68,0,0,0,0,manual
184,0,motorcycle,761.48,412.19,787.38,432.91,0,0,0,0,file
184,10,car,579.43,423.41,639.0,458.37,0,0,0,0,manual
184,11,motorcycle,669.32,404.63,692.63,440.89,0,0,0,0,manual
185,0,motorcycle,763.38,412.49,789.28,433.21,0,0,0,0,file
185,10,car,579.79,424.06,639.35,459.02,0,0,0,0,manual
185,11,motorcycle,669.71,404.85,693.02,441.11,0,0,0,0,manual
186,0,motorcycle,765.28,412.79,791.18,433.51,0,0,0,0,file
186,10,car,580.14,424.7,639.71,459.67,0,0,0,0,manual
186,11,motorcycle,670.1,405.06,693.41,441.32,0,0,0,0,manual
187,0,motorcycle,767.18,413.1,793.08,433.82,0,0,0,0,file
187,10,car,580.49,425.35,640.06,460.31,0,0,0,0,manual
187,11,motorcycle,670.49,405.28,693.8,441.54,0,0,0,0,manual
188,0,motorcycle,769.08,413.4,794.98,434.12,0,0,0,0,file
188,10,car,580.84,426.0,640.41,460.96,0,0,0,0,manual
188,11,motorcycle,670.88,405.5,694.19,441.75,0,0,0,0,manual
189,0,motorcycle,770.98,413.7,796.88,434.42,0,0,0,0,file
189,10,car,581.19,426.65,640.76,461.61,0,0,0,0,manual
189,11,motorcycle,671.27,405.71,694.57,441.97,0,0,0,0,manual
190,0,motorcycle,772.88,414.0,798.78,434.72,0,0,0,0,file
190,10,car,581.54,427.29,641.11,462.26,0,0,0,0,manual
190,11,motorcycle,671.65,405.93,694.96,442.19,0,0,0,0,manual
191,0,motorcycle,774.78,414.3,800.68,435.02,0,0,0,0,file
191,10,car,581.89,427.94,641.46,462.9,0,0,0,0,manual
191,11,motorcycle,672.04,406.14,695.35,442.4,0,0,0,0,manual
192,0,motorcycle,776.68,414.61,802.58,435.33,0,0,0,0,file
192,10,car,582.25,428.59,641.81,463.55,0,0,0,0,manual
192,11,motorcycle,672.43,406.36,695.74,442.62,0,0,0,0,manual
193,0,motorcycle,778.58,414.91,804.48,435.63,0,0,0,0,file
193,10,car,582.6,429.24,642.17,464.2,0,0,0,0,manual
193,11,motorcycle,672.82,406.57,696.13,442.83,0,0,0,0,manual
194,0,motorcycle,780.48,415.21,806.38,435.93,0,0,0,0,file
194,10,car,582.95,429.88,642.52,464.85,0,0,0,0,manual
194,11,motorcycle,673.21,406.79,696.52,443.05,0,0,0,0,manual
195,0,motorcycle,782.38,415.51,808.28,436.23,0,0,0,0,file
195,10,car,583.3,430.53,642.87,465.49,0,0,0,0,manual
195,11,motorcycle,673.6,407.01,696.91,443.27,0,0,0,0,manual
196,0,motorcycle,784.28,415.81,810.18,436.53,0,0,0,0,file
196,10,car,583.65,431.18,643.22,466.14,0,0,0,0,manual
196,11,motorcycle,673.98,407.22,697.29,443.48,0,0,0,0,manual
197,0,motorcycle,786.17,416.12,812.07,436.84,0,0,0,0,file
197,10,car,584.0,431.83,643.57,466.79,0,0,0,0,manual
197,11,motorcycle,674.37,407.44,697.68,443.7,0,0,0,0,manual
198,0,motorcycle,788.07,416.42,813.97,437.14,0,0,0,0,file
198,10,car,584.36,432.47,643.92,467.44,0,0,0,0,manual
198,11,motorcycle,674.76,407.65,698.07,443.91,0,0,0,0,manual
199,0,motorcycle,789.97,416.72,815.87,437.44,0,0,0,0,file
199,10,car,584.71,433.12,644.28,468.08,0,0,0,0,manual
199,11,motorcycle,675.15,407.87,698.46,444.13,0,0,1,0,manual
200,0,motorcycle,791.87,417.02,817.77,437.74,0,0,0,0,file
200,10,car,585.06,433.77,644.63,468.73,0,0,0,0,manual
200,11,motorcycle,675.58,408.34,698.89,444.6,0,0,0,0,manual
201,0,motorcycle,793.77,417.32,819.67,438.04,0,0,0,0,file
201,10,car,585.41,434.42,644.98,469.38,0,0,0,0,manual
201,11,motorcycle,676.01,408.82,699.32,445.08,0,0,0,0,manual
202,0,motorcycle,795.67,417.63,821.57,438.35,0,0,0,0,file
202,10,car,585.76,435.06,645.33,470.03,0,0,0,0,manual
202,11,motorcycle,676.45,409.29,699.75,445.55,0,0,0,0,manual
203,0,motorcycle,797.57,417.93,823.47,438.65,0,0,0,0,file
203,10,car,586.11,435.71,645.68,470.67,0,0,0,0,manual
203,11,motorcycle,676.88,409.77,700.19,446.03,0,0,0,0,manual
204,0,motorcycle,799.47,418.23,825.37,438.95,0,0,1,0,file
204,10,car,586.46,436.36,646.03,471.32,0,0,0,0,manual
204,11,motorcycle,677.31,410.24,700.62,446.5,0,0,0,0,manual
205,0,motorcycle,801.28,418.79,827.18,439.51,0,0,0,0,file
205,10,car,586.82,437.01,646.38,471.97,0,0,0,0,manual
205,11,motorcycle,677.74,410.72,701.05,446.98,0,0,0,0,manual
206,0,motorcycle,803.1,419.35,829.0,440.07,0,0,0,0,file
206,10,car,587.17,437.65,646.74,472.62,0,0,0,0,manual
206,11,motorcycle,678.17,411.19,701.48,447.45,0,0,0,0,manual
207,0,motorcycle,804.91,419.91,830.81,440.63,0,0,0,0,file
207,10,car,587.52,438.3,647.09,473.26,0,0,0,0,manual
207,11,motorcycle,678.6,411.67,701.91,447.93,0,0,0,0,manual
208,0,motorcycle,806.72,420.47,832.62,441.19,0,0,0,0,file
208,10,car,587.87,438.95,647.44,473.91,0,0,0,0,manual
208,11,motorcycle,679.04,412.14,702.34,448.4,0,0,0,0,manual
209,0,motorcycle,808.54,421.04,834.43,441.75,0,0,0,0,file
209,10,car,588.22,439.6,647.79,474.56,0,0,0,0,manual
209,11,motorcycle,679.47,412.62,702.78,448.88,0,0,0,0,manual
210,0,motorcycle,810.35,421.6,836.25,442.32,0,0,0,0,file
210,10,car,588.57,440.24,648.14,475.21,0,0,0,0,manual
210,11,motorcycle,679.9,413.09,703.21,449.35,0,0,0,0,manual
211,0,motorcycle,812.16,422.16,838.06,442.88,0,0,0,0,file
211,10,car,588.92,440.89,648.49,475.85,0,0,0,0,manual
211,11,motorcycle,680.33,413.57,703.64,449.83,0,0,0,0,manual
212,0,motorcycle,813.97,422.72,839.87,443.44,0,0,0,0,file
212,10,car,589.28,441.54,648.84,476.5,0,0,0,0,manual
212,11,motorcycle,680.76,414.04,704.07,450.3,0,0,0,0,manual
213,0,motorcycle,815.79,423.28,841.69,444.0,0,0,0,0,file
213,10,car,589.63,442.19,649.2,477.15,0,0,0,0,manual
213,11,motorcycle,681.19,414.52,704.5,450.78,0,0,0,0,manual
214,0,motorcycle,817.6,423.84,843.5,444.56,0,0,0,0,file
214,10,car,589.98,442.83,649.55,477.8,0,0,0,0,manual
214,11,motorcycle,681.63,414.99,704.93,451.25,0,0,0,0,manual
215,0,motorcycle,819.41,424.4,845.31,445.12,0,0,0,0,file
215,10,car,590.33,443.48,649.9,478.44,0,0,0,0,manual
215,11,motorcycle,682.06,415.47,705.37,451.73,0,0,0,0,manual
216,0,motorcycle,821.23,424.96,847.13,445.68,0,0,0,0,file
216,10,car,590.68,444.13,650.25,479.09,0,0,0,0,manual
216,11,motorcycle,682.49,415.94,705.8,452.2,0,0,0,0,manual
217,0,motorcycle,823.04,425.52,848.94,446.24,0,0,0,0,file
217,10,car,591.03,444.78,650.6,479.74,0,0,0,0,manual
217,11,motorcycle,682.92,416.42,706.23,452.68,0,0,0,0,manual
218,0,motorcycle,824.85,426.08,850.75,446.8,0,0,0,0,file
218,10,car,591.39,445.42,650.95,480.39,0,0,0,0,manual
218,11,motorcycle,683.35,416.89,706.66,453.15,0,0,0,0,manual
219,0,motorcycle,826.66,426.64,852.57,447.37,0,0,0,0,file
219,10,car,591.74,446.07,651.3,481.03,0,0,0,0,manual
219,11,motorcycle,683.78,417.37,707.09,453.63,0,0,0,0,manual
220,0,motorcycle,828.48,427.21,854.38,447.93,0,0,0,0,file
220,10,car,592.09,446.72,651.66,481.68,0,0,0,0,manual
220,11,motorcycle,684.22,417.84,707.52,454.1,0,0,0,0,manual
221,0,motorcycle,830.29,427.77,856.19,448.49,0,0,0,0,file
221,10,car,592.44,447.37,652.01,482.33,0,0,0,0,manual
221,11,motorcycle,684.65,418.32,707.96,454.57,0,0,0,0,manual
222,0,motorcycle,832.1,428.33,858.0,449.05,0,0,0,0,file
222,10,car,592.79,448.01,652.36,482.98,0,0,0,0,manual
222,11,motorcycle,685.08,418.79,708.39,455.05,0,0,0,0,manual
223,0,motorcycle,833.92,428.89,859.82,449.61,0,0,0,0,file
223,10,car,593.14,448.66,652.71,483.62,0,0,0,0,manual
223,11,motorcycle,685.51,419.27,708.82,455.52,0,0,0,0,manual
224,0,motorcycle,835.73,429.45,861.63,450.17,0,0,0,0,file
224,10,car,593.49,449.31,653.06,484.27,0,0,0,0,manual
224,11,motorcycle,685.94,419.74,709.25,456.0,0,0,0,0,manual
225,0,motorcycle,837.54,430.01,863.44,450.73,0,0,0,0,file
225,10,car,593.85,449.96,653.41,484.92,0,0,0,0,manual
225,11,motorcycle,686.37,420.22,709.68,456.47,0,0,0,0,manual
226,0,motorcycle,839.36,430.57,865.26,451.29,0,0,0,0,file
226,10,car,594.2,450.6,653.77,485.57,0,0,0,0,manual
226,11,motorcycle,686.81,420.69,710.11,456.95,0,0,0,0,manual
227,0,motorcycle,841.17,431.13,867.07,451.85,0,0,0,0,file
227,10,car,594.55,451.25,654.12,486.21,0,0,0,0,manual
227,11,motorcycle,687.24,421.16,710.55,457.42,0,0,0,0,manual
228,0,motorcycle,842.98,431.69,868.88,452.41,0,0,0,0,file
228,10,car,594.9,451.9,654.47,486.86,0,0,0,0,manual
228,11,motorcycle,687.67,421.64,710.98,457.9,0,0,0,0,manual
229,0,motorcycle,844.8,432.25,870.69,452.97,0,0,0,0,file
229,10,car,595.25,452.55,654.82,487.51,0,0,0,0,manual
229,11,motorcycle,688.1,422.11,711.41,458.37,0,0,1,0,manual
230,0,motorcycle,846.61,432.82,872.51,453.54,0,0,0,0,file
230,10,car,595.6,453.19,655.17,488.16,0,0,0,0,manual
230,11,motorcycle,688.16,421.63,711.47,457.89,0,0,0,0,manual
231,0,motorcycle,848.42,433.38,874.32,454.1,0,0,0,0,file
231,10,car,595.95,453.84,655.52,488.8,0,0,0,0,manual
231,11,motorcycle,688.21,421.15,711.52,457.41,0,0,0,0,manual
232,0,motorcycle,850.23,433.94,876.13,454.66,0,0,0,0,file
232,10,car,596.31,454.49,655.87,489.45,0,0,0,0,manual
232,11,motorcycle,688.27,420.67,711.58,456.93,0,0,0,0,manual
233,0,motorcycle,852.05,434.5,877.95,455.22,0,0,0,0,file
233,10,car,596.66,455.14,656.23,490.1,0,0,0,0,manual
233,11,motorcycle,688.32,420.19,711.63,456.45,0,0,0,0,manual
234,0,motorcycle,853.86,435.06,879.76,455.78,0,0,1,0,file
234,10,car,597.01,455.78,656.58,490.75,0,0,0,0,manual
234,11,motorcycle,688.38,419.71,711.69,455.97,0,0,0,0,manual
235,0,motorcycle,855.28,435.88,881.18,456.6,0,0,0,0,file
235,10,car,597.36,456.43,656.93,491.39,0,0,0,0,manual
235,11,motorcycle,688.43,419.23,711.74,455.49,0,0,0,0,manual
236,0,motorcycle,856.71,436.7,882.61,457.42,0,0,0,0,file
236,10,car,597.71,457.08,657.28,492.04,0,0,0,0,manual
236,11,motorcycle,688.49,418.75,711.8,455.01,0,0,0,0,manual
237,0,motorcycle,858.13,437.52,884.03,458.24,0,0,0,0,file
237,10,car,598.06,457.73,657.63,492.69,0,0,0,0,manual
237,11,motorcycle,688.54,418.27,711.85,454.53,0,0,0,0,manual
238,0,motorcycle,859.56,438.34,885.46,459.06,0,0,0,0,file
238,10,car,598.41,458.37,657.98,493.34,0,0,0,0,manual
238,11,motorcycle,688.6,417.79,711.91,454.04,0,0,0,0,manual
239,0,motorcycle,860.98,439.16,886.88,459.88,0,0,0,0,file
239,10,car,598.77,459.02,658.33,493.98,0,0,0,0,manual
239,11,motorcycle,688.66,417.3,711.96,453.56,0,0,0,0,manual
240,0,motorcycle,862.41,439.98,888.31,460.7,0,0,0,0,file
240,10,car,599.12,459.67,658.69,494.63,0,0,0,0,manual
240,11,motorcycle,688.71,416.82,712.02,453.08,0,0,0,0,manual
241,0,motorcycle,863.83,440.8,889.73,461.52,0,0,0,0,file
241,10,car,599.47,460.32,659.04,495.28,0,0,0,0,manual
241,11,motorcycle,688.77,416.34,712.08,452.6,0,0,0,0,manual
242,0,motorcycle,865.25,441.62,891.15,462.34,0,0,0,0,file
242,10,car,599.82,460.96,659.39,495.93,0,0,0,0,manual
242,11,motorcycle,688.82,415.86,712.13,452.12,0,0,0,0,manual
243,0,motorcycle,866.68,442.44,892.58,463.16,0,0,0,0,file
243,10,car,600.17,461.61,659.74,496.57,0,0,0,0,manual
243,11,motorcycle,688.88,415.38,712.19,451.64,0,0,0,0,manual
244,0,motorcycle,868.1,443.26,894.0,463.98,0,0,0,0,file
244,10,car,600.52,462.26,660.09,497.22,0,0,0,0,manual
244,11,motorcycle,688.93,414.9,712.24,451.16,0,0,0,0,manual
245,0,motorcycle,869.53,444.08,895.43,464.8,0,0,0,0,file
245,10,car,600.88,462.91,660.44,497.87,0,0,0,0,manual
245,11,motorcycle,688.99,414.42,712.3,450.68,0,0,0,0,manual
246,0,motorcycle,870.95,444.9,896.85,465.62,0,0,0,0,file
246,10,car,601.23,463.55,660.8,498.52,0,0,0,0,manual
246,11,motorcycle,689.04,413.94,712.35,450.2,0,0,0,0,manual
247,0,motorcycle,872.38,445.72,898.28,466.44,0,0,0,0,file
247,10,car,601.58,464.2,661.15,499.16,0,0,0,0,manual
247,11,motorcycle,689.1,413.46,712.41,449.72,0,0,0,0,manual
248,0,motorcycle,873.8,446.54,899.7,467.26,0,0,0,0,file
248,10,car,601.93,464.85,661.5,499.81,0,0,0,0,manual
248,11,motorcycle,689.16,412.98,712.46,449.23,0,0,0,0,manual
249,0,motorcycle,875.23,447.37,901.12,468.08,0,0,0,0,file
249,10,car,602.28,465.5,661.85,500.46,0,0,0,0,manual
249,11,motorcycle,689.21,412.49,712.52,448.75,0,0,0,0,manual
250,0,motorcycle,876.65,448.19,902.55,468.91,0,0,0,0,file
250,10,car,602.63,466.14,662.2,501.11,0,0,1,0,manual
250,11,motorcycle,689.27,412.01,712.58,448.27,0,0,0,0,manual
251,0,motorcycle,878.07,449.01,903.97,469.73,0,0,0,0,file
251,10,car,602.84,465.98,662.53,501.01,0,0,0,0,manual
251,11,motorcycle,689.32,411.53,712.63,447.79,0,0,0,0,manual
252,0,motorcycle,879.5,449.83,905.4,470.55,0,0,0,0,file
252,10,car,603.06,465.81,662.86,500.92,0,0,0,0,manual
252,11,motorcycle,689.38,411.05,712.69,447.31,0,0,0,0,manual
253,0,motorcycle,880.92,450.65,906.82,471.37,0,0,0,0,file
253,10,car,603.27,465.65,663.19,500.82,0,0,0,0,manual
253,11,motorcycle,689.43,410.57,712.74,446.83,0,0,0,0,manual
254,0,motorcycle,882.35,451.47,908.25,472.19,0,0,0,0,file
254,10,car,603.48,465.48,663.52,500.73,0,0,0,0,manual
254,11,motorcycle,689.49,410.09,712.8,446.35,0,0,0,0,manual
255,0,motorcycle,883.77,452.29,909.67,473.01,0,0,0,0,file
255,10,car,603.69,465.32,663.85,500.63,0,0,0,0,manual
255,11,motorcycle,689.54,409.61,712.85,445.87,0,0,0,0,manual
256,0,motorcycle,885.2,453.11,911.1,473.83,0,0,0,0,file
256,10,car,603.9,465.15,664.18,500.54,0,0,0,0,manual
256,11,motorcycle,689.6,409.13,712.91,445.39,0,0,0,0,manual
257,0,motorcycle,886.62,453.93,912.52,474.65,0,0,0,0,file
257,10,car,604.12,464.99,664.51,500.45,0,0,0,0,manual
257,11,motorcycle,689.65,408.65,712.96,444.91,0,0,0,0,manual
258,0,motorcycle,888.04,454.75,913.94,475.47,0,0,0,0,file
258,10,car,604.33,464.82,664.84,500.35,0,0,0,0,manual
258,11,motorcycle,689.71,408.17,713.02,444.42,0,0,0,0,manual
259,0,motorcycle,889.47,455.57,915.37,476.29,0,0,0,0,file
259,10,car,604.54,464.66,665.17,500.26,0,0,0,0,manual
259,11,motorcycle,689.77,407.68,713.07,443.94,0,0,0,0,manual
260,0,motorcycle,890.89,456.39,916.79,477.11,0,0,0,0,file
260,10,car,604.75,464.49,665.5,500.16,0,0,0,0,manual
260,11,motorcycle,689.82,407.2,713.13,443.46,0,0,0,0,manual
261,0,motorcycle,892.32,457.21,918.22,477.93,0,0,0,0,file
261,10,car,604.96,464.33,665.83,500.07,0,0,0,0,manual
261,11,motorcycle,689.88,406.72,713.19,442.98,0,0,0,0,manual
262,0,motorcycle,893.74,458.03,919.64,478.75,0,0,0,0,file
262,10,car,605.18,464.16,666.16,499.97,0,0,0,0,manual
262,11,motorcycle,689.93,406.24,713.24,442.5,0,0,0,0,manual
263,0,motorcycle,895.17,458.85,921.07,479.57,0,0,0,0,file
263,10,car,605.39,464.0,666.49,499.88,0,0,0,0,manual
263,11,motorcycle,689.99,405.76,713.3,442.02,0,0,0,0,manual
264,0,motorcycle,896.59,459.67,922.49,480.39,0,0,1,0,file
264,10,car,605.6,463.84,666.82,499.78,0,0,0,0,manual
264,11,motorcycle,690.04,405.28,713.35,441.54,0,0,0,0,manual
265,0,motorcycle,898.01,460.1,923.91,480.82,0,0,0,0,file
265,10,car,605.81,463.67,667.15,499.69,0,0,0,0,manual
265,11,motorcycle,690.1,404.8,713.41,441.06,0,0,0,0,manual
266,0,motorcycle,899.44,460.53,925.34,481.25,0,0,0,0,file
266,10,car,606.02,463.51,667.48,499.6,0,0,0,0,manual
266,11,motorcycle,690.15,404.32,713.46,440.58,0,0,0,0,manual
267,0,motorcycle,900.86,460.97,926.76,481.69,0,0,0,0,file
267,10,car,606.24,463.34,667.81,499.5,0,0,0,0,manual
267,11,motorcycle,690.21,403.84,713.52,440.1,0,0,0,0,manual
268,0,motorcycle,902.29,461.4,928.19,482.12,0,0,0,0,file
268,10,car,606.45,463.18,668.14,499.41,0,0,0,0,manual
268,11,motorcycle,690.26,403.36,713.57,439.61,0,0,0,0,manual
269,0,motorcycle,903.71,461.83,929.61,482.55,0,0,0,0,file
269,10,car,606.66,463.01,668.47,499.31,0,0,0,0,manual
269,11,motorcycle,690.32,402.87,713.63,439.13,0,0,0,0,manual
270,0,motorcycle,905.14,462.26,931.04,482.98,0,0,0,0,file
270,10,car,606.87,462.85,668.8,499.22,0,0,0,0,manual
270,11,motorcycle,690.38,402.39,713.69,438.65,0,0,0,0,manual
271,0,motorcycle,906.56,462.69,932.46,483.41,0,0,0,0,file
271,10,car,607.08,462.68,669.13,499.12,0,0,0,0,manual
271,11,motorcycle,690.43,401.91,713.74,438.17,0,0,0,0,manual
272,0,motorcycle,907.98,463.12,933.88,483.84,0,0,0,0,file
272,10,car,607.29,462.52,669.46,499.03,0,0,0,0,manual
272,11,motorcycle,690.49,401.43,713.8,437.69,0,0,0,0,manual
273,0,motorcycle,909.41,463.56,935.31,484.27,0,0,0,0,file
273,10,car,607.51,462.35,669.79,498.93,0,0,0,0,manual
273,11,motorcycle,690.54,400.95,713.85,437.21,0,0,0,0,manual
274,0,motorcycle,910.83,463.99,936.73,484.71,0,0,0,0,file
274,10,car,607.72,462.19,670.12,498.84,0,0,0,0,manual
274,11,motorcycle,690.6,400.47,713.91,436.73,0,0,0,0,manual
275,0,motorcycle,912.26,464.42,938.16,485.14,0,0,0,0,file
275,10,car,607.93,462.02,670.45,498.74,0,0,0,0,manual
275,11,motorcycle,690.65,399.99,713.96,436.25,0,0,0,0,manual
276,0,motorcycle,913.68,464.85,939.58,485.57,0,0,0,0,file
276,10,car,608.14,461.86,670.78,498.65,0,0,0,0,manual
276,11,motorcycle,690.71,399.51,714.02,435.77,0,0,0,0,manual
277,0,motorcycle,915.11,465.28,941.01,486.0,0,0,0,0,file
277,10,car,608.35,461.69,671.11,498.56,0,0,0,0,manual
277,11,motorcycle,690.76,399.03,714.07,435.29,0,0,0,0,manual
278,0,motorcycle,916.53,465.71,942.43,486.43,0,0,0,0,file
278,10,car,608.57,461.53,671.44,498.46,0,0,0,0,manual
278,11,motorcycle,690.82,398.55,714.13,434.8,0,0,0,0,manual
279,0,motorcycle,917.96,466.14,943.86,486.87,0,0,0,0,file
279,10,car,608.78,461.36,671.77,498.37,0,0,0,0,manual
279,11,motorcycle,690.88,398.07,714.18,434.32,0,0,0,0,manual
280,0,motorcycle,919.38,466.58,945.28,487.3,0,0,0,0,file
280,10,car,608.99,461.2,672.1,498.27,0,0,0,0,manual
280,11,motorcycle,690.93,397.58,714.24,433.84,0,0,0,0,manual
281,0,motorcycle,920.8,467.01,946.7,487.73,0,0,0,0,file
281,10,car,609.2,461.03,672.43,498.18,0,0,0,0,manual
281,11,motorcycle,690.99,397.1,714.3,433.36,0,0,0,0,manual
282,0,motorcycle,922.23,467.44,948.13,488.16,0,0,0,0,file
282,10,car,609.41,460.87,672.76,498.08,0,0,0,0,manual
282,11,motorcycle,691.04,396.62,714.35,432.88,0,0,0,0,manual
283,0,motorcycle,923.65,467.87,949.55,488.59,0,0,0,0,file
283,10,car,609.63,460.7,673.09,497.99,0,0,0,0,manual
283,11,motorcycle,691.1,396.14,714.41,432.4,0,0,0,0,manual
284,0,motorcycle,925.08,468.3,950.98,489.02,0,0,0,0,file
284,10,car,609.84,460.54,673.42,497.89,0,0,0,0,manual
284,11,motorcycle,691.15,395.66,714.46,431.92,0,0,0,0,manual
285,0,motorcycle,926.5,468.74,952.4,489.45,0,0,0,0,file
285,10,car,610.05,460.37,673.75,497.8,0,0,0,0,manual
285,11,motorcycle,691.21,395.18,714.52,431.44,0,0,0,0,manual
286,0,motorcycle,927.93,469.17,953.83,489.89,0,0,0,0,file
286,10,car,610.26,460.21,674.08,497.71,0,0,0,0,manual
286,11,motorcycle,691.26,394.7,714.57,430.96,0,0,0,0,manual
287,0,motorcycle,929.35,469.6,955.25,490.32,0,0,0,0,file
287,10,car,610.47,460.04,674.41,497.61,0,0,0,0,manual
287,11,motorcycle,691.32,394.22,714.63,430.48,0,0,0,0,manual
288,0,motorcycle,930.77,470.03,956.67,490.75,0,0,0,0,file
288,10,car,610.69,459.88,674.74,497.52,0,0,0,0,manual
288,11,motorcycle,691.37,393.74,714.68,430.0,0,0,0,0,manual
289,0,motorcycle,932.2,470.46,958.1,491.18,0,0,0,0,file
289,10,car,610.9,459.71,675.07,497.42,0,0,0,0,manual
289,11,motorcycle,691.43,393.26,714.74,429.51,0,0,0,0,manual
290,0,motorcycle,933.62,470.89,959.52,491.61,0,0,0,0,file
290,10,car,611.11,459.55,675.4,497.33,0,0,0,0,manual
290,11,motorcycle,691.49,392.77,714.8,429.03,0,0,0,0,manual
291,0,motorcycle,935.05,471.32,960.95,492.04,0,0,0,0,file
291,10,car,611.32,459.39,675.73,497.23,0,0,0,0,manual
291,11,motorcycle,691.54,392.29,714.85,428.55,0,0,0,0,manual
292,0,motorcycle,936.47,471.76,962.37,492.48,0,0,0,0,file
292,10,car,611.53,459.22,676.06,497.14,0,0,0,0,manual
292,11,motorcycle,691.6,391.81,714.91,428.07,0,0,0,0,manual
293,0,motorcycle,937.9,472.19,963.8,492.91,0,0,0,0,file
293,10,car,611.74,459.06,676.39,497.04,0,0,0,0,manual
293,11,motorcycle,691.65,391.33,714.96,427.59,0,0,0,0,manual
294,0,motorcycle,939.32,472.62,965.22,493.34,0,0,1,0,file
294,10,car,611.96,458.89,676.72,496.95,0,0,0,0,manual
294,11,motorcycle,691.71,390.85,715.02,427.11,0,0,0,0,manual
295,0,motorcycle,940.87,472.75,966.77,493.47,0,0,0,0,file
295,10,car,612.17,458.73,677.05,496.86,0,0,0,0,manual
295,11,motorcycle,691.76,390.37,715.07,426.63,0,0,0,0,manual
296,0,motorcycle,942.43,472.88,968.33,493.6,0,0,0,0,file
296,10,car,612.38,458.56,677.38,496.76,0,0,0,0,manual
296,11,motorcycle,691.82,389.89,715.13,426.15,0,0,0,0,manual
297,0,motorcycle,943.98,473.01,969.88,493.73,0,0,0,0,file
297,10,car,612.59,458.4,677.72,496.67,0,0,0,0,manual
297,11,motorcycle,691.87,389.41,715.18,425.67,0,0,0,0,manual
298,0,motorcycle,945.54,473.14,971.44,493.86,0,0,0,0,file
298,10,car,612.8,458.23,678.05,496.57,0,0,0,0,manual
298,11,motorcycle,691.93,388.93,715.24,425.19,0,0,0,0,manual
299,0,motorcycle,947.09,473.27,972.99,493.99,0,0,0,0,file
299,10,car,613.02,458.07,678.38,496.48,0,0,0,0,manual
299,11,motorcycle,691.99,388.45,715.29,424.7,0,0,1,0,manual
300,0,motorcycle,948.64,473.4,974.54,494.12,0,0,0,0,file
300,10,car,613.23,457.9,678.71,496.38,0,0,0,0,manual
300,11,motorcycle,691.93,387.54,715.24,423.8,0,0,0,0,manual
301,0,motorcycle,950.2,473.53,976.1,494.25,0,0,0,0,file
301,10,car,613.44,457.74,679.04,496.29,0,0,0,0,manual
301,11,motorcycle,691.88,386.63,715.19,422.89,0,0,0,0,manual
302,0,motorcycle,951.75,473.66,977.65,494.38,0,0,0,0,file
302,10,car,613.65,457.57,679.37,496.19,0,0,0,0,manual
302,11,motorcycle,691.83,385.73,715.14,421.98,0,0,0,0,manual
303,0,motorcycle,953.31,473.79,979.21,494.51,0,0,0,0,file
303,10,car,613.86,457.41,679.7,496.1,0,0,0,0,manual
303,11,motorcycle,691.78,384.82,715.09,421.08,0,0,0,0,manual
304,0,motorcycle,954.86,473.92,980.76,494.63,0,0,0,0,file
304,10,car,614.08,457.24,680.03,496.01,0,0,0,0,manual
304,11,motorcycle,691.73,383.91,715.04,420.17,0,0,0,0,manual
305,0,motorcycle,956.41,474.04,982.31,494.76,0,0,0,0,file
305,10,car,614.29,457.08,680.36,495.91,0,0,0,0,manual
305,11,motorcycle,691.67,383.01,714.98,419.27,0,0,0,0,manual
306,0,motorcycle,957.97,474.17,983.87,494.89,0,0,0,0,file
306,10,car,614.5,456.91,680.69,495.82,0,0,0,0,manual
306,11,motorcycle,691.62,382.1,714.93,418.36,0,0,0,0,manual
307,0,motorcycle,959.52,474.3,985.42,495.02,0,0,0,0,file
307,10,car,614.71,456.75,681.02,495.72,0,0,0,0,manual
307,11,motorcycle,691.57,381.19,714.88,417.45,0,0,0,0,manual
308,0,motorcycle,961.08,474.43,986.98,495.15,0,0,0,0,file
308,10,car,614.92,456.58,681.35,495.63,0,0,0,0,manual
308,11,motorcycle,691.52,380.29,714.83,416.55,0,0,0,0,manual
309,0,motorcycle,962.63,474.56,988.53,495.28,0,0,0,0,file
309,10,car,615.14,456.42,681.68,495.53,0,0,0,0,manual
309,11,motorcycle,691.47,379.38,714.78,415.64,0,0,0,0,manual
310,0,motorcycle,964.18,474.69,990.08,495.41,0,0,0,0,file
310,10,car,615.35,456.25,682.01,495.44,0,0,0,0,manual
310,11,motorcycle,691.42,378.47,714.72,414.73,0,0,0,0,manual
311,0,motorcycle,965.74,474.82,991.64,495.54,0,0,0,0,file
311,10,car,615.56,456.09,682.34,495.34,0,0,0,0,manual
311,11,motorcycle,691.36,377.57,714.67,413.83,0,0,0,0,manual
312,0,motorcycle,967.29,474.95,993.19,495.67,0,0,0,0,file
312,10,car,615.77,455.92,682.67,495.25,0,0,0,0,manual
312,11,motorcycle,691.31,376.66,714.62,412.92,0,0,0,0,manual
313,0,motorcycle,968.85,475.08,994.75,495.8,0,0,0,0,file
313,10,car,615.98,455.76,683.0,495.16,0,0,0,0,manual
313,11,motorcycle,691.26,375.75,714.57,412.01,0,0,0,0,manual
314,0,motorcycle,970.4,475.21,996.3,495.93,0,0,0,0,file
314,10,car,616.19,455.59,683.33,495.06,0,0,0,0,manual
314,11,motorcycle,691.21,374.85,714.52,411.11,0,0,0,0,manual
315,0,motorcycle,971.95,475.34,997.85,496.06,0,0,0,0,file
315,10,car,616.41,455.43,683.66,494.97,0,0,0,0,manual
315,11,motorcycle,691.16,373.94,714.47,410.2,0,0,0,0,manual
316,0,motorcycle,973.51,475.47,999.41,496.19,0,0,0,0,file
316,10,car,616.62,455.26,683.99,494.87,0,0,0,0,manual
316,11,motorcycle,691.1,373.04,714.41,409.29,0,0,0,0,manual
317,0,motorcycle,975.06,475.6,1000.96,496.32,0,0,0,0,file
317,10,car,616.83,455.1,684.32,494.78,0,0,0,0,manual
317,11,motorcycle,691.05,372.13,714.36,408.39,0,0,0,0,manual
318,0,motorcycle,976.62,475.73,1002.52,496.45,0,0,0,0,file
318,10,car,617.04,454.94,684.65,494.68,0,0,0,0,manual
318,11,motorcycle,691.0,371.22,714.31,407.48,0,0,0,0,manual
319,0,motorcycle,978.17,475.86,1004.07,496.58,0,0,0,0,file
319,10,car,617.25,454.77,684.98,494.59,0,0,0,0,manual
319,11,motorcycle,690.95,370.32,714.26,406.58,0,0,0,0,manual
320,0,motorcycle,979.72,475.99,1005.62,496.71,0,0,0,0,file
320,10,car,617.47,454.61,685.31,494.49,0,0,0,0,manual
320,11,motorcycle,690.9,369.41,714.21,405.67,0,0,0,0,manual
321,0,motorcycle,981.28,476.12,1007.18,496.84,0,0,0,0,file
321,10,car,617.68,454.44,685.64,494.4,0,0,0,0,manual
321,11,motorcycle,690.85,368.5,714.16,404.76,0,0,0,0,manual
322,0,motorcycle,982.83,476.25,1008.73,496.97,0,0,0,0,file
322,10,car,617.89,454.28,685.97,494.3,0,0,0,0,manual
322,11,motorcycle,690.79,367.6,714.1,403.86,0,0,0,0,manual
323,0,motorcycle,984.39,476.38,1010.29,497.1,0,0,0,0,file
323,10,car,618.1,454.11,686.3,494.21,0,0,0,0,manual
323,11,motorcycle,690.74,366.69,714.05,402.95,0,0,0,0,manual
324,0,motorcycle,985.94,476.5,1011.84,497.22,0,0,0,0,file
324,10,car,618.31,453.95,686.63,494.12,0,0,0,0,manual
324,11,motorcycle,690.69,365.78,714.0,402.04,0,0,0,0,manual
325,0,motorcycle,987.49,476.63,1013.39,497.35,0,0,0,0,file
325,10,car,618.53,453.78,686.96,494.02,0,0,0,0,manual
325,11,motorcycle,690.64,364.88,713.95,401.14,0,0,0,0,manual
326,0,motorcycle,989.05,476.76,1014.95,497.48,0,0,0,0,file
326,10,car,618.74,453.62,687.29,493.93,0,0,0,0,manual
326,11,motorcycle,690.59,363.97,713.9,400.23,0,0,0,0,manual
327,0,motorcycle,990.6,476.89,1016.5,497.61,0,0,0,0,file
327,10,car,618.95,453.45,687.62,493.83,0,0,0,0,manual
327,11,motorcycle,690.54,363.06,713.84,399.32,0,0,0,0,manual
328,0,motorcycle,992.16,477.02,1018.06,497.74,0,0,0,0,file
328,10,car,619.16,453.29,687.95,493.74,0,0,0,0,manual
328,11,motorcycle,690.48,362.16,713.79,398.42,0,0,0,0,manual
329,0,motorcycle,993.71,477.15,1019.61,497.87,0,0,0,0,file
329,10,car,619.37,453.12,688.28,493.64,0,0,0,0,manual
329,11,motorcycle,690.43,361.25,713.74,397.51,0,0,0,0,manual
330,0,motorcycle,995.26,477.28,1021.16,498.0,0,0,0,0,file
330,10,car,619.59,452.96,688.61,493.55,0,0,0,0,manual
330,11,motorcycle,690.38,360.34,713.69,396.6,0,0,0,0,manual
331,0,motorcycle,996.82,477.41,1022.72,498.13,0,0,0,0,file
331,10,car,619.8,452.79,688.94,493.45,0,0,0,0,manual
331,11,motorcycle,690.33,359.44,713.64,395.7,0,0,0,0,manual
332,0,motorcycle,998.37,477.54,1024.27,498.26,0,0,0,0,file
332,10,car,620.01,452.63,689.27,493.36,0,0,0,0,manual
332,11,motorcycle,690.28,358.53,713.59,394.79,0,0,0,0,manual
333,0,motorcycle,999.93,477.67,1025.83,498.39,0,0,0,0,file
333,10,car,620.22,452.46,689.6,493.27,0,0,0,0,manual
333,11,motorcycle,690.22,357.63,713.53,393.88,0,0,0,0,manual
334,0,motorcycle,1001.48,477.8,1027.38,498.52,0,0,1,0,file
334,10,car,620.43,452.3,689.93,493.17,0,0,0,0,manual
334,11,motorcycle,690.17,356.72,713.48,392.98,0,0,0,0,manual
335,0,motorcycle,1002.82,478.15,1028.72,498.87,0,0,0,0,file
335,10,car,620.64,452.13,690.26,493.08,0,0,0,0,manual
335,11,motorcycle,690.12,355.81,713.43,392.07,0,0,0,0,manual
336,0,motorcycle,1004.16,478.49,1030.06,499.21,0,0,0,0,file
336,10,car,620.86,451.97,690.59,492.98,0,0,0,0,manual
336,11,motorcycle,690.07,354.91,713.38,391.17,0,0,0,0,manual
337,0,motorcycle,1005.5,478.84,1031.39,499.56,0,0,0,0,file
337,10,car,621.07,451.8,690.92,492.89,0,0,0,0,manual
337,11,motorcycle,690.02,354.0,713.33,390.26,0,0,0,0,manual
338,0,motorcycle,1006.83,479.18,1032.73,499.9,0,0,0,0,file
338,10,car,621.28,451.64,691.25,492.79,0,0,0,0,manual
338,11,motorcycle,689.97,353.09,713.27,389.35,0,0,0,0,manual
339,0,motorcycle,1008.17,479.53,1034.07,500.25,0,0,0,0,file
339,10,car,621.49,451.47,691.58,492.7,0,0,0,0,manual
339,11,motorcycle,689.91,352.19,713.22,388.45,0,0,0,0,manual
340,0,motorcycle,1009.51,479.87,1035.41,500.59,0,0,0,0,file
340,10,car,621.7,451.31,691.91,492.6,0,0,0,0,manual
340,11,motorcycle,689.86,351.28,713.17,387.54,0,0,0,0,manual
341,0,motorcycle,1010.85,480.22,1036.75,500.94,0,0,0,0,file
341,10,car,621.92,451.14,692.24,492.51,0,0,0,0,manual
341,11,motorcycle,689.81,350.37,713.12,386.63,0,0,0,0,manual
342,0,motorcycle,1012.19,480.56,1038.09,501.28,0,0,0,0,file
342,10,car,622.13,450.98,692.57,492.42,0,0,0,0,manual
342,11,motorcycle,689.76,349.47,713.07,385.73,0,0,0,0,manual
343,0,motorcycle,1013.53,480.91,1039.43,501.63,0,0,0,0,file
343,10,car,622.34,450.81,692.9,492.32,0,0,0,0,manual
343,11,motorcycle,689.71,348.56,713.02,384.82,0,0,0,0,manual
344,0,motorcycle,1014.86,481.25,1040.76,501.97,0,0,0,0,file
344,10,car,622.55,450.65,693.23,492.23,0,0,0,0,manual
344,11,motorcycle,689.65,347.65,712.96,383.91,0,0,0,0,manual
345,0,motorcycle,1016.2,481.6,1042.1,502.32,0,0,0,0,file
345,10,car,622.76,450.48,693.56,492.13,0,0,0,0,manual
345,11,motorcycle,689.6,346.75,712.91,383.01,0,0,0,0,manual
346,0,motorcycle,1017.54,481.94,1043.44,502.66,0,0,0,0,file
346,10,car,622.98,450.32,693.89,492.04,0,0,0,0,manual
346,11,motorcycle,689.55,345.84,712.86,382.1,0,0,0,0,manual
347,0,motorcycle,1018.88,482.29,1044.78,503.01,0,0,0,0,file
347,10,car,623.19,450.16,694.22,491.94,0,0,0,0,manual
347,11,motorcycle,689.5,344.94,712.81,381.19,0,0,0,0,manual
348,0,motorcycle,1020.22,482.63,1046.12,503.35,0,0,0,0,file
348,10,car,623.4,449.99,694.55,491.85,0,0,0,0,manual
348,11,motorcycle,689.45,344.03,712.76,380.29,0,0,0,0,manual
349,0,motorcycle,1021.56,482.98,1047.45,503.7,0,0,0,0,file
349,10,car,623.61,449.83,694.88,491.75,0,0,0,0,manual
349,11,motorcycle,689.4,343.12,712.7,379.38,0,0,1,0,manual
350,0,motorcycle,1022.89,483.33,1048.79,504.05,0,0,0,0,file
350,10,car,623.82,449.66,695.21,491.66,0,0,0,0,manual
350,11,motorcycle,689.4,343.12,712.7,379.38,1,0,1,0,manual
351,0,motorcycle,1024.23,483.67,1050.13,504.39,0,0,0,0,file
351,10,car,624.04,449.5,695.54,491.57,0,0,0,0,manual
352,0,motorcycle,1025.57,484.02,1051.47,504.74,0,0,0,0,file
352,10,car,624.25,449.33,695.87,491.47,0,0,0,0,manual
353,0,motorcycle,1026.91,484.36,1052.81,505.08,0,0,0,0,file
353,10,car,624.46,449.17,696.2,491.38,0,0,0,0,manual
354,0,motorcycle,1028.25,484.71,1054.15,505.43,0,0,0,0,file
354,10,car,624.67,449.0,696.53,491.28,0,0,0,0,manual
355,0,motorcycle,1029.59,485.05,1055.48,505.77,0,0,0,0,file
355,10,car,624.88,448.84,696.86,491.19,0,0,0,0,manual
356,0,motorcycle,1030.92,485.4,1056.82,506.12,0,0,0,0,file
356,10,car,625.09,448.67,697.19,491.09,0,0,0,0,manual
357,0,motorcycle,1032.26,485.74,1058.16,506.46,0,0,0,0,file
357,10,car,625.31,448.51,697.52,491.0,0,0,0,0,manual
358,0,motorcycle,1033.6,486.09,1059.5,506.81,0,0,0,0,file
358,10,car,625.52,448.34,697.85,490.9,0,0,0,0,manual
359,0,motorcycle,1034.94,486.43,1060.84,507.15,0,0,0,0,file
359,10,car,625.73,448.18,698.18,490.81,0,0,0,0,manual
360,0,motorcycle,1036.28,486.78,1062.18,507.5,0,0,0,0,file
360,10,car,625.94,448.01,698.51,490.72,0,0,1,0,manual
361,0,motorcycle,1037.62,487.12,1063.51,507.84,0,0,0,0,file
361,10,car,625.94,448.01,698.51,490.72,0,0,0,0,manual
362,0,motorcycle,1038.95,487.47,1064.85,508.19,0,0,0,0,file
362,10,car,625.94,448.01,698.51,490.72,0,0,0,0,manual
363,0,motorcycle,1040.29,487.81,1066.19,508.53,0,0,0,0,file
363,10,car,625.94,448.01,698.51,490.72,0,0,0,0,manual
364,0,motorcycle,1041.63,488.16,1067.53,508.88,0,0,1,0,file
364,10,car,625.94,448.01,698.51,490.72,0,0,0,0,manual
365,0,motorcycle,1042.99,488.48,1068.89,509.2,0,0,0,0,file
365,10,car,625.94,448.01,698.51,490.72,0,0,0,0,manual
366,0,motorcycle,1044.35,488.81,1070.25,509.53,0,0,0,0,file
366,10,car,625.94,448.01,698.51,490.72,0,0,0,0,manual
367,0,motorcycle,1045.71,489.13,1071.61,509.85,0,0,0,0,file
367,10,car,625.94,448.01,698.51,490.72,0,0,0,0,manual
368,0,motorcycle,1047.07,489.45,1072.97,510.17,0,0,0,0,file
368,10,car,625.94,448.01,698.51,490.72,0,0,0,0,manual
369,0,motorcycle,1048.43,489.78,1074.33,510.5,0,0,0,0,file
369,10,car,625.94,448.01,698.51,490.72,0,0,0,0,manual
370,0,motorcycle,1049.79,490.1,1075.69,510.82,0,0,0,0,file
370,10,car,625.94,448.01,698.51,490.72,0,0,0,0,manual
371,0,motorcycle,1051.15,490.42,1077.05,511.14,0,0,0,0,file
371,10,car,625.94,448.01,698.51,490.72,0,0,0,0,manual
372,0,motorcycle,1052.51,490.75,1078.41,511.47,0,0,0,0,file
372,10,car,625.94,448.01,698.51,490.72,0,0,0,0,manual
373,0,motorcycle,1053.87,491.07,1079.77,511.79,0,0,0,0,file
373,10,car,625.94,448.01,698.51,490.72,1,0,1,0,manual
374,0,motorcycle,1055.22,491.39,1081.12,512.12,0,0,0,0,file
375,0,motorcycle,1056.58,491.72,1082.48,512.44,0,0,0,0,file
376,0,motorcycle,1057.94,492.04,1083.84,512.76,0,0,0,0,file
377,0,motorcycle,1059.3,492.37,1085.2,513.09,0,0,0,0,file
378,0,motorcycle,1060.66,492.69,1086.56,513.41,0,0,0,0,file
379,0,motorcycle,1062.02,493.01,1087.92,513.73,0,0,0,0,file
380,0,motorcycle,1063.38,493.34,1089.28,514.06,0,0,0,0,file
381,0,motorcycle,1064.74,493.66,1090.64,514.38,0,0,0,0,file
382,0,motorcycle,1066.1,493.98,1092.0,514.7,0,0,0,0,file
383,0,motorcycle,1067.46,494.31,1093.36,515.03,0,0,0,0,file
384,0,motorcycle,1068.82,494.63,1094.72,515.35,0,0,1,0,file
385,0,motorcycle,1070.24,494.89,1096.14,515.61,0,0,0,0,file
386,0,motorcycle,1071.67,495.15,1097.57,515.87,0,0,0,0,file
387,0,motorcycle,1073.09,495.41,1098.99,516.13,0,0,0,0,file
388,0,motorcycle,1074.52,495.67,1100.42,516.39,0,0,0,0,file
389,0,motorcycle,1075.94,495.93,1101.84,516.64,0,0,0,0,file
390,0,motorcycle,1077.37,496.18,1103.27,516.9,0,0,0,0,file
391,0,motorcycle,1078.79,496.44,1104.69,517.16,0,0,0,0,file
392,0,motorcycle,1080.21,496.7,1106.11,517.42,0,0,0,0,file
393,0,motorcycle,1081.64,496.96,1107.54,517.68,0,0,0,0,file
394,0,motorcycle,1083.06,497.22,1108.96,517.94,0,0,0,0,file
395,0,motorcycle,1084.49,497.48,1110.39,518.2,0,0,0,0,file
396,0,motorcycle,1085.91,497.74,1111.81,518.46,0,0,0,0,file
397,0,motorcycle,1087.34,498.0,1113.24,518.72,0,0,0,0,file
398,0,motorcycle,1088.76,498.26,1114.66,518.98,0,0,0,0,file
399,0,motorcycle,1090.18,498.51,1116.09,519.24,0,0,0,0,file
400,0,motorcycle,1091.61,498.77,1117.51,519.49,0,0,0,0,file
401,0,motorcycle,1093.03,499.03,1118.93,519.75,0,0,0,0,file
402,0,motorcycle,1094.46,499.29,1120.36,520.01,0,0,0,0,file
403,0,motorcycle,1095.88,499.55,1121.78,520.27,0,0,0,0,file
404,0,motorcycle,1097.31,499.81,1123.21,520.53,0,0,0,0,file
405,0,motorcycle,1098.73,500.07,1124.63,520.79,0,0,0,0,file
406,0,motorcycle,1100.16,500.33,1126.06,521.05,0,0,0,0,file
407,0,motorcycle,1101.58,500.59,1127.48,521.31,0,0,0,0,file
408,0,motorcycle,1103.0,500.85,1128.9,521.57,0,0,0,0,file
409,0,motorcycle,1104.43,501.1,1130.33,521.83,0,0,0,0,file
410,0,motorcycle,1105.85,501.36,1131.75,522.08,0,0,0,0,file
411,0,motorcycle,1107.28,501.62,1133.18,522.34,0,0,0,0,file
412,0,motorcycle,1108.7,501.88,1134.6,522.6,0,0,0,0,file
413,0,motorcycle,1110.13,502.14,1136.03,522.86,0,0,0,0,file
414,0,motorcycle,1111.55,502.4,1137.45,523.12,0,0,1,0,file
415,0,motorcycle,1112.89,502.75,1138.79,523.47,0,0,0,0,file
416,0,motorcycle,1114.23,503.09,1140.13,523.81,0,0,0,0,file
417,0,motorcycle,1115.57,503.44,1141.47,524.16,0,0,0,0,file
418,0,motorcycle,1116.9,503.78,1142.8,524.5,0,0,0,0,file
419,0,motorcycle,1118.24,504.13,1144.14,524.85,0,0,0,0,file
420,0,motorcycle,1119.58,504.47,1145.48,525.19,0,0,0,0,file
421,0,motorcycle,1120.92,504.82,1146.82,525.54,0,0,0,0,file
422,0,motorcycle,1122.26,505.16,1148.16,525.88,0,0,0,0,file
423,0,motorcycle,1123.6,505.51,1149.49,526.23,0,0,0,0,file
424,0,motorcycle,1124.93,505.85,1150.83,526.57,0,0,0,0,file
425,0,motorcycle,1126.27,506.2,1152.17,526.92,0,0,0,0,file
426,0,motorcycle,1127.61,506.54,1153.51,527.26,0,0,0,0,file
427,0,motorcycle,1128.95,506.89,1154.85,527.61,0,0,0,0,file
428,0,motorcycle,1130.29,507.23,1156.19,527.95,0,0,0,0,file
429,0,motorcycle,1131.62,507.58,1157.53,528.3,0,0,0,0,file
430,0,motorcycle,1132.96,507.93,1158.86,528.65,0,0,0,0,file
431,0,motorcycle,1134.3,508.27,1160.2,528.99,0,0,0,0,file
432,0,motorcycle,1135.64,508.62,1161.54,529.34,0,0,0,0,file
433,0,motorcycle,1136.98,508.96,1162.88,529.68,0,0,0,0,file
434,0,motorcycle,1138.32,509.31,1164.22,530.03,0,0,0,0,file
435,0,motorcycle,1139.65,509.65,1165.55,530.37,0,0,0,0,file
436,0,motorcycle,1140.99,510.0,1166.89,530.72,0,0,0,0,file
437,0,motorcycle,1142.33,510.34,1168.23,531.06,0,0,0,0,file
438,0,motorcycle,1143.67,510.69,1169.57,531.41,0,0,0,0,file
439,0,motorcycle,1145.01,511.03,1170.91,531.75,0,0,0,0,file
440,0,motorcycle,1146.35,511.38,1172.25,532.1,0,0,0,0,file
441,0,motorcycle,1147.68,511.72,1173.59,532.44,0,0,0,0,file
442,0,motorcycle,1149.02,512.07,1174.92,532.79,0,0,0,0,file
443,0,motorcycle,1150.36,512.41,1176.26,533.13,0,0,0,0,file
444,0,motorcycle,1151.7,512.76,1177.6,533.48,0,0,1,0,file
445,0,motorcycle,1153.06,513.05,1178.96,533.77,0,0,0,0,file
446,0,motorcycle,1154.42,513.34,1180.32,534.06,0,0,0,0,file
447,0,motorcycle,1155.78,513.63,1181.68,534.35,0,0,0,0,file
448,0,motorcycle,1157.14,513.93,1183.04,534.65,0,0,0,0,file
449,0,motorcycle,1158.5,514.22,1184.4,534.94,0,0,0,0,file
450,0,motorcycle,1159.86,514.51,1185.76,535.23,0,0,0,0,file
451,0,motorcycle,1161.22,514.8,1187.12,535.52,0,0,0,0,file
452,0,motorcycle,1162.58,515.09,1188.48,535.81,0,0,0,0,file
453,0,motorcycle,1163.94,515.38,1189.84,536.1,0,0,0,0,file
454,0,motorcycle,1165.3,515.67,1191.2,536.39,0,0,0,0,file
455,0,motorcycle,1166.66,515.97,1192.56,536.69,0,0,0,0,file
456,0,motorcycle,1168.02,516.26,1193.92,536.98,0,0,0,0,file
457,0,motorcycle,1169.38,516.55,1195.28,537.27,0,0,0,0,file
458,0,motorcycle,1170.74,516.84,1196.64,537.56,0,0,0,0,file
459,0,motorcycle,1172.1,517.13,1198.0,537.85,0,0,0,0,file
460,0,motorcycle,1173.46,517.42,1199.36,538.14,0,0,0,0,file
461,0,motorcycle,1174.82,517.72,1200.72,538.44,0,0,0,0,file
462,0,motorcycle,1176.18,518.01,1202.08,538.73,0,0,0,0,file
463,0,motorcycle,1177.54,518.3,1203.44,539.02,0,0,0,0,file
464,0,motorcycle,1178.89,518.59,1204.8,539.31,0,0,0,0,file
465,0,motorcycle,1180.25,518.88,1206.15,539.6,0,0,0,0,file
466,0,motorcycle,1181.61,519.17,1207.51,539.89,0,0,0,0,file
467,0,motorcycle,1182.97,519.46,1208.87,540.18,0,0,0,0,file
468,0,motorcycle,1184.33,519.76,1210.23,540.48,0,0,0,0,file
469,0,motorcycle,1185.69,520.05,1211.59,540.77,0,0,0,0,file
470,0,motorcycle,1187.05,520.34,1212.95,541.06,0,0,0,0,file
471,0,motorcycle,1188.41,520.63,1214.31,541.35,0,0,0,0,file
472,0,motorcycle,1189.77,520.92,1215.67,541.64,0,0,0,0,file
473,0,motorcycle,1191.13,521.21,1217.03,541.93,0,0,0,0,file
474,0,motorcycle,1192.49,521.5,1218.39,542.23,0,0,0,0,file
475,0,motorcycle,1193.85,521.8,1219.75,542.52,0,0,0,0,file
476,0,motorcycle,1195.21,522.09,1221.11,542.81,0,0,0,0,file
477,0,motorcycle,1196.57,522.38,1222.47,543.1,0,0,0,0,file
478,0,motorcycle,1197.93,522.67,1223.83,543.39,0,0,0,0,file
479,0,motorcycle,1199.29,522.96,1225.19,543.68,0,0,0,0,file
480,0,motorcycle,1200.65,523.25,1226.55,543.97,0,0,0,0,file
481,0,motorcycle,1202.01,523.55,1227.91,544.27,0,0,0,0,file
482,0,motorcycle,1203.37,523.84,1229.27,544.56,0,0,0,0,file
483,0,motorcycle,1204.73,524.13,1230.63,544.85,0,0,0,0,file
484,0,motorcycle,1206.09,524.42,1231.99,545.14,0,0,1,0,file
485,0,motorcycle,1207.43,524.23,1233.33,544.95,0,0,0,0,file
486,0,motorcycle,1208.77,524.03,1234.67,544.75,0,0,0,0,file
487,0,motorcycle,1210.1,523.84,1236.0,544.56,0,0,0,0,file
488,0,motorcycle,1211.44,523.64,1237.34,544.36,0,0,0,0,file
489,0,motorcycle,1212.78,523.45,1238.68,544.17,0,0,0,0,file
490,0,motorcycle,1214.12,523.25,1240.02,543.97,0,0,0,0,file
491,0,motorcycle,1215.46,523.06,1241.36,543.78,0,0,0,0,file
492,0,motorcycle,1216.8,522.87,1242.69,543.59,0,0,0,0,file
493,0,motorcycle,1218.13,522.67,1244.03,543.39,0,0,0,0,file
494,0,motorcycle,1219.47,522.48,1245.37,543.2,0,0,0,0,file
495,0,motorcycle,1220.81,522.28,1246.71,543.0,0,0,0,0,file
496,0,motorcycle,1222.15,522.09,1248.05,542.81,0,0,0,0,file
497,0,motorcycle,1223.49,521.89,1249.38,542.61,0,0,0,0,file
498,0,motorcycle,1224.82,521.7,1250.72,542.42,0,0,0,0,file
499,0,motorcycle,1226.16,521.5,1252.06,542.23,0,0,0,0,file
500,0,motorcycle,1227.5,521.31,1253.4,542.03,0,0,0,0,file
501,0,motorcycle,1228.84,521.12,1254.74,541.84,0,0,0,0,file
502,0,motorcycle,1230.18,520.92,1256.07,541.64,0,0,0,0,file
503,0,motorcycle,1231.52,520.73,1257.41,541.45,0,0,0,0,file
504,0,motorcycle,1232.85,520.53,1258.75,541.25,0,0,0,0,file
505,0,motorcycle,1234.19,520.34,1260.09,541.06,0,0,0,0,file
506,0,motorcycle,1235.53,520.14,1261.43,540.86,0,0,0,0,file
507,0,motorcycle,1236.87,519.95,1262.76,540.67,0,0,0,0,file
508,0,motorcycle,1238.21,519.76,1264.1,540.48,0,0,0,0,file
509,0,motorcycle,1239.54,519.56,1265.44,540.28,0,0,0,0,file
510,0,motorcycle,1240.88,519.37,1266.78,540.09,0,0,0,0,file
511,0,motorcycle,1242.22,519.17,1268.12,539.89,0,0,0,0,file
512,0,motorcycle,1243.56,518.98,1269.45,539.7,0,0,0,0,file
513,0,motorcycle,1244.9,518.78,1270.79,539.5,0,0,0,0,file
514,0,motorcycle,1246.24,518.59,1272.13,539.31,0,0,0,0,file
515,0,motorcycle,1247.57,518.4,1273.47,539.12,0,0,0,0,file
516,0,motorcycle,1248.91,518.2,1274.81,538.92,0,0,0,0,file
517,0,motorcycle,1250.25,518.01,1276.14,538.73,0,0,0,0,file
518,0,motorcycle,1251.59,517.81,1277.48,538.53,0,0,0,0,file
519,0,motorcycle,1252.93,517.62,1278.82,538.34,0,0,0,0,file
520,0,motorcycle,1254.26,517.42,1280.16,538.14,0,0,0,0,file
521,0,motorcycle,1255.6,517.23,1281.5,537.95,0,0,0,0,file
522,0,motorcycle,1256.94,517.04,1282.83,537.76,0,0,0,0,file
523,0,motorcycle,1258.28,516.84,1284.17,537.56,0,0,0,0,file
524,0,motorcycle,1259.62,516.65,1285.51,537.37,0,0,0,0,file
525,0,motorcycle,1260.95,516.45,1286.85,537.17,0,0,0,0,file
526,0,motorcycle,1262.29,516.26,1288.19,536.98,0,0,0,0,file
527,0,motorcycle,1263.63,516.06,1289.52,536.78,0,0,0,0,file
528,0,motorcycle,1264.97,515.87,1290.86,536.59,0,0,0,0,file
529,0,motorcycle,1266.31,515.67,1292.2,536.39,0,0,0,0,file
530,0,motorcycle,1267.65,515.48,1293.54,536.2,0,0,0,0,file
531,0,motorcycle,1268.98,515.29,1294.88,536.01,0,0,0,0,file
532,0,motorcycle,1270.32,515.09,1296.21,535.81,0,0,0,0,file
533,0,motorcycle,1271.66,514.9,1297.55,535.62,0,0,0,0,file
534,0,motorcycle,1273.0,514.7,1298.89,535.42,0,0,0,0,file
535,0,motorcycle,1274.34,514.51,1300.23,535.23,0,0,0,0,file
536,0,motorcycle,1275.67,514.31,1301.57,535.03,0,0,0,0,file
537,0,motorcycle,1277.01,514.12,1302.9,534.84,0,0,0,0,file
538,0,motorcycle,1278.35,513.93,1304.24,534.65,0,0,0,0,file
539,0,motorcycle,1279.69,513.73,1305.58,534.45,0,0,0,0,file
540,0,motorcycle,1281.03,513.54,1306.92,534.26,0,0,0,0,file
541,0,motorcycle,1282.37,513.34,1308.26,534.06,0,0,0,0,file
542,0,motorcycle,1283.7,513.15,1309.59,533.87,0,0,0,0,file
543,0,motorcycle,1285.04,512.95,1310.93,533.67,0,0,0,0,file
544,0,motorcycle,1286.38,512.76,1312.27,533.48,0,0,1,0,file
545,0,motorcycle,1287.89,512.92,1313.78,533.64,0,0,0,0,file
546,0,motorcycle,1289.4,513.08,1315.29,533.8,0,0,0,0,file
547,0,motorcycle,1290.91,513.24,1316.8,533.96,0,0,0,0,file
548,0,motorcycle,1292.42,513.39,1318.31,534.11,0,0,0,0,file
549,0,motorcycle,1293.93,513.55,1319.82,534.27,0,0,0,0,file
550,0,motorcycle,1295.44,513.71,1321.33,534.43,0,0,0,0,file
551,0,motorcycle,1296.96,513.87,1322.85,534.59,0,0,0,0,file
552,0,motorcycle,1298.47,514.03,1324.36,534.75,0,0,0,0,file
553,0,motorcycle,1299.98,514.18,1325.87,534.9,0,0,0,0,file
554,0,motorcycle,1301.49,514.34,1327.38,535.06,0,0,0,0,file
555,0,motorcycle,1303.0,514.5,1328.89,535.22,0,0,0,0,file
556,0,motorcycle,1304.51,514.66,1330.4,535.38,0,0,0,0,file
557,0,motorcycle,1306.02,514.82,1331.91,535.54,0,0,0,0,file
558,0,motorcycle,1307.53,514.98,1333.42,535.7,0,0,0,0,file
559,0,motorcycle,1309.04,515.13,1334.93,535.86,0,0,0,0,file
560,0,motorcycle,1310.55,515.29,1336.44,536.01,0,0,0,0,file
561,0,motorcycle,1312.06,515.45,1337.95,536.17,0,0,0,0,file
562,0,motorcycle,1313.57,515.61,1339.46,536.33,0,0,0,0,file
563,0,motorcycle,1315.08,515.77,1340.97,536.49,0,0,0,0,file
564,0,motorcycle,1316.6,515.93,1342.49,536.65,0,0,0,0,file
565,0,motorcycle,1318.11,516.09,1344.0,536.81,0,0,0,0,file
566,0,motorcycle,1319.62,516.24,1345.51,536.96,0,0,0,0,file
567,0,motorcycle,1321.13,516.4,1347.02,537.12,0,0,0,0,file
568,0,motorcycle,1322.64,516.56,1348.53,537.28,0,0,0,0,file
569,0,motorcycle,1324.15,516.72,1350.04,537.44,0,0,0,0,file
570,0,motorcycle,1325.66,516.88,1351.55,537.6,0,0,0,0,file
571,0,motorcycle,1327.17,517.03,1353.06,537.75,0,0,0,0,file
572,0,motorcycle,1328.68,517.19,1354.57,537.91,0,0,0,0,file
573,0,motorcycle,1330.19,517.35,1356.08,538.07,0,0,0,0,file
574,0,motorcycle,1331.7,517.51,1357.59,538.23,0,0,0,0,file
575,0,motorcycle,1333.21,517.67,1359.1,538.39,0,0,0,0,file
576,0,motorcycle,1334.72,517.83,1360.61,538.55,0,0,0,0,file
577,0,motorcycle,1336.24,517.99,1362.13,538.71,0,0,0,0,file
578,0,motorcycle,1337.75,518.14,1363.64,538.86,0,0,0,0,file
579,0,motorcycle,1339.26,518.3,1365.15,539.02,0,0,0,0,file
580,0,motorcycle,1340.77,518.46,1366.66,539.18,0,0,0,0,file
581,0,motorcycle,1342.28,518.62,1368.17,539.34,0,0,0,0,file
582,0,motorcycle,1343.79,518.78,1369.68,539.5,0,0,0,0,file
583,0,motorcycle,1345.3,518.93,1371.19,539.65,0,0,0,0,file
584,0,motorcycle,1346.81,519.09,1372.7,539.81,0,0,0,0,file
585,0,motorcycle,1348.32,519.25,1374.21,539.97,0,0,0,0,file
586,0,motorcycle,1349.83,519.41,1375.72,540.13,0,0,0,0,file
587,0,motorcycle,1351.34,519.57,1377.23,540.29,0,0,0,0,file
588,0,motorcycle,1352.85,519.73,1378.74,540.45,0,0,0,0,file
589,0,motorcycle,1354.37,519.88,1380.26,540.61,0,0,0,0,file
590,0,motorcycle,1355.88,520.04,1381.77,540.76,0,0,0,0,file
591,0,motorcycle,1357.39,520.2,1383.28,540.92,0,0,0,0,file
592,0,motorcycle,1358.9,520.36,1384.79,541.08,0,0,0,0,file
593,0,motorcycle,1360.41,520.52,1386.3,541.24,0,0,0,0,file
594,0,motorcycle,1361.92,520.68,1387.81,541.4,0,0,0,0,file
595,0,motorcycle,1363.43,520.84,1389.32,541.56,0,0,0,0,file
596,0,motorcycle,1364.94,520.99,1390.83,541.71,0,0,0,0,file
597,0,motorcycle,1366.45,521.15,1392.34,541.87,0,0,0,0,file
598,0,motorcycle,1367.96,521.31,1393.85,542.03,0,0,0,0,file
599,0,motorcycle,1369.47,521.47,1395.36,542.19,0,0,0,0,file
600,0,motorcycle,1370.98,521.63,1396.87,542.35,0,0,0,0,file
601,0,motorcycle,1372.49,521.78,1398.38,542.5,0,0,0,0,file
602,0,motorcycle,1374.01,521.94,1399.9,542.66,0,0,0,0,file
603,0,motorcycle,1375.52,522.1,1401.41,542.82,0,0,0,0,file
604,0,motorcycle,1377.03,522.26,1402.92,542.98,0,0,0,0,file
605,0,motorcycle,1378.54,522.42,1404.43,543.14,0,0,0,0,file
606,0,motorcycle,1380.05,522.58,1405.94,543.3,0,0,0,0,file
607,0,motorcycle,1381.56,522.74,1407.45,543.46,0,0,0,0,file
608,0,motorcycle,1383.07,522.89,1408.96,543.61,0,0,0,0,file
609,0,motorcycle,1384.58,523.05,1410.47,543.77,0,0,0,0,file
610,0,motorcycle,1386.09,523.21,1411.98,543.93,0,0,0,0,file
611,0,motorcycle,1387.6,523.37,1413.49,544.09,0,0,0,0,file
612,0,motorcycle,1389.11,523.53,1415.0,544.25,0,0,0,0,file
613,0,motorcycle,1390.62,523.68,1416.51,544.4,0,0,0,0,file
614,0,motorcycle,1392.13,523.84,1418.02,544.56,0,0,0,0,file
615,0,motorcycle,1393.65,524.0,1419.54,544.72,0,0,0,0,file
616,0,motorcycle,1395.16,524.16,1421.05,544.88,0,0,0,0,file
617,0,motorcycle,1396.67,524.32,1422.56,545.04,0,0,0,0,file
618,0,motorcycle,1398.18,524.48,1424.07,545.2,0,0,0,0,file
619,0,motorcycle,1399.69,524.63,1425.58,545.36,0,0,0,0,file
620,0,motorcycle,1401.2,524.79,1427.09,545.51,0,0,0,0,file
621,0,motorcycle,1402.71,524.95,1428.6,545.67,0,0,0,0,file
622,0,motorcycle,1404.22,525.11,1430.11,545.83,0,0,0,0,file
623,0,motorcycle,1405.73,525.27,1431.62,545.99,0,0,0,0,file
624,0,motorcycle,1407.24,525.43,1433.13,546.15,0,0,0,0,file
625,0,motorcycle,1408.75,525.59,1434.64,546.31,0,0,0,0,file
626,0,motorcycle,1410.26,525.74,1436.15,546.46,0,0,0,0,file
627,0,motorcycle,1411.77,525.9,1437.66,546.62,0,0,0,0,file
628,0,motorcycle,1413.29,526.06,1439.18,546.78,0,0,0,0,file
629,0,motorcycle,1414.8,526.22,1440.69,546.94,0,0,0,0,file
630,0,motorcycle,1416.31,526.38,1442.2,547.1,0,0,0,0,file
631,0,motorcycle,1417.82,526.53,1443.71,547.25,0,0,0,0,file
632,0,motorcycle,1419.33,526.69,1445.22,547.41,0,0,0,0,file
633,0,motorcycle,1420.84,526.85,1446.73,547.57,0,0,0,0,file
634,0,motorcycle,1422.35,527.01,1448.24,547.73,0,0,1,0,file
635,0,motorcycle,1423.87,527.07,1449.76,547.79,0,0,0,0,file
636,0,motorcycle,1425.39,527.14,1451.28,547.86,0,0,0,0,file
637,0,motorcycle,1426.91,527.2,1452.8,547.92,0,0,0,0,file
638,0,motorcycle,1428.44,527.27,1454.33,547.99,0,0,0,0,file
639,0,motorcycle,1429.96,527.33,1455.85,548.05,0,0,0,0,file
640,0,motorcycle,1431.48,527.4,1457.37,548.12,0,0,0,0,file
641,0,motorcycle,1433.0,527.46,1458.89,548.18,0,0,0,0,file
642,0,motorcycle,1434.52,527.53,1460.41,548.25,0,0,0,0,file
643,0,motorcycle,1436.04,527.59,1461.93,548.31,0,0,0,0,file
644,0,motorcycle,1437.56,527.66,1463.46,548.38,0,0,0,0,file
645,0,motorcycle,1439.09,527.72,1464.98,548.44,0,0,0,0,file
646,0,motorcycle,1440.61,527.79,1466.5,548.51,0,0,0,0,file
647,0,motorcycle,1442.13,527.85,1468.02,548.57,0,0,0,0,file
648,0,motorcycle,1443.65,527.92,1469.54,548.64,0,0,0,0,file
649,0,motorcycle,1445.17,527.98,1471.06,548.7,0,0,0,0,file
650,0,motorcycle,1446.69,528.05,1472.59,548.77,0,0,0,0,file
651,0,motorcycle,1448.22,528.11,1474.11,548.83,0,0,0,0,file
652,0,motorcycle,1449.74,528.18,1475.63,548.9,0,0,0,0,file
653,0,motorcycle,1451.26,528.24,1477.15,548.96,0,0,0,0,file
654,0,motorcycle,1452.78,528.31,1478.67,549.02,0,0,0,0,file
655,0,motorcycle,1454.3,528.37,1480.19,549.09,0,0,0,0,file
656,0,motorcycle,1455.82,528.43,1481.72,549.15,0,0,0,0,file
657,0,motorcycle,1457.34,528.5,1483.24,549.22,0,0,0,0,file
658,0,motorcycle,1458.87,528.56,1484.76,549.28,0,0,0,0,file
659,0,motorcycle,1460.39,528.63,1486.28,549.35,0,0,0,0,file
660,0,motorcycle,1461.91,528.69,1487.8,549.41,0,0,0,0,file
661,0,motorcycle,1463.43,528.76,1489.32,549.48,0,0,0,0,file
662,0,motorcycle,1464.95,528.82,1490.85,549.54,0,0,0,0,file
663,0,motorcycle,1466.47,528.89,1492.37,549.61,0,0,0,0,file
664,0,motorcycle,1467.99,528.95,1493.89,549.67,0,0,0,0,file
665,0,motorcycle,1469.52,529.02,1495.41,549.74,0,0,0,0,file
666,0,motorcycle,1471.04,529.08,1496.93,549.8,0,0,0,0,file
667,0,motorcycle,1472.56,529.15,1498.45,549.87,0,0,0,0,file
668,0,motorcycle,1474.08,529.21,1499.98,549.93,0,0,0,0,file
669,0,motorcycle,1475.6,529.28,1501.5,550.0,0,0,0,0,file
670,0,motorcycle,1477.12,529.34,1503.02,550.06,0,0,0,0,file
670,1,motorcycle,27.67,438.95,60.04,467.44,0,0,1,0,manual
671,0,motorcycle,1478.65,529.41,1504.54,550.13,0,0,0,0,file
671,1,motorcycle,30.13,439.12,62.5,467.61,0,0,0,0,manual
672,0,motorcycle,1480.17,529.47,1506.06,550.19,0,0,0,0,file
672,1,motorcycle,32.59,439.3,64.96,467.79,0,0,0,0,manual
673,0,motorcycle,1481.69,529.54,1507.58,550.26,0,0,0,0,file
673,1,motorcycle,35.05,439.47,67.42,467.96,0,0,0,0,manual
674,0,motorcycle,1483.21,529.6,1509.11,550.32,0,0,0,0,file
674,1,motorcycle,37.51,439.64,69.88,468.13,0,0,0,0,manual
675,0,motorcycle,1484.73,529.66,1510.63,550.38,0,0,0,0,file
675,1,motorcycle,39.97,439.81,72.34,468.3,0,0,0,0,manual
676,0,motorcycle,1486.25,529.73,1512.15,550.45,0,0,0,0,file
676,1,motorcycle,42.43,439.99,74.8,468.48,0,0,0,0,manual
677,0,motorcycle,1487.77,529.79,1513.67,550.51,0,0,0,0,file
677,1,motorcycle,44.89,440.16,77.26,468.65,0,0,0,0,manual
678,0,motorcycle,1489.3,529.86,1515.19,550.58,0,0,0,0,file
678,1,motorcycle,47.35,440.33,79.72,468.82,0,0,0,0,manual
679,0,motorcycle,1490.82,529.92,1516.71,550.64,0,0,0,0,file
679,1,motorcycle,49.81,440.5,82.18,468.99,0,0,0,0,manual
680,0,motorcycle,1492.34,529.99,1518.23,550.71,0,0,0,0,file
680,1,motorcycle,52.27,440.68,84.64,469.17,0,0,0,0,manual
681,0,motorcycle,1493.86,530.05,1519.76,550.77,0,0,0,0,file
681,1,motorcycle,54.73,440.85,87.11,469.34,0,0,0,0,manual
682,0,motorcycle,1495.38,530.12,1521.28,550.84,0,0,0,0,file
682,1,motorcycle,57.19,441.02,89.57,469.51,0,0,0,0,manual
683,0,motorcycle,1496.9,530.18,1522.8,550.9,0,0,0,0,file
683,1,motorcycle,59.65,441.19,92.03,469.68,0,0,0,0,manual
684,0,motorcycle,1498.42,530.25,1524.32,550.97,0,0,0,0,file
684,1,motorcycle,62.11,441.37,94.49,469.86,0,0,0,0,manual
685,0,motorcycle,1499.95,530.31,1525.84,551.03,0,0,0,0,file
685,1,motorcycle,64.58,441.54,96.95,470.03,0,0,0,0,manual
686,0,motorcycle,1501.47,530.38,1527.36,551.1,0,0,0,0,file
686,1,motorcycle,67.04,441.71,99.41,470.2,0,0,0,0,manual
687,0,motorcycle,1502.99,530.44,1528.89,551.16,0,0,0,0,file
687,1,motorcycle,69.5,441.89,101.87,470.38,0,0,0,0,manual
688,0,motorcycle,1504.51,530.51,1530.41,551.23,0,0,0,0,file
688,1,motorcycle,71.96,442.06,104.33,470.55,0,0,0,0,manual
689,0,motorcycle,1506.03,530.57,1531.93,551.29,0,0,0,0,file
689,1,motorcycle,74.42,442.23,106.79,470.72,0,0,0,0,manual
690,0,motorcycle,1507.55,530.64,1533.45,551.36,0,0,0,0,file
690,1,motorcycle,76.88,442.4,109.25,470.89,0,0,0,0,manual
691,0,motorcycle,1509.08,530.7,1534.97,551.42,0,0,0,0,file
691,1,motorcycle,79.34,442.58,111.71,471.07,0,0,0,0,manual
692,0,motorcycle,1510.6,530.77,1536.49,551.49,0,0,0,0,file
692,1,motorcycle,81.8,442.75,114.17,471.24,0,0,0,0,manual
693,0,motorcycle,1512.12,530.83,1538.02,551.55,0,0,0,0,file
693,1,motorcycle,84.26,442.92,116.63,471.41,0,0,0,0,manual
694,0,motorcycle,1513.64,530.89,1539.54,551.62,0,0,0,0,file
694,1,motorcycle,86.72,443.09,119.09,471.58,0,0,0,0,manual
695,0,motorcycle,1515.16,530.96,1541.06,551.68,0,0,0,0,file
695,1,motorcycle,89.18,443.27,121.55,471.76,0,0,0,0,manual
696,0,motorcycle,1516.68,531.02,1542.58,551.74,0,0,0,0,file
696,1,motorcycle,91.64,443.44,124.01,471.93,0,0,0,0,manual
697,0,motorcycle,1518.2,531.09,1544.1,551.81,0,0,0,0,file
697,1,motorcycle,94.1,443.61,126.47,472.1,0,0,0,0,manual
698,0,motorcycle,1519.73,531.15,1545.62,551.87,0,0,0,0,file
698,1,motorcycle,96.56,443.78,128.93,472.27,0,0,0,0,manual
699,0,motorcycle,1521.25,531.22,1547.15,551.94,0,0,0,0,file
699,1,motorcycle,99.02,443.96,131.39,472.45,0,0,0,0,manual
700,0,motorcycle,1522.77,531.28,1548.67,552.0,0,0,0,0,file
700,1,motorcycle,101.48,444.13,133.85,472.62,0,0,0,0,manual
701,0,motorcycle,1524.29,531.35,1550.19,552.07,0,0,0,0,file
701,1,motorcycle,103.94,444.3,136.32,472.79,0,0,0,0,manual
702,0,motorcycle,1525.81,531.41,1551.71,552.13,0,0,0,0,file
702,1,motorcycle,106.4,444.48,138.78,472.97,0,0,0,0,manual
703,0,motorcycle,1527.33,531.48,1553.23,552.2,0,0,0,0,file
703,1,motorcycle,108.86,444.65,141.24,473.14,0,0,0,0,manual
704,0,motorcycle,1528.86,531.54,1554.75,552.26,0,0,0,0,file
704,1,motorcycle,111.32,444.82,143.7,473.31,0,0,0,0,manual
705,0,motorcycle,1530.38,531.61,1556.28,552.33,0,0,0,0,file
705,1,motorcycle,113.78,444.99,146.16,473.48,0,0,0,0,manual
706,0,motorcycle,1531.9,531.67,1557.8,552.39,0,0,0,0,file
706,1,motorcycle,116.24,445.17,148.62,473.66,0,0,0,0,manual
707,0,motorcycle,1533.42,531.74,1559.32,552.46,0,0,0,0,file
707,1,motorcycle,118.7,445.34,151.08,473.83,0,0,0,0,manual
708,0,motorcycle,1534.94,531.8,1560.84,552.52,0,0,0,0,file
708,1,motorcycle,121.16,445.51,153.54,474.0,0,0,0,0,manual
709,0,motorcycle,1536.46,531.87,1562.36,552.59,0,0,0,0,file
709,1,motorcycle,123.62,445.68,156.0,474.17,0,0,0,0,manual
710,0,motorcycle,1537.98,531.93,1563.88,552.65,0,0,0,0,file
710,1,motorcycle,126.08,445.86,158.46,474.35,0,0,0,0,manual
711,0,motorcycle,1539.51,532.0,1565.41,552.72,0,0,0,0,file
711,1,motorcycle,128.54,446.03,160.92,474.52,0,0,0,0,manual
712,0,motorcycle,1541.03,532.06,1566.93,552.78,0,0,0,0,file
712,1,motorcycle,131.0,446.2,163.38,474.69,0,0,0,0,manual
713,0,motorcycle,1542.55,532.13,1568.45,552.85,0,0,0,0,file
713,1,motorcycle,133.46,446.37,165.84,474.86,0,0,0,0,manual
714,0,motorcycle,1544.07,532.19,1569.97,552.91,0,0,1,0,file
714,1,motorcycle,135.92,446.55,168.3,475.04,0,0,0,0,manual
715,0,motorcycle,1545.59,532.41,1571.49,553.13,0,0,0,0,file
715,1,motorcycle,138.38,446.72,170.76,475.21,0,0,0,0,manual
716,0,motorcycle,1547.1,532.63,1573.0,553.35,0,0,0,0,file
716,1,motorcycle,140.85,446.89,173.22,475.38,0,0,0,0,manual
717,0,motorcycle,1548.62,532.86,1574.52,553.58,0,0,0,0,file
717,1,motorcycle,143.31,447.07,175.68,475.56,0,0,0,0,manual
718,0,motorcycle,1550.14,533.08,1576.04,553.8,0,0,0,0,file
718,1,motorcycle,145.77,447.24,178.14,475.73,0,0,0,0,manual
719,0,motorcycle,1551.65,533.3,1577.56,554.02,0,0,0,0,file
719,1,motorcycle,148.23,447.41,180.6,475.9,0,0,0,0,manual
720,0,motorcycle,1553.17,533.52,1579.07,554.24,0,0,0,0,file
720,1,motorcycle,150.69,447.58,183.06,476.07,0,0,0,0,manual
721,0,motorcycle,1554.69,533.74,1580.59,554.46,0,0,0,0,file
721,1,motorcycle,153.15,447.76,185.53,476.25,0,0,0,0,manual
722,0,motorcycle,1556.21,533.97,1582.11,554.69,0,0,0,0,file
722,1,motorcycle,155.61,447.93,187.99,476.42,0,0,0,0,manual
723,0,motorcycle,1557.72,534.19,1583.62,554.91,0,0,0,0,file
723,1,motorcycle,158.07,448.1,190.45,476.59,0,0,0,0,manual
724,0,motorcycle,1559.24,534.41,1585.14,555.13,0,0,0,0,file
724,1,motorcycle,160.53,448.27,192.91,476.76,0,0,0,0,manual
725,0,motorcycle,1560.76,534.63,1586.66,555.35,0,0,0,0,file
725,1,motorcycle,162.99,448.45,195.37,476.94,0,0,0,0,manual
726,0,motorcycle,1562.27,534.85,1588.17,555.57,0,0,0,0,file
726,1,motorcycle,165.45,448.62,197.83,477.11,0,0,0,0,manual
727,0,motorcycle,1563.79,535.08,1589.69,555.8,0,0,0,0,file
727,1,motorcycle,167.91,448.79,200.29,477.28,0,0,0,0,manual
728,0,motorcycle,1565.31,535.3,1591.21,556.02,0,0,0,0,file
728,1,motorcycle,170.37,448.96,202.75,477.45,0,0,0,0,manual
729,0,motorcycle,1566.83,535.52,1592.73,556.24,0,0,0,0,file
729,1,motorcycle,172.83,449.14,205.21,477.63,0,0,0,0,manual
730,0,motorcycle,1568.34,535.74,1594.24,556.46,0,0,0,0,file
730,1,motorcycle,175.29,449.31,207.67,477.8,0,0,1,0,manual
731,0,motorcycle,1569.86,535.96,1595.76,556.68,0,0,0,0,file
731,1,motorcycle,177.49,449.6,209.87,478.09,0,0,0,0,manual
732,0,motorcycle,1571.38,536.19,1597.28,556.91,0,0,0,0,file
732,1,motorcycle,179.69,449.89,212.07,478.38,0,0,0,0,manual
733,0,motorcycle,1572.89,536.41,1598.79,557.13,0,0,0,0,file
733,1,motorcycle,181.89,450.18,214.27,478.67,0,0,0,0,manual
734,0,motorcycle,1574.41,536.63,1600.31,557.35,0,0,0,0,file
734,1,motorcycle,184.1,450.48,216.48,478.97,0,0,0,0,manual
735,0,motorcycle,1575.93,536.85,1601.83,557.57,0,0,0,0,file
735,1,motorcycle,186.3,450.77,218.68,479.26,0,0,0,0,manual
736,0,motorcycle,1577.44,537.07,1603.34,557.79,0,0,0,0,file
736,1,motorcycle,188.5,451.06,220.88,479.55,0,0,0,0,manual
737,0,motorcycle,1578.96,537.3,1604.86,558.02,0,0,0,0,file
737,1,motorcycle,190.7,451.35,223.08,479.84,0,0,0,0,manual
738,0,motorcycle,1580.48,537.52,1606.38,558.24,0,0,0,0,file
738,1,motorcycle,192.9,451.64,225.28,480.13,0,0,0,0,manual
739,0,motorcycle,1581.99,537.74,1607.89,558.46,0,0,0,0,file
739,1,motorcycle,195.1,451.93,227.48,480.42,0,0,0,0,manual
740,0,motorcycle,1583.51,537.96,1609.41,558.68,0,0,0,0,file
740,1,motorcycle,197.31,452.22,229.69,480.71,0,0,0,0,manual
741,0,motorcycle,1585.03,538.18,1610.93,558.9,0,0,0,0,file
741,1,motorcycle,199.51,452.51,231.89,481.0,0,0,0,0,manual
742,0,motorcycle,1586.55,538.41,1612.45,559.13,0,0,0,0,file
742,1,motorcycle,201.71,452.81,234.09,481.3,0,0,0,0,manual
743,0,motorcycle,1588.06,538.63,1613.96,559.35,0,0,0,0,file
743,1,motorcycle,203.91,453.1,236.29,481.59,0,0,0,0,manual
744,0,motorcycle,1589.58,538.85,1615.48,559.57,0,0,0,0,file
744,1,motorcycle,206.11,453.39,238.49,481.88,0,0,0,0,manual
745,0,motorcycle,1591.1,539.07,1617.0,559.79,0,0,0,0,file
745,1,motorcycle,208.31,453.68,240.69,482.17,0,0,0,0,manual
746,0,motorcycle,1592.61,539.29,1618.51,560.01,0,0,0,0,file
746,1,motorcycle,210.51,453.97,242.89,482.46,0,0,0,0,manual
747,0,motorcycle,1594.13,539.52,1620.03,560.24,0,0,0,0,file
747,1,motorcycle,212.72,454.26,245.1,482.75,0,0,0,0,manual
748,0,motorcycle,1595.65,539.74,1621.55,560.46,0,0,0,0,file
748,1,motorcycle,214.92,454.55,247.3,483.04,0,0,0,0,manual
749,0,motorcycle,1597.16,539.96,1623.07,560.68,0,0,0,0,file
749,1,motorcycle,217.12,454.84,249.5,483.33,0,0,0,0,manual
750,0,motorcycle,1598.68,540.18,1624.58,560.9,0,0,0,0,file
750,1,motorcycle,219.32,455.13,251.7,483.62,0,0,0,0,manual
751,0,motorcycle,1600.2,540.4,1626.1,561.12,0,0,0,0,file
751,1,motorcycle,221.52,455.43,253.9,483.92,0,0,0,0,manual
752,0,motorcycle,1601.72,540.63,1627.62,561.35,0,0,0,0,file
752,1,motorcycle,223.72,455.72,256.1,484.21,0,0,0,0,manual
753,0,motorcycle,1603.23,540.85,1629.13,561.57,0,0,0,0,file
753,1,motorcycle,225.92,456.01,258.3,484.5,0,0,0,0,manual
754,0,motorcycle,1604.75,541.07,1630.65,561.79,0,0,0,0,file
754,1,motorcycle,228.13,456.3,260.51,484.79,0,0,0,0,manual
755,0,motorcycle,1606.27,541.29,1632.17,562.01,0,0,0,0,file
755,1,motorcycle,230.33,456.59,262.71,485.08,0,0,0,0,manual
756,0,motorcycle,1607.78,541.51,1633.68,562.23,0,0,0,0,file
756,1,motorcycle,232.53,456.88,264.91,485.37,0,0,0,0,manual
757,0,motorcycle,1609.3,541.74,1635.2,562.46,0,0,0,0,file
757,1,motorcycle,234.73,457.17,267.11,485.66,0,0,0,0,manual
758,0,motorcycle,1610.82,541.96,1636.72,562.68,0,0,0,0,file
758,1,motorcycle,236.93,457.46,269.31,485.95,0,0,0,0,manual
759,0,motorcycle,1612.34,542.18,1638.24,562.9,0,0,0,0,file
759,1,motorcycle,239.13,457.76,271.51,486.25,0,0,0,0,manual
760,0,motorcycle,1613.85,542.4,1639.75,563.12,0,0,0,0,file
760,1,motorcycle,241.34,458.05,273.72,486.54,0,0,0,0,manual
761,0,motorcycle,1615.37,542.62,1641.27,563.34,0,0,0,0,file
761,1,motorcycle,243.54,458.34,275.92,486.83,0,0,0,0,manual
762,0,motorcycle,1616.89,542.85,1642.79,563.57,0,0,0,0,file
762,1,motorcycle,245.74,458.63,278.12,487.12,0,0,0,0,manual
763,0,motorcycle,1618.4,543.07,1644.3,563.79,0,0,0,0,file
763,1,motorcycle,247.94,458.92,280.32,487.41,0,0,0,0,manual
764,0,motorcycle,1619.92,543.29,1645.82,564.01,0,0,0,0,file
764,1,motorcycle,250.14,459.21,282.52,487.7,0,0,0,0,manual
765,0,motorcycle,1621.44,543.51,1647.34,564.23,0,0,0,0,file
765,1,motorcycle,252.34,459.5,284.72,487.99,0,0,0,0,manual
766,0,motorcycle,1622.95,543.73,1648.85,564.45,0,0,0,0,file
766,1,motorcycle,254.54,459.79,286.92,488.28,0,0,0,0,manual
767,0,motorcycle,1624.47,543.96,1650.37,564.68,0,0,0,0,file
767,1,motorcycle,256.75,460.09,289.13,488.58,0,0,0,0,manual
768,0,motorcycle,1625.99,544.18,1651.89,564.9,0,0,0,0,file
768,1,motorcycle,258.95,460.38,291.33,488.87,0,0,0,0,manual
769,0,motorcycle,1627.5,544.4,1653.4,565.12,0,0,0,0,file
769,1,motorcycle,261.15,460.67,293.53,489.16,0,0,0,0,manual
770,0,motorcycle,1629.02,544.62,1654.92,565.34,0,0,0,0,file
770,1,motorcycle,263.35,460.96,295.73,489.45,0,0,1,0,manual
771,0,motorcycle,1630.54,544.84,1656.44,565.56,0,0,0,0,file
771,1,motorcycle,265.42,461.32,297.8,489.81,0,0,0,0,manual
772,0,motorcycle,1632.06,545.07,1657.96,565.79,0,0,0,0,file
772,1,motorcycle,267.49,461.67,299.87,490.16,0,0,0,0,manual
773,0,motorcycle,1633.57,545.29,1659.47,566.01,0,0,0,0,file
773,1,motorcycle,269.57,462.03,301.95,490.52,0,0,0,0,manual
774,0,motorcycle,1635.09,545.51,1660.99,566.23,0,0,0,0,file
774,1,motorcycle,271.64,462.38,304.02,490.88,0,0,0,0,manual
775,0,motorcycle,1636.61,545.73,1662.51,566.45,0,0,0,0,file
775,1,motorcycle,273.71,462.74,306.09,491.23,0,0,0,0,manual
776,0,motorcycle,1638.12,545.95,1664.02,566.67,0,0,0,0,file
776,1,motorcycle,275.78,463.1,308.16,491.59,0,0,0,0,manual
777,0,motorcycle,1639.64,546.18,1665.54,566.9,0,0,0,0,file
777,1,motorcycle,277.85,463.45,310.23,491.94,0,0,0,0,manual
778,0,motorcycle,1641.16,546.4,1667.06,567.12,0,0,0,0,file
778,1,motorcycle,279.93,463.81,312.3,492.3,0,0,0,0,manual
779,0,motorcycle,1642.67,546.62,1668.58,567.34,0,0,0,0,file
779,1,motorcycle,282.0,464.17,314.38,492.66,0,0,0,0,manual
780,0,motorcycle,1644.19,546.84,1670.09,567.56,0,0,0,0,file
780,1,motorcycle,284.07,464.52,316.45,493.01,0,0,0,0,manual
781,0,motorcycle,1645.71,547.06,1671.61,567.78,0,0,0,0,file
781,1,motorcycle,286.14,464.88,318.52,493.37,0,0,0,0,manual
782,0,motorcycle,1647.23,547.29,1673.13,568.01,0,0,0,0,file
782,1,motorcycle,288.21,465.23,320.59,493.72,0,0,0,0,manual
783,0,motorcycle,1648.74,547.51,1674.64,568.23,0,0,0,0,file
783,1,motorcycle,290.29,465.59,322.66,494.08,0,0,0,0,manual
784,0,motorcycle,1650.26,547.73,1676.16,568.45,0,0,1,0,file
784,1,motorcycle,292.36,465.95,324.73,494.44,0,0,0,0,manual
785,0,motorcycle,1651.86,547.95,1677.76,568.67,0,0,0,0,file
785,1,motorcycle,294.43,466.3,326.81,494.79,0,0,0,0,manual
786,0,motorcycle,1653.45,548.16,1679.35,568.88,0,0,0,0,file
786,1,motorcycle,296.5,466.66,328.88,495.15,0,0,0,0,manual
787,0,motorcycle,1655.05,548.38,1680.95,569.1,0,0,0,0,file
787,1,motorcycle,298.57,467.02,330.95,495.51,0,0,0,0,manual
788,0,motorcycle,1656.65,548.59,1682.55,569.31,0,0,0,0,file
788,1,motorcycle,300.65,467.37,333.02,495.86,0,0,0,0,manual
789,0,motorcycle,1658.25,548.81,1684.15,569.53,0,0,0,0,file
789,1,motorcycle,302.72,467.73,335.09,496.22,0,0,0,0,manual
790,0,motorcycle,1659.84,549.02,1685.74,569.75,0,0,0,0,file
790,1,motorcycle,304.79,468.08,337.17,496.57,0,0,0,0,manual
791,0,motorcycle,1661.44,549.24,1687.34,569.96,0,0,0,0,file
791,1,motorcycle,306.86,468.44,339.24,496.93,0,0,0,0,manual
792,0,motorcycle,1663.04,549.46,1688.94,570.18,0,0,0,0,file
792,1,motorcycle,308.93,468.8,341.31,497.29,0,0,0,0,manual
793,0,motorcycle,1664.63,549.67,1690.53,570.39,0,0,0,0,file
793,1,motorcycle,311.01,469.15,343.38,497.64,0,0,0,0,manual
794,0,motorcycle,1666.23,549.89,1692.13,570.61,0,0,0,0,file
794,1,motorcycle,313.08,469.51,345.45,498.0,0,0,0,0,manual
795,0,motorcycle,1667.83,550.1,1693.73,570.82,0,0,0,0,file
795,1,motorcycle,315.15,469.87,347.52,498.36,0,0,0,0,manual
796,0,motorcycle,1669.43,550.32,1695.33,571.04,0,0,0,0,file
796,1,motorcycle,317.22,470.22,349.6,498.71,0,0,0,0,manual
797,0,motorcycle,1671.02,550.54,1696.92,571.26,0,0,0,0,file
797,1,motorcycle,319.29,470.58,351.67,499.07,0,0,0,0,manual
798,0,motorcycle,1672.62,550.75,1698.52,571.47,0,0,0,0,file
798,1,motorcycle,321.37,470.94,353.74,499.43,0,0,0,0,manual
799,0,motorcycle,1674.22,550.97,1700.12,571.69,0,0,0,0,file
799,1,motorcycle,323.44,471.29,355.81,499.78,0,0,0,0,manual
800,0,motorcycle,1675.81,551.18,1701.71,571.9,0,0,0,0,file
800,1,motorcycle,325.51,471.65,357.88,500.14,0,0,0,0,manual
801,0,motorcycle,1677.41,551.4,1703.31,572.12,0,0,0,0,file
801,1,motorcycle,327.58,472.0,359.95,500.49,0,0,0,0,manual
802,0,motorcycle,1679.01,551.62,1704.91,572.34,0,0,0,0,file
802,1,motorcycle,329.65,472.36,362.03,500.85,0,0,0,0,manual
803,0,motorcycle,1680.61,551.83,1706.51,572.55,0,0,0,0,file
803,1,motorcycle,331.73,472.72,364.1,501.21,0,0,0,0,manual
804,0,motorcycle,1682.2,552.05,1708.1,572.77,0,0,0,0,file
804,1,motorcycle,333.8,473.07,366.17,501.56,0,0,0,0,manual
805,0,motorcycle,1683.8,552.26,1709.7,572.98,0,0,0,0,file
805,1,motorcycle,335.87,473.43,368.24,501.92,0,0,0,0,manual
806,0,motorcycle,1685.4,552.48,1711.3,573.2,0,0,0,0,file
806,1,motorcycle,337.94,473.78,370.31,502.27,0,0,0,0,manual
807,0,motorcycle,1686.99,552.69,1712.89,573.41,0,0,0,0,file
807,1,motorcycle,340.01,474.14,372.38,502.63,0,0,0,0,manual
808,0,motorcycle,1688.59,552.91,1714.49,573.63,0,0,0,0,file
808,1,motorcycle,342.09,474.5,374.46,502.99,0,0,0,0,manual
809,0,motorcycle,1690.19,553.13,1716.09,573.85,0,0,0,0,file
809,1,motorcycle,344.16,474.85,376.53,503.34,0,0,0,0,manual
810,0,motorcycle,1691.79,553.34,1717.69,574.06,0,0,0,0,file
810,1,motorcycle,346.23,475.21,378.6,503.7,0,0,1,0,manual
811,0,motorcycle,1693.38,553.56,1719.28,574.28,0,0,0,0,file
811,1,motorcycle,348.13,475.25,380.5,503.74,0,0,0,0,manual
812,0,motorcycle,1694.98,553.77,1720.88,574.49,0,0,0,0,file
812,1,motorcycle,350.03,475.3,382.4,503.79,0,0,0,0,manual
813,0,motorcycle,1696.58,553.99,1722.48,574.71,0,0,0,0,file
813,1,motorcycle,351.93,475.34,384.3,503.83,0,0,0,0,manual
814,0,motorcycle,1698.17,554.2,1724.08,574.92,0,0,0,0,file
814,1,motorcycle,353.83,475.38,386.2,503.87,0,0,0,0,manual
815,0,motorcycle,1699.77,554.42,1725.67,575.14,0,0,0,0,file
815,1,motorcycle,355.73,475.42,388.1,503.91,0,0,0,0,manual
816,0,motorcycle,1701.37,554.64,1727.27,575.36,0,0,0,0,file
816,1,motorcycle,357.63,475.47,390.0,503.96,0,0,0,0,manual
817,0,motorcycle,1702.97,554.85,1728.87,575.57,0,0,0,0,file
817,1,motorcycle,359.53,475.51,391.9,504.0,0,0,0,0,manual
818,0,motorcycle,1704.56,555.07,1730.46,575.79,0,0,0,0,file
818,1,motorcycle,361.42,475.55,393.79,504.04,0,0,0,0,manual
819,0,motorcycle,1706.16,555.28,1732.06,576.0,0,0,0,0,file
819,1,motorcycle,363.32,475.6,395.69,504.09,0,0,0,0,manual
820,0,motorcycle,1707.76,555.5,1733.66,576.22,0,0,0,0,file
820,1,motorcycle,365.22,475.64,397.59,504.13,0,0,0,0,manual
821,0,motorcycle,1709.36,555.72,1735.26,576.44,0,0,0,0,file
821,1,motorcycle,367.12,475.68,399.49,504.17,0,0,0,0,manual
822,0,motorcycle,1710.95,555.93,1736.85,576.65,0,0,0,0,file
822,1,motorcycle,369.02,475.73,401.39,504.22,0,0,0,0,manual
823,0,motorcycle,1712.55,556.15,1738.45,576.87,0,0,0,0,file
823,1,motorcycle,370.92,475.77,403.29,504.26,0,0,0,0,manual
824,0,motorcycle,1714.15,556.36,1740.05,577.08,0,0,0,0,file
824,1,motorcycle,372.82,475.81,405.19,504.3,0,0,0,0,manual
825,0,motorcycle,1715.74,556.58,1741.64,577.3,0,0,0,0,file
825,1,motorcycle,374.72,475.86,407.09,504.35,0,0,0,0,manual
826,0,motorcycle,1717.34,556.79,1743.24,577.51,0,0,0,0,file
826,1,motorcycle,376.62,475.9,408.99,504.39,0,0,0,0,manual
827,0,motorcycle,1718.94,557.01,1744.84,577.73,0,0,0,0,file
827,1,motorcycle,378.52,475.94,410.89,504.43,0,0,0,0,manual
828,0,motorcycle,1720.54,557.23,1746.44,577.95,0,0,0,0,file
828,1,motorcycle,380.42,475.98,412.79,504.47,0,0,0,0,manual
829,0,motorcycle,1722.13,557.44,1748.03,578.16,0,0,0,0,file
829,1,motorcycle,382.32,476.03,414.69,504.52,0,0,0,0,manual
830,0,motorcycle,1723.73,557.66,1749.63,578.38,0,0,0,0,file
830,1,motorcycle,384.22,476.07,416.59,504.56,0,0,0,0,manual
831,0,motorcycle,1725.33,557.87,1751.23,578.59,0,0,0,0,file
831,1,motorcycle,386.12,476.11,418.49,504.6,0,0,0,0,manual
832,0,motorcycle,1726.92,558.09,1752.82,578.81,0,0,0,0,file
832,1,motorcycle,388.02,476.16,420.39,504.65,0,0,0,0,manual
833,0,motorcycle,1728.52,558.31,1754.42,579.03,0,0,0,0,file
833,1,motorcycle,389.91,476.2,422.28,504.69,0,0,0,0,manual
834,0,motorcycle,1730.12,558.52,1756.02,579.24,0,0,0,0,file
834,1,motorcycle,391.81,476.24,424.18,504.73,0,0,0,0,manual
835,0,motorcycle,1731.72,558.74,1757.62,579.46,0,0,0,0,file
835,1,motorcycle,393.71,476.28,426.08,504.77,0,0,0,0,manual
836,0,motorcycle,1733.31,558.95,1759.21,579.67,0,0,0,0,file
836,1,motorcycle,395.61,476.33,427.98,504.82,0,0,0,0,manual
837,0,motorcycle,1734.91,559.17,1760.81,579.89,0,0,0,0,file
837,1,motorcycle,397.51,476.37,429.88,504.86,0,0,0,0,manual
838,0,motorcycle,1736.51,559.38,1762.41,580.11,0,0,0,0,file
838,1,motorcycle,399.41,476.41,431.78,504.9,0,0,0,0,manual
839,0,motorcycle,1738.1,559.6,1764.0,580.32,0,0,0,0,file
839,1,motorcycle,401.31,476.46,433.68,504.95,0,0,0,0,manual
840,0,motorcycle,1739.7,559.82,1765.6,580.54,0,0,0,0,file
840,1,motorcycle,403.21,476.5,435.58,504.99,0,0,1,0,manual
841,0,motorcycle,1741.3,560.03,1767.2,580.75,0,0,0,0,file
841,1,motorcycle,404.5,476.37,436.88,504.86,0,0,0,0,manual
842,0,motorcycle,1742.9,560.25,1768.8,580.97,0,0,0,0,file
842,1,motorcycle,405.8,476.24,438.17,504.73,0,0,0,0,manual
843,0,motorcycle,1744.49,560.46,1770.39,581.18,0,0,0,0,file
843,1,motorcycle,407.09,476.11,439.46,504.6,0,0,0,0,manual
844,0,motorcycle,1746.09,560.68,1771.99,581.4,0,0,1,0,file
844,1,motorcycle,408.39,475.98,440.76,504.47,0,0,0,0,manual
845,0,motorcycle,1747.64,560.92,1773.54,581.64,0,0,0,0,file
845,1,motorcycle,409.69,475.85,442.06,504.34,0,0,0,0,manual
846,0,motorcycle,1749.2,561.16,1775.1,581.88,0,0,0,0,file
846,1,motorcycle,410.98,475.72,443.35,504.21,0,0,0,0,manual
847,0,motorcycle,1750.75,561.4,1776.65,582.12,0,0,0,0,file
847,1,motorcycle,412.27,475.59,444.64,504.08,0,0,0,0,manual
848,0,motorcycle,1752.31,561.64,1778.21,582.36,0,0,0,0,file
848,1,motorcycle,413.57,475.46,445.94,503.95,0,0,0,0,manual
849,0,motorcycle,1753.86,561.88,1779.76,582.6,0,0,0,0,file
849,1,motorcycle,414.87,475.33,447.24,503.82,0,0,0,0,manual
850,0,motorcycle,1755.41,562.12,1781.31,582.84,0,0,0,0,file
850,1,motorcycle,416.16,475.2,448.53,503.69,0,0,0,0,manual
851,0,motorcycle,1756.97,562.36,1782.87,583.08,0,0,0,0,file
851,1,motorcycle,417.45,475.08,449.82,503.57,0,0,0,0,manual
852,0,motorcycle,1758.52,562.6,1784.42,583.32,0,0,0,0,file
852,1,motorcycle,418.75,474.95,451.12,503.44,0,0,0,0,manual
853,0,motorcycle,1760.08,562.84,1785.97,583.56,0,0,0,0,file
853,1,motorcycle,420.04,474.82,452.41,503.31,0,0,0,0,manual
854,0,motorcycle,1761.63,563.08,1787.53,583.8,0,0,0,0,file
854,1,motorcycle,421.34,474.69,453.71,503.18,0,0,0,0,manual
855,0,motorcycle,1763.18,563.32,1789.08,584.04,0,0,0,0,file
855,1,motorcycle,422.63,474.56,455.0,503.05,0,0,0,0,manual
856,0,motorcycle,1764.74,563.57,1790.64,584.29,0,0,0,0,file
856,1,motorcycle,423.93,474.43,456.3,502.92,0,0,0,0,manual
857,0,motorcycle,1766.29,563.81,1792.19,584.53,0,0,0,0,file
857,1,motorcycle,425.22,474.3,457.59,502.79,0,0,0,0,manual
858,0,motorcycle,1767.85,564.05,1793.74,584.77,0,0,0,0,file
858,1,motorcycle,426.52,474.17,458.89,502.66,0,0,0,0,manual
859,0,motorcycle,1769.4,564.29,1795.3,585.01,0,0,0,0,file
859,1,motorcycle,427.81,474.04,460.19,502.53,0,0,0,0,manual
860,0,motorcycle,1770.95,564.53,1796.85,585.25,0,0,0,0,file
860,1,motorcycle,429.11,473.91,461.48,502.4,0,0,0,0,manual
861,0,motorcycle,1772.51,564.77,1798.41,585.49,0,0,0,0,file
861,1,motorcycle,430.4,473.78,462.77,502.27,0,0,0,0,manual
862,0,motorcycle,1774.06,565.01,1799.96,585.73,0,0,0,0,file
862,1,motorcycle,431.7,473.65,464.07,502.14,0,0,0,0,manual
863,0,motorcycle,1775.62,565.25,1801.51,585.97,0,0,0,0,file
863,1,motorcycle,433.0,473.52,465.37,502.01,0,0,0,0,manual
864,0,motorcycle,1777.17,565.49,1803.07,586.21,0,0,0,0,file
864,1,motorcycle,434.29,473.39,466.66,501.88,0,0,0,0,manual
865,0,motorcycle,1778.72,565.73,1804.62,586.45,0,0,0,0,file
865,1,motorcycle,435.58,473.26,467.95,501.75,0,0,0,0,manual
866,0,motorcycle,1780.28,565.97,1806.17,586.69,0,0,0,0,file
866,1,motorcycle,436.88,473.13,469.25,501.62,0,0,0,0,manual
867,0,motorcycle,1781.83,566.21,1807.73,586.93,0,0,0,0,file
867,1,motorcycle,438.18,473.0,470.55,501.49,0,0,0,0,manual
868,0,motorcycle,1783.39,566.45,1809.28,587.17,0,0,0,0,file
868,1,motorcycle,439.47,472.87,471.84,501.36,0,0,0,0,manual
869,0,motorcycle,1784.94,566.69,1810.84,587.41,0,0,0,0,file
869,1,motorcycle,440.76,472.74,473.13,501.23,0,0,0,0,manual
870,0,motorcycle,1786.49,566.93,1812.39,587.65,0,0,0,0,file
870,1,motorcycle,442.06,472.62,474.43,501.11,0,0,0,0,manual
871,0,motorcycle,1788.05,567.17,1813.94,587.89,0,0,0,0,file
871,1,motorcycle,443.36,472.49,475.73,500.98,0,0,0,0,manual
872,0,motorcycle,1789.6,567.41,1815.5,588.13,0,0,0,0,file
872,1,motorcycle,444.65,472.36,477.02,500.85,0,0,0,0,manual
873,0,motorcycle,1791.16,567.65,1817.05,588.37,0,0,0,0,file
873,1,motorcycle,445.94,472.23,478.31,500.72,0,0,0,0,manual
874,0,motorcycle,1792.71,567.89,1818.61,588.61,0,0,0,0,file
874,1,motorcycle,447.24,472.1,479.61,500.59,0,0,0,0,manual
875,0,motorcycle,1794.26,568.13,1820.16,588.85,0,0,0,0,file
875,1,motorcycle,448.53,471.97,480.9,500.46,0,0,0,0,manual
876,0,motorcycle,1795.82,568.37,1821.71,589.09,0,0,0,0,file
876,1,motorcycle,449.83,471.84,482.2,500.33,0,0,0,0,manual
877,0,motorcycle,1797.37,568.61,1823.27,589.33,0,0,0,0,file
877,1,motorcycle,451.12,471.71,483.5,500.2,0,0,0,0,manual
878,0,motorcycle,1798.93,568.85,1824.82,589.57,0,0,0,0,file
878,1,motorcycle,452.42,471.58,484.79,500.07,0,0,0,0,manual
879,0,motorcycle,1800.48,569.1,1826.38,589.82,0,0,0,0,file
879,1,motorcycle,453.71,471.45,486.08,499.94,0,0,0,0,manual
880,0,motorcycle,1802.03,569.34,1827.93,590.06,0,0,0,0,file
880,1,motorcycle,455.01,471.32,487.38,499.81,0,0,1,0,manual
881,0,motorcycle,1803.59,569.58,1829.48,590.3,0,0,0,0,file
881,1,motorcycle,456.09,470.89,488.46,499.38,0,0,0,0,manual
882,0,motorcycle,1805.14,569.82,1831.04,590.54,0,0,0,0,file
882,1,motorcycle,457.17,470.46,489.54,498.95,0,0,0,0,manual
883,0,motorcycle,1806.7,570.06,1832.59,590.78,0,0,0,0,file
883,1,motorcycle,458.25,470.02,490.62,498.51,0,0,0,0,manual
884,0,motorcycle,1808.25,570.3,1834.14,591.02,0,0,0,0,file
884,1,motorcycle,459.33,469.59,491.7,498.08,0,0,0,0,manual
885,0,motorcycle,1809.8,570.54,1835.7,591.26,0,0,0,0,file
885,1,motorcycle,460.4,469.16,492.78,497.65,0,0,0,0,manual
886,0,motorcycle,1811.36,570.78,1837.25,591.5,0,0,0,0,file
886,1,motorcycle,461.48,468.73,493.86,497.22,0,0,0,0,manual
887,0,motorcycle,1812.91,571.02,1838.81,591.74,0,0,0,0,file
887,1,motorcycle,462.56,468.3,494.94,496.79,0,0,0,0,manual
888,0,motorcycle,1814.47,571.26,1840.36,591.98,0,0,0,0,file
888,1,motorcycle,463.64,467.87,496.01,496.36,0,0,0,0,manual
889,0,motorcycle,1816.02,571.5,1841.91,592.22,0,0,0,0,file
889,1,motorcycle,464.72,467.44,497.09,495.93,0,0,0,0,manual
890,0,motorcycle,1817.57,571.74,1843.47,592.46,0,0,0,0,file
890,1,motorcycle,465.8,467.0,498.17,495.49,0,0,0,0,manual
891,0,motorcycle,1819.13,571.98,1845.02,592.7,0,0,0,0,file
891,1,motorcycle,466.88,466.57,499.25,495.06,0,0,0,0,manual
892,0,motorcycle,1820.68,572.22,1846.58,592.94,0,0,0,0,file
892,1,motorcycle,467.96,466.14,500.33,494.63,0,0,0,0,manual
893,0,motorcycle,1822.24,572.46,1848.13,593.18,0,0,0,0,file
893,1,motorcycle,469.04,465.71,501.41,494.2,0,0,0,0,manual
894,0,motorcycle,1823.79,572.7,1849.68,593.42,0,0,0,0,file
894,1,motorcycle,470.12,465.28,502.49,493.77,0,0,0,0,manual
895,0,motorcycle,1825.34,572.94,1851.24,593.66,0,0,0,0,file
895,1,motorcycle,471.19,464.85,503.57,493.34,0,0,0,0,manual
896,0,motorcycle,1826.9,573.18,1852.79,593.9,0,0,0,0,file
896,1,motorcycle,472.27,464.41,504.65,492.9,0,0,0,0,manual
897,0,motorcycle,1828.45,573.42,1854.34,594.14,0,0,0,0,file
897,1,motorcycle,473.35,463.98,505.73,492.47,0,0,0,0,manual
898,0,motorcycle,1830.01,573.66,1855.9,594.38,0,0,0,0,file
898,1,motorcycle,474.43,463.55,506.81,492.04,0,0,0,0,manual
899,0,motorcycle,1831.56,573.9,1857.45,594.62,0,0,0,0,file
899,1,motorcycle,475.51,463.12,507.89,491.61,0,0,0,0,manual
900,0,motorcycle,1833.11,574.14,1859.01,594.86,0,0,0,0,file
900,1,motorcycle,476.59,462.69,508.97,491.18,0,0,0,0,manual
901,0,motorcycle,1834.67,574.38,1860.56,595.1,0,0,0,0,file
901,1,motorcycle,477.67,462.25,510.05,490.75,0,0,0,0,manual
902,0,motorcycle,1836.22,574.62,1862.11,595.34,0,0,0,0,file
902,1,motorcycle,478.75,461.82,511.13,490.31,0,0,0,0,manual
903,0,motorcycle,1837.78,574.87,1863.67,595.59,0,0,0,0,file
903,1,motorcycle,479.83,461.39,512.2,489.88,0,0,0,0,manual
904,0,motorcycle,1839.33,575.11,1865.22,595.83,0,0,0,0,file
904,1,motorcycle,480.91,460.96,513.28,489.45,0,0,0,0,manual
905,0,motorcycle,1840.88,575.35,1866.78,596.07,0,0,0,0,file
905,1,motorcycle,481.99,460.53,514.36,489.02,0,0,0,0,manual
906,0,motorcycle,1842.44,575.59,1868.33,596.31,0,0,0,0,file
906,1,motorcycle,483.06,460.1,515.44,488.59,0,0,0,0,manual
907,0,motorcycle,1843.99,575.83,1869.88,596.55,0,0,0,0,file
907,1,motorcycle,484.14,459.67,516.52,488.16,0,0,0,0,manual
908,0,motorcycle,1845.55,576.07,1871.44,596.79,0,0,0,0,file
908,1,motorcycle,485.22,459.23,517.6,487.72,0,0,0,0,manual
909,0,motorcycle,1847.1,576.31,1872.99,597.03,0,0,0,0,file
909,1,motorcycle,486.3,458.8,518.68,487.29,0,0,0,0,manual
910,0,motorcycle,1848.65,576.55,1874.54,597.27,0,0,0,0,file
910,1,motorcycle,487.38,458.37,519.76,486.86,0,0,1,0,manual
911,0,motorcycle,1850.21,576.79,1876.1,597.51,0,0,0,0,file
911,1,motorcycle,488.57,458.15,520.95,486.64,0,0,0,0,manual
912,0,motorcycle,1851.76,577.03,1877.65,597.75,0,0,0,0,file
912,1,motorcycle,489.75,457.94,522.13,486.43,0,0,0,0,manual
913,0,motorcycle,1853.32,577.27,1879.21,597.99,0,0,0,0,file
913,1,motorcycle,490.94,457.72,523.32,486.21,0,0,0,0,manual
914,0,motorcycle,1854.87,577.51,1880.76,598.23,0,0,1,0,file
914,1,motorcycle,492.13,457.51,524.51,486.0,0,0,0,0,manual
915,0,motorcycle,1854.87,577.51,1880.76,598.23,0,0,0,0,file
915,1,motorcycle,493.32,457.29,525.69,485.78,0,0,0,0,manual
916,0,motorcycle,1854.87,577.51,1880.76,598.23,1,0,1,0,file
916,1,motorcycle,494.5,457.07,526.88,485.56,0,0,0,0,manual
917,1,motorcycle,495.69,456.86,528.07,485.35,0,0,0,0,manual
918,1,motorcycle,496.88,456.64,529.26,485.13,0,0,0,0,manual
919,1,motorcycle,498.06,456.43,530.44,484.92,0,0,0,0,manual
920,1,motorcycle,499.25,456.21,531.63,484.7,0,0,0,0,manual
921,1,motorcycle,500.44,456.0,532.82,484.49,0,0,0,0,manual
922,1,motorcycle,501.63,455.78,534.0,484.27,0,0,0,0,manual
923,1,motorcycle,502.81,455.56,535.19,484.05,0,0,0,0,manual
924,1,motorcycle,504.0,455.35,536.38,483.84,0,0,0,0,manual
925,1,motorcycle,505.19,455.13,537.57,483.62,0,0,0,0,manual
926,1,motorcycle,506.37,454.92,538.75,483.41,0,0,0,0,manual
927,1,motorcycle,507.56,454.7,539.94,483.19,0,0,0,0,manual
928,1,motorcycle,508.75,454.49,541.13,482.98,0,0,0,0,manual
929,1,motorcycle,509.94,454.27,542.31,482.76,0,0,0,0,manual
930,1,motorcycle,511.12,454.05,543.5,482.54,0,0,0,0,manual
931,1,motorcycle,512.31,453.84,544.69,482.33,0,0,0,0,manual
932,1,motorcycle,513.5,453.62,545.87,482.11,0,0,0,0,manual
933,1,motorcycle,514.68,453.41,547.06,481.9,0,0,0,0,manual
934,1,motorcycle,515.87,453.19,548.25,481.68,0,0,0,0,manual
935,1,motorcycle,517.06,452.97,549.43,481.46,0,0,0,0,manual
936,1,motorcycle,518.25,452.76,550.62,481.25,0,0,0,0,manual
937,1,motorcycle,519.43,452.54,551.81,481.03,0,0,0,0,manual
938,1,motorcycle,520.62,452.33,553.0,480.82,0,0,0,0,manual
939,1,motorcycle,521.81,452.11,554.18,480.6,0,0,0,0,manual
940,1,motorcycle,523.0,451.89,555.37,480.38,0,0,0,0,manual
941,1,motorcycle,524.18,451.68,556.56,480.17,0,0,0,0,manual
942,1,motorcycle,525.37,451.46,557.74,479.95,0,0,0,0,manual
943,1,motorcycle,526.56,451.25,558.93,479.74,0,0,0,0,manual
944,1,motorcycle,527.74,451.03,560.12,479.52,0,0,0,0,manual
945,1,motorcycle,528.93,450.82,561.31,479.31,0,0,0,0,manual
946,1,motorcycle,530.12,450.6,562.49,479.09,0,0,0,0,manual
947,1,motorcycle,531.31,450.38,563.68,478.87,0,0,0,0,manual
948,1,motorcycle,532.49,450.17,564.87,478.66,0,0,0,0,manual
949,1,motorcycle,533.68,449.95,566.05,478.44,0,0,0,0,manual
950,1,motorcycle,534.87,449.74,567.24,478.23,0,0,0,0,manual
951,1,motorcycle,536.05,449.52,568.43,478.01,0,0,0,0,manual
952,1,motorcycle,537.24,449.31,569.61,477.8,0,0,0,0,manual
953,1,motorcycle,538.43,449.09,570.8,477.58,0,0,0,0,manual
954,1,motorcycle,539.62,448.87,571.99,477.36,0,0,0,0,manual
955,1,motorcycle,540.8,448.66,573.17,477.15,0,0,0,0,manual
956,1,motorcycle,541.99,448.44,574.36,476.93,0,0,0,0,manual
957,1,motorcycle,543.18,448.23,575.55,476.72,0,0,0,0,manual
958,1,motorcycle,544.36,448.01,576.74,476.5,0,0,0,0,manual
959,1,motorcycle,545.55,447.79,577.92,476.28,0,0,0,0,manual
960,1,motorcycle,546.74,447.58,579.11,476.07,0,0,0,0,manual
961,1,motorcycle,547.93,447.36,580.3,475.85,0,0,0,0,manual
962,1,motorcycle,549.11,447.15,581.48,475.64,0,0,0,0,manual
963,1,motorcycle,550.3,446.93,582.67,475.42,0,0,0,0,manual
964,1,motorcycle,551.49,446.72,583.86,475.21,0,0,0,0,manual
965,1,motorcycle,552.67,446.5,585.05,474.99,0,0,0,0,manual
966,1,motorcycle,553.86,446.28,586.23,474.77,0,0,0,0,manual
967,1,motorcycle,555.05,446.07,587.42,474.56,0,0,0,0,manual
968,1,motorcycle,556.24,445.85,588.61,474.34,0,0,0,0,manual
969,1,motorcycle,557.42,445.64,589.79,474.13,0,0,0,0,manual
970,1,motorcycle,558.61,445.42,590.98,473.91,0,0,1,0,manual
971,1,motorcycle,559.61,445.48,591.98,473.97,0,0,0,0,manual
972,1,motorcycle,560.62,445.55,592.99,474.04,0,0,0,0,manual
973,1,motorcycle,561.62,445.61,593.99,474.1,0,0,0,0,manual
974,1,motorcycle,562.62,445.68,594.99,474.17,0,0,0,0,manual
975,1,motorcycle,563.63,445.74,596.0,474.23,0,0,0,0,manual
976,1,motorcycle,564.63,445.81,597.0,474.3,0,0,0,0,manual
977,1,motorcycle,565.63,445.87,598.0,474.36,0,0,0,0,manual
978,1,motorcycle,566.64,445.94,599.01,474.43,0,0,0,0,manual
979,1,motorcycle,567.64,446.0,600.01,474.49,0,0,0,0,manual
980,1,motorcycle,568.64,446.07,601.01,474.56,0,0,0,0,manual
981,1,motorcycle,569.65,446.13,602.02,474.62,0,0,0,0,manual
982,1,motorcycle,570.65,446.2,603.02,474.69,0,0,0,0,manual
983,1,motorcycle,571.66,446.26,604.03,474.75,0,0,0,0,manual
984,1,motorcycle,572.66,446.33,605.03,474.82,0,0,0,0,manual
985,1,motorcycle,573.66,446.39,606.03,474.88,0,0,0,0,manual
986,1,motorcycle,574.67,446.46,607.04,474.95,0,0,0,0,manual
987,1,motorcycle,575.67,446.52,608.04,475.01,0,0,0,0,manual
988,1,motorcycle,576.67,446.59,609.04,475.08,0,0,0,0,manual
989,1,motorcycle,577.68,446.65,610.05,475.14,0,0,0,0,manual
990,1,motorcycle,578.68,446.72,611.05,475.21,0,0,0,0,manual
991,1,motorcycle,579.68,446.78,612.05,475.27,0,0,0,0,manual
992,1,motorcycle,580.69,446.84,613.06,475.33,0,0,0,0,manual
993,1,motorcycle,581.69,446.91,614.06,475.4,0,0,0,0,manual
994,1,motorcycle,582.69,446.97,615.06,475.46,0,0,0,0,manual
995,1,motorcycle,583.7,447.04,616.07,475.53,0,0,0,0,manual
996,1,motorcycle,584.7,447.1,617.07,475.59,0,0,0,0,manual
997,1,motorcycle,585.7,447.17,618.07,475.66,0,0,0,0,manual
998,1,motorcycle,586.71,447.23,619.08,475.72,0,0,0,0,manual
999,1,motorcycle,587.71,447.3,620.08,475.79,0,0,0,0,manual
1000,1,motorcycle,588.72,447.36,621.09,475.85,0,0,0,0,manual
1001,1,motorcycle,589.72,447.43,622.09,475.92,0,0,0,0,manual
1002,1,motorcycle,590.72,447.49,623.09,475.98,0,0,0,0,manual
1003,1,motorcycle,591.73,447.56,624.1,476.05,0,0,0,0,manual
1004,1,motorcycle,592.73,447.62,625.1,476.11,0,0,0,0,manual
1005,1,motorcycle,593.73,447.69,626.1,476.18,0,0,0,0,manual
1006,1,motorcycle,594.74,447.75,627.11,476.24,0,0,0,0,manual
1007,1,motorcycle,595.74,447.82,628.11,476.31,0,0,0,0,manual
1008,1,motorcycle,596.74,447.88,629.11,476.37,0,0,0,0,manual
1009,1,motorcycle,597.75,447.95,630.12,476.44,0,0,0,0,manual
1010,1,motorcycle,598.75,448.01,631.12,476.5,0,0,1,0,manual
1011,1,motorcycle,599.81,447.93,632.18,476.42,0,0,0,0,manual
1012,1,motorcycle,600.87,447.85,633.24,476.34,0,0,0,0,manual
1013,1,motorcycle,601.94,447.78,634.31,476.27,0,0,0,0,manual
1014,1,motorcycle,603.0,447.7,635.37,476.19,0,0,0,0,manual
1015,1,motorcycle,604.06,447.62,636.43,476.11,0,0,0,0,manual
1016,1,motorcycle,605.12,447.54,637.49,476.03,0,0,0,0,manual
1017,1,motorcycle,606.18,447.47,638.55,475.96,0,0,0,0,manual
1018,1,motorcycle,607.24,447.39,639.62,475.88,0,0,0,0,manual
1019,1,motorcycle,608.31,447.31,640.68,475.8,0,0,0,0,manual
1020,1,motorcycle,609.37,447.23,641.74,475.72,0,0,0,0,manual
1021,1,motorcycle,610.43,447.16,642.8,475.65,0,0,0,0,manual
1022,1,motorcycle,611.49,447.08,643.86,475.57,0,0,0,0,manual
1023,1,motorcycle,612.55,447.0,644.93,475.49,0,0,0,0,manual
1024,1,motorcycle,613.62,446.92,645.99,475.41,0,0,0,0,manual
1025,1,motorcycle,614.68,446.85,647.05,475.34,0,0,0,0,manual
1026,1,motorcycle,615.74,446.77,648.11,475.26,0,0,0,0,manual
1027,1,motorcycle,616.8,446.69,649.17,475.18,0,0,0,0,manual
1028,1,motorcycle,617.86,446.61,650.24,475.1,0,0,0,0,manual
1029,1,motorcycle,618.92,446.54,651.3,475.03,0,0,0,0,manual
1030,1,motorcycle,619.99,446.46,652.36,474.95,0,0,0,0,manual
1031,1,motorcycle,621.05,446.38,653.42,474.87,0,0,0,0,manual
1032,1,motorcycle,622.11,446.3,654.48,474.79,0,0,0,0,manual
1033,1,motorcycle,623.17,446.23,655.55,474.72,0,0,0,0,manual
1034,1,motorcycle,624.23,446.15,656.61,474.64,0,0,0,0,manual
1035,1,motorcycle,625.3,446.07,657.67,474.56,0,0,0,0,manual
1036,1,motorcycle,626.36,445.99,658.73,474.48,0,0,0,0,manual
1037,1,motorcycle,627.42,445.91,659.79,474.4,0,0,0,0,manual
1038,1,motorcycle,628.48,445.84,660.86,474.33,0,0,0,0,manual
1039,1,motorcycle,629.54,445.76,661.92,474.25,0,0,0,0,manual
1040,1,motorcycle,630.6,445.68,662.98,474.17,0,0,0,0,manual
1041,1,motorcycle,631.67,445.6,664.04,474.09,0,0,0,0,manual
1042,1,motorcycle,632.73,445.53,665.1,474.02,0,0,0,0,manual
1043,1,motorcycle,633.79,445.45,666.17,473.94,0,0,0,0,manual
1044,1,motorcycle,634.85,445.37,667.23,473.86,0,0,0,0,manual
1045,1,motorcycle,635.91,445.29,668.29,473.78,0,0,0,0,manual
1046,1,motorcycle,636.97,445.22,669.35,473.71,0,0,0,0,manual
1047,1,motorcycle,638.04,445.14,670.41,473.63,0,0,0,0,manual
1048,1,motorcycle,639.1,445.06,671.48,473.55,0,0,0,0,manual
1049,1,motorcycle,640.16,444.98,672.54,473.47,0,0,0,0,manual
1050,1,motorcycle,641.22,444.91,673.6,473.4,0,0,0,0,manual
1051,1,motorcycle,642.28,444.83,674.66,473.32,0,0,0,0,manual
1052,1,motorcycle,643.35,444.75,675.72,473.24,0,0,0,0,manual
1053,1,motorcycle,644.41,444.67,676.79,473.16,0,0,0,0,manual
1054,1,motorcycle,645.47,444.6,677.85,473.09,0,0,0,0,manual
1055,1,motorcycle,646.53,444.52,678.91,473.01,0,0,0,0,manual
1056,1,motorcycle,647.59,444.44,679.97,472.93,0,0,0,0,manual
1057,1,motorcycle,648.65,444.36,681.03,472.85,0,0,0,0,manual
1058,1,motorcycle,649.72,444.29,682.1,472.78,0,0,0,0,manual
1059,1,motorcycle,650.78,444.21,683.16,472.7,0,0,0,0,manual
1060,1,motorcycle,651.84,444.13,684.22,472.62,0,0,1,0,manual
1061,1,motorcycle,652.7,444.41,685.08,472.9,0,0,0,0,manual
1062,1,motorcycle,653.57,444.69,685.95,473.18,0,0,0,0,manual
1063,1,motorcycle,654.43,444.97,686.81,473.46,0,0,0,0,manual
1064,1,motorcycle,655.29,445.25,687.67,473.74,0,0,0,0,manual
1065,1,motorcycle,656.16,445.53,688.54,474.02,0,0,0,0,manual
1066,1,motorcycle,657.02,445.81,689.4,474.3,0,0,0,0,manual
1067,1,motorcycle,657.88,446.09,690.26,474.58,0,0,0,0,manual
1068,1,motorcycle,658.75,446.37,691.13,474.86,0,0,0,0,manual
1069,1,motorcycle,659.61,446.66,691.99,475.15,0,0,0,0,manual
1070,1,motorcycle,660.47,446.94,692.85,475.43,0,0,0,0,manual
1071,1,motorcycle,661.34,447.22,693.71,475.71,0,0,0,0,manual
1072,1,motorcycle,662.2,447.5,694.58,475.99,0,0,0,0,manual
1073,1,motorcycle,663.07,447.78,695.44,476.27,0,0,0,0,manual
1074,1,motorcycle,663.93,448.06,696.3,476.55,0,0,0,0,manual
1075,1,motorcycle,664.79,448.34,697.17,476.83,0,0,0,0,manual
1076,1,motorcycle,665.66,448.62,698.03,477.11,0,0,0,0,manual
1077,1,motorcycle,666.52,448.9,698.89,477.39,0,0,0,0,manual
1078,1,motorcycle,667.38,449.18,699.76,477.67,0,0,0,0,manual
1079,1,motorcycle,668.25,449.46,700.62,477.95,0,0,0,0,manual
1080,1,motorcycle,669.11,449.74,701.48,478.23,0,0,1,0,manual
1081,1,motorcycle,669.58,449.44,701.96,477.93,0,0,0,0,manual
1082,1,motorcycle,670.06,449.14,702.43,477.63,0,0,0,0,manual
1083,1,motorcycle,670.53,448.83,702.91,477.32,0,0,0,0,manual
1084,1,motorcycle,671.01,448.53,703.38,477.02,0,0,0,0,manual
1085,1,motorcycle,671.48,448.23,703.86,476.72,0,0,0,0,manual
1086,1,motorcycle,671.96,447.93,704.33,476.42,0,0,0,0,manual
1087,1,motorcycle,672.43,447.63,704.81,476.12,0,0,0,0,manual
1088,1,motorcycle,672.91,447.32,705.28,475.81,0,0,0,0,manual
1089,1,motorcycle,673.38,447.02,705.76,475.51,0,0,0,0,manual
1090,1,motorcycle,673.86,446.72,706.23,475.21,0,0,1,0,manual
1091,1,motorcycle,674.66,445.92,707.03,474.41,0,0,0,0,manual
1092,1,motorcycle,675.46,445.12,707.83,473.61,0,0,0,0,manual
1093,1,motorcycle,676.26,444.32,708.63,472.81,0,0,0,0,manual
1094,1,motorcycle,677.05,443.53,709.42,472.02,0,0,0,0,manual
1095,1,motorcycle,677.85,442.73,710.22,471.22,0,0,0,0,manual
1096,1,motorcycle,678.65,441.93,711.02,470.42,0,0,0,0,manual
1097,1,motorcycle,679.45,441.13,711.82,469.62,0,0,0,0,manual
1098,1,motorcycle,680.25,440.33,712.62,468.82,0,0,0,0,manual
1099,1,motorcycle,681.05,439.53,713.42,468.02,0,0,0,0,manual
1100,1,motorcycle,681.85,438.73,714.22,467.22,0,0,0,0,manual
1101,1,motorcycle,682.64,437.93,715.02,466.42,0,0,0,0,manual
1102,1,motorcycle,683.44,437.14,715.81,465.63,0,0,0,0,manual
1103,1,motorcycle,684.24,436.34,716.61,464.83,0,0,0,0,manual
1104,1,motorcycle,685.04,435.54,717.41,464.03,0,0,0,0,manual
1105,1,motorcycle,685.84,434.74,718.21,463.23,0,0,0,0,manual
1106,1,motorcycle,686.64,433.94,719.01,462.43,0,0,0,0,manual
1107,1,motorcycle,687.43,433.14,719.81,461.63,0,0,0,0,manual
1108,1,motorcycle,688.23,432.34,720.61,460.83,0,0,0,0,manual
1109,1,motorcycle,689.03,431.55,721.4,460.04,0,0,0,0,manual
1110,1,motorcycle,689.83,430.75,722.2,459.24,0,0,0,0,manual
1111,1,motorcycle,690.63,429.95,723.0,458.44,0,0,0,0,manual
1112,1,motorcycle,691.43,429.15,723.8,457.64,0,0,0,0,manual
1113,1,motorcycle,692.23,428.35,724.6,456.84,0,0,0,0,manual
1114,1,motorcycle,693.02,427.55,725.4,456.04,0,0,0,0,manual
1115,1,motorcycle,693.82,426.75,726.2,455.24,0,0,0,0,manual
1116,1,motorcycle,694.62,425.95,727.0,454.44,0,0,0,0,manual
1117,1,motorcycle,695.42,425.16,727.79,453.65,0,0,0,0,manual
1118,1,motorcycle,696.22,424.36,728.59,452.85,0,0,0,0,manual
1119,1,motorcycle,697.02,423.56,729.39,452.05,0,0,0,0,manual
1120,1,motorcycle,697.82,422.76,730.19,451.25,0,0,0,0,manual
1121,1,motorcycle,698.61,421.96,730.99,450.45,0,0,0,0,manual
1122,1,motorcycle,699.41,421.16,731.79,449.65,0,0,0,0,manual
1123,1,motorcycle,700.21,420.36,732.59,448.85,0,0,0,0,manual
1124,1,motorcycle,701.01,419.57,733.38,448.06,0,0,0,0,manual
1125,1,motorcycle,701.81,418.77,734.18,447.26,0,0,0,0,manual
1126,1,motorcycle,702.61,417.97,734.98,446.46,0,0,0,0,manual
1127,1,motorcycle,703.4,417.17,735.78,445.66,0,0,0,0,manual
1128,1,motorcycle,704.2,416.37,736.58,444.86,0,0,0,0,manual
1129,1,motorcycle,705.0,415.57,737.38,444.06,0,0,0,0,manual
1130,1,motorcycle,705.8,414.77,738.18,443.26,0,0,0,0,manual
1131,1,motorcycle,706.6,413.97,738.98,442.46,0,0,0,0,manual
1132,1,motorcycle,707.4,413.18,739.77,441.67,0,0,0,0,manual
1133,1,motorcycle,708.2,412.38,740.57,440.87,0,0,0,0,manual
1134,1,motorcycle,708.99,411.58,741.37,440.07,0,0,0,0,manual
1135,1,motorcycle,709.79,410.78,742.17,439.27,0,0,0,0,manual
1136,1,motorcycle,710.59,409.98,742.97,438.47,0,0,0,0,manual
1137,1,motorcycle,711.39,409.18,743.77,437.67,0,0,0,0,manual
1138,1,motorcycle,712.19,408.38,744.57,436.87,0,0,0,0,manual
1139,1,motorcycle,712.99,407.59,745.36,436.08,0,0,0,0,manual
1140,1,motorcycle,713.78,406.79,746.16,435.28,0,0,0,0,manual
1141,1,motorcycle,714.58,405.99,746.96,434.48,0,0,0,0,manual
1142,1,motorcycle,715.38,405.19,747.76,433.68,0,0,0,0,manual
1143,1,motorcycle,716.18,404.39,748.56,432.88,0,0,0,0,manual
1144,1,motorcycle,716.98,403.59,749.36,432.08,0,0,0,0,manual
1145,1,motorcycle,717.78,402.79,750.16,431.28,0,0,0,0,manual
1146,1,motorcycle,718.58,401.99,750.96,430.48,0,0,0,0,manual
1147,1,motorcycle,719.37,401.2,751.75,429.69,0,0,0,0,manual
1148,1,motorcycle,720.17,400.4,752.55,428.89,0,0,0,0,manual
1149,1,motorcycle,720.97,399.6,753.35,428.09,0,0,0,0,manual
1150,1,motorcycle,721.77,398.8,754.15,427.29,0,0,1,0,manual
1151,1,motorcycle,722.19,397.89,754.57,426.38,0,0,0,0,manual
1152,1,motorcycle,722.61,396.99,754.99,425.48,0,0,0,0,manual
1153,1,motorcycle,723.03,396.08,755.41,424.57,0,0,0,0,manual
1154,1,motorcycle,723.45,395.18,755.83,423.67,0,0,0,0,manual
1155,1,motorcycle,723.88,394.27,756.25,422.76,0,0,0,0,manual
1156,1,motorcycle,724.3,393.36,756.67,421.85,0,0,0,0,manual
1157,1,motorcycle,724.72,392.46,757.1,420.95,0,0,0,0,manual
1158,1,motorcycle,725.14,391.55,757.52,420.04,0,0,0,0,manual
1159,1,motorcycle,725.56,390.64,757.94,419.13,0,0,0,0,manual
1160,1,motorcycle,725.98,389.74,758.36,418.23,0,0,0,0,manual
1161,1,motorcycle,726.4,388.83,758.78,417.32,0,0,0,0,manual
1162,1,motorcycle,726.82,387.93,759.2,416.42,0,0,0,0,manual
1163,1,motorcycle,727.24,387.02,759.62,415.51,0,0,0,0,manual
1164,1,motorcycle,727.66,386.11,760.04,414.6,0,0,0,0,manual
1165,1,motorcycle,728.09,385.21,760.46,413.7,0,0,0,0,manual
1166,1,motorcycle,728.51,384.3,760.88,412.79,0,0,0,0,manual
1167,1,motorcycle,728.93,383.39,761.3,411.88,0,0,0,0,manual
1168,1,motorcycle,729.35,382.49,761.72,410.98,0,0,0,0,manual
1169,1,motorcycle,729.77,381.58,762.14,410.07,0,0,0,0,manual
1170,1,motorcycle,730.19,380.68,762.57,409.17,0,0,0,0,manual
1171,1,motorcycle,730.61,379.77,762.99,408.26,0,0,0,0,manual
1172,1,motorcycle,731.03,378.86,763.41,407.35,0,0,0,0,manual
1173,1,motorcycle,731.45,377.96,763.83,406.45,0,0,0,0,manual
1174,1,motorcycle,731.87,377.05,764.25,405.54,0,0,0,0,manual
1175,1,motorcycle,732.29,376.14,764.67,404.63,0,0,0,0,manual
1176,1,motorcycle,732.72,375.24,765.09,403.73,0,0,0,0,manual
1177,1,motorcycle,733.14,374.33,765.51,402.82,0,0,0,0,manual
1178,1,motorcycle,733.56,373.43,765.93,401.92,0,0,0,0,manual
1179,1,motorcycle,733.98,372.52,766.35,401.01,0,0,0,0,manual
1180,1,motorcycle,734.4,371.61,766.77,400.1,0,0,0,0,manual
1181,1,motorcycle,734.82,370.71,767.19,399.2,0,0,0,0,manual
1182,1,motorcycle,735.24,369.8,767.61,398.29,0,0,0,0,manual
1183,1,motorcycle,735.66,368.89,768.03,397.38,0,0,0,0,manual
1184,1,motorcycle,736.08,367.99,768.46,396.48,0,0,0,0,manual
1185,1,motorcycle,736.5,367.08,768.88,395.57,0,0,0,0,manual
1186,1,motorcycle,736.93,366.18,769.3,394.67,0,0,0,0,manual
1187,1,motorcycle,737.35,365.27,769.72,393.76,0,0,0,0,manual
1188,1,motorcycle,737.77,364.36,770.14,392.85,0,0,0,0,manual
1189,1,motorcycle,738.19,363.46,770.56,391.95,0,0,0,0,manual
1190,1,motorcycle,738.61,362.55,770.98,391.04,0,0,1,0,manual
1191,1,motorcycle,738.61,361.69,770.98,390.18,0,0,0,0,manual
1192,1,motorcycle,738.61,360.82,770.98,389.31,0,0,0,0,manual
1193,1,motorcycle,738.61,359.96,770.98,388.45,0,0,0,0,manual
1194,1,motorcycle,738.61,359.1,770.98,387.59,0,0,0,0,manual
1195,1,motorcycle,738.61,358.23,770.98,386.72,0,0,0,0,manual
1196,1,motorcycle,738.61,357.37,770.98,385.86,0,0,0,0,manual
1197,1,motorcycle,738.61,356.51,770.98,385.0,0,0,0,0,manual
1198,1,motorcycle,738.61,355.64,770.98,384.13,0,0,0,0,manual
1199,1,motorcycle,738.61,354.78,770.98,383.27,0,0,0,0,manual
1200,1,motorcycle,738.61,353.92,770.98,382.41,0,0,0,0,manual
1201,1,motorcycle,738.61,353.05,770.98,381.54,0,0,0,0,manual
1202,1,motorcycle,738.61,352.19,770.98,380.68,0,0,0,0,manual
1203,1,motorcycle,738.61,351.33,770.98,379.82,0,0,0,0,manual
1204,1,motorcycle,738.61,350.46,770.98,378.95,0,0,0,0,manual
1205,1,motorcycle,738.61,349.6,770.98,378.09,0,0,0,0,manual
1206,1,motorcycle,738.61,348.74,770.98,377.23,0,0,0,0,manual
1207,1,motorcycle,738.61,347.87,770.98,376.36,0,0,0,0,manual
1208,1,motorcycle,738.61,347.01,770.98,375.5,0,0,0,0,manual
1209,1,motorcycle,738.61,346.15,770.98,374.64,0,0,0,0,manual
1210,1,motorcycle,738.61,345.28,770.98,373.77,0,0,0,0,manual
1211,1,motorcycle,738.61,344.42,770.98,372.91,0,0,0,0,manual
1212,1,motorcycle,738.61,343.56,770.98,372.05,0,0,0,0,manual
1213,1,motorcycle,738.61,342.69,770.98,371.18,0,0,0,0,manual
1214,1,motorcycle,738.61,341.83,770.98,370.32,0,0,0,0,manual
1215,1,motorcycle,738.61,340.97,770.98,369.46,0,0,0,0,manual
1216,1,motorcycle,738.61,340.1,770.98,368.59,0,0,0,0,manual
1217,1,motorcycle,738.61,339.24,770.98,367.73,0,0,0,0,manual
1218,1,motorcycle,738.61,338.38,770.98,366.87,0,0,0,0,manual
1219,1,motorcycle,738.61,337.51,770.98,366.0,0,0,0,0,manual
1220,1,motorcycle,738.61,336.65,770.98,365.14,0,0,1,0,manual
1221,1,motorcycle,738.48,335.48,770.85,363.97,0,0,0,0,manual
1222,1,motorcycle,738.35,334.32,770.72,362.81,0,0,0,0,manual
1223,1,motorcycle,738.22,333.15,770.59,361.64,0,0,0,0,manual
1224,1,motorcycle,738.09,331.99,770.46,360.48,0,0,0,0,manual
1225,1,motorcycle,737.96,330.82,770.33,359.31,0,0,0,0,manual
1226,1,motorcycle,737.83,329.66,770.2,358.15,0,0,0,0,manual
1227,1,motorcycle,737.7,328.49,770.07,356.98,0,0,0,0,manual
1228,1,motorcycle,737.57,327.33,769.94,355.82,0,0,0,0,manual
1229,1,motorcycle,737.44,326.16,769.81,354.65,0,0,0,0,manual
1230,1,motorcycle,737.32,325.0,769.68,353.49,0,0,0,0,manual
1231,1,motorcycle,737.19,323.83,769.56,352.32,0,0,0,0,manual
1232,1,motorcycle,737.06,322.66,769.43,351.15,0,0,0,0,manual
1233,1,motorcycle,736.93,321.5,769.3,349.99,0,0,0,0,manual
1234,1,motorcycle,736.8,320.33,769.17,348.82,0,0,0,0,manual
1235,1,motorcycle,736.67,319.17,769.04,347.66,0,0,0,0,manual
1236,1,motorcycle,736.54,318.0,768.91,346.49,0,0,0,0,manual
1237,1,motorcycle,736.41,316.84,768.78,345.33,0,0,0,0,manual
1238,1,motorcycle,736.28,315.67,768.65,344.16,0,0,0,0,manual
1239,1,motorcycle,736.15,314.51,768.52,343.0,0,0,0,0,manual
1240,1,motorcycle,736.02,313.34,768.39,341.83,0,0,0,0,manual
1241,1,motorcycle,735.89,312.17,768.26,340.66,0,0,0,0,manual
1242,1,motorcycle,735.76,311.01,768.13,339.5,0,0,0,0,manual
1243,1,motorcycle,735.63,309.84,768.0,338.33,0,0,0,0,manual
1244,1,motorcycle,735.5,308.68,767.87,337.17,0,0,0,0,manual
1245,1,motorcycle,735.37,307.51,767.74,336.0,0,0,0,0,manual
1246,1,motorcycle,735.24,306.35,767.61,334.84,0,0,0,0,manual
1247,1,motorcycle,735.11,305.18,767.48,333.67,0,0,0,0,manual
1248,1,motorcycle,734.98,304.02,767.35,332.51,0,0,0,0,manual
1249,1,motorcycle,734.85,302.85,767.22,331.34,0,0,0,0,manual
1250,1,motorcycle,734.72,301.68,767.1,330.17,0,0,0,0,manual
1251,1,motorcycle,734.6,300.52,766.97,329.01,0,0,0,0,manual
1252,1,motorcycle,734.47,299.35,766.84,327.84,0,0,0,0,manual
1253,1,motorcycle,734.34,298.19,766.71,326.68,0,0,0,0,manual
1254,1,motorcycle,734.21,297.02,766.58,325.51,0,0,0,0,manual
1255,1,motorcycle,734.08,295.86,766.45,324.35,0,0,0,0,manual
1256,1,motorcycle,733.95,294.69,766.32,323.18,0,0,0,0,manual
1257,1,motorcycle,733.82,293.53,766.19,322.02,0,0,0,0,manual
1258,1,motorcycle,733.69,292.36,766.06,320.85,0,0,0,0,manual
1259,1,motorcycle,733.56,291.2,765.93,319.69,0,0,0,0,manual
1260,1,motorcycle,733.43,290.03,765.8,318.52,0,0,1,0,manual
1261,1,motorcycle,733.67,288.66,766.05,317.15,0,0,0,0,manual
1262,1,motorcycle,733.92,287.3,766.29,315.79,0,0,0,0,manual
1263,1,motorcycle,734.16,285.93,766.54,314.42,0,0,0,0,manual
1264,1,motorcycle,734.41,284.57,766.78,313.06,0,0,0,0,manual
1265,1,motorcycle,734.65,283.2,767.03,311.69,0,0,0,0,manual
1266,1,motorcycle,734.9,281.84,767.27,310.33,0,0,0,0,manual
1267,1,motorcycle,735.14,280.47,767.52,308.96,0,0,0,0,manual
1268,1,motorcycle,735.39,279.11,767.76,307.6,0,0,0,0,manual
1269,1,motorcycle,735.63,277.74,768.01,306.23,0,0,0,0,manual
1270,1,motorcycle,735.88,276.38,768.25,304.87,0,0,0,0,manual
1271,1,motorcycle,736.12,275.01,768.5,303.5,0,0,0,0,manual
1272,1,motorcycle,736.37,273.65,768.74,302.14,0,0,0,0,manual
1273,1,motorcycle,736.61,272.28,768.99,300.77,0,0,0,0,manual
1274,1,motorcycle,736.86,270.92,769.23,299.41,0,0,0,0,manual
1275,1,motorcycle,737.1,269.55,769.48,298.04,0,0,0,0,manual
1276,1,motorcycle,737.35,268.19,769.72,296.68,0,0,0,0,manual
1277,1,motorcycle,737.59,266.82,769.97,295.31,0,0,0,0,manual
1278,1,motorcycle,737.84,265.46,770.21,293.95,0,0,0,0,manual
1279,1,motorcycle,738.08,264.09,770.46,292.58,0,0,0,0,manual
1280,1,motorcycle,738.33,262.73,770.7,291.22,0,0,0,0,manual
1281,1,motorcycle,738.57,261.36,770.95,289.85,0,0,0,0,manual
1282,1,motorcycle,738.82,260.0,771.19,288.49,0,0,0,0,manual
1283,1,motorcycle,739.06,258.63,771.44,287.12,0,0,0,0,manual
1284,1,motorcycle,739.31,257.27,771.68,285.76,0,0,0,0,manual
1285,1,motorcycle,739.55,255.9,771.93,284.39,0,0,0,0,manual
1286,1,motorcycle,739.8,254.54,772.17,283.03,0,0,0,0,manual
1287,1,motorcycle,740.04,253.17,772.42,281.66,0,0,0,0,manual
1288,1,motorcycle,740.29,251.81,772.66,280.3,0,0,0,0,manual
1289,1,motorcycle,740.53,250.44,772.91,278.93,0,0,0,0,manual
1290,1,motorcycle,740.78,249.08,773.15,277.57,0,0,0,0,manual
1291,1,motorcycle,741.02,247.71,773.4,276.2,0,0,0,0,manual
1292,1,motorcycle,741.27,246.35,773.64,274.84,0,0,0,0,manual
1293,1,motorcycle,741.51,244.98,773.89,273.47,0,0,0,0,manual
1294,1,motorcycle,741.76,243.62,774.13,272.11,0,0,0,0,manual
1295,1,motorcycle,742.0,242.25,774.38,270.74,0,0,0,0,manual
1296,1,motorcycle,742.25,240.89,774.62,269.38,0,0,0,0,manual
1297,1,motorcycle,742.49,239.52,774.87,268.01,0,0,1,0,manual
1298,1,motorcycle,742.98,238.13,775.36,266.62,0,0,0,0,manual
1299,1,motorcycle,743.46,236.74,775.84,265.23,0,0,0,0,manual
1300,1,motorcycle,743.95,235.34,776.33,263.83,0,0,0,0,manual
1301,1,motorcycle,744.43,233.95,776.81,262.44,0,0,0,0,manual
1302,1,motorcycle,744.92,232.56,777.3,261.05,0,0,0,0,manual
1303,1,motorcycle,745.4,231.17,777.78,259.66,0,0,0,0,manual
1304,1,motorcycle,745.89,229.78,778.27,258.27,0,0,0,0,manual
1305,1,motorcycle,746.38,228.38,778.75,256.87,0,0,0,0,manual
1306,1,motorcycle,746.86,226.99,779.24,255.48,0,0,0,0,manual
1307,1,motorcycle,747.35,225.6,779.73,254.09,0,0,0,0,manual
1308,1,motorcycle,747.83,224.21,780.21,252.7,0,0,0,0,manual
1309,1,motorcycle,748.32,222.82,780.7,251.31,0,0,0,0,manual
1310,1,motorcycle,748.8,221.42,781.18,249.91,0,0,0,0,manual
1311,1,motorcycle,749.29,220.03,781.67,248.52,0,0,0,0,manual
1312,1,motorcycle,749.78,218.64,782.15,247.13,0,0,0,0,manual
1313,1,motorcycle,750.26,217.25,782.64,245.74,0,0,0,0,manual
1314,1,motorcycle,750.75,215.86,783.12,244.35,0,0,0,0,manual
1315,1,motorcycle,751.23,214.46,783.61,242.95,0,0,0,0,manual
1316,1,motorcycle,751.72,213.07,784.09,241.56,0,0,0,0,manual
1317,1,motorcycle,752.2,211.68,784.58,240.17,0,0,0,0,manual
1318,1,motorcycle,752.69,210.29,785.07,238.78,0,0,0,0,manual
1319,1,motorcycle,753.18,208.9,785.55,237.39,0,0,0,0,manual
1320,1,motorcycle,753.66,207.5,786.04,235.99,0,0,0,0,manual
1321,1,motorcycle,754.15,206.11,786.52,234.6,0,0,0,0,manual
1322,1,motorcycle,754.63,204.72,787.01,233.21,0,0,0,0,manual
1323,1,motorcycle,755.12,203.33,787.49,231.82,0,0,0,0,manual
1324,1,motorcycle,755.61,201.94,787.98,230.43,0,0,0,0,manual
1325,1,motorcycle,756.09,200.54,788.46,229.03,0,0,0,0,manual
1326,1,motorcycle,756.58,199.15,788.95,227.64,0,0,0,0,manual
1327,1,motorcycle,757.06,197.76,789.43,226.25,0,0,0,0,manual
1328,1,motorcycle,757.55,196.37,789.92,224.86,0,0,0,0,manual
1329,1,motorcycle,758.03,194.98,790.41,223.47,0,0,0,0,manual
1330,1,motorcycle,758.52,193.58,790.89,222.07,0,0,0,0,manual
1331,1,motorcycle,759.01,192.19,791.38,220.68,0,0,0,0,manual
1332,1,motorcycle,759.49,190.8,791.86,219.29,0,0,0,0,manual
1333,1,motorcycle,759.98,189.41,792.35,217.9,0,0,0,0,manual
1334,1,motorcycle,760.46,188.02,792.83,216.51,0,0,0,0,manual
1335,1,motorcycle,760.95,186.62,793.32,215.11,0,0,0,0,manual
1336,1,motorcycle,761.43,185.23,793.8,213.72,0,0,0,0,manual
1337,1,motorcycle,761.92,183.84,794.29,212.33,0,0,1,0,manual
1338,1,motorcycle,762.27,182.8,794.64,211.34,0,0,0,0,manual
1339,1,motorcycle,762.61,181.77,794.98,210.34,0,0,0,0,manual
1340,1,motorcycle,762.96,180.73,795.33,209.35,0,0,0,0,manual
1341,1,motorcycle,763.3,179.69,795.67,208.36,0,0,0,0,manual
1342,1,motorcycle,763.65,178.65,796.02,207.37,0,0,0,0,manual
1343,1,motorcycle,763.99,177.62,796.36,206.37,0,0,0,0,manual
1344,1,motorcycle,764.34,176.58,796.71,205.38,0,0,0,0,manual
1345,1,motorcycle,764.68,175.54,797.05,204.39,0,0,0,0,manual
1346,1,motorcycle,765.03,174.5,797.4,203.4,0,0,0,0,manual
1347,1,motorcycle,765.37,173.47,797.74,202.4,0,0,0,0,manual
1348,1,motorcycle,765.72,172.43,798.09,201.41,0,0,0,0,manual
1349,1,motorcycle,766.06,171.39,798.43,200.42,0,0,0,0,manual
1350,1,motorcycle,766.41,170.35,798.78,199.43,0,0,0,0,manual
1351,1,motorcycle,766.75,169.32,799.12,198.43,0,0,0,0,manual
1352,1,motorcycle,767.1,168.28,799.47,197.44,0,0,0,0,manual
1353,1,motorcycle,767.45,167.24,799.82,196.45,0,0,0,0,manual
1354,1,motorcycle,767.79,166.21,800.16,195.45,0,0,0,0,manual
1355,1,motorcycle,768.14,165.17,800.51,194.46,0,0,0,0,manual
1356,1,motorcycle,768.48,164.13,800.85,193.47,0,0,0,0,manual
1357,1,motorcycle,768.83,163.09,801.2,192.48,0,0,0,0,manual
1358,1,motorcycle,769.17,162.06,801.54,191.48,0,0,0,0,manual
1359,1,motorcycle,769.52,161.02,801.89,190.49,0,0,0,0,manual
1360,1,motorcycle,769.86,159.98,802.23,189.5,0,0,0,0,manual
1361,1,motorcycle,770.21,158.94,802.58,188.51,0,0,0,0,manual
1362,1,motorcycle,770.55,157.91,802.92,187.51,0,0,0,0,manual
1363,1,motorcycle,770.9,156.87,803.27,186.52,0,0,0,0,manual
1364,1,motorcycle,771.24,155.83,803.61,185.53,0,0,0,0,manual
1365,1,motorcycle,771.59,154.79,803.96,184.54,0,0,0,0,manual
1366,1,motorcycle,771.93,153.76,804.3,183.54,0,0,0,0,manual
1367,1,motorcycle,772.28,152.72,804.65,182.55,0,0,1,0,manual
1368,1,motorcycle,772.02,151.81,804.39,181.64,0,0,0,0,manual
1369,1,motorcycle,771.76,150.91,804.13,180.74,0,0,0,0,manual
1370,1,motorcycle,771.5,150.0,803.87,179.83,0,0,0,0,manual
1371,1,motorcycle,771.24,149.09,803.61,178.92,0,0,0,0,manual
1372,1,motorcycle,770.99,148.19,803.36,178.02,0,0,0,0,manual
1373,1,motorcycle,770.73,147.28,803.1,177.11,0,0,0,0,manual
1374,1,motorcycle,770.47,146.37,802.84,176.2,0,0,0,0,manual
1375,1,motorcycle,770.21,145.47,802.58,175.3,0,0,0,0,manual
1376,1,motorcycle,769.95,144.56,802.32,174.39,0,0,0,0,manual
1377,1,motorcycle,769.69,143.66,802.06,173.49,0,0,0,0,manual
1378,1,motorcycle,769.43,142.75,801.8,172.58,0,0,0,0,manual
1379,1,motorcycle,769.17,141.84,801.54,171.67,0,0,0,0,manual
1380,1,motorcycle,768.91,140.94,801.28,170.77,0,0,0,0,manual
1381,1,motorcycle,768.65,140.03,801.02,169.86,0,0,0,0,manual
1382,1,motorcycle,768.39,139.12,800.76,168.95,0,0,0,0,manual
1383,1,motorcycle,768.14,138.22,800.51,168.05,0,0,0,0,manual
1384,1,motorcycle,767.88,137.31,800.25,167.14,0,0,0,0,manual
1385,1,motorcycle,767.62,136.4,799.99,166.23,0,0,0,0,manual
1386,1,motorcycle,767.36,135.5,799.73,165.33,0,0,0,0,manual
1387,1,motorcycle,767.1,134.59,799.47,164.42,0,0,1,0,manual
1388,1,motorcycle,767.1,134.59,799.47,164.42,1,0,1,0,manual
1410,2,motorcycle,984.65,1010.03,1009.25,1044.99,0,0,1,0,manual
1411,2,motorcycle,984.2,1008.18,1008.8,1043.14,0,0,0,0,manual
1412,2,motorcycle,983.74,1006.34,1008.34,1041.3,0,0,0,0,manual
1413,2,motorcycle,983.29,1004.49,1007.89,1039.45,0,0,0,0,manual
1414,2,motorcycle,982.84,1002.65,1007.44,1037.61,0,0,0,0,manual
1415,2,motorcycle,982.38,1000.8,1006.98,1035.76,0,0,0,0,manual
1416,2,motorcycle,981.93,998.96,1006.53,1033.92,0,0,0,0,manual
1417,2,motorcycle,981.48,997.11,1006.08,1032.07,0,0,0,0,manual
1418,2,motorcycle,981.02,995.27,1005.62,1030.23,0,0,0,0,manual
1419,2,motorcycle,980.57,993.42,1005.17,1028.38,0,0,0,0,manual
1420,2,motorcycle,980.12,991.58,1004.72,1026.54,0,0,0,0,manual
1421,2,motorcycle,979.66,989.73,1004.26,1024.69,0,0,0,0,manual
1422,2,motorcycle,979.21,987.89,1003.81,1022.85,0,0,0,0,manual
1423,2,motorcycle,978.76,986.04,1003.36,1021.0,0,0,0,0,manual
1424,2,motorcycle,978.3,984.19,1002.9,1019.16,0,0,0,0,manual
1425,2,motorcycle,977.85,982.35,1002.45,1017.31,0,0,0,0,manual
1426,2,motorcycle,977.4,980.5,1002.0,1015.47,0,0,0,0,manual
1427,2,motorcycle,976.94,978.66,1001.54,1013.62,0,0,0,0,manual
1428,2,motorcycle,976.49,976.81,1001.09,1011.78,0,0,0,0,manual
1429,2,motorcycle,976.04,974.97,1000.64,1009.93,0,0,0,0,manual
1430,2,motorcycle,975.59,973.12,1000.18,1008.09,0,0,0,0,manual
1431,2,motorcycle,975.13,971.28,999.73,1006.24,0,0,0,0,manual
1432,2,motorcycle,974.68,969.43,999.28,1004.39,0,0,0,0,manual
1433,2,motorcycle,974.23,967.59,998.83,1002.55,0,0,0,0,manual
1434,2,motorcycle,973.77,965.74,998.37,1000.7,0,0,0,0,manual
1435,2,motorcycle,973.32,963.9,997.92,998.86,0,0,0,0,manual
1436,2,motorcycle,972.87,962.05,997.47,997.01,0,0,0,0,manual
1437,2,motorcycle,972.41,960.2,997.01,995.17,0,0,0,0,manual
1438,2,motorcycle,971.96,958.36,996.56,993.32,0,0,0,0,manual
1439,2,motorcycle,971.51,956.51,996.11,991.48,0,0,0,0,manual
1440,2,motorcycle,971.05,954.67,995.65,989.63,0,0,0,0,manual
1441,2,motorcycle,970.6,952.82,995.2,987.79,0,0,0,0,manual
1442,2,motorcycle,970.15,950.98,994.75,985.94,0,0,0,0,manual
1443,2,motorcycle,969.69,949.13,994.29,984.1,0,0,0,0,manual
1444,2,motorcycle,969.24,947.29,993.84,982.25,0,0,0,0,manual
1445,2,motorcycle,968.79,945.44,993.39,980.41,0,0,0,0,manual
1446,2,motorcycle,968.33,943.6,992.93,978.56,0,0,0,0,manual
1447,2,motorcycle,967.88,941.75,992.48,976.72,0,0,0,0,manual
1448,2,motorcycle,967.43,939.91,992.03,974.87,0,0,0,0,manual
1449,2,motorcycle,966.97,938.06,991.57,973.03,0,0,0,0,manual
1450,2,motorcycle,966.52,936.21,991.12,971.18,0,0,0,0,manual
1451,2,motorcycle,966.07,934.37,990.67,969.33,0,0,0,0,manual
1452,2,motorcycle,965.61,932.52,990.21,967.49,0,0,0,0,manual
1453,2,motorcycle,965.16,930.68,989.76,965.64,0,0,0,0,manual
1454,2,motorcycle,964.71,928.83,989.31,963.8,0,0,0,0,manual
1455,2,motorcycle,964.25,926.99,988.85,961.95,0,0,0,0,manual
1456,2,motorcycle,963.8,925.14,988.4,960.11,0,0,0,0,manual
1457,2,motorcycle,963.35,923.3,987.95,958.26,0,0,0,0,manual
1458,2,motorcycle,962.89,921.45,987.49,956.42,0,0,0,0,manual
1459,2,motorcycle,962.44,919.61,987.04,954.57,0,0,0,0,manual
1460,2,motorcycle,961.99,917.76,986.59,952.73,0,0,0,0,manual
1461,2,motorcycle,961.53,915.92,986.13,950.88,0,0,0,0,manual
1462,2,motorcycle,961.08,914.07,985.68,949.04,0,0,0,0,manual
1463,2,motorcycle,960.63,912.23,985.23,947.19,0,0,0,0,manual
1464,2,motorcycle,960.17,910.38,984.77,945.35,0,0,0,0,manual
1465,2,motorcycle,959.72,908.53,984.32,943.5,0,0,0,0,manual
1466,2,motorcycle,959.27,906.69,983.87,941.66,0,0,0,0,manual
1467,2,motorcycle,958.81,904.84,983.41,939.81,0,0,0,0,manual
1468,2,motorcycle,958.36,903.0,982.96,937.97,0,0,0,0,manual
1469,2,motorcycle,957.91,901.15,982.51,936.12,0,0,0,0,manual
1470,2,motorcycle,957.45,899.31,982.06,934.27,0,0,0,0,manual
1471,2,motorcycle,957.0,897.46,981.6,932.43,0,0,0,0,manual
1472,2,motorcycle,956.55,895.62,981.15,930.58,0,0,0,0,manual
1473,2,motorcycle,956.1,893.77,980.7,928.74,0,0,0,0,manual
1474,2,motorcycle,955.64,891.93,980.24,926.89,0,0,0,0,manual
1475,2,motorcycle,955.19,890.08,979.79,925.05,0,0,0,0,manual
1476,2,motorcycle,954.74,888.24,979.34,923.2,0,0,0,0,manual
1477,2,motorcycle,954.28,886.39,978.88,921.36,0,0,0,0,manual
1478,2,motorcycle,953.83,884.54,978.43,919.51,0,0,0,0,manual
1479,2,motorcycle,953.38,882.7,977.98,917.67,0,0,0,0,manual
1480,2,motorcycle,952.92,880.85,977.52,915.82,0,0,0,0,manual
1481,2,motorcycle,952.47,879.01,977.07,913.98,0,0,0,0,manual
1482,2,motorcycle,952.02,877.16,976.62,912.13,0,0,0,0,manual
1483,2,motorcycle,951.56,875.32,976.16,910.29,0,0,0,0,manual
1484,2,motorcycle,951.11,873.47,975.71,908.44,0,0,0,0,manual
1485,2,motorcycle,950.66,871.63,975.26,906.6,0,0,0,0,manual
1486,2,motorcycle,950.2,869.78,974.8,904.75,0,0,0,0,manual
1487,2,motorcycle,949.75,867.94,974.35,902.91,0,0,0,0,manual
1488,2,motorcycle,949.3,866.09,973.9,901.06,0,0,0,0,manual
1489,2,motorcycle,948.84,864.25,973.44,899.22,0,0,0,0,manual
1490,2,motorcycle,948.39,862.4,972.99,897.37,0,0,1,0,manual
1491,2,motorcycle,947.99,861.13,972.59,896.1,0,0,0,0,manual
1492,2,motorcycle,947.6,859.86,972.2,894.83,0,0,0,0,manual
1493,2,motorcycle,947.2,858.59,971.8,893.56,0,0,0,0,manual
1494,2,motorcycle,946.8,857.31,971.4,892.28,0,0,0,0,manual
1495,2,motorcycle,946.41,856.04,971.01,891.01,0,0,0,0,manual
1496,2,motorcycle,946.01,854.77,970.61,889.74,0,0,0,0,manual
1497,2,motorcycle,945.62,853.5,970.22,888.47,0,0,0,0,manual
1498,2,motorcycle,945.22,852.23,969.82,887.2,0,0,0,0,manual
1499,2,motorcycle,944.82,850.96,969.42,885.93,0,0,0,0,manual
1500,2,motorcycle,944.43,849.69,969.03,884.66,0,0,0,0,manual
1501,2,motorcycle,944.03,848.41,968.63,883.38,0,0,0,0,manual
1502,2,motorcycle,943.63,847.14,968.23,882.11,0,0,0,0,manual
1503,2,motorcycle,943.24,845.87,967.84,880.84,0,0,0,0,manual
1504,2,motorcycle,942.84,844.6,967.44,879.57,0,0,0,0,manual
1505,2,motorcycle,942.45,843.33,967.05,878.3,0,0,0,0,manual
1506,2,motorcycle,942.05,842.06,966.65,877.03,0,0,0,0,manual
1507,2,motorcycle,941.65,840.79,966.25,875.76,0,0,0,0,manual
1508,2,motorcycle,941.26,839.52,965.86,874.48,0,0,0,0,manual
1509,2,motorcycle,940.86,838.24,965.46,873.21,0,0,0,0,manual
1510,2,motorcycle,940.46,836.97,965.06,871.94,0,0,0,0,manual
1511,2,motorcycle,940.07,835.7,964.67,870.67,0,0,0,0,manual
1512,2,motorcycle,939.67,834.43,964.27,869.4,0,0,0,0,manual
1513,2,motorcycle,939.27,833.16,963.87,868.13,0,0,0,0,manual
1514,2,motorcycle,938.88,831.89,963.48,866.86,0,0,0,0,manual
1515,2,motorcycle,938.48,830.62,963.08,865.58,0,0,0,0,manual
1516,2,motorcycle,938.09,829.34,962.69,864.31,0,0,0,0,manual
1517,2,motorcycle,937.69,828.07,962.29,863.04,0,0,0,0,manual
1518,2,motorcycle,937.29,826.8,961.89,861.77,0,0,0,0,manual
1519,2,motorcycle,936.9,825.53,961.5,860.5,0,0,0,0,manual
1520,2,motorcycle,936.5,824.26,961.1,859.23,0,0,0,0,manual
1521,2,motorcycle,936.1,822.99,960.7,857.95,0,0,0,0,manual
1522,2,motorcycle,935.71,821.72,960.31,856.68,0,0,0,0,manual
1523,2,motorcycle,935.31,820.44,959.91,855.41,0,0,0,0,manual
1524,2,motorcycle,934.92,819.17,959.52,854.14,0,0,0,0,manual
1525,2,motorcycle,934.52,817.9,959.12,852.87,0,0,0,0,manual
1526,2,motorcycle,934.12,816.63,958.72,851.6,0,0,0,0,manual
1527,2,motorcycle,933.73,815.36,958.33,850.33,0,0,0,0,manual
1528,2,motorcycle,933.33,814.09,957.93,849.05,0,0,0,0,manual
1529,2,motorcycle,932.93,812.82,957.53,847.78,0,0,0,0,manual
1530,2,motorcycle,932.54,811.55,957.14,846.51,0,0,0,0,manual
1531,2,motorcycle,932.14,810.27,956.74,845.24,0,0,0,0,manual
1532,2,motorcycle,931.74,809.0,956.34,843.97,0,0,0,0,manual
1533,2,motorcycle,931.35,807.73,955.95,842.7,0,0,0,0,manual
1534,2,motorcycle,930.95,806.46,955.55,841.43,0,0,0,0,manual
1535,2,motorcycle,930.56,805.19,955.16,840.15,0,0,0,0,manual
1536,2,motorcycle,930.16,803.92,954.76,838.88,0,0,0,0,manual
1537,2,motorcycle,929.76,802.65,954.36,837.61,0,0,0,0,manual
1538,2,motorcycle,929.37,801.37,953.97,836.34,0,0,0,0,manual
1539,2,motorcycle,928.97,800.1,953.57,835.07,0,0,0,0,manual
1540,2,motorcycle,928.57,798.83,953.17,833.8,0,0,0,0,manual
1541,2,motorcycle,928.18,797.56,952.78,832.53,0,0,0,0,manual
1542,2,motorcycle,927.78,796.29,952.38,831.25,0,0,0,0,manual
1543,2,motorcycle,927.39,795.02,951.99,829.98,0,0,0,0,manual
1544,2,motorcycle,926.99,793.75,951.59,828.71,0,0,0,0,manual
1545,2,motorcycle,926.59,792.47,951.19,827.44,0,0,0,0,manual
1546,2,motorcycle,926.2,791.2,950.8,826.17,0,0,0,0,manual
1547,2,motorcycle,925.8,789.93,950.4,824.9,0,0,0,0,manual
1548,2,motorcycle,925.4,788.66,950.0,823.63,0,0,0,0,manual
1549,2,motorcycle,925.01,787.39,949.61,822.35,0,0,0,0,manual
1550,2,motorcycle,924.61,786.12,949.21,821.08,0,0,1,0,manual
1551,2,motorcycle,924.03,784.85,948.63,819.81,0,0,0,0,manual
1552,2,motorcycle,923.44,783.58,948.04,818.54,0,0,0,0,manual
1553,2,motorcycle,922.85,782.3,947.45,817.27,0,0,0,0,manual
1554,2,motorcycle,922.27,781.03,946.87,816.0,0,0,0,0,manual
1555,2,motorcycle,921.68,779.76,946.28,814.73,0,0,0,0,manual
1556,2,motorcycle,921.09,778.49,945.69,813.45,0,0,0,0,manual
1557,2,motorcycle,920.51,777.22,945.11,812.18,0,0,0,0,manual
1558,2,motorcycle,919.92,775.95,944.52,810.91,0,0,0,0,manual
1559,2,motorcycle,919.34,774.68,943.94,809.64,0,0,0,0,manual
1560,2,motorcycle,918.75,773.4,943.35,808.37,0,0,0,0,manual
1561,2,motorcycle,918.16,772.13,942.76,807.1,0,0,0,0,manual
1562,2,motorcycle,917.58,770.86,942.18,805.83,0,0,0,0,manual
1563,2,motorcycle,916.99,769.59,941.59,804.55,0,0,0,0,manual
1564,2,motorcycle,916.4,768.32,941.0,803.28,0,0,0,0,manual
1565,2,motorcycle,915.82,767.05,940.42,802.01,0,0,0,0,manual
1566,2,motorcycle,915.23,765.78,939.83,800.74,0,0,0,0,manual
1567,2,motorcycle,914.65,764.5,939.25,799.47,0,0,0,0,manual
1568,2,motorcycle,914.06,763.23,938.66,798.2,0,0,0,0,manual
1569,2,motorcycle,913.47,761.96,938.07,796.93,0,0,0,0,manual
1570,2,motorcycle,912.89,760.69,937.49,795.65,0,0,0,0,manual
1571,2,motorcycle,912.3,759.42,936.9,794.38,0,0,0,0,manual
1572,2,motorcycle,911.71,758.15,936.31,793.11,0,0,0,0,manual
1573,2,motorcycle,911.13,756.88,935.73,791.84,0,0,0,0,manual
1574,2,motorcycle,910.54,755.61,935.14,790.57,0,0,0,0,manual
1575,2,motorcycle,909.96,754.33,934.56,789.3,0,0,0,0,manual
1576,2,motorcycle,909.37,753.06,933.97,788.02,0,0,0,0,manual
1577,2,motorcycle,908.78,751.79,933.38,786.75,0,0,0,0,manual
1578,2,motorcycle,908.2,750.52,932.8,785.48,0,0,0,0,manual
1579,2,motorcycle,907.61,749.25,932.21,784.21,0,0,0,0,manual
1580,2,motorcycle,907.02,747.98,931.62,782.94,0,0,0,0,manual
1581,2,motorcycle,906.44,746.71,931.04,781.67,0,0,0,0,manual
1582,2,motorcycle,905.85,745.43,930.45,780.4,0,0,0,0,manual
1583,2,motorcycle,905.27,744.16,929.87,779.12,0,0,0,0,manual
1584,2,motorcycle,904.68,742.89,929.28,777.85,0,0,0,0,manual
1585,2,motorcycle,904.09,741.62,928.69,776.58,0,0,0,0,manual
1586,2,motorcycle,903.51,740.35,928.11,775.31,0,0,0,0,manual
1587,2,motorcycle,902.92,739.08,927.52,774.04,0,0,0,0,manual
1588,2,motorcycle,902.33,737.81,926.93,772.77,0,0,0,0,manual
1589,2,motorcycle,901.75,736.53,926.35,771.5,0,0,0,0,manual
1590,2,motorcycle,901.16,735.26,925.76,770.22,0,0,0,0,manual
1591,2,motorcycle,900.58,733.99,925.18,768.95,0,0,0,0,manual
1592,2,motorcycle,899.99,732.72,924.59,767.68,0,0,0,0,manual
1593,2,motorcycle,899.4,731.45,924.0,766.41,0,0,0,0,manual
1594,2,motorcycle,898.82,730.18,923.42,765.14,0,0,0,0,manual
1595,2,motorcycle,898.23,728.91,922.83,763.87,0,0,0,0,manual
1596,2,motorcycle,897.64,727.64,922.24,762.6,0,0,0,0,manual
1597,2,motorcycle,897.06,726.36,921.66,761.32,0,0,0,0,manual
1598,2,motorcycle,896.47,725.09,921.07,760.05,0,0,0,0,manual
1599,2,motorcycle,895.89,723.82,920.49,758.78,0,0,0,0,manual
1600,2,motorcycle,895.3,722.55,919.9,757.51,0,0,1,0,manual
1601,2,motorcycle,894.52,721.25,919.12,756.22,0,0,0,0,manual
1602,2,motorcycle,893.75,719.96,918.35,754.92,0,0,0,0,manual
1603,2,motorcycle,892.97,718.66,917.57,753.62,0,0,0,0,manual
1604,2,motorcycle,892.19,717.37,916.79,752.33,0,0,0,0,manual
1605,2,motorcycle,891.41,716.07,916.01,751.03,0,0,0,0,manual
1606,2,motorcycle,890.64,714.78,915.24,749.74,0,0,0,0,manual
1607,2,motorcycle,889.86,713.49,914.46,748.44,0,0,0,0,manual
1608,2,motorcycle,889.08,712.19,913.68,747.15,0,0,0,0,manual
1609,2,motorcycle,888.31,710.89,912.91,745.86,0,0,0,0,manual
1610,2,motorcycle,887.53,709.6,912.13,744.56,0,0,0,0,manual
1611,2,motorcycle,886.75,708.3,911.35,743.26,0,0,0,0,manual
1612,2,motorcycle,885.98,707.01,910.58,741.97,0,0,0,0,manual
1613,2,motorcycle,885.2,705.71,909.8,740.67,0,0,0,0,manual
1614,2,motorcycle,884.42,704.42,909.02,739.38,0,0,0,0,manual
1615,2,motorcycle,883.64,703.12,908.25,738.09,0,0,0,0,manual
1616,2,motorcycle,882.87,701.83,907.47,736.79,0,0,0,0,manual
1617,2,motorcycle,882.09,700.53,906.69,735.5,0,0,0,0,manual
1618,2,motorcycle,881.31,699.24,905.91,734.2,0,0,0,0,manual
1619,2,motorcycle,880.54,697.94,905.14,732.9,0,0,0,0,manual
1620,2,motorcycle,879.76,696.65,904.36,731.61,0,0,0,0,manual
1620,12,motorcycle,843.5,661.68,875.87,699.24,0,0,1,0,manual
1621,2,motorcycle,878.98,695.36,903.58,730.31,0,0,0,0,manual
1621,12,motorcycle,842.9,661.04,875.19,698.57,0,0,0,0,manual
1622,2,motorcycle,878.21,694.06,902.81,729.02,0,0,0,0,manual
1622,12,motorcycle,842.31,660.39,874.5,697.91,0,0,0,0,manual
1623,2,motorcycle,877.43,692.76,902.03,727.73,0,0,0,0,manual
1623,12,motorcycle,841.72,659.74,873.82,697.24,0,0,0,0,manual
1624,2,motorcycle,876.65,691.47,901.25,726.43,0,0,0,0,manual
1624,12,motorcycle,841.13,659.09,873.13,696.58,0,0,0,0,manual
1625,2,motorcycle,875.88,690.17,900.48,725.13,0,0,0,0,manual
1625,12,motorcycle,840.54,658.45,872.45,695.91,0,0,0,0,manual
1626,2,motorcycle,875.1,688.88,899.7,723.84,0,0,0,0,manual
1626,12,motorcycle,839.94,657.8,871.76,695.25,0,0,0,0,manual
1627,2,motorcycle,874.32,687.59,898.92,722.54,0,0,0,0,manual
1627,12,motorcycle,839.35,657.15,871.08,694.58,0,0,0,0,manual
1628,2,motorcycle,873.54,686.29,898.14,721.25,0,0,0,0,manual
1628,12,motorcycle,838.76,656.5,870.4,693.92,0,0,0,0,manual
1629,2,motorcycle,872.77,685.0,897.37,719.95,0,0,0,0,manual
1629,12,motorcycle,838.17,655.86,869.71,693.25,0,0,0,0,manual
1630,2,motorcycle,871.99,683.7,896.59,718.66,0,0,0,0,manual
1630,12,motorcycle,837.58,655.21,869.03,692.59,0,0,0,0,manual
1631,2,motorcycle,871.21,682.4,895.81,717.37,0,0,0,0,manual
1631,12,motorcycle,836.98,654.56,868.34,691.92,0,0,0,0,manual
1632,2,motorcycle,870.44,681.11,895.04,716.07,0,0,0,0,manual
1632,12,motorcycle,836.39,653.91,867.66,691.26,0,0,0,0,manual
1633,2,motorcycle,869.66,679.81,894.26,714.77,0,0,0,0,manual
1633,12,motorcycle,835.8,653.27,866.97,690.59,0,0,0,0,manual
1634,2,motorcycle,868.88,678.52,893.48,713.48,0,0,0,0,manual
1634,12,motorcycle,835.21,652.62,866.29,689.93,0,0,0,0,manual
1635,2,motorcycle,868.1,677.23,892.7,712.18,0,0,0,0,manual
1635,12,motorcycle,834.62,651.97,865.6,689.26,0,0,0,0,manual
1636,2,motorcycle,867.33,675.93,891.93,710.89,0,0,0,0,manual
1636,12,motorcycle,834.02,651.32,864.92,688.59,0,0,0,0,manual
1637,2,motorcycle,866.55,674.63,891.15,709.59,0,0,0,0,manual
1637,12,motorcycle,833.43,650.68,864.24,687.93,0,0,0,0,manual
1638,2,motorcycle,865.77,673.34,890.37,708.3,0,0,0,0,manual
1638,12,motorcycle,832.84,650.03,863.55,687.26,0,0,0,0,manual
1639,2,motorcycle,865.0,672.04,889.6,707.0,0,0,0,0,manual
1639,12,motorcycle,832.25,649.38,862.87,686.6,0,0,0,0,manual
1640,2,motorcycle,864.22,670.75,888.82,705.71,0,0,0,0,manual
1640,12,motorcycle,831.66,648.73,862.18,685.93,0,0,0,0,manual
1641,2,motorcycle,863.44,669.46,888.04,704.41,0,0,0,0,manual
1641,12,motorcycle,831.06,648.09,861.5,685.27,0,0,0,0,manual
1642,2,motorcycle,862.67,668.16,887.27,703.12,0,0,0,0,manual
1642,12,motorcycle,830.47,647.44,860.81,684.6,0,0,0,0,manual
1643,2,motorcycle,861.89,666.87,886.49,701.82,0,0,0,0,manual
1643,12,motorcycle,829.88,646.79,860.13,683.94,0,0,0,0,manual
1644,2,motorcycle,861.11,665.57,885.71,700.53,0,0,0,0,manual
1644,12,motorcycle,829.29,646.14,859.44,683.27,0,0,0,0,manual
1645,2,motorcycle,860.33,664.27,884.93,699.23,0,0,0,0,manual
1645,12,motorcycle,828.7,645.5,858.76,682.61,0,0,0,0,manual
1646,2,motorcycle,859.56,662.98,884.16,697.94,0,0,0,0,manual
1646,12,motorcycle,828.1,644.85,858.08,681.94,0,0,0,0,manual
1647,2,motorcycle,858.78,661.69,883.38,696.64,0,0,0,0,manual
1647,12,motorcycle,827.51,644.2,857.39,681.28,0,0,0,0,manual
1648,2,motorcycle,858.0,660.39,882.6,695.35,0,0,0,0,manual
1648,12,motorcycle,826.92,643.55,856.71,680.61,0,0,0,0,manual
1649,2,motorcycle,857.23,659.1,881.83,694.05,0,0,0,0,manual
1649,12,motorcycle,826.33,642.91,856.02,679.95,0,0,0,0,manual
1650,2,motorcycle,856.45,657.8,881.05,692.76,0,0,0,0,manual
1650,12,motorcycle,825.74,642.26,855.34,679.28,0,0,0,0,manual
1651,2,motorcycle,855.67,656.5,880.27,691.46,0,0,0,0,manual
1651,12,motorcycle,825.14,641.61,854.65,678.62,0,0,0,0,manual
1652,2,motorcycle,854.9,655.21,879.5,690.17,0,0,0,0,manual
1652,12,motorcycle,824.55,640.96,853.97,677.95,0,0,0,0,manual
1653,2,motorcycle,854.12,653.91,878.72,688.88,0,0,0,0,manual
1653,12,motorcycle,823.96,640.32,853.28,677.29,0,0,0,0,manual
1654,2,motorcycle,853.34,652.62,877.94,687.58,0,0,0,0,manual
1654,12,motorcycle,823.37,639.67,852.6,676.62,0,0,0,0,manual
1655,2,motorcycle,852.56,651.33,877.16,686.28,0,0,0,0,manual
1655,12,motorcycle,822.78,639.02,851.92,675.96,0,0,0,0,manual
1656,2,motorcycle,851.79,650.03,876.39,684.99,0,0,0,0,manual
1656,12,motorcycle,822.19,638.37,851.23,675.29,0,0,0,0,manual
1657,2,motorcycle,851.01,648.74,875.61,683.69,0,0,0,0,manual
1657,12,motorcycle,821.59,637.73,850.55,674.63,0,0,0,0,manual
1658,2,motorcycle,850.23,647.44,874.83,682.4,0,0,0,0,manual
1658,12,motorcycle,821.0,637.08,849.86,673.96,0,0,0,0,manual
1659,2,motorcycle,849.46,646.14,874.06,681.1,0,0,0,0,manual
1659,12,motorcycle,820.41,636.43,849.18,673.3,0,0,0,0,manual
1660,2,motorcycle,848.68,644.85,873.28,679.81,0,0,1,0,manual
1660,12,motorcycle,819.82,635.78,848.49,672.63,0,0,0,0,manual
1661,2,motorcycle,847.88,644.03,872.48,678.99,0,0,0,0,manual
1661,12,motorcycle,819.23,635.14,847.81,671.97,0,0,0,0,manual
1662,2,motorcycle,847.08,643.21,871.68,678.17,0,0,0,0,manual
1662,12,motorcycle,818.63,634.49,847.13,671.3,0,0,0,0,manual
1663,2,motorcycle,846.28,642.39,870.88,677.35,0,0,0,0,manual
1663,12,motorcycle,818.04,633.84,846.44,670.64,0,0,0,0,manual
1664,2,motorcycle,845.49,641.57,870.09,676.53,0,0,0,0,manual
1664,12,motorcycle,817.45,633.19,845.76,669.97,0,0,0,0,manual
1665,2,motorcycle,844.69,640.75,869.29,675.71,0,0,0,0,manual
1665,12,motorcycle,816.86,632.55,845.07,669.31,0,0,0,0,manual
1666,2,motorcycle,843.89,639.93,868.49,674.89,0,0,0,0,manual
1666,12,motorcycle,816.27,631.9,844.39,668.64,0,0,0,0,manual
1667,2,motorcycle,843.09,639.11,867.69,674.07,0,0,0,0,manual
1667,12,motorcycle,815.67,631.25,843.7,667.98,0,0,0,0,manual
1668,2,motorcycle,842.29,638.29,866.89,673.25,0,0,0,0,manual
1668,12,motorcycle,815.08,630.6,843.02,667.31,0,0,0,0,manual
1669,2,motorcycle,841.49,637.47,866.09,672.43,0,0,0,0,manual
1669,12,motorcycle,814.49,629.96,842.33,666.64,0,0,0,0,manual
1670,2,motorcycle,840.69,636.65,865.29,671.61,0,0,0,0,manual
1670,12,motorcycle,813.9,629.31,841.65,665.98,0,0,0,0,manual
1671,2,motorcycle,839.89,635.83,864.5,670.79,0,0,0,0,manual
1671,12,motorcycle,813.31,628.66,840.97,665.31,0,0,0,0,manual
1672,2,motorcycle,839.1,635.01,863.7,669.97,0,0,0,0,manual
1672,12,motorcycle,812.71,628.01,840.28,664.65,0,0,0,0,manual
1673,2,motorcycle,838.3,634.19,862.9,669.15,0,0,0,0,manual
1673,12,motorcycle,812.12,627.37,839.6,663.98,0,0,0,0,manual
1674,2,motorcycle,837.5,633.37,862.1,668.33,0,0,0,0,manual
1674,12,motorcycle,811.53,626.72,838.91,663.32,0,0,0,0,manual
1675,2,motorcycle,836.7,632.55,861.3,667.51,0,0,0,0,manual
1675,12,motorcycle,810.94,626.07,838.23,662.65,0,0,0,0,manual
1676,2,motorcycle,835.9,631.73,860.5,666.69,0,0,0,0,manual
1676,12,motorcycle,810.35,625.42,837.54,661.99,0,0,0,0,manual
1677,2,motorcycle,835.1,630.91,859.71,665.87,0,0,0,0,manual
1677,12,motorcycle,809.75,624.78,836.86,661.32,0,0,0,0,manual
1678,2,motorcycle,834.3,630.09,858.91,665.05,0,0,0,0,manual
1678,12,motorcycle,809.16,624.13,836.17,660.66,0,0,0,0,manual
1679,2,motorcycle,833.51,629.27,858.11,664.23,0,0,0,0,manual
1679,12,motorcycle,808.57,623.48,835.49,659.99,0,0,0,0,manual
1680,2,motorcycle,832.71,628.45,857.31,663.41,0,0,0,0,manual
1680,12,motorcycle,807.98,622.84,834.81,659.33,0,0,0,0,manual
1681,2,motorcycle,831.91,627.63,856.51,662.59,0,0,0,0,manual
1681,12,motorcycle,807.39,622.19,834.12,658.66,0,0,0,0,manual
1682,2,motorcycle,831.11,626.81,855.71,661.77,0,0,0,0,manual
1682,12,motorcycle,806.79,621.54,833.44,658.0,0,0,0,0,manual
1683,2,motorcycle,830.31,625.99,854.91,660.95,0,0,0,0,manual
1683,12,motorcycle,806.2,620.89,832.75,657.33,0,0,0,0,manual
1684,2,motorcycle,829.51,625.17,854.12,660.13,0,0,0,0,manual
1684,12,motorcycle,805.61,620.25,832.07,656.67,0,0,0,0,manual
1685,2,motorcycle,828.71,624.35,853.32,659.31,0,0,0,0,manual
1685,12,motorcycle,805.02,619.6,831.38,656.0,0,0,0,0,manual
1686,2,motorcycle,827.91,623.53,852.52,658.49,0,0,0,0,manual
1686,12,motorcycle,804.43,618.95,830.7,655.34,0,0,0,0,manual
1687,2,motorcycle,827.12,622.71,851.72,657.67,0,0,0,0,manual
1687,12,motorcycle,803.83,618.3,830.01,654.67,0,0,0,0,manual
1688,2,motorcycle,826.32,621.89,850.92,656.85,0,0,0,0,manual
1688,12,motorcycle,803.24,617.66,829.33,654.01,0,0,0,0,manual
1689,2,motorcycle,825.52,621.07,850.12,656.03,0,0,0,0,manual
1689,12,motorcycle,802.65,617.01,828.65,653.34,0,0,0,0,manual
1690,2,motorcycle,824.72,620.25,849.33,655.2,0,0,0,0,manual
1690,12,motorcycle,802.06,616.36,827.96,652.68,0,0,1,0,manual
1690,13,car,781.34,568.45,808.53,600.82,0,0,1,0,manual
1691,2,motorcycle,823.92,619.42,848.53,654.38,0,0,0,0,manual
1691,12,motorcycle,801.41,615.97,827.31,652.29,0,0,0,0,manual
1691,13,car,781.13,568.08,808.33,600.46,0,0,0,0,manual
1692,2,motorcycle,823.12,618.6,847.73,653.56,0,0,0,0,manual
1692,12,motorcycle,800.76,615.58,826.67,651.9,0,0,0,0,manual
1692,13,car,780.92,567.72,808.12,600.09,0,0,0,0,manual
1693,2,motorcycle,822.32,617.78,846.93,652.74,0,0,0,0,manual
1693,12,motorcycle,800.12,615.19,826.02,651.51,0,0,0,0,manual
1693,13,car,780.72,567.36,807.91,599.73,0,0,0,0,manual
1694,2,motorcycle,821.53,616.96,846.13,651.92,0,0,0,0,manual
1694,12,motorcycle,799.47,614.81,825.37,651.12,0,0,0,0,manual
1694,13,car,780.51,567.0,807.7,599.37,0,0,0,0,manual
1695,2,motorcycle,820.73,616.14,845.33,651.1,0,0,0,0,manual
1695,12,motorcycle,798.82,614.42,824.72,650.73,0,0,0,0,manual
1695,13,car,780.3,566.63,807.5,599.01,0,0,0,0,manual
1696,2,motorcycle,819.93,615.32,844.53,650.28,0,0,0,0,manual
1696,12,motorcycle,798.17,614.03,824.08,650.35,0,0,0,0,manual
1696,13,car,780.1,566.27,807.29,598.64,0,0,0,0,manual
1697,2,motorcycle,819.13,614.5,843.74,649.46,0,0,0,0,manual
1697,12,motorcycle,797.53,613.64,823.43,649.96,0,0,0,0,manual
1697,13,car,779.89,565.91,807.08,598.28,0,0,0,0,manual
1698,2,motorcycle,818.33,613.68,842.94,648.64,0,0,0,0,manual
1698,12,motorcycle,796.88,613.25,822.78,649.57,0,0,0,0,manual
1698,13,car,779.68,565.55,806.87,597.92,0,0,0,0,manual
1699,2,motorcycle,817.53,612.86,842.14,647.82,0,0,0,0,manual
1699,12,motorcycle,796.23,612.86,822.13,649.18,0,0,0,0,manual
1699,13,car,779.47,565.18,806.67,597.56,0,0,0,0,manual
1700,2,motorcycle,816.73,612.04,841.34,647.0,0,0,0,0,manual
1700,12,motorcycle,795.58,612.48,821.49,648.79,0,0,0,0,manual
1700,13,car,779.27,564.82,806.46,597.19,0,0,0,0,manual
1701,2,motorcycle,815.93,611.22,840.54,646.18,0,0,0,0,manual
1701,12,motorcycle,794.94,612.09,820.84,648.4,0,0,0,0,manual
1701,13,car,779.06,564.46,806.25,596.83,0,0,0,0,manual
1702,2,motorcycle,815.14,610.4,839.74,645.36,0,0,0,0,manual
1702,12,motorcycle,794.29,611.7,820.19,648.02,0,0,0,0,manual
1702,13,car,778.85,564.09,806.05,596.47,0,0,0,0,manual
1703,2,motorcycle,814.34,609.58,838.94,644.54,0,0,0,0,manual
1703,12,motorcycle,793.64,611.31,819.54,647.63,0,0,0,0,manual
1703,13,car,778.64,563.73,805.84,596.11,0,0,0,0,manual
1704,2,motorcycle,813.54,608.76,838.15,643.72,0,0,0,0,manual
1704,12,motorcycle,792.99,610.92,818.9,647.24,0,0,0,0,manual
1704,13,car,778.44,563.37,805.63,595.74,0,0,0,0,manual
1705,2,motorcycle,812.74,607.94,837.35,642.9,0,0,0,0,manual
1705,12,motorcycle,792.34,610.53,818.25,646.85,0,0,0,0,manual
1705,13,car,778.23,563.01,805.42,595.38,0,0,0,0,manual
1706,2,motorcycle,811.94,607.12,836.55,642.08,0,0,0,0,manual
1706,12,motorcycle,791.7,610.14,817.6,646.46,0,0,0,0,manual
1706,13,car,778.02,562.64,805.22,595.02,0,0,0,0,manual
1707,2,motorcycle,811.14,606.3,835.75,641.26,0,0,0,0,manual
1707,12,motorcycle,791.05,609.76,816.95,646.07,0,0,0,0,manual
1707,13,car,777.82,562.28,805.01,594.66,0,0,0,0,manual
1708,2,motorcycle,810.34,605.48,834.95,640.44,0,0,0,0,manual
1708,12,motorcycle,790.4,609.37,816.31,645.68,0,0,0,0,manual
1708,13,car,777.61,561.92,804.8,594.29,0,0,0,0,manual
1709,2,motorcycle,809.55,604.66,834.15,639.62,0,0,0,0,manual
1709,12,motorcycle,789.75,608.98,815.66,645.3,0,0,0,0,manual
1709,13,car,777.4,561.56,804.6,593.93,0,0,0,0,manual
1710,2,motorcycle,808.75,603.84,833.36,638.8,0,0,0,0,manual
1710,12,motorcycle,789.11,608.59,815.01,644.91,0,0,1,0,manual
1710,13,car,777.19,561.19,804.39,593.57,0,0,0,0,manual
1711,2,motorcycle,807.95,603.02,832.56,637.98,0,0,0,0,manual
1711,12,motorcycle,788.55,607.99,814.45,644.3,0,0,0,0,manual
1711,13,car,776.99,560.83,804.18,593.21,0,0,0,0,manual
1712,2,motorcycle,807.15,602.2,831.76,637.16,0,0,0,0,manual
1712,12,motorcycle,787.99,607.38,813.89,643.7,0,0,0,0,manual
1712,13,car,776.78,560.47,803.97,592.84,0,0,0,0,manual
1713,2,motorcycle,806.35,601.38,830.96,636.34,0,0,0,0,manual
1713,12,motorcycle,787.42,606.78,813.33,643.09,0,0,0,0,manual
1713,13,car,776.57,560.11,803.77,592.48,0,0,0,0,manual
1714,2,motorcycle,805.55,600.56,830.16,635.52,0,0,0,0,manual
1714,12,motorcycle,786.86,606.17,812.77,642.49,0,0,0,0,manual
1714,13,car,776.37,559.74,803.56,592.12,0,0,0,0,manual
1715,2,motorcycle,804.75,599.74,829.36,634.7,0,0,0,0,manual
1715,12,motorcycle,786.3,605.57,812.21,641.89,0,0,0,0,manual
1715,13,car,776.16,559.38,803.35,591.76,0,0,0,0,manual
1716,2,motorcycle,803.95,598.92,828.56,633.88,0,0,0,0,manual
1716,12,motorcycle,785.74,604.96,811.64,641.28,0,0,0,0,manual
1716,13,car,775.95,559.02,803.15,591.39,0,0,0,0,manual
1717,2,motorcycle,803.16,598.1,827.77,633.06,0,0,0,0,manual
1717,12,motorcycle,785.18,604.36,811.08,640.68,0,0,0,0,manual
1717,13,car,775.74,558.66,802.94,591.03,0,0,0,0,manual
1718,2,motorcycle,802.36,597.28,826.97,632.24,0,0,0,0,manual
1718,12,motorcycle,784.62,603.76,810.52,640.07,0,0,0,0,manual
1718,13,car,775.54,558.29,802.73,590.67,0,0,0,0,manual
1719,2,motorcycle,801.56,596.46,826.17,631.42,0,0,0,0,manual
1719,12,motorcycle,784.06,603.15,809.96,639.47,0,0,0,0,manual
1719,13,car,775.33,557.93,802.52,590.3,0,0,0,0,manual
1720,2,motorcycle,800.76,595.64,825.37,630.6,0,0,1,0,manual
1720,12,motorcycle,783.5,602.55,809.4,638.86,0,0,0,0,manual
1720,13,car,775.12,557.57,802.32,589.94,0,0,0,0,manual
1721,2,motorcycle,799.96,594.84,824.57,629.8,0,0,0,0,manual
1721,12,motorcycle,782.93,601.94,808.84,638.26,0,0,0,0,manual
1721,13,car,774.92,557.21,802.11,589.58,0,0,0,0,manual
1722,2,motorcycle,799.15,594.03,823.76,628.99,0,0,0,0,manual
1722,12,motorcycle,782.37,601.34,808.28,637.66,0,0,0,0,manual
1722,13,car,774.71,556.84,801.9,589.22,0,0,0,0,manual
1723,2,motorcycle,798.35,593.23,822.96,628.19,0,0,0,0,manual
1723,12,motorcycle,781.81,600.73,807.72,637.05,0,0,0,0,manual
1723,13,car,774.5,556.48,801.7,588.85,0,0,0,0,manual
1724,2,motorcycle,797.55,592.43,822.16,627.39,0,0,0,0,manual
1724,12,motorcycle,781.25,600.13,807.16,636.45,0,0,0,0,manual
1724,13,car,774.29,556.12,801.49,588.49,0,0,0,0,manual
1725,2,motorcycle,796.75,591.63,821.36,626.59,0,0,0,0,manual
1725,12,motorcycle,780.69,599.53,806.59,635.84,0,0,0,0,manual
1725,13,car,774.09,555.76,801.28,588.13,0,0,0,0,manual
1726,2,motorcycle,795.94,590.82,820.55,625.78,0,0,0,0,manual
1726,12,motorcycle,780.13,598.92,806.03,635.24,0,0,0,0,manual
1726,13,car,773.88,555.39,801.07,587.77,0,0,0,0,manual
1727,2,motorcycle,795.14,590.02,819.75,624.98,0,0,0,0,manual
1727,12,motorcycle,779.57,598.32,805.47,634.63,0,0,0,0,manual
1727,13,car,773.67,555.03,800.87,587.4,0,0,0,0,manual
1728,2,motorcycle,794.34,589.22,818.95,624.18,0,0,0,0,manual
1728,12,motorcycle,779.01,597.71,804.91,634.03,0,0,0,0,manual
1728,13,car,773.46,554.67,800.66,587.04,0,0,0,0,manual
1729,2,motorcycle,793.53,588.41,818.14,623.37,0,0,0,0,manual
1729,12,motorcycle,778.45,597.11,804.35,633.42,0,0,0,0,manual
1729,13,car,773.26,554.3,800.45,586.68,0,0,0,0,manual
1730,2,motorcycle,792.73,587.61,817.34,622.57,0,0,0,0,manual
1730,12,motorcycle,777.88,596.5,803.79,632.82,0,0,0,0,manual
1730,13,car,773.05,553.94,800.24,586.32,0,0,0,0,manual
1731,2,motorcycle,791.93,586.81,816.54,621.77,0,0,0,0,manual
1731,12,motorcycle,777.32,595.9,803.23,632.22,0,0,0,0,manual
1731,13,car,772.84,553.58,800.04,585.95,0,0,0,0,manual
1732,2,motorcycle,791.13,586.01,815.73,620.97,0,0,0,0,manual
1732,12,motorcycle,776.76,595.3,802.67,631.61,0,0,0,0,manual
1732,13,car,772.64,553.22,799.83,585.59,0,0,0,0,manual
1733,2,motorcycle,790.32,585.2,814.93,620.16,0,0,0,0,manual
1733,12,motorcycle,776.2,594.69,802.11,631.01,0,0,0,0,manual
1733,13,car,772.43,552.85,799.62,585.23,0,0,0,0,manual
1734,2,motorcycle,789.52,584.4,814.13,619.36,0,0,0,0,manual
1734,12,motorcycle,775.64,594.09,801.54,630.4,0,0,0,0,manual
1734,13,car,772.22,552.49,799.42,584.87,0,0,0,0,manual
1735,2,motorcycle,788.72,583.6,813.33,618.56,0,0,0,0,manual
1735,12,motorcycle,775.08,593.48,800.98,629.8,0,0,0,0,manual
1735,13,car,772.01,552.13,799.21,584.5,0,0,0,0,manual
1736,2,motorcycle,787.92,582.8,812.52,617.76,0,0,0,0,manual
1736,12,motorcycle,774.52,592.88,800.42,629.19,0,0,0,0,manual
1736,13,car,771.81,551.77,799.0,584.14,0,0,0,0,manual
1737,2,motorcycle,787.11,581.99,811.72,616.95,0,0,0,0,manual
1737,12,motorcycle,773.96,592.27,799.86,628.59,0,0,0,0,manual
1737,13,car,771.6,551.4,798.79,583.78,0,0,0,0,manual
1738,2,motorcycle,786.31,581.19,810.92,616.15,0,0,0,0,manual
1738,12,motorcycle,773.4,591.67,799.3,627.99,0,0,0,0,manual
1738,13,car,771.39,551.04,798.59,583.42,0,0,0,0,manual
1739,2,motorcycle,785.51,580.39,810.11,615.35,0,0,0,0,manual
1739,12,motorcycle,772.83,591.07,798.74,627.38,0,0,0,0,manual
1739,13,car,771.19,550.68,798.38,583.05,0,0,0,0,manual
1740,2,motorcycle,784.7,579.58,809.31,614.54,0,0,0,0,manual
1740,12,motorcycle,772.27,590.46,798.18,626.78,0,0,1,0,manual
1740,13,car,770.98,550.32,798.17,582.69,0,0,1,0,manual
1741,2,motorcycle,783.9,578.78,808.51,613.74,0,0,0,0,manual
1741,12,motorcycle,771.5,589.51,797.4,625.83,0,0,0,0,manual
1741,13,car,770.83,550.03,798.03,582.4,0,0,0,0,manual
1742,2,motorcycle,783.1,577.98,807.7,612.94,0,0,0,0,manual
1742,12,motorcycle,770.72,588.56,796.62,624.88,0,0,0,0,manual
1742,13,car,770.69,549.73,797.88,582.11,0,0,0,0,manual
1743,2,motorcycle,782.3,577.18,806.9,612.14,0,0,0,0,manual
1743,12,motorcycle,769.94,587.61,795.85,623.93,0,0,0,0,manual
1743,13,car,770.54,549.44,797.74,581.82,0,0,0,0,manual
1744,2,motorcycle,781.49,576.37,806.1,611.33,0,0,0,0,manual
1744,12,motorcycle,769.17,586.66,795.07,622.98,0,0,0,0,manual
1744,13,car,770.4,549.15,797.59,581.53,0,0,0,0,manual
1745,2,motorcycle,780.69,575.57,805.3,610.53,0,0,0,0,manual
1745,12,motorcycle,768.39,585.71,794.29,622.03,0,0,0,0,manual
1745,13,car,770.25,548.86,797.44,581.23,0,0,0,0,manual
1746,2,motorcycle,779.89,574.77,804.49,609.73,0,0,0,0,manual
1746,12,motorcycle,767.61,584.76,793.52,621.08,0,0,0,0,manual
1746,13,car,770.1,548.57,797.3,580.94,0,0,0,0,manual
1747,2,motorcycle,779.08,573.96,803.69,608.92,0,0,0,0,manual
1747,12,motorcycle,766.83,583.81,792.74,620.13,0,0,0,0,manual
1747,13,car,769.96,548.28,797.15,580.65,0,0,0,0,manual
1748,2,motorcycle,778.28,573.16,802.89,608.12,0,0,0,0,manual
1748,12,motorcycle,766.06,582.86,791.96,619.18,0,0,0,0,manual
1748,13,car,769.81,547.99,797.01,580.36,0,0,0,0,manual
1749,2,motorcycle,777.48,572.36,802.08,607.32,0,0,0,0,manual
1749,12,motorcycle,765.28,581.91,791.18,618.23,0,0,0,0,manual
1749,13,car,769.67,547.69,796.86,580.07,0,0,0,0,manual
1750,2,motorcycle,776.68,571.56,801.28,606.52,0,0,0,0,manual
1750,12,motorcycle,764.5,580.96,790.41,617.28,0,0,0,0,manual
1750,13,car,769.52,547.4,796.72,579.78,0,0,0,0,manual
1751,2,motorcycle,775.87,570.75,800.48,605.71,0,0,0,0,manual
1751,12,motorcycle,763.73,580.01,789.63,616.33,0,0,0,0,manual
1751,13,car,769.38,547.11,796.57,579.49,0,0,0,0,manual
1752,2,motorcycle,775.07,569.95,799.67,604.91,0,0,0,0,manual
1752,12,motorcycle,762.95,579.07,788.85,615.38,0,0,0,0,manual
1752,13,car,769.23,546.82,796.42,579.19,0,0,0,0,manual
1753,2,motorcycle,774.27,569.15,798.87,604.11,0,0,0,0,manual
1753,12,motorcycle,762.17,578.12,788.08,614.43,0,0,0,0,manual
1753,13,car,769.08,546.53,796.28,578.9,0,0,0,0,manual
1754,2,motorcycle,773.46,568.34,798.07,603.3,0,0,0,0,manual
1754,12,motorcycle,761.4,577.17,787.3,613.48,0,0,0,0,manual
1754,13,car,768.94,546.24,796.13,578.61,0,0,0,0,manual
1755,2,motorcycle,772.66,567.54,797.26,602.5,0,0,0,0,manual
1755,12,motorcycle,760.62,576.22,786.52,612.53,0,0,0,0,manual
1755,13,car,768.79,545.95,795.99,578.32,0,0,0,0,manual
1756,2,motorcycle,771.86,566.74,796.46,601.7,0,0,0,0,manual
1756,12,motorcycle,759.84,575.27,785.75,611.58,0,0,0,0,manual
1756,13,car,768.65,545.65,795.84,578.03,0,0,0,0,manual
1757,2,motorcycle,771.06,565.94,795.66,600.9,0,0,0,0,manual
1757,12,motorcycle,759.06,574.32,784.97,610.63,0,0,0,0,manual
1757,13,car,768.5,545.36,795.7,577.74,0,0,0,0,manual
1758,2,motorcycle,770.25,565.13,794.86,600.09,0,0,0,0,manual
1758,12,motorcycle,758.29,573.37,784.19,609.68,0,0,0,0,manual
1758,13,car,768.36,545.07,795.55,577.45,0,0,0,0,manual
1759,2,motorcycle,769.45,564.33,794.05,599.29,0,0,0,0,manual
1759,12,motorcycle,757.51,572.42,783.41,608.73,0,0,0,0,manual
1759,13,car,768.21,544.78,795.4,577.15,0,0,0,0,manual
1760,2,motorcycle,768.65,563.53,793.25,598.49,0,0,0,0,manual
1760,12,motorcycle,756.73,571.47,782.64,607.78,0,0,0,0,manual
1760,13,car,768.06,544.49,795.26,576.86,0,0,0,0,manual
1761,2,motorcycle,767.85,562.73,792.45,597.69,0,0,0,0,manual
1761,12,motorcycle,755.96,570.52,781.86,606.83,0,0,0,0,manual
1761,13,car,767.92,544.2,795.11,576.57,0,0,0,0,manual
1762,2,motorcycle,767.04,561.92,791.64,596.88,0,0,0,0,manual
1762,12,motorcycle,755.18,569.57,781.08,605.89,0,0,0,0,manual
1762,13,car,767.77,543.91,794.97,576.28,0,0,0,0,manual
1763,2,motorcycle,766.24,561.12,790.84,596.08,0,0,0,0,manual
1763,12,motorcycle,754.4,568.62,780.31,604.94,0,0,0,0,manual
1763,13,car,767.63,543.61,794.82,575.99,0,0,0,0,manual
1764,2,motorcycle,765.44,560.32,790.04,595.28,0,0,0,0,manual
1764,12,motorcycle,753.63,567.67,779.53,603.99,0,0,0,0,manual
1764,13,car,767.48,543.32,794.68,575.7,0,0,0,0,manual
1765,2,motorcycle,764.63,559.51,789.24,594.47,0,0,0,0,manual
1765,12,motorcycle,752.85,566.72,778.75,603.04,0,0,0,0,manual
1765,13,car,767.34,543.03,794.53,575.41,0,0,0,0,manual
1766,2,motorcycle,763.83,558.71,788.43,593.67,0,0,0,0,manual
1766,12,motorcycle,752.07,565.77,777.98,602.09,0,0,0,0,manual
1766,13,car,767.19,542.74,794.38,575.11,0,0,0,0,manual
1767,2,motorcycle,763.03,557.91,787.63,592.87,0,0,0,0,manual
1767,12,motorcycle,751.29,564.82,777.2,601.14,0,0,0,0,manual
1767,13,car,767.04,542.45,794.24,574.82,0,0,0,0,manual
1768,2,motorcycle,762.23,557.11,786.83,592.07,0,0,0,0,manual
1768,12,motorcycle,750.52,563.87,776.42,600.19,0,0,0,0,manual
1768,13,car,766.9,542.16,794.09,574.53,0,0,0,0,manual
1769,2,motorcycle,761.42,556.3,786.02,591.26,0,0,0,0,manual
1769,12,motorcycle,749.74,562.92,775.64,599.24,0,0,0,0,manual
1769,13,car,766.75,541.87,793.95,574.24,0,0,0,0,manual
1770,2,motorcycle,760.62,555.5,785.22,590.46,0,0,1,0,manual
1770,3,motorcycle,987.24,1004.85,1013.14,1039.81,0,0,1,0,manual
1770,12,motorcycle,748.96,561.97,774.87,598.29,0,0,1,0,manual
1770,13,car,766.61,541.58,793.8,573.95,0,0,0,0,manual
1771,2,motorcycle,760.2,554.33,784.8,589.29,0,0,0,0,manual
1771,3,motorcycle,987.11,1003.3,1013.01,1038.26,0,0,0,0,manual
1771,12,motorcycle,748.23,560.94,774.13,597.25,0,0,0,0,manual
1771,13,car,766.46,541.28,793.66,573.66,0,0,0,0,manual
1772,2,motorcycle,759.78,553.17,784.38,588.13,0,0,0,0,manual
1772,3,motorcycle,986.98,1001.74,1012.88,1036.7,0,0,0,0,manual
1772,12,motorcycle,747.5,559.9,773.4,596.22,0,0,0,0,manual
1772,13,car,766.32,540.99,793.51,573.37,0,0,0,0,manual
1773,2,motorcycle,759.36,552.0,783.96,586.96,0,0,0,0,manual
1773,3,motorcycle,986.85,1000.19,1012.75,1035.15,0,0,0,0,manual
1773,12,motorcycle,746.76,558.86,772.67,595.18,0,0,0,0,manual
1773,13,car,766.17,540.7,793.36,573.08,0,0,0,0,manual
1774,2,motorcycle,758.94,550.84,783.54,585.8,0,0,0,0,manual
1774,3,motorcycle,986.72,998.63,1012.62,1033.59,0,0,0,0,manual
1774,12,motorcycle,746.03,557.83,771.93,594.14,0,0,0,0,manual
1774,13,car,766.03,540.41,793.22,572.78,0,0,0,0,manual
1775,2,motorcycle,758.52,549.67,783.12,584.63,0,0,0,0,manual
1775,3,motorcycle,986.59,997.08,1012.49,1032.04,0,0,0,0,manual
1775,12,motorcycle,745.29,556.79,771.2,593.11,0,0,0,0,manual
1775,13,car,765.88,540.12,793.07,572.49,0,0,0,0,manual
1776,2,motorcycle,758.1,548.51,782.7,583.47,0,0,0,0,manual
1776,3,motorcycle,986.46,995.53,1012.36,1030.49,0,0,0,0,manual
1776,12,motorcycle,744.56,555.76,770.46,592.07,0,0,0,0,manual
1776,13,car,765.73,539.83,792.93,572.2,0,0,0,0,manual
1777,2,motorcycle,757.67,547.34,782.27,582.3,0,0,0,0,manual
1777,3,motorcycle,986.33,993.97,1012.23,1028.93,0,0,0,0,manual
1777,12,motorcycle,743.83,554.72,769.73,591.04,0,0,0,0,manual
1777,13,car,765.59,539.54,792.78,571.91,0,0,0,0,manual
1778,2,motorcycle,757.25,546.18,781.85,581.14,0,0,0,0,manual
1778,3,motorcycle,986.2,992.42,1012.1,1027.38,0,0,0,0,manual
1778,12,motorcycle,743.09,553.68,769.0,590.0,0,0,0,0,manual
1778,13,car,765.44,539.24,792.64,571.62,0,0,0,0,manual
1779,2,motorcycle,756.83,545.01,781.43,579.97,0,0,0,0,manual
1779,3,motorcycle,986.07,990.86,1011.97,1025.82,0,0,0,0,manual
1779,12,motorcycle,742.36,552.65,768.26,588.96,0,0,0,0,manual
1779,13,car,765.3,538.95,792.49,571.33,0,0,0,0,manual
1780,2,motorcycle,756.41,543.85,781.01,578.81,0,0,0,0,manual
1780,3,motorcycle,985.94,989.31,1011.85,1024.27,0,0,0,0,manual
1780,12,motorcycle,741.63,551.61,767.53,587.93,0,0,0,0,manual
1780,13,car,765.15,538.66,792.35,571.04,0,0,0,0,manual
1781,2,motorcycle,755.99,542.68,780.59,577.64,0,0,0,0,manual
1781,3,motorcycle,985.82,987.76,1011.72,1022.72,0,0,0,0,manual
1781,12,motorcycle,740.89,550.58,766.8,586.89,0,0,0,0,manual
1781,13,car,765.01,538.37,792.2,570.74,0,0,0,0,manual
1782,2,motorcycle,755.57,541.51,780.17,576.47,0,0,0,0,manual
1782,3,motorcycle,985.69,986.2,1011.59,1021.16,0,0,0,0,manual
1782,12,motorcycle,740.16,549.54,766.06,585.86,0,0,0,0,manual
1782,13,car,764.86,538.08,792.05,570.45,0,0,0,0,manual
1783,2,motorcycle,755.15,540.35,779.75,575.31,0,0,0,0,manual
1783,3,motorcycle,985.56,984.65,1011.46,1019.61,0,0,0,0,manual
1783,12,motorcycle,739.42,548.5,765.33,584.82,0,0,0,0,manual
1783,13,car,764.71,537.79,791.91,570.16,0,0,0,0,manual
1784,2,motorcycle,754.73,539.18,779.33,574.14,0,0,0,0,manual
1784,3,motorcycle,985.43,983.09,1011.33,1018.05,0,0,0,0,manual
1784,12,motorcycle,738.69,547.47,764.59,583.78,0,0,0,0,manual
1784,13,car,764.57,537.5,791.76,569.87,0,0,0,0,manual
1785,2,motorcycle,754.31,538.02,778.91,572.98,0,0,0,0,manual
1785,3,motorcycle,985.3,981.54,1011.2,1016.5,0,0,0,0,manual
1785,12,motorcycle,737.96,546.43,763.86,582.75,0,0,0,0,manual
1785,13,car,764.42,537.2,791.62,569.58,0,0,0,0,manual
1786,2,motorcycle,753.89,536.85,778.49,571.81,0,0,0,0,manual
1786,3,motorcycle,985.17,979.99,1011.07,1014.95,0,0,0,0,manual
1786,12,motorcycle,737.22,545.4,763.13,581.71,0,0,0,0,manual
1786,13,car,764.28,536.91,791.47,569.29,0,0,0,0,manual
1787,2,motorcycle,753.47,535.69,778.07,570.65,0,0,0,0,manual
1787,3,motorcycle,985.04,978.43,1010.94,1013.39,0,0,0,0,manual
1787,12,motorcycle,736.49,544.36,762.39,580.68,0,0,0,0,manual
1787,13,car,764.13,536.62,791.33,569.0,0,0,0,0,manual
1788,2,motorcycle,753.05,534.52,777.65,569.48,0,0,0,0,manual
1788,3,motorcycle,984.91,976.88,1010.81,1011.84,0,0,0,0,manual
1788,12,motorcycle,735.76,543.32,761.66,579.64,0,0,0,0,manual
1788,13,car,763.99,536.33,791.18,568.7,0,0,0,0,manual
1789,2,motorcycle,752.63,533.36,777.23,568.32,0,0,0,0,manual
1789,3,motorcycle,984.78,975.32,1010.68,1010.28,0,0,0,0,manual
1789,12,motorcycle,735.02,542.29,760.93,578.6,0,0,0,0,manual
1789,13,car,763.84,536.04,791.03,568.41,0,0,0,0,manual
1790,2,motorcycle,752.2,532.19,776.81,567.15,0,0,0,0,manual
1790,3,motorcycle,984.65,973.77,1010.55,1008.73,0,0,0,0,manual
1790,12,motorcycle,734.29,541.25,760.19,577.57,0,0,0,0,manual
1790,13,car,763.69,535.75,790.89,568.12,0,0,0,0,manual
1791,2,motorcycle,751.78,531.02,776.38,565.98,0,0,0,0,manual
1791,3,motorcycle,984.52,972.22,1010.42,1007.18,0,0,0,0,manual
1791,12,motorcycle,733.55,540.22,759.46,576.53,0,0,0,0,manual
1791,13,car,763.55,535.46,790.74,567.83,0,0,0,0,manual
1792,2,motorcycle,751.36,529.86,775.96,564.82,0,0,0,0,manual
1792,3,motorcycle,984.39,970.66,1010.29,1005.62,0,0,0,0,manual
1792,12,motorcycle,732.82,539.18,758.72,575.5,0,0,0,0,manual
1792,13,car,763.4,535.17,790.6,567.54,0,0,0,0,manual
1793,2,motorcycle,750.94,528.69,775.54,563.65,0,0,0,0,manual
1793,3,motorcycle,984.26,969.11,1010.16,1004.07,0,0,0,0,manual
1793,12,motorcycle,732.09,538.14,757.99,574.46,0,0,0,0,manual
1793,13,car,763.26,534.87,790.45,567.25,0,0,0,0,manual
1794,2,motorcycle,750.52,527.53,775.12,562.49,0,0,0,0,manual
1794,3,motorcycle,984.13,967.55,1010.03,1002.51,0,0,0,0,manual
1794,12,motorcycle,731.35,537.11,757.26,573.42,0,0,0,0,manual
1794,13,car,763.11,534.58,790.31,566.96,0,0,0,0,manual
1795,2,motorcycle,750.1,526.36,774.7,561.32,0,0,0,0,manual
1795,3,motorcycle,984.0,966.0,1009.9,1000.96,0,0,0,0,manual
1795,12,motorcycle,730.62,536.07,756.52,572.39,0,0,0,0,manual
1795,13,car,762.97,534.29,790.16,566.67,0,0,0,0,manual
1796,2,motorcycle,749.68,525.2,774.28,560.16,0,0,0,0,manual
1796,3,motorcycle,983.87,964.45,1009.77,999.41,0,0,0,0,manual
1796,12,motorcycle,729.88,535.04,755.79,571.35,0,0,0,0,manual
1796,13,car,762.82,534.0,790.01,566.37,0,0,0,0,manual
1797,2,motorcycle,749.26,524.03,773.86,558.99,0,0,0,0,manual
1797,3,motorcycle,983.74,962.89,1009.64,997.85,0,0,0,0,manual
1797,12,motorcycle,729.15,534.0,755.05,570.32,0,0,0,0,manual
1797,13,car,762.67,533.71,789.87,566.08,0,0,0,0,manual
1798,2,motorcycle,748.84,522.87,773.44,557.83,0,0,0,0,manual
1798,3,motorcycle,983.61,961.34,1009.51,996.3,0,0,0,0,manual
1798,12,motorcycle,728.42,532.96,754.32,569.28,0,0,0,0,manual
1798,13,car,762.53,533.42,789.72,565.79,0,0,0,0,manual
1799,2,motorcycle,748.42,521.7,773.02,556.66,0,0,0,0,manual
1799,3,motorcycle,983.48,959.78,1009.38,994.74,0,0,0,0,manual
1799,12,motorcycle,727.68,531.93,753.59,568.24,0,0,0,0,manual
1799,13,car,762.38,533.13,789.58,565.5,0,0,0,0,manual
1800,2,motorcycle,748.0,520.53,772.6,555.5,0,0,0,0,manual
1800,3,motorcycle,983.36,958.23,1009.25,993.19,0,0,0,0,manual
1800,12,motorcycle,726.95,530.89,752.85,567.21,0,0,1,0,manual
1800,13,car,762.24,532.83,789.43,565.21,0,0,0,0,manual
1801,2,motorcycle,747.58,519.37,772.18,554.33,0,0,0,0,manual
1801,3,motorcycle,983.23,956.68,1009.13,991.64,0,0,0,0,manual
1801,12,motorcycle,726.43,529.4,752.34,565.72,0,0,0,0,manual
1801,13,car,762.09,532.54,789.29,564.92,0,0,0,0,manual
1802,2,motorcycle,747.16,518.2,771.76,553.16,0,0,0,0,manual
1802,3,motorcycle,983.1,955.12,1009.0,990.08,0,0,0,0,manual
1802,12,motorcycle,725.91,527.91,751.82,564.23,0,0,0,0,manual
1802,13,car,761.95,532.25,789.14,564.63,0,0,0,0,manual
1803,2,motorcycle,746.74,517.04,771.34,552.0,0,0,0,0,manual
1803,3,motorcycle,982.97,953.57,1008.87,988.53,0,0,0,0,manual
1803,12,motorcycle,725.4,526.42,751.3,562.74,0,0,0,0,manual
1803,13,car,761.8,531.96,788.99,564.33,0,0,0,0,manual
1804,2,motorcycle,746.31,515.87,770.91,550.83,0,0,0,0,manual
1804,3,motorcycle,982.84,952.01,1008.74,986.97,0,0,0,0,manual
1804,12,motorcycle,724.88,524.94,750.78,561.25,0,0,0,0,manual
1804,13,car,761.65,531.67,788.85,564.04,0,0,0,0,manual
1805,2,motorcycle,745.89,514.71,770.49,549.67,0,0,0,0,manual
1805,3,motorcycle,982.71,950.46,1008.61,985.42,0,0,0,0,manual
1805,12,motorcycle,724.36,523.45,750.26,559.76,0,0,0,0,manual
1805,13,car,761.51,531.38,788.7,563.75,0,0,0,0,manual
1806,2,motorcycle,745.47,513.54,770.07,548.5,0,0,0,0,manual
1806,3,motorcycle,982.58,948.91,1008.48,983.87,0,0,0,0,manual
1806,12,motorcycle,723.84,521.96,749.75,558.27,0,0,0,0,manual
1806,13,car,761.36,531.09,788.56,563.46,0,0,0,0,manual
1807,2,motorcycle,745.05,512.38,769.65,547.34,0,0,0,0,manual
1807,3,motorcycle,982.45,947.35,1008.35,982.31,0,0,0,0,manual
1807,12,motorcycle,723.32,520.47,749.23,556.78,0,0,0,0,manual
1807,13,car,761.22,530.79,788.41,563.17,0,0,0,0,manual
1808,2,motorcycle,744.63,511.21,769.23,546.17,0,0,0,0,manual
1808,3,motorcycle,982.32,945.8,1008.22,980.76,0,0,0,0,manual
1808,12,motorcycle,722.81,518.98,748.71,555.3,0,0,0,0,manual
1808,13,car,761.07,530.5,788.27,562.88,0,0,0,0,manual
1809,2,motorcycle,744.21,510.05,768.81,545.01,0,0,0,0,manual
1809,3,motorcycle,982.19,944.24,1008.09,979.2,0,0,0,0,manual
1809,12,motorcycle,722.29,517.49,748.19,553.81,0,0,0,0,manual
1809,13,car,760.93,530.21,788.12,562.59,0,0,0,0,manual
1810,2,motorcycle,743.79,508.88,768.39,543.84,0,0,1,0,manual
1810,3,motorcycle,982.06,942.69,1007.96,977.65,0,0,1,0,manual
1810,12,motorcycle,721.77,516.0,747.67,552.32,0,0,0,0,manual
1810,13,car,760.78,529.92,787.97,562.29,0,0,0,0,manual
1811,2,motorcycle,744.1,507.77,768.7,542.73,0,0,0,0,manual
1811,3,motorcycle,982.06,941.22,1007.96,976.18,0,0,0,0,manual
1811,12,motorcycle,721.25,514.51,747.16,550.83,0,0,0,0,manual
1811,13,car,760.63,529.63,787.83,562.0,0,0,0,0,manual
1812,2,motorcycle,744.42,506.66,769.02,541.62,0,0,0,0,manual
1812,3,motorcycle,982.06,939.75,1007.96,974.72,0,0,0,0,manual
1812,12,motorcycle,720.73,513.02,746.64,549.34,0,0,0,0,manual
1812,13,car,760.49,529.34,787.68,561.71,0,0,0,0,manual
1813,2,motorcycle,744.73,505.55,769.33,540.51,0,0,0,0,manual
1813,3,motorcycle,982.06,938.29,1007.96,973.25,0,0,0,0,manual
1813,12,motorcycle,720.22,511.53,746.12,547.85,0,0,0,0,manual
1813,13,car,760.34,529.05,787.54,561.42,0,0,0,0,manual
1814,2,motorcycle,745.05,504.44,769.65,539.4,0,0,0,0,manual
1814,3,motorcycle,982.06,936.82,1007.96,971.78,0,0,0,0,manual
1814,12,motorcycle,719.7,510.04,745.6,546.36,0,0,0,0,manual
1814,13,car,760.2,528.76,787.39,561.13,0,0,0,0,manual
1815,2,motorcycle,745.36,503.33,769.96,538.29,0,0,0,0,manual
1815,3,motorcycle,982.06,935.35,1007.96,970.31,0,0,0,0,manual
1815,12,motorcycle,719.18,508.55,745.08,544.87,0,0,0,0,manual
1815,13,car,760.05,528.46,787.25,560.84,0,0,0,0,manual
1816,2,motorcycle,745.68,502.22,770.28,537.18,0,0,0,0,manual
1816,3,motorcycle,982.06,933.88,1007.96,968.85,0,0,0,0,manual
1816,12,motorcycle,718.66,507.07,744.57,543.38,0,0,0,0,manual
1816,13,car,759.91,528.17,787.1,560.55,0,0,0,0,manual
1817,2,motorcycle,745.99,501.11,770.59,536.07,0,0,0,0,manual
1817,3,motorcycle,982.06,932.42,1007.96,967.38,0,0,0,0,manual
1817,12,motorcycle,718.14,505.58,744.05,541.89,0,0,0,0,manual
1817,13,car,759.76,527.88,786.95,560.26,0,0,0,0,manual
1818,2,motorcycle,746.31,500.0,770.91,534.96,0,0,0,0,manual
1818,3,motorcycle,982.06,930.95,1007.96,965.91,0,0,0,0,manual
1818,12,motorcycle,717.63,504.09,743.53,540.4,0,0,0,0,manual
1818,13,car,759.61,527.59,786.81,559.96,0,0,0,0,manual
1819,2,motorcycle,746.62,498.89,771.22,533.85,0,0,0,0,manual
1819,3,motorcycle,982.06,929.48,1007.96,964.44,0,0,0,0,manual
1819,12,motorcycle,717.11,502.6,743.01,538.91,0,0,0,0,manual
1819,13,car,759.47,527.3,786.66,559.67,0,0,0,0,manual
1820,2,motorcycle,746.93,497.78,771.53,532.74,0,0,0,0,manual
1820,3,motorcycle,982.06,928.01,1007.96,962.98,0,0,0,0,manual
1820,12,motorcycle,716.59,501.11,742.49,537.42,0,0,1,0,manual
1820,13,car,759.32,527.01,786.52,559.38,0,0,1,0,manual
1821,2,motorcycle,747.25,496.67,771.85,531.63,0,0,0,0,manual
1821,3,motorcycle,982.06,926.55,1007.96,961.51,0,0,0,0,manual
1821,12,motorcycle,716.07,499.81,741.98,536.13,0,0,0,0,manual
1821,13,car,759.32,527.01,786.52,559.38,0,0,0,0,manual
1822,2,motorcycle,747.56,495.56,772.16,530.52,0,0,0,0,manual
1822,3,motorcycle,982.06,925.08,1007.96,960.04,0,0,0,0,manual
1822,12,motorcycle,715.55,498.52,741.46,534.83,0,0,0,0,manual
1822,13,car,759.32,527.01,786.52,559.38,0,0,0,0,manual
1823,2,motorcycle,747.88,494.45,772.48,529.41,0,0,0,0,manual
1823,3,motorcycle,982.06,923.61,1007.96,958.57,0,0,0,0,manual
1823,12,motorcycle,715.04,497.22,740.94,533.54,0,0,0,0,manual
1823,13,car,759.32,527.01,786.52,559.38,0,0,0,0,manual
1824,2,motorcycle,748.19,493.34,772.79,528.3,0,0,0,0,manual
1824,3,motorcycle,982.06,922.14,1007.96,957.11,0,0,0,0,manual
1824,12,motorcycle,714.52,495.93,740.42,532.24,0,0,0,0,manual
1824,13,car,759.32,527.01,786.52,559.38,0,0,0,0,manual
1825,2,motorcycle,748.51,492.23,773.11,527.19,0,0,0,0,manual
1825,3,motorcycle,982.06,920.67,1007.96,955.64,0,0,0,0,manual
1825,12,motorcycle,714.0,494.63,739.9,530.95,0,0,0,0,manual
1825,13,car,759.32,527.01,786.52,559.38,0,0,0,0,manual
1826,2,motorcycle,748.82,491.12,773.42,526.08,0,0,0,0,manual
1826,3,motorcycle,982.06,919.21,1007.96,954.17,0,0,0,0,manual
1826,12,motorcycle,713.48,493.34,739.39,529.65,0,0,0,0,manual
1826,13,car,759.32,527.01,786.52,559.38,0,0,0,0,manual
1827,2,motorcycle,749.14,490.01,773.74,524.97,0,0,0,0,manual
1827,3,motorcycle,982.06,917.74,1007.96,952.71,0,0,0,0,manual
1827,12,motorcycle,712.96,492.04,738.87,528.36,0,0,0,0,manual
1827,13,car,759.32,527.01,786.52,559.38,0,0,0,0,manual
1828,2,motorcycle,749.45,488.9,774.05,523.86,0,0,0,0,manual
1828,3,motorcycle,982.06,916.27,1007.96,951.24,0,0,0,0,manual
1828,12,motorcycle,712.45,490.75,738.35,527.07,0,0,0,0,manual
1828,13,car,759.32,527.01,786.52,559.38,0,0,0,0,manual
1829,2,motorcycle,749.76,487.79,774.36,522.75,0,0,0,0,manual
1829,3,motorcycle,982.06,914.8,1007.96,949.77,0,0,0,0,manual
1829,12,motorcycle,711.93,489.45,737.83,525.77,0,0,0,0,manual
1829,13,car,759.32,527.01,786.52,559.38,0,0,0,0,manual
1830,2,motorcycle,750.08,486.68,774.68,521.64,0,0,0,0,manual
1830,3,motorcycle,982.06,913.34,1007.96,948.3,0,0,0,0,manual
1830,12,motorcycle,711.41,488.16,737.31,524.48,0,0,0,0,manual
1830,13,car,759.32,527.01,786.52,559.38,0,0,0,0,manual
1831,2,motorcycle,750.39,485.57,774.99,520.53,0,0,0,0,manual
1831,3,motorcycle,982.06,911.87,1007.96,946.84,0,0,0,0,manual
1831,12,motorcycle,710.89,486.86,736.8,523.18,0,0,0,0,manual
1831,13,car,759.32,527.01,786.52,559.38,0,0,0,0,manual
1832,2,motorcycle,750.71,484.46,775.31,519.42,0,0,0,0,manual
1832,3,motorcycle,982.06,910.4,1007.96,945.37,0,0,0,0,manual
1832,12,motorcycle,710.37,485.57,736.28,521.89,0,0,0,0,manual
1832,13,car,759.32,527.01,786.52,559.38,0,0,0,0,manual
1833,2,motorcycle,751.02,483.35,775.62,518.31,0,0,0,0,manual
1833,3,motorcycle,982.06,908.93,1007.96,943.9,0,0,0,0,manual
1833,12,motorcycle,709.86,484.27,735.76,520.59,0,0,0,0,manual
1833,13,car,759.32,527.01,786.52,559.38,0,0,0,0,manual
1834,2,motorcycle,751.34,482.24,775.94,517.2,0,0,0,0,manual
1834,3,motorcycle,982.06,907.47,1007.96,942.43,0,0,0,0,manual
1834,12,motorcycle,709.34,482.98,735.24,519.3,0,0,0,0,manual
1834,13,car,759.32,527.01,786.52,559.38,0,0,0,0,manual
1835,2,motorcycle,751.65,481.13,776.25,516.09,0,0,0,0,manual
1835,3,motorcycle,982.06,906.0,1007.96,940.97,0,0,0,0,manual
1835,12,motorcycle,708.82,481.68,734.72,518.0,0,0,0,0,manual
1835,13,car,759.32,527.01,786.52,559.38,0,0,0,0,manual
1836,2,motorcycle,751.97,480.02,776.57,514.98,0,0,0,0,manual
1836,3,motorcycle,982.06,904.53,1007.96,939.5,0,0,0,0,manual
1836,12,motorcycle,708.3,480.39,734.21,516.71,0,0,0,0,manual
1836,13,car,759.32,527.01,786.52,559.38,0,0,0,0,manual
1837,2,motorcycle,752.28,478.91,776.88,513.87,0,0,0,0,manual
1837,3,motorcycle,982.06,903.06,1007.96,938.03,0,0,0,0,manual
1837,12,motorcycle,707.78,479.09,733.69,515.41,0,0,0,0,manual
1837,13,car,759.32,527.01,786.52,559.38,0,0,0,0,manual
1838,2,motorcycle,752.59,477.8,777.19,512.76,0,0,0,0,manual
1838,3,motorcycle,982.06,901.6,1007.96,936.56,0,0,0,0,manual
1838,12,motorcycle,707.27,477.8,733.17,514.12,0,0,0,0,manual
1838,13,car,759.32,527.01,786.52,559.38,0,0,0,0,manual
1839,2,motorcycle,752.91,476.69,777.51,511.65,0,0,0,0,manual
1839,3,motorcycle,982.06,900.13,1007.96,935.1,0,0,0,0,manual
1839,12,motorcycle,706.75,476.5,732.65,512.82,0,0,0,0,manual
1839,13,car,759.32,527.01,786.52,559.38,0,0,0,0,manual
1840,2,motorcycle,753.22,475.58,777.82,510.54,0,0,0,0,manual
1840,3,motorcycle,982.06,898.66,1007.96,933.63,0,0,1,0,manual
1840,12,motorcycle,706.23,475.21,732.13,511.53,0,0,1,0,manual
1840,13,car,759.32,527.01,786.52,559.38,0,0,0,0,manual
1841,2,motorcycle,753.54,474.47,778.14,509.43,0,0,0,0,manual
1841,3,motorcycle,981.93,897.06,1007.83,932.03,0,0,0,0,manual
1841,12,motorcycle,706.23,475.21,732.13,511.53,1,0,1,0,manual
1841,13,car,759.32,527.01,786.52,559.38,1,0,1,0,manual
1842,2,motorcycle,753.85,473.36,778.45,508.32,0,0,0,0,manual
1842,3,motorcycle,981.8,895.47,1007.7,930.44,0,0,0,0,manual
1843,2,motorcycle,754.17,472.25,778.77,507.21,0,0,0,0,manual
1843,3,motorcycle,981.67,893.87,1007.57,928.84,0,0,0,0,manual
1844,2,motorcycle,754.48,471.14,779.08,506.1,0,0,0,0,manual
1844,3,motorcycle,981.54,892.27,1007.44,927.24,0,0,0,0,manual
1845,2,motorcycle,754.79,470.03,779.39,504.99,0,0,0,0,manual
1845,3,motorcycle,981.41,890.67,1007.31,925.64,0,0,0,0,manual
1846,2,motorcycle,755.11,468.92,779.71,503.88,0,0,0,0,manual
1846,3,motorcycle,981.28,889.08,1007.18,924.05,0,0,0,0,manual
1847,2,motorcycle,755.42,467.81,780.02,502.77,0,0,0,0,manual
1847,3,motorcycle,981.15,887.48,1007.05,922.45,0,0,0,0,manual
1848,2,motorcycle,755.74,466.7,780.34,501.66,0,0,0,0,manual
1848,3,motorcycle,981.02,885.88,1006.92,920.85,0,0,0,0,manual
1849,2,motorcycle,756.05,465.59,780.65,500.55,0,0,0,0,manual
1849,3,motorcycle,980.89,884.29,1006.79,919.25,0,0,0,0,manual
1850,2,motorcycle,756.37,464.48,780.97,499.44,0,0,0,0,manual
1850,3,motorcycle,980.76,882.69,1006.66,917.66,0,0,0,0,manual
1851,2,motorcycle,756.68,463.37,781.28,498.33,0,0,0,0,manual
1851,3,motorcycle,980.63,881.09,1006.53,916.06,0,0,0,0,manual
1852,2,motorcycle,757.0,462.26,781.6,497.22,0,0,0,0,manual
1852,3,motorcycle,980.5,879.5,1006.4,914.46,0,0,0,0,manual
1853,2,motorcycle,757.31,461.15,781.91,496.11,0,0,0,0,manual
1853,3,motorcycle,980.37,877.9,1006.27,912.86,0,0,0,0,manual
1854,2,motorcycle,757.62,460.04,782.22,495.0,0,0,0,0,manual
1854,3,motorcycle,980.24,876.3,1006.14,911.27,0,0,0,0,manual
1855,2,motorcycle,757.94,458.93,782.54,493.89,0,0,0,0,manual
1855,3,motorcycle,980.12,874.7,1006.02,909.67,0,0,0,0,manual
1856,2,motorcycle,758.25,457.82,782.85,492.78,0,0,0,0,manual
1856,3,motorcycle,979.99,873.11,1005.89,908.07,0,0,0,0,manual
1857,2,motorcycle,758.57,456.71,783.17,491.67,0,0,0,0,manual
1857,3,motorcycle,979.86,871.51,1005.76,906.48,0,0,0,0,manual
1858,2,motorcycle,758.88,455.6,783.48,490.56,0,0,0,0,manual
1858,3,motorcycle,979.73,869.91,1005.63,904.88,0,0,0,0,manual
1859,2,motorcycle,759.2,454.49,783.8,489.45,0,0,0,0,manual
1859,3,motorcycle,979.6,868.32,1005.5,903.28,0,0,0,0,manual
1860,2,motorcycle,759.51,453.38,784.11,488.34,0,0,0,0,manual
1860,3,motorcycle,979.47,866.72,1005.37,901.68,0,0,0,0,manual
1861,2,motorcycle,759.83,452.27,784.43,487.23,0,0,0,0,manual
1861,3,motorcycle,979.34,865.12,1005.24,900.09,0,0,0,0,manual
1862,2,motorcycle,760.14,451.16,784.74,486.12,0,0,0,0,manual
1862,3,motorcycle,979.21,863.53,1005.11,898.49,0,0,0,0,manual
1863,2,motorcycle,760.45,450.05,785.05,485.01,0,0,0,0,manual
1863,3,motorcycle,979.08,861.93,1004.98,896.89,0,0,0,0,manual
1864,2,motorcycle,760.77,448.94,785.37,483.9,0,0,0,0,manual
1864,3,motorcycle,978.95,860.33,1004.85,895.29,0,0,0,0,manual
1865,2,motorcycle,761.08,447.83,785.68,482.79,0,0,0,0,manual
1865,3,motorcycle,978.82,858.74,1004.72,893.7,0,0,0,0,manual
1866,2,motorcycle,761.4,446.72,786.0,481.68,0,0,0,0,manual
1866,3,motorcycle,978.69,857.14,1004.59,892.1,0,0,0,0,manual
1867,2,motorcycle,761.71,445.61,786.31,480.57,0,0,0,0,manual
1867,3,motorcycle,978.56,855.54,1004.46,890.5,0,0,0,0,manual
1868,2,motorcycle,762.03,444.5,786.63,479.46,0,0,0,0,manual
1868,3,motorcycle,978.43,853.94,1004.33,888.9,0,0,0,0,manual
1869,2,motorcycle,762.34,443.39,786.94,478.35,0,0,0,0,manual
1869,3,motorcycle,978.3,852.35,1004.2,887.31,0,0,0,0,manual
1870,2,motorcycle,762.66,442.28,787.26,477.24,0,0,0,0,manual
1870,3,motorcycle,978.17,850.75,1004.07,885.71,0,0,1,0,manual
1871,2,motorcycle,762.97,441.17,787.57,476.13,0,0,0,0,manual
1871,3,motorcycle,977.94,849.33,1003.84,884.29,0,0,0,0,manual
1872,2,motorcycle,763.28,440.06,787.88,475.02,0,0,0,0,manual
1872,3,motorcycle,977.72,847.9,1003.62,882.86,0,0,0,0,manual
1873,2,motorcycle,763.6,438.95,788.2,473.91,0,0,0,0,manual
1873,3,motorcycle,977.49,846.48,1003.39,881.44,0,0,0,0,manual
1874,2,motorcycle,763.91,437.84,788.51,472.8,0,0,0,0,manual
1874,3,motorcycle,977.26,845.05,1003.16,880.01,0,0,0,0,manual
1875,2,motorcycle,764.23,436.73,788.83,471.69,0,0,0,0,manual
1875,3,motorcycle,977.04,843.63,1002.94,878.59,0,0,0,0,manual
1876,2,motorcycle,764.54,435.62,789.14,470.58,0,0,0,0,manual
1876,3,motorcycle,976.81,842.2,1002.71,877.16,0,0,0,0,manual
1877,2,motorcycle,764.86,434.51,789.46,469.47,0,0,0,0,manual
1877,3,motorcycle,976.58,840.78,1002.48,875.74,0,0,0,0,manual
1878,2,motorcycle,765.17,433.4,789.77,468.36,0,0,0,0,manual
1878,3,motorcycle,976.36,839.35,1002.26,874.31,0,0,0,0,manual
1879,2,motorcycle,765.49,432.29,790.09,467.25,0,0,0,0,manual
1879,3,motorcycle,976.13,837.93,1002.03,872.89,0,0,0,0,manual
1880,2,motorcycle,765.8,431.18,790.4,466.14,0,0,1,0,manual
1880,3,motorcycle,975.9,836.5,1001.81,871.47,0,0,0,0,manual
1881,2,motorcycle,766.06,430.45,790.66,465.41,0,0,0,0,manual
1881,3,motorcycle,975.68,835.08,1001.58,870.04,0,0,0,0,manual
1882,2,motorcycle,766.32,429.73,790.92,464.69,0,0,0,0,manual
1882,3,motorcycle,975.45,833.66,1001.35,868.62,0,0,0,0,manual
1883,2,motorcycle,766.58,429.0,791.18,463.96,0,0,0,0,manual
1883,3,motorcycle,975.23,832.23,1001.13,867.19,0,0,0,0,manual
1884,2,motorcycle,766.84,428.28,791.44,463.24,0,0,0,0,manual
1884,3,motorcycle,975.0,830.81,1000.9,865.77,0,0,0,0,manual
1885,2,motorcycle,767.09,427.55,791.69,462.51,0,0,0,0,manual
1885,3,motorcycle,974.77,829.38,1000.67,864.34,0,0,0,0,manual
1886,2,motorcycle,767.35,426.83,791.95,461.79,0,0,0,0,manual
1886,3,motorcycle,974.55,827.96,1000.45,862.92,0,0,0,0,manual
1887,2,motorcycle,767.61,426.1,792.21,461.06,0,0,0,0,manual
1887,3,motorcycle,974.32,826.53,1000.22,861.49,0,0,0,0,manual
1888,2,motorcycle,767.87,425.38,792.47,460.34,0,0,0,0,manual
1888,3,motorcycle,974.09,825.11,999.99,860.07,0,0,0,0,manual
1889,2,motorcycle,768.13,424.65,792.73,459.61,0,0,0,0,manual
1889,3,motorcycle,973.87,823.68,999.77,858.64,0,0,0,0,manual
1890,2,motorcycle,768.39,423.93,792.99,458.89,0,0,0,0,manual
1890,3,motorcycle,973.64,822.26,999.54,857.22,0,0,0,0,manual
1891,2,motorcycle,768.65,423.2,793.25,458.16,0,0,0,0,manual
1891,3,motorcycle,973.41,820.84,999.31,855.8,0,0,0,0,manual
1892,2,motorcycle,768.91,422.48,793.51,457.44,0,0,0,0,manual
1892,3,motorcycle,973.19,819.41,999.09,854.37,0,0,0,0,manual
1893,2,motorcycle,769.17,421.75,793.77,456.71,0,0,0,0,manual
1893,3,motorcycle,972.96,817.99,998.86,852.95,0,0,0,0,manual
1894,2,motorcycle,769.43,421.03,794.03,455.99,0,0,0,0,manual
1894,3,motorcycle,972.73,816.56,998.63,851.52,0,0,0,0,manual
1895,2,motorcycle,769.68,420.3,794.28,455.26,0,0,0,0,manual
1895,3,motorcycle,972.51,815.14,998.41,850.1,0,0,0,0,manual
1896,2,motorcycle,769.94,419.58,794.54,454.54,0,0,0,0,manual
1896,3,motorcycle,972.28,813.71,998.18,848.67,0,0,0,0,manual
1897,2,motorcycle,770.2,418.85,794.8,453.81,0,0,0,0,manual
1897,3,motorcycle,972.05,812.29,997.95,847.25,0,0,0,0,manual
1898,2,motorcycle,770.46,418.13,795.06,453.09,0,0,0,0,manual
1898,3,motorcycle,971.83,810.86,997.73,845.82,0,0,0,0,manual
1899,2,motorcycle,770.72,417.4,795.32,452.36,0,0,0,0,manual
1899,3,motorcycle,971.6,809.44,997.5,844.4,0,0,0,0,manual
1900,2,motorcycle,770.98,416.68,795.58,451.64,0,0,0,0,manual
1900,3,motorcycle,971.38,808.01,997.27,842.98,0,0,0,0,manual
1901,2,motorcycle,771.24,415.95,795.84,450.91,0,0,0,0,manual
1901,3,motorcycle,971.15,806.59,997.05,841.55,0,0,0,0,manual
1902,2,motorcycle,771.5,415.23,796.1,450.19,0,0,0,0,manual
1902,3,motorcycle,970.92,805.17,996.82,840.13,0,0,0,0,manual
1903,2,motorcycle,771.76,414.5,796.36,449.46,0,0,0,0,manual
1903,3,motorcycle,970.7,803.74,996.6,838.7,0,0,0,0,manual
1904,2,motorcycle,772.02,413.78,796.62,448.74,0,0,0,0,manual
1904,3,motorcycle,970.47,802.32,996.37,837.28,0,0,0,0,manual
1905,2,motorcycle,772.27,413.05,796.88,448.01,0,0,0,0,manual
1905,3,motorcycle,970.24,800.89,996.14,835.85,0,0,0,0,manual
1906,2,motorcycle,772.53,412.32,797.13,447.28,0,0,0,0,manual
1906,3,motorcycle,970.02,799.47,995.92,834.43,0,0,0,0,manual
1907,2,motorcycle,772.79,411.6,797.39,446.56,0,0,0,0,manual
1907,3,motorcycle,969.79,798.04,995.69,833.0,0,0,0,0,manual
1908,2,motorcycle,773.05,410.87,797.65,445.83,0,0,0,0,manual
1908,3,motorcycle,969.56,796.62,995.46,831.58,0,0,0,0,manual
1909,2,motorcycle,773.31,410.15,797.91,445.11,0,0,0,0,manual
1909,3,motorcycle,969.34,795.19,995.24,830.15,0,0,0,0,manual
1910,2,motorcycle,773.57,409.42,798.17,444.38,0,0,0,0,manual
1910,3,motorcycle,969.11,793.77,995.01,828.73,0,0,1,0,manual
1911,2,motorcycle,773.83,408.7,798.43,443.66,0,0,0,0,manual
1911,3,motorcycle,968.98,792.83,994.88,827.79,0,0,0,0,manual
1912,2,motorcycle,774.09,407.97,798.69,442.93,0,0,0,0,manual
1912,3,motorcycle,968.85,791.89,994.75,826.85,0,0,0,0,manual
1913,2,motorcycle,774.35,407.25,798.95,442.21,0,0,0,0,manual
1913,3,motorcycle,968.72,790.95,994.62,825.91,0,0,0,0,manual
1914,2,motorcycle,774.61,406.52,799.21,441.48,0,0,0,0,manual
1914,3,motorcycle,968.59,790.01,994.49,824.98,0,0,0,0,manual
1915,2,motorcycle,774.87,405.8,799.47,440.76,0,0,0,0,manual
1915,3,motorcycle,968.46,789.08,994.36,824.04,0,0,0,0,manual
1916,2,motorcycle,775.12,405.07,799.72,440.03,0,0,0,0,manual
1916,3,motorcycle,968.33,788.14,994.23,823.1,0,0,0,0,manual
1917,2,motorcycle,775.38,404.35,799.98,439.31,0,0,0,0,manual
1917,3,motorcycle,968.2,787.2,994.1,822.16,0,0,0,0,manual
1918,2,motorcycle,775.64,403.62,800.24,438.58,0,0,0,0,manual
1918,3,motorcycle,968.07,786.26,993.97,821.22,0,0,0,0,manual
1919,2,motorcycle,775.9,402.9,800.5,437.86,0,0,0,0,manual
1919,3,motorcycle,967.94,785.32,993.84,820.28,0,0,0,0,manual
1920,2,motorcycle,776.16,402.17,800.76,437.13,0,0,0,0,manual
1920,3,motorcycle,967.82,784.38,993.72,819.34,0,0,0,0,manual
1921,2,motorcycle,776.42,401.45,801.02,436.41,0,0,0,0,manual
1921,3,motorcycle,967.69,783.44,993.59,818.4,0,0,0,0,manual
1922,2,motorcycle,776.68,400.72,801.28,435.68,0,0,0,0,manual
1922,3,motorcycle,967.56,782.5,993.46,817.47,0,0,0,0,manual
1923,2,motorcycle,776.94,400.0,801.54,434.96,0,0,0,0,manual
1923,3,motorcycle,967.43,781.56,993.33,816.53,0,0,0,0,manual
1924,2,motorcycle,777.2,399.27,801.8,434.23,0,0,0,0,manual
1924,3,motorcycle,967.3,780.63,993.2,815.59,0,0,0,0,manual
1925,2,motorcycle,777.46,398.55,802.06,433.51,0,0,0,0,manual
1925,3,motorcycle,967.17,779.69,993.07,814.65,0,0,0,0,manual
1926,2,motorcycle,777.71,397.82,802.31,432.78,0,0,0,0,manual
1926,3,motorcycle,967.04,778.75,992.94,813.71,0,0,0,0,manual
1927,2,motorcycle,777.97,397.1,802.57,432.06,0,0,0,0,manual
1927,3,motorcycle,966.91,777.81,992.81,812.77,0,0,0,0,manual
1928,2,motorcycle,778.23,396.37,802.83,431.33,0,0,0,0,manual
1928,3,motorcycle,966.78,776.87,992.68,811.83,0,0,0,0,manual
1929,2,motorcycle,778.49,395.65,803.09,430.61,0,0,0,0,manual
1929,3,motorcycle,966.65,775.93,992.55,810.89,0,0,0,0,manual
1930,2,motorcycle,778.75,394.92,803.35,429.88,0,0,1,0,manual
1930,3,motorcycle,966.52,774.99,992.42,809.96,0,0,0,0,manual
1931,2,motorcycle,778.76,394.6,803.36,429.56,0,0,0,0,manual
1931,3,motorcycle,966.39,774.05,992.29,809.02,0,0,0,0,manual
1932,2,motorcycle,778.76,394.27,803.36,429.24,0,0,0,0,manual
1932,3,motorcycle,966.26,773.11,992.16,808.08,0,0,0,0,manual
1933,2,motorcycle,778.77,393.95,803.37,428.91,0,0,0,0,manual
1933,3,motorcycle,966.13,772.18,992.03,807.14,0,0,0,0,manual
1934,2,motorcycle,778.77,393.63,803.37,428.59,0,0,0,0,manual
1934,3,motorcycle,966.0,771.24,991.9,806.2,0,0,0,0,manual
1935,2,motorcycle,778.78,393.31,803.38,428.27,0,0,0,0,manual
1935,3,motorcycle,965.87,770.3,991.77,805.26,0,0,0,0,manual
1936,2,motorcycle,778.78,392.98,803.38,427.95,0,0,0,0,manual
1936,3,motorcycle,965.74,769.36,991.64,804.32,0,0,0,0,manual
1937,2,motorcycle,778.79,392.66,803.39,427.62,0,0,0,0,manual
1937,3,motorcycle,965.61,768.42,991.51,803.38,0,0,0,0,manual
1938,2,motorcycle,778.79,392.34,803.39,427.3,0,0,0,0,manual
1938,3,motorcycle,965.48,767.48,991.38,802.45,0,0,0,0,manual
1939,2,motorcycle,778.8,392.02,803.4,426.98,0,0,0,0,manual
1939,3,motorcycle,965.35,766.54,991.25,801.51,0,0,0,0,manual
1940,2,motorcycle,778.8,391.69,803.4,426.66,0,0,0,0,manual
1940,3,motorcycle,965.23,765.6,991.12,800.57,0,0,0,0,manual
1941,2,motorcycle,778.81,391.37,803.41,426.33,0,0,0,0,manual
1941,3,motorcycle,965.1,764.66,991.0,799.63,0,0,0,0,manual
1942,2,motorcycle,778.81,391.05,803.41,426.01,0,0,0,0,manual
1942,3,motorcycle,964.97,763.73,990.87,798.69,0,0,0,0,manual
1943,2,motorcycle,778.82,390.73,803.42,425.69,0,0,0,0,manual
1943,3,motorcycle,964.84,762.79,990.74,797.75,0,0,0,0,manual
1944,2,motorcycle,778.82,390.4,803.42,425.37,0,0,0,0,manual
1944,3,motorcycle,964.71,761.85,990.61,796.81,0,0,0,0,manual
1945,2,motorcycle,778.83,390.08,803.43,425.04,0,0,0,0,manual
1945,3,motorcycle,964.58,760.91,990.48,795.87,0,0,0,0,manual
1946,2,motorcycle,778.83,389.76,803.43,424.72,0,0,0,0,manual
1946,3,motorcycle,964.45,759.97,990.35,794.94,0,0,0,0,manual
1947,2,motorcycle,778.84,389.44,803.44,424.4,0,0,0,0,manual
1947,3,motorcycle,964.32,759.03,990.22,794.0,0,0,0,0,manual
1948,2,motorcycle,778.84,389.11,803.44,424.08,0,0,0,0,manual
1948,3,motorcycle,964.19,758.09,990.09,793.06,0,0,0,0,manual
1949,2,motorcycle,778.85,388.79,803.45,423.75,0,0,0,0,manual
1949,3,motorcycle,964.06,757.15,989.96,792.12,0,0,0,0,manual
1950,2,motorcycle,778.85,388.47,803.45,423.43,0,0,0,0,manual
1950,3,motorcycle,963.93,756.21,989.83,791.18,0,0,0,0,manual
1951,2,motorcycle,778.86,388.15,803.46,423.11,0,0,0,0,manual
1951,3,motorcycle,963.8,755.28,989.7,790.24,0,0,0,0,manual
1952,2,motorcycle,778.86,387.82,803.46,422.79,0,0,0,0,manual
1952,3,motorcycle,963.67,754.34,989.57,789.3,0,0,0,0,manual
1953,2,motorcycle,778.87,387.5,803.47,422.46,0,0,0,0,manual
1953,3,motorcycle,963.54,753.4,989.44,788.36,0,0,0,0,manual
1954,2,motorcycle,778.87,387.18,803.47,422.14,0,0,0,0,manual
1954,3,motorcycle,963.41,752.46,989.31,787.42,0,0,0,0,manual
1955,2,motorcycle,778.88,386.86,803.48,421.82,0,0,0,0,manual
1955,3,motorcycle,963.28,751.52,989.18,786.49,0,0,0,0,manual
1956,2,motorcycle,778.88,386.53,803.48,421.5,0,0,0,0,manual
1956,3,motorcycle,963.15,750.58,989.05,785.55,0,0,0,0,manual
1957,2,motorcycle,778.89,386.21,803.49,421.17,0,0,0,0,manual
1957,3,motorcycle,963.02,749.64,988.92,784.61,0,0,0,0,manual
1958,2,motorcycle,778.89,385.89,803.49,420.85,0,0,0,0,manual
1958,3,motorcycle,962.89,748.7,988.79,783.67,0,0,0,0,manual
1959,2,motorcycle,778.9,385.57,803.5,420.53,0,0,0,0,manual
1959,3,motorcycle,962.76,747.77,988.66,782.73,0,0,0,0,manual
1960,2,motorcycle,778.9,385.24,803.5,420.21,0,0,0,0,manual
1960,3,motorcycle,962.63,746.83,988.53,781.79,0,0,0,0,manual
1961,2,motorcycle,778.91,384.92,803.51,419.88,0,0,0,0,manual
1961,3,motorcycle,962.51,745.89,988.41,780.85,0,0,0,0,manual
1962,2,motorcycle,778.91,384.6,803.51,419.56,0,0,0,0,manual
1962,3,motorcycle,962.38,744.95,988.28,779.91,0,0,0,0,manual
1963,2,motorcycle,778.92,384.28,803.52,419.24,0,0,0,0,manual
1963,3,motorcycle,962.25,744.01,988.15,778.98,0,0,0,0,manual
1964,2,motorcycle,778.92,383.95,803.52,418.92,0,0,0,0,manual
1964,3,motorcycle,962.12,743.07,988.02,778.04,0,0,0,0,manual
1965,2,motorcycle,778.93,383.63,803.53,418.59,0,0,0,0,manual
1965,3,motorcycle,961.99,742.13,987.89,777.1,0,0,0,0,manual
1966,2,motorcycle,778.93,383.31,803.53,418.27,0,0,0,0,manual
1966,3,motorcycle,961.86,741.19,987.76,776.16,0,0,0,0,manual
1967,2,motorcycle,778.94,382.99,803.54,417.95,0,0,0,0,manual
1967,3,motorcycle,961.73,740.25,987.63,775.22,0,0,0,0,manual
1968,2,motorcycle,778.94,382.66,803.55,417.63,0,0,0,0,manual
1968,3,motorcycle,961.6,739.32,987.5,774.28,0,0,0,0,manual
1969,2,motorcycle,778.95,382.34,803.55,417.3,0,0,0,0,manual
1969,3,motorcycle,961.47,738.38,987.37,773.34,0,0,0,0,manual
1970,2,motorcycle,778.95,382.02,803.56,416.98,0,0,0,0,manual
1970,3,motorcycle,961.34,737.44,987.24,772.4,0,0,0,0,manual
1971,2,motorcycle,778.96,381.7,803.56,416.66,0,0,0,0,manual
1971,3,motorcycle,961.21,736.5,987.11,771.47,0,0,0,0,manual
1972,2,motorcycle,778.96,381.37,803.57,416.34,0,0,0,0,manual
1972,3,motorcycle,961.08,735.56,986.98,770.53,0,0,0,0,manual
1973,2,motorcycle,778.97,381.05,803.57,416.01,0,0,0,0,manual
1973,3,motorcycle,960.95,734.62,986.85,769.59,0,0,0,0,manual
1974,2,motorcycle,778.97,380.73,803.58,415.69,0,0,0,0,manual
1974,3,motorcycle,960.82,733.68,986.72,768.65,0,0,0,0,manual
1975,2,motorcycle,778.98,380.41,803.58,415.37,0,0,0,0,manual
1975,3,motorcycle,960.69,732.74,986.59,767.71,0,0,0,0,manual
1976,2,motorcycle,778.98,380.08,803.59,415.05,0,0,0,0,manual
1976,3,motorcycle,960.56,731.8,986.46,766.77,0,0,0,0,manual
1977,2,motorcycle,778.99,379.76,803.59,414.72,0,0,0,0,manual
1977,3,motorcycle,960.43,730.87,986.33,765.83,0,0,0,0,manual
1978,2,motorcycle,778.99,379.44,803.6,414.4,0,0,0,0,manual
1978,3,motorcycle,960.3,729.93,986.2,764.89,0,0,0,0,manual
1979,2,motorcycle,779.0,379.12,803.6,414.08,0,0,0,0,manual
1979,3,motorcycle,960.17,728.99,986.07,763.96,0,0,0,0,manual
1980,2,motorcycle,779.0,378.79,803.61,413.76,0,0,0,0,manual
1980,3,motorcycle,960.04,728.05,985.94,763.02,0,0,0,0,manual
1981,2,motorcycle,779.01,378.47,803.61,413.43,0,0,0,0,manual
1981,3,motorcycle,959.92,727.11,985.82,762.08,0,0,0,0,manual
1982,2,motorcycle,779.01,378.15,803.62,413.11,0,0,0,0,manual
1982,3,motorcycle,959.79,726.17,985.69,761.14,0,0,0,0,manual
1983,2,motorcycle,779.02,377.83,803.62,412.79,0,0,1,0,manual
1983,3,motorcycle,959.66,725.23,985.56,760.2,0,0,0,0,manual
1984,2,motorcycle,779.11,377.15,803.71,412.12,0,0,0,0,manual
1984,3,motorcycle,959.53,724.29,985.43,759.26,0,0,0,0,manual
1985,2,motorcycle,779.2,376.48,803.81,411.44,0,0,0,0,manual
1985,3,motorcycle,959.4,723.35,985.3,758.32,0,0,0,0,manual
1986,2,motorcycle,779.3,375.81,803.9,410.77,0,0,0,0,manual
1986,3,motorcycle,959.27,722.42,985.17,757.38,0,0,0,0,manual
1987,2,motorcycle,779.39,375.13,803.99,410.1,0,0,0,0,manual
1987,3,motorcycle,959.14,721.48,985.04,756.45,0,0,0,0,manual
1988,2,motorcycle,779.48,374.46,804.09,409.43,0,0,0,0,manual
1988,3,motorcycle,959.01,720.54,984.91,755.51,0,0,0,0,manual
1989,2,motorcycle,779.57,373.79,804.18,408.75,0,0,0,0,manual
1989,3,motorcycle,958.88,719.6,984.78,754.57,0,0,0,0,manual
1990,2,motorcycle,779.67,373.12,804.27,408.08,0,0,0,0,manual
1990,3,motorcycle,958.75,718.66,984.65,753.63,0,0,1,0,manual
1991,2,motorcycle,779.76,372.44,804.36,407.41,0,0,0,0,manual
1991,3,motorcycle,958.7,717.78,984.6,752.75,0,0,0,0,manual
1992,2,motorcycle,779.85,371.77,804.46,406.74,0,0,0,0,manual
1992,3,motorcycle,958.65,716.9,984.55,751.87,0,0,0,0,manual
1993,2,motorcycle,779.94,371.1,804.55,406.06,0,0,0,0,manual
1993,3,motorcycle,958.59,716.02,984.49,750.99,0,0,0,0,manual
1994,2,motorcycle,780.04,370.43,804.64,405.39,0,0,0,0,manual
1994,3,motorcycle,958.54,715.14,984.44,750.11,0,0,0,0,manual
1995,2,motorcycle,780.13,369.75,804.73,404.72,0,0,0,0,manual
1995,3,motorcycle,958.49,714.26,984.39,749.23,0,0,0,0,manual
1996,2,motorcycle,780.22,369.08,804.83,404.05,0,0,0,0,manual
1996,3,motorcycle,958.44,713.38,984.34,748.35,0,0,0,0,manual
1997,2,motorcycle,780.31,368.41,804.92,403.37,0,0,0,0,manual
1997,3,motorcycle,958.39,712.5,984.29,747.47,0,0,0,0,manual
1998,2,motorcycle,780.41,367.74,805.01,402.7,0,0,0,0,manual
1998,3,motorcycle,958.34,711.62,984.24,746.59,0,0,0,0,manual
1999,2,motorcycle,780.5,367.06,805.1,402.03,0,0,0,0,manual
1999,3,motorcycle,958.28,710.73,984.18,745.7,0,0,0,0,manual
2000,2,motorcycle,780.59,366.39,805.2,401.36,0,0,0,0,manual
2000,3,motorcycle,958.23,709.85,984.13,744.82,0,0,0,0,manual
2001,2,motorcycle,780.68,365.72,805.29,400.68,0,0,0,0,manual
2001,3,motorcycle,958.18,708.97,984.08,743.94,0,0,0,0,manual
2002,2,motorcycle,780.78,365.05,805.38,400.01,0,0,0,0,manual
2002,3,motorcycle,958.13,708.09,984.03,743.06,0,0,0,0,manual
2003,2,motorcycle,780.87,364.37,805.48,399.34,0,0,0,0,manual
2003,3,motorcycle,958.08,707.21,983.98,742.18,0,0,0,0,manual
2004,2,motorcycle,780.96,363.7,805.57,398.67,0,0,0,0,manual
2004,3,motorcycle,958.02,706.33,983.92,741.3,0,0,0,0,manual
2005,2,motorcycle,781.05,363.03,805.66,397.99,0,0,0,0,manual
2005,3,motorcycle,957.97,705.45,983.87,740.42,0,0,0,0,manual
2006,2,motorcycle,781.15,362.36,805.75,397.32,0,0,0,0,manual
2006,3,motorcycle,957.92,704.57,983.82,739.54,0,0,0,0,manual
2007,2,motorcycle,781.24,361.68,805.85,396.65,0,0,0,0,manual
2007,3,motorcycle,957.87,703.69,983.77,738.66,0,0,0,0,manual
2008,2,motorcycle,781.33,361.01,805.94,395.98,0,0,0,0,manual
2008,3,motorcycle,957.82,702.81,983.72,737.78,0,0,0,0,manual
2009,2,motorcycle,781.42,360.34,806.03,395.3,0,0,0,0,manual
2009,3,motorcycle,957.77,701.93,983.67,736.9,0,0,0,0,manual
2010,2,motorcycle,781.52,359.66,806.12,394.63,0,0,0,0,manual
2010,3,motorcycle,957.71,701.05,983.61,736.02,0,0,0,0,manual
2011,2,motorcycle,781.61,358.99,806.22,393.96,0,0,0,0,manual
2011,3,motorcycle,957.66,700.17,983.56,735.14,0,0,0,0,manual
2012,2,motorcycle,781.7,358.32,806.31,393.29,0,0,0,0,manual
2012,3,motorcycle,957.61,699.29,983.51,734.26,0,0,0,0,manual
2013,2,motorcycle,781.79,357.65,806.4,392.61,0,0,0,0,manual
2013,3,motorcycle,957.56,698.41,983.46,733.38,0,0,0,0,manual
2014,2,motorcycle,781.89,356.97,806.49,391.94,0,0,0,0,manual
2014,3,motorcycle,957.51,697.53,983.41,732.5,0,0,0,0,manual
2015,2,motorcycle,781.98,356.3,806.59,391.27,0,0,0,0,manual
2015,3,motorcycle,957.45,696.64,983.36,731.62,0,0,0,0,manual
2016,2,motorcycle,782.07,355.63,806.68,390.6,0,0,0,0,manual
2016,3,motorcycle,957.4,695.76,983.3,730.73,0,0,0,0,manual
2017,2,motorcycle,782.17,354.96,806.77,389.92,0,0,0,0,manual
2017,3,motorcycle,957.35,694.88,983.25,729.85,0,0,0,0,manual
2018,2,motorcycle,782.26,354.28,806.86,389.25,0,0,0,0,manual
2018,3,motorcycle,957.3,694.0,983.2,728.97,0,0,0,0,manual
2019,2,motorcycle,782.35,353.61,806.96,388.58,0,0,0,0,manual
2019,3,motorcycle,957.25,693.12,983.15,728.09,0,0,0,0,manual
2020,2,motorcycle,782.44,352.94,807.05,387.91,0,0,0,0,manual
2020,3,motorcycle,957.2,692.24,983.1,727.21,0,0,0,0,manual
2021,2,motorcycle,782.54,352.27,807.14,387.23,0,0,0,0,manual
2021,3,motorcycle,957.14,691.36,983.04,726.33,0,0,0,0,manual
2022,2,motorcycle,782.63,351.59,807.24,386.56,0,0,0,0,manual
2022,3,motorcycle,957.09,690.48,982.99,725.45,0,0,0,0,manual
2023,2,motorcycle,782.72,350.92,807.33,385.89,0,0,0,0,manual
2023,3,motorcycle,957.04,689.6,982.94,724.57,0,0,0,0,manual
2023,14,car,938.03,598.23,992.42,655.21,0,0,1,0,manual
2023,15,motorcycle,1002.78,612.47,1039.04,640.96,0,0,1,0,manual
2024,2,motorcycle,782.81,350.25,807.42,385.22,0,0,0,0,manual
2024,3,motorcycle,956.99,688.72,982.89,723.69,0,0,0,0,manual
2024,14,car,938.85,599.05,992.98,656.03,0,0,0,0,manual
2024,15,motorcycle,1002.57,612.53,1038.83,641.02,0,0,0,0,manual
2025,2,motorcycle,782.91,349.58,807.51,384.54,0,0,0,0,manual
2025,3,motorcycle,956.94,687.84,982.84,722.81,0,0,0,0,manual
2025,14,car,939.67,599.87,993.54,656.85,0,0,0,0,manual
2025,15,motorcycle,1002.37,612.59,1038.63,641.08,0,0,0,0,manual
2026,2,motorcycle,783.0,348.9,807.61,383.87,0,0,0,0,manual
2026,3,motorcycle,956.89,686.96,982.79,721.93,0,0,0,0,manual
2026,14,car,940.49,600.69,994.11,657.67,0,0,0,0,manual
2026,15,motorcycle,1002.17,612.64,1038.43,641.13,0,0,0,0,manual
2027,2,motorcycle,783.09,348.23,807.7,383.2,0,0,0,0,manual
2027,3,motorcycle,956.83,686.08,982.73,721.05,0,0,0,0,manual
2027,14,car,941.31,601.51,994.67,658.49,0,0,0,0,manual
2027,15,motorcycle,1001.96,612.7,1038.22,641.19,0,0,0,0,manual
2028,2,motorcycle,783.18,347.56,807.79,382.53,0,0,0,0,manual
2028,3,motorcycle,956.78,685.2,982.68,720.17,0,0,0,0,manual
2028,14,car,942.13,602.33,995.23,659.31,0,0,0,0,manual
2028,15,motorcycle,1001.76,612.75,1038.02,641.24,0,0,0,0,manual
2029,2,motorcycle,783.28,346.88,807.88,381.85,0,0,0,0,manual
2029,3,motorcycle,956.73,684.32,982.63,719.29,0,0,0,0,manual
2029,14,car,942.95,603.15,995.79,660.13,0,0,0,0,manual
2029,15,motorcycle,1001.56,612.81,1037.82,641.3,0,0,0,0,manual
2030,2,motorcycle,783.37,346.21,807.98,381.18,0,0,0,0,manual
2030,3,motorcycle,956.68,683.44,982.58,718.41,0,0,0,0,manual
2030,14,car,943.77,603.97,996.36,660.95,0,0,0,0,manual
2030,15,motorcycle,1001.35,612.86,1037.61,641.35,0,0,0,0,manual
2031,2,motorcycle,783.46,345.54,808.07,380.51,0,0,0,0,manual
2031,3,motorcycle,956.63,682.56,982.53,717.53,0,0,0,0,manual
2031,14,car,944.59,604.79,996.92,661.77,0,0,0,0,manual
2031,15,motorcycle,1001.15,612.92,1037.41,641.41,0,0,0,0,manual
2032,2,motorcycle,783.55,344.87,808.16,379.84,0,0,0,0,manual
2032,3,motorcycle,956.57,681.67,982.47,716.64,0,0,0,0,manual
2032,14,car,945.41,605.61,997.48,662.59,0,0,0,0,manual
2032,15,motorcycle,1000.95,612.97,1037.2,641.46,0,0,0,0,manual
2033,2,motorcycle,783.65,344.19,808.25,379.16,0,0,0,0,manual
2033,3,motorcycle,956.52,680.79,982.42,715.76,0,0,0,0,manual
2033,14,car,946.23,606.43,998.04,663.41,0,0,0,0,manual
2033,15,motorcycle,1000.74,613.03,1037.0,641.52,0,0,0,0,manual
2034,2,motorcycle,783.74,343.52,808.35,378.49,0,0,0,0,manual
2034,3,motorcycle,956.47,679.91,982.37,714.88,0,0,0,0,manual
2034,14,car,947.05,607.25,998.61,664.23,0,0,0,0,manual
2034,15,motorcycle,1000.54,613.09,1036.8,641.57,0,0,0,0,manual
2035,2,motorcycle,783.83,342.85,808.44,377.82,0,0,0,0,manual
2035,3,motorcycle,956.42,679.03,982.32,714.0,0,0,0,0,manual
2035,14,car,947.87,608.07,999.17,665.05,0,0,0,0,manual
2035,15,motorcycle,1000.34,613.14,1036.59,641.63,0,0,0,0,manual
2036,2,motorcycle,783.92,342.18,808.53,377.15,0,0,0,0,manual
2036,3,motorcycle,956.37,678.15,982.27,713.12,0,0,0,0,manual
2036,14,car,948.69,608.89,999.73,665.87,0,0,0,0,manual
2036,15,motorcycle,1000.13,613.2,1036.39,641.69,0,0,0,0,manual
2037,2,motorcycle,784.02,341.5,808.63,376.47,0,0,0,0,manual
2037,3,motorcycle,956.32,677.27,982.22,712.24,0,0,0,0,manual
2037,14,car,949.51,609.71,1000.3,666.69,0,0,0,0,manual
2037,15,motorcycle,999.93,613.25,1036.19,641.74,0,0,0,0,manual
2038,2,motorcycle,784.11,340.83,808.72,375.8,0,0,0,0,manual
2038,3,motorcycle,956.26,676.39,982.16,711.36,0,0,0,0,manual
2038,14,car,950.33,610.53,1000.86,667.51,0,0,0,0,manual
2038,15,motorcycle,999.72,613.31,1035.98,641.8,0,0,0,0,manual
2039,2,motorcycle,784.2,340.16,808.81,375.13,0,0,0,0,manual
2039,3,motorcycle,956.21,675.51,982.11,710.48,0,0,0,0,manual
2039,14,car,951.15,611.35,1001.42,668.33,0,0,0,0,manual
2039,15,motorcycle,999.52,613.36,1035.78,641.85,0,0,0,0,manual
2040,2,motorcycle,784.29,339.49,808.9,374.46,0,0,0,0,manual
2040,3,motorcycle,956.16,674.63,982.06,709.6,0,0,1,0,manual
2040,14,car,951.97,612.17,1001.98,669.15,0,0,0,0,manual
2040,15,motorcycle,999.32,613.42,1035.58,641.91,0,0,0,0,manual
2041,2,motorcycle,784.39,338.81,809.0,373.78,0,0,0,0,manual
2041,3,motorcycle,956.23,673.9,982.13,708.87,0,0,0,0,manual
2041,14,car,952.79,612.99,1002.55,669.97,0,0,0,0,manual
2041,15,motorcycle,999.11,613.47,1035.37,641.96,0,0,0,0,manual
2042,2,motorcycle,784.48,338.14,809.09,373.11,0,0,0,0,manual
2042,3,motorcycle,956.3,673.16,982.2,708.13,0,0,0,0,manual
2042,14,car,953.61,613.81,1003.11,670.79,0,0,0,0,manual
2042,15,motorcycle,998.91,613.53,1035.17,642.02,0,0,0,0,manual
2043,2,motorcycle,784.57,337.47,809.18,372.44,0,0,0,0,manual
2043,3,motorcycle,956.38,672.43,982.28,707.4,0,0,0,0,manual
2043,14,car,954.43,614.63,1003.67,671.61,0,0,0,0,manual
2043,15,motorcycle,998.71,613.58,1034.97,642.07,0,0,0,0,manual
2044,2,motorcycle,784.66,336.8,809.27,371.77,0,0,0,0,manual
2044,3,motorcycle,956.45,671.69,982.35,706.66,0,0,0,0,manual
2044,14,car,955.25,615.45,1004.24,672.43,0,0,0,0,manual
2044,15,motorcycle,998.5,613.64,1034.76,642.13,0,0,0,0,manual
2045,2,motorcycle,784.76,336.12,809.37,371.09,0,0,0,0,manual
2045,3,motorcycle,956.52,670.96,982.42,705.93,0,0,0,0,manual
2045,14,car,956.07,616.27,1004.8,673.25,0,0,0,0,manual
2045,15,motorcycle,998.3,613.7,1034.56,642.18,0,0,0,0,manual
2046,2,motorcycle,784.85,335.45,809.46,370.42,0,0,0,0,manual
2046,3,motorcycle,956.59,670.23,982.49,705.2,0,0,0,0,manual
2046,14,car,956.89,617.09,1005.36,674.07,0,0,0,0,manual
2046,15,motorcycle,998.1,613.75,1034.36,642.24,0,0,0,0,manual
2047,2,motorcycle,784.94,334.78,809.55,369.75,0,0,0,0,manual
2047,3,motorcycle,956.66,669.49,982.56,704.46,0,0,0,0,manual
2047,14,car,957.71,617.91,1005.92,674.89,0,0,0,0,manual
2047,15,motorcycle,997.89,613.81,1034.15,642.3,0,0,0,0,manual
2048,2,motorcycle,785.03,334.11,809.64,369.08,0,0,0,0,manual
2048,3,motorcycle,956.74,668.76,982.64,703.73,0,0,0,0,manual
2048,14,car,958.53,618.73,1006.49,675.71,0,0,0,0,manual
2048,15,motorcycle,997.69,613.86,1033.95,642.35,0,0,0,0,manual
2049,2,motorcycle,785.13,333.43,809.74,368.4,0,0,0,0,manual
2049,3,motorcycle,956.81,668.03,982.71,703.0,0,0,0,0,manual
2049,14,car,959.35,619.55,1007.05,676.53,0,0,0,0,manual
2049,15,motorcycle,997.49,613.92,1033.75,642.41,0,0,0,0,manual
2050,2,motorcycle,785.22,332.76,809.83,367.73,0,0,1,0,manual
2050,3,motorcycle,956.88,667.29,982.78,702.26,0,0,0,0,manual
2050,14,car,960.17,620.37,1007.61,677.35,0,0,0,0,manual
2050,15,motorcycle,997.28,613.97,1033.54,642.46,0,0,0,0,manual
2051,2,motorcycle,784.92,331.72,809.53,366.69,0,0,0,0,manual
2051,3,motorcycle,956.95,666.56,982.85,701.53,0,0,0,0,manual
2051,14,car,960.99,621.19,1008.17,678.17,0,0,0,0,manual
2051,15,motorcycle,997.08,614.03,1033.34,642.52,0,0,0,0,manual
2052,2,motorcycle,784.62,330.69,809.23,365.66,0,0,0,0,manual
2052,3,motorcycle,957.02,665.82,982.92,700.79,0,0,0,0,manual
2052,14,car,961.81,622.01,1008.74,678.99,0,0,0,0,manual
2052,15,motorcycle,996.88,614.08,1033.13,642.57,0,0,0,0,manual
2053,2,motorcycle,784.31,329.65,808.92,364.62,0,0,0,0,manual
2053,3,motorcycle,957.09,665.09,982.99,700.06,0,0,0,0,manual
2053,14,car,962.63,622.83,1009.3,679.81,0,0,1,0,manual
2053,15,motorcycle,996.67,614.14,1032.93,642.63,0,0,0,0,manual
2054,2,motorcycle,784.01,328.62,808.62,363.59,0,0,0,0,manual
2054,3,motorcycle,957.17,664.36,983.07,699.33,0,0,0,0,manual
2054,14,car,963.34,623.81,1009.95,680.78,0,0,0,0,manual
2054,15,motorcycle,996.47,614.2,1032.73,642.68,0,0,0,0,manual
2055,2,motorcycle,783.71,327.58,808.32,362.55,0,0,0,0,manual
2055,3,motorcycle,957.24,663.62,983.14,698.59,0,0,0,0,manual
2055,14,car,964.06,624.78,1010.6,681.76,0,0,0,0,manual
2055,15,motorcycle,996.27,614.25,1032.52,642.74,0,0,0,0,manual
2056,2,motorcycle,783.41,326.54,808.02,361.51,0,0,0,0,manual
2056,3,motorcycle,957.31,662.89,983.21,697.86,0,0,0,0,manual
2056,14,car,964.77,625.75,1011.25,682.73,0,0,0,0,manual
2056,15,motorcycle,996.06,614.31,1032.32,642.8,0,0,0,0,manual
2057,2,motorcycle,783.11,325.51,807.71,360.48,0,0,0,0,manual
2057,3,motorcycle,957.38,662.16,983.28,697.12,0,0,0,0,manual
2057,14,car,965.48,626.73,1011.9,683.7,0,0,0,0,manual
2057,15,motorcycle,995.86,614.36,1032.12,642.85,0,0,0,0,manual
2058,2,motorcycle,782.8,324.47,807.41,359.44,0,0,0,0,manual
2058,3,motorcycle,957.45,661.42,983.35,696.39,0,0,0,0,manual
2058,14,car,966.19,627.7,1012.55,684.67,0,0,0,0,manual
2058,15,motorcycle,995.66,614.42,1031.91,642.91,0,0,0,0,manual
2059,2,motorcycle,782.5,323.44,807.11,358.41,0,0,0,0,manual
2059,3,motorcycle,957.53,660.69,983.43,695.66,0,0,0,0,manual
2059,14,car,966.91,628.67,1013.2,685.64,0,0,0,0,manual
2059,15,motorcycle,995.45,614.47,1031.71,642.96,0,0,0,0,manual
2060,2,motorcycle,782.2,322.4,806.81,357.37,0,0,0,0,manual
2060,3,motorcycle,957.6,659.95,983.5,694.92,0,0,0,0,manual
2060,14,car,967.62,629.65,1013.85,686.61,0,0,0,0,manual
2060,15,motorcycle,995.25,614.53,1031.51,643.02,0,0,0,0,manual
2061,2,motorcycle,781.9,321.36,806.5,356.33,0,0,0,0,manual
2061,3,motorcycle,957.67,659.22,983.57,694.19,0,0,0,0,manual
2061,4,motorcycle,982.0,999.74,1004.01,1032.12,0,0,1,0,manual
2061,14,car,968.33,630.62,1014.5,687.58,0,0,0,0,manual
2061,15,motorcycle,995.04,614.58,1031.3,643.07,0,0,0,0,manual
2062,2,motorcycle,781.6,320.33,806.2,355.3,0,0,0,0,manual
2062,3,motorcycle,957.74,658.49,983.64,693.45,0,0,0,0,manual
2062,4,motorcycle,981.77,998.81,1003.78,1031.19,0,0,0,0,manual
2062,14,car,969.04,631.59,1015.15,688.55,0,0,0,0,manual
2062,15,motorcycle,994.84,614.64,1031.1,643.13,0,0,0,0,manual
2063,2,motorcycle,781.29,319.29,805.9,354.26,0,0,0,0,manual
2063,3,motorcycle,957.81,657.75,983.71,692.72,0,0,0,0,manual
2063,4,motorcycle,981.55,997.88,1003.56,1030.26,0,0,0,0,manual
2063,14,car,969.75,632.57,1015.8,689.53,0,0,0,0,manual
2063,15,motorcycle,994.64,614.69,1030.9,643.18,0,0,0,0,manual
2064,2,motorcycle,780.99,318.26,805.6,353.23,0,0,0,0,manual
2064,3,motorcycle,957.89,657.02,983.79,691.99,0,0,0,0,manual
2064,4,motorcycle,981.32,996.95,1003.33,1029.33,0,0,0,0,manual
2064,14,car,970.47,633.54,1016.45,690.5,0,0,0,0,manual
2064,15,motorcycle,994.43,614.75,1030.69,643.24,0,0,0,0,manual
2065,2,motorcycle,780.69,317.22,805.3,352.19,0,0,0,0,manual
2065,3,motorcycle,957.96,656.29,983.86,691.25,0,0,0,0,manual
2065,4,motorcycle,981.09,996.02,1003.1,1028.4,0,0,0,0,manual
2065,14,car,971.18,634.51,1017.1,691.47,0,0,0,0,manual
2065,15,motorcycle,994.23,614.81,1030.49,643.29,0,0,0,0,manual
2066,2,motorcycle,780.39,316.18,804.99,351.15,0,0,0,0,manual
2066,3,motorcycle,958.03,655.55,983.93,690.52,0,0,0,0,manual
2066,4,motorcycle,980.87,995.09,1002.88,1027.47,0,0,0,0,manual
2066,14,car,971.89,635.49,1017.75,692.44,0,0,0,0,manual
2066,15,motorcycle,994.03,614.86,1030.29,643.35,0,0,0,0,manual
2067,2,motorcycle,780.09,315.15,804.69,350.12,0,0,0,0,manual
2067,3,motorcycle,958.1,654.82,984.0,689.78,0,0,0,0,manual
2067,4,motorcycle,980.64,994.16,1002.65,1026.54,0,0,0,0,manual
2067,14,car,972.6,636.46,1018.4,693.41,0,0,0,0,manual
2067,15,motorcycle,993.82,614.92,1030.08,643.41,0,0,0,0,manual
2068,2,motorcycle,779.78,314.11,804.39,349.08,0,0,0,0,manual
2068,3,motorcycle,958.17,654.08,984.07,689.05,0,0,0,0,manual
2068,4,motorcycle,980.41,993.22,1002.42,1025.6,0,0,0,0,manual
2068,14,car,973.32,637.43,1019.05,694.38,0,0,0,0,manual
2068,15,motorcycle,993.62,614.97,1029.88,643.46,0,0,0,0,manual
2069,2,motorcycle,779.48,313.08,804.09,348.05,0,0,0,0,manual
2069,3,motorcycle,958.24,653.35,984.14,688.32,0,0,0,0,manual
2069,4,motorcycle,980.19,992.29,1002.2,1024.67,0,0,0,0,manual
2069,14,car,974.03,638.41,1019.7,695.35,0,0,0,0,manual
2069,15,motorcycle,993.42,615.03,1029.68,643.52,0,0,0,0,manual
2070,2,motorcycle,779.18,312.04,803.78,347.01,0,0,0,0,manual
2070,3,motorcycle,958.32,652.62,984.22,687.58,0,0,0,0,manual
2070,4,motorcycle,979.96,991.36,1001.97,1023.74,0,0,0,0,manual
2070,14,car,974.74,639.38,1020.35,696.32,0,0,0,0,manual
2070,15,motorcycle,993.21,615.08,1029.47,643.57,0,0,0,0,manual
2071,2,motorcycle,778.88,311.0,803.48,345.97,0,0,0,0,manual
2071,3,motorcycle,958.39,651.88,984.29,686.85,0,0,0,0,manual
2071,4,motorcycle,979.73,990.43,1001.74,1022.81,0,0,0,0,manual
2071,14,car,975.45,640.35,1021.0,697.3,0,0,0,0,manual
2071,15,motorcycle,993.01,615.14,1029.27,643.63,0,0,0,0,manual
2072,2,motorcycle,778.58,309.97,803.18,344.94,0,0,0,0,manual
2072,3,motorcycle,958.46,651.15,984.36,686.12,0,0,0,0,manual
2072,4,motorcycle,979.51,989.5,1001.52,1021.88,0,0,0,0,manual
2072,14,car,976.16,641.33,1021.65,698.27,0,0,0,0,manual
2072,15,motorcycle,992.81,615.19,1029.07,643.68,0,0,0,0,manual
2073,2,motorcycle,778.27,308.93,802.88,343.9,0,0,0,0,manual
2073,3,motorcycle,958.53,650.42,984.43,685.38,0,0,0,0,manual
2073,4,motorcycle,979.28,988.57,1001.29,1020.95,0,0,0,0,manual
2073,14,car,976.88,642.3,1022.3,699.24,0,0,1,0,manual
2073,15,motorcycle,992.6,615.25,1028.86,643.74,0,0,0,0,manual
2074,2,motorcycle,777.97,307.9,802.57,342.87,0,0,0,0,manual
2074,3,motorcycle,958.6,649.68,984.5,684.65,0,0,0,0,manual
2074,4,motorcycle,979.05,987.64,1001.06,1020.02,0,0,0,0,manual
2074,14,car,977.2,642.82,1022.62,699.76,0,0,0,0,manual
2074,15,motorcycle,992.4,615.31,1028.66,643.79,0,0,0,0,manual
2075,2,motorcycle,777.67,306.86,802.27,341.83,0,0,0,0,manual
2075,3,motorcycle,958.68,648.95,984.58,683.91,0,0,0,0,manual
2075,4,motorcycle,978.83,986.71,1000.84,1019.09,0,0,0,0,manual
2075,14,car,977.52,643.34,1022.95,700.27,0,0,0,0,manual
2075,15,motorcycle,992.2,615.36,1028.45,643.85,0,0,0,0,manual
2076,2,motorcycle,777.37,305.82,801.97,340.79,0,0,0,0,manual
2076,3,motorcycle,958.75,648.21,984.65,683.18,0,0,0,0,manual
2076,4,motorcycle,978.6,985.78,1000.61,1018.16,0,0,0,0,manual
2076,14,car,977.85,643.85,1023.27,700.79,0,0,0,0,manual
2076,15,motorcycle,991.99,615.42,1028.25,643.91,0,0,0,0,manual
2077,2,motorcycle,777.07,304.79,801.67,339.76,0,0,0,0,manual
2077,3,motorcycle,958.82,647.48,984.72,682.45,0,0,0,0,manual
2077,4,motorcycle,978.37,984.85,1000.38,1017.23,0,0,0,0,manual
2077,14,car,978.17,644.37,1023.59,701.31,0,0,0,0,manual
2077,15,motorcycle,991.79,615.47,1028.05,643.96,0,0,0,0,manual
2078,2,motorcycle,776.76,303.75,801.36,338.72,0,0,0,0,manual
2078,3,motorcycle,958.89,646.75,984.79,681.71,0,0,0,0,manual
2078,4,motorcycle,978.15,983.92,1000.16,1016.3,0,0,0,0,manual
2078,14,car,978.5,644.89,1023.92,701.83,0,0,0,0,manual
2078,15,motorcycle,991.59,615.53,1027.84,644.02,0,0,0,0,manual
2079,2,motorcycle,776.46,302.72,801.06,337.69,0,0,0,0,manual
2079,3,motorcycle,958.96,646.01,984.86,680.98,0,0,0,0,manual
2079,4,motorcycle,977.92,982.99,999.93,1015.37,0,0,0,0,manual
2079,14,car,978.82,645.41,1024.24,702.35,0,0,0,0,manual
2079,15,motorcycle,991.38,615.58,1027.64,644.07,0,0,0,0,manual
2080,2,motorcycle,776.16,301.68,800.76,336.65,0,0,1,0,manual
2080,3,motorcycle,959.04,645.28,984.94,680.24,0,0,0,0,manual
2080,4,motorcycle,977.69,982.06,999.71,1014.43,0,0,0,0,manual
2080,14,car,979.14,645.93,1024.57,702.86,0,0,0,0,manual
2080,15,motorcycle,991.18,615.64,1027.44,644.13,0,0,0,0,manual
2081,2,motorcycle,776.16,300.77,800.76,335.74,0,0,0,0,manual
2081,3,motorcycle,959.11,644.55,985.01,679.51,0,0,0,0,manual
2081,4,motorcycle,977.47,981.12,999.48,1013.5,0,0,0,0,manual
2081,14,car,979.47,646.44,1024.89,703.38,0,0,0,0,manual
2081,15,motorcycle,990.97,615.69,1027.23,644.18,0,0,0,0,manual
2082,2,motorcycle,776.16,299.87,800.76,334.84,0,0,0,0,manual
2082,3,motorcycle,959.18,643.81,985.08,678.78,0,0,0,0,manual
2082,4,motorcycle,977.24,980.19,999.25,1012.57,0,0,0,0,manual
2082,14,car,979.79,646.96,1025.21,703.9,0,0,0,0,manual
2082,15,motorcycle,990.77,615.75,1027.03,644.24,0,0,0,0,manual
2083,2,motorcycle,776.16,298.96,800.76,333.93,0,0,0,0,manual
2083,3,motorcycle,959.25,643.08,985.15,678.04,0,0,0,0,manual
2083,4,motorcycle,977.01,979.26,999.03,1011.64,0,0,0,0,manual
2083,14,car,980.11,647.48,1025.54,704.42,0,0,0,0,manual
2083,15,motorcycle,990.57,615.8,1026.83,644.29,0,0,0,0,manual
2084,2,motorcycle,776.16,298.05,800.76,333.02,0,0,0,0,manual
2084,3,motorcycle,959.32,642.34,985.22,677.31,0,0,0,0,manual
2084,4,motorcycle,976.79,978.33,998.8,1010.71,0,0,0,0,manual
2084,14,car,980.44,648.0,1025.86,704.94,0,0,0,0,manual
2084,15,motorcycle,990.36,615.86,1026.62,644.35,0,0,0,0,manual
2085,2,motorcycle,776.16,297.15,800.76,332.12,0,0,0,0,manual
2085,3,motorcycle,959.39,641.61,985.29,676.58,0,0,0,0,manual
2085,4,motorcycle,976.56,977.4,998.57,1009.78,0,0,0,0,manual
2085,14,car,980.76,648.52,1026.18,705.45,0,0,0,0,manual
2085,15,motorcycle,990.16,615.92,1026.42,644.4,0,0,0,0,manual
2086,2,motorcycle,776.16,296.24,800.76,331.21,0,0,0,0,manual
2086,3,motorcycle,959.47,640.88,985.37,675.84,0,0,0,0,manual
2086,4,motorcycle,976.33,976.47,998.35,1008.85,0,0,0,0,manual
2086,14,car,981.09,649.03,1026.51,705.97,0,0,0,0,manual
2086,15,motorcycle,989.96,615.97,1026.22,644.46,0,0,0,0,manual
2087,2,motorcycle,776.16,295.33,800.76,330.3,0,0,0,0,manual
2087,3,motorcycle,959.54,640.14,985.44,675.11,0,0,0,0,manual
2087,4,motorcycle,976.11,975.54,998.12,1007.92,0,0,0,0,manual
2087,14,car,981.41,649.55,1026.83,706.49,0,0,0,0,manual
2087,15,motorcycle,989.75,616.03,1026.01,644.52,0,0,0,0,manual
2088,2,motorcycle,776.16,294.43,800.76,329.4,0,0,0,0,manual
2088,3,motorcycle,959.61,639.41,985.51,674.37,0,0,0,0,manual
2088,4,motorcycle,975.88,974.61,997.89,1006.99,0,0,0,0,manual
2088,14,car,981.73,650.07,1027.16,707.01,0,0,0,0,manual
2088,15,motorcycle,989.55,616.08,1025.81,644.57,0,0,0,0,manual
2089,2,motorcycle,776.16,293.52,800.76,328.49,0,0,0,0,manual
2089,3,motorcycle,959.68,638.67,985.58,673.64,0,0,0,0,manual
2089,4,motorcycle,975.65,973.68,997.67,1006.06,0,0,0,0,manual
2089,14,car,982.06,650.59,1027.48,707.53,0,0,0,0,manual
2089,15,motorcycle,989.35,616.14,1025.61,644.63,0,0,0,0,manual
2090,2,motorcycle,776.16,292.62,800.76,327.58,0,0,0,0,manual
2090,3,motorcycle,959.75,637.94,985.65,672.91,0,0,0,0,manual
2090,4,motorcycle,975.43,972.75,997.44,1005.13,0,0,0,0,manual
2090,14,car,982.38,651.11,1027.8,708.04,0,0,0,0,manual
2090,15,motorcycle,989.14,616.19,1025.4,644.68,0,0,0,0,manual
2091,2,motorcycle,776.16,291.71,800.76,326.68,0,0,0,0,manual
2091,3,motorcycle,959.83,637.21,985.73,672.17,0,0,0,0,manual
2091,4,motorcycle,975.2,971.82,997.21,1004.2,0,0,0,0,manual
2091,14,car,982.7,651.62,1028.13,708.56,0,0,0,0,manual
2091,15,motorcycle,988.94,616.25,1025.2,644.74,0,0,0,0,manual
2092,2,motorcycle,776.16,290.8,800.76,325.77,0,0,0,0,manual
2092,3,motorcycle,959.9,636.47,985.8,671.44,0,0,0,0,manual
2092,4,motorcycle,974.97,970.89,996.99,1003.26,0,0,0,0,manual
2092,14,car,983.03,652.14,1028.45,709.08,0,0,0,0,manual
2092,15,motorcycle,988.74,616.3,1025.0,644.79,0,0,0,0,manual
2093,2,motorcycle,776.16,289.9,800.76,324.87,0,0,0,0,manual
2093,3,motorcycle,959.97,635.74,985.87,670.7,0,0,0,0,manual
2093,4,motorcycle,974.75,969.96,996.76,1002.33,0,0,0,0,manual
2093,14,car,983.35,652.66,1028.77,709.6,0,0,1,0,manual
2093,15,motorcycle,988.53,616.36,1024.79,644.85,0,0,1,0,manual
2094,2,motorcycle,776.16,288.99,800.76,323.96,0,0,0,0,manual
2094,3,motorcycle,960.04,635.01,985.94,669.97,0,0,0,0,manual
2094,4,motorcycle,974.52,969.03,996.53,1001.4,0,0,0,0,manual
2094,14,car,983.52,652.88,1028.95,709.81,0,0,0,0,manual
2094,15,motorcycle,988.36,616.36,1024.61,644.85,0,0,0,0,manual
2095,2,motorcycle,776.16,288.08,800.76,323.05,0,0,0,0,manual
2095,3,motorcycle,960.11,634.27,986.01,669.24,0,0,0,0,manual
2095,4,motorcycle,974.29,968.09,996.31,1000.47,0,0,0,0,manual
2095,14,car,983.7,653.09,1029.12,710.03,0,0,0,0,manual
2095,15,motorcycle,988.18,616.36,1024.44,644.85,0,0,0,0,manual
2096,2,motorcycle,776.16,287.18,800.76,322.15,0,0,0,0,manual
2096,3,motorcycle,960.19,633.54,986.09,668.5,0,0,0,0,manual
2096,4,motorcycle,974.07,967.16,996.08,999.54,0,0,0,0,manual
2096,14,car,983.87,653.31,1029.29,710.24,0,0,0,0,manual
2096,15,motorcycle,988.0,616.36,1024.26,644.85,0,0,0,0,manual
2097,2,motorcycle,776.16,286.27,800.76,321.24,0,0,0,0,manual
2097,3,motorcycle,960.26,632.8,986.16,667.77,0,0,0,0,manual
2097,4,motorcycle,973.84,966.23,995.85,998.61,0,0,0,0,manual
2097,14,car,984.04,653.52,1029.47,710.46,0,0,0,0,manual
2097,15,motorcycle,987.82,616.36,1024.08,644.85,0,0,0,0,manual
2098,2,motorcycle,776.16,285.36,800.76,320.33,0,0,0,0,manual
2098,3,motorcycle,960.33,632.07,986.23,667.03,0,0,0,0,manual
2098,4,motorcycle,973.61,965.3,995.63,997.68,0,0,0,0,manual
2098,14,car,984.21,653.74,1029.64,710.68,0,0,0,0,manual
2098,15,motorcycle,987.64,616.36,1023.9,644.85,0,0,0,0,manual
2099,2,motorcycle,776.16,284.46,800.76,319.43,0,0,0,0,manual
2099,3,motorcycle,960.4,631.34,986.3,666.3,0,0,0,0,manual
2099,4,motorcycle,973.39,964.37,995.4,996.75,0,0,0,0,manual
2099,14,car,984.39,653.95,1029.81,710.89,0,0,0,0,manual
2099,15,motorcycle,987.46,616.36,1023.72,644.85,0,0,0,0,manual
2100,2,motorcycle,776.16,283.55,800.76,318.52,0,0,0,0,manual
2100,3,motorcycle,960.47,630.6,986.37,665.57,0,0,0,0,manual
2100,4,motorcycle,973.16,963.44,995.17,995.82,0,0,0,0,manual
2100,14,car,984.56,654.17,1029.98,711.11,0,0,0,0,manual
2100,15,motorcycle,987.29,616.36,1023.55,644.85,0,0,0,0,manual
2101,2,motorcycle,776.16,282.64,800.76,317.61,0,0,0,0,manual
2101,3,motorcycle,960.55,629.87,986.45,664.83,0,0,0,0,manual
2101,4,motorcycle,972.93,962.51,994.95,994.89,0,0,0,0,manual
2101,14,car,984.73,654.39,1030.16,711.32,0,0,0,0,manual
2101,15,motorcycle,987.11,616.36,1023.37,644.85,0,0,0,0,manual
2102,2,motorcycle,776.16,281.74,800.76,316.71,0,0,0,0,manual
2102,3,motorcycle,960.62,629.14,986.52,664.1,0,0,0,0,manual
2102,4,motorcycle,972.71,961.58,994.72,993.96,0,0,0,0,manual
2102,14,car,984.91,654.6,1030.33,711.54,0,0,0,0,manual
2102,15,motorcycle,986.93,616.36,1023.19,644.85,0,0,0,0,manual
2103,2,motorcycle,776.16,280.83,800.76,315.8,0,0,0,0,manual
2103,3,motorcycle,960.69,628.4,986.59,663.37,0,0,0,0,manual
2103,4,motorcycle,972.48,960.65,994.49,993.03,0,0,0,0,manual
2103,14,car,985.08,654.82,1030.5,711.76,0,0,0,0,manual
2103,15,motorcycle,986.75,616.36,1023.01,644.85,0,0,0,0,manual
2104,2,motorcycle,776.16,279.92,800.76,314.89,0,0,0,0,manual
2104,3,motorcycle,960.76,627.67,986.66,662.63,0,0,0,0,manual
2104,4,motorcycle,972.26,959.72,994.27,992.1,0,0,0,0,manual
2104,14,car,985.25,655.03,1030.67,711.97,0,0,0,0,manual
2104,15,motorcycle,986.57,616.36,1022.83,644.85,0,0,0,0,manual
2105,2,motorcycle,776.16,279.02,800.76,313.99,0,0,0,0,manual
2105,3,motorcycle,960.83,626.93,986.73,661.9,0,0,0,0,manual
2105,4,motorcycle,972.03,958.79,994.04,991.16,0,0,0,0,manual
2105,14,car,985.42,655.25,1030.85,712.19,0,0,0,0,manual
2105,15,motorcycle,986.4,616.36,1022.66,644.85,0,0,0,0,manual
2106,2,motorcycle,776.16,278.11,800.76,313.08,0,0,0,0,manual
2106,3,motorcycle,960.9,626.2,986.8,661.16,0,0,0,0,manual
2106,4,motorcycle,971.8,957.86,993.81,990.23,0,0,0,0,manual
2106,14,car,985.6,655.46,1031.02,712.4,0,0,0,0,manual
2106,15,motorcycle,986.22,616.36,1022.48,644.85,0,0,0,0,manual
2107,2,motorcycle,776.16,277.2,800.76,312.17,0,0,0,0,manual
2107,3,motorcycle,960.98,625.47,986.88,660.43,0,0,0,0,manual
2107,4,motorcycle,971.58,956.93,993.59,989.3,0,0,0,0,manual
2107,14,car,985.77,655.68,1031.19,712.62,0,0,0,0,manual
2107,15,motorcycle,986.04,616.36,1022.3,644.85,0,0,0,0,manual
2108,2,motorcycle,776.16,276.3,800.76,311.27,0,0,0,0,manual
2108,3,motorcycle,961.05,624.73,986.95,659.7,0,0,0,0,manual
2108,4,motorcycle,971.35,955.99,993.36,988.37,0,0,0,0,manual
2108,14,car,985.94,655.9,1031.36,712.83,0,0,0,0,manual
2108,15,motorcycle,985.86,616.36,1022.12,644.85,0,0,0,0,manual
2109,2,motorcycle,776.16,275.39,800.76,310.36,0,0,0,0,manual
2109,3,motorcycle,961.12,624.0,987.02,658.96,0,0,0,0,manual
2109,4,motorcycle,971.12,955.06,993.13,987.44,0,0,0,0,manual
2109,14,car,986.11,656.11,1031.54,713.05,0,0,0,0,manual
2109,15,motorcycle,985.68,616.36,1021.94,644.85,0,0,0,0,manual
2110,2,motorcycle,776.16,274.49,800.76,309.45,0,0,0,0,manual
2110,3,motorcycle,961.19,623.27,987.09,658.23,0,0,0,0,manual
2110,4,motorcycle,970.9,954.13,992.91,986.51,0,0,0,0,manual
2110,14,car,986.29,656.33,1031.71,713.27,0,0,0,0,manual
2110,15,motorcycle,985.51,616.36,1021.77,644.85,0,0,0,0,manual
2111,2,motorcycle,776.16,273.58,800.76,308.55,0,0,0,0,manual
2111,3,motorcycle,961.26,622.53,987.16,657.49,0,0,0,0,manual
2111,4,motorcycle,970.67,953.2,992.68,985.58,0,0,0,0,manual
2111,14,car,986.46,656.54,1031.88,713.48,0,0,0,0,manual
2111,15,motorcycle,985.33,616.36,1021.59,644.85,0,0,0,0,manual
2112,2,motorcycle,776.16,272.67,800.76,307.64,0,0,0,0,manual
2112,3,motorcycle,961.34,621.8,987.24,656.76,0,0,0,0,manual
2112,4,motorcycle,970.44,952.27,992.46,984.65,0,0,0,0,manual
2112,14,car,986.63,656.76,1032.06,713.7,0,0,0,0,manual
2112,15,motorcycle,985.15,616.36,1021.41,644.85,0,0,0,0,manual
2113,2,motorcycle,776.16,271.77,800.76,306.74,0,0,0,0,manual
2113,3,motorcycle,961.41,621.06,987.31,656.03,0,0,0,0,manual
2113,4,motorcycle,970.22,951.34,992.23,983.72,0,0,0,0,manual
2113,14,car,986.8,656.98,1032.23,713.91,0,0,0,0,manual
2113,15,motorcycle,984.97,616.36,1021.23,644.85,0,0,0,0,manual
2114,2,motorcycle,776.16,270.86,800.76,305.83,0,0,0,0,manual
2114,3,motorcycle,961.48,620.33,987.38,655.29,0,0,0,0,manual
2114,4,motorcycle,969.99,950.41,992.0,982.79,0,0,0,0,manual
2114,14,car,986.98,657.19,1032.4,714.13,0,0,0,0,manual
2114,15,motorcycle,984.79,616.36,1021.05,644.85,0,0,0,0,manual
2115,2,motorcycle,776.16,269.95,800.76,304.92,0,0,0,0,manual
2115,3,motorcycle,961.55,619.6,987.45,654.56,0,0,0,0,manual
2115,4,motorcycle,969.76,949.48,991.78,981.86,0,0,0,0,manual
2115,14,car,987.15,657.41,1032.57,714.35,0,0,0,0,manual
2115,15,motorcycle,984.62,616.36,1020.88,644.85,0,0,0,0,manual
2116,2,motorcycle,776.16,269.05,800.76,304.02,0,0,0,0,manual
2116,3,motorcycle,961.62,618.86,987.52,653.82,0,0,0,0,manual
2116,4,motorcycle,969.54,948.55,991.55,980.93,0,0,0,0,manual
2116,14,car,987.32,657.62,1032.75,714.56,0,0,0,0,manual
2116,15,motorcycle,984.44,616.36,1020.7,644.85,0,0,0,0,manual
2117,2,motorcycle,776.16,268.14,800.76,303.11,0,0,0,0,manual
2117,3,motorcycle,961.7,618.13,987.6,653.09,0,0,0,0,manual
2117,4,motorcycle,969.31,947.62,991.32,979.99,0,0,0,0,manual
2117,14,car,987.5,657.84,1032.92,714.78,0,0,0,0,manual
2117,15,motorcycle,984.26,616.36,1020.52,644.85,0,0,0,0,manual
2118,2,motorcycle,776.16,267.23,800.76,302.2,0,0,0,0,manual
2118,3,motorcycle,961.77,617.4,987.67,652.36,0,0,0,0,manual
2118,4,motorcycle,969.08,946.69,991.1,979.06,0,0,0,0,manual
2118,14,car,987.67,658.05,1033.09,714.99,0,0,0,0,manual
2118,15,motorcycle,984.08,616.36,1020.34,644.85,0,0,0,0,manual
2119,2,motorcycle,776.16,266.33,800.76,301.3,0,0,0,0,manual
2119,3,motorcycle,961.84,616.66,987.74,651.62,0,0,0,0,manual
2119,4,motorcycle,968.86,945.76,990.87,978.13,0,0,0,0,manual
2119,14,car,987.84,658.27,1033.26,715.21,0,0,0,0,manual
2119,15,motorcycle,983.9,616.36,1020.16,644.85,0,0,0,0,manual
2120,2,motorcycle,776.16,265.42,800.76,300.39,0,0,1,0,manual
2120,3,motorcycle,961.91,615.93,987.81,650.89,0,0,0,0,manual
2120,4,motorcycle,968.63,944.83,990.64,977.2,0,0,0,0,manual
2120,14,car,988.01,658.49,1033.44,715.42,0,0,0,0,manual
2120,15,motorcycle,983.73,616.36,1019.98,644.85,0,0,0,0,manual
2121,2,motorcycle,775.93,264.38,800.53,299.35,0,0,0,0,manual
2121,3,motorcycle,961.98,615.19,987.88,650.15,0,0,0,0,manual
2121,4,motorcycle,968.4,943.89,990.42,976.27,0,0,0,0,manual
2121,14,car,988.19,658.7,1033.61,715.64,0,0,0,0,manual
2121,15,motorcycle,983.55,616.36,1019.81,644.85,0,0,0,0,manual
2122,2,motorcycle,775.69,263.35,800.29,298.32,0,0,0,0,manual
2122,3,motorcycle,962.05,614.46,987.95,649.42,0,0,0,0,manual
2122,4,motorcycle,968.18,942.96,990.19,975.34,0,0,0,0,manual
2122,14,car,988.36,658.92,1033.78,715.86,0,0,0,0,manual
2122,15,motorcycle,983.37,616.36,1019.63,644.85,0,0,0,0,manual
2123,2,motorcycle,775.46,262.31,800.06,297.28,0,0,0,0,manual
2123,3,motorcycle,962.13,613.73,988.03,648.69,0,0,0,0,manual
2123,4,motorcycle,967.95,942.03,989.96,974.41,0,0,0,0,manual
2123,14,car,988.53,659.13,1033.95,716.07,0,0,1,0,manual
2123,15,motorcycle,983.19,616.36,1019.45,644.85,0,0,0,0,manual
2123,16,motorcycle,1029.97,589.17,1068.82,612.47,0,0,1,0,manual
2124,2,motorcycle,775.23,261.28,799.83,296.25,0,0,0,0,manual
2124,3,motorcycle,962.2,612.99,988.1,647.95,0,0,0,0,manual
2124,4,motorcycle,967.72,941.1,989.74,973.48,0,0,0,0,manual
2124,14,car,988.92,659.44,1034.34,716.37,0,0,0,0,manual
2124,15,motorcycle,983.01,616.36,1019.27,644.85,0,0,0,0,manual
2124,16,motorcycle,1029.0,589.33,1067.85,612.64,0,0,0,0,manual
2125,2,motorcycle,774.99,260.24,799.6,295.21,0,0,0,0,manual
2125,3,motorcycle,962.27,612.26,988.17,647.22,0,0,0,0,manual
2125,4,motorcycle,967.5,940.17,989.51,972.55,0,0,0,0,manual
2125,14,car,989.31,659.74,1034.73,716.68,0,0,0,0,manual
2125,15,motorcycle,982.84,616.36,1019.09,644.85,0,0,0,0,manual
2125,16,motorcycle,1028.03,589.49,1066.88,612.8,0,0,0,0,manual
2126,2,motorcycle,774.76,259.21,799.36,294.17,0,0,0,0,manual
2126,3,motorcycle,962.34,611.53,988.24,646.49,0,0,0,0,manual
2126,4,motorcycle,967.27,939.24,989.28,971.62,0,0,0,0,manual
2126,14,car,989.7,660.04,1035.12,716.98,0,0,0,0,manual
2126,15,motorcycle,982.66,616.36,1018.92,644.85,0,0,0,0,manual
2126,16,motorcycle,1027.06,589.65,1065.91,612.96,0,0,0,0,manual
2127,2,motorcycle,774.53,258.17,799.13,293.14,0,0,0,0,manual
2127,3,motorcycle,962.41,610.79,988.31,645.75,0,0,0,0,manual
2127,4,motorcycle,967.04,938.31,989.06,970.69,0,0,0,0,manual
2127,14,car,990.09,660.34,1035.51,717.28,0,0,0,0,manual
2127,15,motorcycle,982.48,616.36,1018.74,644.85,0,0,0,0,manual
2127,16,motorcycle,1026.09,589.81,1064.94,613.12,0,0,0,0,manual
2128,2,motorcycle,774.29,257.13,798.9,292.1,0,0,0,0,manual
2128,3,motorcycle,962.49,610.06,988.39,645.02,0,0,0,0,manual
2128,4,motorcycle,966.82,937.38,988.83,969.76,0,0,0,0,manual
2128,14,car,990.47,660.64,1035.9,717.58,0,0,0,0,manual
2128,15,motorcycle,982.3,616.36,1018.56,644.85,0,0,0,0,manual
2128,16,motorcycle,1025.11,589.97,1063.96,613.28,0,0,0,0,manual
2129,2,motorcycle,774.06,256.1,798.66,291.07,0,0,0,0,manual
2129,3,motorcycle,962.56,609.32,988.46,644.28,0,0,0,0,manual
2129,4,motorcycle,966.59,936.45,988.6,968.82,0,0,0,0,manual
2129,14,car,990.86,660.95,1036.29,717.88,0,0,0,0,manual
2129,15,motorcycle,982.12,616.36,1018.38,644.85,0,0,0,0,manual
2129,16,motorcycle,1024.14,590.14,1062.99,613.45,0,0,0,0,manual
2130,2,motorcycle,773.83,255.06,798.43,290.03,0,0,0,0,manual
2130,3,motorcycle,962.63,608.59,988.53,643.55,0,0,1,0,manual
2130,4,motorcycle,966.36,935.52,988.38,967.89,0,0,0,0,manual
2130,14,car,991.25,661.25,1036.67,718.19,0,0,0,0,manual
2130,15,motorcycle,981.95,616.36,1018.2,644.85,0,0,0,0,manual
2130,16,motorcycle,1023.17,590.3,1062.02,613.61,0,0,0,0,manual
2131,2,motorcycle,773.59,254.03,798.2,288.99,0,0,0,0,manual
2131,3,motorcycle,962.64,608.51,988.54,643.47,0,0,0,0,manual
2131,4,motorcycle,966.14,934.59,988.15,966.96,0,0,0,0,manual
2131,14,car,991.64,661.55,1037.06,718.49,0,0,0,0,manual
2131,15,motorcycle,981.77,616.36,1018.03,644.85,0,0,0,0,manual
2131,16,motorcycle,1022.2,590.46,1061.05,613.77,0,0,0,0,manual
2132,2,motorcycle,773.36,252.99,797.96,287.96,0,0,0,0,manual
2132,3,motorcycle,962.64,608.43,988.54,643.39,0,0,0,0,manual
2132,4,motorcycle,965.91,933.66,987.92,966.03,0,0,0,0,manual
2132,14,car,992.03,661.85,1037.45,718.79,0,0,0,0,manual
2132,15,motorcycle,981.59,616.36,1017.85,644.85,0,0,0,0,manual
2132,16,motorcycle,1021.23,590.62,1060.08,613.93,0,0,0,0,manual
2133,2,motorcycle,773.13,251.95,797.73,286.92,0,0,0,0,manual
2133,3,motorcycle,962.65,608.35,988.55,643.31,0,0,0,0,manual
2133,4,motorcycle,965.68,932.73,987.7,965.1,0,0,0,0,manual
2133,14,car,992.42,662.16,1037.84,719.09,0,0,0,0,manual
2133,15,motorcycle,981.41,616.36,1017.67,644.85,0,0,0,0,manual
2133,16,motorcycle,1020.26,590.78,1059.11,614.09,0,0,0,0,manual
2134,2,motorcycle,772.9,250.92,797.5,285.89,0,0,0,0,manual
2134,3,motorcycle,962.65,608.27,988.55,643.23,0,0,0,0,manual
2134,4,motorcycle,965.46,931.8,987.47,964.17,0,0,0,0,manual
2134,14,car,992.8,662.46,1038.23,719.4,0,0,0,0,manual
2134,15,motorcycle,981.23,616.36,1017.49,644.85,0,0,0,0,manual
2134,16,motorcycle,1019.29,590.95,1058.14,614.26,0,0,0,0,manual
2135,2,motorcycle,772.66,249.88,797.26,284.85,0,0,0,0,manual
2135,3,motorcycle,962.66,608.19,988.56,643.15,0,0,0,0,manual
2135,4,motorcycle,965.23,930.86,987.24,963.24,0,0,0,0,manual
2135,14,car,993.19,662.76,1038.62,719.7,0,0,0,0,manual
2135,15,motorcycle,981.06,616.36,1017.31,644.85,0,0,0,0,manual
2135,16,motorcycle,1018.32,591.11,1057.17,614.42,0,0,0,0,manual
2136,2,motorcycle,772.43,248.85,797.03,283.81,0,0,0,0,manual
2136,3,motorcycle,962.66,608.11,988.56,643.07,0,0,0,0,manual
2136,4,motorcycle,965.0,929.93,987.02,962.31,0,0,0,0,manual
2136,14,car,993.58,663.06,1039.0,720.0,0,0,0,0,manual
2136,15,motorcycle,980.88,616.36,1017.14,644.85,0,0,0,0,manual
2136,16,motorcycle,1017.34,591.27,1056.19,614.58,0,0,0,0,manual
2137,2,motorcycle,772.2,247.81,796.8,282.78,0,0,0,0,manual
2137,3,motorcycle,962.67,608.04,988.57,643.0,0,0,0,0,manual
2137,4,motorcycle,964.78,929.0,986.79,961.38,0,0,0,0,manual
2137,14,car,993.97,663.36,1039.39,720.3,0,0,0,0,manual
2137,15,motorcycle,980.7,616.36,1016.96,644.85,0,0,0,0,manual
2137,16,motorcycle,1016.37,591.43,1055.22,614.74,0,0,0,0,manual
2138,2,motorcycle,771.96,246.78,796.57,281.74,0,0,0,0,manual
2138,3,motorcycle,962.67,607.96,988.57,642.92,0,0,0,0,manual
2138,4,motorcycle,964.55,928.07,986.56,960.45,0,0,0,0,manual
2138,14,car,994.36,663.67,1039.78,720.6,0,0,0,0,manual
2138,15,motorcycle,980.52,616.36,1016.78,644.85,0,0,0,0,manual
2138,16,motorcycle,1015.4,591.59,1054.25,614.9,0,0,0,0,manual
2139,2,motorcycle,771.73,245.74,796.33,280.71,0,0,0,0,manual
2139,3,motorcycle,962.68,607.88,988.58,642.84,0,0,0,0,manual
2139,4,motorcycle,964.32,927.14,986.34,959.52,0,0,0,0,manual
2139,14,car,994.75,663.97,1040.17,720.91,0,0,0,0,manual
2139,15,motorcycle,980.34,616.36,1016.6,644.85,0,0,0,0,manual
2139,16,motorcycle,1014.43,591.76,1053.28,615.06,0,0,0,0,manual
2140,2,motorcycle,771.5,244.7,796.1,279.67,0,0,0,0,manual
2140,3,motorcycle,962.68,607.8,988.58,642.76,0,0,0,0,manual
2140,4,motorcycle,964.1,926.21,986.11,958.59,0,0,0,0,manual
2140,14,car,995.14,664.27,1040.56,721.21,0,0,0,0,manual
2140,15,motorcycle,980.16,616.36,1016.42,644.85,0,0,0,0,manual
2140,16,motorcycle,1013.46,591.92,1052.31,615.23,0,0,0,0,manual
2141,2,motorcycle,771.26,243.67,795.87,278.63,0,0,0,0,manual
2141,3,motorcycle,962.69,607.72,988.59,642.68,0,0,0,0,manual
2141,4,motorcycle,963.87,925.28,985.88,957.65,0,0,0,0,manual
2141,14,car,995.52,664.57,1040.95,721.51,0,0,0,0,manual
2141,15,motorcycle,979.99,616.36,1016.25,644.85,0,0,0,0,manual
2141,16,motorcycle,1012.49,592.08,1051.34,615.39,0,0,0,0,manual
2142,2,motorcycle,771.03,242.63,795.63,277.6,0,0,0,0,manual
2142,3,motorcycle,962.7,607.64,988.6,642.6,0,0,0,0,manual
2142,4,motorcycle,963.64,924.35,985.66,956.72,0,0,0,0,manual
2142,14,car,995.91,664.87,1041.34,721.81,0,0,0,0,manual
2142,15,motorcycle,979.81,616.36,1016.07,644.85,0,0,0,0,manual
2142,16,motorcycle,1011.52,592.24,1050.37,615.55,0,0,0,0,manual
2143,2,motorcycle,770.8,241.6,795.4,276.56,0,0,0,0,manual
2143,3,motorcycle,962.7,607.56,988.6,642.52,0,0,0,0,manual
2143,4,motorcycle,963.42,923.42,985.43,955.79,0,0,0,0,manual
2143,14,car,996.3,665.18,1041.72,722.11,0,0,0,0,manual
2143,15,motorcycle,979.63,616.36,1015.89,644.85,0,0,0,0,manual
2143,16,motorcycle,1010.55,592.4,1049.4,615.71,0,0,0,0,manual
2144,2,motorcycle,770.56,240.56,795.17,275.53,0,0,0,0,manual
2144,3,motorcycle,962.71,607.48,988.61,642.44,0,0,0,0,manual
2144,4,motorcycle,963.19,922.49,985.21,954.86,0,0,0,0,manual
2144,14,car,996.69,665.48,1042.11,722.42,0,0,0,0,manual
2144,15,motorcycle,979.45,616.36,1015.71,644.85,0,0,0,0,manual
2144,16,motorcycle,1009.57,592.56,1048.42,615.87,0,0,0,0,manual
2145,2,motorcycle,770.33,239.53,794.93,274.49,0,0,0,0,manual
2145,3,motorcycle,962.71,607.4,988.61,642.36,0,0,0,0,manual
2145,4,motorcycle,962.96,921.56,984.98,953.93,0,0,0,0,manual
2145,14,car,997.08,665.78,1042.5,722.72,0,0,0,0,manual
2145,15,motorcycle,979.27,616.36,1015.53,644.85,0,0,0,0,manual
2145,16,motorcycle,1008.6,592.73,1047.45,616.04,0,0,0,0,manual
2146,2,motorcycle,770.1,238.49,794.7,273.45,0,0,0,0,manual
2146,3,motorcycle,962.72,607.32,988.62,642.28,0,0,0,0,manual
2146,4,motorcycle,962.74,920.63,984.75,953.0,0,0,0,0,manual
2146,14,car,997.47,666.08,1042.89,723.02,0,0,0,0,manual
2146,15,motorcycle,979.1,616.36,1015.36,644.85,0,0,0,0,manual
2146,16,motorcycle,1007.63,592.89,1046.48,616.2,0,0,0,0,manual
2147,2,motorcycle,769.86,237.45,794.47,272.42,0,0,0,0,manual
2147,3,motorcycle,962.72,607.24,988.62,642.2,0,0,0,0,manual
2147,4,motorcycle,962.51,919.7,984.53,952.07,0,0,0,0,manual
2147,14,car,997.85,666.39,1043.28,723.32,0,0,0,0,manual
2147,15,motorcycle,978.92,616.36,1015.18,644.85,0,0,0,0,manual
2147,16,motorcycle,1006.66,593.05,1045.51,616.36,0,0,0,0,manual
2148,2,motorcycle,769.63,236.42,794.24,271.38,0,0,0,0,manual
2148,3,motorcycle,962.73,607.16,988.63,642.12,0,0,0,0,manual
2148,4,motorcycle,962.28,918.76,984.3,951.14,0,0,0,0,manual
2148,14,car,998.24,666.69,1043.67,723.63,0,0,0,0,manual
2148,15,motorcycle,978.74,616.36,1015.0,644.85,0,0,0,0,manual
2148,16,motorcycle,1005.69,593.21,1044.54,616.52,0,0,0,0,manual
2149,2,motorcycle,769.4,235.38,794.0,270.35,0,0,0,0,manual
2149,3,motorcycle,962.73,607.08,988.63,642.04,0,0,0,0,manual
2149,4,motorcycle,962.06,917.83,984.07,950.21,0,0,0,0,manual
2149,14,car,998.63,666.99,1044.05,723.93,0,0,0,0,manual
2149,15,motorcycle,978.56,616.36,1014.82,644.85,0,0,0,0,manual
2149,16,motorcycle,1004.72,593.37,1043.57,616.68,0,0,0,0,manual
2150,2,motorcycle,769.16,234.35,793.77,269.31,0,0,0,0,manual
2150,3,motorcycle,962.74,607.0,988.64,641.96,0,0,0,0,manual
2150,4,motorcycle,961.83,916.9,983.85,949.28,0,0,0,0,manual
2150,14,car,999.02,667.29,1044.44,724.23,0,0,0,0,manual
2150,15,motorcycle,978.38,616.36,1014.64,644.85,0,0,0,0,manual
2150,16,motorcycle,1003.75,593.54,1042.6,616.84,0,0,0,0,manual
2151,2,motorcycle,768.93,233.31,793.54,268.27,0,0,0,0,manual
2151,3,motorcycle,962.74,606.93,988.64,641.89,0,0,0,0,manual
2151,4,motorcycle,961.6,915.97,983.62,948.35,0,0,0,0,manual
2151,14,car,999.41,667.59,1044.83,724.53,0,0,0,0,manual
2151,15,motorcycle,978.21,616.36,1014.47,644.85,0,0,0,0,manual
2151,16,motorcycle,1002.78,593.7,1041.63,617.01,0,0,0,0,manual
2152,2,motorcycle,768.7,232.27,793.3,267.24,0,0,0,0,manual
2152,3,motorcycle,962.75,606.85,988.65,641.81,0,0,0,0,manual
2152,4,motorcycle,961.38,915.04,983.39,947.42,0,0,0,0,manual
2152,14,car,999.8,667.9,1045.22,724.83,0,0,0,0,manual
2152,15,motorcycle,978.03,616.36,1014.29,644.85,0,0,0,0,manual
2152,16,motorcycle,1001.8,593.86,1040.65,617.17,0,0,0,0,manual
2153,2,motorcycle,768.46,231.24,793.07,266.2,0,0,0,0,manual
2153,3,motorcycle,962.76,606.77,988.66,641.73,0,0,0,0,manual
2153,4,motorcycle,961.15,914.11,983.17,946.49,0,0,0,0,manual
2153,14,car,1000.19,668.2,1045.61,725.14,0,0,1,0,manual
2153,15,motorcycle,977.85,616.36,1014.11,644.85,0,0,0,0,manual
2153,16,motorcycle,1000.83,594.02,1039.68,617.33,0,0,0,0,manual
2154,2,motorcycle,768.23,230.2,792.84,265.17,0,0,0,0,manual
2154,3,motorcycle,962.76,606.69,988.66,641.65,0,0,0,0,manual
2154,4,motorcycle,960.92,913.18,982.94,945.55,0,0,0,0,manual
2154,14,car,1000.19,668.2,1045.61,725.14,1,0,1,0,manual
2154,15,motorcycle,977.67,616.36,1013.93,644.85,0,0,0,0,manual
2154,16,motorcycle,999.86,594.18,1038.71,617.49,0,0,0,0,manual
2155,2,motorcycle,768.0,229.17,792.61,264.13,0,0,0,0,manual
2155,3,motorcycle,962.77,606.61,988.67,641.57,0,0,0,0,manual
2155,4,motorcycle,960.7,912.25,982.71,944.62,0,0,0,0,manual
2155,15,motorcycle,977.49,616.36,1013.75,644.85,0,0,0,0,manual
2155,16,motorcycle,998.89,594.34,1037.74,617.65,0,0,0,0,manual
2156,2,motorcycle,767.76,228.13,792.37,263.09,0,0,0,0,manual
2156,3,motorcycle,962.77,606.53,988.67,641.49,0,0,0,0,manual
2156,4,motorcycle,960.47,911.32,982.49,943.69,0,0,0,0,manual
2156,15,motorcycle,977.32,616.36,1013.57,644.85,0,0,0,0,manual
2156,16,motorcycle,997.92,594.51,1036.77,617.82,0,0,0,0,manual
2157,2,motorcycle,767.53,227.1,792.14,262.06,0,0,0,0,manual
2157,3,motorcycle,962.78,606.45,988.68,641.41,0,0,0,0,manual
2157,4,motorcycle,960.24,910.39,982.26,942.76,0,0,0,0,manual
2157,15,motorcycle,977.14,616.36,1013.4,644.85,0,0,0,0,manual
2157,16,motorcycle,996.95,594.67,1035.8,617.98,0,0,0,0,manual
2158,2,motorcycle,767.3,226.06,791.91,261.02,0,0,0,0,manual
2158,3,motorcycle,962.78,606.37,988.68,641.33,0,0,0,0,manual
2158,4,motorcycle,960.02,909.46,982.03,941.83,0,0,0,0,manual
2158,15,motorcycle,976.96,616.36,1013.22,644.85,0,0,0,0,manual
2158,16,motorcycle,995.98,594.83,1034.83,618.14,0,0,0,0,manual
2159,2,motorcycle,767.07,225.02,791.67,259.99,0,0,0,0,manual
2159,3,motorcycle,962.79,606.29,988.69,641.25,0,0,0,0,manual
2159,4,motorcycle,959.79,908.53,981.81,940.9,0,0,0,0,manual
2159,15,motorcycle,976.78,616.36,1013.04,644.85,0,0,0,0,manual
2159,16,motorcycle,995.01,594.99,1033.86,618.3,0,0,0,0,manual
2160,2,motorcycle,766.83,223.99,791.44,258.95,0,0,0,0,manual
2160,3,motorcycle,962.79,606.21,988.69,641.17,0,0,0,0,manual
2160,4,motorcycle,959.56,907.6,981.58,939.97,0,0,0,0,manual
2160,15,motorcycle,976.6,616.36,1012.86,644.85,0,0,0,0,manual
2160,16,motorcycle,994.03,595.15,1032.88,618.46,0,0,0,0,manual
2161,2,motorcycle,766.6,222.95,791.21,257.91,0,0,0,0,manual
2161,3,motorcycle,962.8,606.13,988.7,641.09,0,0,0,0,manual
2161,4,motorcycle,959.34,906.67,981.35,939.04,0,0,0,0,manual
2161,15,motorcycle,976.43,616.36,1012.68,644.85,0,0,0,0,manual
2161,16,motorcycle,993.06,595.32,1031.91,618.63,0,0,0,0,manual
2162,2,motorcycle,766.37,221.92,790.97,256.88,0,0,0,0,manual
2162,3,motorcycle,962.8,606.05,988.7,641.01,0,0,0,0,manual
2162,4,motorcycle,959.11,905.73,981.13,938.11,0,0,0,0,manual
2162,15,motorcycle,976.25,616.36,1012.51,644.85,0,0,0,0,manual
2162,16,motorcycle,992.09,595.48,1030.94,618.79,0,0,0,0,manual
2163,2,motorcycle,766.13,220.88,790.74,255.84,0,0,0,0,manual
2163,3,motorcycle,962.81,605.97,988.71,640.93,0,0,0,0,manual
2163,4,motorcycle,958.88,904.8,980.9,937.18,0,0,0,0,manual
2163,15,motorcycle,976.07,616.36,1012.33,644.85,0,0,0,0,manual
2163,16,motorcycle,991.12,595.64,1029.97,618.95,0,0,1,0,manual
2164,2,motorcycle,765.9,219.84,790.51,254.81,0,0,0,0,manual
2164,3,motorcycle,962.82,605.9,988.72,640.86,0,0,0,0,manual
2164,4,motorcycle,958.66,903.87,980.67,936.25,0,0,0,0,manual
2164,15,motorcycle,975.89,616.36,1012.15,644.85,0,0,0,0,manual
2164,16,motorcycle,991.02,595.68,1029.87,618.99,0,0,0,0,manual
2165,2,motorcycle,765.67,218.81,790.27,253.77,0,0,0,0,manual
2165,3,motorcycle,962.82,605.82,988.72,640.78,0,0,0,0,manual
2165,4,motorcycle,958.43,902.94,980.45,935.32,0,0,0,0,manual
2165,15,motorcycle,975.71,616.36,1011.97,644.85,0,0,0,0,manual
2165,16,motorcycle,990.91,595.72,1029.76,619.03,0,0,0,0,manual
2166,2,motorcycle,765.43,217.77,790.04,252.73,0,0,0,0,manual
2166,3,motorcycle,962.83,605.74,988.73,640.7,0,0,0,0,manual
2166,4,motorcycle,958.2,902.01,980.22,934.38,0,0,0,0,manual
2166,15,motorcycle,975.54,616.36,1011.79,644.85,0,0,0,0,manual
2166,16,motorcycle,990.81,595.76,1029.66,619.07,0,0,0,0,manual
2167,2,motorcycle,765.2,216.74,789.81,251.7,0,0,0,0,manual
2167,3,motorcycle,962.83,605.66,988.73,640.62,0,0,0,0,manual
2167,4,motorcycle,957.98,901.08,979.99,933.45,0,0,0,0,manual
2167,15,motorcycle,975.36,616.36,1011.62,644.85,0,0,0,0,manual
2167,16,motorcycle,990.71,595.8,1029.56,619.1,0,0,0,0,manual
2168,2,motorcycle,764.97,215.7,789.58,250.66,0,0,0,0,manual
2168,3,motorcycle,962.84,605.58,988.74,640.54,0,0,0,0,manual
2168,4,motorcycle,957.75,900.15,979.77,932.52,0,0,0,0,manual
2168,15,motorcycle,975.18,616.36,1011.44,644.85,0,0,0,0,manual
2168,16,motorcycle,990.6,595.83,1029.45,619.14,0,0,0,0,manual
2169,2,motorcycle,764.73,214.67,789.34,249.63,0,0,0,0,manual
2169,3,motorcycle,962.84,605.5,988.74,640.46,0,0,0,0,manual
2169,4,motorcycle,957.52,899.22,979.54,931.59,0,0,0,0,manual
2169,15,motorcycle,975.0,616.36,1011.26,644.85,0,0,0,0,manual
2169,16,motorcycle,990.5,595.87,1029.35,619.18,0,0,0,0,manual
2170,2,motorcycle,764.5,213.63,789.11,248.59,0,0,1,0,manual
2170,3,motorcycle,962.85,605.42,988.75,640.38,0,0,0,0,manual
2170,4,motorcycle,957.3,898.29,979.31,930.66,0,0,0,0,manual
2170,15,motorcycle,974.82,616.36,1011.08,644.85,0,0,0,0,manual
2170,16,motorcycle,990.4,595.91,1029.24,619.22,0,0,0,0,manual
2171,2,motorcycle,764.4,212.72,789.01,247.68,0,0,0,0,manual
2171,3,motorcycle,962.85,605.34,988.75,640.3,0,0,0,0,manual
2171,4,motorcycle,957.07,897.36,979.09,929.73,0,0,0,0,manual
2171,15,motorcycle,974.65,616.36,1010.9,644.85,0,0,0,0,manual
2171,16,motorcycle,990.29,595.95,1029.14,619.26,0,0,0,0,manual
2172,2,motorcycle,764.31,211.82,788.92,246.78,0,0,0,0,manual
2172,3,motorcycle,962.86,605.26,988.76,640.22,0,0,0,0,manual
2172,4,motorcycle,956.84,896.43,978.86,928.8,0,0,0,0,manual
2172,15,motorcycle,974.47,616.36,1010.73,644.85,0,0,0,0,manual
2172,16,motorcycle,990.19,595.99,1029.04,619.3,0,0,0,0,manual
2173,2,motorcycle,764.21,210.91,788.82,245.87,0,0,0,0,manual
2173,3,motorcycle,962.86,605.18,988.76,640.14,0,0,0,0,manual
2173,4,motorcycle,956.62,895.5,978.63,927.87,0,0,0,0,manual
2173,15,motorcycle,974.29,616.36,1010.55,644.85,0,0,1,0,manual
2173,16,motorcycle,990.09,596.03,1028.93,619.34,0,0,0,0,manual
2174,2,motorcycle,764.11,210.0,788.72,244.96,0,0,0,0,manual
2174,3,motorcycle,962.87,605.1,988.77,640.06,0,0,0,0,manual
2174,4,motorcycle,956.39,894.57,978.41,926.94,0,0,0,0,manual
2174,15,motorcycle,974.21,616.36,1010.47,644.85,0,0,0,0,manual
2174,16,motorcycle,989.98,596.07,1028.83,619.38,0,0,0,0,manual
2175,2,motorcycle,764.01,209.1,788.62,244.06,0,0,0,0,manual
2175,3,motorcycle,962.88,605.02,988.78,639.98,0,0,0,0,manual
2175,4,motorcycle,956.16,893.63,978.18,926.01,0,0,0,0,manual
2175,15,motorcycle,974.13,616.36,1010.39,644.85,0,0,0,0,manual
2175,16,motorcycle,989.88,596.11,1028.73,619.42,0,0,0,0,manual
2176,2,motorcycle,763.92,208.19,788.53,243.15,0,0,0,0,manual
2176,3,motorcycle,962.88,604.94,988.78,639.9,0,0,0,0,manual
2176,4,motorcycle,955.94,892.7,977.96,925.08,0,0,0,0,manual
2176,15,motorcycle,974.06,616.36,1010.31,644.85,0,0,0,0,manual
2176,16,motorcycle,989.77,596.14,1028.62,619.45,0,0,0,0,manual
2177,2,motorcycle,763.82,207.28,788.43,242.24,0,0,0,0,manual
2177,3,motorcycle,962.89,604.87,988.79,639.83,0,0,0,0,manual
2177,4,motorcycle,955.71,891.77,977.73,924.15,0,0,0,0,manual
2177,15,motorcycle,973.98,616.36,1010.24,644.85,0,0,0,0,manual
2177,16,motorcycle,989.67,596.18,1028.52,619.49,0,0,0,0,manual
2178,2,motorcycle,763.72,206.38,788.33,241.34,0,0,0,0,manual
2178,3,motorcycle,962.89,604.79,988.79,639.75,0,0,0,0,manual
2178,4,motorcycle,955.48,890.84,977.5,923.21,0,0,0,0,manual
2178,15,motorcycle,973.9,616.36,1010.16,644.85,0,0,0,0,manual
2178,16,motorcycle,989.57,596.22,1028.42,619.53,0,0,0,0,manual
2179,2,motorcycle,763.63,205.47,788.23,240.43,0,0,0,0,manual
2179,3,motorcycle,962.9,604.71,988.8,639.67,0,0,0,0,manual
2179,4,motorcycle,955.26,889.91,977.28,922.28,0,0,0,0,manual
2179,15,motorcycle,973.82,616.36,1010.08,644.85,0,0,0,0,manual
2179,16,motorcycle,989.46,596.26,1028.31,619.57,0,0,0,0,manual
2180,2,motorcycle,763.53,204.56,788.14,239.53,0,0,0,0,manual
2180,3,motorcycle,962.9,604.63,988.8,639.59,0,0,0,0,manual
2180,4,motorcycle,955.03,888.98,977.05,921.35,0,0,0,0,manual
2180,15,motorcycle,973.75,616.36,1010.0,644.85,0,0,0,0,manual
2180,16,motorcycle,989.36,596.3,1028.21,619.61,0,0,0,0,manual
2181,2,motorcycle,763.43,203.66,788.04,238.62,0,0,0,0,manual
2181,3,motorcycle,962.91,604.55,988.81,639.51,0,0,0,0,manual
2181,4,motorcycle,954.81,888.05,976.82,920.42,0,0,0,0,manual
2181,15,motorcycle,973.67,616.36,1009.93,644.85,0,0,0,0,manual
2181,16,motorcycle,989.26,596.34,1028.11,619.65,0,0,0,0,manual
2182,2,motorcycle,763.34,202.75,787.94,237.71,0,0,0,0,manual
2182,3,motorcycle,962.91,604.47,988.81,639.43,0,0,0,0,manual
2182,4,motorcycle,954.58,887.12,976.6,919.49,0,0,0,0,manual
2182,15,motorcycle,973.59,616.36,1009.85,644.85,0,0,0,0,manual
2182,16,motorcycle,989.15,596.38,1028.0,619.69,0,0,0,0,manual
2183,2,motorcycle,763.24,201.85,787.85,236.81,0,0,0,0,manual
2183,3,motorcycle,962.92,604.39,988.82,639.35,0,0,0,0,manual
2183,4,motorcycle,954.35,886.19,976.37,918.56,0,0,0,0,manual
2183,15,motorcycle,973.51,616.36,1009.77,644.85,0,0,0,0,manual
2183,16,motorcycle,989.05,596.42,1027.9,619.73,0,0,0,0,manual
2184,2,motorcycle,763.14,200.94,787.75,235.9,0,0,0,0,manual
2184,3,motorcycle,962.92,604.31,988.82,639.27,0,0,0,0,manual
2184,4,motorcycle,954.13,885.26,976.14,917.63,0,0,0,0,manual
2184,15,motorcycle,973.43,616.36,1009.69,644.85,0,0,0,0,manual
2184,16,motorcycle,988.95,596.46,1027.79,619.76,0,0,0,0,manual
2185,2,motorcycle,763.04,200.03,787.65,234.99,0,0,0,0,manual
2185,3,motorcycle,962.93,604.23,988.83,639.19,0,0,0,0,manual
2185,4,motorcycle,953.9,884.33,975.92,916.7,0,0,0,0,manual
2185,15,motorcycle,973.36,616.36,1009.62,644.85,0,0,0,0,manual
2185,16,motorcycle,988.84,596.49,1027.69,619.8,0,0,0,0,manual
2186,2,motorcycle,762.95,199.13,787.55,234.09,0,0,0,0,manual
2186,3,motorcycle,962.94,604.15,988.84,639.11,0,0,0,0,manual
2186,4,motorcycle,953.67,883.4,975.69,915.77,0,0,0,0,manual
2186,15,motorcycle,973.28,616.36,1009.54,644.85,0,0,0,0,manual
2186,16,motorcycle,988.74,596.53,1027.59,619.84,0,0,0,0,manual
2187,2,motorcycle,762.85,198.22,787.46,233.18,0,0,0,0,manual
2187,3,motorcycle,962.94,604.07,988.84,639.03,0,0,0,0,manual
2187,4,motorcycle,953.45,882.47,975.46,914.84,0,0,0,0,manual
2187,15,motorcycle,973.2,616.36,1009.46,644.85,0,0,0,0,manual
2187,16,motorcycle,988.63,596.57,1027.48,619.88,0,0,0,0,manual
2188,2,motorcycle,762.75,197.31,787.36,232.27,0,0,0,0,manual
2188,3,motorcycle,962.95,603.99,988.85,638.95,0,0,0,0,manual
2188,4,motorcycle,953.22,881.53,975.24,913.91,0,0,0,0,manual
2188,15,motorcycle,973.12,616.36,1009.38,644.85,0,0,0,0,manual
2188,16,motorcycle,988.53,596.61,1027.38,619.92,0,0,0,0,manual
2189,2,motorcycle,762.66,196.41,787.26,231.37,0,0,0,0,manual
2189,3,motorcycle,962.95,603.91,988.85,638.87,0,0,0,0,manual
2189,4,motorcycle,952.99,880.6,975.01,912.98,0,0,0,0,manual
2189,15,motorcycle,973.05,616.36,1009.3,644.85,0,0,0,0,manual
2189,16,motorcycle,988.43,596.65,1027.28,619.96,0,0,0,0,manual
2190,2,motorcycle,762.56,195.5,787.16,230.46,0,0,0,0,manual
2190,3,motorcycle,962.96,603.83,988.86,638.79,0,0,0,0,manual
2190,4,motorcycle,952.77,879.67,974.78,912.05,0,0,0,0,manual
2190,15,motorcycle,972.97,616.36,1009.23,644.85,0,0,0,0,manual
2190,16,motorcycle,988.32,596.69,1027.17,620.0,0,0,0,0,manual
2191,2,motorcycle,762.46,194.59,787.07,229.55,0,0,0,0,manual
2191,3,motorcycle,962.96,603.76,988.86,638.72,0,0,0,0,manual
2191,4,motorcycle,952.54,878.74,974.56,911.11,0,0,0,0,manual
2191,15,motorcycle,972.89,616.36,1009.15,644.85,0,0,0,0,manual
2191,16,motorcycle,988.22,596.73,1027.07,620.04,0,0,0,0,manual
2192,2,motorcycle,762.37,193.69,786.97,228.65,0,0,0,0,manual
2192,3,motorcycle,962.97,603.68,988.87,638.64,0,0,0,0,manual
2192,4,motorcycle,952.31,877.81,974.33,910.18,0,0,0,0,manual
2192,15,motorcycle,972.81,616.36,1009.07,644.85,0,0,0,0,manual
2192,16,motorcycle,988.12,596.77,1026.97,620.08,0,0,0,0,manual
2193,2,motorcycle,762.27,192.78,786.87,227.74,0,0,0,0,manual
2193,3,motorcycle,962.97,603.6,988.87,638.56,0,0,0,0,manual
2193,4,motorcycle,952.09,876.88,974.1,909.25,0,0,0,0,manual
2193,15,motorcycle,972.74,616.36,1008.99,644.85,0,0,0,0,manual
2193,16,motorcycle,988.01,596.81,1026.86,620.11,0,0,0,0,manual
2194,2,motorcycle,762.17,191.87,786.78,226.83,0,0,0,0,manual
2194,3,motorcycle,962.98,603.52,988.88,638.48,0,0,0,0,manual
2194,4,motorcycle,951.86,875.95,973.88,908.32,0,0,0,0,manual
2194,15,motorcycle,972.66,616.36,1008.92,644.85,0,0,0,0,manual
2194,16,motorcycle,987.91,596.84,1026.76,620.15,0,0,0,0,manual
2195,2,motorcycle,762.08,190.97,786.68,225.93,0,0,0,0,manual
2195,3,motorcycle,962.98,603.44,988.88,638.4,0,0,0,0,manual
2195,4,motorcycle,951.63,875.02,973.65,907.39,0,0,0,0,manual
2195,15,motorcycle,972.58,616.36,1008.84,644.85,0,0,0,0,manual
2195,16,motorcycle,987.81,596.88,1026.66,620.19,0,0,0,0,manual
2196,2,motorcycle,761.98,190.06,786.58,225.02,0,0,0,0,manual
2196,3,motorcycle,962.99,603.36,988.89,638.32,0,0,0,0,manual
2196,4,motorcycle,951.41,874.09,973.42,906.46,0,0,0,0,manual
2196,15,motorcycle,972.5,616.36,1008.76,644.85,0,0,0,0,manual
2196,16,motorcycle,987.7,596.92,1026.55,620.23,0,0,0,0,manual
2197,2,motorcycle,761.88,189.15,786.48,224.11,0,0,0,0,manual
2197,3,motorcycle,963.0,603.28,988.9,638.24,0,0,0,0,manual
2197,4,motorcycle,951.18,873.16,973.2,905.53,0,0,0,0,manual
2197,15,motorcycle,972.42,616.36,1008.68,644.85,0,0,0,0,manual
2197,16,motorcycle,987.6,596.96,1026.45,620.27,0,0,0,0,manual
2198,2,motorcycle,761.78,188.25,786.39,223.21,0,0,0,0,manual
2198,3,motorcycle,963.0,603.2,988.9,638.16,0,0,0,0,manual
2198,4,motorcycle,950.95,872.23,972.97,904.6,0,0,0,0,manual
2198,15,motorcycle,972.35,616.36,1008.61,644.85,0,0,0,0,manual
2198,16,motorcycle,987.5,597.0,1026.34,620.31,0,0,0,0,manual
2199,2,motorcycle,761.69,187.34,786.29,222.3,0,0,0,0,manual
2199,3,motorcycle,963.01,603.12,988.91,638.08,0,0,0,0,manual
2199,4,motorcycle,950.73,871.3,972.74,903.67,0,0,0,0,manual
2199,15,motorcycle,972.27,616.36,1008.53,644.85,0,0,0,0,manual
2199,16,motorcycle,987.39,597.04,1026.24,620.35,0,0,0,0,manual
2200,2,motorcycle,761.59,186.44,786.19,221.4,0,0,0,0,manual
2200,3,motorcycle,963.01,603.04,988.91,638.0,0,0,0,0,manual
2200,4,motorcycle,950.5,870.37,972.52,902.74,0,0,0,0,manual
2200,15,motorcycle,972.19,616.36,1008.45,644.85,0,0,0,0,manual
2200,16,motorcycle,987.29,597.08,1026.14,620.39,0,0,0,0,manual
2201,2,motorcycle,761.49,185.53,786.1,220.49,0,0,0,0,manual
2201,3,motorcycle,963.02,602.96,988.92,637.92,0,0,0,0,manual
2201,4,motorcycle,950.27,869.44,972.29,901.81,0,0,0,0,manual
2201,15,motorcycle,972.11,616.36,1008.37,644.85,0,0,0,0,manual
2201,16,motorcycle,987.18,597.12,1026.03,620.43,0,0,0,0,manual
2202,2,motorcycle,761.4,184.62,786.0,219.58,0,0,0,0,manual
2202,3,motorcycle,963.02,602.88,988.92,637.84,0,0,0,0,manual
2202,4,motorcycle,950.05,868.5,972.06,900.88,0,0,0,0,manual
2202,15,motorcycle,972.04,616.36,1008.29,644.85,0,0,0,0,manual
2202,16,motorcycle,987.08,597.15,1025.93,620.46,0,0,0,0,manual
2203,2,motorcycle,761.3,183.72,785.9,218.68,0,0,0,0,manual
2203,3,motorcycle,963.03,602.8,988.93,637.76,0,0,0,0,manual
2203,4,motorcycle,949.82,867.57,971.84,899.94,0,0,0,0,manual
2203,15,motorcycle,971.96,616.36,1008.22,644.85,0,0,0,0,manual
2203,16,motorcycle,986.98,597.19,1025.83,620.5,0,0,0,0,manual
2204,2,motorcycle,761.2,182.81,785.8,217.77,0,0,0,0,manual
2204,3,motorcycle,963.03,602.73,988.93,637.69,0,0,0,0,manual
2204,4,motorcycle,949.59,866.64,971.61,899.01,0,0,0,0,manual
2204,15,motorcycle,971.88,616.36,1008.14,644.85,0,0,0,0,manual
2204,16,motorcycle,986.87,597.23,1025.72,620.54,0,0,0,0,manual
2205,2,motorcycle,761.11,181.9,785.71,216.86,0,0,0,0,manual
2205,3,motorcycle,963.04,602.65,988.94,637.61,0,0,0,0,manual
2205,4,motorcycle,949.37,865.71,971.38,898.08,0,0,0,0,manual
2205,15,motorcycle,971.8,616.36,1008.06,644.85,0,0,0,0,manual
2205,16,motorcycle,986.77,597.27,1025.62,620.58,0,0,0,0,manual
2206,2,motorcycle,761.01,181.0,785.61,215.96,0,0,0,0,manual
2206,3,motorcycle,963.04,602.57,988.94,637.53,0,0,0,0,manual
2206,4,motorcycle,949.14,864.78,971.16,897.15,0,0,0,0,manual
2206,15,motorcycle,971.72,616.36,1007.98,644.85,0,0,0,0,manual
2206,16,motorcycle,986.67,597.31,1025.52,620.62,0,0,0,0,manual
2207,2,motorcycle,760.91,180.09,785.51,215.05,0,0,0,0,manual
2207,3,motorcycle,963.05,602.49,988.95,637.45,0,0,0,0,manual
2207,4,motorcycle,948.91,863.85,970.93,896.22,0,0,0,0,manual
2207,15,motorcycle,971.65,616.36,1007.91,644.85,0,0,0,0,manual
2207,16,motorcycle,986.56,597.35,1025.41,620.66,0,0,0,0,manual
2208,2,motorcycle,760.81,179.18,785.41,214.14,0,0,0,0,manual
2208,3,motorcycle,963.06,602.41,988.96,637.37,0,0,0,0,manual
2208,4,motorcycle,948.69,862.92,970.71,895.29,0,0,0,0,manual
2208,15,motorcycle,971.57,616.36,1007.83,644.85,0,0,0,0,manual
2208,16,motorcycle,986.46,597.39,1025.31,620.7,0,0,0,0,manual
2209,2,motorcycle,760.72,178.28,785.32,213.24,0,0,0,0,manual
2209,3,motorcycle,963.06,602.33,988.96,637.29,0,0,0,0,manual
2209,4,motorcycle,948.46,861.99,970.48,894.36,0,0,0,0,manual
2209,15,motorcycle,971.49,616.36,1007.75,644.85,0,0,0,0,manual
2209,16,motorcycle,986.36,597.43,1025.2,620.74,0,0,0,0,manual
2210,2,motorcycle,760.62,177.37,785.22,212.33,0,0,1,0,manual
2210,3,motorcycle,963.07,602.25,988.97,637.21,0,0,0,0,manual
2210,4,motorcycle,948.23,861.06,970.25,893.43,0,0,0,0,manual
2210,15,motorcycle,971.41,616.36,1007.67,644.85,0,0,0,0,manual
2210,16,motorcycle,986.25,597.47,1025.1,620.77,0,0,0,0,manual
2211,2,motorcycle,760.56,176.53,785.16,211.49,0,0,0,0,manual
2211,3,motorcycle,963.07,602.17,988.97,637.13,0,0,0,0,manual
2211,4,motorcycle,948.01,860.13,970.03,892.5,0,0,0,0,manual
2211,15,motorcycle,971.34,616.36,1007.6,644.85,0,0,0,0,manual
2211,16,motorcycle,986.15,597.5,1025.0,620.81,0,0,0,0,manual
2212,2,motorcycle,760.49,175.69,785.09,210.65,0,0,0,0,manual
2212,3,motorcycle,963.08,602.09,988.98,637.05,0,0,0,0,manual
2212,4,motorcycle,947.78,859.2,969.8,891.57,0,0,0,0,manual
2212,15,motorcycle,971.26,616.36,1007.52,644.85,0,0,0,0,manual
2212,16,motorcycle,986.04,597.54,1024.89,620.85,0,0,0,0,manual
2213,2,motorcycle,760.42,174.84,785.03,209.81,0,0,0,0,manual
2213,3,motorcycle,963.08,602.01,988.98,636.97,0,0,0,0,manual
2213,4,motorcycle,947.55,858.27,969.57,890.64,0,0,0,0,manual
2213,15,motorcycle,971.18,616.36,1007.44,644.85,0,0,0,0,manual
2213,16,motorcycle,985.94,597.58,1024.79,620.89,0,0,0,0,manual
2214,2,motorcycle,760.36,174.0,784.96,208.96,0,0,0,0,manual
2214,3,motorcycle,963.09,601.93,988.99,636.89,0,0,0,0,manual
2214,4,motorcycle,947.33,857.34,969.35,889.71,0,0,0,0,manual
2214,15,motorcycle,971.1,616.36,1007.36,644.85,0,0,0,0,manual
2214,16,motorcycle,985.84,597.62,1024.69,620.93,0,0,0,0,manual
2215,2,motorcycle,760.3,173.16,784.9,208.12,0,0,0,0,manual
2215,3,motorcycle,963.09,601.85,988.99,636.81,0,0,0,0,manual
2215,4,motorcycle,947.1,856.4,969.12,888.77,0,0,0,0,manual
2215,15,motorcycle,971.03,616.36,1007.28,644.85,0,0,0,0,manual
2215,16,motorcycle,985.73,597.66,1024.58,620.97,0,0,0,0,manual
2216,2,motorcycle,760.23,172.32,784.83,207.28,0,0,0,0,manual
2216,3,motorcycle,963.1,601.77,989.0,636.73,0,0,0,0,manual
2216,4,motorcycle,946.87,855.47,968.89,887.84,0,0,0,0,manual
2216,15,motorcycle,970.95,616.36,1007.21,644.85,0,0,0,0,manual
2216,16,motorcycle,985.63,597.7,1024.48,621.01,0,0,0,0,manual
2217,2,motorcycle,760.17,171.48,784.77,206.44,0,0,0,0,manual
2217,3,motorcycle,963.1,601.69,989.0,636.65,0,0,0,0,manual
2217,4,motorcycle,946.65,854.54,968.67,886.91,0,0,0,0,manual
2217,15,motorcycle,970.87,616.36,1007.13,644.85,0,0,0,0,manual
2217,16,motorcycle,985.53,597.74,1024.38,621.05,0,0,0,0,manual
2218,2,motorcycle,760.1,170.63,784.7,205.6,0,0,0,0,manual
2218,3,motorcycle,963.11,601.62,989.01,636.58,0,0,0,0,manual
2218,4,motorcycle,946.42,853.61,968.44,885.98,0,0,0,0,manual
2218,15,motorcycle,970.79,616.36,1007.05,644.85,0,0,0,0,manual
2218,16,motorcycle,985.42,597.78,1024.27,621.09,0,0,0,0,manual
2219,2,motorcycle,760.04,169.79,784.64,204.76,0,0,0,0,manual
2219,3,motorcycle,963.12,601.54,989.02,636.5,0,0,0,0,manual
2219,4,motorcycle,946.19,852.68,968.21,885.05,0,0,0,0,manual
2219,15,motorcycle,970.71,616.36,1006.97,644.85,0,0,0,0,manual
2219,16,motorcycle,985.32,597.82,1024.17,621.12,0,0,0,0,manual
2220,2,motorcycle,759.97,168.95,784.58,203.92,0,0,0,0,manual
2220,3,motorcycle,963.12,601.46,989.02,636.42,0,0,0,0,manual
2220,4,motorcycle,945.97,851.75,967.99,884.12,0,0,0,0,manual
2220,15,motorcycle,970.64,616.36,1006.9,644.85,0,0,0,0,manual
2220,16,motorcycle,985.22,597.85,1024.07,621.16,0,0,0,0,manual
2221,2,motorcycle,759.9,168.11,784.51,203.07,0,0,0,0,manual
2221,3,motorcycle,963.13,601.38,989.03,636.34,0,0,0,0,manual
2221,4,motorcycle,945.74,850.82,967.76,883.19,0,0,1,0,manual
2221,15,motorcycle,970.56,616.36,1006.82,644.85,0,0,0,0,manual
2221,16,motorcycle,985.11,597.89,1023.96,621.2,0,0,0,0,manual
2222,2,motorcycle,759.84,167.27,784.45,202.23,0,0,0,0,manual
2222,3,motorcycle,963.13,601.3,989.03,636.26,0,0,0,0,manual
2222,4,motorcycle,945.46,850.05,967.48,882.42,0,0,0,0,manual
2222,15,motorcycle,970.48,616.36,1006.74,644.85,0,0,0,0,manual
2222,16,motorcycle,985.01,597.93,1023.86,621.24,0,0,0,0,manual
2223,2,motorcycle,759.78,166.42,784.38,201.39,0,0,0,0,manual
2223,3,motorcycle,963.14,601.22,989.04,636.18,0,0,0,0,manual
2223,4,motorcycle,945.17,849.28,967.19,881.65,0,0,0,0,manual
2223,15,motorcycle,970.4,616.36,1006.66,644.85,0,0,0,0,manual
2223,16,motorcycle,984.91,597.97,1023.75,621.28,0,0,0,0,manual
2224,2,motorcycle,759.71,165.58,784.32,200.55,0,0,0,0,manual
2224,3,motorcycle,963.14,601.14,989.04,636.1,0,0,0,0,manual
2224,4,motorcycle,944.89,848.52,966.91,880.89,0,0,0,0,manual
2224,15,motorcycle,970.33,616.36,1006.59,644.85,0,0,0,0,manual
2224,16,motorcycle,984.8,598.01,1023.65,621.32,0,0,0,0,manual
2225,2,motorcycle,759.64,164.74,784.25,199.71,0,0,0,0,manual
2225,3,motorcycle,963.15,601.06,989.05,636.02,0,0,0,0,manual
2225,4,motorcycle,944.6,847.75,966.62,880.12,0,0,0,0,manual
2225,15,motorcycle,970.25,616.36,1006.51,644.85,0,0,0,0,manual
2225,16,motorcycle,984.7,598.05,1023.55,621.36,0,0,0,0,manual
2226,2,motorcycle,759.58,163.9,784.19,198.87,0,0,0,0,manual
2226,3,motorcycle,963.15,600.98,989.05,635.94,0,0,0,0,manual
2226,4,motorcycle,944.32,846.98,966.34,879.35,0,0,0,0,manual
2226,15,motorcycle,970.17,616.36,1006.43,644.85,0,0,0,0,manual
2226,16,motorcycle,984.59,598.09,1023.44,621.4,0,0,0,0,manual
2227,2,motorcycle,759.52,163.06,784.12,198.02,0,0,0,0,manual
2227,3,motorcycle,963.16,600.9,989.06,635.86,0,0,0,0,manual
2227,4,motorcycle,944.03,846.21,966.05,878.58,0,0,0,0,manual
2227,15,motorcycle,970.09,616.36,1006.35,644.85,0,0,0,0,manual
2227,16,motorcycle,984.49,598.13,1023.34,621.44,0,0,0,0,manual
2228,2,motorcycle,759.45,162.21,784.06,197.18,0,0,0,0,manual
2228,3,motorcycle,963.16,600.82,989.06,635.78,0,0,0,0,manual
2228,4,motorcycle,943.75,845.44,965.77,877.81,0,0,0,0,manual
2228,15,motorcycle,970.02,616.36,1006.27,644.85,0,0,0,0,manual
2228,16,motorcycle,984.39,598.16,1023.24,621.47,0,0,0,0,manual
2229,2,motorcycle,759.38,161.37,783.99,196.34,0,0,0,0,manual
2229,3,motorcycle,963.17,600.74,989.07,635.7,0,0,0,0,manual
2229,4,motorcycle,943.46,844.67,965.48,877.04,0,0,0,0,manual
2229,15,motorcycle,969.94,616.36,1006.2,644.85,0,0,0,0,manual
2229,16,motorcycle,984.28,598.2,1023.13,621.51,0,0,0,0,manual
2230,2,motorcycle,759.32,160.53,783.93,195.5,0,0,1,0,manual
2230,3,motorcycle,963.18,600.66,989.08,635.62,0,0,0,0,manual
2230,4,motorcycle,943.18,843.91,965.2,876.28,0,0,0,0,manual
2230,15,motorcycle,969.86,616.36,1006.12,644.85,0,0,0,0,manual
2230,16,motorcycle,984.18,598.24,1023.03,621.55,0,0,0,0,manual
2231,2,motorcycle,759.84,159.24,784.45,194.21,0,0,0,0,manual
2231,3,motorcycle,963.18,600.59,989.08,635.55,0,0,0,0,manual
2231,4,motorcycle,942.89,843.14,964.91,875.51,0,0,0,0,manual
2231,15,motorcycle,969.78,616.36,1006.04,644.85,0,0,0,0,manual
2231,16,motorcycle,984.08,598.28,1022.93,621.59,0,0,0,0,manual
2232,2,motorcycle,760.36,157.94,784.97,192.91,0,0,0,0,manual
2232,3,motorcycle,963.19,600.51,989.09,635.47,0,0,0,0,manual
2232,4,motorcycle,942.61,842.37,964.63,874.74,0,0,0,0,manual
2232,15,motorcycle,969.7,616.36,1005.96,644.85,0,0,0,0,manual
2232,16,motorcycle,983.97,598.32,1022.82,621.63,0,0,0,0,manual
2233,2,motorcycle,760.87,156.65,785.48,191.62,0,0,0,0,manual
2233,3,motorcycle,963.19,600.43,989.09,635.39,0,0,1,0,manual
2233,4,motorcycle,942.32,841.6,964.34,873.97,0,0,0,0,manual
2233,15,motorcycle,969.63,616.36,1005.89,644.85,0,0,0,0,manual
2233,16,motorcycle,983.87,598.36,1022.72,621.67,0,0,0,0,manual
2234,2,motorcycle,761.39,155.35,786.0,190.32,0,0,0,0,manual
2234,3,motorcycle,963.29,600.11,989.19,635.07,0,0,0,0,manual
2234,4,motorcycle,942.04,840.83,964.06,873.2,0,0,0,0,manual
2234,15,motorcycle,969.55,616.36,1005.81,644.85,0,0,0,0,manual
2234,16,motorcycle,983.77,598.4,1022.61,621.71,0,0,0,0,manual
2235,2,motorcycle,761.91,154.06,786.52,189.03,0,0,0,0,manual
2235,3,motorcycle,963.38,599.8,989.28,634.76,0,0,0,0,manual
2235,4,motorcycle,941.75,840.06,963.77,872.43,0,0,0,0,manual
2235,15,motorcycle,969.47,616.36,1005.73,644.85,0,0,0,0,manual
2235,16,motorcycle,983.66,598.44,1022.51,621.75,0,0,0,0,manual
2236,2,motorcycle,762.43,152.76,787.04,187.73,0,0,0,0,manual
2236,3,motorcycle,963.47,599.48,989.37,634.44,0,0,0,0,manual
2236,4,motorcycle,941.47,839.3,963.49,871.67,0,0,0,0,manual
2236,15,motorcycle,969.39,616.36,1005.65,644.85,0,0,0,0,manual
2236,16,motorcycle,983.56,598.48,1022.41,621.78,0,0,0,0,manual
2237,2,motorcycle,762.95,151.47,787.56,186.44,0,0,0,0,manual
2237,3,motorcycle,963.57,599.17,989.47,634.13,0,0,0,0,manual
2237,4,motorcycle,941.18,838.53,963.2,870.9,0,0,0,0,manual
2237,15,motorcycle,969.32,616.36,1005.58,644.85,0,0,0,0,manual
2237,16,motorcycle,983.46,598.51,1022.3,621.82,0,0,0,0,manual
2238,2,motorcycle,763.46,150.17,788.07,185.14,0,0,0,0,manual
2238,3,motorcycle,963.66,598.85,989.56,633.81,0,0,0,0,manual
2238,4,motorcycle,940.9,837.76,962.92,870.13,0,0,0,0,manual
2238,15,motorcycle,969.24,616.36,1005.5,644.85,0,0,0,0,manual
2238,16,motorcycle,983.35,598.55,1022.2,621.86,0,0,0,0,manual
2239,2,motorcycle,763.98,148.88,788.59,183.84,0,0,0,0,manual
2239,3,motorcycle,963.75,598.54,989.65,633.5,0,0,0,0,manual
2239,4,motorcycle,940.61,836.99,962.63,869.36,0,0,0,0,manual
2239,15,motorcycle,969.16,616.36,1005.42,644.85,0,0,0,0,manual
2239,16,motorcycle,983.25,598.59,1022.1,621.9,0,0,0,0,manual
2240,2,motorcycle,764.5,147.58,789.11,182.55,0,0,1,0,manual
2240,3,motorcycle,963.85,598.23,989.75,633.19,0,0,0,0,manual
2240,4,motorcycle,940.33,836.22,962.35,868.59,0,0,0,0,manual
2240,15,motorcycle,969.08,616.36,1005.34,644.85,0,0,0,0,manual
2240,16,motorcycle,983.14,598.63,1021.99,621.94,0,0,0,0,manual
2241,2,motorcycle,764.5,147.58,789.11,182.55,1,0,1,0,manual
2241,3,motorcycle,963.94,597.91,989.84,632.87,0,0,0,0,manual
2241,4,motorcycle,940.04,835.45,962.06,867.82,0,0,0,0,manual
2241,15,motorcycle,969.01,616.36,1005.26,644.85,0,0,0,0,manual
2241,16,motorcycle,983.04,598.67,1021.89,621.98,0,0,0,0,manual
2242,3,motorcycle,964.03,597.6,989.93,632.56,0,0,0,0,manual
2242,4,motorcycle,939.76,834.69,961.78,867.06,0,0,0,0,manual
2242,15,motorcycle,968.93,616.36,1005.19,644.85,0,0,0,0,manual
2242,16,motorcycle,982.94,598.71,1021.79,622.02,0,0,0,0,manual
2243,3,motorcycle,964.13,597.28,990.03,632.24,0,0,0,0,manual
2243,4,motorcycle,939.47,833.92,961.49,866.29,0,0,0,0,manual
2243,15,motorcycle,968.85,616.36,1005.11,644.85,0,0,0,0,manual
2243,16,motorcycle,982.83,598.75,1021.68,622.06,0,0,0,0,manual
2244,3,motorcycle,964.22,596.97,990.12,631.93,0,0,0,0,manual
2244,4,motorcycle,939.19,833.15,961.21,865.52,0,0,0,0,manual
2244,15,motorcycle,968.77,616.36,1005.03,644.85,0,0,0,0,manual
2244,16,motorcycle,982.73,598.79,1021.58,622.1,0,0,0,0,manual
2245,3,motorcycle,964.31,596.65,990.21,631.61,0,0,0,0,manual
2245,4,motorcycle,938.9,832.38,960.92,864.75,0,0,0,0,manual
2245,15,motorcycle,968.69,616.36,1004.95,644.85,0,0,0,0,manual
2245,16,motorcycle,982.63,598.83,1021.48,622.13,0,0,0,0,manual
2246,3,motorcycle,964.41,596.34,990.31,631.3,0,0,0,0,manual
2246,4,motorcycle,938.62,831.61,960.64,863.98,0,0,0,0,manual
2246,15,motorcycle,968.62,616.36,1004.88,644.85,0,0,0,0,manual
2246,16,motorcycle,982.52,598.86,1021.37,622.17,0,0,0,0,manual
2247,3,motorcycle,964.5,596.03,990.4,630.99,0,0,0,0,manual
2247,4,motorcycle,938.33,830.84,960.35,863.21,0,0,0,0,manual
2247,15,motorcycle,968.54,616.36,1004.8,644.85,0,0,0,0,manual
2247,16,motorcycle,982.42,598.9,1021.27,622.21,0,0,0,0,manual
2248,3,motorcycle,964.6,595.71,990.5,630.67,0,0,0,0,manual
2248,4,motorcycle,938.05,830.08,960.07,862.45,0,0,0,0,manual
2248,15,motorcycle,968.46,616.36,1004.72,644.85,0,0,0,0,manual
2248,16,motorcycle,982.32,598.94,1021.16,622.25,0,0,0,0,manual
2249,3,motorcycle,964.69,595.4,990.59,630.36,0,0,0,0,manual
2249,4,motorcycle,937.76,829.31,959.78,861.68,0,0,0,0,manual
2249,15,motorcycle,968.38,616.36,1004.64,644.85,0,0,0,0,manual
2249,16,motorcycle,982.21,598.98,1021.06,622.29,0,0,0,0,manual
2250,3,motorcycle,964.78,595.08,990.68,630.04,0,0,0,0,manual
2250,4,motorcycle,937.48,828.54,959.5,860.91,0,0,0,0,manual
2250,15,motorcycle,968.31,616.36,1004.57,644.85,0,0,0,0,manual
2250,16,motorcycle,982.11,599.02,1020.96,622.33,0,0,0,0,manual
2251,3,motorcycle,964.88,594.77,990.78,629.73,0,0,0,0,manual
2251,4,motorcycle,937.19,827.77,959.21,860.14,0,0,0,0,manual
2251,15,motorcycle,968.23,616.36,1004.49,644.85,0,0,0,0,manual
2251,16,motorcycle,982.0,599.06,1020.85,622.37,0,0,0,0,manual
2252,3,motorcycle,964.97,594.45,990.87,629.41,0,0,0,0,manual
2252,4,motorcycle,936.91,827.0,958.93,859.37,0,0,0,0,manual
2252,15,motorcycle,968.15,616.36,1004.41,644.85,0,0,0,0,manual
2252,16,motorcycle,981.9,599.1,1020.75,622.41,0,0,0,0,manual
2253,3,motorcycle,965.06,594.14,990.96,629.1,0,0,0,0,manual
2253,4,motorcycle,936.62,826.23,958.64,858.6,0,0,0,0,manual
2253,15,motorcycle,968.07,616.36,1004.33,644.85,0,0,0,0,manual
2253,16,motorcycle,981.8,599.14,1020.65,622.45,0,0,0,0,manual
2254,3,motorcycle,965.16,593.82,991.06,628.78,0,0,0,0,manual
2254,4,motorcycle,936.34,825.47,958.36,857.84,0,0,0,0,manual
2254,15,motorcycle,968.0,616.36,1004.25,644.85,0,0,0,0,manual
2254,16,motorcycle,981.69,599.17,1020.54,622.48,0,0,0,0,manual
2255,3,motorcycle,965.25,593.51,991.15,628.47,0,0,0,0,manual
2255,4,motorcycle,936.05,824.7,958.07,857.07,0,0,0,0,manual
2255,15,motorcycle,967.92,616.36,1004.18,644.85,0,0,0,0,manual
2255,16,motorcycle,981.59,599.21,1020.44,622.52,0,0,0,0,manual
2256,3,motorcycle,965.34,593.2,991.24,628.16,0,0,0,0,manual
2256,4,motorcycle,935.77,823.93,957.79,856.3,0,0,0,0,manual
2256,15,motorcycle,967.84,616.36,1004.1,644.85,0,0,0,0,manual
2256,16,motorcycle,981.49,599.25,1020.34,622.56,0,0,0,0,manual
2257,3,motorcycle,965.44,592.88,991.34,627.84,0,0,0,0,manual
2257,4,motorcycle,935.48,823.16,957.5,855.53,0,0,0,0,manual
2257,15,motorcycle,967.76,616.36,1004.02,644.85,0,0,0,0,manual
2257,16,motorcycle,981.38,599.29,1020.23,622.6,0,0,0,0,manual
2258,3,motorcycle,965.53,592.57,991.43,627.53,0,0,0,0,manual
2258,4,motorcycle,935.2,822.39,957.22,854.76,0,0,0,0,manual
2258,15,motorcycle,967.68,616.36,1003.94,644.85,0,0,0,0,manual
2258,16,motorcycle,981.28,599.33,1020.13,622.64,0,0,0,0,manual
2259,3,motorcycle,965.63,592.25,991.53,627.21,0,0,0,0,manual
2259,4,motorcycle,934.92,821.62,956.93,853.99,0,0,0,0,manual
2259,15,motorcycle,967.61,616.36,1003.87,644.85,0,0,0,0,manual
2259,16,motorcycle,981.18,599.37,1020.03,622.68,0,0,0,0,manual
2260,3,motorcycle,965.72,591.94,991.62,626.9,0,0,0,0,manual
2260,4,motorcycle,934.63,820.86,956.65,853.23,0,0,0,0,manual
2260,15,motorcycle,967.53,616.36,1003.79,644.85,0,0,0,0,manual
2260,16,motorcycle,981.07,599.41,1019.92,622.72,0,0,0,0,manual
2261,3,motorcycle,965.81,591.62,991.71,626.58,0,0,0,0,manual
2261,4,motorcycle,934.35,820.09,956.36,852.46,0,0,0,0,manual
2261,15,motorcycle,967.45,616.36,1003.71,644.85,0,0,0,0,manual
2261,16,motorcycle,980.97,599.45,1019.82,622.76,0,0,0,0,manual
2262,3,motorcycle,965.91,591.31,991.81,626.27,0,0,0,0,manual
2262,4,motorcycle,934.06,819.32,956.08,851.69,0,0,0,0,manual
2262,15,motorcycle,967.37,616.36,1003.63,644.85,0,0,0,0,manual
2262,16,motorcycle,980.87,599.49,1019.71,622.79,0,0,0,0,manual
2263,3,motorcycle,966.0,591.0,991.9,625.96,0,0,0,0,manual
2263,4,motorcycle,933.78,818.55,955.79,850.92,0,0,0,0,manual
2263,15,motorcycle,967.3,616.36,1003.56,644.85,0,0,0,0,manual
2263,16,motorcycle,980.76,599.52,1019.61,622.83,0,0,1,0,manual
2264,3,motorcycle,966.09,590.68,991.99,625.64,0,0,0,0,manual
2264,4,motorcycle,933.49,817.78,955.51,850.15,0,0,0,0,manual
2264,15,motorcycle,967.22,616.36,1003.48,644.85,0,0,0,0,manual
2264,16,motorcycle,980.21,599.65,1019.06,622.96,0,0,0,0,manual
2265,3,motorcycle,966.19,590.37,992.09,625.33,0,0,0,0,manual
2265,4,motorcycle,933.21,817.01,955.22,849.38,0,0,0,0,manual
2265,15,motorcycle,967.14,616.36,1003.4,644.85,0,0,0,0,manual
2265,16,motorcycle,979.66,599.78,1018.51,623.09,0,0,0,0,manual
2266,3,motorcycle,966.28,590.05,992.18,625.01,0,0,0,0,manual
2266,4,motorcycle,932.92,816.25,954.94,848.62,0,0,0,0,manual
2266,15,motorcycle,967.06,616.36,1003.32,644.85,0,0,0,0,manual
2266,16,motorcycle,979.11,599.91,1017.96,623.22,0,0,0,0,manual
2267,3,motorcycle,966.37,589.74,992.27,624.7,0,0,0,0,manual
2267,4,motorcycle,932.64,815.48,954.65,847.85,0,0,0,0,manual
2267,15,motorcycle,966.99,616.36,1003.24,644.85,0,0,0,0,manual
2267,16,motorcycle,978.56,600.04,1017.41,623.35,0,0,0,0,manual
2268,3,motorcycle,966.47,589.42,992.37,624.38,0,0,0,0,manual
2268,4,motorcycle,932.35,814.71,954.37,847.08,0,0,0,0,manual
2268,15,motorcycle,966.91,616.36,1003.17,644.85,0,0,0,0,manual
2268,16,motorcycle,978.01,600.17,1016.86,623.48,0,0,0,0,manual
2269,3,motorcycle,966.56,589.11,992.46,624.07,0,0,0,0,manual
2269,4,motorcycle,932.07,813.94,954.08,846.31,0,0,0,0,manual
2269,15,motorcycle,966.83,616.36,1003.09,644.85,0,0,0,0,manual
2269,16,motorcycle,977.46,600.3,1016.31,623.61,0,0,0,0,manual
2270,3,motorcycle,966.66,588.79,992.56,623.75,0,0,0,0,manual
2270,4,motorcycle,931.78,813.17,953.8,845.54,0,0,0,0,manual
2270,15,motorcycle,966.75,616.36,1003.01,644.85,0,0,0,0,manual
2270,16,motorcycle,976.91,600.43,1015.76,623.74,0,0,0,0,manual
2271,3,motorcycle,966.75,588.48,992.65,623.44,0,0,0,0,manual
2271,4,motorcycle,931.5,812.4,953.51,844.77,0,0,0,0,manual
2271,15,motorcycle,966.67,616.36,1002.93,644.85,0,0,0,0,manual
2271,16,motorcycle,976.36,600.56,1015.21,623.87,0,0,0,0,manual
2272,3,motorcycle,966.84,588.17,992.74,623.13,0,0,0,0,manual
2272,4,motorcycle,931.21,811.63,953.23,844.01,0,0,0,0,manual
2272,15,motorcycle,966.6,616.36,1002.86,644.85,0,0,0,0,manual
2272,16,motorcycle,975.81,600.69,1014.66,624.0,0,0,0,0,manual
2273,3,motorcycle,966.94,587.85,992.84,622.81,0,0,0,0,manual
2273,4,motorcycle,930.93,810.87,952.94,843.24,0,0,0,0,manual
2273,15,motorcycle,966.52,616.36,1002.78,644.85,0,0,0,0,manual
2273,16,motorcycle,975.26,600.82,1014.11,624.13,0,0,0,0,manual
2274,3,motorcycle,967.03,587.54,992.93,622.5,0,0,0,0,manual
2274,4,motorcycle,930.64,810.1,952.66,842.47,0,0,0,0,manual
2274,15,motorcycle,966.44,616.36,1002.7,644.85,0,0,0,0,manual
2274,16,motorcycle,974.71,600.95,1013.56,624.26,0,0,0,0,manual
2275,3,motorcycle,967.12,587.22,993.02,622.18,0,0,0,0,manual
2275,4,motorcycle,930.36,809.33,952.37,841.7,0,0,0,0,manual
2275,15,motorcycle,966.36,616.36,1002.62,644.85,0,0,0,0,manual
2275,16,motorcycle,974.16,601.08,1013.01,624.39,0,0,0,0,manual
2276,3,motorcycle,967.22,586.91,993.12,621.87,0,0,0,0,manual
2276,4,motorcycle,930.07,808.56,952.09,840.93,0,0,0,0,manual
2276,15,motorcycle,966.29,616.36,1002.54,644.85,0,0,0,0,manual
2276,16,motorcycle,973.61,601.21,1012.46,624.52,0,0,0,0,manual
2277,3,motorcycle,967.31,586.59,993.21,621.55,0,0,0,0,manual
2277,4,motorcycle,929.79,807.79,951.8,840.16,0,0,0,0,manual
2277,15,motorcycle,966.21,616.36,1002.47,644.85,0,0,0,0,manual
2277,16,motorcycle,973.06,601.34,1011.91,624.65,0,0,0,0,manual
2278,3,motorcycle,967.4,586.28,993.3,621.24,0,0,0,0,manual
2278,4,motorcycle,929.5,807.03,951.52,839.4,0,0,0,0,manual
2278,15,motorcycle,966.13,616.36,1002.39,644.85,0,0,0,0,manual
2278,16,motorcycle,972.51,601.47,1011.36,624.78,0,0,0,0,manual
2279,3,motorcycle,967.5,585.97,993.4,620.93,0,0,0,0,manual
2279,4,motorcycle,929.22,806.26,951.23,838.63,0,0,0,0,manual
2279,15,motorcycle,966.05,616.36,1002.31,644.85,0,0,0,0,manual
2279,16,motorcycle,971.96,601.6,1010.8,624.91,0,0,0,0,manual
2280,3,motorcycle,967.59,585.65,993.49,620.61,0,0,0,0,manual
2280,4,motorcycle,928.93,805.49,950.95,837.86,0,0,0,0,manual
2280,15,motorcycle,965.98,616.36,1002.23,644.85,0,0,0,0,manual
2280,16,motorcycle,971.41,601.73,1010.25,625.04,0,0,0,0,manual
2281,3,motorcycle,967.69,585.34,993.59,620.3,0,0,0,0,manual
2281,4,motorcycle,928.65,804.72,950.66,837.09,0,0,0,0,manual
2281,15,motorcycle,965.9,616.36,1002.16,644.85,0,0,0,0,manual
2281,16,motorcycle,970.86,601.86,1009.7,625.16,0,0,0,0,manual
2282,3,motorcycle,967.78,585.02,993.68,619.98,0,0,0,0,manual
2282,4,motorcycle,928.36,803.95,950.38,836.32,0,0,0,0,manual
2282,15,motorcycle,965.82,616.36,1002.08,644.85,0,0,0,0,manual
2282,16,motorcycle,970.3,601.98,1009.15,625.29,0,0,0,0,manual
2283,3,motorcycle,967.87,584.71,993.77,619.67,0,0,0,0,manual
2283,4,motorcycle,928.08,803.18,950.09,835.55,0,0,0,0,manual
2283,15,motorcycle,965.74,616.36,1002.0,644.85,0,0,0,0,manual
2283,16,motorcycle,969.75,602.11,1008.6,625.42,0,0,0,0,manual
2284,3,motorcycle,967.97,584.39,993.87,619.35,0,0,0,0,manual
2284,4,motorcycle,927.79,802.42,949.81,834.79,0,0,0,0,manual
2284,15,motorcycle,965.66,616.36,1001.92,644.85,0,0,0,0,manual
2284,16,motorcycle,969.2,602.24,1008.05,625.55,0,0,0,0,manual
2285,3,motorcycle,968.06,584.08,993.96,619.04,0,0,0,0,manual
2285,4,motorcycle,927.51,801.65,949.52,834.02,0,0,0,0,manual
2285,15,motorcycle,965.59,616.36,1001.85,644.85,0,0,0,0,manual
2285,16,motorcycle,968.65,602.37,1007.5,625.68,0,0,0,0,manual
2286,3,motorcycle,968.15,583.76,994.05,618.72,0,0,0,0,manual
2286,4,motorcycle,927.22,800.88,949.24,833.25,0,0,0,0,manual
2286,15,motorcycle,965.51,616.36,1001.77,644.85,0,0,0,0,manual
2286,16,motorcycle,968.1,602.5,1006.95,625.81,0,0,0,0,manual
2287,3,motorcycle,968.25,583.45,994.15,618.41,0,0,0,0,manual
2287,4,motorcycle,926.94,800.11,948.95,832.48,0,0,0,0,manual
2287,15,motorcycle,965.43,616.36,1001.69,644.85,0,0,0,0,manual
2287,16,motorcycle,967.55,602.63,1006.4,625.94,0,0,0,0,manual
2288,3,motorcycle,968.34,583.14,994.24,618.1,0,0,0,0,manual
2288,4,motorcycle,926.65,799.34,948.67,831.71,0,0,0,0,manual
2288,15,motorcycle,965.35,616.36,1001.61,644.85,0,0,0,0,manual
2288,16,motorcycle,967.0,602.76,1005.85,626.07,0,0,0,0,manual
2289,3,motorcycle,968.43,582.82,994.33,617.78,0,0,0,0,manual
2289,4,motorcycle,926.37,798.57,948.38,830.94,0,0,0,0,manual
2289,15,motorcycle,965.28,616.36,1001.53,644.85,0,0,0,0,manual
2289,16,motorcycle,966.45,602.89,1005.3,626.2,0,0,0,0,manual
2290,3,motorcycle,968.53,582.51,994.43,617.47,0,0,0,0,manual
2290,4,motorcycle,926.08,797.81,948.1,830.18,0,0,0,0,manual
2290,15,motorcycle,965.2,616.36,1001.46,644.85,0,0,0,0,manual
2290,16,motorcycle,965.9,603.02,1004.75,626.33,0,0,0,0,manual
2291,3,motorcycle,968.62,582.19,994.52,617.15,0,0,0,0,manual
2291,4,motorcycle,925.8,797.04,947.81,829.41,0,0,0,0,manual
2291,15,motorcycle,965.12,616.36,1001.38,644.85,0,0,0,0,manual
2291,16,motorcycle,965.35,603.15,1004.2,626.46,0,0,0,0,manual
2292,3,motorcycle,968.71,581.88,994.61,616.84,0,0,0,0,manual
2292,4,motorcycle,925.51,796.27,947.53,828.64,0,0,0,0,manual
2292,15,motorcycle,965.04,616.36,1001.3,644.85,0,0,0,0,manual
2292,16,motorcycle,964.8,603.28,1003.65,626.59,0,0,0,0,manual
2293,3,motorcycle,968.81,581.56,994.71,616.52,0,0,0,0,manual
2293,4,motorcycle,925.23,795.5,947.24,827.87,0,0,0,0,manual
2293,15,motorcycle,964.97,616.36,1001.22,644.85,0,0,0,0,manual
2293,16,motorcycle,964.25,603.41,1003.1,626.72,0,0,0,0,manual
2294,3,motorcycle,968.9,581.25,994.8,616.21,0,0,0,0,manual
2294,4,motorcycle,924.94,794.73,946.96,827.1,0,0,0,0,manual
2294,15,motorcycle,964.89,616.36,1001.15,644.85,0,0,0,0,manual
2294,16,motorcycle,963.7,603.54,1002.55,626.85,0,0,0,0,manual
2295,3,motorcycle,969.0,580.94,994.9,615.9,0,0,0,0,manual
2295,4,motorcycle,924.66,793.96,946.67,826.33,0,0,0,0,manual
2295,15,motorcycle,964.81,616.36,1001.07,644.85,0,0,0,0,manual
2295,16,motorcycle,963.15,603.67,1002.0,626.98,0,0,0,0,manual
2296,3,motorcycle,969.09,580.62,994.99,615.58,0,0,0,0,manual
2296,4,motorcycle,924.38,793.2,946.39,825.57,0,0,0,0,manual
2296,15,motorcycle,964.73,616.36,1000.99,644.85,0,0,0,0,manual
2296,16,motorcycle,962.6,603.8,1001.45,627.11,0,0,0,0,manual
2297,3,motorcycle,969.18,580.31,995.08,615.27,0,0,0,0,manual
2297,4,motorcycle,924.09,792.43,946.11,824.8,0,0,0,0,manual
2297,15,motorcycle,964.65,616.36,1000.91,644.85,0,0,0,0,manual
2297,16,motorcycle,962.05,603.93,1000.9,627.24,0,0,0,0,manual
2298,3,motorcycle,969.28,579.99,995.18,614.95,0,0,0,0,manual
2298,4,motorcycle,923.81,791.66,945.82,824.03,0,0,0,0,manual
2298,15,motorcycle,964.58,616.36,1000.84,644.85,0,0,0,0,manual
2298,16,motorcycle,961.5,604.06,1000.35,627.37,0,0,0,0,manual
2299,3,motorcycle,969.37,579.68,995.27,614.64,0,0,0,0,manual
2299,4,motorcycle,923.52,790.89,945.54,823.26,0,0,0,0,manual
2299,15,motorcycle,964.5,616.36,1000.76,644.85,0,0,0,0,manual
2299,16,motorcycle,960.95,604.19,999.8,627.5,0,0,0,0,manual
2300,3,motorcycle,969.46,579.36,995.36,614.32,0,0,0,0,manual
2300,4,motorcycle,923.24,790.12,945.25,822.49,0,0,0,0,manual
2300,15,motorcycle,964.42,616.36,1000.68,644.85,0,0,0,0,manual
2300,16,motorcycle,960.4,604.32,999.25,627.62,0,0,0,0,manual
2301,3,motorcycle,969.56,579.05,995.46,614.01,0,0,0,0,manual
2301,4,motorcycle,922.95,789.35,944.97,821.72,0,0,0,0,manual
2301,15,motorcycle,964.34,616.36,1000.6,644.85,0,0,0,0,manual
2301,16,motorcycle,959.85,604.45,998.7,627.75,0,0,0,0,manual
2302,3,motorcycle,969.65,578.73,995.55,613.69,0,0,0,0,manual
2302,4,motorcycle,922.67,788.59,944.68,820.96,0,0,0,0,manual
2302,15,motorcycle,964.27,616.36,1000.52,644.85,0,0,0,0,manual
2302,16,motorcycle,959.3,604.57,998.15,627.88,0,0,0,0,manual
2303,3,motorcycle,969.74,578.42,995.64,613.38,0,0,0,0,manual
2303,4,motorcycle,922.38,787.82,944.4,820.19,0,0,0,0,manual
2303,15,motorcycle,964.19,616.36,1000.45,644.85,0,0,0,0,manual
2303,16,motorcycle,958.75,604.7,997.6,628.01,0,0,1,0,manual
2304,3,motorcycle,969.84,578.11,995.74,613.07,0,0,0,0,manual
2304,4,motorcycle,922.1,787.05,944.11,819.42,0,0,0,0,manual
2304,15,motorcycle,964.11,616.36,1000.37,644.85,0,0,0,0,manual
2304,16,motorcycle,958.29,604.9,997.14,628.21,0,0,0,0,manual
2305,3,motorcycle,969.93,577.79,995.83,612.75,0,0,0,0,manual
2305,4,motorcycle,921.81,786.28,943.83,818.65,0,0,0,0,manual
2305,15,motorcycle,964.03,616.36,1000.29,644.85,0,0,0,0,manual
2305,16,motorcycle,957.84,605.09,996.69,628.4,0,0,0,0,manual
2306,3,motorcycle,970.03,577.48,995.93,612.44,0,0,0,0,manual
2306,4,motorcycle,921.53,785.51,943.54,817.88,0,0,0,0,manual
2306,15,motorcycle,963.95,616.36,1000.21,644.85,0,0,0,0,manual
2306,16,motorcycle,957.39,605.29,996.24,628.6,0,0,0,0,manual
2307,3,motorcycle,970.12,577.16,996.02,612.12,0,0,0,0,manual
2307,4,motorcycle,921.24,784.74,943.26,817.11,0,0,0,0,manual
2307,15,motorcycle,963.88,616.36,1000.14,644.85,0,0,0,0,manual
2307,16,motorcycle,956.93,605.48,995.78,628.79,0,0,0,0,manual
2308,3,motorcycle,970.21,576.85,996.11,611.81,0,0,0,0,manual
2308,4,motorcycle,920.96,783.98,942.97,816.35,0,0,0,0,manual
2308,15,motorcycle,963.8,616.36,1000.06,644.85,0,0,0,0,manual
2308,16,motorcycle,956.48,605.68,995.33,628.98,0,0,0,0,manual
2309,3,motorcycle,970.31,576.53,996.21,611.49,0,0,0,0,manual
2309,4,motorcycle,920.67,783.21,942.69,815.58,0,0,0,0,manual
2309,15,motorcycle,963.72,616.36,999.98,644.85,0,0,0,0,manual
2309,16,motorcycle,956.03,605.87,994.88,629.18,0,0,0,0,manual
2310,3,motorcycle,970.4,576.22,996.3,611.18,0,0,1,0,manual
2310,4,motorcycle,920.39,782.44,942.4,814.81,0,0,0,0,manual
2310,15,motorcycle,963.64,616.36,999.9,644.85,0,0,0,0,manual
2310,16,motorcycle,955.57,606.06,994.42,629.37,0,0,0,0,manual
2311,3,motorcycle,970.98,575.72,996.88,610.68,0,0,0,0,manual
2311,4,motorcycle,920.1,781.67,942.12,814.04,0,0,0,0,manual
2311,15,motorcycle,963.57,616.36,999.83,644.85,0,0,0,0,manual
2311,16,motorcycle,955.12,606.26,993.97,629.57,0,0,0,0,manual
2312,3,motorcycle,971.57,575.23,997.47,610.19,0,0,0,0,manual
2312,4,motorcycle,919.82,780.9,941.83,813.27,0,0,0,0,manual
2312,15,motorcycle,963.49,616.36,999.75,644.85,0,0,0,0,manual
2312,16,motorcycle,954.67,606.45,993.52,629.76,0,0,0,0,manual
2313,3,motorcycle,972.15,574.73,998.05,609.69,0,0,0,0,manual
2313,4,motorcycle,919.53,780.13,941.55,812.5,0,0,0,0,manual
2313,15,motorcycle,963.41,616.36,999.67,644.85,0,0,0,0,manual
2313,16,motorcycle,954.21,606.65,993.06,629.96,0,0,0,0,manual
2314,3,motorcycle,972.74,574.23,998.64,609.19,0,0,0,0,manual
2314,4,motorcycle,919.25,779.37,941.26,811.74,0,0,0,0,manual
2314,15,motorcycle,963.33,616.36,999.59,644.85,0,0,0,0,manual
2314,16,motorcycle,953.76,606.84,992.61,630.15,0,0,0,0,manual
2315,3,motorcycle,973.32,573.74,999.22,608.7,0,0,0,0,manual
2315,4,motorcycle,918.96,778.6,940.98,810.97,0,0,0,0,manual
2315,15,motorcycle,963.26,616.36,999.51,644.85,0,0,0,0,manual
2315,16,motorcycle,953.31,607.03,992.16,630.34,0,0,0,0,manual
2316,3,motorcycle,973.91,573.24,999.81,608.2,0,0,0,0,manual
2316,4,motorcycle,918.68,777.83,940.69,810.2,0,0,0,0,manual
2316,15,motorcycle,963.18,616.36,999.44,644.85,0,0,0,0,manual
2316,16,motorcycle,952.85,607.23,991.7,630.54,0,0,0,0,manual
2317,3,motorcycle,974.49,572.74,1000.39,607.71,0,0,0,0,manual
2317,4,motorcycle,918.39,777.06,940.41,809.43,0,0,0,0,manual
2317,15,motorcycle,963.1,616.36,999.36,644.85,0,0,0,0,manual
2317,16,motorcycle,952.4,607.42,991.25,630.73,0,0,0,0,manual
2318,3,motorcycle,975.08,572.25,1000.98,607.21,0,0,0,0,manual
2318,4,motorcycle,918.11,776.29,940.12,808.66,0,0,0,0,manual
2318,15,motorcycle,963.02,616.36,999.28,644.85,0,0,0,0,manual
2318,16,motorcycle,951.95,607.62,990.8,630.93,0,0,0,0,manual
2319,3,motorcycle,975.66,571.75,1001.56,606.71,0,0,0,0,manual
2319,4,motorcycle,917.82,775.52,939.84,807.89,0,0,0,0,manual
2319,15,motorcycle,962.94,616.36,999.2,644.85,0,0,0,0,manual
2319,16,motorcycle,951.5,607.81,990.34,631.12,0,0,0,0,manual
2320,3,motorcycle,976.25,571.26,1002.15,606.22,0,0,0,0,manual
2320,4,motorcycle,917.54,774.76,939.55,807.12,0,0,0,0,manual
2320,15,motorcycle,962.87,616.36,999.13,644.85,0,0,0,0,manual
2320,16,motorcycle,951.04,608.01,989.89,631.32,0,0,0,0,manual
2321,3,motorcycle,976.83,570.76,1002.73,605.72,0,0,0,0,manual
2321,4,motorcycle,917.25,773.99,939.27,806.36,0,0,0,0,manual
2321,15,motorcycle,962.79,616.36,999.05,644.85,0,0,0,0,manual
2321,16,motorcycle,950.59,608.2,989.44,631.51,0,0,0,0,manual
2322,3,motorcycle,977.42,570.26,1003.32,605.22,0,0,0,0,manual
2322,4,motorcycle,916.97,773.22,938.98,805.59,0,0,0,0,manual
2322,15,motorcycle,962.71,616.36,998.97,644.85,0,0,0,0,manual
2322,16,motorcycle,950.14,608.39,988.98,631.7,0,0,0,0,manual
2323,3,motorcycle,978.0,569.77,1003.9,604.73,0,0,0,0,manual
2323,4,motorcycle,916.68,772.45,938.7,804.82,0,0,0,0,manual
2323,15,motorcycle,962.63,616.36,998.89,644.85,0,0,0,0,manual
2323,16,motorcycle,949.68,608.59,988.53,631.9,0,0,0,0,manual
2324,3,motorcycle,978.59,569.27,1004.49,604.23,0,0,0,0,manual
2324,4,motorcycle,916.4,771.68,938.41,804.05,0,0,0,0,manual
2324,15,motorcycle,962.56,616.36,998.82,644.85,0,0,0,0,manual
2324,16,motorcycle,949.23,608.78,988.08,632.09,0,0,0,0,manual
2325,3,motorcycle,979.17,568.77,1005.07,603.74,0,0,0,0,manual
2325,4,motorcycle,916.11,770.91,938.13,803.28,0,0,0,0,manual
2325,15,motorcycle,962.48,616.36,998.74,644.85,0,0,0,0,manual
2325,16,motorcycle,948.78,608.98,987.62,632.29,0,0,0,0,manual
2326,3,motorcycle,979.76,568.28,1005.66,603.24,0,0,0,0,manual
2326,4,motorcycle,915.83,770.15,937.84,802.52,0,0,0,0,manual
2326,15,motorcycle,962.4,616.36,998.66,644.85,0,0,0,0,manual
2326,16,motorcycle,948.32,609.17,987.17,632.48,0,0,0,0,manual
2327,3,motorcycle,980.34,567.78,1006.24,602.74,0,0,0,0,manual
2327,4,motorcycle,915.54,769.38,937.56,801.75,0,0,0,0,manual
2327,15,motorcycle,962.32,616.36,998.58,644.85,0,0,0,0,manual
2327,16,motorcycle,947.87,609.37,986.72,632.68,0,0,0,0,manual
2328,3,motorcycle,980.93,567.28,1006.83,602.25,0,0,0,0,manual
2328,4,motorcycle,915.26,768.61,937.27,800.98,0,0,0,0,manual
2328,15,motorcycle,962.25,616.36,998.5,644.85,0,0,0,0,manual
2328,16,motorcycle,947.42,609.56,986.26,632.87,0,0,0,0,manual
2329,3,motorcycle,981.51,566.79,1007.41,601.75,0,0,0,0,manual
2329,4,motorcycle,914.97,767.84,936.99,800.21,0,0,0,0,manual
2329,15,motorcycle,962.17,616.36,998.43,644.85,0,0,0,0,manual
2329,16,motorcycle,946.96,609.75,985.81,633.06,0,0,0,0,manual
2330,3,motorcycle,982.09,566.29,1007.99,601.25,0,0,0,0,manual
2330,4,motorcycle,914.69,767.07,936.7,799.44,0,0,0,0,manual
2330,15,motorcycle,962.09,616.36,998.35,644.85,0,0,0,0,manual
2330,16,motorcycle,946.51,609.95,985.36,633.26,0,0,0,0,manual
2331,3,motorcycle,982.68,565.79,1008.58,600.76,0,0,0,0,manual
2331,4,motorcycle,914.4,766.3,936.42,798.67,0,0,0,0,manual
2331,15,motorcycle,962.01,616.36,998.27,644.85,0,0,0,0,manual
2331,16,motorcycle,946.06,610.14,984.91,633.45,0,0,0,0,manual
2332,3,motorcycle,983.26,565.3,1009.16,600.26,0,0,0,0,manual
2332,4,motorcycle,914.12,765.54,936.13,797.91,0,0,0,0,manual
2332,15,motorcycle,961.93,616.36,998.19,644.85,0,0,0,0,manual
2332,16,motorcycle,945.6,610.34,984.45,633.65,0,0,0,0,manual
2333,3,motorcycle,983.85,564.8,1009.75,599.76,0,0,0,0,manual
2333,4,motorcycle,913.83,764.77,935.85,797.14,0,0,0,0,manual
2333,15,motorcycle,961.86,616.36,998.12,644.85,0,0,0,0,manual
2333,16,motorcycle,945.15,610.53,984.0,633.84,0,0,0,0,manual
2334,3,motorcycle,984.43,564.3,1010.33,599.27,0,0,0,0,manual
2334,4,motorcycle,913.55,764.0,935.56,796.37,0,0,0,0,manual
2334,15,motorcycle,961.78,616.36,998.04,644.85,0,0,0,0,manual
2334,16,motorcycle,944.7,610.73,983.55,634.03,0,0,0,0,manual
2335,3,motorcycle,985.02,563.81,1010.92,598.77,0,0,0,0,manual
2335,4,motorcycle,913.27,763.23,935.28,795.6,0,0,0,0,manual
2335,15,motorcycle,961.7,616.36,997.96,644.85,0,0,0,0,manual
2335,16,motorcycle,944.24,610.92,983.09,634.23,0,0,0,0,manual
2336,3,motorcycle,985.6,563.31,1011.5,598.28,0,0,0,0,manual
2336,4,motorcycle,912.98,762.46,934.99,794.83,0,0,0,0,manual
2336,15,motorcycle,961.62,616.36,997.88,644.85,0,0,0,0,manual
2336,16,motorcycle,943.79,611.11,982.64,634.42,0,0,0,0,manual
2337,3,motorcycle,986.19,562.81,1012.09,597.78,0,0,0,0,manual
2337,4,motorcycle,912.7,761.69,934.71,794.06,0,0,0,0,manual
2337,15,motorcycle,961.55,616.36,997.81,644.85,0,0,0,0,manual
2337,16,motorcycle,943.34,611.31,982.19,634.62,0,0,0,0,manual
2338,3,motorcycle,986.77,562.32,1012.67,597.28,0,0,0,0,manual
2338,4,motorcycle,912.41,760.93,934.42,793.3,0,0,0,0,manual
2338,15,motorcycle,961.47,616.36,997.73,644.85,0,0,0,0,manual
2338,16,motorcycle,942.88,611.5,981.73,634.81,0,0,0,0,manual
2339,3,motorcycle,987.36,561.82,1013.26,596.79,0,0,0,0,manual
2339,4,motorcycle,912.13,760.16,934.14,792.53,0,0,0,0,manual
2339,15,motorcycle,961.39,616.36,997.65,644.85,0,0,0,0,manual
2339,16,motorcycle,942.43,611.7,981.28,635.01,0,0,0,0,manual
2340,3,motorcycle,987.94,561.33,1013.84,596.29,0,0,0,0,manual
2340,4,motorcycle,911.84,759.39,933.85,791.76,0,0,0,0,manual
2340,15,motorcycle,961.31,616.36,997.57,644.85,0,0,0,0,manual
2340,16,motorcycle,941.98,611.89,980.83,635.2,0,0,0,0,manual
2341,3,motorcycle,988.53,560.83,1014.43,595.79,0,0,0,0,manual
2341,4,motorcycle,911.56,758.62,933.57,790.99,0,0,0,0,manual
2341,15,motorcycle,961.24,616.36,997.49,644.85,0,0,0,0,manual
2341,16,motorcycle,941.52,612.09,980.37,635.39,0,0,0,0,manual
2342,3,motorcycle,989.11,560.33,1015.01,595.3,0,0,0,0,manual
2342,4,motorcycle,911.27,757.85,933.28,790.22,0,0,0,0,manual
2342,15,motorcycle,961.16,616.36,997.42,644.85,0,0,0,0,manual
2342,16,motorcycle,941.07,612.28,979.92,635.59,0,0,0,0,manual
2343,3,motorcycle,989.7,559.84,1015.6,594.8,0,0,1,0,manual
2343,4,motorcycle,910.99,757.08,933.0,789.45,0,0,0,0,manual
2343,15,motorcycle,961.08,616.36,997.34,644.85,0,0,0,0,manual
2343,16,motorcycle,940.62,612.47,979.47,635.78,0,0,1,0,manual
2344,3,motorcycle,990.8,559.34,1016.7,594.31,0,0,0,0,manual
2344,4,motorcycle,910.7,756.32,932.71,788.69,0,0,0,0,manual
2344,15,motorcycle,961.0,616.36,997.26,644.85,0,0,0,0,manual
2344,16,motorcycle,939.58,612.69,978.43,636.0,0,0,0,0,manual
2345,3,motorcycle,991.91,558.84,1017.81,593.81,0,0,0,0,manual
2345,4,motorcycle,910.42,755.55,932.43,787.92,0,0,0,0,manual
2345,15,motorcycle,960.92,616.36,997.18,644.85,0,0,0,0,manual
2345,16,motorcycle,938.55,612.91,977.39,636.21,0,0,0,0,manual
2346,3,motorcycle,993.02,558.35,1018.92,593.31,0,0,0,0,manual
2346,4,motorcycle,910.13,754.78,932.14,787.15,0,0,0,0,manual
2346,15,motorcycle,960.85,616.36,997.11,644.85,0,0,0,0,manual
2346,16,motorcycle,937.51,613.12,976.36,636.43,0,0,0,0,manual
2347,3,motorcycle,994.13,557.85,1020.03,592.82,0,0,0,0,manual
2347,4,motorcycle,909.85,754.01,931.86,786.38,0,0,0,0,manual
2347,15,motorcycle,960.77,616.36,997.03,644.85,0,0,0,0,manual
2347,16,motorcycle,936.47,613.34,975.32,636.65,0,0,0,0,manual
2348,3,motorcycle,995.24,557.35,1021.14,592.32,0,0,0,0,manual
2348,4,motorcycle,909.56,753.24,931.57,785.61,0,0,0,0,manual
2348,15,motorcycle,960.69,616.36,996.95,644.85,0,0,0,0,manual
2348,16,motorcycle,935.44,613.55,974.29,636.86,0,0,0,0,manual
2349,3,motorcycle,996.34,556.86,1022.24,591.82,0,0,0,0,manual
2349,4,motorcycle,909.28,752.47,931.29,784.84,0,0,0,0,manual
2349,15,motorcycle,960.61,616.36,996.87,644.85,0,0,0,0,manual
2349,16,motorcycle,934.4,613.77,973.25,637.08,0,0,0,0,manual
2350,3,motorcycle,997.45,556.36,1023.35,591.33,0,0,0,0,manual
2350,4,motorcycle,908.99,751.71,931.0,784.08,0,0,0,0,manual
2350,15,motorcycle,960.54,616.36,996.8,644.85,0,0,0,0,manual
2350,16,motorcycle,933.37,613.98,972.21,637.29,0,0,0,0,manual
2351,3,motorcycle,998.56,555.86,1024.46,590.83,0,0,0,0,manual
2351,4,motorcycle,908.71,750.94,930.72,783.31,0,0,0,0,manual
2351,15,motorcycle,960.46,616.36,996.72,644.85,0,0,0,0,manual
2351,16,motorcycle,932.33,614.2,971.18,637.51,0,0,0,0,manual
2352,3,motorcycle,999.67,555.37,1025.57,590.33,0,0,0,0,manual
2352,4,motorcycle,908.42,750.17,930.43,782.54,0,0,0,0,manual
2352,15,motorcycle,960.38,616.36,996.64,644.85,0,0,0,0,manual
2352,16,motorcycle,931.29,614.42,970.14,637.73,0,0,0,0,manual
2353,3,motorcycle,1000.78,554.87,1026.68,589.84,0,0,0,0,manual
2353,4,motorcycle,908.14,749.4,930.15,781.77,0,0,0,0,manual
2353,15,motorcycle,960.3,616.36,996.56,644.85,0,0,0,0,manual
2353,16,motorcycle,930.26,614.63,969.11,637.94,0,0,0,0,manual
2354,3,motorcycle,1001.88,554.37,1027.78,589.34,0,0,0,0,manual
2354,4,motorcycle,907.85,748.63,929.86,781.0,0,0,0,0,manual
2354,15,motorcycle,960.23,616.36,996.48,644.85,0,0,0,0,manual
2354,16,motorcycle,929.22,614.85,968.07,638.16,0,0,0,0,manual
2355,3,motorcycle,1002.99,553.88,1028.89,588.85,0,0,0,0,manual
2355,4,motorcycle,907.57,747.86,929.58,780.23,0,0,0,0,manual
2355,15,motorcycle,960.15,616.36,996.41,644.85,0,0,0,0,manual
2355,16,motorcycle,928.19,615.06,967.03,638.37,0,0,0,0,manual
2356,3,motorcycle,1004.1,553.38,1030.0,588.35,0,0,0,0,manual
2356,4,motorcycle,907.28,747.1,929.29,779.47,0,0,0,0,manual
2356,15,motorcycle,960.07,616.36,996.33,644.85,0,0,0,0,manual
2356,16,motorcycle,927.15,615.28,966.0,638.59,0,0,0,0,manual
2357,3,motorcycle,1005.21,552.88,1031.11,587.85,0,0,0,0,manual
2357,4,motorcycle,907.0,746.33,929.01,778.7,0,0,0,0,manual
2357,15,motorcycle,959.99,616.36,996.25,644.85,0,0,0,0,manual
2357,16,motorcycle,926.11,615.5,964.96,638.8,0,0,0,0,manual
2358,3,motorcycle,1006.32,552.39,1032.22,587.36,0,0,0,0,manual
2358,4,motorcycle,906.71,745.56,928.72,777.93,0,0,0,0,manual
2358,15,motorcycle,959.91,616.36,996.17,644.85,0,0,0,0,manual
2358,16,motorcycle,925.08,615.71,963.93,639.02,0,0,0,0,manual
2359,3,motorcycle,1007.42,551.89,1033.32,586.86,0,0,0,0,manual
2359,4,motorcycle,906.43,744.79,928.44,777.16,0,0,0,0,manual
2359,15,motorcycle,959.84,616.36,996.1,644.85,0,0,0,0,manual
2359,16,motorcycle,924.04,615.93,962.89,639.24,0,0,0,0,manual
2360,3,motorcycle,1008.53,551.4,1034.43,586.36,0,0,0,0,manual
2360,4,motorcycle,906.14,744.02,928.15,776.39,0,0,0,0,manual
2360,15,motorcycle,959.76,616.36,996.02,644.85,0,0,0,0,manual
2360,16,motorcycle,923.01,616.14,961.85,639.45,0,0,0,0,manual
2361,3,motorcycle,1009.64,550.9,1035.54,585.87,0,0,0,0,manual
2361,4,motorcycle,905.86,743.25,927.87,775.62,0,0,0,0,manual
2361,15,motorcycle,959.68,616.36,995.94,644.85,0,0,0,0,manual
2361,16,motorcycle,921.97,616.36,960.82,639.67,0,0,0,0,manual
2362,3,motorcycle,1010.75,550.4,1036.65,585.37,0,0,0,0,manual
2362,4,motorcycle,905.57,742.49,927.58,774.86,0,0,0,0,manual
2362,15,motorcycle,959.6,616.36,995.86,644.85,0,0,0,0,manual
2362,16,motorcycle,920.93,616.57,959.78,639.88,0,0,0,0,manual
2363,3,motorcycle,1011.85,549.91,1037.75,584.87,0,0,0,0,manual
2363,4,motorcycle,905.29,741.72,927.3,774.09,0,0,0,0,manual
2363,15,motorcycle,959.53,616.36,995.79,644.85,0,0,0,0,manual
2363,16,motorcycle,919.9,616.79,958.75,640.1,0,0,0,0,manual
2364,3,motorcycle,1012.96,549.41,1038.86,584.38,0,0,0,0,manual
2364,4,motorcycle,905.0,740.95,927.01,773.32,0,0,0,0,manual
2364,15,motorcycle,959.45,616.36,995.71,644.85,0,0,0,0,manual
2364,16,motorcycle,918.86,617.01,957.71,640.32,0,0,0,0,manual
2365,3,motorcycle,1014.07,548.91,1039.97,583.88,0,0,0,0,manual
2365,4,motorcycle,904.72,740.18,926.73,772.55,0,0,0,0,manual
2365,15,motorcycle,959.37,616.36,995.63,644.85,0,0,0,0,manual
2365,16,motorcycle,917.83,617.22,956.67,640.53,0,0,0,0,manual
2366,3,motorcycle,1015.18,548.42,1041.08,583.39,0,0,0,0,manual
2366,4,motorcycle,904.43,739.41,926.44,771.78,0,0,0,0,manual
2366,15,motorcycle,959.29,616.36,995.55,644.85,0,0,0,0,manual
2366,16,motorcycle,916.79,617.44,955.64,640.75,0,0,0,0,manual
2367,3,motorcycle,1016.29,547.92,1042.19,582.89,0,0,0,0,manual
2367,4,motorcycle,904.15,738.64,926.16,771.01,0,0,0,0,manual
2367,15,motorcycle,959.22,616.36,995.47,644.85,0,0,0,0,manual
2367,16,motorcycle,915.75,617.65,954.6,640.96,0,0,0,0,manual
2368,3,motorcycle,1017.39,547.42,1043.29,582.39,0,0,0,0,manual
2368,4,motorcycle,903.86,737.88,925.87,770.25,0,0,0,0,manual
2368,15,motorcycle,959.14,616.36,995.4,644.85,0,0,0,0,manual
2368,16,motorcycle,914.72,617.87,953.57,641.18,0,0,0,0,manual
2369,3,motorcycle,1018.5,546.93,1044.4,581.9,0,0,0,0,manual
2369,4,motorcycle,903.58,737.11,925.59,769.48,0,0,0,0,manual
2369,15,motorcycle,959.06,616.36,995.32,644.85,0,0,0,0,manual
2369,16,motorcycle,913.68,618.09,952.53,641.4,0,0,0,0,manual
2370,3,motorcycle,1019.61,546.43,1045.51,581.4,0,0,1,0,manual
2370,4,motorcycle,903.29,736.34,925.3,768.71,0,0,0,0,manual
2370,15,motorcycle,958.98,616.36,995.24,644.85,0,0,0,0,manual
2370,16,motorcycle,912.65,618.3,951.49,641.61,0,0,0,0,manual
2371,3,motorcycle,1021.11,545.76,1047.01,580.73,0,0,0,0,manual
2371,4,motorcycle,903.01,735.57,925.02,767.94,0,0,1,0,manual
2371,15,motorcycle,958.9,616.36,995.16,644.85,0,0,0,0,manual
2371,16,motorcycle,911.61,618.52,950.46,641.83,0,0,0,0,manual
2372,3,motorcycle,1022.61,545.08,1048.51,580.05,0,0,0,0,manual
2372,4,motorcycle,902.55,735.02,924.56,767.39,0,0,0,0,manual
2372,15,motorcycle,958.83,616.36,995.09,644.85,0,0,0,0,manual
2372,16,motorcycle,910.57,618.73,949.42,642.04,0,0,0,0,manual
2373,3,motorcycle,1024.12,544.41,1050.02,579.38,0,0,0,0,manual
2373,4,motorcycle,902.09,734.47,924.1,766.84,0,0,0,0,manual
2373,15,motorcycle,958.75,616.36,995.01,644.85,0,0,1,0,manual
2373,16,motorcycle,909.54,618.95,948.39,642.26,0,0,1,0,manual
2374,3,motorcycle,1025.62,543.74,1051.52,578.71,0,0,0,0,manual
2374,4,motorcycle,901.63,733.93,923.64,766.3,0,0,0,0,manual
2374,15,motorcycle,958.32,616.4,994.58,644.89,0,0,0,0,manual
2374,16,motorcycle,908.2,618.86,947.05,642.17,0,0,0,0,manual
2375,3,motorcycle,1027.12,543.06,1053.02,578.03,0,0,0,0,manual
2375,4,motorcycle,901.17,733.38,923.18,765.75,0,0,0,0,manual
2375,15,motorcycle,957.89,616.45,994.14,644.93,0,0,0,0,manual
2375,16,motorcycle,906.86,618.78,945.71,642.09,0,0,0,0,manual
2376,3,motorcycle,1028.62,542.39,1054.52,577.36,0,0,0,0,manual
2376,4,motorcycle,900.71,732.83,922.72,765.2,0,0,0,0,manual
2376,15,motorcycle,957.45,616.49,993.71,644.98,0,0,0,0,manual
2376,16,motorcycle,905.52,618.69,944.37,642.0,0,0,0,0,manual
2377,3,motorcycle,1030.13,541.72,1056.03,576.69,0,0,0,0,manual
2377,4,motorcycle,900.25,732.28,922.26,764.65,0,0,0,0,manual
2377,15,motorcycle,957.02,616.53,993.28,645.02,0,0,0,0,manual
2377,16,motorcycle,904.19,618.6,943.03,641.91,0,0,0,0,manual
2378,3,motorcycle,1031.63,541.04,1057.53,576.01,0,0,0,0,manual
2378,4,motorcycle,899.79,731.73,921.8,764.1,0,0,0,0,manual
2378,15,motorcycle,956.59,616.58,992.85,645.06,0,0,0,0,manual
2378,16,motorcycle,902.85,618.52,941.7,641.83,0,0,0,0,manual
2379,3,motorcycle,1033.13,540.37,1059.03,575.34,0,0,0,0,manual
2379,4,motorcycle,899.33,731.19,921.34,763.56,0,0,0,0,manual
2379,15,motorcycle,956.16,616.62,992.42,645.11,0,0,0,0,manual
2379,16,motorcycle,901.51,618.43,940.36,641.74,0,0,0,0,manual
2380,3,motorcycle,1034.63,539.7,1060.53,574.67,0,0,0,0,manual
2380,4,motorcycle,898.87,730.64,920.88,763.01,0,0,0,0,manual
2380,15,motorcycle,955.73,616.66,991.99,645.15,0,0,0,0,manual
2380,16,motorcycle,900.17,618.34,939.02,641.65,0,0,0,0,manual
2381,3,motorcycle,1036.13,539.02,1062.03,573.99,0,0,0,0,manual
2381,4,motorcycle,898.41,730.09,920.42,762.46,0,0,0,0,manual
2381,15,motorcycle,955.3,616.7,991.55,645.19,0,0,0,0,manual
2381,16,motorcycle,898.83,618.26,937.68,641.57,0,0,0,0,manual
2382,3,motorcycle,1037.64,538.35,1063.54,573.32,0,0,0,0,manual
2382,4,motorcycle,897.95,729.54,919.96,761.91,0,0,0,0,manual
2382,15,motorcycle,954.86,616.75,991.12,645.24,0,0,0,0,manual
2382,16,motorcycle,897.5,618.17,936.34,641.48,0,0,0,0,manual
2383,3,motorcycle,1039.14,537.68,1065.04,572.65,0,0,0,0,manual
2383,4,motorcycle,897.49,728.99,919.5,761.36,0,0,0,0,manual
2383,15,motorcycle,954.43,616.79,990.69,645.28,0,0,0,0,manual
2383,16,motorcycle,896.16,618.09,935.01,641.4,0,0,0,0,manual
2384,3,motorcycle,1040.64,537.0,1066.54,571.97,0,0,0,0,manual
2384,4,motorcycle,897.03,728.45,919.04,760.82,0,0,0,0,manual
2384,15,motorcycle,954.0,616.83,990.26,645.32,0,0,0,0,manual
2384,16,motorcycle,894.82,618.0,933.67,641.31,0,0,0,0,manual
2385,3,motorcycle,1042.14,536.33,1068.04,571.3,0,0,0,0,manual
2385,4,motorcycle,896.57,727.9,918.58,760.27,0,0,0,0,manual
2385,15,motorcycle,953.57,616.88,989.83,645.37,0,0,0,0,manual
2385,16,motorcycle,893.48,617.91,932.33,641.22,0,0,0,0,manual
2386,3,motorcycle,1043.65,535.66,1069.55,570.63,0,0,0,0,manual
2386,4,motorcycle,896.11,727.35,918.12,759.72,0,0,0,0,manual
2386,15,motorcycle,953.14,616.92,989.4,645.41,0,0,0,0,manual
2386,16,motorcycle,892.14,617.83,930.99,641.14,0,0,0,0,manual
2387,3,motorcycle,1045.15,534.98,1071.05,569.95,0,0,0,0,manual
2387,4,motorcycle,895.65,726.8,917.66,759.17,0,0,0,0,manual
2387,15,motorcycle,952.71,616.96,988.97,645.45,0,0,0,0,manual
2387,16,motorcycle,890.8,617.74,929.65,641.05,0,0,0,0,manual
2388,3,motorcycle,1046.65,534.31,1072.55,569.28,0,0,0,0,manual
2388,4,motorcycle,895.19,726.25,917.2,758.62,0,0,0,0,manual
2388,15,motorcycle,952.27,617.01,988.53,645.5,0,0,0,0,manual
2388,16,motorcycle,889.47,617.65,928.32,640.96,0,0,0,0,manual
2389,3,motorcycle,1048.15,533.64,1074.05,568.61,0,0,0,0,manual
2389,4,motorcycle,894.73,725.71,916.74,758.08,0,0,0,0,manual
2389,15,motorcycle,951.84,617.05,988.1,645.54,0,0,0,0,manual
2389,16,motorcycle,888.13,617.57,926.98,640.88,0,0,0,0,manual
2390,3,motorcycle,1049.65,532.96,1075.55,567.93,0,0,0,0,manual
2390,4,motorcycle,894.27,725.16,916.28,757.53,0,0,0,0,manual
2390,15,motorcycle,951.41,617.09,987.67,645.58,0,0,0,0,manual
2390,16,motorcycle,886.79,617.48,925.64,640.79,0,0,0,0,manual
2391,3,motorcycle,1051.16,532.29,1077.06,567.26,0,0,0,0,manual
2391,4,motorcycle,893.81,724.61,915.82,756.98,0,0,0,0,manual
2391,15,motorcycle,950.98,617.14,987.24,645.63,0,0,0,0,manual
2391,16,motorcycle,885.45,617.4,924.3,640.7,0,0,0,0,manual
2392,3,motorcycle,1052.66,531.62,1078.56,566.59,0,0,0,0,manual
2392,4,motorcycle,893.35,724.06,915.36,756.43,0,0,0,0,manual
2392,15,motorcycle,950.55,617.18,986.81,645.67,0,0,0,0,manual
2392,16,motorcycle,884.11,617.31,922.96,640.62,0,0,0,0,manual
2393,3,motorcycle,1054.16,530.94,1080.06,565.91,0,0,0,0,manual
2393,4,motorcycle,892.89,723.51,914.9,755.88,0,0,0,0,manual
2393,15,motorcycle,950.12,617.22,986.38,645.71,0,0,0,0,manual
2393,16,motorcycle,882.78,617.22,921.62,640.53,0,0,0,0,manual
2394,3,motorcycle,1055.66,530.27,1081.56,565.24,0,0,0,0,manual
2394,4,motorcycle,892.43,722.97,914.44,755.34,0,0,0,0,manual
2394,15,motorcycle,949.68,617.27,985.94,645.76,0,0,0,0,manual
2394,16,motorcycle,881.44,617.14,920.29,640.45,0,0,0,0,manual
2395,3,motorcycle,1057.16,529.6,1083.07,564.57,0,0,0,0,manual
2395,4,motorcycle,891.97,722.42,913.98,754.79,0,0,0,0,manual
2395,15,motorcycle,949.25,617.31,985.51,645.8,0,0,0,0,manual
2395,16,motorcycle,880.1,617.05,918.95,640.36,0,0,0,0,manual
2396,3,motorcycle,1058.67,528.92,1084.57,563.89,0,0,0,0,manual
2396,4,motorcycle,891.52,721.87,913.53,754.24,0,0,0,0,manual
2396,15,motorcycle,948.82,617.35,985.08,645.84,0,0,0,0,manual
2396,16,motorcycle,878.76,616.96,917.61,640.27,0,0,0,0,manual
2397,3,motorcycle,1060.17,528.25,1086.07,563.22,0,0,0,0,manual
2397,4,motorcycle,891.06,721.32,913.07,753.69,0,0,0,0,manual
2397,15,motorcycle,948.39,617.4,984.65,645.88,0,0,0,0,manual
2397,16,motorcycle,877.42,616.88,916.27,640.19,0,0,0,0,manual
2398,3,motorcycle,1061.67,527.57,1087.57,562.54,0,0,0,0,manual
2398,4,motorcycle,890.6,720.77,912.61,753.14,0,0,0,0,manual
2398,15,motorcycle,947.96,617.44,984.22,645.93,0,0,0,0,manual
2398,16,motorcycle,876.09,616.79,914.93,640.1,0,0,0,0,manual
2399,3,motorcycle,1063.17,526.9,1089.07,561.87,0,0,0,0,manual
2399,4,motorcycle,890.14,720.23,912.15,752.6,0,0,0,0,manual
2399,15,motorcycle,947.53,617.48,983.79,645.97,0,0,0,0,manual
2399,16,motorcycle,874.75,616.7,913.6,640.01,0,0,0,0,manual
2400,3,motorcycle,1064.68,526.23,1090.58,561.2,0,0,0,0,manual
2400,4,motorcycle,889.68,719.68,911.69,752.05,0,0,0,0,manual
2400,15,motorcycle,947.09,617.52,983.35,646.01,0,0,0,0,manual
2400,16,motorcycle,873.41,616.62,912.26,639.93,0,0,0,0,manual
2401,3,motorcycle,1066.18,525.55,1092.08,560.52,0,0,0,0,manual
2401,4,motorcycle,889.22,719.13,911.23,751.5,0,0,0,0,manual
2401,15,motorcycle,946.66,617.57,982.92,646.06,0,0,0,0,manual
2401,16,motorcycle,872.07,616.53,910.92,639.84,0,0,0,0,manual
2402,3,motorcycle,1067.68,524.88,1093.58,559.85,0,0,0,0,manual
2402,4,motorcycle,888.76,718.58,910.77,750.95,0,0,0,0,manual
2402,15,motorcycle,946.23,617.61,982.49,646.1,0,0,0,0,manual
2402,16,motorcycle,870.73,616.45,909.58,639.76,0,0,0,0,manual
2403,3,motorcycle,1069.18,524.21,1095.08,559.18,0,0,0,0,manual
2403,4,motorcycle,888.3,718.04,910.31,750.41,0,0,0,0,manual
2403,15,motorcycle,945.8,617.65,982.06,646.14,0,0,1,0,manual
2403,16,motorcycle,869.39,616.36,908.24,639.67,0,0,1,0,manual
2404,3,motorcycle,1070.68,523.53,1096.58,558.5,0,0,0,0,manual
2404,4,motorcycle,887.84,717.49,909.85,749.86,0,0,0,0,manual
2404,15,motorcycle,945.8,617.65,982.06,646.14,1,0,1,0,manual
2404,16,motorcycle,869.39,616.36,908.24,639.67,1,0,1,0,manual
2405,3,motorcycle,1072.19,522.86,1098.09,557.83,0,0,0,0,manual
2405,4,motorcycle,887.38,716.94,909.39,749.31,0,0,0,0,manual
2406,3,motorcycle,1073.69,522.19,1099.59,557.16,0,0,0,0,manual
2406,4,motorcycle,886.92,716.39,908.93,748.76,0,0,0,0,manual
2407,3,motorcycle,1075.19,521.51,1101.09,556.48,0,0,0,0,manual
2407,4,motorcycle,886.46,715.84,908.47,748.21,0,0,0,0,manual
2408,3,motorcycle,1076.69,520.84,1102.59,555.81,0,0,0,0,manual
2408,4,motorcycle,886.0,715.3,908.01,747.67,0,0,0,0,manual
2409,3,motorcycle,1078.2,520.17,1104.1,555.14,0,0,0,0,manual
2409,4,motorcycle,885.54,714.75,907.55,747.12,0,0,0,0,manual
2410,3,motorcycle,1079.7,519.49,1105.6,554.46,0,0,0,0,manual
2410,4,motorcycle,885.08,714.2,907.09,746.57,0,0,0,0,manual
2411,3,motorcycle,1081.2,518.82,1107.1,553.79,0,0,0,0,manual
2411,4,motorcycle,884.62,713.65,906.63,746.02,0,0,0,0,manual
2412,3,motorcycle,1082.7,518.15,1108.6,553.12,0,0,0,0,manual
2412,4,motorcycle,884.16,713.1,906.17,745.47,0,0,0,0,manual
2413,3,motorcycle,1084.2,517.47,1110.1,552.44,0,0,0,0,manual
2413,4,motorcycle,883.7,712.56,905.71,744.93,0,0,0,0,manual
2414,3,motorcycle,1085.71,516.8,1111.61,551.77,0,0,0,0,manual
2414,4,motorcycle,883.24,712.01,905.25,744.38,0,0,0,0,manual
2415,3,motorcycle,1087.21,516.13,1113.11,551.1,0,0,0,0,manual
2415,4,motorcycle,882.78,711.46,904.79,743.83,0,0,0,0,manual
2416,3,motorcycle,1088.71,515.45,1114.61,550.42,0,0,0,0,manual
2416,4,motorcycle,882.32,710.91,904.33,743.28,0,0,0,0,manual
2417,3,motorcycle,1090.21,514.78,1116.11,549.75,0,0,0,0,manual
2417,4,motorcycle,881.86,710.36,903.87,742.73,0,0,0,0,manual
2418,3,motorcycle,1091.72,514.11,1117.62,549.08,0,0,0,0,manual
2418,4,motorcycle,881.4,709.82,903.41,742.19,0,0,0,0,manual
2419,3,motorcycle,1093.22,513.43,1119.12,548.4,0,0,0,0,manual
2419,4,motorcycle,880.94,709.27,902.95,741.64,0,0,0,0,manual
2420,3,motorcycle,1094.72,512.76,1120.62,547.73,0,0,1,0,manual
2420,4,motorcycle,880.48,708.72,902.49,741.09,0,0,0,0,manual
2421,3,motorcycle,1096.6,512.6,1122.5,547.57,0,0,0,0,manual
2421,4,motorcycle,880.02,708.17,902.03,740.54,0,0,0,0,manual
2422,3,motorcycle,1098.48,512.44,1124.38,547.41,0,0,0,0,manual
2422,4,motorcycle,879.56,707.62,901.57,739.99,0,0,0,0,manual
2423,3,motorcycle,1100.35,512.27,1126.25,547.24,0,0,0,0,manual
2423,4,motorcycle,879.1,707.08,901.11,739.45,0,0,0,0,manual
2424,3,motorcycle,1102.23,512.11,1128.13,547.08,0,0,0,0,manual
2424,4,motorcycle,878.64,706.53,900.65,738.9,0,0,0,0,manual
2425,3,motorcycle,1104.11,511.95,1130.01,546.92,0,0,0,0,manual
2425,4,motorcycle,878.18,705.98,900.19,738.35,0,0,0,0,manual
2426,3,motorcycle,1105.99,511.79,1131.89,546.76,0,0,0,0,manual
2426,4,motorcycle,877.72,705.43,899.73,737.8,0,0,0,0,manual
2427,3,motorcycle,1107.86,511.63,1133.76,546.6,0,0,0,0,manual
2427,4,motorcycle,877.26,704.88,899.27,737.25,0,0,0,0,manual
2428,3,motorcycle,1109.74,511.47,1135.64,546.43,0,0,0,0,manual
2428,4,motorcycle,876.8,704.34,898.81,736.71,0,0,0,0,manual
2429,3,motorcycle,1111.62,511.3,1137.52,546.27,0,0,0,0,manual
2429,4,motorcycle,876.34,703.79,898.35,736.16,0,0,0,0,manual
2430,3,motorcycle,1113.5,511.14,1139.4,546.11,0,0,0,0,manual
2430,4,motorcycle,875.88,703.24,897.89,735.61,0,0,0,0,manual
2431,3,motorcycle,1115.38,510.98,1141.28,545.95,0,0,0,0,manual
2431,4,motorcycle,875.42,702.69,897.43,735.06,0,0,0,0,manual
2432,3,motorcycle,1117.25,510.82,1143.15,545.79,0,0,0,0,manual
2432,4,motorcycle,874.96,702.14,896.97,734.51,0,0,0,0,manual
2433,3,motorcycle,1119.13,510.66,1145.03,545.62,0,0,0,0,manual
2433,4,motorcycle,874.5,701.6,896.51,733.97,0,0,0,0,manual
2434,3,motorcycle,1121.01,510.5,1146.91,545.46,0,0,0,0,manual
2434,4,motorcycle,874.04,701.05,896.05,733.42,0,0,0,0,manual
2435,3,motorcycle,1122.89,510.33,1148.79,545.3,0,0,0,0,manual
2435,4,motorcycle,873.58,700.5,895.59,732.87,0,0,0,0,manual
2436,3,motorcycle,1124.76,510.17,1150.66,545.14,0,0,0,0,manual
2436,4,motorcycle,873.12,699.95,895.13,732.32,0,0,0,0,manual
2437,3,motorcycle,1126.64,510.01,1152.54,544.98,0,0,0,0,manual
2437,4,motorcycle,872.66,699.4,894.67,731.77,0,0,0,0,manual
2438,3,motorcycle,1128.52,509.85,1154.42,544.81,0,0,0,0,manual
2438,4,motorcycle,872.2,698.86,894.21,731.23,0,0,0,0,manual
2439,3,motorcycle,1130.4,509.69,1156.3,544.65,0,0,0,0,manual
2439,4,motorcycle,871.74,698.31,893.75,730.68,0,0,0,0,manual
2440,3,motorcycle,1132.28,509.52,1158.17,544.49,0,0,0,0,manual
2440,4,motorcycle,871.28,697.76,893.29,730.13,0,0,0,0,manual
2441,3,motorcycle,1134.15,509.36,1160.05,544.33,0,0,0,0,manual
2441,4,motorcycle,870.82,697.21,892.83,729.58,0,0,0,0,manual
2442,3,motorcycle,1136.03,509.2,1161.93,544.17,0,0,0,0,manual
2442,4,motorcycle,870.36,696.66,892.37,729.03,0,0,0,0,manual
2443,3,motorcycle,1137.91,509.04,1163.81,544.0,0,0,0,0,manual
2443,4,motorcycle,869.9,696.12,891.91,728.49,0,0,0,0,manual
2444,3,motorcycle,1139.79,508.88,1165.69,543.84,0,0,0,0,manual
2444,4,motorcycle,869.44,695.57,891.45,727.94,0,0,0,0,manual
2445,3,motorcycle,1141.66,508.72,1167.56,543.68,0,0,0,0,manual
2445,4,motorcycle,868.99,695.02,891.0,727.39,0,0,0,0,manual
2446,3,motorcycle,1143.54,508.55,1169.44,543.52,0,0,0,0,manual
2446,4,motorcycle,868.53,694.47,890.54,726.84,0,0,0,0,manual
2447,3,motorcycle,1145.42,508.39,1171.32,543.36,0,0,0,0,manual
2447,4,motorcycle,868.07,693.92,890.08,726.29,0,0,0,0,manual
2448,3,motorcycle,1147.3,508.23,1173.2,543.19,0,0,0,0,manual
2448,4,motorcycle,867.61,693.38,889.62,725.75,0,0,0,0,manual
2449,3,motorcycle,1149.17,508.07,1175.07,543.03,0,0,0,0,manual
2449,4,motorcycle,867.15,692.83,889.16,725.2,0,0,0,0,manual
2450,3,motorcycle,1151.05,507.91,1176.95,542.87,0,0,0,0,manual
2450,4,motorcycle,866.69,692.28,888.7,724.65,0,0,0,0,manual
2451,3,motorcycle,1152.93,507.75,1178.83,542.71,0,0,0,0,manual
2451,4,motorcycle,866.23,691.73,888.24,724.1,0,0,0,0,manual
2452,3,motorcycle,1154.81,507.58,1180.71,542.55,0,0,0,0,manual
2452,4,motorcycle,865.77,691.18,887.78,723.55,0,0,0,0,manual
2453,3,motorcycle,1156.69,507.42,1182.59,542.38,0,0,0,0,manual
2453,4,motorcycle,865.31,690.64,887.32,723.01,0,0,1,0,manual
2454,3,motorcycle,1158.56,507.26,1184.46,542.22,0,0,0,0,manual
2454,4,motorcycle,864.88,690.32,886.89,722.69,0,0,0,0,manual
2455,3,motorcycle,1160.44,507.1,1186.34,542.06,0,0,0,0,manual
2455,4,motorcycle,864.46,690.0,886.47,722.37,0,0,0,0,manual
2456,3,motorcycle,1162.32,506.94,1188.22,541.9,0,0,0,0,manual
2456,4,motorcycle,864.04,689.68,886.05,722.05,0,0,0,0,manual
2457,3,motorcycle,1164.2,506.78,1190.1,541.74,0,0,0,0,manual
2457,4,motorcycle,863.62,689.36,885.63,721.73,0,0,0,0,manual
2458,3,motorcycle,1166.07,506.61,1191.97,541.57,0,0,0,0,manual
2458,4,motorcycle,863.2,689.04,885.21,721.41,0,0,0,0,manual
2459,3,motorcycle,1167.95,506.45,1193.85,541.41,0,0,0,0,manual
2459,4,motorcycle,862.78,688.72,884.79,721.09,0,0,0,0,manual
2460,3,motorcycle,1169.83,506.29,1195.73,541.25,0,0,1,0,manual
2460,4,motorcycle,862.35,688.4,884.36,720.77,0,0,0,0,manual
2461,3,motorcycle,1171.99,506.36,1197.89,541.32,0,0,0,0,manual
2461,4,motorcycle,861.93,688.08,883.94,720.45,0,0,0,0,manual
2462,3,motorcycle,1174.16,506.44,1200.06,541.4,0,0,0,0,manual
2462,4,motorcycle,861.51,687.76,883.52,720.13,0,0,0,0,manual
2463,3,motorcycle,1176.32,506.51,1202.22,541.47,0,0,0,0,manual
2463,4,motorcycle,861.09,687.44,883.1,719.81,0,0,0,0,manual
2464,3,motorcycle,1178.49,506.59,1204.39,541.55,0,0,0,0,manual
2464,4,motorcycle,860.67,687.12,882.68,719.49,0,0,0,0,manual
2465,3,motorcycle,1180.65,506.66,1206.55,541.62,0,0,0,0,manual
2465,4,motorcycle,860.25,686.81,882.26,719.18,0,0,0,0,manual
2466,3,motorcycle,1182.82,506.73,1208.72,541.69,0,0,0,0,manual
2466,4,motorcycle,859.82,686.49,881.83,718.86,0,0,0,0,manual
2467,3,motorcycle,1184.98,506.81,1210.88,541.77,0,0,0,0,manual
2467,4,motorcycle,859.4,686.17,881.41,718.54,0,0,0,0,manual
2468,3,motorcycle,1187.15,506.88,1213.05,541.84,0,0,0,0,manual
2468,4,motorcycle,858.98,685.85,880.99,718.22,0,0,0,0,manual
2469,3,motorcycle,1189.31,506.96,1215.21,541.92,0,0,0,0,manual
2469,4,motorcycle,858.56,685.53,880.57,717.9,0,0,0,0,manual
2470,3,motorcycle,1191.47,507.03,1217.37,541.99,0,0,0,0,manual
2470,4,motorcycle,858.14,685.21,880.15,717.58,0,0,0,0,manual
2471,3,motorcycle,1193.64,507.1,1219.54,542.06,0,0,0,0,manual
2471,4,motorcycle,857.72,684.89,879.73,717.26,0,0,0,0,manual
2472,3,motorcycle,1195.8,507.18,1221.7,542.14,0,0,0,0,manual
2472,4,motorcycle,857.29,684.57,879.3,716.94,0,0,0,0,manual
2473,3,motorcycle,1197.97,507.25,1223.87,542.21,0,0,0,0,manual
2473,4,motorcycle,856.87,684.25,878.88,716.62,0,0,0,0,manual
2474,3,motorcycle,1200.13,507.33,1226.03,542.29,0,0,0,0,manual
2474,4,motorcycle,856.45,683.93,878.46,716.3,0,0,0,0,manual
2475,3,motorcycle,1202.3,507.4,1228.2,542.36,0,0,0,0,manual
2475,4,motorcycle,856.03,683.61,878.04,715.98,0,0,0,0,manual
2476,3,motorcycle,1204.46,507.47,1230.36,542.43,0,0,0,0,manual
2476,4,motorcycle,855.61,683.29,877.62,715.66,0,0,0,0,manual
2477,3,motorcycle,1206.63,507.55,1232.53,542.51,0,0,0,0,manual
2477,4,motorcycle,855.19,682.97,877.2,715.34,0,0,0,0,manual
2478,3,motorcycle,1208.79,507.62,1234.69,542.58,0,0,0,0,manual
2478,4,motorcycle,854.76,682.66,876.77,715.03,0,0,0,0,manual
2479,3,motorcycle,1210.95,507.7,1236.85,542.66,0,0,0,0,manual
2479,4,motorcycle,854.34,682.34,876.35,714.71,0,0,0,0,manual
2480,3,motorcycle,1213.12,507.77,1239.02,542.73,0,0,0,0,manual
2480,4,motorcycle,853.92,682.02,875.93,714.39,0,0,0,0,manual
2481,3,motorcycle,1215.28,507.84,1241.18,542.8,0,0,0,0,manual
2481,4,motorcycle,853.5,681.7,875.51,714.07,0,0,0,0,manual
2482,3,motorcycle,1217.45,507.92,1243.35,542.88,0,0,0,0,manual
2482,4,motorcycle,853.08,681.38,875.09,713.75,0,0,0,0,manual
2483,3,motorcycle,1219.61,507.99,1245.51,542.95,0,0,0,0,manual
2483,4,motorcycle,852.66,681.06,874.67,713.43,0,0,0,0,manual
2484,3,motorcycle,1221.78,508.07,1247.68,543.03,0,0,0,0,manual
2484,4,motorcycle,852.23,680.74,874.24,713.11,0,0,0,0,manual
2485,3,motorcycle,1223.94,508.14,1249.84,543.1,0,0,0,0,manual
2485,4,motorcycle,851.81,680.42,873.82,712.79,0,0,0,0,manual
2486,3,motorcycle,1226.11,508.21,1252.01,543.17,0,0,0,0,manual
2486,4,motorcycle,851.39,680.1,873.4,712.47,0,0,0,0,manual
2487,3,motorcycle,1228.27,508.29,1254.17,543.25,0,0,0,0,manual
2487,4,motorcycle,850.97,679.78,872.98,712.15,0,0,0,0,manual
2488,3,motorcycle,1230.43,508.36,1256.33,543.32,0,0,0,0,manual
2488,4,motorcycle,850.55,679.46,872.56,711.83,0,0,0,0,manual
2489,3,motorcycle,1232.6,508.44,1258.5,543.4,0,0,0,0,manual
2489,4,motorcycle,850.13,679.14,872.14,711.51,0,0,0,0,manual
2490,3,motorcycle,1234.76,508.51,1260.66,543.47,0,0,0,0,manual
2490,4,motorcycle,849.7,678.82,871.71,711.19,0,0,0,0,manual
2491,3,motorcycle,1236.93,508.58,1262.83,543.54,0,0,0,0,manual
2491,4,motorcycle,849.28,678.51,871.29,710.88,0,0,0,0,manual
2492,3,motorcycle,1239.09,508.66,1264.99,543.62,0,0,0,0,manual
2492,4,motorcycle,848.86,678.19,870.87,710.56,0,0,0,0,manual
2493,3,motorcycle,1241.26,508.73,1267.16,543.69,0,0,0,0,manual
2493,4,motorcycle,848.44,677.87,870.45,710.24,0,0,0,0,manual
2494,3,motorcycle,1243.42,508.81,1269.32,543.77,0,0,0,0,manual
2494,4,motorcycle,848.02,677.55,870.03,709.92,0,0,0,0,manual
2495,3,motorcycle,1245.59,508.88,1271.49,543.84,0,0,0,0,manual
2495,4,motorcycle,847.6,677.23,869.61,709.6,0,0,0,0,manual
2496,3,motorcycle,1247.75,508.95,1273.65,543.91,0,0,0,0,manual
2496,4,motorcycle,847.17,676.91,869.18,709.28,0,0,0,0,manual
2497,3,motorcycle,1249.91,509.03,1275.81,543.99,0,0,0,0,manual
2497,4,motorcycle,846.75,676.59,868.76,708.96,0,0,0,0,manual
2498,3,motorcycle,1252.08,509.1,1277.98,544.06,0,0,0,0,manual
2498,4,motorcycle,846.33,676.27,868.34,708.64,0,0,0,0,manual
2499,3,motorcycle,1254.24,509.18,1280.14,544.14,0,0,0,0,manual
2499,4,motorcycle,845.91,675.95,867.92,708.32,0,0,0,0,manual
2500,3,motorcycle,1256.41,509.25,1282.31,544.21,0,0,0,0,manual
2500,4,motorcycle,845.49,675.63,867.5,708.0,0,0,0,0,manual
2501,3,motorcycle,1258.57,509.32,1284.47,544.28,0,0,0,0,manual
2501,4,motorcycle,845.07,675.31,867.08,707.68,0,0,0,0,manual
2502,3,motorcycle,1260.74,509.4,1286.64,544.36,0,0,0,0,manual
2502,4,motorcycle,844.64,674.99,866.65,707.36,0,0,0,0,manual
2503,3,motorcycle,1262.9,509.47,1288.8,544.43,0,0,0,0,manual
2503,4,motorcycle,844.22,674.67,866.23,707.04,0,0,0,0,manual
2504,3,motorcycle,1265.06,509.55,1290.96,544.51,0,0,0,0,manual
2504,4,motorcycle,843.8,674.35,865.81,706.72,0,0,0,0,manual
2505,3,motorcycle,1267.23,509.62,1293.13,544.58,0,0,0,0,manual
2505,4,motorcycle,843.38,674.04,865.39,706.41,0,0,0,0,manual
2506,3,motorcycle,1269.39,509.69,1295.29,544.65,0,0,0,0,manual
2506,4,motorcycle,842.96,673.72,864.97,706.09,0,0,0,0,manual
2507,3,motorcycle,1271.56,509.77,1297.46,544.73,0,0,0,0,manual
2507,4,motorcycle,842.54,673.4,864.55,705.77,0,0,0,0,manual
2508,3,motorcycle,1273.72,509.84,1299.62,544.8,0,0,0,0,manual
2508,4,motorcycle,842.11,673.08,864.12,705.45,0,0,0,0,manual
2509,3,motorcycle,1275.89,509.92,1301.79,544.88,0,0,0,0,manual
2509,4,motorcycle,841.69,672.76,863.7,705.13,0,0,0,0,manual
2510,3,motorcycle,1278.05,509.99,1303.95,544.95,0,0,0,0,manual
2510,4,motorcycle,841.27,672.44,863.28,704.81,0,0,0,0,manual
2511,3,motorcycle,1280.22,510.06,1306.12,545.02,0,0,0,0,manual
2511,4,motorcycle,840.85,672.12,862.86,704.49,0,0,1,0,manual
2512,3,motorcycle,1282.38,510.14,1308.28,545.1,0,0,0,0,manual
2512,4,motorcycle,840.28,671.89,862.29,704.26,0,0,0,0,manual
2513,3,motorcycle,1284.54,510.21,1310.44,545.17,0,0,0,0,manual
2513,4,motorcycle,839.7,671.67,861.72,704.04,0,0,0,0,manual
2514,3,motorcycle,1286.71,510.29,1312.61,545.25,0,0,0,0,manual
2514,4,motorcycle,839.13,671.44,861.14,703.81,0,0,0,0,manual
2515,3,motorcycle,1288.87,510.36,1314.77,545.32,0,0,0,0,manual
2515,4,motorcycle,838.56,671.21,860.57,703.58,0,0,0,0,manual
2516,3,motorcycle,1291.04,510.43,1316.94,545.39,0,0,0,0,manual
2516,4,motorcycle,837.99,670.99,860.0,703.36,0,0,0,0,manual
2517,3,motorcycle,1293.2,510.51,1319.1,545.47,0,0,0,0,manual
2517,4,motorcycle,837.41,670.76,859.43,703.13,0,0,0,0,manual
2518,3,motorcycle,1295.37,510.58,1321.27,545.54,0,0,0,0,manual
2518,4,motorcycle,836.84,670.53,858.85,702.9,0,0,0,0,manual
2519,3,motorcycle,1297.53,510.66,1323.43,545.62,0,0,0,0,manual
2519,4,motorcycle,836.27,670.31,858.28,702.68,0,0,0,0,manual
2520,3,motorcycle,1299.7,510.73,1325.6,545.69,0,0,0,0,manual
2520,4,motorcycle,835.7,670.08,857.71,702.45,0,0,0,0,manual
2521,3,motorcycle,1301.86,510.8,1327.76,545.76,0,0,0,0,manual
2521,4,motorcycle,835.12,669.85,857.14,702.22,0,0,0,0,manual
2522,3,motorcycle,1304.02,510.88,1329.92,545.84,0,0,0,0,manual
2522,4,motorcycle,834.55,669.63,856.56,702.0,0,0,0,0,manual
2523,3,motorcycle,1306.19,510.95,1332.09,545.91,0,0,0,0,manual
2523,4,motorcycle,833.98,669.4,855.99,701.77,0,0,0,0,manual
2524,3,motorcycle,1308.35,511.03,1334.25,545.99,0,0,0,0,manual
2524,4,motorcycle,833.41,669.17,855.42,701.54,0,0,0,0,manual
2525,3,motorcycle,1310.52,511.1,1336.42,546.06,0,0,0,0,manual
2525,4,motorcycle,832.83,668.95,854.85,701.32,0,0,0,0,manual
2526,3,motorcycle,1312.68,511.17,1338.58,546.13,0,0,0,0,manual
2526,4,motorcycle,832.26,668.72,854.27,701.09,0,0,0,0,manual
2527,3,motorcycle,1314.85,511.25,1340.75,546.21,0,0,0,0,manual
2527,4,motorcycle,831.69,668.49,853.7,700.86,0,0,0,0,manual
2528,3,motorcycle,1317.01,511.32,1342.91,546.28,0,0,0,0,manual
2528,4,motorcycle,831.12,668.27,853.13,700.64,0,0,0,0,manual
2529,3,motorcycle,1319.18,511.4,1345.08,546.36,0,0,0,0,manual
2529,4,motorcycle,830.54,668.04,852.56,700.41,0,0,0,0,manual
2530,3,motorcycle,1321.34,511.47,1347.24,546.43,0,0,1,0,manual
2530,4,motorcycle,829.97,667.81,851.98,700.18,0,0,0,0,manual
2531,3,motorcycle,1323.71,511.56,1349.61,546.52,0,0,0,0,manual
2531,4,motorcycle,829.4,667.59,851.41,699.96,0,0,0,0,manual
2532,3,motorcycle,1326.09,511.64,1351.99,546.6,0,0,0,0,manual
2532,4,motorcycle,828.83,667.36,850.84,699.73,0,0,0,0,manual
2533,3,motorcycle,1328.46,511.73,1354.36,546.69,0,0,0,0,manual
2533,4,motorcycle,828.25,667.13,850.27,699.5,0,0,0,0,manual
2534,3,motorcycle,1330.84,511.82,1356.74,546.78,0,0,0,0,manual
2534,4,motorcycle,827.68,666.91,849.69,699.28,0,0,0,0,manual
2535,3,motorcycle,1333.21,511.9,1359.11,546.86,0,0,0,0,manual
2535,4,motorcycle,827.11,666.68,849.12,699.05,0,0,0,0,manual
2536,3,motorcycle,1335.58,511.99,1361.48,546.95,0,0,0,0,manual
2536,4,motorcycle,826.54,666.45,848.55,698.83,0,0,0,0,manual
2537,3,motorcycle,1337.96,512.07,1363.86,547.03,0,0,0,0,manual
2537,4,motorcycle,825.96,666.23,847.98,698.6,0,0,0,0,manual
2538,3,motorcycle,1340.33,512.16,1366.23,547.12,0,0,0,0,manual
2538,4,motorcycle,825.39,666.0,847.4,698.37,0,0,0,0,manual
2539,3,motorcycle,1342.71,512.25,1368.61,547.21,0,0,0,0,manual
2539,4,motorcycle,824.82,665.77,846.83,698.15,0,0,0,0,manual
2540,3,motorcycle,1345.08,512.33,1370.98,547.29,0,0,0,0,manual
2540,4,motorcycle,824.25,665.55,846.26,697.92,0,0,0,0,manual
2541,3,motorcycle,1347.45,512.42,1373.35,547.38,0,0,0,0,manual
2541,4,motorcycle,823.67,665.32,845.69,697.69,0,0,0,0,manual
2542,3,motorcycle,1349.83,512.51,1375.73,547.47,0,0,0,0,manual
2542,4,motorcycle,823.1,665.09,845.11,697.47,0,0,0,0,manual
2543,3,motorcycle,1352.2,512.59,1378.1,547.55,0,0,0,0,manual
2543,4,motorcycle,822.53,664.87,844.54,697.24,0,0,0,0,manual
2544,3,motorcycle,1354.58,512.68,1380.48,547.64,0,0,0,0,manual
2544,4,motorcycle,821.96,664.64,843.97,697.01,0,0,0,0,manual
2545,3,motorcycle,1356.95,512.76,1382.85,547.72,0,0,0,0,manual
2545,4,motorcycle,821.38,664.41,843.4,696.79,0,0,0,0,manual
2546,3,motorcycle,1359.32,512.85,1385.22,547.81,0,0,0,0,manual
2546,4,motorcycle,820.81,664.19,842.82,696.56,0,0,0,0,manual
2547,3,motorcycle,1361.7,512.94,1387.6,547.9,0,0,0,0,manual
2547,4,motorcycle,820.24,663.96,842.25,696.33,0,0,0,0,manual
2548,3,motorcycle,1364.07,513.02,1389.97,547.98,0,0,0,0,manual
2548,4,motorcycle,819.67,663.73,841.68,696.11,0,0,0,0,manual
2549,3,motorcycle,1366.45,513.11,1392.35,548.07,0,0,0,0,manual
2549,4,motorcycle,819.09,663.51,841.11,695.88,0,0,0,0,manual
2550,3,motorcycle,1368.82,513.2,1394.72,548.16,0,0,0,0,manual
2550,4,motorcycle,818.52,663.28,840.53,695.65,0,0,0,0,manual
2551,3,motorcycle,1371.19,513.28,1397.09,548.24,0,0,0,0,manual
2551,4,motorcycle,817.95,663.05,839.96,695.43,0,0,0,0,manual
2552,3,motorcycle,1373.57,513.37,1399.47,548.33,0,0,0,0,manual
2552,4,motorcycle,817.38,662.83,839.39,695.2,0,0,0,0,manual
2553,3,motorcycle,1375.94,513.46,1401.84,548.42,0,0,0,0,manual
2553,4,motorcycle,816.8,662.6,838.82,694.97,0,0,0,0,manual
2554,3,motorcycle,1378.32,513.54,1404.22,548.5,0,0,0,0,manual
2554,4,motorcycle,816.23,662.37,838.24,694.75,0,0,0,0,manual
2555,3,motorcycle,1380.69,513.63,1406.59,548.59,0,0,0,0,manual
2555,4,motorcycle,815.66,662.15,837.67,694.52,0,0,0,0,manual
2556,3,motorcycle,1383.06,513.71,1408.96,548.67,0,0,0,0,manual
2556,4,motorcycle,815.09,661.92,837.1,694.29,0,0,0,0,manual
2557,3,motorcycle,1385.44,513.8,1411.34,548.76,0,0,0,0,manual
2557,4,motorcycle,814.51,661.69,836.53,694.07,0,0,0,0,manual
2558,3,motorcycle,1387.81,513.89,1413.71,548.85,0,0,0,0,manual
2558,4,motorcycle,813.94,661.47,835.95,693.84,0,0,0,0,manual
2559,3,motorcycle,1390.19,513.97,1416.09,548.93,0,0,0,0,manual
2559,4,motorcycle,813.37,661.24,835.38,693.61,0,0,0,0,manual
2560,3,motorcycle,1392.56,514.06,1418.46,549.02,0,0,1,0,manual
2560,4,motorcycle,812.8,661.01,834.81,693.39,0,0,0,0,manual
2561,3,motorcycle,1395.02,514.0,1420.92,548.96,0,0,0,0,manual
2561,4,motorcycle,812.22,660.79,834.24,693.16,0,0,0,0,manual
2562,3,motorcycle,1397.48,513.93,1423.38,548.89,0,0,0,0,manual
2562,4,motorcycle,811.65,660.56,833.66,692.93,0,0,0,0,manual
2563,3,motorcycle,1399.94,513.87,1425.84,548.83,0,0,0,0,manual
2563,4,motorcycle,811.08,660.33,833.09,692.71,0,0,0,0,manual
2564,3,motorcycle,1402.4,513.8,1428.3,548.76,0,0,0,0,manual
2564,4,motorcycle,810.51,660.11,832.52,692.48,0,0,0,0,manual
2565,3,motorcycle,1404.86,513.74,1430.76,548.7,0,0,0,0,manual
2565,4,motorcycle,809.93,659.88,831.95,692.25,0,0,0,0,manual
2566,3,motorcycle,1407.32,513.67,1433.22,548.63,0,0,0,0,manual
2566,4,motorcycle,809.36,659.65,831.37,692.03,0,0,0,0,manual
2567,3,motorcycle,1409.78,513.61,1435.68,548.57,0,0,0,0,manual
2567,4,motorcycle,808.79,659.43,830.8,691.8,0,0,0,0,manual
2568,3,motorcycle,1412.24,513.54,1438.14,548.5,0,0,0,0,manual
2568,4,motorcycle,808.22,659.2,830.23,691.57,0,0,0,0,manual
2569,3,motorcycle,1414.7,513.48,1440.6,548.44,0,0,0,0,manual
2569,4,motorcycle,807.64,658.97,829.66,691.35,0,0,0,0,manual
2570,3,motorcycle,1417.16,513.41,1443.07,548.37,0,0,0,0,manual
2570,4,motorcycle,807.07,658.75,829.08,691.12,0,0,0,0,manual
2571,3,motorcycle,1419.63,513.35,1445.53,548.31,0,0,0,0,manual
2571,4,motorcycle,806.5,658.52,828.51,690.89,0,0,0,0,manual
2572,3,motorcycle,1422.09,513.28,1447.99,548.24,0,0,0,0,manual
2572,4,motorcycle,805.93,658.29,827.94,690.67,0,0,0,0,manual
2573,3,motorcycle,1424.55,513.22,1450.45,548.18,0,0,0,0,manual
2573,4,motorcycle,805.35,658.07,827.37,690.44,0,0,0,0,manual
2574,3,motorcycle,1427.01,513.15,1452.91,548.11,0,0,0,0,manual
2574,4,motorcycle,804.78,657.84,826.79,690.21,0,0,0,0,manual
2575,3,motorcycle,1429.47,513.09,1455.37,548.05,0,0,0,0,manual
2575,4,motorcycle,804.21,657.61,826.22,689.99,0,0,0,0,manual
2576,3,motorcycle,1431.93,513.02,1457.83,547.98,0,0,0,0,manual
2576,4,motorcycle,803.64,657.39,825.65,689.76,0,0,0,0,manual
2577,3,motorcycle,1434.39,512.96,1460.29,547.92,0,0,0,0,manual
2577,4,motorcycle,803.06,657.16,825.08,689.53,0,0,0,0,manual
2578,3,motorcycle,1436.85,512.89,1462.75,547.85,0,0,0,0,manual
2578,4,motorcycle,802.49,656.93,824.5,689.31,0,0,0,0,manual
2579,3,motorcycle,1439.31,512.83,1465.21,547.79,0,0,0,0,manual
2579,4,motorcycle,801.92,656.71,823.93,689.08,0,0,0,0,manual
2580,3,motorcycle,1441.77,512.76,1467.67,547.72,0,0,0,0,manual
2580,4,motorcycle,801.35,656.48,823.36,688.85,0,0,0,0,manual
2581,3,motorcycle,1444.23,512.7,1470.13,547.66,0,0,0,0,manual
2581,4,motorcycle,800.77,656.25,822.79,688.63,0,0,0,0,manual
2582,3,motorcycle,1446.69,512.64,1472.59,547.6,0,0,0,0,manual
2582,4,motorcycle,800.2,656.03,822.21,688.4,0,0,0,0,manual
2583,3,motorcycle,1449.15,512.57,1475.05,547.53,0,0,0,0,manual
2583,4,motorcycle,799.63,655.8,821.64,688.17,0,0,0,0,manual
2584,3,motorcycle,1451.61,512.51,1477.51,547.47,0,0,0,0,manual
2584,4,motorcycle,799.06,655.57,821.07,687.95,0,0,0,0,manual
2585,3,motorcycle,1454.07,512.44,1479.97,547.4,0,0,0,0,manual
2585,4,motorcycle,798.48,655.35,820.5,687.72,0,0,0,0,manual
2586,3,motorcycle,1456.53,512.38,1482.43,547.34,0,0,0,0,manual
2586,4,motorcycle,797.91,655.12,819.92,687.5,0,0,0,0,manual
2587,3,motorcycle,1458.99,512.31,1484.89,547.27,0,0,0,0,manual
2587,4,motorcycle,797.34,654.89,819.35,687.27,0,0,0,0,manual
2588,3,motorcycle,1461.45,512.25,1487.35,547.21,0,0,0,0,manual
2588,4,motorcycle,796.77,654.67,818.78,687.04,0,0,0,0,manual
2589,3,motorcycle,1463.91,512.18,1489.81,547.14,0,0,0,0,manual
2589,4,motorcycle,796.19,654.44,818.21,686.82,0,0,0,0,manual
2590,3,motorcycle,1466.38,512.12,1492.28,547.08,0,0,0,0,manual
2590,4,motorcycle,795.62,654.21,817.63,686.59,0,0,0,0,manual
2591,3,motorcycle,1468.84,512.05,1494.74,547.01,0,0,0,0,manual
2591,4,motorcycle,795.05,653.99,817.06,686.36,0,0,0,0,manual
2592,3,motorcycle,1471.3,511.99,1497.2,546.95,0,0,0,0,manual
2592,4,motorcycle,794.48,653.76,816.49,686.14,0,0,0,0,manual
2593,3,motorcycle,1473.76,511.92,1499.66,546.88,0,0,0,0,manual
2593,4,motorcycle,793.9,653.53,815.92,685.91,0,0,0,0,manual
2594,3,motorcycle,1476.22,511.86,1502.12,546.82,0,0,0,0,manual
2594,4,motorcycle,793.33,653.31,815.34,685.68,0,0,0,0,manual
2595,3,motorcycle,1478.68,511.79,1504.58,546.75,0,0,0,0,manual
2595,4,motorcycle,792.76,653.08,814.77,685.46,0,0,0,0,manual
2596,3,motorcycle,1481.14,511.73,1507.04,546.69,0,0,0,0,manual
2596,4,motorcycle,792.19,652.85,814.2,685.23,0,0,0,0,manual
2597,3,motorcycle,1483.6,511.66,1509.5,546.62,0,0,0,0,manual
2597,4,motorcycle,791.61,652.63,813.63,685.0,0,0,0,0,manual
2598,3,motorcycle,1486.06,511.6,1511.96,546.56,0,0,0,0,manual
2598,4,motorcycle,791.04,652.4,813.05,684.78,0,0,0,0,manual
2599,3,motorcycle,1488.52,511.53,1514.42,546.49,0,0,0,0,manual
2599,4,motorcycle,790.47,652.17,812.48,684.55,0,0,0,0,manual
2600,3,motorcycle,1490.98,511.47,1516.88,546.43,0,0,1,0,manual
2600,4,motorcycle,789.9,651.95,811.91,684.32,0,0,0,0,manual
2601,3,motorcycle,1493.44,511.47,1519.34,546.43,0,0,0,0,manual
2601,4,motorcycle,789.32,651.72,811.34,684.1,0,0,0,0,manual
2602,3,motorcycle,1495.9,511.47,1521.8,546.43,0,0,0,0,manual
2602,4,motorcycle,788.75,651.49,810.76,683.87,0,0,0,0,manual
2603,3,motorcycle,1498.36,511.47,1524.26,546.43,0,0,0,0,manual
2603,4,motorcycle,788.18,651.27,810.19,683.64,0,0,0,0,manual
2604,3,motorcycle,1500.82,511.47,1526.72,546.43,0,0,0,0,manual
2604,4,motorcycle,787.61,651.04,809.62,683.42,0,0,0,0,manual
2605,3,motorcycle,1503.28,511.47,1529.18,546.43,0,0,0,0,manual
2605,4,motorcycle,787.03,650.81,809.05,683.19,0,0,0,0,manual
2606,3,motorcycle,1505.74,511.47,1531.64,546.43,0,0,0,0,manual
2606,4,motorcycle,786.46,650.59,808.48,682.96,0,0,0,0,manual
2607,3,motorcycle,1508.2,511.47,1534.1,546.43,0,0,0,0,manual
2607,4,motorcycle,785.89,650.36,807.9,682.74,0,0,0,0,manual
2608,3,motorcycle,1510.66,511.47,1536.56,546.43,0,0,0,0,manual
2608,4,motorcycle,785.32,650.13,807.33,682.51,0,0,0,0,manual
2609,3,motorcycle,1513.12,511.47,1539.02,546.43,0,0,0,0,manual
2609,4,motorcycle,784.74,649.91,806.76,682.28,0,0,0,0,manual
2610,3,motorcycle,1515.58,511.47,1541.48,546.43,0,0,0,0,manual
2610,4,motorcycle,784.17,649.68,806.19,682.06,0,0,0,0,manual
2611,3,motorcycle,1518.04,511.47,1543.94,546.43,0,0,0,0,manual
2611,4,motorcycle,783.6,649.45,805.61,681.83,0,0,0,0,manual
2612,3,motorcycle,1520.5,511.47,1546.4,546.43,0,0,0,0,manual
2612,4,motorcycle,783.02,649.23,805.04,681.6,0,0,0,0,manual
2613,3,motorcycle,1522.96,511.47,1548.86,546.43,0,0,0,0,manual
2613,4,motorcycle,782.45,649.0,804.47,681.38,0,0,0,0,manual
2614,3,motorcycle,1525.42,511.47,1551.32,546.43,0,0,0,0,manual
2614,4,motorcycle,781.88,648.77,803.9,681.15,0,0,0,0,manual
2615,3,motorcycle,1527.88,511.47,1553.79,546.43,0,0,0,0,manual
2615,4,motorcycle,781.31,648.55,803.32,680.92,0,0,0,0,manual
2616,3,motorcycle,1530.35,511.47,1556.25,546.43,0,0,0,0,manual
2616,4,motorcycle,780.73,648.32,802.75,680.7,0,0,0,0,manual
2617,3,motorcycle,1532.81,511.47,1558.71,546.43,0,0,0,0,manual
2617,4,motorcycle,780.16,648.09,802.18,680.47,0,0,0,0,manual
2618,3,motorcycle,1535.27,511.47,1561.17,546.43,0,0,0,0,manual
2618,4,motorcycle,779.59,647.87,801.61,680.24,0,0,0,0,manual
2619,3,motorcycle,1537.73,511.47,1563.63,546.43,0,0,0,0,manual
2619,4,motorcycle,779.02,647.64,801.03,680.02,0,0,0,0,manual
2620,3,motorcycle,1540.19,511.47,1566.09,546.43,0,0,0,0,manual
2620,4,motorcycle,778.44,647.41,800.46,679.79,0,0,0,0,manual
2621,3,motorcycle,1542.65,511.47,1568.55,546.43,0,0,0,0,manual
2621,4,motorcycle,777.87,647.19,799.89,679.56,0,0,0,0,manual
2622,3,motorcycle,1545.11,511.47,1571.01,546.43,0,0,0,0,manual
2622,4,motorcycle,777.3,646.96,799.32,679.34,0,0,0,0,manual
2623,3,motorcycle,1547.57,511.47,1573.47,546.43,0,0,0,0,manual
2623,4,motorcycle,776.73,646.74,798.74,679.11,0,0,0,0,manual
2624,3,motorcycle,1550.03,511.47,1575.93,546.43,0,0,0,0,manual
2624,4,motorcycle,776.15,646.51,798.17,678.88,0,0,0,0,manual
2625,3,motorcycle,1552.49,511.47,1578.39,546.43,0,0,0,0,manual
2625,4,motorcycle,775.58,646.28,797.6,678.66,0,0,0,0,manual
2626,3,motorcycle,1554.95,511.47,1580.85,546.43,0,0,0,0,manual
2626,4,motorcycle,775.01,646.06,797.03,678.43,0,0,0,0,manual
2627,3,motorcycle,1557.41,511.47,1583.31,546.43,0,0,0,0,manual
2627,4,motorcycle,774.44,645.83,796.45,678.2,0,0,0,0,manual
2628,3,motorcycle,1559.87,511.47,1585.77,546.43,0,0,0,0,manual
2628,4,motorcycle,773.86,645.6,795.88,677.98,0,0,0,0,manual
2629,3,motorcycle,1562.33,511.47,1588.23,546.43,0,0,0,0,manual
2629,4,motorcycle,773.29,645.38,795.31,677.75,0,0,0,0,manual
2630,3,motorcycle,1564.79,511.47,1590.69,546.43,0,0,1,0,manual
2630,4,motorcycle,772.72,645.15,794.74,677.52,0,0,0,0,manual
2631,3,motorcycle,1567.34,511.56,1593.24,546.52,0,0,0,0,manual
2631,4,motorcycle,772.15,644.92,794.16,677.3,0,0,0,0,manual
2632,3,motorcycle,1569.88,511.64,1595.78,546.6,0,0,0,0,manual
2632,4,motorcycle,771.57,644.7,793.59,677.07,0,0,0,0,manual
2633,3,motorcycle,1572.43,511.73,1598.33,546.69,0,0,0,0,manual
2633,4,motorcycle,771.0,644.47,793.02,676.84,0,0,0,0,manual
2634,3,motorcycle,1574.98,511.82,1600.88,546.78,0,0,0,0,manual
2634,4,motorcycle,770.43,644.24,792.45,676.62,0,0,0,0,manual
2635,3,motorcycle,1577.52,511.9,1603.42,546.86,0,0,0,0,manual
2635,4,motorcycle,769.86,644.02,791.87,676.39,0,0,0,0,manual
2636,3,motorcycle,1580.07,511.99,1605.97,546.95,0,0,0,0,manual
2636,4,motorcycle,769.28,643.79,791.3,676.17,0,0,0,0,manual
2637,3,motorcycle,1582.62,512.07,1608.52,547.03,0,0,0,0,manual
2637,4,motorcycle,768.71,643.56,790.73,675.94,0,0,0,0,manual
2638,3,motorcycle,1585.16,512.16,1611.06,547.12,0,0,0,0,manual
2638,4,motorcycle,768.14,643.34,790.16,675.71,0,0,0,0,manual
2639,3,motorcycle,1587.71,512.25,1613.61,547.21,0,0,0,0,manual
2639,4,motorcycle,767.57,643.11,789.58,675.49,0,0,0,0,manual
2640,3,motorcycle,1590.26,512.33,1616.16,547.29,0,0,0,0,manual
2640,4,motorcycle,766.99,642.88,789.01,675.26,0,0,0,0,manual
2641,3,motorcycle,1592.8,512.42,1618.7,547.38,0,0,0,0,manual
2641,4,motorcycle,766.42,642.66,788.44,675.03,0,0,0,0,manual
2642,3,motorcycle,1595.35,512.51,1621.25,547.47,0,0,0,0,manual
2642,4,motorcycle,765.85,642.43,787.87,674.81,0,0,0,0,manual
2643,3,motorcycle,1597.9,512.59,1623.8,547.55,0,0,0,0,manual
2643,4,motorcycle,765.28,642.2,787.29,674.58,0,0,0,0,manual
2644,3,motorcycle,1600.44,512.68,1626.34,547.64,0,0,0,0,manual
2644,4,motorcycle,764.7,641.98,786.72,674.35,0,0,0,0,manual
2645,3,motorcycle,1602.99,512.76,1628.89,547.72,0,0,0,0,manual
2645,4,motorcycle,764.13,641.75,786.15,674.13,0,0,0,0,manual
2646,3,motorcycle,1605.54,512.85,1631.44,547.81,0,0,0,0,manual
2646,4,motorcycle,763.56,641.52,785.58,673.9,0,0,0,0,manual
2647,3,motorcycle,1608.08,512.94,1633.98,547.9,0,0,0,0,manual
2647,4,motorcycle,762.99,641.3,785.0,673.67,0,0,0,0,manual
2648,3,motorcycle,1610.63,513.02,1636.53,547.98,0,0,0,0,manual
2648,4,motorcycle,762.41,641.07,784.43,673.45,0,0,0,0,manual
2649,3,motorcycle,1613.18,513.11,1639.08,548.07,0,0,0,0,manual
2649,4,motorcycle,761.84,640.84,783.86,673.22,0,0,0,0,manual
2650,3,motorcycle,1615.72,513.2,1641.62,548.16,0,0,0,0,manual
2650,4,motorcycle,761.27,640.62,783.29,672.99,0,0,0,0,manual
2651,3,motorcycle,1618.27,513.28,1644.17,548.24,0,0,0,0,manual
2651,4,motorcycle,760.7,640.39,782.71,672.77,0,0,0,0,manual
2652,3,motorcycle,1620.82,513.37,1646.72,548.33,0,0,0,0,manual
2652,4,motorcycle,760.12,640.16,782.14,672.54,0,0,0,0,manual
2653,3,motorcycle,1623.36,513.46,1649.26,548.42,0,0,0,0,manual
2653,4,motorcycle,759.55,639.94,781.57,672.31,0,0,0,0,manual
2654,3,motorcycle,1625.91,513.54,1651.81,548.5,0,0,0,0,manual
2654,4,motorcycle,758.98,639.71,781.0,672.09,0,0,0,0,manual
2655,3,motorcycle,1628.46,513.63,1654.36,548.59,0,0,0,0,manual
2655,4,motorcycle,758.41,639.48,780.42,671.86,0,0,0,0,manual
2656,3,motorcycle,1631.0,513.71,1656.9,548.67,0,0,0,0,manual
2656,4,motorcycle,757.83,639.26,779.85,671.63,0,0,0,0,manual
2657,3,motorcycle,1633.55,513.8,1659.45,548.76,0,0,0,0,manual
2657,4,motorcycle,757.26,639.03,779.28,671.41,0,0,0,0,manual
2658,3,motorcycle,1636.1,513.89,1662.0,548.85,0,0,0,0,manual
2658,4,motorcycle,756.69,638.8,778.71,671.18,0,0,0,0,manual
2659,3,motorcycle,1638.64,513.97,1664.54,548.93,0,0,0,0,manual
2659,4,motorcycle,756.12,638.58,778.13,670.95,0,0,0,0,manual
2660,3,motorcycle,1641.19,514.06,1667.09,549.02,0,0,1,0,manual
2660,4,motorcycle,755.54,638.35,777.56,670.73,0,0,0,0,manual
2661,3,motorcycle,1643.56,514.41,1669.46,549.37,0,0,0,0,manual
2661,4,motorcycle,754.97,638.12,776.99,670.5,0,0,0,0,manual
2662,3,motorcycle,1645.94,514.75,1671.84,549.71,0,0,0,0,manual
2662,4,motorcycle,754.4,637.9,776.42,670.27,0,0,0,0,manual
2663,3,motorcycle,1648.31,515.1,1674.21,550.06,0,0,0,0,manual
2663,4,motorcycle,753.83,637.67,775.84,670.05,0,0,1,0,manual
2664,3,motorcycle,1650.69,515.44,1676.59,550.4,0,0,0,0,manual
2664,4,motorcycle,753.59,637.31,775.61,669.69,0,0,0,0,manual
2665,3,motorcycle,1653.06,515.79,1678.96,550.75,0,0,0,0,manual
2665,4,motorcycle,753.36,636.96,775.38,669.34,0,0,0,0,manual
2666,3,motorcycle,1655.43,516.13,1681.33,551.09,0,0,0,0,manual
2666,4,motorcycle,753.13,636.61,775.15,668.98,0,0,0,0,manual
2667,3,motorcycle,1657.81,516.48,1683.71,551.44,0,0,0,0,manual
2667,4,motorcycle,752.9,636.25,774.92,668.63,0,0,0,0,manual
2668,3,motorcycle,1660.18,516.82,1686.08,551.78,0,0,0,0,manual
2668,4,motorcycle,752.67,635.9,774.69,668.27,0,0,0,0,manual
2669,3,motorcycle,1662.56,517.17,1688.46,552.13,0,0,0,0,manual
2669,4,motorcycle,752.44,635.54,774.45,667.92,0,0,0,0,manual
2670,3,motorcycle,1664.93,517.51,1690.83,552.47,0,0,0,0,manual
2670,4,motorcycle,752.2,635.19,774.22,667.57,0,0,0,0,manual
2671,3,motorcycle,1667.3,517.86,1693.2,552.82,0,0,0,0,manual
2671,4,motorcycle,751.97,634.83,773.99,667.21,0,0,0,0,manual
2672,3,motorcycle,1669.68,518.2,1695.58,553.16,0,0,0,0,manual
2672,4,motorcycle,751.74,634.48,773.76,666.86,0,0,0,0,manual
2673,3,motorcycle,1672.05,518.55,1697.95,553.51,0,0,0,0,manual
2673,4,motorcycle,751.51,634.12,773.53,666.5,0,0,0,0,manual
2674,3,motorcycle,1674.43,518.89,1700.33,553.85,0,0,0,0,manual
2674,4,motorcycle,751.28,633.77,773.3,666.15,0,0,0,0,manual
2675,3,motorcycle,1676.8,519.24,1702.7,554.2,0,0,0,0,manual
2675,4,motorcycle,751.05,633.42,773.06,665.79,0,0,0,0,manual
2676,3,motorcycle,1679.17,519.59,1705.07,554.55,0,0,0,0,manual
2676,4,motorcycle,750.81,633.06,772.83,665.44,0,0,0,0,manual
2677,3,motorcycle,1681.55,519.93,1707.45,554.89,0,0,0,0,manual
2677,4,motorcycle,750.58,632.71,772.6,665.09,0,0,0,0,manual
2678,3,motorcycle,1683.92,520.28,1709.82,555.24,0,0,0,0,manual
2678,4,motorcycle,750.35,632.35,772.37,664.73,0,0,0,0,manual
2679,3,motorcycle,1686.3,520.62,1712.2,555.58,0,0,0,0,manual
2679,4,motorcycle,750.12,632.0,772.14,664.38,0,0,0,0,manual
2680,3,motorcycle,1688.67,520.97,1714.57,555.93,0,0,0,0,manual
2680,4,motorcycle,749.89,631.64,771.91,664.02,0,0,0,0,manual
2681,3,motorcycle,1691.04,521.31,1716.94,556.27,0,0,0,0,manual
2681,4,motorcycle,749.65,631.29,771.67,663.67,0,0,0,0,manual
2682,3,motorcycle,1693.42,521.66,1719.32,556.62,0,0,0,0,manual
2682,4,motorcycle,749.42,630.93,771.44,663.31,0,0,0,0,manual
2683,3,motorcycle,1695.79,522.0,1721.69,556.96,0,0,0,0,manual
2683,4,motorcycle,749.19,630.58,771.21,662.96,0,0,0,0,manual
2684,3,motorcycle,1698.17,522.35,1724.07,557.31,0,0,0,0,manual
2684,4,motorcycle,748.96,630.23,770.98,662.6,0,0,0,0,manual
2685,3,motorcycle,1700.54,522.69,1726.44,557.65,0,0,0,0,manual
2685,4,motorcycle,748.73,629.87,770.75,662.25,0,0,0,0,manual
2686,3,motorcycle,1702.91,523.04,1728.81,558.0,0,0,0,0,manual
2686,4,motorcycle,748.5,629.52,770.52,661.9,0,0,0,0,manual
2687,3,motorcycle,1705.29,523.38,1731.19,558.34,0,0,0,0,manual
2687,4,motorcycle,748.26,629.16,770.28,661.54,0,0,0,0,manual
2688,3,motorcycle,1707.66,523.73,1733.56,558.69,0,0,0,0,manual
2688,4,motorcycle,748.03,628.81,770.05,661.19,0,0,0,0,manual
2689,3,motorcycle,1710.04,524.07,1735.94,559.03,0,0,0,0,manual
2689,4,motorcycle,747.8,628.45,769.82,660.83,0,0,0,0,manual
2690,3,motorcycle,1712.41,524.42,1738.31,559.38,0,0,1,0,manual
2690,4,motorcycle,747.57,628.1,769.59,660.48,0,0,0,0,manual
2691,3,motorcycle,1714.65,524.33,1740.55,559.29,0,0,0,0,manual
2691,4,motorcycle,747.34,627.74,769.36,660.12,0,0,0,0,manual
2692,3,motorcycle,1716.9,524.25,1742.8,559.21,0,0,0,0,manual
2692,4,motorcycle,747.11,627.39,769.13,659.77,0,0,0,0,manual
2693,3,motorcycle,1719.14,524.16,1745.04,559.12,0,0,0,0,manual
2693,4,motorcycle,746.87,627.04,768.89,659.42,0,0,0,0,manual
2694,3,motorcycle,1721.39,524.07,1747.29,559.03,0,0,0,0,manual
2694,4,motorcycle,746.64,626.68,768.66,659.06,0,0,0,0,manual
2695,3,motorcycle,1723.63,523.99,1749.53,558.95,0,0,0,0,manual
2695,4,motorcycle,746.41,626.33,768.43,658.71,0,0,0,0,manual
2696,3,motorcycle,1725.88,523.9,1751.78,558.86,0,0,0,0,manual
2696,4,motorcycle,746.18,625.97,768.2,658.35,0,0,0,0,manual
2697,3,motorcycle,1728.12,523.82,1754.02,558.78,0,0,0,0,manual
2697,4,motorcycle,745.95,625.62,767.97,658.0,0,0,0,0,manual
2698,3,motorcycle,1730.37,523.73,1756.27,558.69,0,0,0,0,manual
2698,4,motorcycle,745.72,625.26,767.74,657.64,0,0,0,0,manual
2699,3,motorcycle,1732.61,523.64,1758.51,558.6,0,0,0,0,manual
2699,4,motorcycle,745.48,624.91,767.5,657.29,0,0,0,0,manual
2700,3,motorcycle,1734.86,523.56,1760.76,558.52,0,0,0,0,manual
2700,4,motorcycle,745.25,624.55,767.27,656.93,0,0,0,0,manual
2701,3,motorcycle,1737.1,523.47,1763.0,558.43,0,0,0,0,manual
2701,4,motorcycle,745.02,624.2,767.04,656.58,0,0,1,0,manual
2702,3,motorcycle,1739.35,523.38,1765.25,558.34,0,0,0,0,manual
2702,4,motorcycle,744.8,623.61,766.82,655.99,0,0,0,0,manual
2703,3,motorcycle,1741.59,523.3,1767.49,558.26,0,0,0,0,manual
2703,4,motorcycle,744.58,623.02,766.6,655.4,0,0,0,0,manual
2704,3,motorcycle,1743.84,523.21,1769.74,558.17,0,0,0,0,manual
2704,4,motorcycle,744.35,622.42,766.37,654.8,0,0,0,0,manual
2705,3,motorcycle,1746.08,523.12,1771.98,558.09,0,0,0,0,manual
2705,4,motorcycle,744.13,621.83,766.15,654.21,0,0,0,0,manual
2706,3,motorcycle,1748.32,523.04,1774.22,558.0,0,0,0,0,manual
2706,4,motorcycle,743.91,621.24,765.93,653.62,0,0,0,0,manual
2707,3,motorcycle,1750.57,522.95,1776.47,557.91,0,0,0,0,manual
2707,4,motorcycle,743.69,620.65,765.71,653.03,0,0,0,0,manual
2708,3,motorcycle,1752.81,522.87,1778.71,557.83,0,0,0,0,manual
2708,4,motorcycle,743.47,620.06,765.49,652.44,0,0,0,0,manual
2709,3,motorcycle,1755.06,522.78,1780.96,557.74,0,0,0,0,manual
2709,4,motorcycle,743.24,619.46,765.26,651.84,0,0,0,0,manual
2710,3,motorcycle,1757.3,522.69,1783.2,557.65,0,0,0,0,manual
2710,4,motorcycle,743.02,618.87,765.04,651.25,0,0,0,0,manual
2711,3,motorcycle,1759.55,522.61,1785.45,557.57,0,0,0,0,manual
2711,4,motorcycle,742.8,618.28,764.82,650.66,0,0,0,0,manual
2712,3,motorcycle,1761.79,522.52,1787.69,557.48,0,0,0,0,manual
2712,4,motorcycle,742.58,617.69,764.6,650.07,0,0,0,0,manual
2713,3,motorcycle,1764.04,522.43,1789.94,557.39,0,0,0,0,manual
2713,4,motorcycle,742.36,617.1,764.38,649.48,0,0,0,0,manual
2714,3,motorcycle,1766.28,522.35,1792.18,557.31,0,0,0,0,manual
2714,4,motorcycle,742.13,616.5,764.15,648.88,0,0,0,0,manual
2715,3,motorcycle,1768.53,522.26,1794.43,557.22,0,0,0,0,manual
2715,4,motorcycle,741.91,615.91,763.93,648.29,0,0,0,0,manual
2716,3,motorcycle,1770.77,522.18,1796.67,557.14,0,0,0,0,manual
2716,4,motorcycle,741.69,615.32,763.71,647.7,0,0,0,0,manual
2717,3,motorcycle,1773.02,522.09,1798.92,557.05,0,0,0,0,manual
2717,4,motorcycle,741.47,614.73,763.49,647.11,0,0,0,0,manual
2718,3,motorcycle,1775.26,522.0,1801.16,556.96,0,0,0,0,manual
2718,4,motorcycle,741.25,614.14,763.27,646.52,0,0,0,0,manual
2719,3,motorcycle,1777.51,521.92,1803.41,556.88,0,0,0,0,manual
2719,4,motorcycle,741.02,613.54,763.04,645.92,0,0,0,0,manual
2720,3,motorcycle,1779.75,521.83,1805.65,556.79,0,0,1,0,manual
2720,4,motorcycle,740.8,612.95,762.82,645.33,0,0,0,0,manual
2721,3,motorcycle,1781.99,521.92,1807.89,556.88,0,0,0,0,manual
2721,4,motorcycle,740.58,612.36,762.6,644.74,0,0,0,0,manual
2722,3,motorcycle,1784.24,522.0,1810.14,556.96,0,0,0,0,manual
2722,4,motorcycle,740.36,611.77,762.38,644.15,0,0,0,0,manual
2723,3,motorcycle,1786.48,522.09,1812.38,557.05,0,0,0,0,manual
2723,4,motorcycle,740.14,611.18,762.16,643.56,0,0,0,0,manual
2724,3,motorcycle,1788.73,522.18,1814.63,557.14,0,0,0,0,manual
2724,4,motorcycle,739.92,610.58,761.93,642.96,0,0,0,0,manual
2725,3,motorcycle,1790.97,522.26,1816.87,557.22,0,0,0,0,manual
2725,4,motorcycle,739.69,609.99,761.71,642.37,0,0,0,0,manual
2726,3,motorcycle,1793.22,522.35,1819.12,557.31,0,0,0,0,manual
2726,4,motorcycle,739.47,609.4,761.49,641.78,0,0,0,0,manual
2727,3,motorcycle,1795.46,522.43,1821.36,557.39,0,0,0,0,manual
2727,4,motorcycle,739.25,608.81,761.27,641.19,0,0,0,0,manual
2728,3,motorcycle,1797.71,522.52,1823.61,557.48,0,0,0,0,manual
2728,4,motorcycle,739.03,608.22,761.04,640.6,0,0,0,0,manual
2729,3,motorcycle,1799.95,522.61,1825.85,557.57,0,0,0,0,manual
2729,4,motorcycle,738.81,607.62,760.82,640.0,0,0,0,0,manual
2730,3,motorcycle,1802.2,522.69,1828.1,557.65,0,0,0,0,manual
2730,4,motorcycle,738.58,607.03,760.6,639.41,0,0,0,0,manual
2731,3,motorcycle,1804.44,522.78,1830.34,557.74,0,0,0,0,manual
2731,4,motorcycle,738.36,606.44,760.38,638.82,0,0,0,0,manual
2732,3,motorcycle,1806.69,522.87,1832.59,557.83,0,0,0,0,manual
2732,4,motorcycle,738.14,605.85,760.16,638.23,0,0,0,0,manual
2733,3,motorcycle,1808.93,522.95,1834.83,557.91,0,0,0,0,manual
2733,4,motorcycle,737.92,605.26,759.93,637.64,0,0,0,0,manual
2734,3,motorcycle,1811.18,523.04,1837.08,558.0,0,0,0,0,manual
2734,4,motorcycle,737.7,604.66,759.71,637.04,0,0,0,0,manual
2735,3,motorcycle,1813.42,523.12,1839.32,558.09,0,0,0,0,manual
2735,4,motorcycle,737.47,604.07,759.49,636.45,0,0,0,0,manual
2736,3,motorcycle,1815.66,523.21,1841.56,558.17,0,0,0,0,manual
2736,4,motorcycle,737.25,603.48,759.27,635.86,0,0,0,0,manual
2737,3,motorcycle,1817.91,523.3,1843.81,558.26,0,0,0,0,manual
2737,4,motorcycle,737.03,602.89,759.05,635.27,0,0,0,0,manual
2738,3,motorcycle,1820.15,523.38,1846.05,558.34,0,0,0,0,manual
2738,4,motorcycle,736.81,602.3,758.82,634.68,0,0,0,0,manual
2739,3,motorcycle,1822.4,523.47,1848.3,558.43,0,0,0,0,manual
2739,4,motorcycle,736.59,601.7,758.6,634.08,0,0,0,0,manual
2740,3,motorcycle,1824.64,523.56,1850.54,558.52,0,0,0,0,manual
2740,4,motorcycle,736.36,601.11,758.38,633.49,0,0,0,0,manual
2741,3,motorcycle,1826.89,523.64,1852.79,558.6,0,0,0,0,manual
2741,4,motorcycle,736.14,600.52,758.16,632.9,0,0,0,0,manual
2742,3,motorcycle,1829.13,523.73,1855.03,558.69,0,0,0,0,manual
2742,4,motorcycle,735.92,599.93,757.94,632.31,0,0,0,0,manual
2743,3,motorcycle,1831.38,523.82,1857.28,558.78,0,0,0,0,manual
2743,4,motorcycle,735.7,599.34,757.71,631.72,0,0,1,0,manual
2744,3,motorcycle,1833.62,523.9,1859.52,558.86,0,0,0,0,manual
2744,4,motorcycle,735.63,598.44,757.64,630.82,0,0,0,0,manual
2745,3,motorcycle,1835.87,523.99,1861.77,558.95,0,0,0,0,manual
2745,4,motorcycle,735.55,597.55,757.57,629.93,0,0,0,0,manual
2746,3,motorcycle,1838.11,524.07,1864.01,559.03,0,0,0,0,manual
2746,4,motorcycle,735.48,596.66,757.5,629.04,0,0,0,0,manual
2747,3,motorcycle,1840.36,524.16,1866.26,559.12,0,0,0,0,manual
2747,4,motorcycle,735.41,595.77,757.42,628.15,0,0,0,0,manual
2748,3,motorcycle,1842.6,524.25,1868.5,559.21,0,0,0,0,manual
2748,4,motorcycle,735.34,594.88,757.35,627.26,0,0,0,0,manual
2749,3,motorcycle,1844.85,524.33,1870.75,559.29,0,0,0,0,manual
2749,4,motorcycle,735.26,593.99,757.28,626.37,0,0,0,0,manual
2750,3,motorcycle,1847.09,524.42,1872.99,559.38,0,0,1,0,manual
2750,4,motorcycle,735.19,593.1,757.21,625.48,0,0,0,0,manual
2751,3,motorcycle,1847.09,524.42,1872.99,559.38,1,0,1,0,manual
2751,4,motorcycle,735.12,592.21,757.14,624.59,0,0,0,0,manual
2752,4,motorcycle,735.05,591.31,757.06,623.69,0,0,0,0,manual
2753,4,motorcycle,734.97,590.42,756.99,622.8,0,0,0,0,manual
2754,4,motorcycle,734.9,589.53,756.92,621.91,0,0,0,0,manual
2755,4,motorcycle,734.83,588.64,756.85,621.02,0,0,0,0,manual
2756,4,motorcycle,734.76,587.75,756.77,620.13,0,0,0,0,manual
2757,4,motorcycle,734.69,586.86,756.7,619.24,0,0,0,0,manual
2758,4,motorcycle,734.61,585.97,756.63,618.35,0,0,0,0,manual
2759,4,motorcycle,734.54,585.08,756.56,617.46,0,0,0,0,manual
2760,4,motorcycle,734.47,584.18,756.48,616.56,0,0,0,0,manual
2761,4,motorcycle,734.4,583.29,756.41,615.67,0,0,0,0,manual
2762,4,motorcycle,734.32,582.4,756.34,614.78,0,0,0,0,manual
2763,4,motorcycle,734.25,581.51,756.27,613.89,0,0,0,0,manual
2764,4,motorcycle,734.18,580.62,756.19,613.0,0,0,0,0,manual
2765,4,motorcycle,734.11,579.73,756.12,612.11,0,0,0,0,manual
2766,4,motorcycle,734.03,578.84,756.05,611.22,0,0,0,0,manual
2767,4,motorcycle,733.96,577.95,755.98,610.33,0,0,0,0,manual
2768,4,motorcycle,733.89,577.05,755.9,609.43,0,0,0,0,manual
2769,4,motorcycle,733.82,576.16,755.83,608.54,0,0,0,0,manual
2770,4,motorcycle,733.75,575.27,755.76,607.65,0,0,0,0,manual
2771,4,motorcycle,733.67,574.38,755.69,606.76,0,0,0,0,manual
2772,4,motorcycle,733.6,573.49,755.61,605.87,0,0,0,0,manual
2773,4,motorcycle,733.53,572.6,755.54,604.98,0,0,0,0,manual
2774,4,motorcycle,733.46,571.71,755.47,604.09,0,0,0,0,manual
2775,4,motorcycle,733.38,570.82,755.4,603.2,0,0,0,0,manual
2776,4,motorcycle,733.31,569.92,755.32,602.3,0,0,0,0,manual
2777,4,motorcycle,733.24,569.03,755.25,601.41,0,0,0,0,manual
2778,4,motorcycle,733.17,568.14,755.18,600.52,0,0,0,0,manual
2779,4,motorcycle,733.09,567.25,755.11,599.63,0,0,0,0,manual
2780,4,motorcycle,733.02,566.36,755.03,598.74,0,0,0,0,manual
2781,4,motorcycle,732.95,565.47,754.96,597.85,0,0,0,0,manual
2782,4,motorcycle,732.88,564.58,754.89,596.96,0,0,0,0,manual
2783,4,motorcycle,732.81,563.69,754.82,596.07,0,0,0,0,manual
2784,4,motorcycle,732.73,562.79,754.75,595.17,0,0,0,0,manual
2785,4,motorcycle,732.66,561.9,754.67,594.28,0,0,0,0,manual
2786,4,motorcycle,732.59,561.01,754.6,593.39,0,0,0,0,manual
2787,4,motorcycle,732.52,560.12,754.53,592.5,0,0,0,0,manual
2788,4,motorcycle,732.44,559.23,754.46,591.61,0,0,0,0,manual
2789,4,motorcycle,732.37,558.34,754.38,590.72,0,0,0,0,manual
2790,4,motorcycle,732.3,557.45,754.31,589.83,0,0,0,0,manual
2791,4,motorcycle,732.23,556.56,754.24,588.94,0,0,0,0,manual
2792,4,motorcycle,732.15,555.66,754.17,588.04,0,0,0,0,manual
2793,4,motorcycle,732.08,554.77,754.09,587.15,0,0,0,0,manual
2794,4,motorcycle,732.01,553.88,754.02,586.26,0,0,0,0,manual
2795,4,motorcycle,731.94,552.99,753.95,585.37,0,0,0,0,manual
2796,4,motorcycle,731.86,552.1,753.88,584.48,0,0,0,0,manual
2797,4,motorcycle,731.79,551.21,753.8,583.59,0,0,0,0,manual
2798,4,motorcycle,731.72,550.32,753.73,582.7,0,0,0,0,manual
2799,4,motorcycle,731.65,549.43,753.66,581.81,0,0,0,0,manual
2800,4,motorcycle,731.58,548.53,753.59,580.91,0,0,0,0,manual
2801,4,motorcycle,731.5,547.64,753.51,580.02,0,0,0,0,manual
2802,4,motorcycle,731.43,546.75,753.44,579.13,0,0,0,0,manual
2803,4,motorcycle,731.36,545.86,753.37,578.24,0,0,0,0,manual
2804,4,motorcycle,731.29,544.97,753.3,577.35,0,0,0,0,manual
2805,4,motorcycle,731.21,544.08,753.22,576.46,0,0,0,0,manual
2806,4,motorcycle,731.14,543.19,753.15,575.57,0,0,0,0,manual
2807,4,motorcycle,731.07,542.3,753.08,574.68,0,0,0,0,manual
2808,4,motorcycle,731.0,541.4,753.01,573.78,0,0,0,0,manual
2809,4,motorcycle,730.92,540.51,752.93,572.89,0,0,0,0,manual
2810,4,motorcycle,730.85,539.62,752.86,572.0,0,0,0,0,manual
2811,4,motorcycle,730.78,538.73,752.79,571.11,0,0,1,0,manual
2812,4,motorcycle,731.17,537.45,753.18,569.83,0,0,0,0,manual
2813,4,motorcycle,731.56,536.16,753.57,568.54,0,0,0,0,manual
2814,4,motorcycle,731.95,534.88,753.96,567.26,0,0,0,0,manual
2815,4,motorcycle,732.33,533.6,754.34,565.98,0,0,0,0,manual
2816,4,motorcycle,732.72,532.32,754.73,564.7,0,0,0,0,manual
2817,4,motorcycle,733.11,531.03,755.12,563.41,0,0,0,0,manual
2818,4,motorcycle,733.5,529.75,755.51,562.13,0,0,0,0,manual
2819,4,motorcycle,733.89,528.47,755.9,560.85,0,0,0,0,manual
2820,4,motorcycle,734.28,527.19,756.29,559.57,0,0,0,0,manual
2821,4,motorcycle,734.67,525.9,756.68,558.28,0,0,0,0,manual
2822,4,motorcycle,735.05,524.62,757.06,557.0,0,0,0,0,manual
2823,4,motorcycle,735.44,523.34,757.45,555.72,0,0,0,0,manual
2824,4,motorcycle,735.83,522.06,757.84,554.44,0,0,0,0,manual
2825,4,motorcycle,736.22,520.77,758.23,553.15,0,0,0,0,manual
2826,4,motorcycle,736.61,519.49,758.62,551.87,0,0,0,0,manual
2827,4,motorcycle,737.0,518.21,759.01,550.59,0,0,0,0,manual
2828,4,motorcycle,737.38,516.93,759.39,549.3,0,0,0,0,manual
2829,4,motorcycle,737.77,515.64,759.78,548.02,0,0,0,0,manual
2830,4,motorcycle,738.16,514.36,760.17,546.74,0,0,0,0,manual
2831,4,motorcycle,738.55,513.08,760.56,545.46,0,0,0,0,manual
2832,4,motorcycle,738.94,511.8,760.95,544.17,0,0,0,0,manual
2833,4,motorcycle,739.33,510.51,761.34,542.89,0,0,0,0,manual
2834,4,motorcycle,739.72,509.23,761.73,541.61,0,0,0,0,manual
2835,4,motorcycle,740.1,507.95,762.11,540.33,0,0,0,0,manual
2836,4,motorcycle,740.49,506.67,762.5,539.04,0,0,0,0,manual
2837,4,motorcycle,740.88,505.38,762.89,537.76,0,0,0,0,manual
2838,4,motorcycle,741.27,504.1,763.28,536.48,0,0,0,0,manual
2839,4,motorcycle,741.66,502.82,763.67,535.19,0,0,0,0,manual
2840,4,motorcycle,742.05,501.54,764.06,533.91,0,0,0,0,manual
2841,4,motorcycle,742.44,500.25,764.45,532.63,0,0,0,0,manual
2842,4,motorcycle,742.82,498.97,764.83,531.35,0,0,0,0,manual
2843,4,motorcycle,743.21,497.69,765.22,530.06,0,0,0,0,manual
2844,4,motorcycle,743.6,496.41,765.61,528.78,0,0,0,0,manual
2845,4,motorcycle,743.99,495.12,766.0,527.5,0,0,0,0,manual
2846,4,motorcycle,744.38,493.84,766.39,526.22,0,0,0,0,manual
2847,4,motorcycle,744.77,492.56,766.78,524.93,0,0,0,0,manual
2848,4,motorcycle,745.16,491.28,767.17,523.65,0,0,0,0,manual
2849,4,motorcycle,745.54,489.99,767.55,522.37,0,0,0,0,manual
2850,4,motorcycle,745.93,488.71,767.94,521.09,0,0,0,0,manual
2851,4,motorcycle,746.32,487.43,768.33,519.8,0,0,0,0,manual
2852,4,motorcycle,746.71,486.15,768.72,518.52,0,0,0,0,manual
2853,4,motorcycle,747.1,484.86,769.11,517.24,0,0,1,0,manual
2854,4,motorcycle,747.72,483.27,769.73,515.65,0,0,0,0,manual
2855,4,motorcycle,748.34,481.68,770.35,514.06,0,0,0,0,manual
2856,4,motorcycle,748.96,480.09,770.97,512.46,0,0,0,0,manual
2857,4,motorcycle,749.58,478.5,771.59,510.87,0,0,0,0,manual
2858,4,motorcycle,750.2,476.91,772.21,509.28,0,0,0,0,manual
2859,4,motorcycle,750.82,475.32,772.83,507.69,0,0,0,0,manual
2860,4,motorcycle,751.44,473.73,773.45,506.1,0,0,0,0,manual
2861,4,motorcycle,752.06,472.14,774.07,504.51,0,0,0,0,manual
2862,4,motorcycle,752.68,470.55,774.69,502.92,0,0,0,0,manual
2863,4,motorcycle,753.29,468.95,775.3,501.33,0,0,0,0,manual
2864,4,motorcycle,753.91,467.36,775.92,499.74,0,0,0,0,manual
2865,4,motorcycle,754.53,465.77,776.54,498.15,0,0,0,0,manual
2866,4,motorcycle,755.15,464.18,777.16,496.55,0,0,0,0,manual
2867,4,motorcycle,755.77,462.59,777.78,494.96,0,0,0,0,manual
2868,4,motorcycle,756.39,461.0,778.4,493.37,0,0,0,0,manual
2869,4,motorcycle,757.01,459.41,779.02,491.78,0,0,0,0,manual
2870,4,motorcycle,757.63,457.82,779.64,490.19,0,0,0,0,manual
2870,5,motorcycle,722.09,152.58,738.31,185.61,0,0,1,0,manual
2871,4,motorcycle,758.25,456.23,780.26,488.6,0,0,0,0,manual
2871,5,motorcycle,722.03,154.13,738.38,187.16,0,0,0,0,manual
2872,4,motorcycle,758.87,454.64,780.88,487.01,0,0,0,0,manual
2872,5,motorcycle,721.96,155.68,738.44,188.71,0,0,0,0,manual
2873,4,motorcycle,759.49,453.05,781.5,485.42,0,0,0,0,manual
2873,5,motorcycle,721.9,157.23,738.51,190.26,0,0,0,0,manual
2874,4,motorcycle,760.11,451.46,782.12,483.83,0,0,0,0,manual
2874,5,motorcycle,721.83,158.78,738.57,191.81,0,0,0,0,manual
2875,4,motorcycle,760.73,449.86,782.74,482.24,0,0,0,0,manual
2875,5,motorcycle,721.77,160.33,738.64,193.36,0,0,0,0,manual
2876,4,motorcycle,761.35,448.27,783.36,480.64,0,0,0,0,manual
2876,5,motorcycle,721.7,161.88,738.7,194.91,0,0,0,0,manual
2877,4,motorcycle,761.97,446.68,783.98,479.05,0,0,0,0,manual
2877,5,motorcycle,721.64,163.43,738.77,196.47,0,0,0,0,manual
2878,4,motorcycle,762.59,445.09,784.6,477.46,0,0,0,0,manual
2878,5,motorcycle,721.57,164.98,738.83,198.02,0,0,0,0,manual
2879,4,motorcycle,763.21,443.5,785.22,475.87,0,0,0,0,manual
2879,5,motorcycle,721.51,166.53,738.9,199.57,0,0,0,0,manual
2880,4,motorcycle,763.83,441.91,785.84,474.28,0,0,0,0,manual
2880,5,motorcycle,721.44,168.09,738.96,201.12,0,0,0,0,manual
2881,4,motorcycle,764.45,440.32,786.46,472.69,0,0,1,0,manual
2881,5,motorcycle,721.38,169.64,739.03,202.67,0,0,0,0,manual
2882,4,motorcycle,764.76,439.28,786.77,471.65,0,0,0,0,manual
2882,5,motorcycle,721.31,171.19,739.09,204.22,0,0,0,0,manual
2883,4,motorcycle,765.07,438.25,787.08,470.62,0,0,0,0,manual
2883,5,motorcycle,721.25,172.74,739.16,205.77,0,0,0,0,manual
2884,4,motorcycle,765.38,437.21,787.39,469.58,0,0,0,0,manual
2884,5,motorcycle,721.18,174.29,739.22,207.32,0,0,0,0,manual
2885,4,motorcycle,765.69,436.18,787.7,468.55,0,0,0,0,manual
2885,5,motorcycle,721.12,175.84,739.29,208.87,0,0,0,0,manual
2886,4,motorcycle,766.0,435.14,788.01,467.51,0,0,0,0,manual
2886,5,motorcycle,721.05,177.39,739.35,210.42,0,0,0,0,manual
2887,4,motorcycle,766.31,434.1,788.32,466.47,0,0,0,0,manual
2887,5,motorcycle,720.99,178.94,739.42,211.97,0,0,0,0,manual
2888,4,motorcycle,766.63,433.07,788.64,465.44,0,0,0,0,manual
2888,5,motorcycle,720.92,180.49,739.48,213.52,0,0,0,0,manual
2889,4,motorcycle,766.94,432.03,788.95,464.4,0,0,0,0,manual
2889,5,motorcycle,720.86,182.04,739.55,215.07,0,0,0,0,manual
2890,4,motorcycle,767.25,431.0,789.26,463.37,0,0,0,0,manual
2890,5,motorcycle,720.8,183.59,739.62,216.62,0,0,0,0,manual
2891,4,motorcycle,767.56,429.96,789.57,462.33,0,0,0,0,manual
2891,5,motorcycle,720.73,185.14,739.68,218.18,0,0,0,0,manual
2892,4,motorcycle,767.87,428.92,789.88,461.29,0,0,0,0,manual
2892,5,motorcycle,720.67,186.69,739.75,219.73,0,0,0,0,manual
2893,4,motorcycle,768.18,427.89,790.19,460.26,0,0,0,0,manual
2893,5,motorcycle,720.6,188.24,739.81,221.28,0,0,0,0,manual
2894,4,motorcycle,768.49,426.85,790.5,459.22,0,0,0,0,manual
2894,5,motorcycle,720.54,189.79,739.88,222.83,0,0,0,0,manual
2895,4,motorcycle,768.8,425.82,790.81,458.19,0,0,0,0,manual
2895,5,motorcycle,720.47,191.34,739.94,224.38,0,0,0,0,manual
2896,4,motorcycle,769.11,424.78,791.12,457.15,0,0,0,0,manual
2896,5,motorcycle,720.41,192.89,740.01,225.93,0,0,0,0,manual
2897,4,motorcycle,769.42,423.74,791.43,456.11,0,0,0,0,manual
2897,5,motorcycle,720.34,194.44,740.07,227.48,0,0,0,0,manual
2898,4,motorcycle,769.73,422.71,791.74,455.08,0,0,0,0,manual
2898,5,motorcycle,720.28,195.99,740.14,229.03,0,0,0,0,manual
2899,4,motorcycle,770.04,421.67,792.05,454.04,0,0,0,0,manual
2899,5,motorcycle,720.21,197.54,740.2,230.58,0,0,0,0,manual
2900,4,motorcycle,770.36,420.64,792.37,453.01,0,0,0,0,manual
2900,5,motorcycle,720.15,199.09,740.27,232.13,0,0,0,0,manual
2901,4,motorcycle,770.67,419.6,792.68,451.97,0,0,0,0,manual
2901,5,motorcycle,720.08,200.65,740.33,233.68,0,0,0,0,manual
2902,4,motorcycle,770.98,418.56,792.99,450.93,0,0,0,0,manual
2902,5,motorcycle,720.02,202.2,740.4,235.23,0,0,0,0,manual
2903,4,motorcycle,771.29,417.53,793.3,449.9,0,0,0,0,manual
2903,5,motorcycle,719.95,203.75,740.46,236.78,0,0,0,0,manual
2904,4,motorcycle,771.6,416.49,793.61,448.86,0,0,0,0,manual
2904,5,motorcycle,719.89,205.3,740.53,238.34,0,0,0,0,manual
2905,4,motorcycle,771.91,415.46,793.92,447.83,0,0,0,0,manual
2905,5,motorcycle,719.82,206.85,740.59,239.89,0,0,0,0,manual
2906,4,motorcycle,772.22,414.42,794.23,446.79,0,0,0,0,manual
2906,5,motorcycle,719.76,208.4,740.66,241.44,0,0,0,0,manual
2907,4,motorcycle,772.53,413.38,794.54,445.75,0,0,0,0,manual
2907,5,motorcycle,719.69,209.95,740.72,242.99,0,0,0,0,manual
2908,4,motorcycle,772.84,412.35,794.85,444.72,0,0,0,0,manual
2908,5,motorcycle,719.63,211.5,740.79,244.54,0,0,0,0,manual
2909,4,motorcycle,773.15,411.31,795.16,443.68,0,0,0,0,manual
2909,5,motorcycle,719.56,213.05,740.85,246.09,0,0,0,0,manual
2910,4,motorcycle,773.46,410.28,795.47,442.65,0,0,0,0,manual
2910,5,motorcycle,719.5,214.6,740.92,247.64,0,0,1,0,manual
2911,4,motorcycle,773.77,409.24,795.78,441.61,0,0,0,0,manual
2911,5,motorcycle,719.55,215.56,740.97,248.6,0,0,0,0,manual
2912,4,motorcycle,774.08,408.2,796.09,440.57,0,0,0,0,manual
2912,5,motorcycle,719.6,216.51,741.02,249.55,0,0,0,0,manual
2913,4,motorcycle,774.4,407.17,796.41,439.54,0,0,0,0,manual
2913,5,motorcycle,719.66,217.47,741.07,250.51,0,0,0,0,manual
2914,4,motorcycle,774.71,406.13,796.72,438.5,0,0,0,0,manual
2914,5,motorcycle,719.71,218.43,741.13,251.47,0,0,0,0,manual
2915,4,motorcycle,775.02,405.1,797.03,437.47,0,0,0,0,manual
2915,5,motorcycle,719.76,219.38,741.18,252.42,0,0,0,0,manual
2916,4,motorcycle,775.33,404.06,797.34,436.43,0,0,0,0,manual
2916,5,motorcycle,719.81,220.34,741.23,253.38,0,0,0,0,manual
2917,4,motorcycle,775.64,403.02,797.65,435.39,0,0,0,0,manual
2917,5,motorcycle,719.86,221.29,741.28,254.33,0,0,0,0,manual
2918,4,motorcycle,775.95,401.99,797.96,434.36,0,0,0,0,manual
2918,5,motorcycle,719.91,222.25,741.33,255.29,0,0,0,0,manual
2919,4,motorcycle,776.26,400.95,798.27,433.32,0,0,0,0,manual
2919,5,motorcycle,719.97,223.21,741.38,256.25,0,0,0,0,manual
2920,4,motorcycle,776.57,399.92,798.58,432.29,0,0,0,0,manual
2920,5,motorcycle,720.02,224.16,741.44,257.2,0,0,0,0,manual
2921,4,motorcycle,776.88,398.88,798.89,431.25,0,0,0,0,manual
2921,5,motorcycle,720.07,225.12,741.49,258.16,0,0,0,0,manual
2922,4,motorcycle,777.19,397.84,799.2,430.21,0,0,0,0,manual
2922,5,motorcycle,720.12,226.08,741.54,259.12,0,0,0,0,manual
2923,4,motorcycle,777.5,396.81,799.51,429.18,0,0,0,0,manual
2923,5,motorcycle,720.17,227.03,741.59,260.07,0,0,0,0,manual
2924,4,motorcycle,777.81,395.77,799.82,428.14,0,0,0,0,manual
2924,5,motorcycle,720.23,227.99,741.64,261.03,0,0,0,0,manual
2925,4,motorcycle,778.13,394.74,800.14,427.11,0,0,0,0,manual
2925,5,motorcycle,720.28,228.95,741.69,261.99,0,0,0,0,manual
2926,4,motorcycle,778.44,393.7,800.45,426.07,0,0,0,0,manual
2926,5,motorcycle,720.33,229.9,741.75,262.94,0,0,0,0,manual
2927,4,motorcycle,778.75,392.66,800.76,425.03,0,0,0,0,manual
2927,5,motorcycle,720.38,230.86,741.8,263.9,0,0,0,0,manual
2928,4,motorcycle,779.06,391.63,801.07,424.0,0,0,0,0,manual
2928,5,motorcycle,720.43,231.82,741.85,264.86,0,0,0,0,manual
2929,4,motorcycle,779.37,390.59,801.38,422.96,0,0,0,0,manual
2929,5,motorcycle,720.48,232.77,741.9,265.81,0,0,0,0,manual
2930,4,motorcycle,779.68,389.56,801.69,421.93,0,0,0,0,manual
2930,5,motorcycle,720.54,233.73,741.95,266.77,0,0,0,0,manual
2931,4,motorcycle,779.99,388.52,802.0,420.89,0,0,1,0,manual
2931,5,motorcycle,720.59,234.68,742.0,267.72,0,0,0,0,manual
2932,4,motorcycle,780.22,387.54,802.23,419.91,0,0,0,0,manual
2932,5,motorcycle,720.64,235.64,742.06,268.68,0,0,0,0,manual
2933,4,motorcycle,780.46,386.55,802.47,418.92,0,0,0,0,manual
2933,5,motorcycle,720.69,236.6,742.11,269.64,0,0,0,0,manual
2934,4,motorcycle,780.69,385.57,802.7,417.94,0,0,0,0,manual
2934,5,motorcycle,720.74,237.55,742.16,270.59,0,0,0,0,manual
2935,4,motorcycle,780.92,384.58,802.93,416.95,0,0,0,0,manual
2935,5,motorcycle,720.8,238.51,742.21,271.55,0,0,0,0,manual
2936,4,motorcycle,781.15,383.6,803.16,415.97,0,0,0,0,manual
2936,5,motorcycle,720.85,239.47,742.26,272.51,0,0,0,0,manual
2937,4,motorcycle,781.39,382.61,803.4,414.98,0,0,0,0,manual
2937,5,motorcycle,720.9,240.42,742.31,273.46,0,0,0,0,manual
2938,4,motorcycle,781.62,381.63,803.63,414.0,0,0,0,0,manual
2938,5,motorcycle,720.95,241.38,742.36,274.42,0,0,0,0,manual
2939,4,motorcycle,781.85,380.65,803.86,413.02,0,0,0,0,manual
2939,5,motorcycle,721.0,242.34,742.42,275.38,0,0,0,0,manual
2940,4,motorcycle,782.09,379.66,804.1,412.03,0,0,0,0,manual
2940,5,motorcycle,721.05,243.29,742.47,276.33,0,0,0,0,manual
2941,4,motorcycle,782.32,378.68,804.33,411.05,0,0,0,0,manual
2941,5,motorcycle,721.11,244.25,742.52,277.29,0,0,0,0,manual
2942,4,motorcycle,782.55,377.69,804.56,410.06,0,0,0,0,manual
2942,5,motorcycle,721.16,245.2,742.57,278.24,0,0,0,0,manual
2943,4,motorcycle,782.79,376.71,804.8,409.08,0,0,0,0,manual
2943,5,motorcycle,721.21,246.16,742.62,279.2,0,0,0,0,manual
2944,4,motorcycle,783.02,375.73,805.03,408.1,0,0,0,0,manual
2944,5,motorcycle,721.26,247.12,742.67,280.16,0,0,0,0,manual
2945,4,motorcycle,783.25,374.74,805.26,407.11,0,0,0,0,manual
2945,5,motorcycle,721.31,248.07,742.73,281.11,0,0,0,0,manual
2946,4,motorcycle,783.49,373.76,805.5,406.13,0,0,0,0,manual
2946,5,motorcycle,721.36,249.03,742.78,282.07,0,0,0,0,manual
2947,4,motorcycle,783.72,372.77,805.73,405.14,0,0,0,0,manual
2947,5,motorcycle,721.42,249.99,742.83,283.03,0,0,0,0,manual
2948,4,motorcycle,783.95,371.79,805.96,404.16,0,0,0,0,manual
2948,5,motorcycle,721.47,250.94,742.88,283.98,0,0,0,0,manual
2949,4,motorcycle,784.18,370.8,806.19,403.17,0,0,0,0,manual
2949,5,motorcycle,721.52,251.9,742.93,284.94,0,0,0,0,manual
2950,4,motorcycle,784.42,369.82,806.43,402.19,0,0,0,0,manual
2950,5,motorcycle,721.57,252.86,742.98,285.9,0,0,0,0,manual
2951,4,motorcycle,784.65,368.84,806.66,401.21,0,0,0,0,manual
2951,5,motorcycle,721.62,253.81,743.04,286.85,0,0,0,0,manual
2952,4,motorcycle,784.88,367.85,806.89,400.22,0,0,0,0,manual
2952,5,motorcycle,721.68,254.77,743.09,287.81,0,0,0,0,manual
2953,4,motorcycle,785.12,366.87,807.13,399.24,0,0,0,0,manual
2953,5,motorcycle,721.73,255.73,743.14,288.77,0,0,0,0,manual
2954,4,motorcycle,785.35,365.88,807.36,398.25,0,0,0,0,manual
2954,5,motorcycle,721.78,256.68,743.19,289.72,0,0,0,0,manual
2955,4,motorcycle,785.58,364.9,807.59,397.27,0,0,0,0,manual
2955,5,motorcycle,721.83,257.64,743.24,290.68,0,0,0,0,manual
2956,4,motorcycle,785.82,363.91,807.83,396.28,0,0,0,0,manual
2956,5,motorcycle,721.88,258.59,743.29,291.63,0,0,0,0,manual
2957,4,motorcycle,786.05,362.93,808.06,395.3,0,0,0,0,manual
2957,5,motorcycle,721.93,259.55,743.35,292.59,0,0,0,0,manual
2958,4,motorcycle,786.28,361.95,808.29,394.32,0,0,0,0,manual
2958,5,motorcycle,721.99,260.51,743.4,293.55,0,0,0,0,manual
2959,4,motorcycle,786.51,360.96,808.52,393.33,0,0,0,0,manual
2959,5,motorcycle,722.04,261.46,743.45,294.5,0,0,0,0,manual
2960,4,motorcycle,786.75,359.98,808.76,392.35,0,0,0,0,manual
2960,5,motorcycle,722.09,262.42,743.5,295.46,0,0,1,0,manual
2961,4,motorcycle,786.98,358.99,808.99,391.36,0,0,0,0,manual
2961,5,motorcycle,722.31,263.95,743.72,296.99,0,0,0,0,manual
2962,4,motorcycle,787.21,358.01,809.22,390.38,0,0,0,0,manual
2962,5,motorcycle,722.52,265.48,743.93,298.52,0,0,0,0,manual
2963,4,motorcycle,787.45,357.03,809.46,389.4,0,0,0,0,manual
2963,5,motorcycle,722.74,267.01,744.15,300.05,0,0,0,0,manual
2964,4,motorcycle,787.68,356.04,809.69,388.41,0,0,0,0,manual
2964,5,motorcycle,722.95,268.54,744.36,301.58,0,0,0,0,manual
2965,4,motorcycle,787.91,355.06,809.92,387.43,0,0,0,0,manual
2965,5,motorcycle,723.17,270.07,744.58,303.1,0,0,0,0,manual
2966,4,motorcycle,788.14,354.07,810.15,386.44,0,0,0,0,manual
2966,5,motorcycle,723.38,271.6,744.79,304.63,0,0,0,0,manual
2967,4,motorcycle,788.38,353.09,810.39,385.46,0,0,0,0,manual
2967,5,motorcycle,723.6,273.12,745.01,306.16,0,0,0,0,manual
2968,4,motorcycle,788.61,352.1,810.62,384.47,0,0,0,0,manual
2968,5,motorcycle,723.81,274.65,745.22,307.69,0,0,0,0,manual
2969,4,motorcycle,788.84,351.12,810.85,383.49,0,0,0,0,manual
2969,5,motorcycle,724.03,276.18,745.44,309.22,0,0,0,0,manual
2970,4,motorcycle,789.08,350.14,811.09,382.51,0,0,0,0,manual
2970,5,motorcycle,724.24,277.71,745.65,310.75,0,0,0,0,manual
2971,4,motorcycle,789.31,349.15,811.32,381.52,0,0,0,0,manual
2971,5,motorcycle,724.46,279.24,745.87,312.28,0,0,0,0,manual
2972,4,motorcycle,789.54,348.17,811.55,380.54,0,0,0,0,manual
2972,5,motorcycle,724.67,280.77,746.08,313.81,0,0,0,0,manual
2973,4,motorcycle,789.78,347.18,811.79,379.55,0,0,0,0,manual
2973,5,motorcycle,724.89,282.3,746.3,315.34,0,0,0,0,manual
2974,4,motorcycle,790.01,346.2,812.02,378.57,0,0,0,0,manual
2974,5,motorcycle,725.1,283.83,746.51,316.87,0,0,0,0,manual
2975,4,motorcycle,790.24,345.22,812.25,377.59,0,0,0,0,manual
2975,5,motorcycle,725.32,285.36,746.73,318.39,0,0,0,0,manual
2976,4,motorcycle,790.48,344.23,812.49,376.6,0,0,0,0,manual
2976,5,motorcycle,725.54,286.89,746.95,319.92,0,0,0,0,manual
2977,4,motorcycle,790.71,343.25,812.72,375.62,0,0,0,0,manual
2977,5,motorcycle,725.75,288.42,747.16,321.45,0,0,0,0,manual
2978,4,motorcycle,790.94,342.26,812.95,374.63,0,0,0,0,manual
2978,5,motorcycle,725.97,289.94,747.38,322.98,0,0,0,0,manual
2979,4,motorcycle,791.17,341.28,813.18,373.65,0,0,0,0,manual
2979,5,motorcycle,726.18,291.47,747.59,324.51,0,0,0,0,manual
2980,4,motorcycle,791.41,340.29,813.42,372.66,0,0,0,0,manual
2980,5,motorcycle,726.4,293.0,747.81,326.04,0,0,0,0,manual
2981,4,motorcycle,791.64,339.31,813.65,371.68,0,0,1,0,manual
2981,5,motorcycle,726.61,294.53,748.02,327.57,0,0,0,0,manual
2982,4,motorcycle,791.83,338.26,813.84,370.63,0,0,0,0,manual
2982,5,motorcycle,726.83,296.06,748.24,329.1,0,0,0,0,manual
2983,4,motorcycle,792.03,337.21,814.04,369.58,0,0,0,0,manual
2983,5,motorcycle,727.04,297.59,748.45,330.63,0,0,0,0,manual
2984,4,motorcycle,792.22,336.16,814.23,368.53,0,0,0,0,manual
2984,5,motorcycle,727.26,299.12,748.67,332.16,0,0,0,0,manual
2985,4,motorcycle,792.42,335.11,814.43,367.49,0,0,0,0,manual
2985,5,motorcycle,727.47,300.65,748.88,333.69,0,0,0,0,manual
2986,4,motorcycle,792.61,334.06,814.62,366.44,0,0,0,0,manual
2986,5,motorcycle,727.69,302.18,749.1,335.21,0,0,0,0,manual
2987,4,motorcycle,792.8,333.02,814.82,365.39,0,0,0,0,manual
2987,5,motorcycle,727.9,303.71,749.31,336.74,0,0,0,0,manual
2988,4,motorcycle,793.0,331.97,815.01,364.34,0,0,0,0,manual
2988,5,motorcycle,728.12,305.24,749.53,338.27,0,0,0,0,manual
2989,4,motorcycle,793.19,330.92,815.21,363.29,0,0,0,0,manual
2989,5,motorcycle,728.33,306.77,749.74,339.8,0,0,0,0,manual
2990,4,motorcycle,793.39,329.87,815.4,362.24,0,0,0,0,manual
2990,5,motorcycle,728.55,308.3,749.96,341.33,0,0,0,0,manual
2991,4,motorcycle,793.58,328.82,815.6,361.19,0,0,0,0,manual
2991,5,motorcycle,728.77,309.82,750.18,342.86,0,0,0,0,manual
2992,4,motorcycle,793.77,327.77,815.79,360.15,0,0,0,0,manual
2992,5,motorcycle,728.98,311.35,750.39,344.39,0,0,0,0,manual
2993,4,motorcycle,793.97,326.72,815.98,359.1,0,0,0,0,manual
2993,5,motorcycle,729.2,312.88,750.61,345.92,0,0,0,0,manual
2994,4,motorcycle,794.16,325.67,816.18,358.05,0,0,0,0,manual
2994,5,motorcycle,729.41,314.41,750.82,347.45,0,0,0,0,manual
2995,4,motorcycle,794.36,324.62,816.37,357.0,0,0,0,0,manual
2995,5,motorcycle,729.63,315.94,751.04,348.97,0,0,0,0,manual
2996,4,motorcycle,794.55,323.57,816.57,355.95,0,0,0,0,manual
2996,5,motorcycle,729.84,317.47,751.25,350.5,0,0,0,0,manual
2997,4,motorcycle,794.74,322.53,816.76,354.9,0,0,0,0,manual
2997,5,motorcycle,730.06,319.0,751.47,352.03,0,0,0,0,manual
2998,4,motorcycle,794.94,321.48,816.96,353.86,0,0,0,0,manual
2998,5,motorcycle,730.27,320.53,751.68,353.56,0,0,0,0,manual
2999,4,motorcycle,795.13,320.43,817.15,352.81,0,0,0,0,manual
2999,5,motorcycle,730.49,322.06,751.9,355.09,0,0,0,0,manual
3000,4,motorcycle,795.33,319.38,817.35,351.76,0,0,0,0,manual
3000,5,motorcycle,730.7,323.59,752.11,356.62,0,0,0,0,manual
3001,4,motorcycle,795.52,318.33,817.54,350.71,0,0,1,0,manual
3001,5,motorcycle,730.92,325.12,752.33,358.15,0,0,0,0,manual
3002,4,motorcycle,795.35,317.26,817.37,349.64,0,0,0,0,manual
3002,5,motorcycle,731.13,326.64,752.54,359.68,0,0,0,0,manual
3003,4,motorcycle,795.18,316.19,817.19,348.57,0,0,0,0,manual
3003,5,motorcycle,731.35,328.17,752.76,361.21,0,0,0,0,manual
3004,4,motorcycle,795.0,315.12,817.02,347.5,0,0,0,0,manual
3004,5,motorcycle,731.56,329.7,752.97,362.74,0,0,0,0,manual
3005,4,motorcycle,794.83,314.05,816.85,346.43,0,0,0,0,manual
3005,5,motorcycle,731.78,331.23,753.19,364.26,0,0,0,0,manual
3006,4,motorcycle,794.66,312.98,816.67,345.36,0,0,0,0,manual
3006,5,motorcycle,732.0,332.76,753.41,365.79,0,0,0,0,manual
3007,4,motorcycle,794.49,311.91,816.5,344.28,0,0,0,0,manual
3007,5,motorcycle,732.21,334.29,753.62,367.32,0,0,0,0,manual
3008,4,motorcycle,794.32,310.84,816.33,343.21,0,0,0,0,manual
3008,5,motorcycle,732.43,335.82,753.84,368.85,0,0,0,0,manual
3009,4,motorcycle,794.14,309.77,816.16,342.14,0,0,0,0,manual
3009,5,motorcycle,732.64,337.35,754.05,370.38,0,0,0,0,manual
3010,4,motorcycle,793.97,308.7,815.98,341.07,0,0,0,0,manual
3010,5,motorcycle,732.86,338.88,754.27,371.91,0,0,0,0,manual
3011,4,motorcycle,793.8,307.63,815.81,340.0,0,0,1,0,manual
3011,5,motorcycle,733.07,340.41,754.48,373.44,0,0,0,0,manual
3012,4,motorcycle,793.5,306.75,815.51,339.12,0,0,0,0,manual
3012,5,motorcycle,733.29,341.94,754.7,374.97,0,0,0,0,manual
3013,4,motorcycle,793.19,305.88,815.21,338.25,0,0,0,0,manual
3013,5,motorcycle,733.5,343.47,754.91,376.5,0,0,0,0,manual
3014,4,motorcycle,792.89,305.0,814.9,337.37,0,0,0,0,manual
3014,5,motorcycle,733.72,345.0,755.13,378.03,0,0,0,0,manual
3015,4,motorcycle,792.59,304.12,814.6,336.5,0,0,0,0,manual
3015,5,motorcycle,733.93,346.52,755.34,379.55,0,0,0,0,manual
3016,4,motorcycle,792.29,303.25,814.3,335.62,0,0,0,0,manual
3016,5,motorcycle,734.15,348.05,755.56,381.08,0,0,0,0,manual
3017,4,motorcycle,791.99,302.37,814.0,334.74,0,0,0,0,manual
3017,5,motorcycle,734.36,349.58,755.77,382.61,0,0,0,0,manual
3018,4,motorcycle,791.68,301.49,813.7,333.87,0,0,0,0,manual
3018,5,motorcycle,734.58,351.11,755.99,384.14,0,0,0,0,manual
3019,4,motorcycle,791.38,300.62,813.39,332.99,0,0,0,0,manual
3019,5,motorcycle,734.79,352.64,756.2,385.67,0,0,0,0,manual
3020,4,motorcycle,791.08,299.74,813.09,332.12,0,0,0,0,manual
3020,5,motorcycle,735.01,354.17,756.42,387.2,0,0,1,0,manual
3021,4,motorcycle,790.77,298.87,812.79,331.24,0,0,0,0,manual
3021,5,motorcycle,734.99,355.65,756.4,388.68,0,0,0,0,manual
3022,4,motorcycle,790.47,297.99,812.49,330.36,0,0,0,0,manual
3022,5,motorcycle,734.97,357.14,756.38,390.17,0,0,0,0,manual
3023,4,motorcycle,790.17,297.11,812.19,329.49,0,0,0,0,manual
3023,5,motorcycle,734.95,358.62,756.36,391.65,0,0,0,0,manual
3024,4,motorcycle,789.87,296.24,811.88,328.61,0,0,0,0,manual
3024,5,motorcycle,734.92,360.11,756.33,393.14,0,0,0,0,manual
3025,4,motorcycle,789.56,295.36,811.58,327.74,0,0,0,0,manual
3025,5,motorcycle,734.9,361.59,756.31,394.62,0,0,0,0,manual
3026,4,motorcycle,789.26,294.48,811.28,326.86,0,0,0,0,manual
3026,5,motorcycle,734.88,363.08,756.29,396.11,0,0,0,0,manual
3027,4,motorcycle,788.96,293.61,810.98,325.98,0,0,0,0,manual
3027,5,motorcycle,734.86,364.56,756.27,397.59,0,0,0,0,manual
3028,4,motorcycle,788.66,292.73,810.68,325.11,0,0,0,0,manual
3028,5,motorcycle,734.84,366.05,756.25,399.08,0,0,0,0,manual
3029,4,motorcycle,788.36,291.85,810.37,324.23,0,0,0,0,manual
3029,5,motorcycle,734.82,367.53,756.23,400.56,0,0,0,0,manual
3030,4,motorcycle,788.05,290.98,810.07,323.36,0,0,0,0,manual
3030,5,motorcycle,734.8,369.02,756.21,402.05,0,0,0,0,manual
3031,4,motorcycle,787.75,290.1,809.77,322.48,0,0,1,0,manual
3031,5,motorcycle,734.77,370.5,756.18,403.53,0,0,0,0,manual
3032,4,motorcycle,787.69,289.65,809.71,322.03,0,0,0,0,manual
3032,5,motorcycle,734.75,371.99,756.16,405.02,0,0,0,0,manual
3033,4,motorcycle,787.62,289.19,809.64,321.57,0,0,0,0,manual
3033,5,motorcycle,734.73,373.47,756.14,406.5,0,0,0,0,manual
3033,17,motorcycle,726.95,467.44,750.26,501.11,0,0,1,0,manual
3034,4,motorcycle,787.56,288.74,809.58,321.12,0,0,0,0,manual
3034,5,motorcycle,734.71,374.95,756.12,407.99,0,0,0,0,manual
3034,17,motorcycle,726.69,466.4,750.0,500.07,0,0,0,0,manual
3035,4,motorcycle,787.49,288.29,809.51,320.67,0,0,0,0,manual
3035,5,motorcycle,734.69,376.44,756.1,409.47,0,0,0,0,manual
3035,17,motorcycle,726.43,465.37,749.74,499.04,0,0,0,0,manual
3036,4,motorcycle,787.43,287.83,809.45,320.21,0,0,0,0,manual
3036,5,motorcycle,734.67,377.92,756.08,410.96,0,0,0,0,manual
3036,17,motorcycle,726.17,464.33,749.48,498.0,0,0,0,0,manual
3037,4,motorcycle,787.36,287.38,809.38,319.76,0,0,0,0,manual
3037,5,motorcycle,734.64,379.41,756.05,412.44,0,0,0,0,manual
3037,17,motorcycle,725.91,463.29,749.22,496.96,0,0,0,0,manual
3038,4,motorcycle,787.3,286.93,809.32,319.31,0,0,0,0,manual
3038,5,motorcycle,734.62,380.89,756.03,413.93,0,0,0,0,manual
3038,17,motorcycle,725.65,462.26,748.96,495.93,0,0,0,0,manual
3039,4,motorcycle,787.23,286.47,809.25,318.85,0,0,0,0,manual
3039,5,motorcycle,734.6,382.38,756.01,415.41,0,0,0,0,manual
3039,17,motorcycle,725.4,461.22,748.7,494.89,0,0,0,0,manual
3040,4,motorcycle,787.17,286.02,809.19,318.4,0,0,0,0,manual
3040,5,motorcycle,734.58,383.86,755.99,416.9,0,0,0,0,manual
3040,17,motorcycle,725.14,460.19,748.45,493.86,0,0,0,0,manual
3041,4,motorcycle,787.1,285.57,809.12,317.95,0,0,0,0,manual
3041,5,motorcycle,734.56,385.35,755.97,418.38,0,0,0,0,manual
3041,17,motorcycle,724.88,459.15,748.19,492.82,0,0,0,0,manual
3042,4,motorcycle,787.04,285.11,809.06,317.49,0,0,0,0,manual
3042,5,motorcycle,734.54,386.83,755.95,419.87,0,0,0,0,manual
3042,17,motorcycle,724.62,458.11,747.93,491.78,0,0,0,0,manual
3043,4,motorcycle,786.97,284.66,808.99,317.04,0,0,0,0,manual
3043,5,motorcycle,734.52,388.32,755.93,421.35,0,0,0,0,manual
3043,17,motorcycle,724.36,457.08,747.67,490.75,0,0,0,0,manual
3044,4,motorcycle,786.91,284.21,808.93,316.59,0,0,0,0,manual
3044,5,motorcycle,734.49,389.8,755.9,422.83,0,0,0,0,manual
3044,17,motorcycle,724.1,456.04,747.41,489.71,0,0,0,0,manual
3045,4,motorcycle,786.85,283.75,808.86,316.13,0,0,0,0,manual
3045,5,motorcycle,734.47,391.29,755.88,424.32,0,0,0,0,manual
3045,17,motorcycle,723.84,455.01,747.15,488.68,0,0,0,0,manual
3046,4,motorcycle,786.78,283.3,808.8,315.68,0,0,0,0,manual
3046,5,motorcycle,734.45,392.77,755.86,425.8,0,0,0,0,manual
3046,17,motorcycle,723.58,453.97,746.89,487.64,0,0,0,0,manual
3047,4,motorcycle,786.72,282.85,808.73,315.23,0,0,0,0,manual
3047,5,motorcycle,734.43,394.25,755.84,427.29,0,0,0,0,manual
3047,17,motorcycle,723.32,452.93,746.63,486.6,0,0,0,0,manual
3048,4,motorcycle,786.65,282.39,808.67,314.77,0,0,0,0,manual
3048,5,motorcycle,734.41,395.74,755.82,428.77,0,0,0,0,manual
3048,17,motorcycle,723.06,451.9,746.37,485.57,0,0,0,0,manual
3049,4,motorcycle,786.59,281.94,808.6,314.32,0,0,0,0,manual
3049,5,motorcycle,734.39,397.22,755.8,430.26,0,0,0,0,manual
3049,17,motorcycle,722.81,450.86,746.11,484.53,0,0,0,0,manual
3050,4,motorcycle,786.52,281.49,808.54,313.87,0,0,0,0,manual
3050,5,motorcycle,734.37,398.71,755.78,431.74,0,0,0,0,manual
3050,17,motorcycle,722.55,449.83,745.86,483.5,0,0,0,0,manual
3051,4,motorcycle,786.46,281.04,808.48,313.42,0,0,0,0,manual
3051,5,motorcycle,734.34,400.19,755.75,433.23,0,0,0,0,manual
3051,17,motorcycle,722.29,448.79,745.6,482.46,0,0,0,0,manual
3052,4,motorcycle,786.39,280.58,808.41,312.96,0,0,0,0,manual
3052,5,motorcycle,734.32,401.68,755.73,434.71,0,0,0,0,manual
3052,17,motorcycle,722.03,447.75,745.34,481.42,0,0,0,0,manual
3053,4,motorcycle,786.33,280.13,808.35,312.51,0,0,0,0,manual
3053,5,motorcycle,734.3,403.16,755.71,436.2,0,0,1,0,manual
3053,17,motorcycle,721.77,446.72,745.08,480.39,0,0,1,0,manual
3054,4,motorcycle,786.26,279.68,808.28,312.06,0,0,0,0,manual
3054,5,motorcycle,734.28,404.12,755.69,437.16,0,0,0,0,manual
3054,17,motorcycle,721.45,445.88,744.76,479.55,0,0,0,0,manual
3055,4,motorcycle,786.2,279.22,808.22,311.6,0,0,0,0,manual
3055,5,motorcycle,734.26,405.08,755.67,438.12,0,0,0,0,manual
3055,17,motorcycle,721.12,445.04,744.43,478.7,0,0,0,0,manual
3056,4,motorcycle,786.13,278.77,808.15,311.15,0,0,0,0,manual
3056,5,motorcycle,734.24,406.05,755.65,439.08,0,0,0,0,manual
3056,17,motorcycle,720.8,444.19,744.11,477.86,0,0,0,0,manual
3057,4,motorcycle,786.07,278.32,808.09,310.7,0,0,0,0,manual
3057,5,motorcycle,734.21,407.01,755.62,440.04,0,0,0,0,manual
3057,17,motorcycle,720.47,443.35,743.78,477.02,0,0,0,0,manual
3058,4,motorcycle,786.01,277.86,808.02,310.24,0,0,0,0,manual
3058,5,motorcycle,734.19,407.97,755.6,441.01,0,0,0,0,manual
3058,17,motorcycle,720.15,442.51,743.46,476.18,0,0,0,0,manual
3058,18,motorcycle,738.6,517.94,763.21,549.02,0,0,1,0,manual
3059,4,motorcycle,785.94,277.41,807.96,309.79,0,0,0,0,manual
3059,5,motorcycle,734.17,408.93,755.58,441.97,0,0,0,0,manual
3059,17,motorcycle,719.83,441.67,743.14,475.34,0,0,0,0,manual
3059,18,motorcycle,738.22,516.97,762.82,548.05,0,0,0,0,manual
3060,4,motorcycle,785.88,276.96,807.89,309.34,0,0,0,0,manual
3060,5,motorcycle,734.15,409.89,755.56,442.93,0,0,0,0,manual
3060,17,motorcycle,719.5,440.83,742.81,474.5,0,0,0,0,manual
3060,18,motorcycle,737.83,516.0,762.43,547.08,0,0,0,0,manual
3061,4,motorcycle,785.81,276.5,807.83,308.88,0,0,0,0,manual
3061,5,motorcycle,734.13,410.85,755.54,443.89,0,0,0,0,manual
3061,17,motorcycle,719.18,439.98,742.49,473.65,0,0,0,0,manual
3061,18,motorcycle,737.44,515.03,762.04,546.11,0,0,0,0,manual
3062,4,motorcycle,785.75,276.05,807.76,308.43,0,0,0,0,manual
3062,5,motorcycle,734.11,411.81,755.52,444.85,0,0,0,0,manual
3062,17,motorcycle,718.86,439.14,742.17,472.81,0,0,0,0,manual
3062,18,motorcycle,737.05,514.06,761.65,545.14,0,0,0,0,manual
3063,4,motorcycle,785.68,275.6,807.7,307.98,0,0,0,0,manual
3063,5,motorcycle,734.09,412.78,755.5,445.81,0,0,0,0,manual
3063,17,motorcycle,718.53,438.3,741.84,471.97,0,0,0,0,manual
3063,18,motorcycle,736.66,513.09,761.27,544.17,0,0,0,0,manual
3064,4,motorcycle,785.62,275.14,807.63,307.52,0,0,0,0,manual
3064,5,motorcycle,734.06,413.74,755.47,446.77,0,0,0,0,manual
3064,17,motorcycle,718.21,437.46,741.52,471.13,0,0,0,0,manual
3064,18,motorcycle,736.27,512.12,760.88,543.19,0,0,0,0,manual
3065,4,motorcycle,785.55,274.69,807.57,307.07,0,0,0,0,manual
3065,5,motorcycle,734.04,414.7,755.45,447.74,0,0,0,0,manual
3065,17,motorcycle,717.88,436.62,741.19,470.29,0,0,0,0,manual
3065,18,motorcycle,735.89,511.14,760.49,542.22,0,0,0,0,manual
3066,4,motorcycle,785.49,274.24,807.5,306.62,0,0,0,0,manual
3066,5,motorcycle,734.02,415.66,755.43,448.7,0,0,0,0,manual
3066,17,motorcycle,717.56,435.78,740.87,469.45,0,0,0,0,manual
3066,18,motorcycle,735.5,510.17,760.1,541.25,0,0,0,0,manual
3067,4,motorcycle,785.42,273.78,807.44,306.16,0,0,0,0,manual
3067,5,motorcycle,734.0,416.62,755.41,449.66,0,0,0,0,manual
3067,17,motorcycle,717.24,434.93,740.55,468.6,0,0,0,0,manual
3067,18,motorcycle,735.11,509.2,759.71,540.28,0,0,0,0,manual
3068,4,motorcycle,785.36,273.33,807.37,305.71,0,0,0,0,manual
3068,5,motorcycle,733.98,417.58,755.39,450.62,0,0,0,0,manual
3068,17,motorcycle,716.91,434.09,740.22,467.76,0,0,0,0,manual
3068,18,motorcycle,734.72,508.23,759.32,539.31,0,0,0,0,manual
3069,4,motorcycle,785.29,272.88,807.31,305.26,0,0,0,0,manual
3069,5,motorcycle,733.96,418.54,755.37,451.58,0,0,0,0,manual
3069,17,motorcycle,716.59,433.25,739.9,466.92,0,0,0,0,manual
3069,18,motorcycle,734.33,507.26,758.94,538.34,0,0,0,0,manual
3070,4,motorcycle,785.23,272.42,807.24,304.8,0,0,0,0,manual
3070,5,motorcycle,733.94,419.51,755.35,452.54,0,0,0,0,manual
3070,17,motorcycle,716.27,432.41,739.58,466.08,0,0,0,0,manual
3070,18,motorcycle,733.94,506.29,758.55,537.37,0,0,0,0,manual
3071,4,motorcycle,785.16,271.97,807.18,304.35,0,0,0,0,manual
3071,5,motorcycle,733.91,420.47,755.32,453.51,0,0,0,0,manual
3071,17,motorcycle,715.94,431.57,739.25,465.24,0,0,0,0,manual
3071,18,motorcycle,733.55,505.32,758.16,536.4,0,0,0,0,manual
3072,4,motorcycle,785.1,271.52,807.12,303.9,0,0,0,0,manual
3072,5,motorcycle,733.89,421.43,755.3,454.47,0,0,0,0,manual
3072,17,motorcycle,715.62,430.73,738.93,464.39,0,0,0,0,manual
3072,18,motorcycle,733.17,504.35,757.77,535.42,0,0,0,0,manual
3073,4,motorcycle,785.04,271.06,807.05,303.44,0,0,0,0,manual
3073,5,motorcycle,733.87,422.39,755.28,455.43,0,0,0,0,manual
3073,17,motorcycle,715.29,429.88,738.6,463.55,0,0,1,0,manual
3073,18,motorcycle,732.78,503.37,757.38,534.45,0,0,0,0,manual
3074,4,motorcycle,784.97,270.61,806.99,302.99,0,0,0,0,manual
3074,5,motorcycle,733.85,423.35,755.26,456.39,0,0,0,0,manual
3074,17,motorcycle,715.17,428.89,738.47,462.56,0,0,0,0,manual
3074,18,motorcycle,732.39,502.4,756.99,533.48,0,0,0,0,manual
3075,4,motorcycle,784.91,270.16,806.92,302.54,0,0,0,0,manual
3075,5,motorcycle,733.83,424.31,755.24,457.35,0,0,0,0,manual
3075,17,motorcycle,715.04,427.9,738.35,461.57,0,0,0,0,manual
3075,18,motorcycle,732.0,501.43,756.6,532.51,0,0,0,0,manual
3076,4,motorcycle,784.84,269.7,806.86,302.08,0,0,0,0,manual
3076,5,motorcycle,733.81,425.27,755.22,458.31,0,0,0,0,manual
3076,17,motorcycle,714.91,426.91,738.22,460.57,0,0,0,0,manual
3076,18,motorcycle,731.61,500.46,756.22,531.54,0,0,0,0,manual
3077,4,motorcycle,784.78,269.25,806.79,301.63,0,0,0,0,manual
3077,5,motorcycle,733.78,426.24,755.19,459.28,0,0,0,0,manual
3077,17,motorcycle,714.78,425.91,738.09,459.58,0,0,0,0,manual
3077,18,motorcycle,731.22,499.49,755.83,530.57,0,0,0,0,manual
3078,4,motorcycle,784.71,268.8,806.73,301.18,0,0,0,0,manual
3078,5,motorcycle,733.76,427.2,755.17,460.24,0,0,0,0,manual
3078,17,motorcycle,714.65,424.92,737.96,458.59,0,0,0,0,manual
3078,18,motorcycle,730.83,498.52,755.44,529.6,0,0,0,0,manual
3079,4,motorcycle,784.65,268.34,806.66,300.72,0,0,0,0,manual
3079,5,motorcycle,733.74,428.16,755.15,461.2,0,0,0,0,manual
3079,17,motorcycle,714.52,423.93,737.83,457.6,0,0,0,0,manual
3079,18,motorcycle,730.45,497.55,755.05,528.63,0,0,0,0,manual
3080,4,motorcycle,784.58,267.89,806.6,300.27,0,0,0,0,manual
3080,5,motorcycle,733.72,429.12,755.13,462.16,0,0,1,0,manual
3080,17,motorcycle,714.39,422.93,737.7,456.6,0,0,0,0,manual
3080,18,motorcycle,730.06,496.58,754.66,527.65,0,0,0,0,manual
3081,4,motorcycle,784.52,267.44,806.53,299.82,0,0,0,0,manual
3081,5,motorcycle,733.55,429.96,754.96,463.0,0,0,0,0,manual
3081,17,motorcycle,714.26,421.94,737.57,455.61,0,0,0,0,manual
3081,18,motorcycle,729.67,495.6,754.27,526.68,0,0,0,0,manual
3082,4,motorcycle,784.45,266.98,806.47,299.36,0,0,0,0,manual
3082,5,motorcycle,733.38,430.8,754.79,463.84,0,0,0,0,manual
3082,17,motorcycle,714.13,420.95,737.44,454.62,0,0,0,0,manual
3082,18,motorcycle,729.28,494.63,753.89,525.71,0,0,0,0,manual
3083,4,motorcycle,784.39,266.53,806.4,298.91,0,0,0,0,manual
3083,5,motorcycle,733.2,431.64,754.61,464.68,0,0,0,0,manual
3083,17,motorcycle,714.0,419.96,737.31,453.62,0,0,0,0,manual
3083,18,motorcycle,728.89,493.66,753.5,524.74,0,0,0,0,manual
3084,4,motorcycle,784.32,266.08,806.34,298.46,0,0,0,0,manual
3084,5,motorcycle,733.03,432.48,754.44,465.52,0,0,0,0,manual
3084,17,motorcycle,713.87,418.96,737.18,452.63,0,0,0,0,manual
3084,18,motorcycle,728.5,492.69,753.11,523.77,0,0,0,0,manual
3085,4,motorcycle,784.26,265.62,806.27,298.0,0,0,0,0,manual
3085,5,motorcycle,732.86,433.32,754.27,466.36,0,0,0,0,manual
3085,17,motorcycle,713.74,417.97,737.05,451.64,0,0,0,0,manual
3085,18,motorcycle,728.12,491.72,752.72,522.8,0,0,0,0,manual
3086,4,motorcycle,784.2,265.17,806.21,297.55,0,0,0,0,manual
3086,5,motorcycle,732.69,434.16,754.1,467.2,0,0,0,0,manual
3086,17,motorcycle,713.61,416.98,736.92,450.65,0,0,0,0,manual
3086,18,motorcycle,727.73,490.75,752.33,521.83,0,0,0,0,manual
3087,4,motorcycle,784.13,264.72,806.14,297.1,0,0,0,0,manual
3087,5,motorcycle,732.51,435.0,753.92,468.04,0,0,0,0,manual
3087,17,motorcycle,713.48,415.98,736.79,449.65,0,0,0,0,manual
3087,18,motorcycle,727.34,489.78,751.94,520.86,0,0,0,0,manual
3088,4,motorcycle,784.07,264.26,806.08,296.64,0,0,0,0,manual
3088,5,motorcycle,732.34,435.84,753.75,468.88,0,0,0,0,manual
3088,17,motorcycle,713.35,414.99,736.66,448.66,0,0,0,0,manual
3088,18,motorcycle,726.95,488.81,751.55,519.89,0,0,0,0,manual
3089,4,motorcycle,784.0,263.81,806.01,296.19,0,0,0,0,manual
3089,5,motorcycle,732.17,436.68,753.58,469.72,0,0,0,0,manual
3089,17,motorcycle,713.22,414.0,736.53,447.67,0,0,0,0,manual
3089,18,motorcycle,726.56,487.83,751.17,518.91,0,0,0,0,manual
3090,4,motorcycle,783.94,263.36,805.95,295.74,0,0,0,0,manual
3090,5,motorcycle,732.0,437.52,753.41,470.56,0,0,0,0,manual
3090,17,motorcycle,713.09,413.01,736.4,446.68,0,0,0,0,manual
3090,18,motorcycle,726.17,486.86,750.78,517.94,0,0,0,0,manual
3091,4,motorcycle,783.87,262.91,805.88,295.29,0,0,0,0,manual
3091,5,motorcycle,731.82,438.36,753.23,471.4,0,0,0,0,manual
3091,17,motorcycle,712.96,412.01,736.27,445.68,0,0,0,0,manual
3091,18,motorcycle,725.78,485.89,750.39,516.97,0,0,0,0,manual
3092,4,motorcycle,783.81,262.45,805.82,294.83,0,0,0,0,manual
3092,5,motorcycle,731.65,439.2,753.06,472.24,0,0,0,0,manual
3092,17,motorcycle,712.83,411.02,736.14,444.69,0,0,0,0,manual
3092,18,motorcycle,725.4,484.92,750.0,516.0,0,0,0,0,manual
3093,4,motorcycle,783.74,262.0,805.76,294.38,0,0,0,0,manual
3093,5,motorcycle,731.48,440.04,752.89,473.08,0,0,0,0,manual
3093,17,motorcycle,712.71,410.03,736.01,443.7,0,0,0,0,manual
3093,18,motorcycle,725.01,483.95,749.61,515.03,0,0,0,0,manual
3094,4,motorcycle,783.68,261.55,805.69,293.93,0,0,0,0,manual
3094,5,motorcycle,731.31,440.88,752.72,473.92,0,0,0,0,manual
3094,17,motorcycle,712.58,409.03,735.88,442.7,0,0,0,0,manual
3094,18,motorcycle,724.62,482.98,749.22,514.06,0,0,0,0,manual
3095,4,motorcycle,783.61,261.09,805.63,293.47,0,0,0,0,manual
3095,5,motorcycle,731.13,441.72,752.54,474.76,0,0,0,0,manual
3095,17,motorcycle,712.45,408.04,735.76,441.71,0,0,0,0,manual
3095,18,motorcycle,724.23,482.01,748.84,513.09,0,0,0,0,manual
3096,4,motorcycle,783.55,260.64,805.56,293.02,0,0,0,0,manual
3096,5,motorcycle,730.96,442.56,752.37,475.6,0,0,0,0,manual
3096,17,motorcycle,712.32,407.05,735.63,440.72,0,0,0,0,manual
3096,18,motorcycle,723.84,481.04,748.45,512.12,0,0,0,0,manual
3097,4,motorcycle,783.48,260.19,805.5,292.57,0,0,0,0,manual
3097,5,motorcycle,730.79,443.4,752.2,476.44,0,0,0,0,manual
3097,17,motorcycle,712.19,406.06,735.5,439.73,0,0,0,0,manual
3097,18,motorcycle,723.45,480.06,748.06,511.14,0,0,0,0,manual
3098,4,motorcycle,783.42,259.73,805.43,292.11,0,0,0,0,manual
3098,5,motorcycle,730.62,444.24,752.03,477.28,0,0,0,0,manual
3098,17,motorcycle,712.06,405.06,735.37,438.73,0,0,0,0,manual
3098,18,motorcycle,723.07,479.09,747.67,510.17,0,0,1,0,manual
3099,4,motorcycle,783.36,259.28,805.37,291.66,0,0,0,0,manual
3099,5,motorcycle,730.45,445.08,751.86,478.12,0,0,0,0,manual
3099,17,motorcycle,711.93,404.07,735.24,437.74,0,0,0,0,manual
3099,18,motorcycle,722.55,478.32,747.15,509.4,0,0,0,0,manual
3100,4,motorcycle,783.29,258.83,805.3,291.21,0,0,0,0,manual
3100,5,motorcycle,730.27,445.92,751.68,478.96,0,0,0,0,manual
3100,17,motorcycle,711.8,403.08,735.11,436.75,0,0,0,0,manual
3100,18,motorcycle,722.03,477.54,746.63,508.62,0,0,0,0,manual
3101,4,motorcycle,783.23,258.37,805.24,290.75,0,0,0,0,manual
3101,5,motorcycle,730.1,446.76,751.51,479.8,0,0,0,0,manual
3101,17,motorcycle,711.67,402.09,734.98,435.75,0,0,0,0,manual
3101,18,motorcycle,721.51,476.76,746.12,507.84,0,0,0,0,manual
3102,4,motorcycle,783.16,257.92,805.17,290.3,0,0,0,0,manual
3102,5,motorcycle,729.93,447.6,751.34,480.64,0,0,0,0,manual
3102,17,motorcycle,711.54,401.09,734.85,434.76,0,0,0,0,manual
3102,18,motorcycle,720.99,475.99,745.6,507.07,0,0,0,0,manual
3103,4,motorcycle,783.1,257.47,805.11,289.85,0,0,0,0,manual
3103,5,motorcycle,729.76,448.44,751.17,481.48,0,0,0,0,manual
3103,17,motorcycle,711.41,400.1,734.72,433.77,0,0,1,0,manual
3103,18,motorcycle,720.48,475.21,745.08,506.29,0,0,0,0,manual
3104,4,motorcycle,783.03,257.01,805.04,289.39,0,0,0,0,manual
3104,5,motorcycle,729.58,449.28,750.99,482.32,0,0,0,0,manual
3104,17,motorcycle,711.25,398.75,734.56,432.42,0,0,0,0,manual
3104,18,motorcycle,719.96,474.43,744.56,505.51,0,0,0,0,manual
3105,4,motorcycle,782.97,256.56,804.98,288.94,0,0,0,0,manual
3105,5,motorcycle,729.41,450.12,750.82,483.16,0,0,0,0,manual
3105,17,motorcycle,711.1,397.41,734.41,431.08,0,0,0,0,manual
3105,18,motorcycle,719.44,473.66,744.04,504.73,0,0,0,0,manual
3106,4,motorcycle,782.9,256.11,804.91,288.49,0,0,0,0,manual
3106,5,motorcycle,729.24,450.96,750.65,484.0,0,0,0,0,manual
3106,17,motorcycle,710.94,396.06,734.25,429.73,0,0,0,0,manual
3106,18,motorcycle,718.92,472.88,743.53,503.96,0,0,0,0,manual
3107,4,motorcycle,782.84,255.65,804.85,288.03,0,0,0,0,manual
3107,5,motorcycle,729.07,451.8,750.48,484.84,0,0,0,0,manual
3107,17,motorcycle,710.79,394.71,734.1,428.38,0,0,0,0,manual
3107,18,motorcycle,718.4,472.1,743.01,503.18,0,0,0,0,manual
3108,4,motorcycle,782.77,255.2,804.78,287.58,0,0,0,0,manual
3108,5,motorcycle,728.89,452.64,750.3,485.68,0,0,0,0,manual
3108,17,motorcycle,710.63,393.37,733.94,427.03,0,0,0,0,manual
3108,18,motorcycle,717.89,471.32,742.49,502.4,0,0,1,0,manual
3109,4,motorcycle,782.71,254.75,804.72,287.13,0,0,0,0,manual
3109,5,motorcycle,728.72,453.48,750.13,486.52,0,0,0,0,manual
3109,17,motorcycle,710.48,392.02,733.79,425.69,0,0,0,0,manual
3109,18,motorcycle,717.76,470.03,742.49,501.11,0,0,0,0,manual
3110,4,motorcycle,782.64,254.29,804.65,286.67,0,0,0,0,manual
3110,5,motorcycle,728.55,454.31,749.96,487.36,0,0,0,0,manual
3110,17,motorcycle,710.32,390.67,733.63,424.34,0,0,0,0,manual
3110,18,motorcycle,717.63,468.73,742.49,499.81,0,0,0,0,manual
3111,4,motorcycle,782.58,253.84,804.59,286.22,0,0,1,0,manual
3111,5,motorcycle,728.38,455.15,749.79,488.19,0,0,0,0,manual
3111,17,motorcycle,710.17,389.33,733.48,422.99,0,0,0,0,manual
3111,18,motorcycle,717.5,467.44,742.49,498.52,0,0,0,0,manual
3112,4,motorcycle,782.64,253.04,804.65,285.42,0,0,0,0,manual
3112,5,motorcycle,728.21,455.99,749.62,489.03,0,0,0,0,manual
3112,17,motorcycle,710.01,387.98,733.32,421.65,0,0,0,0,manual
3112,18,motorcycle,717.37,466.14,742.49,497.22,0,0,0,0,manual
3113,4,motorcycle,782.69,252.25,804.7,284.63,0,0,0,0,manual
3113,5,motorcycle,728.03,456.83,749.44,489.87,0,0,0,0,manual
3113,17,motorcycle,709.86,386.63,733.17,420.3,0,0,0,0,manual
3113,18,motorcycle,717.24,464.85,742.49,495.93,0,0,0,0,manual
3114,4,motorcycle,782.75,251.45,804.76,283.83,0,0,0,0,manual
3114,5,motorcycle,727.86,457.67,749.27,490.71,0,0,0,0,manual
3114,17,motorcycle,709.7,385.28,733.01,418.95,0,0,0,0,manual
3114,18,motorcycle,717.11,463.55,742.49,494.63,0,0,0,0,manual
3115,4,motorcycle,782.8,250.66,804.81,283.04,0,0,0,0,manual
3115,5,motorcycle,727.69,458.51,749.1,491.55,0,0,0,0,manual
3115,17,motorcycle,709.55,383.94,732.85,417.61,0,0,0,0,manual
3115,18,motorcycle,716.98,462.26,742.49,493.34,0,0,0,0,manual
3116,4,motorcycle,782.86,249.86,804.87,282.24,0,0,0,0,manual
3116,5,motorcycle,727.52,459.35,748.93,492.39,0,0,0,0,manual
3116,17,motorcycle,709.39,382.59,732.7,416.26,0,0,0,0,manual
3116,18,motorcycle,716.85,460.96,742.49,492.04,0,0,0,0,manual
3117,4,motorcycle,782.91,249.07,804.92,281.45,0,0,0,0,manual
3117,5,motorcycle,727.34,460.19,748.75,493.23,0,0,0,0,manual
3117,17,motorcycle,709.23,381.24,732.54,414.91,0,0,0,0,manual
3117,18,motorcycle,716.72,459.67,742.49,490.75,0,0,0,0,manual
3118,4,motorcycle,782.97,248.27,804.98,280.65,0,0,0,0,manual
3118,5,motorcycle,727.17,461.03,748.58,494.07,0,0,0,0,manual
3118,17,motorcycle,709.08,379.9,732.39,413.57,0,0,0,0,manual
3118,18,motorcycle,716.59,458.37,742.49,489.45,0,0,0,0,manual
3119,4,motorcycle,783.02,247.48,805.03,279.86,0,0,0,0,manual
3119,5,motorcycle,727.0,461.87,748.41,494.91,0,0,0,0,manual
3119,17,motorcycle,708.92,378.55,732.23,412.22,0,0,0,0,manual
3119,18,motorcycle,716.46,457.08,742.49,488.16,0,0,0,0,manual
3120,4,motorcycle,783.08,246.68,805.09,279.06,0,0,0,0,manual
3120,5,motorcycle,726.83,462.71,748.24,495.75,0,0,0,0,manual
3120,17,motorcycle,708.77,377.2,732.08,410.87,0,0,0,0,manual
3120,18,motorcycle,716.33,455.78,742.49,486.86,0,0,0,0,manual
3121,4,motorcycle,783.13,245.89,805.14,278.26,0,0,0,0,manual
3121,5,motorcycle,726.65,463.55,748.06,496.59,0,0,0,0,manual
3121,17,motorcycle,708.61,375.86,731.92,409.53,0,0,0,0,manual
3121,18,motorcycle,716.21,454.49,742.49,485.57,0,0,0,0,manual
3122,4,motorcycle,783.19,245.09,805.2,277.47,0,0,0,0,manual
3122,5,motorcycle,726.48,464.39,747.89,497.43,0,0,0,0,manual
3122,17,motorcycle,708.46,374.51,731.77,408.18,0,0,0,0,manual
3122,18,motorcycle,716.08,453.19,742.49,484.27,0,0,0,0,manual
3123,4,motorcycle,783.25,244.29,805.26,276.67,0,0,0,0,manual
3123,5,motorcycle,726.31,465.23,747.72,498.27,0,0,0,0,manual
3123,17,motorcycle,708.3,373.16,731.61,406.83,0,0,0,0,manual
3123,18,motorcycle,715.95,451.9,742.49,482.98,0,0,0,0,manual
3124,4,motorcycle,783.3,243.5,805.31,275.88,0,0,0,0,manual
3124,5,motorcycle,726.14,466.07,747.55,499.11,0,0,0,0,manual
3124,17,motorcycle,708.15,371.82,731.46,405.49,0,0,0,0,manual
3124,18,motorcycle,715.82,450.6,742.49,481.68,0,0,0,0,manual
3125,4,motorcycle,783.36,242.7,805.37,275.08,0,0,0,0,manual
3125,5,motorcycle,725.97,466.91,747.38,499.95,0,0,0,0,manual
3125,17,motorcycle,707.99,370.47,731.3,404.14,0,0,0,0,manual
3125,18,motorcycle,715.69,449.31,742.49,480.39,0,0,0,0,manual
3126,4,motorcycle,783.41,241.91,805.42,274.29,0,0,0,0,manual
3126,5,motorcycle,725.79,467.75,747.2,500.79,0,0,0,0,manual
3126,17,motorcycle,707.84,369.12,731.15,402.79,0,0,0,0,manual
3126,18,motorcycle,715.56,448.01,742.49,479.09,0,0,0,0,manual
3127,4,motorcycle,783.47,241.11,805.48,273.49,0,0,0,0,manual
3127,5,motorcycle,725.62,468.59,747.03,501.63,0,0,0,0,manual
3127,17,motorcycle,707.68,367.78,730.99,401.45,0,0,0,0,manual
3127,18,motorcycle,715.43,446.72,742.49,477.8,0,0,0,0,manual
3128,4,motorcycle,783.52,240.32,805.53,272.7,0,0,0,0,manual
3128,5,motorcycle,725.45,469.43,746.86,502.47,0,0,0,0,manual
3128,17,motorcycle,707.53,366.43,730.83,400.1,0,0,1,0,manual
3128,18,motorcycle,715.3,445.42,742.49,476.5,0,0,1,0,manual
3129,4,motorcycle,783.58,239.52,805.59,271.9,0,0,0,0,manual
3129,5,motorcycle,725.28,470.27,746.69,503.31,0,0,0,0,manual
3129,17,motorcycle,707.27,365.26,730.58,398.93,0,0,0,0,manual
3129,18,motorcycle,715.11,444.71,742.3,475.79,0,0,0,0,manual
3130,4,motorcycle,783.63,238.73,805.64,271.1,0,0,0,0,manual
3130,5,motorcycle,725.1,471.11,746.51,504.15,0,0,0,0,manual
3130,17,motorcycle,707.01,364.1,730.32,397.77,0,0,0,0,manual
3130,18,motorcycle,714.91,444.0,742.1,475.08,0,0,0,0,manual
3131,4,motorcycle,783.69,237.93,805.7,270.31,0,0,0,0,manual
3131,5,motorcycle,724.93,471.95,746.34,504.99,0,0,0,0,manual
3131,17,motorcycle,706.75,362.93,730.06,396.6,0,0,0,0,manual
3131,18,motorcycle,714.72,443.29,741.91,474.37,0,0,0,0,manual
3132,4,motorcycle,783.74,237.14,805.75,269.51,0,0,0,0,manual
3132,5,motorcycle,724.76,472.79,746.17,505.83,0,0,0,0,manual
3132,17,motorcycle,706.49,361.77,729.8,395.44,0,0,0,0,manual
3132,18,motorcycle,714.52,442.58,741.71,473.66,0,0,0,0,manual
3133,4,motorcycle,783.8,236.34,805.81,268.72,0,0,0,0,manual
3133,5,motorcycle,724.59,473.63,746.0,506.67,0,0,0,0,manual
3133,17,motorcycle,706.23,360.6,729.54,394.27,0,0,0,0,manual
3133,18,motorcycle,714.33,441.86,741.52,472.94,0,0,0,0,manual
3134,4,motorcycle,783.85,235.55,805.86,267.92,0,0,0,0,manual
3134,5,motorcycle,724.41,474.47,745.82,507.51,0,0,0,0,manual
3134,17,motorcycle,705.97,359.44,729.28,393.11,0,0,0,0,manual
3134,18,motorcycle,714.13,441.15,741.32,472.23,0,0,0,0,manual
3135,4,motorcycle,783.91,234.75,805.92,267.13,0,0,0,0,manual
3135,5,motorcycle,724.24,475.31,745.65,508.35,0,0,0,0,manual
3135,17,motorcycle,705.71,358.27,729.02,391.94,0,0,0,0,manual
3135,18,motorcycle,713.94,440.44,741.13,471.52,0,0,0,0,manual
3136,4,motorcycle,783.97,233.95,805.98,266.33,0,0,0,0,manual
3136,5,motorcycle,724.07,476.15,745.48,509.19,0,0,0,0,manual
3136,17,motorcycle,705.45,357.11,728.76,390.78,0,0,0,0,manual
3136,18,motorcycle,713.75,439.73,740.94,470.81,0,0,0,0,manual
3137,4,motorcycle,784.02,233.16,806.03,265.54,0,0,0,0,manual
3137,5,motorcycle,723.9,476.99,745.31,510.03,0,0,0,0,manual
3137,17,motorcycle,705.19,355.94,728.5,389.61,0,0,0,0,manual
3137,18,motorcycle,713.55,439.01,740.74,470.09,0,0,0,0,manual
3138,4,motorcycle,784.08,232.36,806.09,264.74,0,0,0,0,manual
3138,5,motorcycle,723.72,477.83,745.13,510.87,0,0,0,0,manual
3138,17,motorcycle,704.94,354.78,728.24,388.44,0,0,0,0,manual
3138,18,motorcycle,713.36,438.3,740.55,469.38,0,0,0,0,manual
3139,4,motorcycle,784.13,231.57,806.14,263.94,0,0,0,0,manual
3139,5,motorcycle,723.55,478.67,744.96,511.71,0,0,0,0,manual
3139,17,motorcycle,704.68,353.61,727.99,387.28,0,0,0,0,manual
3139,18,motorcycle,713.16,437.59,740.35,468.67,0,0,0,0,manual
3140,4,motorcycle,784.19,230.77,806.2,263.15,0,0,0,0,manual
3140,5,motorcycle,723.38,479.51,744.79,512.55,0,0,1,0,manual
3140,17,motorcycle,704.42,352.44,727.73,386.11,0,0,0,0,manual
3140,18,motorcycle,712.97,436.88,740.16,467.96,0,0,0,0,manual
3141,4,motorcycle,784.24,229.98,806.25,262.35,0,0,0,0,manual
3141,5,motorcycle,723.02,479.75,744.43,512.79,0,0,0,0,manual
3141,17,motorcycle,704.16,351.28,727.47,384.95,0,0,0,0,manual
3141,18,motorcycle,712.77,436.17,739.97,467.25,0,0,0,0,manual
3142,4,motorcycle,784.3,229.18,806.31,261.56,0,0,0,0,manual
3142,5,motorcycle,722.67,479.99,744.08,513.03,0,0,0,0,manual
3142,17,motorcycle,703.9,350.11,727.21,383.78,0,0,0,0,manual
3142,18,motorcycle,712.58,435.45,739.77,466.53,0,0,0,0,manual
3143,4,motorcycle,784.35,228.39,806.36,260.76,0,0,0,0,manual
3143,5,motorcycle,722.31,480.24,743.72,513.28,0,0,0,0,manual
3143,17,motorcycle,703.64,348.95,726.95,382.62,0,0,0,0,manual
3143,18,motorcycle,712.39,434.74,739.58,465.82,0,0,0,0,manual
3144,4,motorcycle,784.41,227.59,806.42,259.97,0,0,0,0,manual
3144,5,motorcycle,721.96,480.48,743.37,513.52,0,0,0,0,manual
3144,17,motorcycle,703.38,347.78,726.69,381.45,0,0,0,0,manual
3144,18,motorcycle,712.19,434.03,739.38,465.11,0,0,0,0,manual
3145,4,motorcycle,784.46,226.8,806.47,259.17,0,0,0,0,manual
3145,5,motorcycle,721.6,480.72,743.01,513.76,0,0,0,0,manual
3145,17,motorcycle,703.12,346.62,726.43,380.29,0,0,0,0,manual
3145,18,motorcycle,712.0,433.32,739.19,464.4,0,0,0,0,manual
3146,4,motorcycle,784.52,226.0,806.53,258.38,0,0,0,0,manual
3146,5,motorcycle,721.25,480.96,742.66,514.0,0,0,0,0,manual
3146,17,motorcycle,702.86,345.45,726.17,379.12,0,0,0,0,manual
3146,18,motorcycle,711.8,432.61,738.99,463.68,0,0,0,0,manual
3147,4,motorcycle,784.58,225.2,806.59,257.58,0,0,0,0,manual
3147,5,motorcycle,720.89,481.21,742.3,514.25,0,0,0,0,manual
3147,17,motorcycle,702.6,344.29,725.91,377.96,0,0,0,0,manual
3147,18,motorcycle,711.61,431.89,738.8,462.97,0,0,0,0,manual
3148,4,motorcycle,784.63,224.41,806.64,256.78,0,0,0,0,manual
3148,5,motorcycle,720.54,481.45,741.95,514.49,0,0,0,0,manual
3148,17,motorcycle,702.35,343.12,725.66,376.79,0,0,1,0,manual
3148,18,motorcycle,711.42,431.18,738.61,462.26,0,0,1,0,manual
3148,19,motorcycle,728.24,564.56,754.14,594.35,0,0,1,0,manual
3148,20,car,729.54,534.78,754.14,564.56,0,0,1,0,manual
3149,4,motorcycle,784.69,223.61,806.7,255.99,0,0,0,0,manual
3149,5,motorcycle,720.18,481.69,741.59,514.73,0,0,0,0,manual
3149,17,motorcycle,702.28,342.47,725.59,376.14,0,0,0,0,manual
3149,18,motorcycle,711.22,430.27,738.41,461.35,0,0,0,0,manual
3149,19,motorcycle,727.51,563.83,753.41,593.61,0,0,0,0,manual
3149,20,car,729.41,534.6,754.01,564.39,0,0,0,0,manual
3150,4,motorcycle,784.74,222.82,806.75,255.19,0,0,0,0,manual
3150,5,motorcycle,719.83,481.93,741.24,514.97,0,0,0,0,manual
3150,17,motorcycle,702.22,341.83,725.53,375.5,0,0,0,0,manual
3150,18,motorcycle,711.03,429.37,738.22,460.45,0,0,0,0,manual
3150,19,motorcycle,726.78,563.09,752.68,592.88,0,0,0,0,manual
3150,20,car,729.28,534.43,753.88,564.22,0,0,0,0,manual
3151,4,motorcycle,784.8,222.02,806.81,254.4,0,0,0,0,manual
3151,5,motorcycle,719.47,482.18,740.88,515.22,0,0,0,0,manual
3151,17,motorcycle,702.15,341.18,725.46,374.85,0,0,0,0,manual
3151,18,motorcycle,710.83,428.46,738.02,459.54,0,0,0,0,manual
3151,19,motorcycle,726.04,562.36,751.94,592.14,0,0,0,0,manual
3151,20,car,729.15,534.26,753.76,564.04,0,0,0,0,manual
3152,4,motorcycle,784.85,221.23,806.86,253.6,0,0,0,0,manual
3152,5,motorcycle,719.12,482.42,740.53,515.46,0,0,0,0,manual
3152,17,motorcycle,702.09,340.53,725.4,374.2,0,0,0,0,manual
3152,18,motorcycle,710.64,427.55,737.83,458.63,0,0,0,0,manual
3152,19,motorcycle,725.31,561.63,751.21,591.41,0,0,0,0,manual
3152,20,car,729.02,534.09,753.63,563.87,0,0,0,0,manual
3153,4,motorcycle,784.91,220.43,806.92,252.81,0,0,0,0,manual
3153,5,motorcycle,718.76,482.66,740.17,515.7,0,0,0,0,manual
3153,17,motorcycle,702.02,339.88,725.33,373.55,0,0,0,0,manual
3153,18,motorcycle,710.44,426.65,737.63,457.73,0,0,0,0,manual
3153,19,motorcycle,724.58,560.89,750.47,590.68,0,0,0,0,manual
3153,20,car,728.89,533.91,753.5,563.7,0,0,0,0,manual
3154,4,motorcycle,784.96,219.64,806.97,252.01,0,0,0,0,manual
3154,5,motorcycle,718.4,482.9,739.81,515.94,0,0,0,0,manual
3154,17,motorcycle,701.96,339.24,725.27,372.91,0,0,0,0,manual
3154,18,motorcycle,710.25,425.74,737.44,456.82,0,0,0,0,manual
3154,19,motorcycle,723.84,560.16,749.74,589.94,0,0,0,0,manual
3154,20,car,728.76,533.74,753.37,563.53,0,0,0,0,manual
3155,4,motorcycle,785.02,218.84,807.03,251.21,0,0,0,0,manual
3155,5,motorcycle,718.05,483.15,739.46,516.19,0,0,0,0,manual
3155,17,motorcycle,701.89,338.59,725.2,372.26,0,0,0,0,manual
3155,18,motorcycle,710.06,424.84,737.25,455.91,0,0,0,0,manual
3155,19,motorcycle,723.11,559.42,749.01,589.21,0,0,0,0,manual
3155,20,car,728.63,533.57,753.24,563.35,0,0,0,0,manual
3156,4,motorcycle,785.07,218.05,807.08,250.42,0,0,0,0,manual
3156,5,motorcycle,717.69,483.39,739.1,516.43,0,0,0,0,manual
3156,17,motorcycle,701.83,337.94,725.14,371.61,0,0,0,0,manual
3156,18,motorcycle,709.86,423.93,737.05,455.01,0,0,0,0,manual
3156,19,motorcycle,722.37,558.69,748.27,588.47,0,0,0,0,manual
3156,20,car,728.5,533.4,753.11,563.18,0,0,0,0,manual
3157,4,motorcycle,785.13,217.25,807.14,249.62,0,0,0,0,manual
3157,5,motorcycle,717.34,483.63,738.75,516.67,0,0,0,0,manual
3157,17,motorcycle,701.76,337.29,725.07,370.96,0,0,0,0,manual
3157,18,motorcycle,709.67,423.02,736.86,454.1,0,0,0,0,manual
3157,19,motorcycle,721.64,557.96,747.54,587.74,0,0,0,0,manual
3157,20,car,728.37,533.22,752.98,563.01,0,0,0,0,manual
3158,4,motorcycle,785.19,216.45,807.2,248.83,0,0,0,0,manual
3158,5,motorcycle,716.98,483.87,738.39,516.91,0,0,0,0,manual
3158,17,motorcycle,701.7,336.65,725.01,370.32,0,0,0,0,manual
3158,18,motorcycle,709.47,422.12,736.66,453.2,0,0,0,0,manual
3158,19,motorcycle,720.91,557.22,746.81,587.01,0,0,0,0,manual
3158,20,car,728.24,533.05,752.85,562.83,0,0,0,0,manual
3159,4,motorcycle,785.24,215.66,807.25,248.03,0,0,0,0,manual
3159,5,motorcycle,716.63,484.12,738.04,517.16,0,0,0,0,manual
3159,17,motorcycle,701.63,336.0,724.94,369.67,0,0,0,0,manual
3159,18,motorcycle,709.28,421.21,736.47,452.29,0,0,0,0,manual
3159,19,motorcycle,720.17,556.49,746.07,586.27,0,0,0,0,manual
3159,20,car,728.12,532.88,752.72,562.66,0,0,0,0,manual
3160,4,motorcycle,785.3,214.86,807.31,247.24,0,0,0,0,manual
3160,5,motorcycle,716.27,484.36,737.68,517.4,0,0,0,0,manual
3160,17,motorcycle,701.57,335.35,724.88,369.02,0,0,0,0,manual
3160,18,motorcycle,709.08,420.3,736.27,451.38,0,0,0,0,manual
3160,19,motorcycle,719.44,555.76,745.34,585.54,0,0,0,0,manual
3160,20,car,727.99,532.71,752.59,562.49,0,0,0,0,manual
3161,4,motorcycle,785.35,214.07,807.36,246.44,0,0,0,0,manual
3161,5,motorcycle,715.92,484.6,737.33,517.64,0,0,0,0,manual
3161,17,motorcycle,701.5,334.7,724.81,368.37,0,0,0,0,manual
3161,18,motorcycle,708.89,419.4,736.08,450.48,0,0,0,0,manual
3161,19,motorcycle,718.71,555.02,744.6,584.81,0,0,0,0,manual
3161,20,car,727.86,532.53,752.46,562.32,0,0,0,0,manual
3162,4,motorcycle,785.41,213.27,807.42,245.65,0,0,0,0,manual
3162,5,motorcycle,715.56,484.84,736.97,517.88,0,0,0,0,manual
3162,17,motorcycle,701.44,334.06,724.75,367.73,0,0,0,0,manual
3162,18,motorcycle,708.7,418.49,735.89,449.57,0,0,0,0,manual
3162,19,motorcycle,717.97,554.29,743.87,584.07,0,0,0,0,manual
3162,20,car,727.73,532.36,752.33,562.14,0,0,0,0,manual
3163,4,motorcycle,785.46,212.48,807.47,244.85,0,0,0,0,manual
3163,5,motorcycle,715.21,485.08,736.62,518.12,0,0,0,0,manual
3163,17,motorcycle,701.37,333.41,724.68,367.08,0,0,0,0,manual
3163,18,motorcycle,708.5,417.58,735.69,448.66,0,0,0,0,manual
3163,19,motorcycle,717.24,553.55,743.14,583.34,0,0,0,0,manual
3163,20,car,727.6,532.19,752.2,561.97,0,0,0,0,manual
3164,4,motorcycle,785.52,211.68,807.53,244.05,0,0,0,0,manual
3164,5,motorcycle,714.85,485.33,736.26,518.37,0,0,0,0,manual
3164,17,motorcycle,701.31,332.76,724.62,366.43,0,0,0,0,manual
3164,18,motorcycle,708.31,416.68,735.5,447.76,0,0,0,0,manual
3164,19,motorcycle,716.5,552.82,742.4,582.6,0,0,0,0,manual
3164,20,car,727.47,532.01,752.07,561.8,0,0,0,0,manual
3165,4,motorcycle,785.57,210.89,807.58,243.26,0,0,0,0,manual
3165,5,motorcycle,714.5,485.57,735.91,518.61,0,0,0,0,manual
3165,17,motorcycle,701.25,332.11,724.55,365.78,0,0,0,0,manual
3165,18,motorcycle,708.11,415.77,735.3,446.85,0,0,0,0,manual
3165,19,motorcycle,715.77,552.09,741.67,581.87,0,0,0,0,manual
3165,20,car,727.34,531.84,751.94,561.63,0,0,0,0,manual
3166,4,motorcycle,785.63,210.09,807.64,242.46,0,0,0,0,manual
3166,5,motorcycle,714.14,485.81,735.55,518.85,0,0,0,0,manual
3166,17,motorcycle,701.18,331.47,724.49,365.13,0,0,0,0,manual
3166,18,motorcycle,707.92,414.86,735.11,445.94,0,0,0,0,manual
3166,19,motorcycle,715.04,551.35,740.94,581.14,0,0,0,0,manual
3166,20,car,727.21,531.67,751.81,561.45,0,0,0,0,manual
3167,4,motorcycle,785.68,209.3,807.69,241.67,0,0,0,0,manual
3167,5,motorcycle,713.78,486.05,735.19,519.09,0,0,0,0,manual
3167,17,motorcycle,701.12,330.82,724.42,364.49,0,0,0,0,manual
3167,18,motorcycle,707.72,413.96,734.91,445.04,0,0,0,0,manual
3167,19,motorcycle,714.3,550.62,740.2,580.4,0,0,0,0,manual
3167,20,car,727.08,531.5,751.68,561.28,0,0,0,0,manual
3168,4,motorcycle,785.74,208.5,807.75,240.87,0,0,0,0,manual
3168,5,motorcycle,713.43,486.3,734.84,519.34,0,0,0,0,manual
3168,17,motorcycle,701.05,330.17,724.36,363.84,0,0,1,0,manual
3168,18,motorcycle,707.53,413.05,734.72,444.13,0,0,1,0,manual
3168,19,motorcycle,713.57,549.88,739.47,579.67,0,0,0,0,manual
3168,20,car,726.95,531.32,751.55,561.11,0,0,0,0,manual
3169,4,motorcycle,785.79,207.71,807.8,240.08,0,0,0,0,manual
3169,5,motorcycle,713.07,486.54,734.48,519.58,0,0,0,0,manual
3169,17,motorcycle,701.05,330.17,724.36,363.84,0,0,0,0,manual
3169,18,motorcycle,707.53,413.05,734.72,444.13,0,0,0,0,manual
3169,19,motorcycle,712.83,549.15,738.73,578.94,0,0,0,0,manual
3169,20,car,726.82,531.15,751.42,560.94,0,0,0,0,manual
3170,4,motorcycle,785.85,206.91,807.86,239.28,0,0,0,0,manual
3170,5,motorcycle,712.72,486.78,734.13,519.82,0,0,0,0,manual
3170,17,motorcycle,701.05,330.17,724.36,363.84,0,0,0,0,manual
3170,18,motorcycle,707.53,413.05,734.72,444.13,0,0,0,0,manual
3170,19,motorcycle,712.1,548.42,738.0,578.2,0,0,0,0,manual
3170,20,car,726.69,530.98,751.3,560.76,0,0,0,0,manual
3171,4,motorcycle,785.91,206.11,807.92,238.49,0,0,0,0,manual
3171,5,motorcycle,712.36,487.02,733.77,520.06,0,0,0,0,manual
3171,17,motorcycle,701.05,330.17,724.36,363.84,1,0,1,0,manual
3171,18,motorcycle,707.53,413.05,734.72,444.13,1,0,1,0,manual
3171,19,motorcycle,711.37,547.68,737.27,577.47,0,0,0,0,manual
3171,20,car,726.56,530.81,751.17,560.59,0,0,0,0,manual
3172,4,motorcycle,785.96,205.32,807.97,237.69,0,0,0,0,manual
3172,5,motorcycle,712.01,487.27,733.42,520.31,0,0,0,0,manual
3172,19,motorcycle,710.63,546.95,736.53,576.73,0,0,0,0,manual
3172,20,car,726.43,530.63,751.04,560.42,0,0,0,0,manual
3173,4,motorcycle,786.02,204.52,808.03,236.89,0,0,0,0,manual
3173,5,motorcycle,711.65,487.51,733.06,520.55,0,0,0,0,manual
3173,19,motorcycle,709.9,546.22,735.8,576.0,0,0,0,0,manual
3173,20,car,726.3,530.46,750.91,560.25,0,0,0,0,manual
3174,4,motorcycle,786.07,203.73,808.08,236.1,0,0,0,0,manual
3174,5,motorcycle,711.3,487.75,732.71,520.79,0,0,0,0,manual
3174,19,motorcycle,709.17,545.48,735.06,575.27,0,0,0,0,manual
3174,20,car,726.17,530.29,750.78,560.07,0,0,0,0,manual
3175,4,motorcycle,786.13,202.93,808.14,235.3,0,0,0,0,manual
3175,5,motorcycle,710.94,487.99,732.35,521.03,0,0,0,0,manual
3175,19,motorcycle,708.43,544.75,734.33,574.53,0,0,0,0,manual
3175,20,car,726.04,530.12,750.65,559.9,0,0,0,0,manual
3176,4,motorcycle,786.18,202.14,808.19,234.51,0,0,0,0,manual
3176,5,motorcycle,710.59,488.24,732.0,521.28,0,0,0,0,manual
3176,19,motorcycle,707.7,544.01,733.6,573.8,0,0,0,0,manual
3176,20,car,725.91,529.94,750.52,559.73,0,0,0,0,manual
3177,4,motorcycle,786.24,201.34,808.25,233.71,0,0,0,0,manual
3177,5,motorcycle,710.23,488.48,731.64,521.52,0,0,0,0,manual
3177,19,motorcycle,706.96,543.28,732.86,573.06,0,0,0,0,manual
3177,20,car,725.78,529.77,750.39,559.55,0,0,0,0,manual
3178,4,motorcycle,786.29,200.55,808.3,232.92,0,0,0,0,manual
3178,5,motorcycle,709.88,488.72,731.29,521.76,0,0,0,0,manual
3178,19,motorcycle,706.23,542.55,732.13,572.33,0,0,1,0,manual
3178,20,car,725.66,529.6,750.26,559.38,0,0,1,0,manual
3179,4,motorcycle,786.35,199.75,808.36,232.12,0,0,0,0,manual
3179,5,motorcycle,709.52,488.96,730.93,522.0,0,0,0,0,manual
3179,19,motorcycle,705.32,541.42,731.22,571.21,0,0,0,0,manual
3179,20,car,725.53,529.42,750.13,559.21,0,0,0,0,manual
3180,4,motorcycle,786.4,198.96,808.41,231.33,0,0,0,0,manual
3180,5,motorcycle,709.16,489.2,730.58,522.25,0,0,0,0,manual
3180,19,motorcycle,704.42,540.3,730.32,570.09,0,0,0,0,manual
3180,20,car,725.4,529.25,750.0,559.04,0,0,0,0,manual
3181,4,motorcycle,786.46,198.16,808.47,230.53,0,0,1,0,manual
3181,5,motorcycle,708.81,489.45,730.22,522.49,0,0,0,0,manual
3181,19,motorcycle,703.51,539.18,729.41,568.96,0,0,0,0,manual
3181,20,car,725.27,529.08,749.87,558.86,0,0,0,0,manual
3182,4,motorcycle,786.46,198.16,808.47,230.53,1,0,1,0,manual
3182,5,motorcycle,708.45,489.69,729.86,522.73,0,0,0,0,manual
3182,19,motorcycle,702.6,538.06,728.5,567.84,0,0,0,0,manual
3182,20,car,725.14,528.91,749.74,558.69,0,0,0,0,manual
3183,5,motorcycle,708.1,489.93,729.51,522.97,0,0,0,0,manual
3183,19,motorcycle,701.7,536.94,727.6,566.72,0,0,0,0,manual
3183,20,car,725.01,528.73,749.61,558.52,0,0,0,0,manual
3184,5,motorcycle,707.74,490.17,729.15,523.21,0,0,0,0,manual
3184,19,motorcycle,700.79,535.81,726.69,565.6,0,0,0,0,manual
3184,20,car,724.88,528.56,749.48,558.35,0,0,0,0,manual
3185,5,motorcycle,707.39,490.42,728.8,523.46,0,0,0,0,manual
3185,19,motorcycle,699.89,534.69,725.78,564.47,0,0,0,0,manual
3185,20,car,724.75,528.39,749.35,558.17,0,0,0,0,manual
3186,5,motorcycle,707.03,490.66,728.44,523.7,0,0,0,0,manual
3186,19,motorcycle,698.98,533.57,724.88,563.35,0,0,0,0,manual
3186,20,car,724.62,528.22,749.22,558.0,0,0,0,0,manual
3187,5,motorcycle,706.68,490.9,728.09,523.94,0,0,0,0,manual
3187,19,motorcycle,698.07,532.45,723.97,562.23,0,0,0,0,manual
3187,20,car,724.49,528.04,749.09,557.83,0,0,0,0,manual
3188,5,motorcycle,706.32,491.14,727.73,524.18,0,0,0,0,manual
3188,19,motorcycle,697.17,531.32,723.07,561.11,0,0,0,0,manual
3188,20,car,724.36,527.87,748.96,557.65,0,0,0,0,manual
3189,5,motorcycle,705.97,491.39,727.38,524.43,0,0,0,0,manual
3189,19,motorcycle,696.26,530.2,722.16,559.99,0,0,0,0,manual
3189,20,car,724.23,527.7,748.84,557.48,0,0,0,0,manual
3190,5,motorcycle,705.61,491.63,727.02,524.67,0,0,0,0,manual
3190,19,motorcycle,695.35,529.08,721.25,558.86,0,0,0,0,manual
3190,20,car,724.1,527.53,748.71,557.31,0,0,0,0,manual
3191,5,motorcycle,705.26,491.87,726.67,524.91,0,0,0,0,manual
3191,19,motorcycle,694.45,527.96,720.35,557.74,0,0,0,0,manual
3191,20,car,723.97,527.35,748.58,557.14,0,0,0,0,manual
3192,5,motorcycle,704.9,492.11,726.31,525.15,0,0,0,0,manual
3192,19,motorcycle,693.54,526.83,719.44,556.62,0,0,0,0,manual
3192,20,car,723.84,527.18,748.45,556.96,0,0,0,0,manual
3193,5,motorcycle,704.55,492.36,725.96,525.4,0,0,0,0,manual
3193,19,motorcycle,692.63,525.71,718.53,555.5,0,0,0,0,manual
3193,20,car,723.71,527.01,748.32,556.79,0,0,0,0,manual
3194,5,motorcycle,704.19,492.6,725.6,525.64,0,0,0,0,manual
3194,19,motorcycle,691.73,524.59,717.63,554.37,0,0,0,0,manual
3194,20,car,723.58,526.83,748.19,556.62,0,0,0,0,manual
3195,5,motorcycle,703.83,492.84,725.24,525.88,0,0,0,0,manual
3195,19,motorcycle,690.82,523.47,716.72,553.25,0,0,0,0,manual
3195,20,car,723.45,526.66,748.06,556.45,0,0,0,0,manual
3196,5,motorcycle,703.48,493.08,724.89,526.12,0,0,0,0,manual
3196,19,motorcycle,689.91,522.35,715.81,552.13,0,0,0,0,manual
3196,20,car,723.32,526.49,747.93,556.27,0,0,0,0,manual
3197,5,motorcycle,703.12,493.33,724.53,526.37,0,0,0,0,manual
3197,19,motorcycle,689.01,521.22,714.91,551.01,0,0,0,0,manual
3197,20,car,723.19,526.32,747.8,556.1,0,0,0,0,manual
3198,5,motorcycle,702.77,493.57,724.18,526.61,0,0,0,0,manual
3198,19,motorcycle,688.1,520.1,714.0,549.89,0,0,0,0,manual
3198,20,car,723.07,526.14,747.67,555.93,0,0,0,0,manual
3199,5,motorcycle,702.41,493.81,723.82,526.85,0,0,0,0,manual
3199,19,motorcycle,687.2,518.98,713.09,548.76,0,0,0,0,manual
3199,20,car,722.94,525.97,747.54,555.76,0,0,0,0,manual
3200,5,motorcycle,702.06,494.05,723.47,527.09,0,0,0,0,manual
3200,19,motorcycle,686.29,517.86,712.19,547.64,0,0,0,0,manual
3200,20,car,722.81,525.8,747.41,555.58,0,0,0,0,manual
3201,5,motorcycle,701.7,494.29,723.11,527.33,0,0,0,0,manual
3201,19,motorcycle,685.38,516.73,711.28,546.52,0,0,0,0,manual
3201,20,car,722.68,525.63,747.28,555.41,0,0,0,0,manual
3202,5,motorcycle,701.35,494.54,722.76,527.58,0,0,0,0,manual
3202,19,motorcycle,684.48,515.61,710.38,545.4,0,0,0,0,manual
3202,20,car,722.55,525.45,747.15,555.24,0,0,0,0,manual
3203,5,motorcycle,700.99,494.78,722.4,527.82,0,0,0,0,manual
3203,19,motorcycle,683.57,514.49,709.47,544.27,0,0,0,0,manual
3203,20,car,722.42,525.28,747.02,555.06,0,0,0,0,manual
3204,5,motorcycle,700.64,495.02,722.05,528.06,0,0,0,0,manual
3204,19,motorcycle,682.66,513.37,708.56,543.15,0,0,0,0,manual
3204,20,car,722.29,525.11,746.89,554.89,0,0,0,0,manual
3205,5,motorcycle,700.28,495.26,721.69,528.3,0,0,0,0,manual
3205,19,motorcycle,681.76,512.24,707.66,542.03,0,0,0,0,manual
3205,20,car,722.16,524.94,746.76,554.72,0,0,0,0,manual
3206,5,motorcycle,699.93,495.51,721.34,528.55,0,0,0,0,manual
3206,19,motorcycle,680.85,511.12,706.75,540.91,0,0,0,0,manual
3206,20,car,722.03,524.76,746.63,554.55,0,0,0,0,manual
3207,5,motorcycle,699.57,495.75,720.98,528.79,0,0,0,0,manual
3207,19,motorcycle,679.94,510.0,705.84,539.78,0,0,0,0,manual
3207,20,car,721.9,524.59,746.5,554.37,0,0,0,0,manual
3208,5,motorcycle,699.21,495.99,720.62,529.03,0,0,0,0,manual
3208,19,motorcycle,679.04,508.88,704.94,538.66,0,0,1,0,manual
3208,20,car,721.77,524.42,746.37,554.2,0,0,1,0,manual
3209,5,motorcycle,698.86,496.23,720.27,529.27,0,0,0,0,manual
3209,19,motorcycle,678.46,507.71,704.42,537.5,0,0,0,0,manual
3209,20,car,721.77,523.96,746.37,553.75,0,0,0,0,manual
3210,5,motorcycle,698.5,496.48,719.91,529.52,0,0,0,0,manual
3210,19,motorcycle,677.87,506.55,703.9,536.33,0,0,0,0,manual
3210,20,car,721.77,523.51,746.37,553.29,0,0,0,0,manual
3211,5,motorcycle,698.15,496.72,719.56,529.76,0,0,0,0,manual
3211,19,motorcycle,677.29,505.38,703.38,535.17,0,0,0,0,manual
3211,20,car,721.77,523.06,746.37,552.84,0,0,0,0,manual
3212,5,motorcycle,697.79,496.96,719.2,530.0,0,0,0,0,manual
3212,19,motorcycle,676.71,504.22,702.86,534.0,0,0,0,0,manual
3212,20,car,721.77,522.6,746.37,552.39,0,0,0,0,manual
3213,5,motorcycle,697.44,497.2,718.85,530.24,0,0,0,0,manual
3213,19,motorcycle,676.13,503.05,702.35,532.83,0,0,0,0,manual
3213,20,car,721.77,522.15,746.37,551.93,0,0,0,0,manual
3214,5,motorcycle,697.08,497.45,718.49,530.49,0,0,0,0,manual
3214,19,motorcycle,675.55,501.89,701.83,531.67,0,0,0,0,manual
3214,20,car,721.77,521.7,746.37,551.48,0,0,0,0,manual
3215,5,motorcycle,696.73,497.69,718.14,530.73,0,0,0,0,manual
3215,19,motorcycle,674.97,500.72,701.31,530.5,0,0,0,0,manual
3215,20,car,721.77,521.24,746.37,551.03,0,0,0,0,manual
3216,5,motorcycle,696.37,497.93,717.78,530.97,0,0,0,0,manual
3216,19,motorcycle,674.38,499.55,700.79,529.34,0,0,0,0,manual
3216,20,car,721.77,520.79,746.37,550.57,0,0,0,0,manual
3217,5,motorcycle,696.02,498.17,717.43,531.21,0,0,0,0,manual
3217,19,motorcycle,673.8,498.39,700.27,528.17,0,0,0,0,manual
3217,20,car,721.77,520.34,746.37,550.12,0,0,0,0,manual
3218,5,motorcycle,695.66,498.42,717.07,531.46,0,0,0,0,manual
3218,19,motorcycle,673.22,497.22,699.76,527.01,0,0,0,0,manual
3218,20,car,721.77,519.88,746.37,549.67,0,0,0,0,manual
3219,5,motorcycle,695.31,498.66,716.72,531.7,0,0,0,0,manual
3219,19,motorcycle,672.64,496.06,699.24,525.84,0,0,0,0,manual
3219,20,car,721.77,519.43,746.37,549.22,0,0,0,0,manual
3220,5,motorcycle,694.95,498.9,716.36,531.94,0,0,1,0,manual
3220,19,motorcycle,672.06,494.89,698.72,524.68,0,0,0,0,manual
3220,20,car,721.77,518.98,746.37,548.76,0,0,0,0,manual
3221,5,motorcycle,694.34,498.8,715.75,531.84,0,0,0,0,manual
3221,19,motorcycle,671.48,493.73,698.2,523.51,0,0,0,0,manual
3221,20,car,721.77,518.52,746.37,548.31,0,0,0,0,manual
3222,5,motorcycle,693.73,498.7,715.14,531.74,0,0,0,0,manual
3222,19,motorcycle,670.89,492.56,697.68,522.35,0,0,0,0,manual
3222,20,car,721.77,518.07,746.37,547.86,0,0,0,0,manual
3223,5,motorcycle,693.13,498.59,714.54,531.63,0,0,0,0,manual
3223,19,motorcycle,670.31,491.4,697.17,521.18,0,0,0,0,manual
3223,20,car,721.77,517.62,746.37,547.4,0,0,0,0,manual
3224,5,motorcycle,692.52,498.49,713.93,531.53,0,0,0,0,manual
3224,19,motorcycle,669.73,490.23,696.65,520.01,0,0,0,0,manual
3224,20,car,721.77,517.16,746.37,546.95,0,0,0,0,manual
3225,5,motorcycle,691.91,498.39,713.32,531.43,0,0,0,0,manual
3225,19,motorcycle,669.15,489.06,696.13,518.85,0,0,0,0,manual
3225,20,car,721.77,516.71,746.37,546.5,0,0,0,0,manual
3226,5,motorcycle,691.3,498.29,712.71,531.33,0,0,0,0,manual
3226,19,motorcycle,668.57,487.9,695.61,517.68,0,0,0,0,manual
3226,20,car,721.77,516.26,746.37,546.04,0,0,0,0,manual
3227,5,motorcycle,690.69,498.18,712.1,531.22,0,0,0,0,manual
3227,19,motorcycle,667.99,486.73,695.09,516.52,0,0,0,0,manual
3227,20,car,721.77,515.8,746.37,545.59,0,0,0,0,manual
3228,5,motorcycle,690.09,498.08,711.5,531.12,0,0,1,0,manual
3228,19,motorcycle,667.41,485.57,694.58,515.35,0,0,1,0,manual
3228,20,car,721.77,515.35,746.37,545.14,0,0,1,0,manual
3229,5,motorcycle,689.02,498.35,710.59,531.39,0,0,0,0,manual
3229,19,motorcycle,667.15,484.34,694.32,514.12,0,0,0,0,manual
3229,20,car,721.71,515.16,746.31,544.94,0,0,0,0,manual
3230,5,motorcycle,687.96,498.61,709.68,531.65,0,0,0,0,manual
3230,19,motorcycle,666.89,483.11,694.06,512.89,0,0,0,0,manual
3230,20,car,721.64,514.96,746.25,544.75,0,0,0,0,manual
3231,5,motorcycle,686.89,498.87,708.78,531.91,0,0,0,0,manual
3231,19,motorcycle,666.63,481.88,693.8,511.66,0,0,0,0,manual
3231,20,car,721.58,514.77,746.18,544.55,0,0,0,0,manual
3232,5,motorcycle,685.83,499.13,707.87,532.17,0,0,0,0,manual
3232,19,motorcycle,666.37,480.65,693.54,510.43,0,0,0,0,manual
3232,20,car,721.51,514.57,746.12,544.36,0,0,0,0,manual
3233,5,motorcycle,684.77,499.4,706.97,532.44,0,0,0,0,manual
3233,19,motorcycle,666.11,479.42,693.28,509.2,0,0,0,0,manual
3233,20,car,721.45,514.38,746.05,544.16,0,0,0,0,manual
3234,5,motorcycle,683.7,499.66,706.06,532.7,0,0,0,0,manual
3234,19,motorcycle,665.85,478.19,693.02,507.97,0,0,0,0,manual
3234,20,car,721.38,514.19,745.99,543.97,0,0,0,0,manual
3235,5,motorcycle,682.64,499.92,705.16,532.96,0,0,0,0,manual
3235,19,motorcycle,665.59,476.96,692.76,506.74,0,0,0,0,manual
3235,20,car,721.32,513.99,745.92,543.78,0,0,0,0,manual
3236,5,motorcycle,681.57,500.19,704.25,533.23,0,0,0,0,manual
3236,19,motorcycle,665.33,475.73,692.5,505.51,0,0,0,0,manual
3236,20,car,721.25,513.8,745.86,543.58,0,0,0,0,manual
3237,5,motorcycle,680.51,500.45,703.34,533.49,0,0,0,0,manual
3237,19,motorcycle,665.07,474.5,692.25,504.28,0,0,0,0,manual
3237,20,car,721.19,513.6,745.79,543.39,0,0,0,0,manual
3238,5,motorcycle,679.45,500.71,702.44,533.75,0,0,0,0,manual
3238,19,motorcycle,664.82,473.27,691.99,503.05,0,0,0,0,manual
3238,20,car,721.12,513.41,745.73,543.19,0,0,0,0,manual
3239,5,motorcycle,678.38,500.98,701.53,534.02,0,0,0,0,manual
3239,19,motorcycle,664.56,472.04,691.73,501.82,0,0,0,0,manual
3239,20,car,721.06,513.21,745.66,543.0,0,0,0,0,manual
3240,5,motorcycle,677.32,501.24,700.63,534.28,0,0,0,0,manual
3240,19,motorcycle,664.3,470.81,691.47,500.59,0,0,0,0,manual
3240,20,car,720.99,513.02,745.6,542.8,0,0,0,0,manual
3241,5,motorcycle,676.25,501.5,699.72,534.54,0,0,0,0,manual
3241,19,motorcycle,664.04,469.58,691.21,499.36,0,0,0,0,manual
3241,20,car,720.93,512.83,745.53,542.61,0,0,0,0,manual
3242,5,motorcycle,675.19,501.77,698.81,534.81,0,0,0,0,manual
3242,19,motorcycle,663.78,468.35,690.95,498.13,0,0,0,0,manual
3242,20,car,720.86,512.63,745.47,542.42,0,0,0,0,manual
3243,5,motorcycle,674.13,502.03,697.91,535.07,0,0,0,0,manual
3243,19,motorcycle,663.52,467.11,690.69,496.9,0,0,0,0,manual
3243,20,car,720.8,512.44,745.4,542.22,0,0,0,0,manual
3244,5,motorcycle,673.06,502.29,697.0,535.33,0,0,0,0,manual
3244,19,motorcycle,663.26,465.88,690.43,495.67,0,0,0,0,manual
3244,20,car,720.73,512.24,745.34,542.03,0,0,0,0,manual
3245,5,motorcycle,672.0,502.56,696.1,535.6,0,0,0,0,manual
3245,19,motorcycle,663.0,464.65,690.17,494.44,0,0,0,0,manual
3245,20,car,720.67,512.05,745.27,541.83,0,0,0,0,manual
3246,5,motorcycle,670.93,502.82,695.19,535.86,0,0,0,0,manual
3246,19,motorcycle,662.74,463.42,689.91,493.21,0,0,0,0,manual
3246,20,car,720.61,511.86,745.21,541.64,0,0,0,0,manual
3247,5,motorcycle,669.87,503.08,694.28,536.12,0,0,0,0,manual
3247,19,motorcycle,662.48,462.19,689.66,491.98,0,0,0,0,manual
3247,20,car,720.54,511.66,745.14,541.45,0,0,0,0,manual
3248,5,motorcycle,668.8,503.35,693.38,536.39,0,0,0,0,manual
3248,19,motorcycle,662.23,460.96,689.4,490.75,0,0,1,0,manual
3248,20,car,720.48,511.47,745.08,541.25,0,0,1,0,manual
3249,5,motorcycle,667.74,503.61,692.47,536.65,0,0,0,0,manual
3249,19,motorcycle,662.23,460.96,689.4,490.75,1,0,1,0,manual
3249,20,car,720.48,511.47,745.08,541.25,1,0,1,0,manual
3250,5,motorcycle,666.68,503.87,691.57,536.91,0,0,0,0,manual
3251,5,motorcycle,665.61,504.14,690.66,537.18,0,0,0,0,manual
3252,5,motorcycle,664.55,504.4,689.75,537.44,0,0,0,0,manual
3253,5,motorcycle,663.48,504.66,688.85,537.7,0,0,0,0,manual
3254,5,motorcycle,662.42,504.93,687.94,537.97,0,0,0,0,manual
3255,5,motorcycle,661.36,505.19,687.04,538.23,0,0,0,0,manual
3256,5,motorcycle,660.29,505.45,686.13,538.49,0,0,0,0,manual
3257,5,motorcycle,659.23,505.71,685.22,538.75,0,0,0,0,manual
3258,5,motorcycle,658.16,505.98,684.32,539.02,0,0,0,0,manual
3259,5,motorcycle,657.1,506.24,683.41,539.28,0,0,0,0,manual
3260,5,motorcycle,656.04,506.5,682.51,539.54,0,0,0,0,manual
3261,5,motorcycle,654.97,506.77,681.6,539.81,0,0,1,0,manual
3262,5,motorcycle,653.32,507.03,679.77,540.07,0,0,0,0,manual
3263,5,motorcycle,651.67,507.29,677.94,540.33,0,0,0,0,manual
3264,5,motorcycle,650.02,507.56,676.11,540.6,0,0,0,0,manual
3265,5,motorcycle,648.37,507.82,674.27,540.86,0,0,0,0,manual
3266,5,motorcycle,646.71,508.08,672.44,541.12,0,0,0,0,manual
3267,5,motorcycle,645.06,508.35,670.61,541.39,0,0,0,0,manual
3268,5,motorcycle,643.41,508.61,668.78,541.65,0,0,0,0,manual
3269,5,motorcycle,641.76,508.87,666.95,541.91,0,0,0,0,manual
3270,5,motorcycle,640.11,509.14,665.12,542.18,0,0,0,0,manual
3271,5,motorcycle,638.46,509.4,663.29,542.44,0,0,0,0,manual
3272,5,motorcycle,636.81,509.66,661.45,542.7,0,0,0,0,manual
3273,5,motorcycle,635.15,509.93,659.62,542.97,0,0,0,0,manual
3274,5,motorcycle,633.5,510.19,657.79,543.23,0,0,0,0,manual
3275,5,motorcycle,631.85,510.45,655.96,543.49,0,0,0,0,manual
3276,5,motorcycle,630.2,510.72,654.13,543.76,0,0,0,0,manual
3277,5,motorcycle,628.55,510.98,652.3,544.02,0,0,0,0,manual
3278,5,motorcycle,626.9,511.24,650.47,544.28,0,0,0,0,manual
3279,5,motorcycle,625.25,511.5,648.64,544.54,0,0,0,0,manual
3280,5,motorcycle,623.59,511.77,646.8,544.81,0,0,0,0,manual
3281,5,motorcycle,621.94,512.03,644.97,545.07,0,0,0,0,manual
3282,5,motorcycle,620.29,512.29,643.14,545.33,0,0,0,0,manual
3283,5,motorcycle,618.64,512.56,641.31,545.6,0,0,0,0,manual
3284,5,motorcycle,616.99,512.82,639.48,545.86,0,0,0,0,manual
3285,5,motorcycle,615.34,513.08,637.65,546.12,0,0,0,0,manual
3286,5,motorcycle,613.69,513.35,635.82,546.39,0,0,0,0,manual
3287,5,motorcycle,612.03,513.61,633.98,546.65,0,0,0,0,manual
3288,5,motorcycle,610.38,513.87,632.15,546.91,0,0,0,0,manual
3289,5,motorcycle,608.73,514.14,630.32,547.18,0,0,0,0,manual
3290,5,motorcycle,607.08,514.4,628.49,547.44,0,0,1,0,manual
3291,5,motorcycle,605.4,514.98,626.81,548.02,0,0,0,0,manual
3292,5,motorcycle,603.72,515.56,625.13,548.6,0,0,0,0,manual
3293,5,motorcycle,602.04,516.15,623.45,549.18,0,0,0,0,manual
3294,5,motorcycle,600.36,516.73,621.77,549.77,0,0,0,0,manual
3295,5,motorcycle,598.68,517.31,620.09,550.35,0,0,0,0,manual
3296,5,motorcycle,597.0,517.89,618.41,550.93,0,0,0,0,manual
3297,5,motorcycle,595.32,518.47,616.73,551.51,0,0,0,0,manual
3298,5,motorcycle,593.64,519.05,615.05,552.09,0,0,0,0,manual
3299,5,motorcycle,591.96,519.64,613.37,552.67,0,0,0,0,manual
3300,5,motorcycle,590.28,520.22,611.69,553.26,0,0,0,0,manual
3301,5,motorcycle,588.6,520.8,610.01,553.84,0,0,0,0,manual
3302,5,motorcycle,586.92,521.38,608.33,554.42,0,0,0,0,manual
3303,5,motorcycle,585.24,521.96,606.65,555.0,0,0,0,0,manual
3304,5,motorcycle,583.56,522.54,604.97,555.58,0,0,0,0,manual
3305,5,motorcycle,581.88,523.13,603.29,556.16,0,0,0,0,manual
3306,5,motorcycle,580.2,523.71,601.61,556.74,0,0,0,0,manual
3307,5,motorcycle,578.52,524.29,599.93,557.33,0,0,0,0,manual
3308,5,motorcycle,576.84,524.87,598.25,557.91,0,0,0,0,manual
3309,5,motorcycle,575.16,525.45,596.57,558.49,0,0,0,0,manual
3310,5,motorcycle,573.48,526.03,594.89,559.07,0,0,0,0,manual
3310,6,motorcycle,721.21,211.16,748.35,247.34,0,0,1,0,manual
3311,5,motorcycle,571.8,526.62,593.21,559.65,0,0,0,0,manual
3311,6,motorcycle,721.4,212.97,748.54,249.15,0,0,0,0,manual
3312,5,motorcycle,570.12,527.2,591.53,560.23,0,0,0,0,manual
3312,6,motorcycle,721.6,214.78,748.74,250.96,0,0,0,0,manual
3313,5,motorcycle,568.44,527.78,589.85,560.81,0,0,0,0,manual
3313,6,motorcycle,721.79,216.59,748.93,252.77,0,0,0,0,manual
3314,5,motorcycle,566.76,528.36,588.17,561.4,0,0,0,0,manual
3314,6,motorcycle,721.99,218.4,749.13,254.58,0,0,0,0,manual
3315,5,motorcycle,565.08,528.94,586.49,561.98,0,0,0,0,manual
3315,6,motorcycle,722.18,220.21,749.32,256.39,0,0,0,0,manual
3316,5,motorcycle,563.4,529.53,584.81,562.56,0,0,0,0,manual
3316,6,motorcycle,722.37,222.01,749.51,258.19,0,0,0,0,manual
3317,5,motorcycle,561.72,530.11,583.13,563.14,0,0,0,0,manual
3317,6,motorcycle,722.57,223.82,749.71,260.0,0,0,0,0,manual
3318,5,motorcycle,560.04,530.69,581.45,563.72,0,0,0,0,manual
3318,6,motorcycle,722.76,225.63,749.9,261.81,0,0,0,0,manual
3319,5,motorcycle,558.36,531.27,579.77,564.3,0,0,0,0,manual
3319,6,motorcycle,722.95,227.44,750.09,263.62,0,0,0,0,manual
3320,5,motorcycle,556.68,531.85,578.09,564.88,0,0,0,0,manual
3320,6,motorcycle,723.15,229.25,750.29,265.43,0,0,0,0,manual
3321,5,motorcycle,555.0,532.43,576.41,565.47,0,0,0,0,manual
3321,6,motorcycle,723.34,231.06,750.48,267.24,0,0,0,0,manual
3322,5,motorcycle,553.32,533.02,574.73,566.05,0,0,0,0,manual
3322,6,motorcycle,723.54,232.87,750.68,269.05,0,0,0,0,manual
3323,5,motorcycle,551.64,533.6,573.05,566.63,0,0,0,0,manual
3323,6,motorcycle,723.73,234.68,750.87,270.86,0,0,0,0,manual
3324,5,motorcycle,549.96,534.18,571.37,567.21,0,0,0,0,manual
3324,6,motorcycle,723.92,236.49,751.06,272.67,0,0,0,0,manual
3325,5,motorcycle,548.28,534.76,569.69,567.79,0,0,0,0,manual
3325,6,motorcycle,724.12,238.3,751.26,274.48,0,0,0,0,manual
3326,5,motorcycle,546.6,535.34,568.01,568.37,0,0,0,0,manual
3326,6,motorcycle,724.31,240.11,751.45,276.29,0,0,0,0,manual
3327,5,motorcycle,544.92,535.92,566.33,568.96,0,0,0,0,manual
3327,6,motorcycle,724.51,241.92,751.65,278.1,0,0,0,0,manual
3328,5,motorcycle,543.24,536.51,564.65,569.54,0,0,0,0,manual
3328,6,motorcycle,724.7,243.72,751.84,279.9,0,0,0,0,manual
3329,5,motorcycle,541.56,537.09,562.97,570.12,0,0,0,0,manual
3329,6,motorcycle,724.89,245.53,752.03,281.71,0,0,0,0,manual
3330,5,motorcycle,539.88,537.67,561.29,570.7,0,0,1,0,manual
3330,6,motorcycle,725.09,247.34,752.23,283.52,0,0,0,0,manual
3331,5,motorcycle,537.79,537.99,559.2,571.02,0,0,0,0,manual
3331,6,motorcycle,725.28,249.15,752.42,285.33,0,0,0,0,manual
3332,5,motorcycle,535.7,538.32,557.11,571.35,0,0,0,0,manual
3332,6,motorcycle,725.47,250.96,752.61,287.14,0,0,0,0,manual
3333,5,motorcycle,533.61,538.64,555.02,571.67,0,0,0,0,manual
3333,6,motorcycle,725.67,252.77,752.81,288.95,0,0,0,0,manual
3334,5,motorcycle,531.52,538.96,552.93,571.99,0,0,0,0,manual
3334,6,motorcycle,725.86,254.58,753.0,290.76,0,0,0,0,manual
3335,5,motorcycle,529.43,539.28,550.84,572.32,0,0,0,0,manual
3335,6,motorcycle,726.06,256.39,753.2,292.57,0,0,0,0,manual
3336,5,motorcycle,527.35,539.61,548.76,572.64,0,0,0,0,manual
3336,6,motorcycle,726.25,258.2,753.39,294.38,0,0,0,0,manual
3337,5,motorcycle,525.26,539.93,546.67,572.96,0,0,0,0,manual
3337,6,motorcycle,726.44,260.01,753.58,296.19,0,0,0,0,manual
3338,5,motorcycle,523.17,540.25,544.58,573.29,0,0,0,0,manual
3338,6,motorcycle,726.64,261.82,753.78,298.0,0,0,0,0,manual
3339,5,motorcycle,521.08,540.58,542.49,573.61,0,0,0,0,manual
3339,6,motorcycle,726.83,263.63,753.97,299.81,0,0,0,0,manual
3340,5,motorcycle,518.99,540.9,540.4,573.93,0,0,0,0,manual
3340,6,motorcycle,727.03,265.44,754.16,301.62,0,0,0,0,manual
3341,5,motorcycle,516.9,541.22,538.31,574.25,0,0,0,0,manual
3341,6,motorcycle,727.22,267.24,754.36,303.42,0,0,0,0,manual
3342,5,motorcycle,514.81,541.55,536.22,574.58,0,0,0,0,manual
3342,6,motorcycle,727.41,269.05,754.55,305.23,0,0,0,0,manual
3343,5,motorcycle,512.72,541.87,534.13,574.9,0,0,0,0,manual
3343,6,motorcycle,727.61,270.86,754.75,307.04,0,0,0,0,manual
3344,5,motorcycle,510.63,542.19,532.04,575.22,0,0,0,0,manual
3344,6,motorcycle,727.8,272.67,754.94,308.85,0,0,0,0,manual
3345,5,motorcycle,508.55,542.51,529.95,575.55,0,0,0,0,manual
3345,6,motorcycle,727.99,274.48,755.13,310.66,0,0,0,0,manual
3346,5,motorcycle,506.46,542.84,527.87,575.87,0,0,0,0,manual
3346,6,motorcycle,728.19,276.29,755.33,312.47,0,0,0,0,manual
3347,5,motorcycle,504.37,543.16,525.78,576.19,0,0,0,0,manual
3347,6,motorcycle,728.38,278.1,755.52,314.28,0,0,0,0,manual
3348,5,motorcycle,502.28,543.48,523.69,576.52,0,0,0,0,manual
3348,6,motorcycle,728.58,279.91,755.72,316.09,0,0,0,0,manual
3349,5,motorcycle,500.19,543.81,521.6,576.84,0,0,0,0,manual
3349,6,motorcycle,728.77,281.72,755.91,317.9,0,0,0,0,manual
3350,5,motorcycle,498.1,544.13,519.51,577.16,0,0,0,0,manual
3350,6,motorcycle,728.96,283.53,756.1,319.71,0,0,0,0,manual
3351,5,motorcycle,496.01,544.45,517.42,577.49,0,0,0,0,manual
3351,6,motorcycle,729.16,285.34,756.3,321.52,0,0,0,0,manual
3352,5,motorcycle,493.92,544.78,515.33,577.81,0,0,0,0,manual
3352,6,motorcycle,729.35,287.14,756.49,323.32,0,0,0,0,manual
3353,5,motorcycle,491.83,545.1,513.24,578.13,0,0,0,0,manual
3353,6,motorcycle,729.54,288.95,756.68,325.13,0,0,0,0,manual
3354,5,motorcycle,489.74,545.42,511.15,578.46,0,0,0,0,manual
3354,6,motorcycle,729.74,290.76,756.88,326.94,0,0,0,0,manual
3355,5,motorcycle,487.65,545.75,509.06,578.78,0,0,0,0,manual
3355,6,motorcycle,729.93,292.57,757.07,328.75,0,0,0,0,manual
3356,5,motorcycle,485.57,546.07,506.98,579.1,0,0,0,0,manual
3356,6,motorcycle,730.13,294.38,757.27,330.56,0,0,0,0,manual
3357,5,motorcycle,483.48,546.39,504.89,579.43,0,0,0,0,manual
3357,6,motorcycle,730.32,296.19,757.46,332.37,0,0,0,0,manual
3358,5,motorcycle,481.39,546.71,502.8,579.75,0,0,0,0,manual
3358,6,motorcycle,730.51,298.0,757.65,334.18,0,0,0,0,manual
3359,5,motorcycle,479.3,547.04,500.71,580.07,0,0,0,0,manual
3359,6,motorcycle,730.71,299.81,757.85,335.99,0,0,0,0,manual
3360,5,motorcycle,477.21,547.36,498.62,580.39,0,0,0,0,manual
3360,6,motorcycle,730.9,301.62,758.04,337.8,0,0,0,0,manual
3361,5,motorcycle,475.12,547.68,496.53,580.72,0,0,0,0,manual
3361,6,motorcycle,731.1,303.43,758.24,339.61,0,0,0,0,manual
3362,5,motorcycle,473.03,548.01,494.44,581.04,0,0,0,0,manual
3362,6,motorcycle,731.29,305.24,758.43,341.42,0,0,0,0,manual
3363,5,motorcycle,470.94,548.33,492.35,581.36,0,0,0,0,manual
3363,6,motorcycle,731.48,307.05,758.62,343.23,0,0,0,0,manual
3364,5,motorcycle,468.85,548.65,490.26,581.69,0,0,0,0,manual
3364,6,motorcycle,731.68,308.86,758.82,345.03,0,0,0,0,manual
3365,5,motorcycle,466.76,548.97,488.17,582.01,0,0,0,0,manual
3365,6,motorcycle,731.87,310.66,759.01,346.84,0,0,0,0,manual
3366,5,motorcycle,464.68,549.3,486.09,582.33,0,0,0,0,manual
3366,6,motorcycle,732.06,312.47,759.2,348.65,0,0,0,0,manual
3367,5,motorcycle,462.59,549.62,484.0,582.66,0,0,0,0,manual
3367,6,motorcycle,732.26,314.28,759.4,350.46,0,0,0,0,manual
3368,5,motorcycle,460.5,549.94,481.91,582.98,0,0,0,0,manual
3368,6,motorcycle,732.45,316.09,759.59,352.27,0,0,0,0,manual
3369,5,motorcycle,458.41,550.27,479.82,583.3,0,0,0,0,manual
3369,6,motorcycle,732.65,317.9,759.79,354.08,0,0,0,0,manual
3370,5,motorcycle,456.32,550.59,477.73,583.63,0,0,0,0,manual
3370,6,motorcycle,732.84,319.71,759.98,355.89,0,0,1,0,manual
3371,5,motorcycle,454.23,550.91,475.64,583.95,0,0,0,0,manual
3371,6,motorcycle,733.07,320.83,760.21,357.01,0,0,0,0,manual
3372,5,motorcycle,452.14,551.24,473.55,584.27,0,0,0,0,manual
3372,6,motorcycle,733.31,321.96,760.45,358.14,0,0,0,0,manual
3373,5,motorcycle,450.05,551.56,471.46,584.6,0,0,0,0,manual
3373,6,motorcycle,733.54,323.08,760.68,359.26,0,0,0,0,manual
3374,5,motorcycle,447.96,551.88,469.37,584.92,0,0,0,0,manual
3374,6,motorcycle,733.77,324.21,760.91,360.39,0,0,0,0,manual
3375,5,motorcycle,445.88,552.2,467.28,585.24,0,0,0,0,manual
3375,6,motorcycle,734.0,325.33,761.14,361.51,0,0,0,0,manual
3376,5,motorcycle,443.79,552.53,465.2,585.57,0,0,0,0,manual
3376,6,motorcycle,734.24,326.46,761.38,362.64,0,0,0,0,manual
3377,5,motorcycle,441.7,552.85,463.11,585.89,0,0,0,0,manual
3377,6,motorcycle,734.47,327.58,761.61,363.76,0,0,0,0,manual
3378,5,motorcycle,439.61,553.17,461.02,586.21,0,0,0,0,manual
3378,6,motorcycle,734.7,328.7,761.84,364.88,0,0,0,0,manual
3379,5,motorcycle,437.52,553.5,458.93,586.54,0,0,0,0,manual
3379,6,motorcycle,734.93,329.83,762.07,366.01,0,0,0,0,manual
3380,5,motorcycle,435.43,553.82,456.84,586.86,0,0,0,0,manual
3380,6,motorcycle,735.17,330.95,762.31,367.13,0,0,0,0,manual
3381,5,motorcycle,433.34,554.14,454.75,587.18,0,0,0,0,manual
3381,6,motorcycle,735.4,332.08,762.54,368.26,0,0,0,0,manual
3382,5,motorcycle,431.25,554.47,452.66,587.5,0,0,0,0,manual
3382,6,motorcycle,735.63,333.2,762.77,369.38,0,0,0,0,manual
3383,5,motorcycle,429.16,554.79,450.57,587.83,0,0,0,0,manual
3383,6,motorcycle,735.86,334.32,763.0,370.51,0,0,0,0,manual
3384,5,motorcycle,427.07,555.11,448.48,588.15,0,0,0,0,manual
3384,6,motorcycle,736.1,335.45,763.24,371.63,0,0,0,0,manual
3385,5,motorcycle,424.99,555.43,446.39,588.47,0,0,0,0,manual
3385,6,motorcycle,736.33,336.57,763.47,372.75,0,0,0,0,manual
3386,5,motorcycle,422.9,555.76,444.31,588.8,0,0,0,0,manual
3386,6,motorcycle,736.56,337.7,763.7,373.88,0,0,0,0,manual
3387,5,motorcycle,420.81,556.08,442.22,589.12,0,0,0,0,manual
3387,6,motorcycle,736.79,338.82,763.93,375.0,0,0,0,0,manual
3388,5,motorcycle,418.72,556.4,440.13,589.44,0,0,0,0,manual
3388,6,motorcycle,737.03,339.95,764.17,376.13,0,0,0,0,manual
3389,5,motorcycle,416.63,556.73,438.04,589.77,0,0,0,0,manual
3389,6,motorcycle,737.26,341.07,764.4,377.25,0,0,0,0,manual
3390,5,motorcycle,414.54,557.05,435.95,590.09,0,0,1,0,manual
3390,6,motorcycle,737.49,342.19,764.63,378.38,0,0,0,0,manual
3391,5,motorcycle,411.87,556.96,433.28,590.0,0,0,0,0,manual
3391,6,motorcycle,737.72,343.32,764.86,379.5,0,0,0,0,manual
3392,5,motorcycle,409.2,556.88,430.61,589.92,0,0,0,0,manual
3392,6,motorcycle,737.96,344.44,765.1,380.62,0,0,0,0,manual
3393,5,motorcycle,406.53,556.79,427.94,589.83,0,0,0,0,manual
3393,6,motorcycle,738.19,345.57,765.33,381.75,0,0,0,0,manual
3394,5,motorcycle,403.86,556.7,425.27,589.74,0,0,0,0,manual
3394,6,motorcycle,738.42,346.69,765.56,382.87,0,0,0,0,manual
3395,5,motorcycle,401.19,556.62,422.6,589.66,0,0,0,0,manual
3395,6,motorcycle,738.65,347.81,765.8,384.0,0,0,0,0,manual
3396,5,motorcycle,398.52,556.53,419.93,589.57,0,0,0,0,manual
3396,6,motorcycle,738.89,348.94,766.03,385.12,0,0,0,0,manual
3397,5,motorcycle,395.85,556.45,417.26,589.49,0,0,0,0,manual
3397,6,motorcycle,739.12,350.06,766.26,386.25,0,0,0,0,manual
3398,5,motorcycle,393.17,556.36,414.58,589.4,0,0,0,0,manual
3398,6,motorcycle,739.35,351.19,766.49,387.37,0,0,0,0,manual
3399,5,motorcycle,390.5,556.27,411.91,589.31,0,0,0,0,manual
3399,6,motorcycle,739.59,352.31,766.73,388.49,0,0,0,0,manual
3400,5,motorcycle,387.83,556.19,409.24,589.23,0,0,0,0,manual
3400,6,motorcycle,739.82,353.44,766.96,389.62,0,0,0,0,manual
3401,5,motorcycle,385.16,556.1,406.57,589.14,0,0,0,0,manual
3401,6,motorcycle,740.05,354.56,767.19,390.74,0,0,0,0,manual
3402,5,motorcycle,382.49,556.01,403.9,589.05,0,0,0,0,manual
3402,6,motorcycle,740.28,355.68,767.42,391.87,0,0,0,0,manual
3403,5,motorcycle,379.82,555.93,401.23,588.97,0,0,0,0,manual
3403,6,motorcycle,740.52,356.81,767.66,392.99,0,0,0,0,manual
3404,5,motorcycle,377.15,555.84,398.56,588.88,0,0,0,0,manual
3404,6,motorcycle,740.75,357.93,767.89,394.12,0,0,0,0,manual
3405,5,motorcycle,374.48,555.75,395.89,588.8,0,0,0,0,manual
3405,6,motorcycle,740.98,359.06,768.12,395.24,0,0,0,0,manual
3406,5,motorcycle,371.81,555.67,393.22,588.71,0,0,0,0,manual
3406,6,motorcycle,741.21,360.18,768.35,396.36,0,0,0,0,manual
3407,5,motorcycle,369.14,555.58,390.55,588.62,0,0,0,0,manual
3407,6,motorcycle,741.45,361.31,768.59,397.49,0,0,0,0,manual
3408,5,motorcycle,366.47,555.5,387.88,588.54,0,0,0,0,manual
3408,6,motorcycle,741.68,362.43,768.82,398.61,0,0,0,0,manual
3409,5,motorcycle,363.8,555.41,385.21,588.45,0,0,0,0,manual
3409,6,motorcycle,741.91,363.55,769.05,399.74,0,0,0,0,manual
3410,5,motorcycle,361.13,555.32,382.54,588.36,0,0,0,0,manual
3410,6,motorcycle,742.14,364.68,769.28,400.86,0,0,0,0,manual
3411,5,motorcycle,358.46,555.24,379.87,588.28,0,0,0,0,manual
3411,6,motorcycle,742.38,365.8,769.52,401.99,0,0,0,0,manual
3412,5,motorcycle,355.79,555.15,377.2,588.19,0,0,0,0,manual
3412,6,motorcycle,742.61,366.93,769.75,403.11,0,0,0,0,manual
3413,5,motorcycle,353.11,555.06,374.52,588.1,0,0,0,0,manual
3413,6,motorcycle,742.84,368.05,769.98,404.23,0,0,0,0,manual
3414,5,motorcycle,350.44,554.98,371.85,588.02,0,0,0,0,manual
3414,6,motorcycle,743.07,369.17,770.21,405.36,0,0,0,0,manual
3415,5,motorcycle,347.77,554.89,369.18,587.93,0,0,0,0,manual
3415,6,motorcycle,743.31,370.3,770.45,406.48,0,0,0,0,manual
3416,5,motorcycle,345.1,554.81,366.51,587.85,0,0,0,0,manual
3416,6,motorcycle,743.54,371.42,770.68,407.61,0,0,0,0,manual
3417,5,motorcycle,342.43,554.72,363.84,587.76,0,0,0,0,manual
3417,6,motorcycle,743.77,372.55,770.91,408.73,0,0,0,0,manual
3418,5,motorcycle,339.76,554.63,361.17,587.67,0,0,0,0,manual
3418,6,motorcycle,744.0,373.67,771.14,409.86,0,0,0,0,manual
3419,5,motorcycle,337.09,554.55,358.5,587.59,0,0,0,0,manual
3419,6,motorcycle,744.24,374.8,771.38,410.98,0,0,0,0,manual
3420,5,motorcycle,334.42,554.46,355.83,587.5,0,0,1,0,manual
3420,6,motorcycle,744.47,375.92,771.61,412.11,0,0,0,0,manual
3421,5,motorcycle,331.81,554.49,353.22,587.53,0,0,0,0,manual
3421,6,motorcycle,744.7,377.04,771.84,413.23,0,0,0,0,manual
3422,5,motorcycle,329.2,554.51,350.61,587.55,0,0,0,0,manual
3422,6,motorcycle,744.94,378.17,772.08,414.35,0,0,0,0,manual
3423,5,motorcycle,326.59,554.54,348.0,587.58,0,0,0,0,manual
3423,6,motorcycle,745.17,379.29,772.31,415.48,0,0,0,0,manual
3424,5,motorcycle,323.98,554.56,345.39,587.6,0,0,0,0,manual
3424,6,motorcycle,745.4,380.42,772.54,416.6,0,0,0,0,manual
3425,5,motorcycle,321.37,554.59,342.78,587.63,0,0,0,0,manual
3425,6,motorcycle,745.63,381.54,772.77,417.73,0,0,0,0,manual
3426,5,motorcycle,318.76,554.62,340.17,587.65,0,0,0,0,manual
3426,6,motorcycle,745.87,382.67,773.01,418.85,0,0,0,0,manual
3427,5,motorcycle,316.15,554.64,337.56,587.68,0,0,0,0,manual
3427,6,motorcycle,746.1,383.79,773.24,419.98,0,0,0,0,manual
3428,5,motorcycle,313.54,554.67,334.95,587.71,0,0,0,0,manual
3428,6,motorcycle,746.33,384.91,773.47,421.1,0,0,0,0,manual
3429,5,motorcycle,310.93,554.69,332.34,587.73,0,0,0,0,manual
3429,6,motorcycle,746.56,386.04,773.7,422.22,0,0,0,0,manual
3430,5,motorcycle,308.32,554.72,329.73,587.76,0,0,0,0,manual
3430,6,motorcycle,746.8,387.16,773.94,423.35,0,0,0,0,manual
3431,5,motorcycle,305.71,554.75,327.12,587.78,0,0,0,0,manual
3431,6,motorcycle,747.03,388.29,774.17,424.47,0,0,0,0,manual
3432,5,motorcycle,303.1,554.77,324.51,587.81,0,0,0,0,manual
3432,6,motorcycle,747.26,389.41,774.4,425.6,0,0,0,0,manual
3433,5,motorcycle,300.48,554.8,321.89,587.84,0,0,0,0,manual
3433,6,motorcycle,747.49,390.53,774.63,426.72,0,0,0,0,manual
3434,5,motorcycle,297.87,554.82,319.28,587.86,0,0,0,0,manual
3434,6,motorcycle,747.73,391.66,774.87,427.85,0,0,0,0,manual
3435,5,motorcycle,295.26,554.85,316.67,587.89,0,0,0,0,manual
3435,6,motorcycle,747.96,392.78,775.1,428.97,0,0,0,0,manual
3436,5,motorcycle,292.65,554.88,314.06,587.91,0,0,0,0,manual
3436,6,motorcycle,748.19,393.91,775.33,430.09,0,0,0,0,manual
3437,5,motorcycle,290.04,554.9,311.45,587.94,0,0,0,0,manual
3437,6,motorcycle,748.42,395.03,775.56,431.22,0,0,0,0,manual
3438,5,motorcycle,287.43,554.93,308.84,587.96,0,0,0,0,manual
3438,6,motorcycle,748.66,396.16,775.8,432.34,0,0,0,0,manual
3439,5,motorcycle,284.82,554.95,306.23,587.99,0,0,0,0,manual
3439,6,motorcycle,748.89,397.28,776.03,433.47,0,0,0,0,manual
3440,5,motorcycle,282.21,554.98,303.62,588.02,0,0,0,0,manual
3440,6,motorcycle,749.12,398.4,776.26,434.59,0,0,0,0,manual
3441,5,motorcycle,279.6,555.01,301.01,588.04,0,0,0,0,manual
3441,6,motorcycle,749.35,399.53,776.49,435.72,0,0,0,0,manual
3442,5,motorcycle,276.99,555.03,298.4,588.07,0,0,0,0,manual
3442,6,motorcycle,749.59,400.65,776.73,436.84,0,0,0,0,manual
3443,5,motorcycle,274.38,555.06,295.79,588.09,0,0,0,0,manual
3443,6,motorcycle,749.82,401.78,776.96,437.96,0,0,0,0,manual
3444,5,motorcycle,271.77,555.08,293.18,588.12,0,0,0,0,manual
3444,6,motorcycle,750.05,402.9,777.19,439.09,0,0,0,0,manual
3445,5,motorcycle,269.16,555.11,290.57,588.14,0,0,0,0,manual
3445,6,motorcycle,750.29,404.02,777.42,440.21,0,0,0,0,manual
3446,5,motorcycle,266.55,555.14,287.96,588.17,0,0,0,0,manual
3446,6,motorcycle,750.52,405.15,777.66,441.34,0,0,0,0,manual
3447,5,motorcycle,263.94,555.16,285.35,588.2,0,0,0,0,manual
3447,6,motorcycle,750.75,406.27,777.89,442.46,0,0,0,0,manual
3448,5,motorcycle,261.33,555.19,282.74,588.22,0,0,0,0,manual
3448,6,motorcycle,750.98,407.4,778.12,443.59,0,0,0,0,manual
3449,5,motorcycle,258.72,555.21,280.13,588.25,0,0,0,0,manual
3449,6,motorcycle,751.22,408.52,778.36,444.71,0,0,0,0,manual
3450,5,motorcycle,256.11,555.24,277.52,588.27,0,0,0,0,manual
3450,6,motorcycle,751.45,409.65,778.59,445.83,0,0,0,0,manual
3451,5,motorcycle,253.5,555.27,274.91,588.3,0,0,0,0,manual
3451,6,motorcycle,751.68,410.77,778.82,446.96,0,0,0,0,manual
3451,21,car,757.0,540.95,800.84,604.04,0,0,1,0,manual
3451,22,motorcycle,800.84,588.95,821.41,616.38,0,0,1,0,manual
3452,5,motorcycle,250.89,555.29,272.3,588.33,0,0,0,0,manual
3452,6,motorcycle,751.91,411.89,779.05,448.08,0,0,0,0,manual
3452,21,car,756.59,540.2,800.29,603.28,0,0,0,0,manual
3452,22,motorcycle,800.29,587.72,820.86,615.14,0,0,0,0,manual
3453,5,motorcycle,248.28,555.32,269.69,588.35,0,0,0,0,manual
3453,6,motorcycle,752.15,413.02,779.29,449.21,0,0,0,0,manual
3453,21,car,756.17,539.44,799.74,602.53,0,0,0,0,manual
3453,22,motorcycle,799.74,586.48,820.31,613.91,0,0,0,0,manual
3454,5,motorcycle,245.67,555.34,267.08,588.38,0,0,0,0,manual
3454,6,motorcycle,752.38,414.14,779.52,450.33,0,0,0,0,manual
3454,21,car,755.76,538.69,799.19,601.77,0,0,0,0,manual
3454,22,motorcycle,799.19,585.25,819.76,612.68,0,0,0,0,manual
3455,5,motorcycle,243.06,555.37,264.47,588.4,0,0,0,0,manual
3455,6,motorcycle,752.61,415.27,779.75,451.46,0,0,0,0,manual
3455,21,car,755.35,537.93,798.64,601.02,0,0,0,0,manual
3455,22,motorcycle,798.64,584.01,819.21,611.44,0,0,0,0,manual
3456,5,motorcycle,240.45,555.4,261.86,588.43,0,0,0,0,manual
3456,6,motorcycle,752.84,416.39,779.98,452.58,0,0,0,0,manual
3456,21,car,754.94,537.18,798.09,600.26,0,0,0,0,manual
3456,22,motorcycle,798.09,582.78,818.67,610.21,0,0,0,0,manual
3457,5,motorcycle,237.84,555.42,259.25,588.45,0,0,0,0,manual
3457,6,motorcycle,753.08,417.52,780.22,453.7,0,0,0,0,manual
3457,21,car,754.52,536.42,797.55,599.51,0,0,0,0,manual
3457,22,motorcycle,797.55,581.54,818.12,608.97,0,0,0,0,manual
3458,5,motorcycle,235.22,555.45,256.63,588.48,0,0,0,0,manual
3458,6,motorcycle,753.31,418.64,780.45,454.83,0,0,0,0,manual
3458,21,car,754.11,535.67,797.0,598.76,0,0,0,0,manual
3458,22,motorcycle,797.0,580.31,817.57,607.74,0,0,0,0,manual
3459,5,motorcycle,232.61,555.47,254.02,588.51,0,0,0,0,manual
3459,6,motorcycle,753.54,419.76,780.68,455.95,0,0,0,0,manual
3459,21,car,753.7,534.92,796.45,598.0,0,0,0,0,manual
3459,22,motorcycle,796.45,579.08,817.02,606.5,0,0,0,0,manual
3460,5,motorcycle,230.0,555.5,251.41,588.53,0,0,0,0,manual
3460,6,motorcycle,753.77,420.89,780.91,457.08,0,0,0,0,manual
3460,21,car,753.29,534.16,795.9,597.25,0,0,0,0,manual
3460,22,motorcycle,795.9,577.84,816.47,605.27,0,0,0,0,manual
3461,5,motorcycle,227.39,555.53,248.8,588.56,0,0,0,0,manual
3461,6,motorcycle,754.01,422.01,781.15,458.2,0,0,0,0,manual
3461,21,car,752.88,533.41,795.35,596.49,0,0,0,0,manual
3461,22,motorcycle,795.35,576.61,815.92,604.04,0,0,0,0,manual
3462,5,motorcycle,224.78,555.55,246.19,588.58,0,0,0,0,manual
3462,6,motorcycle,754.24,423.14,781.38,459.33,0,0,0,0,manual
3462,21,car,752.46,532.65,794.8,595.74,0,0,0,0,manual
3462,22,motorcycle,794.8,575.37,815.37,602.8,0,0,0,0,manual
3463,5,motorcycle,222.17,555.58,243.58,588.61,0,0,0,0,manual
3463,6,motorcycle,754.47,424.26,781.61,460.45,0,0,0,0,manual
3463,21,car,752.05,531.9,794.25,594.98,0,0,0,0,manual
3463,22,motorcycle,794.25,574.14,814.83,601.57,0,0,0,0,manual
3464,5,motorcycle,219.56,555.6,240.97,588.64,0,0,0,0,manual
3464,6,motorcycle,754.7,425.38,781.84,461.57,0,0,0,0,manual
3464,21,car,751.64,531.14,793.71,594.23,0,0,0,0,manual
3464,22,motorcycle,793.71,572.9,814.28,600.33,0,0,0,0,manual
3465,5,motorcycle,216.95,555.63,238.36,588.66,0,0,0,0,manual
3465,6,motorcycle,754.94,426.51,782.08,462.7,0,0,0,0,manual
3465,21,car,751.23,530.39,793.16,593.48,0,0,0,0,manual
3465,22,motorcycle,793.16,571.67,813.73,599.1,0,0,0,0,manual
3466,5,motorcycle,214.34,555.66,235.75,588.69,0,0,0,0,manual
3466,6,motorcycle,755.17,427.63,782.31,463.82,0,0,0,0,manual
3466,21,car,750.81,529.64,792.61,592.72,0,0,0,0,manual
3466,22,motorcycle,792.61,570.44,813.18,597.86,0,0,0,0,manual
3467,5,motorcycle,211.73,555.68,233.14,588.71,0,0,0,0,manual
3467,6,motorcycle,755.4,428.76,782.54,464.95,0,0,0,0,manual
3467,21,car,750.4,528.88,792.06,591.97,0,0,0,0,manual
3467,22,motorcycle,792.06,569.2,812.63,596.63,0,0,0,0,manual
3468,5,motorcycle,209.12,555.71,230.53,588.74,0,0,0,0,manual
3468,6,motorcycle,755.63,429.88,782.77,466.07,0,0,0,0,manual
3468,21,car,749.99,528.13,791.51,591.21,0,0,0,0,manual
3468,22,motorcycle,791.51,567.97,812.08,595.4,0,0,0,0,manual
3469,5,motorcycle,206.51,555.73,227.92,588.76,0,0,0,0,manual
3469,6,motorcycle,755.87,431.01,783.01,467.2,0,0,0,0,manual
3469,21,car,749.58,527.37,790.96,590.46,0,0,0,0,manual
3469,22,motorcycle,790.96,566.73,811.53,594.16,0,0,0,0,manual
3470,5,motorcycle,203.9,555.76,225.31,588.79,0,0,1,0,manual
3470,6,motorcycle,756.1,432.13,783.24,468.32,0,0,1,0,manual
3470,21,car,749.16,526.62,790.41,589.7,0,0,0,0,manual
3470,22,motorcycle,790.41,565.5,810.99,592.93,0,0,0,0,manual
3471,5,motorcycle,201.32,555.7,222.73,588.73,0,0,0,0,manual
3471,6,motorcycle,756.09,432.61,783.16,468.8,0,0,0,0,manual
3471,21,car,748.75,525.86,789.87,588.95,0,0,0,0,manual
3471,22,motorcycle,789.87,564.26,810.44,591.69,0,0,0,0,manual
3472,5,motorcycle,198.73,555.63,220.14,588.66,0,0,0,0,manual
3472,6,motorcycle,756.07,433.09,783.08,469.28,0,0,0,0,manual
3472,21,car,748.34,525.11,789.32,588.2,0,0,0,0,manual
3472,22,motorcycle,789.32,563.03,809.89,590.46,0,0,0,0,manual
3473,5,motorcycle,196.15,555.57,217.56,588.6,0,0,0,0,manual
3473,6,motorcycle,756.06,433.56,783.0,469.75,0,0,0,0,manual
3473,21,car,747.92,524.36,788.77,587.44,0,0,0,0,manual
3473,22,motorcycle,788.77,561.8,809.34,589.22,0,0,0,0,manual
3474,5,motorcycle,193.56,555.5,214.97,588.53,0,0,0,0,manual
3474,6,motorcycle,756.05,434.04,782.92,470.23,0,0,0,0,manual
3474,21,car,747.51,523.6,788.22,586.69,0,0,0,0,manual
3474,22,motorcycle,788.22,560.56,808.79,587.99,0,0,0,0,manual
3475,5,motorcycle,190.98,555.44,212.39,588.47,0,0,0,0,manual
3475,6,motorcycle,756.04,434.52,782.84,470.71,0,0,0,0,manual
3475,21,car,747.1,522.85,787.67,585.93,0,0,0,0,manual
3475,22,motorcycle,787.67,559.33,808.24,586.76,0,0,0,0,manual
3476,5,motorcycle,188.39,555.37,209.8,588.4,0,0,0,0,manual
3476,6,motorcycle,756.02,435.0,782.75,471.19,0,0,0,0,manual
3476,21,car,746.69,522.09,787.12,585.18,0,0,0,0,manual
3476,22,motorcycle,787.12,558.09,807.69,585.52,0,0,0,0,manual
3477,5,motorcycle,185.81,555.31,207.22,588.34,0,0,0,0,manual
3477,6,motorcycle,756.01,435.48,782.67,471.67,0,0,0,0,manual
3477,21,car,746.27,521.34,786.57,584.42,0,0,0,0,manual
3477,22,motorcycle,786.57,556.86,807.15,584.29,0,0,0,0,manual
3478,5,motorcycle,183.22,555.24,204.63,588.27,0,0,0,0,manual
3478,6,motorcycle,756.0,435.96,782.59,472.14,0,0,0,0,manual
3478,21,car,745.86,520.58,786.03,583.67,0,0,0,0,manual
3478,22,motorcycle,786.03,555.62,806.6,583.05,0,0,0,0,manual
3479,5,motorcycle,180.64,555.18,202.05,588.21,0,0,0,0,manual
3479,6,motorcycle,755.98,436.43,782.51,472.62,0,0,0,0,manual
3479,21,car,745.45,519.83,785.48,582.92,0,0,0,0,manual
3479,22,motorcycle,785.48,554.39,806.05,581.82,0,0,0,0,manual
3480,5,motorcycle,178.06,555.11,199.47,588.14,0,0,0,0,manual
3480,6,motorcycle,755.97,436.91,782.43,473.1,0,0,0,0,manual
3480,21,car,745.04,519.08,784.93,582.16,0,0,0,0,manual
3480,22,motorcycle,784.93,553.16,805.5,580.58,0,0,0,0,manual
3481,5,motorcycle,175.47,555.05,196.88,588.08,0,0,0,0,manual
3481,6,motorcycle,755.96,437.39,782.35,473.58,0,0,0,0,manual
3481,21,car,744.62,518.32,784.38,581.41,0,0,0,0,manual
3481,22,motorcycle,784.38,551.92,804.95,579.35,0,0,0,0,manual
3482,5,motorcycle,172.89,554.98,194.3,588.02,0,0,0,0,manual
3482,6,motorcycle,755.95,437.87,782.27,474.06,0,0,0,0,manual
3482,21,car,744.21,517.57,783.83,580.65,0,0,0,0,manual
3482,22,motorcycle,783.83,550.69,804.4,578.12,0,0,0,0,manual
3483,5,motorcycle,170.3,554.92,191.71,587.95,0,0,0,0,manual
3483,6,motorcycle,755.93,438.35,782.19,474.54,0,0,0,0,manual
3483,21,car,743.8,516.81,783.28,579.9,0,0,0,0,manual
3483,22,motorcycle,783.28,549.45,803.85,576.88,0,0,0,0,manual
3484,5,motorcycle,167.72,554.85,189.13,587.89,0,0,0,0,manual
3484,6,motorcycle,755.92,438.82,782.11,475.01,0,0,0,0,manual
3484,21,car,743.39,516.06,782.73,579.14,0,0,0,0,manual
3484,22,motorcycle,782.73,548.22,803.31,575.65,0,0,0,0,manual
3485,5,motorcycle,165.13,554.79,186.54,587.82,0,0,0,0,manual
3485,6,motorcycle,755.91,439.3,782.03,475.49,0,0,0,0,manual
3485,21,car,742.98,515.3,782.19,578.39,0,0,0,0,manual
3485,22,motorcycle,782.19,546.98,802.76,574.41,0,0,0,0,manual
3486,5,motorcycle,162.55,554.72,183.96,587.76,0,0,0,0,manual
3486,6,motorcycle,755.89,439.78,781.94,475.97,0,0,0,0,manual
3486,21,car,742.56,514.55,781.64,577.64,0,0,0,0,manual
3486,22,motorcycle,781.64,545.75,802.21,573.18,0,0,0,0,manual
3487,5,motorcycle,159.96,554.66,181.37,587.69,0,0,0,0,manual
3487,6,motorcycle,755.88,440.26,781.86,476.45,0,0,0,0,manual
3487,21,car,742.15,513.8,781.09,576.88,0,0,0,0,manual
3487,22,motorcycle,781.09,544.52,801.66,571.94,0,0,0,0,manual
3488,5,motorcycle,157.38,554.59,178.79,587.63,0,0,0,0,manual
3488,6,motorcycle,755.87,440.74,781.78,476.93,0,0,0,0,manual
3488,21,car,741.74,513.04,780.54,576.13,0,0,0,0,manual
3488,22,motorcycle,780.54,543.28,801.11,570.71,0,0,0,0,manual
3489,5,motorcycle,154.79,554.53,176.2,587.56,0,0,0,0,manual
3489,6,motorcycle,755.86,441.22,781.7,477.4,0,0,0,0,manual
3489,21,car,741.33,512.29,779.99,575.37,0,0,0,0,manual
3489,22,motorcycle,779.99,542.05,800.56,569.48,0,0,0,0,manual
3490,5,motorcycle,152.21,554.46,173.62,587.5,0,0,0,0,manual
3490,6,motorcycle,755.84,441.69,781.62,477.88,0,0,0,0,manual
3490,21,car,740.91,511.53,779.44,574.62,0,0,0,0,manual
3490,22,motorcycle,779.44,540.81,800.01,568.24,0,0,0,0,manual
3491,5,motorcycle,149.63,554.4,171.04,587.44,0,0,0,0,manual
3491,6,motorcycle,755.83,442.17,781.54,478.36,0,0,0,0,manual
3491,21,car,740.5,510.78,778.89,573.86,0,0,1,0,manual
3491,22,motorcycle,778.89,539.58,799.47,567.01,0,0,1,0,manual
3492,5,motorcycle,147.04,554.34,168.45,587.37,0,0,0,0,manual
3492,6,motorcycle,755.82,442.65,781.46,478.84,0,0,0,0,manual
3492,21,car,740.43,509.96,778.62,573.04,0,0,0,0,manual
3492,22,motorcycle,778.55,538.28,799.12,565.7,0,0,0,0,manual
3493,5,motorcycle,144.46,554.27,165.87,587.31,0,0,0,0,manual
3493,6,motorcycle,755.8,443.13,781.38,479.32,0,0,0,0,manual
3493,21,car,740.36,509.13,778.35,572.22,0,0,0,0,manual
3493,22,motorcycle,778.21,536.97,798.78,564.4,0,0,0,0,manual
3494,5,motorcycle,141.87,554.21,163.28,587.24,0,0,0,0,manual
3494,6,motorcycle,755.79,443.61,781.3,479.79,0,0,0,0,manual
3494,21,car,740.29,508.31,778.07,571.4,0,0,0,0,manual
3494,22,motorcycle,777.87,535.67,798.44,563.1,0,0,0,0,manual
3495,5,motorcycle,139.29,554.14,160.7,587.18,0,0,0,0,manual
3495,6,motorcycle,755.78,444.08,781.22,480.27,0,0,0,0,manual
3495,21,car,740.22,507.49,777.8,570.57,0,0,0,0,manual
3495,22,motorcycle,777.52,534.37,798.09,561.8,0,0,0,0,manual
3496,5,motorcycle,136.7,554.08,158.11,587.11,0,0,0,0,manual
3496,6,motorcycle,755.76,444.56,781.13,480.75,0,0,0,0,manual
3496,21,car,740.15,506.66,777.52,569.75,0,0,0,0,manual
3496,22,motorcycle,777.18,533.06,797.75,560.49,0,0,0,0,manual
3497,5,motorcycle,134.12,554.01,155.53,587.05,0,0,0,0,manual
3497,6,motorcycle,755.75,445.04,781.05,481.23,0,0,0,0,manual
3497,21,car,740.08,505.84,777.25,568.93,0,0,0,0,manual
3497,22,motorcycle,776.84,531.76,797.41,559.19,0,0,0,0,manual
3498,5,motorcycle,131.53,553.95,152.94,586.98,0,0,0,0,manual
3498,6,motorcycle,755.74,445.52,780.97,481.71,0,0,0,0,manual
3498,21,car,740.01,505.02,776.97,568.1,0,0,0,0,manual
3498,22,motorcycle,776.49,530.46,797.07,557.89,0,0,0,0,manual
3499,5,motorcycle,128.95,553.88,150.36,586.92,0,0,0,0,manual
3499,6,motorcycle,755.73,446.0,780.89,482.18,0,0,0,0,manual
3499,21,car,739.94,504.2,776.7,567.28,0,0,0,0,manual
3499,22,motorcycle,776.15,529.16,796.72,556.58,0,0,0,0,manual
3500,5,motorcycle,126.36,553.82,147.78,586.86,0,0,0,0,manual
3500,6,motorcycle,755.71,446.48,780.81,482.66,0,0,0,0,manual
3500,21,car,739.87,503.37,776.43,566.46,0,0,0,0,manual
3500,22,motorcycle,775.81,527.85,796.38,555.28,0,0,0,0,manual
3501,5,motorcycle,123.78,553.75,145.19,586.79,0,0,0,0,manual
3501,6,motorcycle,755.7,446.95,780.73,483.14,0,0,0,0,manual
3501,21,car,739.8,502.55,776.15,565.64,0,0,0,0,manual
3501,22,motorcycle,775.47,526.55,796.04,553.98,0,0,0,0,manual
3502,5,motorcycle,121.2,553.69,142.61,586.73,0,0,0,0,manual
3502,6,motorcycle,755.69,447.43,780.65,483.62,0,0,0,0,manual
3502,21,car,739.73,501.73,775.88,564.81,0,0,0,0,manual
3502,22,motorcycle,775.12,525.25,795.69,552.68,0,0,0,0,manual
3503,5,motorcycle,118.61,553.62,140.02,586.66,0,0,0,0,manual
3503,6,motorcycle,755.67,447.91,780.57,484.1,0,0,0,0,manual
3503,21,car,739.66,500.9,775.6,563.99,0,0,0,0,manual
3503,22,motorcycle,774.78,523.94,795.35,551.37,0,0,0,0,manual
3504,5,motorcycle,116.03,553.56,137.44,586.6,0,0,0,0,manual
3504,6,motorcycle,755.66,448.39,780.49,484.58,0,0,0,0,manual
3504,21,car,739.59,500.08,775.33,563.17,0,0,0,0,manual
3504,22,motorcycle,774.44,522.64,795.01,550.07,0,0,0,0,manual
3505,5,motorcycle,113.44,553.49,134.85,586.53,0,0,0,0,manual
3505,6,motorcycle,755.65,448.87,780.41,485.05,0,0,0,0,manual
3505,21,car,739.52,499.26,775.05,562.34,0,0,0,0,manual
3505,22,motorcycle,774.09,521.34,794.67,548.77,0,0,0,0,manual
3506,5,motorcycle,110.86,553.43,132.27,586.47,0,0,0,0,manual
3506,6,motorcycle,755.64,449.34,780.32,485.53,0,0,0,0,manual
3506,21,car,739.45,498.44,774.78,561.52,0,0,0,0,manual
3506,22,motorcycle,773.75,520.03,794.32,547.46,0,0,0,0,manual
3507,5,motorcycle,108.27,553.36,129.68,586.4,0,0,0,0,manual
3507,6,motorcycle,755.62,449.82,780.24,486.01,0,0,0,0,manual
3507,21,car,739.38,497.61,774.5,560.7,0,0,0,0,manual
3507,22,motorcycle,773.41,518.73,793.98,546.16,0,0,0,0,manual
3508,5,motorcycle,105.69,553.3,127.1,586.34,0,0,0,0,manual
3508,6,motorcycle,755.61,450.3,780.16,486.49,0,0,0,0,manual
3508,21,car,739.31,496.79,774.23,559.88,0,0,0,0,manual
3508,22,motorcycle,773.07,517.43,793.64,544.86,0,0,0,0,manual
3509,5,motorcycle,103.1,553.23,124.51,586.27,0,0,0,0,manual
3509,6,motorcycle,755.6,450.78,780.08,486.97,0,0,0,0,manual
3509,21,car,739.24,495.97,773.96,559.05,0,0,0,0,manual
3509,22,motorcycle,772.72,516.13,793.29,543.56,0,0,0,0,manual
3510,5,motorcycle,100.52,553.17,121.93,586.21,0,0,1,0,manual
3510,6,motorcycle,755.58,451.26,780.0,487.44,0,0,0,0,manual
3510,21,car,739.17,495.14,773.68,558.23,0,0,0,0,manual
3510,22,motorcycle,772.38,514.82,792.95,542.25,0,0,0,0,manual
3511,5,motorcycle,97.68,553.11,119.09,586.15,0,0,0,0,manual
3511,6,motorcycle,755.57,451.74,779.92,487.92,0,0,0,0,manual
3511,21,car,739.1,494.32,773.41,557.41,0,0,1,0,manual
3511,22,motorcycle,772.04,513.52,792.61,540.95,0,0,1,0,manual
3512,5,motorcycle,94.83,553.04,116.24,586.08,0,0,0,0,manual
3512,6,motorcycle,755.56,452.21,779.84,488.4,0,0,0,0,manual
3512,21,car,738.76,493.84,773.06,556.93,0,0,0,0,manual
3512,22,motorcycle,771.9,512.15,792.47,539.65,0,0,0,0,manual
3513,5,motorcycle,91.99,552.98,113.4,586.02,0,0,0,0,manual
3513,6,motorcycle,755.55,452.69,779.76,488.88,0,0,0,0,manual
3513,21,car,738.41,493.36,772.72,556.45,0,0,0,0,manual
3513,22,motorcycle,771.76,510.77,792.33,538.34,0,0,0,0,manual
3514,5,motorcycle,89.15,552.91,110.56,585.95,0,0,0,0,manual
3514,6,motorcycle,755.53,453.17,779.68,489.36,0,0,0,0,manual
3514,21,car,738.07,492.88,772.38,555.97,0,0,0,0,manual
3514,22,motorcycle,771.63,509.4,792.2,537.04,0,0,0,0,manual
3515,5,motorcycle,86.3,552.85,107.72,585.89,0,0,0,0,manual
3515,6,motorcycle,755.52,453.65,779.6,489.83,0,0,0,0,manual
3515,21,car,737.73,492.4,772.04,555.49,0,0,0,0,manual
3515,22,motorcycle,771.49,508.02,792.06,535.74,0,0,0,0,manual
3516,5,motorcycle,83.46,552.78,104.87,585.82,0,0,0,0,manual
3516,6,motorcycle,755.51,454.13,779.51,490.31,0,0,0,0,manual
3516,21,car,737.39,491.92,771.69,555.01,0,0,0,0,manual
3516,22,motorcycle,771.35,506.65,791.92,534.44,0,0,0,0,manual
3517,5,motorcycle,80.62,552.72,102.03,585.76,0,0,0,0,manual
3517,6,motorcycle,755.49,454.61,779.43,490.79,0,0,0,0,manual
3517,21,car,737.04,491.44,771.35,554.53,0,0,0,0,manual
3517,22,motorcycle,771.21,505.28,791.79,533.13,0,0,0,0,manual
3518,5,motorcycle,77.78,552.65,99.19,585.69,0,0,0,0,manual
3518,6,motorcycle,755.48,455.08,779.35,491.27,0,0,0,0,manual
3518,21,car,736.7,490.96,771.01,554.05,0,0,0,0,manual
3518,22,motorcycle,771.08,503.9,791.65,531.83,0,0,0,0,manual
3519,5,motorcycle,74.93,552.59,96.34,585.63,0,0,0,0,manual
3519,6,motorcycle,755.47,455.56,779.27,491.75,0,0,0,0,manual
3519,21,car,736.36,490.48,770.66,553.57,0,0,0,0,manual
3519,22,motorcycle,770.94,502.53,791.51,530.53,0,0,0,0,manual
3520,5,motorcycle,72.09,552.52,93.5,585.57,0,0,0,0,manual
3520,6,motorcycle,755.46,456.04,779.19,492.22,0,0,0,0,manual
3520,21,car,736.01,490.0,770.32,553.09,0,0,0,0,manual
3520,22,motorcycle,770.8,501.16,791.37,529.22,0,0,0,0,manual
3521,5,motorcycle,69.25,552.46,90.66,585.5,0,0,0,0,manual
3521,6,motorcycle,755.44,456.52,779.11,492.7,0,0,0,0,manual
3521,21,car,735.67,489.52,769.98,552.61,0,0,0,0,manual
3521,22,motorcycle,770.67,499.78,791.24,527.92,0,0,0,0,manual
3522,5,motorcycle,66.4,552.4,87.81,585.44,0,0,0,0,manual
3522,6,motorcycle,755.43,457.0,779.03,493.18,0,0,0,0,manual
3522,21,car,735.33,489.04,769.64,552.13,0,0,0,0,manual
3522,22,motorcycle,770.53,498.41,791.1,526.62,0,0,0,0,manual
3523,5,motorcycle,63.56,552.33,84.97,585.37,0,0,0,0,manual
3523,6,motorcycle,755.42,457.47,778.95,493.66,0,0,0,0,manual
3523,21,car,734.99,488.56,769.29,551.65,0,0,0,0,manual
3523,22,motorcycle,770.39,497.03,790.96,525.32,0,0,0,0,manual
3524,5,motorcycle,60.72,552.27,82.13,585.31,0,0,0,0,manual
3524,6,motorcycle,755.4,457.95,778.87,494.14,0,0,0,0,manual
3524,21,car,734.64,488.08,768.95,551.17,0,0,0,0,manual
3524,22,motorcycle,770.25,495.66,790.83,524.01,0,0,0,0,manual
3525,5,motorcycle,57.88,552.2,79.28,585.24,0,0,0,0,manual
3525,6,motorcycle,755.39,458.43,778.79,494.62,0,0,0,0,manual
3525,21,car,734.3,487.6,768.61,550.69,0,0,0,0,manual
3525,22,motorcycle,770.12,494.29,790.69,522.71,0,0,0,0,manual
3526,5,motorcycle,55.03,552.14,76.44,585.18,0,0,0,0,manual
3526,6,motorcycle,755.38,458.91,778.7,495.09,0,0,0,0,manual
3526,21,car,733.96,487.12,768.26,550.21,0,0,0,0,manual
3526,22,motorcycle,769.98,492.91,790.55,521.41,0,0,0,0,manual
3527,5,motorcycle,52.19,552.07,73.6,585.11,0,0,0,0,manual
3527,6,motorcycle,755.37,459.39,778.62,495.57,0,0,0,0,manual
3527,21,car,733.61,486.64,767.92,549.73,0,0,0,0,manual
3527,22,motorcycle,769.84,491.54,790.41,520.1,0,0,0,0,manual
3528,5,motorcycle,49.35,552.01,70.76,585.05,0,0,0,0,manual
3528,6,motorcycle,755.35,459.87,778.54,496.05,0,0,0,0,manual
3528,21,car,733.27,486.16,767.58,549.25,0,0,0,0,manual
3528,22,motorcycle,769.71,490.16,790.28,518.8,0,0,0,0,manual
3529,5,motorcycle,46.5,551.94,67.91,584.98,0,0,0,0,manual
3529,6,motorcycle,755.34,460.34,778.46,496.53,0,0,0,0,manual
3529,21,car,732.93,485.68,767.24,548.77,0,0,0,0,manual
3529,22,motorcycle,769.57,488.79,790.14,517.5,0,0,0,0,manual
3530,5,motorcycle,43.66,551.88,65.07,584.92,0,0,1,0,manual
3530,6,motorcycle,755.33,460.82,778.38,497.01,0,0,0,0,manual
3530,21,car,732.59,485.2,766.89,548.29,0,0,0,0,manual
3530,22,motorcycle,769.43,487.42,790.0,516.2,0,0,0,0,manual
3531,5,motorcycle,43.66,551.88,65.07,584.92,1,0,1,0,manual
3531,6,motorcycle,755.31,461.3,778.3,497.48,0,0,1,0,manual
3531,21,car,732.24,484.72,766.55,547.81,0,0,1,0,manual
3531,22,motorcycle,769.29,486.04,789.87,514.89,0,0,1,0,manual
3532,6,motorcycle,755.3,461.78,778.39,497.96,0,0,0,0,manual
3532,21,car,732.38,484.45,766.69,547.53,0,0,0,0,manual
3532,22,motorcycle,769.16,484.53,790.27,513.38,0,0,0,0,manual
3533,6,motorcycle,755.29,462.26,778.49,498.44,0,0,0,0,manual
3533,21,car,732.52,484.17,766.82,547.26,0,0,0,0,manual
3533,22,motorcycle,769.02,483.03,790.68,511.88,0,0,0,0,manual
3534,6,motorcycle,755.27,462.73,778.58,498.92,0,0,0,0,manual
3534,21,car,732.65,483.9,766.96,546.98,0,0,0,0,manual
3534,22,motorcycle,768.88,481.52,791.09,510.37,0,0,0,0,manual
3535,6,motorcycle,755.26,463.21,778.67,499.4,0,0,0,0,manual
3535,21,car,732.79,483.62,767.1,546.71,0,0,0,0,manual
3535,22,motorcycle,768.75,480.01,791.5,508.86,0,0,0,0,manual
3536,6,motorcycle,755.25,463.69,778.77,499.87,0,0,0,0,manual
3536,21,car,732.93,483.35,767.24,546.44,0,0,0,0,manual
3536,22,motorcycle,768.61,478.5,791.91,507.35,0,0,0,0,manual
3537,6,motorcycle,755.24,464.17,778.86,500.35,0,0,0,0,manual
3537,21,car,733.06,483.07,767.37,546.16,0,0,0,0,manual
3537,22,motorcycle,768.47,476.99,792.32,505.84,0,0,0,0,manual
3538,6,motorcycle,755.22,464.65,778.95,500.83,0,0,0,0,manual
3538,21,car,733.2,482.8,767.51,545.89,0,0,0,0,manual
3538,22,motorcycle,768.33,475.48,792.73,504.33,0,0,0,0,manual
3539,6,motorcycle,755.21,465.13,779.05,501.31,0,0,0,0,manual
3539,21,car,733.34,482.53,767.65,545.61,0,0,0,0,manual
3539,22,motorcycle,768.2,473.98,793.14,502.82,0,0,0,0,manual
3540,6,motorcycle,755.2,465.6,779.14,501.79,0,0,0,0,manual
3540,21,car,733.48,482.25,767.78,545.34,0,0,0,0,manual
3540,22,motorcycle,768.06,472.47,793.55,501.32,0,0,0,0,manual
3541,6,motorcycle,755.18,466.08,779.23,502.26,0,0,0,0,manual
3541,21,car,733.61,481.98,767.92,545.06,0,0,1,0,manual
3541,22,motorcycle,767.92,470.96,793.96,499.81,0,0,1,0,manual
3542,6,motorcycle,755.17,466.56,779.33,502.74,0,0,0,0,manual
3542,21,car,733.41,481.57,767.72,544.65,0,0,0,0,manual
3542,22,motorcycle,767.37,469.59,793.41,498.44,0,0,0,0,manual
3543,6,motorcycle,755.16,467.04,779.42,503.22,0,0,0,0,manual
3543,21,car,733.2,481.15,767.51,544.24,0,0,0,0,manual
3543,22,motorcycle,766.82,468.22,792.86,497.06,0,0,0,0,manual
3544,6,motorcycle,755.15,467.52,779.51,503.7,0,0,0,0,manual
3544,21,car,733.0,480.74,767.3,543.83,0,0,0,0,manual
3544,22,motorcycle,766.28,466.84,792.31,495.69,0,0,0,0,manual
3545,6,motorcycle,755.13,467.99,779.61,504.18,0,0,0,0,manual
3545,21,car,732.79,480.33,767.1,543.42,0,0,0,0,manual
3545,22,motorcycle,765.73,465.47,791.76,494.32,0,0,0,0,manual
3546,6,motorcycle,755.12,468.47,779.7,504.66,0,0,0,0,manual
3546,21,car,732.58,479.92,766.89,543.01,0,0,0,0,manual
3546,22,motorcycle,765.18,464.1,791.21,492.95,0,0,0,0,manual
3547,6,motorcycle,755.11,468.95,779.79,505.13,0,0,0,0,manual
3547,21,car,732.38,479.51,766.69,542.6,0,0,0,0,manual
3547,22,motorcycle,764.63,462.73,790.67,491.58,0,0,0,0,manual
3548,6,motorcycle,755.09,469.43,779.89,505.61,0,0,0,0,manual
3548,21,car,732.17,479.1,766.48,542.18,0,0,0,0,manual
3548,22,motorcycle,764.08,461.36,790.12,490.21,0,0,0,0,manual
3549,6,motorcycle,755.08,469.91,779.98,506.09,0,0,0,0,manual
3549,21,car,731.97,478.69,766.28,541.77,0,0,0,0,manual
3549,22,motorcycle,763.53,459.99,789.57,488.84,0,0,0,0,manual
3550,6,motorcycle,755.07,470.39,780.07,506.57,0,0,0,0,manual
3550,21,car,731.76,478.27,766.07,541.36,0,0,0,0,manual
3550,22,motorcycle,762.99,458.62,789.02,487.46,0,0,0,0,manual
3551,6,motorcycle,755.06,470.86,780.17,507.05,0,0,0,0,manual
3551,21,car,731.56,477.86,765.86,540.95,0,0,0,0,manual
3551,22,motorcycle,762.44,457.24,788.47,486.09,0,0,0,0,manual
3552,6,motorcycle,755.04,471.34,780.26,507.52,0,0,0,0,manual
3552,21,car,731.35,477.45,765.66,540.54,0,0,0,0,manual
3552,22,motorcycle,761.89,455.87,787.92,484.72,0,0,0,0,manual
3553,6,motorcycle,755.03,471.82,780.35,508.0,0,0,0,0,manual
3553,21,car,731.14,477.04,765.45,540.13,0,0,0,0,manual
3553,22,motorcycle,761.34,454.5,787.37,483.35,0,0,0,0,manual
3554,6,motorcycle,755.02,472.3,780.45,508.48,0,0,0,0,manual
3554,21,car,730.94,476.63,765.25,539.72,0,0,0,0,manual
3554,22,motorcycle,760.79,453.13,786.83,481.98,0,0,0,0,manual
3555,6,motorcycle,755.0,472.78,780.54,508.96,0,0,0,0,manual
3555,21,car,730.73,476.22,765.04,539.3,0,0,0,0,manual
3555,22,motorcycle,760.24,451.76,786.28,480.61,0,0,0,0,manual
3556,6,motorcycle,754.99,473.26,780.63,509.44,0,0,0,0,manual
3556,21,car,730.53,475.81,764.84,538.89,0,0,0,0,manual
3556,22,motorcycle,759.69,450.39,785.73,479.24,0,0,0,0,manual
3557,6,motorcycle,754.98,473.73,780.73,509.91,0,0,0,0,manual
3557,21,car,730.32,475.39,764.63,538.48,0,0,0,0,manual
3557,22,motorcycle,759.15,449.02,785.18,477.86,0,0,0,0,manual
3558,6,motorcycle,754.96,474.21,780.82,510.39,0,0,0,0,manual
3558,21,car,730.12,474.98,764.42,538.07,0,0,0,0,manual
3558,22,motorcycle,758.6,447.64,784.63,476.49,0,0,0,0,manual
3559,6,motorcycle,754.95,474.69,780.91,510.87,0,0,0,0,manual
3559,21,car,729.91,474.57,764.22,537.66,0,0,0,0,manual
3559,22,motorcycle,758.05,446.27,784.08,475.12,0,0,0,0,manual
3560,6,motorcycle,754.94,475.17,781.01,511.35,0,0,0,0,manual
3560,21,car,729.7,474.16,764.01,537.25,0,0,0,0,manual
3560,22,motorcycle,757.5,444.9,783.53,473.75,0,0,0,0,manual
3561,6,motorcycle,754.93,475.65,781.1,511.83,0,0,0,0,manual
3561,21,car,729.5,473.75,763.81,536.84,0,0,1,0,manual
3561,22,motorcycle,756.95,443.53,782.99,472.38,0,0,1,0,manual
3562,6,motorcycle,754.91,476.12,781.19,512.31,0,0,0,0,manual
3562,21,car,729.43,473.06,763.74,536.15,0,0,0,0,manual
3562,22,motorcycle,756.4,442.57,782.44,471.42,0,0,0,0,manual
3563,6,motorcycle,754.9,476.6,781.29,512.78,0,0,0,0,manual
3563,21,car,729.36,472.38,763.67,535.46,0,0,0,0,manual
3563,22,motorcycle,755.85,441.61,781.89,470.46,0,0,0,0,manual
3564,6,motorcycle,754.89,477.08,781.38,513.26,0,0,0,0,manual
3564,21,car,729.29,471.69,763.6,534.78,0,0,0,0,manual
3564,22,motorcycle,755.31,440.65,781.34,469.5,0,0,0,0,manual
3565,6,motorcycle,754.87,477.56,781.47,513.74,0,0,0,0,manual
3565,21,car,729.22,471.01,763.53,534.09,0,0,0,0,manual
3565,22,motorcycle,754.76,439.69,780.79,468.54,0,0,0,0,manual
3566,6,motorcycle,754.86,478.04,781.57,514.22,0,0,0,0,manual
3566,21,car,729.16,470.32,763.46,533.41,0,0,0,0,manual
3566,22,motorcycle,754.21,438.73,780.24,467.58,0,0,0,0,manual
3567,6,motorcycle,754.85,478.52,781.66,514.7,0,0,0,0,manual
3567,21,car,729.09,469.63,763.4,532.72,0,0,0,0,manual
3567,22,motorcycle,753.66,437.77,779.69,466.62,0,0,0,0,manual
3568,6,motorcycle,754.84,478.99,781.75,515.17,0,0,0,0,manual
3568,21,car,729.02,468.95,763.33,532.04,0,0,0,0,manual
3568,22,motorcycle,753.11,436.81,779.15,465.66,0,0,0,0,manual
3569,6,motorcycle,754.82,479.47,781.85,515.65,0,0,0,0,manual
3569,21,car,728.95,468.26,763.26,531.35,0,0,0,0,manual
3569,22,motorcycle,752.56,435.85,778.6,464.7,0,0,0,0,manual
3570,6,motorcycle,754.81,479.95,781.94,516.13,0,0,1,0,manual
3570,21,car,728.88,467.58,763.19,530.66,0,0,0,0,manual
3570,22,motorcycle,752.01,434.89,778.05,463.74,0,0,0,0,manual
3571,6,motorcycle,754.94,480.4,782.07,516.58,0,0,0,0,manual
3571,21,car,728.81,466.89,763.12,529.98,0,0,0,0,manual
3571,22,motorcycle,751.47,433.93,777.5,462.78,0,0,0,0,manual
3571,23,car,761.1,551.92,804.95,605.4,0,0,1,0,manual
3572,6,motorcycle,755.07,480.85,782.2,517.03,0,0,0,0,manual
3572,21,car,728.74,466.21,763.05,529.29,0,0,0,0,manual
3572,22,motorcycle,750.92,432.97,776.95,461.82,0,0,0,0,manual
3572,23,car,760.51,551.24,804.36,604.71,0,0,0,0,manual
3573,6,motorcycle,755.2,481.31,782.33,517.49,0,0,0,0,manual
3573,21,car,728.68,465.52,762.98,528.61,0,0,0,0,manual
3573,22,motorcycle,750.37,432.01,776.4,460.86,0,0,0,0,manual
3573,23,car,759.91,550.55,803.76,604.03,0,0,0,0,manual
3574,6,motorcycle,755.33,481.76,782.46,517.94,0,0,0,0,manual
3574,21,car,728.61,464.83,762.91,527.92,0,0,0,0,manual
3574,22,motorcycle,749.82,431.05,775.85,459.9,0,0,0,0,manual
3574,23,car,759.32,549.86,803.17,603.34,0,0,0,0,manual
3575,6,motorcycle,755.46,482.21,782.59,518.39,0,0,0,0,manual
3575,21,car,728.54,464.15,762.85,527.23,0,0,0,0,manual
3575,22,motorcycle,749.27,430.09,775.31,458.94,0,0,0,0,manual
3575,23,car,758.72,549.18,802.57,602.66,0,0,0,0,manual
3576,6,motorcycle,755.58,482.66,782.72,518.84,0,0,0,0,manual
3576,21,car,728.47,463.46,762.78,526.55,0,0,0,0,manual
3576,22,motorcycle,748.72,429.13,774.76,457.98,0,0,0,0,manual
3576,23,car,758.13,548.49,801.98,601.97,0,0,0,0,manual
3577,6,motorcycle,755.71,483.12,782.85,519.3,0,0,0,0,manual
3577,21,car,728.4,462.78,762.71,525.86,0,0,0,0,manual
3577,22,motorcycle,748.17,428.17,774.21,457.02,0,0,0,0,manual
3577,23,car,757.53,547.81,801.39,601.29,0,0,0,0,manual
3578,6,motorcycle,755.84,483.57,782.97,519.75,0,0,0,0,manual
3578,21,car,728.33,462.09,762.64,525.18,0,0,0,0,manual
3578,22,motorcycle,747.63,427.21,773.66,456.06,0,0,0,0,manual
3578,23,car,756.94,547.12,800.79,600.6,0,0,0,0,manual
3579,6,motorcycle,755.97,484.02,783.1,520.2,0,0,0,0,manual
3579,21,car,728.26,461.41,762.57,524.49,0,0,0,0,manual
3579,22,motorcycle,747.08,426.25,773.11,455.1,0,0,0,0,manual
3579,23,car,756.35,546.44,800.2,599.91,0,0,0,0,manual
3580,6,motorcycle,756.1,484.47,783.23,520.65,0,0,0,0,manual
3580,21,car,728.2,460.72,762.5,523.81,0,0,0,0,manual
3580,22,motorcycle,746.53,425.29,772.56,454.14,0,0,0,0,manual
3580,23,car,755.75,545.75,799.6,599.23,0,0,0,0,manual
3581,6,motorcycle,756.23,484.92,783.36,521.11,0,0,0,0,manual
3581,21,car,728.13,460.03,762.43,523.12,0,0,1,0,manual
3581,22,motorcycle,745.98,424.33,772.01,453.18,0,0,1,0,manual
3581,23,car,755.16,545.06,799.01,598.54,0,0,0,0,manual
3582,6,motorcycle,756.36,485.38,783.49,521.56,0,0,0,0,manual
3582,21,car,727.78,459.21,762.09,522.3,0,0,0,0,manual
3582,22,motorcycle,745.23,423.09,771.26,451.94,0,0,0,0,manual
3582,23,car,754.56,544.38,798.41,597.86,0,0,0,0,manual
3583,6,motorcycle,756.49,485.83,783.62,522.01,0,0,0,0,manual
3583,21,car,727.44,458.39,761.75,521.47,0,0,0,0,manual
3583,22,motorcycle,744.47,421.86,770.51,450.71,0,0,0,0,manual
3583,23,car,753.97,543.69,797.82,597.17,0,0,0,0,manual
3584,6,motorcycle,756.62,486.28,783.75,522.46,0,0,0,0,manual
3584,21,car,727.1,457.57,761.41,520.65,0,0,0,0,manual
3584,22,motorcycle,743.72,420.63,769.75,449.48,0,0,0,0,manual
3584,23,car,753.37,543.01,797.23,596.49,0,0,0,0,manual
3585,6,motorcycle,756.75,486.73,783.88,522.91,0,0,0,0,manual
3585,21,car,726.76,456.74,761.06,519.83,0,0,0,0,manual
3585,22,motorcycle,742.96,419.39,769.0,448.24,0,0,0,0,manual
3585,23,car,752.78,542.32,796.63,595.8,0,0,0,0,manual
3586,6,motorcycle,756.88,487.18,784.01,523.37,0,0,0,0,manual
3586,21,car,726.41,455.92,760.72,519.01,0,0,0,0,manual
3586,22,motorcycle,742.21,418.16,768.24,447.01,0,0,0,0,manual
3586,23,car,752.19,541.64,796.04,595.11,0,0,0,0,manual
3587,6,motorcycle,757.01,487.64,784.14,523.82,0,0,0,0,manual
3587,21,car,726.07,455.1,760.38,518.18,0,0,0,0,manual
3587,22,motorcycle,741.45,416.92,767.49,445.77,0,0,0,0,manual
3587,23,car,751.59,540.95,795.44,594.43,0,0,0,0,manual
3588,6,motorcycle,757.13,488.09,784.27,524.27,0,0,0,0,manual
3588,21,car,725.73,454.27,760.03,517.36,0,0,0,0,manual
3588,22,motorcycle,740.7,415.69,766.73,444.54,0,0,0,0,manual
3588,23,car,751.0,540.26,794.85,593.74,0,0,0,0,manual
3589,6,motorcycle,757.26,488.54,784.4,524.72,0,0,0,0,manual
3589,21,car,725.38,453.45,759.69,516.54,0,0,0,0,manual
3589,22,motorcycle,739.95,414.45,765.98,443.3,0,0,0,0,manual
3589,23,car,750.4,539.58,794.25,593.06,0,0,0,0,manual
3590,6,motorcycle,757.39,488.99,784.53,525.18,0,0,0,0,manual
3590,21,car,725.04,452.63,759.35,515.71,0,0,0,0,manual
3590,22,motorcycle,739.19,413.22,765.23,442.07,0,0,0,0,manual
3590,23,car,749.81,538.89,793.66,592.37,0,0,0,0,manual
3591,6,motorcycle,757.52,489.45,784.66,525.63,0,0,0,0,manual
3591,21,car,724.7,451.81,759.01,514.89,0,0,0,0,manual
3591,22,motorcycle,738.44,411.99,764.47,440.84,0,0,0,0,manual
3591,23,car,749.21,538.21,793.07,591.69,0,0,0,0,manual
3592,6,motorcycle,757.65,489.9,784.79,526.08,0,0,0,0,manual
3592,21,car,724.36,450.98,758.66,514.07,0,0,0,0,manual
3592,22,motorcycle,737.68,410.75,763.72,439.6,0,0,0,0,manual
3592,23,car,748.62,537.52,792.47,591.0,0,0,0,0,manual
3593,6,motorcycle,757.78,490.35,784.91,526.53,0,0,0,0,manual
3593,21,car,724.01,450.16,758.32,513.25,0,0,0,0,manual
3593,22,motorcycle,736.93,409.52,762.96,438.37,0,0,0,0,manual
3593,23,car,748.03,536.84,791.88,590.31,0,0,0,0,manual
3594,6,motorcycle,757.91,490.8,785.04,526.99,0,0,0,0,manual
3594,21,car,723.67,449.34,757.98,512.42,0,0,0,0,manual
3594,22,motorcycle,736.17,408.28,762.21,437.13,0,0,0,0,manual
3594,23,car,747.43,536.15,791.28,589.63,0,0,0,0,manual
3595,6,motorcycle,758.04,491.25,785.17,527.44,0,0,0,0,manual
3595,21,car,723.33,448.51,757.63,511.6,0,0,0,0,manual
3595,22,motorcycle,735.42,407.05,761.45,435.9,0,0,0,0,manual
3595,23,car,746.84,535.46,790.69,588.94,0,0,0,0,manual
3596,6,motorcycle,758.17,491.71,785.3,527.89,0,0,0,0,manual
3596,21,car,722.98,447.69,757.29,510.78,0,0,0,0,manual
3596,22,motorcycle,734.67,405.81,760.7,434.66,0,0,0,0,manual
3596,23,car,746.24,534.78,790.1,588.26,0,0,0,0,manual
3597,6,motorcycle,758.3,492.16,785.43,528.34,0,0,0,0,manual
3597,21,car,722.64,446.87,756.95,509.95,0,0,0,0,manual
3597,22,motorcycle,733.91,404.58,759.95,433.43,0,0,0,0,manual
3597,23,car,745.65,534.09,789.5,587.57,0,0,0,0,manual
3598,6,motorcycle,758.43,492.61,785.56,528.8,0,0,0,0,manual
3598,21,car,722.3,446.05,756.61,509.13,0,0,0,0,manual
3598,22,motorcycle,733.16,403.35,759.19,432.19,0,0,0,0,manual
3598,23,car,745.06,533.41,788.91,586.89,0,0,0,0,manual
3599,6,motorcycle,758.56,493.06,785.69,529.25,0,0,0,0,manual
3599,21,car,721.96,445.22,756.26,508.31,0,0,0,0,manual
3599,22,motorcycle,732.4,402.11,758.44,430.96,0,0,0,0,manual
3599,23,car,744.46,532.72,788.31,586.2,0,0,0,0,manual
3600,6,motorcycle,758.68,493.51,785.82,529.7,0,0,0,0,manual
3600,21,car,721.61,444.4,755.92,507.49,0,0,0,0,manual
3600,22,motorcycle,731.65,400.88,757.68,429.73,0,0,0,0,manual
3600,23,car,743.87,532.04,787.72,585.51,0,0,0,0,manual
3601,6,motorcycle,758.81,493.97,785.95,530.15,0,0,0,0,manual
3601,21,car,721.27,443.58,755.58,506.66,0,0,1,0,manual
3601,22,motorcycle,730.89,399.64,756.93,428.49,0,0,1,0,manual
3601,23,car,743.27,531.35,787.12,584.83,0,0,1,0,manual
3601,24,motorcycle,804.95,616.38,828.27,645.18,0,0,1,0,manual
3602,6,motorcycle,758.94,494.42,786.08,530.6,0,0,0,0,manual
3602,21,car,721.09,443.3,755.39,506.39,0,0,0,0,manual
3602,22,motorcycle,730.48,399.19,756.52,428.03,0,0,0,0,manual
3602,23,car,742.79,530.66,786.64,584.14,0,0,0,0,manual
3602,24,motorcycle,804.02,615.58,827.33,644.38,0,0,0,0,manual
3603,6,motorcycle,759.07,494.87,786.21,531.06,0,0,0,0,manual
3603,21,car,720.9,443.03,755.21,506.11,0,0,0,0,manual
3603,22,motorcycle,730.07,398.73,756.11,427.58,0,0,0,0,manual
3603,23,car,742.31,529.98,786.16,583.46,0,0,0,0,manual
3603,24,motorcycle,803.09,614.79,826.4,643.59,0,0,0,0,manual
3604,6,motorcycle,759.2,495.32,786.34,531.51,0,0,0,0,manual
3604,21,car,720.72,442.75,755.03,505.84,0,0,0,0,manual
3604,22,motorcycle,729.66,398.27,755.69,427.12,0,0,0,0,manual
3604,23,car,741.83,529.29,785.68,582.77,0,0,0,0,manual
3604,24,motorcycle,802.15,613.99,825.47,642.79,0,0,0,0,manual
3605,6,motorcycle,759.33,495.78,786.47,531.96,0,0,0,0,manual
3605,21,car,720.54,442.48,754.85,505.57,0,0,0,0,manual
3605,22,motorcycle,729.25,397.81,755.28,426.66,0,0,0,0,manual
3605,23,car,741.35,528.61,785.2,582.09,0,0,0,0,manual
3605,24,motorcycle,801.22,613.2,824.54,642.0,0,0,0,0,manual
3606,6,motorcycle,759.46,496.23,786.6,532.41,0,0,0,0,manual
3606,21,car,720.36,442.21,754.66,505.29,0,0,0,0,manual
3606,22,motorcycle,728.84,397.36,754.87,426.21,0,0,0,0,manual
3606,23,car,740.87,527.92,784.72,581.4,0,0,0,0,manual
3606,24,motorcycle,800.29,612.4,823.6,641.2,0,0,0,0,manual
3607,6,motorcycle,759.59,496.68,786.73,532.87,0,0,0,0,manual
3607,21,car,720.17,441.93,754.48,505.02,0,0,0,0,manual
3607,22,motorcycle,728.42,396.9,754.46,425.75,0,0,0,0,manual
3607,23,car,740.39,527.24,784.24,580.71,0,0,0,0,manual
3607,24,motorcycle,799.36,611.61,822.67,640.41,0,0,0,0,manual
3608,6,motorcycle,759.72,497.13,786.85,533.32,0,0,0,0,manual
3608,21,car,719.99,441.66,754.3,504.74,0,0,0,0,manual
3608,22,motorcycle,728.01,396.44,754.05,425.29,0,0,0,0,manual
3608,23,car,739.91,526.55,783.76,580.03,0,0,0,0,manual
3608,24,motorcycle,798.42,610.81,821.74,639.61,0,0,0,0,manual
3609,6,motorcycle,759.85,497.58,786.98,533.77,0,0,0,0,manual
3609,21,car,719.81,441.38,754.11,504.47,0,0,0,0,manual
3609,22,motorcycle,727.6,395.99,753.64,424.83,0,0,0,0,manual
3609,23,car,739.43,525.86,783.28,579.34,0,0,0,0,manual
3609,24,motorcycle,797.49,610.02,820.81,638.82,0,0,0,0,manual
3610,6,motorcycle,759.98,498.04,787.11,534.22,0,0,0,0,manual
3610,21,car,719.62,441.11,753.93,504.19,0,0,0,0,manual
3610,22,motorcycle,727.19,395.53,753.23,424.38,0,0,0,0,manual
3610,23,car,738.95,525.18,782.8,578.66,0,0,0,0,manual
3610,24,motorcycle,796.56,609.22,819.87,638.02,0,0,0,0,manual
3611,6,motorcycle,760.11,498.49,787.24,534.68,0,0,0,0,manual
3611,21,car,719.44,440.83,753.75,503.92,0,0,0,0,manual
3611,22,motorcycle,726.78,395.07,752.81,423.92,0,0,0,0,manual
3611,23,car,738.47,524.49,782.32,577.97,0,0,0,0,manual
3611,24,motorcycle,795.63,608.42,818.94,637.22,0,0,0,0,manual
3612,6,motorcycle,760.23,498.94,787.37,535.13,0,0,0,0,manual
3612,21,car,719.26,440.56,753.57,503.65,0,0,0,0,manual
3612,22,motorcycle,726.37,394.61,752.4,423.46,0,0,0,0,manual
3612,23,car,737.99,523.81,781.84,577.29,0,0,0,0,manual
3612,24,motorcycle,794.69,607.63,818.01,636.43,0,0,0,0,manual
3613,6,motorcycle,760.36,499.39,787.5,535.58,0,0,0,0,manual
3613,21,car,719.08,440.29,753.38,503.37,0,0,0,0,manual
3613,22,motorcycle,725.96,394.16,751.99,423.01,0,0,0,0,manual
3613,23,car,737.51,523.12,781.36,576.6,0,0,0,0,manual
3613,24,motorcycle,793.76,606.83,817.08,635.63,0,0,0,0,manual
3614,6,motorcycle,760.49,499.85,787.63,536.03,0,0,0,0,manual
3614,21,car,718.89,440.01,753.2,503.1,0,0,0,0,manual
3614,22,motorcycle,725.54,393.7,751.58,422.55,0,0,0,0,manual
3614,23,car,737.03,522.43,780.88,575.91,0,0,0,0,manual
3614,24,motorcycle,792.83,606.04,816.14,634.84,0,0,0,0,manual
3615,6,motorcycle,760.62,500.3,787.76,536.49,0,0,0,0,manual
3615,21,car,718.71,439.74,753.02,502.82,0,0,0,0,manual
3615,22,motorcycle,725.13,393.24,751.17,422.09,0,0,0,0,manual
3615,23,car,736.55,521.75,780.4,575.23,0,0,0,0,manual
3615,24,motorcycle,791.9,605.24,815.21,634.04,0,0,0,0,manual
3616,6,motorcycle,760.75,500.75,787.89,536.94,0,0,0,0,manual
3616,21,car,718.53,439.46,752.83,502.55,0,0,0,0,manual
3616,22,motorcycle,724.72,392.79,750.76,421.63,0,0,0,0,manual
3616,23,car,736.07,521.06,779.92,574.54,0,0,0,0,manual
3616,24,motorcycle,790.96,604.45,814.28,633.25,0,0,0,0,manual
3617,6,motorcycle,760.88,501.2,788.02,537.39,0,0,0,0,manual
3617,21,car,718.34,439.19,752.65,502.27,0,0,0,0,manual
3617,22,motorcycle,724.31,392.33,750.35,421.18,0,0,0,0,manual
3617,23,car,735.59,520.38,779.44,573.86,0,0,0,0,manual
3617,24,motorcycle,790.03,603.65,813.35,632.45,0,0,0,0,manual
3618,6,motorcycle,761.01,501.65,788.15,537.84,0,0,0,0,manual
3618,21,car,718.16,438.91,752.47,502.0,0,0,0,0,manual
3618,22,motorcycle,723.9,391.87,749.93,420.72,0,0,0,0,manual
3618,23,car,735.11,519.69,778.96,573.17,0,0,0,0,manual
3618,24,motorcycle,789.1,602.86,812.41,631.66,0,0,0,0,manual
3619,6,motorcycle,761.14,502.11,788.28,538.29,0,0,0,0,manual
3619,21,car,717.98,438.64,752.29,501.73,0,0,0,0,manual
3619,22,motorcycle,723.49,391.41,749.52,420.26,0,0,0,0,manual
3619,23,car,734.63,519.01,778.48,572.49,0,0,0,0,manual
3619,24,motorcycle,788.17,602.06,811.48,630.86,0,0,0,0,manual
3620,6,motorcycle,761.27,502.56,788.41,538.75,0,0,0,0,manual
3620,21,car,717.79,438.37,752.1,501.45,0,0,0,0,manual
3620,22,motorcycle,723.08,390.96,749.11,419.81,0,0,0,0,manual
3620,23,car,734.15,518.32,778.0,571.8,0,0,0,0,manual
3620,24,motorcycle,787.23,601.27,810.55,630.07,0,0,0,0,manual
3621,6,motorcycle,761.4,503.01,788.54,539.2,0,0,0,0,manual
3621,21,car,717.61,438.09,751.92,501.18,0,0,0,0,manual
3621,22,motorcycle,722.66,390.5,748.7,419.35,0,0,0,0,manual
3621,23,car,733.67,517.63,777.52,571.11,0,0,1,0,manual
3621,24,motorcycle,786.3,600.47,809.61,629.27,0,0,0,0,manual
3622,6,motorcycle,761.53,503.46,788.67,539.65,0,0,0,0,manual
3622,21,car,717.43,437.82,751.74,500.9,0,0,0,0,manual
3622,22,motorcycle,722.25,390.04,748.29,418.89,0,0,0,0,manual
3622,23,car,733.63,516.9,777.25,570.38,0,0,0,0,manual
3622,24,motorcycle,785.37,599.67,808.68,628.47,0,0,0,0,manual
3623,6,motorcycle,761.66,503.91,788.79,540.1,0,0,0,0,manual
3623,21,car,717.25,437.54,751.55,500.63,0,0,0,0,manual
3623,22,motorcycle,721.84,389.59,747.88,418.43,0,0,0,0,manual
3623,23,car,733.58,516.17,776.97,569.65,0,0,0,0,manual
3623,24,motorcycle,784.44,598.88,807.75,627.68,0,0,0,0,manual
3624,6,motorcycle,761.78,504.37,788.92,540.56,0,0,0,0,manual
3624,21,car,717.06,437.27,751.37,500.35,0,0,0,0,manual
3624,22,motorcycle,721.43,389.13,747.46,417.98,0,0,0,0,manual
3624,23,car,733.53,515.44,776.7,568.92,0,0,0,0,manual
3624,24,motorcycle,783.5,598.08,806.82,626.88,0,0,0,0,manual
3625,6,motorcycle,761.91,504.82,789.05,541.01,0,0,0,0,manual
3625,21,car,716.88,436.99,751.19,500.08,0,0,0,0,manual
3625,22,motorcycle,721.02,388.67,747.05,417.52,0,0,0,0,manual
3625,23,car,733.49,514.71,776.43,568.19,0,0,0,0,manual
3625,24,motorcycle,782.57,597.29,805.88,626.09,0,0,0,0,manual
3626,6,motorcycle,762.04,505.27,789.18,541.46,0,0,0,0,manual
3626,21,car,716.7,436.72,751.01,499.81,0,0,0,0,manual
3626,22,motorcycle,720.61,388.21,746.64,417.06,0,0,0,0,manual
3626,23,car,733.44,513.98,776.15,567.46,0,0,0,0,manual
3626,24,motorcycle,781.64,596.49,804.95,625.29,0,0,0,0,manual
3627,6,motorcycle,762.17,505.72,789.31,541.91,0,0,0,0,manual
3627,21,car,716.51,436.44,750.82,499.53,0,0,0,0,manual
3627,22,motorcycle,720.2,387.76,746.23,416.61,0,0,0,0,manual
3627,23,car,733.4,513.25,775.88,566.73,0,0,0,0,manual
3627,24,motorcycle,780.7,595.7,804.02,624.5,0,0,0,0,manual
3628,6,motorcycle,762.3,506.18,789.44,542.37,0,0,0,0,manual
3628,21,car,716.33,436.17,750.64,499.26,0,0,0,0,manual
3628,22,motorcycle,719.78,387.3,745.82,416.15,0,0,0,0,manual
3628,23,car,733.35,512.51,775.6,565.99,0,0,0,0,manual
3628,24,motorcycle,779.77,594.9,803.09,623.7,0,0,0,0,manual
3629,6,motorcycle,762.43,506.63,789.57,542.82,0,0,0,0,manual
3629,21,car,716.15,435.9,750.46,498.98,0,0,0,0,manual
3629,22,motorcycle,719.37,386.84,745.41,415.69,0,0,0,0,manual
3629,23,car,733.31,511.78,775.33,565.26,0,0,0,0,manual
3629,24,motorcycle,778.84,594.11,802.15,622.91,0,0,0,0,manual
3630,6,motorcycle,762.56,507.08,789.7,543.27,0,0,1,0,manual
3630,21,car,715.97,435.62,750.27,498.71,0,0,0,0,manual
3630,22,motorcycle,718.96,386.38,745.0,415.23,0,0,0,0,manual
3630,23,car,733.26,511.05,775.05,564.53,0,0,0,0,manual
3630,24,motorcycle,777.91,593.31,801.22,622.11,0,0,0,0,manual
3631,6,motorcycle,762.33,507.73,789.47,543.92,0,0,0,0,manual
3631,21,car,715.78,435.35,750.09,498.43,0,0,1,0,manual
3631,22,motorcycle,718.55,385.93,744.58,414.78,0,0,1,0,manual
3631,23,car,733.21,510.32,774.78,563.8,0,0,0,0,manual
3631,24,motorcycle,776.97,592.52,800.29,621.32,0,0,0,0,manual
3632,6,motorcycle,762.1,508.38,789.24,544.57,0,0,0,0,manual
3632,21,car,715.78,435.35,750.09,498.43,1,0,1,0,manual
3632,22,motorcycle,718.55,385.93,744.58,414.78,1,0,1,0,manual
3632,23,car,733.17,509.59,774.51,563.07,0,0,0,0,manual
3632,24,motorcycle,776.04,591.72,799.36,620.52,0,0,0,0,manual
3633,6,motorcycle,761.88,509.03,789.02,545.22,0,0,0,0,manual
3633,23,car,733.12,508.86,774.23,562.34,0,0,0,0,manual
3633,24,motorcycle,775.11,590.92,798.42,619.72,0,0,0,0,manual
3634,6,motorcycle,761.65,509.68,788.79,545.87,0,0,0,0,manual
3634,23,car,733.08,508.13,773.96,561.61,0,0,0,0,manual
3634,24,motorcycle,774.18,590.13,797.49,618.93,0,0,0,0,manual
3635,6,motorcycle,761.42,510.34,788.56,546.53,0,0,0,0,manual
3635,23,car,733.03,507.39,773.68,560.87,0,0,0,0,manual
3635,24,motorcycle,773.24,589.33,796.56,618.13,0,0,0,0,manual
3636,6,motorcycle,761.19,510.99,788.33,547.18,0,0,0,0,manual
3636,23,car,732.99,506.66,773.41,560.14,0,0,0,0,manual
3636,24,motorcycle,772.31,588.54,795.63,617.34,0,0,0,0,manual
3637,6,motorcycle,760.96,511.64,788.1,547.83,0,0,0,0,manual
3637,23,car,732.94,505.93,773.13,559.41,0,0,0,0,manual
3637,24,motorcycle,771.38,587.74,794.69,616.54,0,0,0,0,manual
3638,6,motorcycle,760.73,512.29,787.87,548.48,0,0,0,0,manual
3638,23,car,732.89,505.2,772.86,558.68,0,0,0,0,manual
3638,24,motorcycle,770.45,586.95,793.76,615.75,0,0,0,0,manual
3639,6,motorcycle,760.51,512.94,787.65,549.13,0,0,0,0,manual
3639,23,car,732.85,504.47,772.59,557.95,0,0,0,0,manual
3639,24,motorcycle,769.51,586.15,792.83,614.95,0,0,0,0,manual
3640,6,motorcycle,760.28,513.59,787.42,549.78,0,0,0,0,manual
3640,23,car,732.8,503.74,772.31,557.22,0,0,0,0,manual
3640,24,motorcycle,768.58,585.36,791.9,614.16,0,0,0,0,manual
3641,6,motorcycle,760.05,514.24,787.19,550.43,0,0,0,0,manual
3641,23,car,732.76,503.01,772.04,556.49,0,0,0,0,manual
3641,24,motorcycle,767.65,584.56,790.96,613.36,0,0,0,0,manual
3642,6,motorcycle,759.82,514.89,786.96,551.08,0,0,0,0,manual
3642,23,car,732.71,502.28,771.76,555.75,0,0,0,0,manual
3642,24,motorcycle,766.72,583.77,790.03,612.57,0,0,0,0,manual
3643,6,motorcycle,759.59,515.54,786.73,551.73,0,0,0,0,manual
3643,23,car,732.67,501.54,771.49,555.02,0,0,0,0,manual
3643,24,motorcycle,765.78,582.97,789.1,611.77,0,0,0,0,manual
3644,6,motorcycle,759.37,516.2,786.51,552.39,0,0,0,0,manual
3644,23,car,732.62,500.81,771.21,554.29,0,0,0,0,manual
3644,24,motorcycle,764.85,582.17,788.17,610.97,0,0,0,0,manual
3645,6,motorcycle,759.14,516.85,786.28,553.04,0,0,0,0,manual
3645,23,car,732.57,500.08,770.94,553.56,0,0,0,0,manual
3645,24,motorcycle,763.92,581.38,787.23,610.18,0,0,0,0,manual
3646,6,motorcycle,758.91,517.5,786.05,553.69,0,0,0,0,manual
3646,23,car,732.53,499.35,770.67,552.83,0,0,0,0,manual
3646,24,motorcycle,762.99,580.58,786.3,609.38,0,0,0,0,manual
3647,6,motorcycle,758.68,518.15,785.82,554.34,0,0,0,0,manual
3647,23,car,732.48,498.62,770.39,552.1,0,0,0,0,manual
3647,24,motorcycle,762.05,579.79,785.37,608.59,0,0,0,0,manual
3648,6,motorcycle,758.45,518.8,785.59,554.99,0,0,0,0,manual
3648,23,car,732.44,497.89,770.12,551.37,0,0,0,0,manual
3648,24,motorcycle,761.12,578.99,784.44,607.79,0,0,0,0,manual
3649,6,motorcycle,758.22,519.45,785.36,555.64,0,0,0,0,manual
3649,23,car,732.39,497.16,769.84,550.63,0,0,0,0,manual
3649,24,motorcycle,760.19,578.2,783.5,607.0,0,0,0,0,manual
3650,6,motorcycle,758.0,520.1,785.14,556.29,0,0,0,0,manual
3650,7,motorcycle,218.53,477.36,253.42,501.92,0,0,1,0,file
3650,23,car,732.35,496.42,769.57,549.9,0,0,0,0,manual
3650,24,motorcycle,759.26,577.4,782.57,606.2,0,0,0,0,manual
3651,6,motorcycle,757.77,520.75,784.91,556.94,0,0,0,0,manual
3651,7,motorcycle,219.52,477.51,254.41,502.07,0,0,0,0,file
3651,23,car,732.3,495.69,769.29,549.17,0,0,1,0,manual
3651,24,motorcycle,758.32,576.61,781.64,605.41,0,0,1,0,manual
3652,6,motorcycle,757.54,521.4,784.68,557.59,0,0,0,0,manual
3652,7,motorcycle,220.5,477.65,255.39,502.21,0,0,0,0,file
3652,23,car,732.27,495.38,769.26,548.86,0,0,0,0,manual
3652,24,motorcycle,757.45,575.74,780.77,604.54,0,0,0,0,manual
3653,6,motorcycle,757.31,522.06,784.45,558.25,0,0,0,0,manual
3653,7,motorcycle,221.49,477.8,256.38,502.36,0,0,0,0,file
3653,23,car,732.23,495.08,769.23,548.55,0,0,0,0,manual
3653,24,motorcycle,756.59,574.87,779.9,603.67,0,0,0,0,manual
3654,6,motorcycle,757.08,522.71,784.22,558.9,0,0,0,0,manual
3654,7,motorcycle,222.47,477.94,257.36,502.5,0,0,0,0,file
3654,23,car,732.2,494.77,769.19,548.25,0,0,0,0,manual
3654,24,motorcycle,755.72,574.0,779.03,602.8,0,0,0,0,manual
3655,6,motorcycle,756.86,523.36,784.0,559.55,0,0,0,0,manual
3655,7,motorcycle,223.46,478.09,258.35,502.65,0,0,0,0,file
3655,23,car,732.16,494.46,769.16,547.94,0,0,0,0,manual
3655,24,motorcycle,754.85,573.13,778.16,601.93,0,0,0,0,manual
3656,6,motorcycle,756.63,524.01,783.77,560.2,0,0,0,0,manual
3656,7,motorcycle,224.44,478.23,259.33,502.79,0,0,0,0,file
3656,23,car,732.13,494.15,769.12,547.63,0,0,0,0,manual
3656,24,motorcycle,753.98,572.26,777.29,601.06,0,0,0,0,manual
3657,6,motorcycle,756.4,524.66,783.54,560.85,0,0,0,0,manual
3657,7,motorcycle,225.43,478.38,260.32,502.94,0,0,0,0,file
3657,23,car,732.09,493.84,769.09,547.32,0,0,0,0,manual
3657,24,motorcycle,753.11,571.39,776.43,600.2,0,0,0,0,manual
3658,6,motorcycle,756.17,525.31,783.31,561.5,0,0,0,0,manual
3658,7,motorcycle,226.41,478.52,261.3,503.08,0,0,0,0,file
3658,23,car,732.06,493.53,769.05,547.01,0,0,0,0,manual
3658,24,motorcycle,752.24,570.53,775.56,599.33,0,0,0,0,manual
3659,6,motorcycle,755.94,525.96,783.08,562.15,0,0,0,0,manual
3659,7,motorcycle,227.4,478.67,262.29,503.23,0,0,0,0,file
3659,23,car,732.03,493.22,769.02,546.7,0,0,0,0,manual
3659,24,motorcycle,751.37,569.66,774.69,598.46,0,0,0,0,manual
3660,6,motorcycle,755.72,526.61,782.86,562.8,0,0,0,0,manual
3660,7,motorcycle,228.38,478.81,263.27,503.37,0,0,0,0,file
3660,23,car,731.99,492.92,768.99,546.39,0,0,0,0,manual
3660,24,motorcycle,750.51,568.79,773.82,597.59,0,0,0,0,manual
3661,6,motorcycle,755.49,527.26,782.63,563.45,0,0,0,0,manual
3661,7,motorcycle,229.37,478.96,264.26,503.52,0,0,0,0,file
3661,23,car,731.96,492.61,768.95,546.09,0,0,0,0,manual
3661,24,motorcycle,749.64,567.92,772.95,596.72,0,0,0,0,manual
3662,6,motorcycle,755.26,527.92,782.4,564.11,0,0,0,0,manual
3662,7,motorcycle,230.35,479.1,265.24,503.66,0,0,0,0,file
3662,23,car,731.92,492.3,768.92,545.78,0,0,0,0,manual
3662,24,motorcycle,748.77,567.05,772.08,595.85,0,0,0,0,manual
3663,6,motorcycle,755.03,528.57,782.17,564.76,0,0,0,0,manual
3663,7,motorcycle,231.34,479.25,266.23,503.81,0,0,0,0,file
3663,23,car,731.89,491.99,768.88,545.47,0,0,0,0,manual
3663,24,motorcycle,747.9,566.18,771.21,594.98,0,0,0,0,manual
3664,6,motorcycle,754.8,529.22,781.94,565.41,0,0,0,0,manual
3664,7,motorcycle,232.32,479.4,267.22,503.96,0,0,0,0,file
3664,23,car,731.85,491.68,768.85,545.16,0,0,0,0,manual
3664,24,motorcycle,747.03,565.31,770.35,594.12,0,0,0,0,manual
3665,6,motorcycle,754.57,529.87,781.71,566.06,0,0,0,0,manual
3665,7,motorcycle,233.31,479.54,268.2,504.1,0,0,0,0,file
3665,23,car,731.82,491.37,768.81,544.85,0,0,0,0,manual
3665,24,motorcycle,746.16,564.45,769.48,593.25,0,0,0,0,manual
3666,6,motorcycle,754.35,530.52,781.49,566.71,0,0,0,0,manual
3666,7,motorcycle,234.29,479.69,269.19,504.25,0,0,0,0,file
3666,23,car,731.79,491.06,768.78,544.54,0,0,0,0,manual
3666,24,motorcycle,745.29,563.58,768.61,592.38,0,0,0,0,manual
3667,6,motorcycle,754.12,531.17,781.26,567.36,0,0,0,0,manual
3667,7,motorcycle,235.28,479.83,270.17,504.39,0,0,0,0,file
3667,23,car,731.75,490.76,768.75,544.23,0,0,0,0,manual
3667,24,motorcycle,744.43,562.71,767.74,591.51,0,0,0,0,manual
3668,6,motorcycle,753.89,531.82,781.03,568.01,0,0,0,0,manual
3668,7,motorcycle,236.26,479.98,271.16,504.54,0,0,0,0,file
3668,23,car,731.72,490.45,768.71,543.93,0,0,0,0,manual
3668,24,motorcycle,743.56,561.84,766.87,590.64,0,0,0,0,manual
3669,6,motorcycle,753.66,532.47,780.8,568.66,0,0,0,0,manual
3669,7,motorcycle,237.25,480.12,272.14,504.68,0,0,0,0,file
3669,23,car,731.68,490.14,768.68,543.62,0,0,0,0,manual
3669,24,motorcycle,742.69,560.97,766.0,589.77,0,0,0,0,manual
3670,6,motorcycle,753.43,533.12,780.57,569.31,0,0,0,0,manual
3670,7,motorcycle,238.24,480.27,273.13,504.83,0,0,0,0,file
3670,23,car,731.65,489.83,768.64,543.31,0,0,0,0,manual
3670,24,motorcycle,741.82,560.1,765.13,588.9,0,0,0,0,manual
3671,6,motorcycle,753.21,533.78,780.35,569.97,0,0,0,0,manual
3671,7,motorcycle,239.22,480.41,274.11,504.97,0,0,0,0,file
3671,23,car,731.61,489.52,768.61,543.0,0,0,0,0,manual
3671,24,motorcycle,740.95,559.23,764.27,588.03,0,0,0,0,manual
3672,6,motorcycle,752.98,534.43,780.12,570.62,0,0,0,0,manual
3672,7,motorcycle,240.21,480.56,275.1,505.12,0,0,0,0,file
3672,23,car,731.58,489.21,768.57,542.69,0,0,0,0,manual
3672,24,motorcycle,740.08,558.37,763.4,587.17,0,0,0,0,manual
3673,6,motorcycle,752.75,535.08,779.89,571.27,0,0,0,0,manual
3673,7,motorcycle,241.19,480.7,276.08,505.26,0,0,0,0,file
3673,23,car,731.55,488.9,768.54,542.38,0,0,0,0,manual
3673,24,motorcycle,739.21,557.5,762.53,586.3,0,0,0,0,manual
3674,6,motorcycle,752.52,535.73,779.66,571.92,0,0,0,0,manual
3674,7,motorcycle,242.18,480.85,277.07,505.41,0,0,0,0,file
3674,23,car,731.51,488.6,768.51,542.07,0,0,0,0,manual
3674,24,motorcycle,738.35,556.63,761.66,585.43,0,0,0,0,manual
3675,6,motorcycle,752.29,536.38,779.43,572.57,0,0,0,0,manual
3675,7,motorcycle,243.16,480.99,278.05,505.55,0,0,0,0,file
3675,23,car,731.48,488.29,768.47,541.77,0,0,0,0,manual
3675,24,motorcycle,737.48,555.76,760.79,584.56,0,0,0,0,manual
3676,6,motorcycle,752.06,537.03,779.2,573.22,0,0,0,0,manual
3676,7,motorcycle,244.15,481.14,279.04,505.7,0,0,0,0,file
3676,23,car,731.44,487.98,768.44,541.46,0,0,0,0,manual
3676,24,motorcycle,736.61,554.89,759.92,583.69,0,0,0,0,manual
3677,6,motorcycle,751.84,537.68,778.98,573.87,0,0,0,0,manual
3677,7,motorcycle,245.13,481.29,280.03,505.85,0,0,0,0,file
3677,23,car,731.41,487.67,768.4,541.15,0,0,0,0,manual
3677,24,motorcycle,735.74,554.02,759.05,582.82,0,0,0,0,manual
3678,6,motorcycle,751.61,538.33,778.75,574.52,0,0,0,0,manual
3678,7,motorcycle,246.12,481.43,281.01,505.99,0,0,0,0,file
3678,23,car,731.37,487.36,768.37,540.84,0,0,0,0,manual
3678,24,motorcycle,734.87,553.15,758.19,581.95,0,0,0,0,manual
3679,6,motorcycle,751.38,538.98,778.52,575.17,0,0,0,0,manual
3679,7,motorcycle,247.1,481.58,282.0,506.14,0,0,0,0,file
3679,23,car,731.34,487.05,768.33,540.53,0,0,0,0,manual
3679,24,motorcycle,734.0,552.29,757.32,581.09,0,0,0,0,manual
3680,6,motorcycle,751.15,539.64,778.29,575.83,0,0,0,0,manual
3680,7,motorcycle,248.09,481.72,282.98,506.28,0,0,0,0,file
3680,23,car,731.31,486.74,768.3,540.22,0,0,0,0,manual
3680,24,motorcycle,733.13,551.42,756.45,580.22,0,0,0,0,manual
3681,6,motorcycle,750.92,540.29,778.06,576.48,0,0,0,0,manual
3681,7,motorcycle,249.07,481.87,283.97,506.43,0,0,0,0,file
3681,23,car,731.27,486.44,768.27,539.92,0,0,0,0,manual
3681,24,motorcycle,732.27,550.55,755.58,579.35,0,0,1,0,manual
3682,6,motorcycle,750.7,540.94,777.84,577.13,0,0,0,0,manual
3682,7,motorcycle,250.06,482.01,284.95,506.57,0,0,0,0,file
3682,23,car,731.24,486.13,768.23,539.61,0,0,0,0,manual
3682,24,motorcycle,731.72,549.62,755.03,578.42,0,0,0,0,manual
3683,6,motorcycle,750.47,541.59,777.61,577.78,0,0,0,0,manual
3683,7,motorcycle,251.04,482.16,285.94,506.72,0,0,0,0,file
3683,23,car,731.2,485.82,768.2,539.3,0,0,0,0,manual
3683,24,motorcycle,731.17,548.7,754.48,577.5,0,0,0,0,manual
3684,6,motorcycle,750.24,542.24,777.38,578.43,0,0,0,0,manual
3684,7,motorcycle,252.03,482.3,286.92,506.86,0,0,0,0,file
3684,23,car,731.17,485.51,768.16,538.99,0,0,0,0,manual
3684,24,motorcycle,730.62,547.77,753.93,576.57,0,0,0,0,manual
3685,6,motorcycle,750.01,542.89,777.15,579.08,0,0,0,0,manual
3685,7,motorcycle,253.01,482.45,287.91,507.01,0,0,0,0,file
3685,23,car,731.13,485.2,768.13,538.68,0,0,0,0,manual
3685,24,motorcycle,730.07,546.85,753.39,575.65,0,0,0,0,manual
3686,6,motorcycle,749.78,543.54,776.92,579.73,0,0,0,0,manual
3686,7,motorcycle,254.0,482.59,288.89,507.15,0,0,0,0,file
3686,23,car,731.1,484.89,768.1,538.37,0,0,0,0,manual
3686,24,motorcycle,729.52,545.92,752.84,574.72,0,0,0,0,manual
3687,6,motorcycle,749.55,544.19,776.69,580.38,0,0,0,0,manual
3687,7,motorcycle,254.98,482.74,289.88,507.3,0,0,0,0,file
3687,23,car,731.07,484.58,768.06,538.06,0,0,0,0,manual
3687,24,motorcycle,728.97,544.99,752.29,573.79,0,0,0,0,manual
3688,6,motorcycle,749.33,544.84,776.47,581.03,0,0,0,0,manual
3688,7,motorcycle,255.97,482.88,290.86,507.44,0,0,0,0,file
3688,23,car,731.03,484.28,768.03,537.76,0,0,0,0,manual
3688,24,motorcycle,728.43,544.07,751.74,572.87,0,0,0,0,manual
3689,6,motorcycle,749.1,545.5,776.24,581.69,0,0,0,0,manual
3689,7,motorcycle,256.95,483.03,291.85,507.59,0,0,0,0,file
3689,23,car,731.0,483.97,767.99,537.45,0,0,0,0,manual
3689,24,motorcycle,727.88,543.14,751.19,571.94,0,0,0,0,manual
3690,6,motorcycle,748.87,546.15,776.01,582.34,0,0,0,0,manual
3690,7,motorcycle,257.94,483.18,292.83,507.74,0,0,0,0,file
3690,23,car,730.96,483.66,767.96,537.14,0,0,0,0,manual
3690,24,motorcycle,727.33,542.22,750.64,571.02,0,0,0,0,manual
3691,6,motorcycle,748.64,546.8,775.78,582.99,0,0,0,0,manual
3691,7,motorcycle,258.93,483.32,293.82,507.88,0,0,0,0,file
3691,23,car,730.93,483.35,767.92,536.83,0,0,1,0,manual
3691,24,motorcycle,726.78,541.29,750.09,570.09,0,0,0,0,manual
3692,6,motorcycle,748.41,547.45,775.55,583.64,0,0,0,0,manual
3692,7,motorcycle,259.91,483.47,294.81,508.03,0,0,0,0,file
3692,23,car,730.87,483.16,767.87,536.64,0,0,0,0,manual
3692,24,motorcycle,726.23,540.37,749.55,569.17,0,0,0,0,manual
3693,6,motorcycle,748.19,548.1,775.33,584.29,0,0,0,0,manual
3693,7,motorcycle,260.9,483.61,295.79,508.17,0,0,0,0,file
3693,23,car,730.82,482.97,767.82,536.45,0,0,0,0,manual
3693,24,motorcycle,725.68,539.44,749.0,568.24,0,0,0,0,manual
3694,6,motorcycle,747.96,548.75,775.1,584.94,0,0,0,0,manual
3694,7,motorcycle,261.88,483.76,296.78,508.32,0,0,0,0,file
3694,23,car,730.77,482.79,767.76,536.26,0,0,0,0,manual
3694,24,motorcycle,725.13,538.51,748.45,567.31,0,0,0,0,manual
3695,6,motorcycle,747.73,549.4,774.87,585.59,0,0,0,0,manual
3695,7,motorcycle,262.87,483.9,297.76,508.46,0,0,0,0,file
3695,23,car,730.71,482.6,767.71,536.08,0,0,0,0,manual
3695,24,motorcycle,724.59,537.59,747.9,566.39,0,0,0,0,manual
3696,6,motorcycle,747.5,550.05,774.64,586.24,0,0,0,0,manual
3696,7,motorcycle,263.85,484.05,298.75,508.61,0,0,0,0,file
3696,23,car,730.66,482.41,767.65,535.89,0,0,0,0,manual
3696,24,motorcycle,724.04,536.66,747.35,565.46,0,0,0,0,manual
3697,6,motorcycle,747.27,550.7,774.41,586.89,0,0,0,0,manual
3697,7,motorcycle,264.84,484.19,299.73,508.75,0,0,0,0,file
3697,23,car,730.61,482.22,767.6,535.7,0,0,0,0,manual
3697,24,motorcycle,723.49,535.74,746.8,564.54,0,0,0,0,manual
3698,6,motorcycle,747.04,551.36,774.18,587.55,0,0,0,0,manual
3698,7,motorcycle,265.82,484.34,300.72,508.9,0,0,0,0,file
3698,23,car,730.55,482.03,767.55,535.51,0,0,0,0,manual
3698,24,motorcycle,722.94,534.81,746.25,563.61,0,0,0,0,manual
3699,6,motorcycle,746.82,552.01,773.96,588.2,0,0,0,0,manual
3699,7,motorcycle,266.81,484.48,301.7,509.04,0,0,0,0,file
3699,23,car,730.5,481.84,767.49,535.32,0,0,0,0,manual
3699,24,motorcycle,722.39,533.89,745.71,562.69,0,0,0,0,manual
3700,6,motorcycle,746.59,552.66,773.73,588.85,0,0,0,0,manual
3700,7,motorcycle,267.79,484.63,302.69,509.19,0,0,0,0,file
3700,23,car,730.44,481.66,767.44,535.14,0,0,0,0,manual
3700,24,motorcycle,721.84,532.96,745.16,561.76,0,0,0,0,manual
3701,6,motorcycle,746.36,553.31,773.5,589.5,0,0,1,0,manual
3701,7,motorcycle,268.78,484.77,303.67,509.33,0,0,0,0,file
3701,23,car,730.39,481.47,767.39,534.95,0,0,0,0,manual
3701,24,motorcycle,721.29,532.03,744.61,560.83,0,0,0,0,manual
3702,6,motorcycle,745.31,553.87,772.45,590.06,0,0,0,0,manual
3702,7,motorcycle,269.76,484.92,304.66,509.48,0,0,0,0,file
3702,23,car,730.34,481.28,767.33,534.76,0,0,0,0,manual
3702,24,motorcycle,720.75,531.11,744.06,559.91,0,0,0,0,manual
3703,6,motorcycle,744.26,554.43,771.4,590.62,0,0,0,0,manual
3703,7,motorcycle,270.75,485.06,305.64,509.62,0,0,0,0,file
3703,23,car,730.28,481.09,767.28,534.57,0,0,0,0,manual
3703,24,motorcycle,720.2,530.18,743.51,558.98,0,0,0,0,manual
3704,6,motorcycle,743.21,554.99,770.35,591.18,0,0,0,0,manual
3704,7,motorcycle,271.73,485.21,306.63,509.77,0,0,0,0,file
3704,23,car,730.23,480.9,767.22,534.38,0,0,0,0,manual
3704,24,motorcycle,719.65,529.26,742.96,558.06,0,0,0,0,manual
3705,6,motorcycle,742.15,555.55,769.29,591.74,0,0,0,0,manual
3705,7,motorcycle,272.72,485.36,307.62,509.92,0,0,0,0,file
3705,23,car,730.18,480.72,767.17,534.19,0,0,0,0,manual
3705,24,motorcycle,719.1,528.33,742.41,557.13,0,0,0,0,manual
3706,6,motorcycle,741.1,556.11,768.24,592.3,0,0,0,0,manual
3706,7,motorcycle,273.7,485.5,308.6,510.06,0,0,0,0,file
3706,23,car,730.12,480.53,767.12,534.01,0,0,0,0,manual
3706,24,motorcycle,718.55,527.41,741.87,556.21,0,0,0,0,manual
3707,6,motorcycle,740.05,556.67,767.19,592.86,0,0,0,0,manual
3707,7,motorcycle,274.69,485.65,309.59,510.21,0,0,0,0,file
3707,23,car,730.07,480.34,767.06,533.82,0,0,0,0,manual
3707,24,motorcycle,718.0,526.48,741.32,555.28,0,0,0,0,manual
3708,6,motorcycle,739.0,557.23,766.14,593.42,0,0,0,0,manual
3708,7,motorcycle,275.67,485.79,310.57,510.35,0,0,0,0,file
3708,23,car,730.01,480.15,767.01,533.63,0,0,0,0,manual
3708,24,motorcycle,717.45,525.55,740.77,554.35,0,0,0,0,manual
3709,6,motorcycle,737.95,557.78,765.09,593.97,0,0,0,0,manual
3709,7,motorcycle,276.66,485.94,311.56,510.5,0,0,0,0,file
3709,23,car,729.96,479.96,766.96,533.44,0,0,0,0,manual
3709,24,motorcycle,716.91,524.63,740.22,553.43,0,0,0,0,manual
3710,6,motorcycle,736.9,558.34,764.04,594.53,0,0,0,0,manual
3710,7,motorcycle,277.65,486.08,312.54,510.64,0,0,0,0,file
3710,23,car,729.91,479.77,766.9,533.25,0,0,0,0,manual
3710,24,motorcycle,716.36,523.7,739.67,552.5,0,0,0,0,manual
3711,6,motorcycle,735.84,558.9,762.98,595.09,0,0,0,0,manual
3711,7,motorcycle,278.63,486.23,313.53,510.79,0,0,0,0,file
3711,23,car,729.85,479.59,766.85,533.06,0,0,0,0,manual
3711,24,motorcycle,715.81,522.78,739.12,551.58,0,0,0,0,manual
3712,6,motorcycle,734.79,559.46,761.93,595.65,0,0,0,0,manual
3712,7,motorcycle,279.62,486.37,314.51,510.93,0,0,0,0,file
3712,23,car,729.8,479.4,766.79,532.88,0,0,0,0,manual
3712,24,motorcycle,715.26,521.85,738.57,550.65,0,0,0,0,manual
3713,6,motorcycle,733.74,560.02,760.88,596.21,0,0,0,0,manual
3713,7,motorcycle,280.6,486.52,315.5,511.08,0,0,0,0,file
3713,23,car,729.75,479.21,766.74,532.69,0,0,0,0,manual
3713,24,motorcycle,714.71,520.93,738.03,549.73,0,0,0,0,manual
3714,6,motorcycle,732.69,560.58,759.83,596.77,0,0,0,0,manual
3714,7,motorcycle,281.59,486.66,316.48,511.22,0,0,0,0,file
3714,23,car,729.69,479.02,766.69,532.5,0,0,0,0,manual
3714,24,motorcycle,714.16,520.0,737.48,548.8,0,0,0,0,manual
3715,6,motorcycle,731.64,561.14,758.78,597.33,0,0,0,0,manual
3715,7,motorcycle,282.57,486.81,317.47,511.37,0,0,0,0,file
3715,23,car,729.64,478.83,766.63,532.31,0,0,0,0,manual
3715,24,motorcycle,713.61,519.07,736.93,547.87,0,0,0,0,manual
3716,6,motorcycle,730.59,561.7,757.73,597.89,0,0,0,0,manual
3716,7,motorcycle,283.56,486.95,318.45,511.51,0,0,0,0,file
3716,23,car,729.58,478.64,766.58,532.12,0,0,0,0,manual
3716,24,motorcycle,713.07,518.15,736.38,546.95,0,0,0,0,manual
3717,6,motorcycle,729.53,562.26,756.67,598.45,0,0,0,0,manual
3717,7,motorcycle,284.54,487.1,319.44,511.66,0,0,0,0,file
3717,23,car,729.53,478.46,766.53,531.94,0,0,0,0,manual
3717,24,motorcycle,712.52,517.22,735.83,546.02,0,0,0,0,manual
3718,6,motorcycle,728.48,562.82,755.62,599.01,0,0,0,0,manual
3718,7,motorcycle,285.53,487.25,320.43,511.81,0,0,0,0,file
3718,23,car,729.48,478.27,766.47,531.75,0,0,0,0,manual
3718,24,motorcycle,711.97,516.3,735.28,545.1,0,0,0,0,manual
3719,6,motorcycle,727.43,563.38,754.57,599.57,0,0,0,0,manual
3719,7,motorcycle,286.51,487.39,321.41,511.95,0,0,0,0,file
3719,23,car,729.42,478.08,766.42,531.56,0,0,0,0,manual
3719,24,motorcycle,711.42,515.37,734.73,544.17,0,0,0,0,manual
3720,6,motorcycle,726.38,563.94,753.52,600.13,0,0,1,0,manual
3720,7,motorcycle,287.5,487.54,322.4,512.1,0,0,0,0,file
3720,23,car,729.37,477.89,766.36,531.37,0,0,0,0,manual
3720,24,motorcycle,710.87,514.45,734.19,543.25,0,0,0,0,manual
3721,6,motorcycle,723.43,565.34,750.57,601.53,0,0,1,0,manual
3721,7,motorcycle,288.48,487.68,323.38,512.24,0,0,0,0,file
3721,23,car,729.32,477.7,766.31,531.18,0,0,0,0,manual
3721,24,motorcycle,710.32,513.52,733.64,542.32,0,0,1,0,manual
3722,6,motorcycle,721.88,565.34,749.02,601.53,0,0,0,0,manual
3722,7,motorcycle,289.47,487.83,324.37,512.39,0,0,0,0,file
3722,23,car,729.26,477.51,766.26,530.99,0,0,0,0,manual
3722,24,motorcycle,710.19,512.47,733.51,541.27,0,0,0,0,manual
3723,6,motorcycle,720.33,565.34,747.47,601.53,0,0,0,0,manual
3723,7,motorcycle,290.45,487.97,325.35,512.53,0,0,0,0,file
3723,23,car,729.21,477.33,766.2,530.81,0,0,0,0,manual
3723,24,motorcycle,710.06,511.43,733.38,540.23,0,0,0,0,manual
3724,6,motorcycle,718.78,565.34,745.92,601.53,0,0,0,0,manual
3724,7,motorcycle,291.44,488.12,326.34,512.68,0,0,0,0,file
3724,23,car,729.15,477.14,766.15,530.62,0,0,0,0,manual
3724,24,motorcycle,709.93,510.38,733.24,539.18,0,0,0,0,manual
3725,6,motorcycle,717.23,565.33,744.37,601.52,0,0,0,0,manual
3725,7,motorcycle,292.42,488.26,327.32,512.82,0,0,0,0,file
3725,23,car,729.1,476.95,766.09,530.43,0,0,0,0,manual
3725,24,motorcycle,709.8,509.34,733.11,538.14,0,0,0,0,manual
3726,6,motorcycle,715.69,565.33,742.83,601.52,0,0,0,0,manual
3726,7,motorcycle,293.41,488.41,328.31,512.97,0,0,0,0,file
3726,23,car,729.05,476.76,766.04,530.24,0,0,0,0,manual
3726,24,motorcycle,709.67,508.29,732.98,537.1,0,0,0,0,manual
3727,6,motorcycle,714.14,565.33,741.28,601.52,0,0,0,0,manual
3727,7,motorcycle,294.39,488.55,329.29,513.11,0,0,0,0,file
3727,23,car,728.99,476.57,765.99,530.05,0,0,0,0,manual
3727,24,motorcycle,709.54,507.25,732.85,536.05,0,0,0,0,manual
3728,6,motorcycle,712.59,565.33,739.73,601.51,0,0,0,0,manual
3728,7,motorcycle,295.38,488.7,330.28,513.26,0,0,0,0,file
3728,23,car,728.94,476.39,765.93,529.86,0,0,0,0,manual
3728,24,motorcycle,709.41,506.21,732.72,535.01,0,0,0,0,manual
3729,6,motorcycle,711.04,565.32,738.18,601.51,0,0,0,0,manual
3729,7,motorcycle,296.36,488.84,331.26,513.4,0,0,0,0,file
3729,23,car,728.88,476.2,765.88,529.68,0,0,0,0,manual
3729,24,motorcycle,709.28,505.16,732.59,533.96,0,0,0,0,manual
3730,6,motorcycle,709.5,565.32,736.63,601.51,0,0,0,0,manual
3730,7,motorcycle,297.35,488.99,332.25,513.55,0,0,1,0,file
3730,23,car,728.83,476.01,765.83,529.49,0,0,0,0,manual
3730,24,motorcycle,709.15,504.12,732.46,532.92,0,0,0,0,manual
3731,6,motorcycle,707.95,565.32,735.08,601.51,0,0,0,0,manual
3731,7,motorcycle,298.47,488.88,333.37,513.44,0,0,0,0,file
3731,23,car,728.78,475.82,765.77,529.3,0,0,0,0,manual
3731,24,motorcycle,709.02,503.07,732.33,531.87,0,0,0,0,manual
3732,6,motorcycle,706.4,565.32,733.54,601.5,0,0,0,0,manual
3732,7,motorcycle,299.59,488.77,334.49,513.33,0,0,0,0,file
3732,23,car,728.72,475.63,765.72,529.11,0,0,0,0,manual
3732,24,motorcycle,708.89,502.03,732.2,530.83,0,0,0,0,manual
3733,6,motorcycle,704.85,565.31,731.99,601.5,0,0,0,0,manual
3733,7,motorcycle,300.71,488.67,335.61,513.23,0,0,0,0,file
3733,23,car,728.67,475.44,765.66,528.92,0,0,0,0,manual
3733,24,motorcycle,708.76,500.98,732.07,529.78,0,0,0,0,manual
3734,6,motorcycle,703.3,565.31,730.44,601.5,0,0,0,0,manual
3734,7,motorcycle,301.83,488.56,336.73,513.12,0,0,0,0,file
3734,23,car,728.62,475.26,765.61,528.74,0,0,0,0,manual
3734,24,motorcycle,708.62,499.94,731.94,528.74,0,0,0,0,manual
3735,6,motorcycle,701.76,565.31,728.89,601.49,0,0,0,0,manual
3735,7,motorcycle,302.95,488.45,337.85,513.01,0,0,0,0,file
3735,23,car,728.56,475.07,765.56,528.55,0,0,0,0,manual
3735,24,motorcycle,708.49,498.89,731.81,527.69,0,0,0,0,manual
3736,6,motorcycle,700.21,565.3,727.34,601.49,0,0,0,0,manual
3736,7,motorcycle,304.07,488.34,338.97,512.9,0,0,0,0,file
3736,23,car,728.51,474.88,765.5,528.36,0,0,0,0,manual
3736,24,motorcycle,708.36,497.85,731.68,526.65,0,0,0,0,manual
3737,6,motorcycle,698.66,565.3,725.8,601.49,0,0,0,0,manual
3737,7,motorcycle,305.19,488.24,340.09,512.8,0,0,0,0,file
3737,23,car,728.45,474.69,765.45,528.17,0,0,0,0,manual
3737,24,motorcycle,708.23,496.8,731.55,525.6,0,0,0,0,manual
3738,6,motorcycle,697.11,565.3,724.25,601.48,0,0,0,0,manual
3738,7,motorcycle,306.31,488.13,341.21,512.69,0,0,0,0,file
3738,23,car,728.4,474.5,765.4,527.98,0,0,0,0,manual
3738,24,motorcycle,708.1,495.76,731.42,524.56,0,0,0,0,manual
3739,6,motorcycle,695.56,565.3,722.7,601.48,0,0,0,0,manual
3739,7,motorcycle,307.43,488.02,342.33,512.58,0,0,0,0,file
3739,23,car,728.35,474.31,765.34,527.79,0,0,0,0,manual
3739,24,motorcycle,707.97,494.71,731.29,523.51,0,0,0,0,manual
3740,6,motorcycle,694.02,565.29,721.15,601.48,0,0,0,0,manual
3740,7,motorcycle,308.55,487.91,343.45,512.47,0,0,0,0,file
3740,23,car,728.29,474.13,765.29,527.61,0,0,0,0,manual
3740,24,motorcycle,707.84,493.67,731.16,522.47,0,0,0,0,manual
3741,6,motorcycle,692.47,565.29,719.6,601.48,0,0,0,0,manual
3741,7,motorcycle,309.67,487.81,344.57,512.36,0,0,0,0,file
3741,23,car,728.24,473.94,765.23,527.42,0,0,0,0,manual
3741,24,motorcycle,707.71,492.62,731.03,521.42,0,0,0,0,manual
3742,6,motorcycle,690.92,565.29,718.06,601.47,0,0,0,0,manual
3742,7,motorcycle,310.79,487.7,345.69,512.26,0,0,0,0,file
3742,23,car,728.19,473.75,765.18,527.23,0,0,1,0,manual
3742,24,motorcycle,707.58,491.58,730.89,520.38,0,0,1,0,manual
3743,6,motorcycle,689.37,565.29,716.51,601.47,0,0,0,0,manual
3743,7,motorcycle,311.91,487.59,346.81,512.15,0,0,0,0,file
3743,23,car,728.19,473.75,765.18,527.23,1,0,1,0,manual
3743,24,motorcycle,707.58,491.58,730.89,520.38,1,0,1,0,manual
3744,6,motorcycle,687.83,565.28,714.96,601.47,0,0,0,0,manual
3744,7,motorcycle,313.03,487.48,347.93,512.04,0,0,0,0,file
3745,6,motorcycle,686.28,565.28,713.41,601.46,0,0,0,0,manual
3745,7,motorcycle,314.15,487.38,349.05,511.93,0,0,0,0,file
3746,6,motorcycle,684.73,565.28,711.86,601.46,0,0,0,0,manual
3746,7,motorcycle,315.27,487.27,350.17,511.82,0,0,0,0,file
3747,6,motorcycle,683.18,565.27,710.32,601.46,0,0,0,0,manual
3747,7,motorcycle,316.39,487.16,351.29,511.72,0,0,0,0,file
3748,6,motorcycle,681.63,565.27,708.77,601.46,0,0,0,0,manual
3748,7,motorcycle,317.51,487.05,352.41,511.61,0,0,0,0,file
3749,6,motorcycle,680.09,565.27,707.22,601.45,0,0,0,0,manual
3749,7,motorcycle,318.63,486.94,353.53,511.5,0,0,0,0,file
3750,6,motorcycle,678.54,565.27,705.67,601.45,0,0,0,0,manual
3750,7,motorcycle,319.75,486.84,354.65,511.39,0,0,0,0,file
3751,6,motorcycle,676.99,565.26,704.12,601.45,0,0,0,0,manual
3751,7,motorcycle,320.87,486.73,355.77,511.29,0,0,0,0,file
3752,6,motorcycle,675.44,565.26,702.57,601.44,0,0,0,0,manual
3752,7,motorcycle,321.99,486.62,356.89,511.18,0,0,0,0,file
3753,6,motorcycle,673.89,565.26,701.03,601.44,0,0,0,0,manual
3753,7,motorcycle,323.11,486.51,358.01,511.07,0,0,0,0,file
3754,6,motorcycle,672.35,565.26,699.48,601.44,0,0,0,0,manual
3754,7,motorcycle,324.23,486.41,359.13,510.96,0,0,0,0,file
3755,6,motorcycle,670.8,565.25,697.93,601.43,0,0,0,0,manual
3755,7,motorcycle,325.35,486.3,360.25,510.85,0,0,0,0,file
3756,6,motorcycle,669.25,565.25,696.38,601.43,0,0,0,0,manual
3756,7,motorcycle,326.47,486.19,361.37,510.75,0,0,0,0,file
3757,6,motorcycle,667.7,565.25,694.83,601.43,0,0,0,0,manual
3757,7,motorcycle,327.59,486.08,362.49,510.64,0,0,0,0,file
3758,6,motorcycle,666.16,565.25,693.29,601.43,0,0,0,0,manual
3758,7,motorcycle,328.71,485.98,363.61,510.53,0,0,0,0,file
3759,6,motorcycle,664.61,565.24,691.74,601.42,0,0,0,0,manual
3759,7,motorcycle,329.83,485.87,364.73,510.42,0,0,0,0,file
3760,6,motorcycle,663.06,565.24,690.19,601.42,0,0,1,0,manual
3760,7,motorcycle,330.95,485.76,365.85,510.31,0,0,0,0,file
3761,6,motorcycle,660.91,565.03,688.05,601.21,0,0,0,0,manual
3761,7,motorcycle,332.07,485.65,366.96,510.21,0,0,0,0,file
3762,6,motorcycle,658.77,564.83,685.9,601.01,0,0,0,0,manual
3762,7,motorcycle,333.19,485.54,368.08,510.1,0,0,0,0,file
3763,6,motorcycle,656.62,564.62,683.76,600.8,0,0,0,0,manual
3763,7,motorcycle,334.31,485.44,369.2,509.99,0,0,0,0,file
3764,6,motorcycle,654.48,564.41,681.61,600.59,0,0,0,0,manual
3764,7,motorcycle,335.43,485.33,370.32,509.88,0,0,0,0,file
3765,6,motorcycle,652.33,564.21,679.47,600.39,0,0,0,0,manual
3765,7,motorcycle,336.55,485.22,371.44,509.78,0,0,0,0,file
3766,6,motorcycle,650.19,564.0,677.32,600.18,0,0,0,0,manual
3766,7,motorcycle,337.67,485.11,372.56,509.67,0,0,0,0,file
3767,6,motorcycle,648.04,563.79,675.18,599.97,0,0,0,0,manual
3767,7,motorcycle,338.79,485.01,373.68,509.56,0,0,0,0,file
3768,6,motorcycle,645.9,563.59,673.03,599.77,0,0,0,0,manual
3768,7,motorcycle,339.91,484.9,374.8,509.45,0,0,0,0,file
3769,6,motorcycle,643.75,563.38,670.89,599.56,0,0,0,0,manual
3769,7,motorcycle,341.03,484.79,375.92,509.34,0,0,0,0,file
3770,6,motorcycle,641.61,563.17,668.74,599.35,0,0,0,0,manual
3770,7,motorcycle,342.15,484.68,377.04,509.24,0,0,0,0,file
3771,6,motorcycle,639.46,562.97,666.6,599.15,0,0,0,0,manual
3771,7,motorcycle,343.27,484.58,378.16,509.13,0,0,0,0,file
3772,6,motorcycle,637.32,562.76,664.45,598.94,0,0,0,0,manual
3772,7,motorcycle,344.39,484.47,379.28,509.02,0,0,0,0,file
3773,6,motorcycle,635.17,562.55,662.31,598.73,0,0,0,0,manual
3773,7,motorcycle,345.51,484.36,380.4,508.91,0,0,0,0,file
3774,6,motorcycle,633.03,562.34,660.16,598.52,0,0,0,0,manual
3774,7,motorcycle,346.63,484.25,381.52,508.81,0,0,0,0,file
3775,6,motorcycle,630.88,562.14,658.02,598.32,0,0,0,0,manual
3775,7,motorcycle,347.75,484.14,382.64,508.7,0,0,0,0,file
3776,6,motorcycle,628.74,561.93,655.87,598.11,0,0,0,0,manual
3776,7,motorcycle,348.87,484.04,383.76,508.59,0,0,0,0,file
3777,6,motorcycle,626.59,561.72,653.73,597.9,0,0,0,0,manual
3777,7,motorcycle,349.99,483.93,384.88,508.48,0,0,0,0,file
3778,6,motorcycle,624.45,561.52,651.58,597.7,0,0,0,0,manual
3778,7,motorcycle,351.11,483.82,386.0,508.37,0,0,0,0,file
3779,6,motorcycle,622.3,561.31,649.44,597.49,0,0,0,0,manual
3779,7,motorcycle,352.23,483.71,387.12,508.27,0,0,0,0,file
3780,6,motorcycle,620.16,561.1,647.29,597.28,0,0,0,0,manual
3780,7,motorcycle,353.35,483.61,388.24,508.16,0,0,0,0,file
3781,6,motorcycle,618.01,560.9,645.15,597.08,0,0,0,0,manual
3781,7,motorcycle,354.47,483.5,389.36,508.05,0,0,0,0,file
3782,6,motorcycle,615.87,560.69,643.0,596.87,0,0,0,0,manual
3782,7,motorcycle,355.59,483.39,390.48,507.94,0,0,0,0,file
3783,6,motorcycle,613.72,560.48,640.86,596.66,0,0,0,0,manual
3783,7,motorcycle,356.71,483.28,391.6,507.83,0,0,0,0,file
3784,6,motorcycle,611.58,560.28,638.71,596.46,0,0,0,0,manual
3784,7,motorcycle,357.83,483.18,392.72,507.73,0,0,0,0,file
3785,6,motorcycle,609.43,560.07,636.57,596.25,0,0,0,0,manual
3785,7,motorcycle,358.95,483.07,393.84,507.62,0,0,0,0,file
3786,6,motorcycle,607.28,559.86,634.42,596.04,0,0,0,0,manual
3786,7,motorcycle,360.07,482.96,394.96,507.51,0,0,0,0,file
3787,6,motorcycle,605.14,559.66,632.28,595.84,0,0,0,0,manual
3787,7,motorcycle,361.19,482.85,396.08,507.4,0,0,0,0,file
3788,6,motorcycle,602.99,559.45,630.13,595.63,0,0,0,0,manual
3788,7,motorcycle,362.31,482.75,397.2,507.3,0,0,0,0,file
3789,6,motorcycle,600.85,559.24,627.99,595.42,0,0,0,0,manual
3789,7,motorcycle,363.43,482.64,398.32,507.19,0,0,0,0,file
3790,6,motorcycle,598.7,559.04,625.84,595.22,0,0,0,0,manual
3790,7,motorcycle,364.55,482.53,399.44,507.08,0,0,1,0,file
3791,6,motorcycle,596.56,558.83,623.7,595.01,0,0,0,0,manual
3791,7,motorcycle,365.76,482.35,400.65,506.9,0,0,0,0,file
3792,6,motorcycle,594.41,558.62,621.55,594.8,0,0,0,0,manual
3792,7,motorcycle,366.98,482.17,401.87,506.72,0,0,0,0,file
3793,6,motorcycle,592.27,558.42,619.41,594.6,0,0,0,0,manual
3793,7,motorcycle,368.19,481.99,403.08,506.54,0,0,0,0,file
3794,6,motorcycle,590.12,558.21,617.26,594.39,0,0,0,0,manual
3794,7,motorcycle,369.41,481.81,404.3,506.36,0,0,0,0,file
3795,6,motorcycle,587.98,558.0,615.12,594.18,0,0,0,0,manual
3795,7,motorcycle,370.62,481.63,405.51,506.18,0,0,0,0,file
3796,6,motorcycle,585.83,557.8,612.97,593.98,0,0,0,0,manual
3796,7,motorcycle,371.84,481.45,406.73,506.0,0,0,0,0,file
3797,6,motorcycle,583.69,557.59,610.83,593.77,0,0,0,0,manual
3797,7,motorcycle,373.05,481.26,407.94,505.81,0,0,0,0,file
3798,6,motorcycle,581.54,557.38,608.68,593.56,0,0,0,0,manual
3798,7,motorcycle,374.27,481.08,409.16,505.63,0,0,0,0,file
3799,6,motorcycle,579.4,557.17,606.54,593.35,0,0,0,0,manual
3799,7,motorcycle,375.48,480.9,410.37,505.45,0,0,0,0,file
3800,6,motorcycle,577.25,556.97,604.39,593.15,0,0,0,0,manual
3800,7,motorcycle,376.7,480.72,411.59,505.27,0,0,0,0,file
3801,6,motorcycle,575.11,556.76,602.25,592.94,0,0,0,0,manual
3801,7,motorcycle,377.91,480.54,412.8,505.09,0,0,0,0,file
3802,6,motorcycle,572.96,556.55,600.1,592.73,0,0,0,0,manual
3802,7,motorcycle,379.13,480.36,414.02,504.91,0,0,0,0,file
3803,6,motorcycle,570.82,556.35,597.96,592.53,0,0,0,0,manual
3803,7,motorcycle,380.34,480.18,415.23,504.73,0,0,0,0,file
3804,6,motorcycle,568.67,556.14,595.81,592.32,0,0,0,0,manual
3804,7,motorcycle,381.56,480.0,416.45,504.55,0,0,0,0,file
3805,6,motorcycle,566.53,555.93,593.67,592.11,0,0,0,0,manual
3805,7,motorcycle,382.77,479.82,417.66,504.37,0,0,0,0,file
3806,6,motorcycle,564.38,555.73,591.52,591.91,0,0,0,0,manual
3806,7,motorcycle,383.99,479.64,418.88,504.19,0,0,0,0,file
3807,6,motorcycle,562.24,555.52,589.38,591.7,0,0,0,0,manual
3807,7,motorcycle,385.2,479.46,420.09,504.01,0,0,0,0,file
3808,6,motorcycle,560.09,555.31,587.23,591.49,0,0,0,0,manual
3808,7,motorcycle,386.42,479.28,421.31,503.83,0,0,0,0,file
3809,6,motorcycle,557.95,555.11,585.09,591.29,0,0,0,0,manual
3809,7,motorcycle,387.63,479.09,422.52,503.64,0,0,0,0,file
3810,6,motorcycle,555.8,554.9,582.94,591.08,0,0,1,0,manual
3810,7,motorcycle,388.85,478.91,423.74,503.46,0,0,0,0,file
3811,6,motorcycle,553.19,554.84,580.33,591.02,0,0,0,0,manual
3811,7,motorcycle,390.06,478.73,424.95,503.28,0,0,0,0,file
3812,6,motorcycle,550.59,554.77,577.73,590.95,0,0,0,0,manual
3812,7,motorcycle,391.28,478.55,426.17,503.1,0,0,0,0,file
3813,6,motorcycle,547.98,554.71,575.12,590.89,0,0,0,0,manual
3813,7,motorcycle,392.49,478.37,427.38,502.92,0,0,0,0,file
3814,6,motorcycle,545.38,554.64,572.52,590.82,0,0,0,0,manual
3814,7,motorcycle,393.71,478.19,428.6,502.74,0,0,0,0,file
3815,6,motorcycle,542.77,554.58,569.91,590.76,0,0,0,0,manual
3815,7,motorcycle,394.92,478.01,429.81,502.56,0,0,0,0,file
3816,6,motorcycle,540.16,554.51,567.3,590.69,0,0,0,0,manual
3816,7,motorcycle,396.13,477.83,431.02,502.38,0,0,0,0,file
3817,6,motorcycle,537.56,554.45,564.7,590.63,0,0,0,0,manual
3817,7,motorcycle,397.35,477.65,432.24,502.2,0,0,0,0,file
3818,6,motorcycle,534.95,554.38,562.09,590.56,0,0,0,0,manual
3818,7,motorcycle,398.56,477.47,433.45,502.02,0,0,0,0,file
3819,6,motorcycle,532.35,554.32,559.49,590.5,0,0,0,0,manual
3819,7,motorcycle,399.78,477.29,434.67,501.84,0,0,0,0,file
3820,6,motorcycle,529.74,554.25,556.88,590.43,0,0,0,0,manual
3820,7,motorcycle,400.99,477.11,435.88,501.66,0,0,0,0,file
3821,6,motorcycle,527.13,554.19,554.27,590.37,0,0,0,0,manual
3821,7,motorcycle,402.21,476.93,437.1,501.48,0,0,0,0,file
3822,6,motorcycle,524.53,554.12,551.67,590.3,0,0,0,0,manual
3822,7,motorcycle,403.42,476.74,438.31,501.29,0,0,0,0,file
3823,6,motorcycle,521.92,554.06,549.06,590.24,0,0,0,0,manual
3823,7,motorcycle,404.64,476.56,439.53,501.11,0,0,0,0,file
3824,6,motorcycle,519.32,553.99,546.46,590.17,0,0,0,0,manual
3824,7,motorcycle,405.85,476.38,440.74,500.93,0,0,0,0,file
3825,6,motorcycle,516.71,553.93,543.85,590.11,0,0,0,0,manual
3825,7,motorcycle,407.07,476.2,441.96,500.75,0,0,0,0,file
3826,6,motorcycle,514.1,553.87,541.24,590.05,0,0,0,0,manual
3826,7,motorcycle,408.28,476.02,443.17,500.57,0,0,0,0,file
3827,6,motorcycle,511.5,553.8,538.64,589.98,0,0,0,0,manual
3827,7,motorcycle,409.5,475.84,444.39,500.39,0,0,0,0,file
3828,6,motorcycle,508.89,553.74,536.03,589.92,0,0,0,0,manual
3828,7,motorcycle,410.71,475.66,445.6,500.21,0,0,0,0,file
3829,6,motorcycle,506.29,553.67,533.43,589.85,0,0,0,0,manual
3829,7,motorcycle,411.93,475.48,446.82,500.03,0,0,0,0,file
3830,6,motorcycle,503.68,553.61,530.82,589.79,0,0,0,0,manual
3830,7,motorcycle,413.14,475.3,448.03,499.85,0,0,0,0,file
3831,6,motorcycle,501.07,553.54,528.21,589.72,0,0,0,0,manual
3831,7,motorcycle,414.36,475.12,449.25,499.67,0,0,0,0,file
3832,6,motorcycle,498.47,553.48,525.61,589.66,0,0,0,0,manual
3832,7,motorcycle,415.57,474.94,450.46,499.49,0,0,0,0,file
3833,6,motorcycle,495.86,553.41,523.0,589.59,0,0,0,0,manual
3833,7,motorcycle,416.79,474.76,451.68,499.31,0,0,0,0,file
3834,6,motorcycle,493.26,553.35,520.4,589.53,0,0,0,0,manual
3834,7,motorcycle,418.0,474.57,452.89,499.12,0,0,0,0,file
3835,6,motorcycle,490.65,553.28,517.79,589.46,0,0,0,0,manual
3835,7,motorcycle,419.22,474.39,454.11,498.94,0,0,0,0,file
3836,6,motorcycle,488.04,553.22,515.18,589.4,0,0,0,0,manual
3836,7,motorcycle,420.43,474.21,455.32,498.76,0,0,0,0,file
3837,6,motorcycle,485.44,553.15,512.58,589.33,0,0,0,0,manual
3837,7,motorcycle,421.65,474.03,456.54,498.58,0,0,0,0,file
3838,6,motorcycle,482.83,553.09,509.97,589.27,0,0,0,0,manual
3838,7,motorcycle,422.86,473.85,457.75,498.4,0,0,0,0,file
3839,6,motorcycle,480.23,553.02,507.37,589.2,0,0,0,0,manual
3839,7,motorcycle,424.08,473.67,458.97,498.22,0,0,0,0,file
3840,6,motorcycle,477.62,552.96,504.76,589.14,0,0,0,0,manual
3840,7,motorcycle,425.29,473.49,460.18,498.04,0,0,1,0,file
3841,6,motorcycle,475.01,552.9,502.15,589.08,0,0,0,0,manual
3841,7,motorcycle,426.25,473.28,461.14,497.83,0,0,0,0,file
3842,6,motorcycle,472.41,552.83,499.55,589.01,0,0,0,0,manual
3842,7,motorcycle,427.2,473.08,462.09,497.63,0,0,0,0,file
3843,6,motorcycle,469.8,552.77,496.94,588.95,0,0,0,0,manual
3843,7,motorcycle,428.16,472.87,463.05,497.42,0,0,0,0,file
3844,6,motorcycle,467.2,552.7,494.34,588.88,0,0,0,0,manual
3844,7,motorcycle,429.11,472.66,464.0,497.21,0,0,0,0,file
3845,6,motorcycle,464.59,552.64,491.73,588.82,0,0,0,0,manual
3845,7,motorcycle,430.07,472.46,464.96,497.01,0,0,0,0,file
3846,6,motorcycle,461.98,552.57,489.12,588.75,0,0,0,0,manual
3846,7,motorcycle,431.03,472.25,465.92,496.8,0,0,0,0,file
3847,6,motorcycle,459.38,552.51,486.52,588.69,0,0,0,0,manual
3847,7,motorcycle,431.98,472.04,466.87,496.59,0,0,0,0,file
3848,6,motorcycle,456.77,552.44,483.91,588.62,0,0,0,0,manual
3848,7,motorcycle,432.94,471.84,467.83,496.39,0,0,0,0,file
3849,6,motorcycle,454.17,552.38,481.31,588.56,0,0,0,0,manual
3849,7,motorcycle,433.9,471.63,468.79,496.18,0,0,0,0,file
3850,6,motorcycle,451.56,552.31,478.7,588.49,0,0,0,0,manual
3850,7,motorcycle,434.85,471.42,469.74,495.97,0,0,0,0,file
3851,6,motorcycle,448.95,552.25,476.09,588.43,0,0,0,0,manual
3851,7,motorcycle,435.81,471.22,470.7,495.77,0,0,0,0,file
3852,6,motorcycle,446.35,552.18,473.49,588.36,0,0,0,0,manual
3852,7,motorcycle,436.76,471.01,471.65,495.56,0,0,0,0,file
3853,6,motorcycle,443.74,552.12,470.88,588.3,0,0,0,0,manual
3853,7,motorcycle,437.72,470.8,472.61,495.35,0,0,0,0,file
3854,6,motorcycle,441.14,552.05,468.28,588.23,0,0,0,0,manual
3854,7,motorcycle,438.68,470.59,473.57,495.14,0,0,0,0,file
3855,6,motorcycle,438.53,551.99,465.67,588.17,0,0,0,0,manual
3855,7,motorcycle,439.63,470.39,474.52,494.94,0,0,0,0,file
3856,6,motorcycle,435.92,551.93,463.06,588.11,0,0,0,0,manual
3856,7,motorcycle,440.59,470.18,475.48,494.73,0,0,0,0,file
3857,6,motorcycle,433.32,551.86,460.46,588.04,0,0,0,0,manual
3857,7,motorcycle,441.55,469.97,476.44,494.52,0,0,0,0,file
3858,6,motorcycle,430.71,551.8,457.85,587.98,0,0,0,0,manual
3858,7,motorcycle,442.5,469.77,477.39,494.32,0,0,0,0,file
3859,6,motorcycle,428.11,551.73,455.25,587.91,0,0,0,0,manual
3859,7,motorcycle,443.46,469.56,478.35,494.11,0,0,0,0,file
3860,6,motorcycle,425.5,551.67,452.64,587.85,0,0,0,0,manual
3860,7,motorcycle,444.41,469.35,479.3,493.9,0,0,0,0,file
3861,6,motorcycle,422.89,551.6,450.03,587.78,0,0,0,0,manual
3861,7,motorcycle,445.37,469.15,480.26,493.7,0,0,0,0,file
3862,6,motorcycle,420.29,551.54,447.43,587.72,0,0,0,0,manual
3862,7,motorcycle,446.33,468.94,481.22,493.49,0,0,0,0,file
3863,6,motorcycle,417.68,551.47,444.82,587.65,0,0,0,0,manual
3863,7,motorcycle,447.28,468.73,482.17,493.28,0,0,0,0,file
3864,6,motorcycle,415.08,551.41,442.22,587.59,0,0,0,0,manual
3864,7,motorcycle,448.24,468.53,483.13,493.08,0,0,0,0,file
3865,6,motorcycle,412.47,551.34,439.61,587.52,0,0,0,0,manual
3865,7,motorcycle,449.2,468.32,484.09,492.87,0,0,0,0,file
3866,6,motorcycle,409.86,551.28,437.0,587.46,0,0,0,0,manual
3866,7,motorcycle,450.15,468.11,485.04,492.66,0,0,0,0,file
3867,6,motorcycle,407.26,551.21,434.4,587.39,0,0,0,0,manual
3867,7,motorcycle,451.11,467.91,486.0,492.46,0,0,0,0,file
3868,6,motorcycle,404.65,551.15,431.79,587.33,0,0,0,0,manual
3868,7,motorcycle,452.06,467.7,486.95,492.25,0,0,0,0,file
3869,6,motorcycle,402.05,551.08,429.19,587.26,0,0,0,0,manual
3869,7,motorcycle,453.02,467.49,487.91,492.04,0,0,0,0,file
3870,6,motorcycle,399.44,551.02,426.58,587.2,0,0,1,0,manual
3870,7,motorcycle,453.98,467.29,488.87,491.84,0,0,0,0,file
3871,6,motorcycle,396.42,550.98,423.56,587.16,0,0,0,0,manual
3871,7,motorcycle,454.93,467.08,489.82,491.63,0,0,0,0,file
3872,6,motorcycle,393.41,550.93,420.55,587.11,0,0,0,0,manual
3872,7,motorcycle,455.89,466.87,490.78,491.42,0,0,0,0,file
3873,6,motorcycle,390.39,550.89,417.53,587.07,0,0,0,0,manual
3873,7,motorcycle,456.84,466.67,491.73,491.22,0,0,0,0,file
3874,6,motorcycle,387.38,550.85,414.52,587.03,0,0,0,0,manual
3874,7,motorcycle,457.8,466.46,492.69,491.01,0,0,0,0,file
3875,6,motorcycle,384.36,550.8,411.5,586.99,0,0,0,0,manual
3875,7,motorcycle,458.76,466.25,493.65,490.8,0,0,0,0,file
3876,6,motorcycle,381.35,550.76,408.49,586.94,0,0,0,0,manual
3876,7,motorcycle,459.71,466.05,494.6,490.6,0,0,0,0,file
3877,6,motorcycle,378.33,550.72,405.47,586.9,0,0,0,0,manual
3877,7,motorcycle,460.67,465.84,495.56,490.39,0,0,0,0,file
3878,6,motorcycle,375.32,550.68,402.46,586.86,0,0,0,0,manual
3878,7,motorcycle,461.63,465.63,496.52,490.18,0,0,0,0,file
3879,6,motorcycle,372.3,550.63,399.44,586.81,0,0,0,0,manual
3879,7,motorcycle,462.58,465.42,497.47,489.97,0,0,0,0,file
3880,6,motorcycle,369.29,550.59,396.43,586.77,0,0,0,0,manual
3880,7,motorcycle,463.54,465.22,498.43,489.77,0,0,0,0,file
3881,6,motorcycle,366.27,550.55,393.41,586.73,0,0,0,0,manual
3881,7,motorcycle,464.49,465.01,499.38,489.56,0,0,0,0,file
3882,6,motorcycle,363.26,550.5,390.4,586.68,0,0,0,0,manual
3882,7,motorcycle,465.45,464.8,500.34,489.35,0,0,0,0,file
3883,6,motorcycle,360.24,550.46,387.38,586.64,0,0,0,0,manual
3883,7,motorcycle,466.41,464.6,501.3,489.15,0,0,0,0,file
3884,6,motorcycle,357.23,550.42,384.37,586.6,0,0,0,0,manual
3884,7,motorcycle,467.36,464.39,502.25,488.94,0,0,0,0,file
3885,6,motorcycle,354.21,550.38,381.35,586.56,0,0,0,0,manual
3885,7,motorcycle,468.32,464.18,503.21,488.73,0,0,0,0,file
3886,6,motorcycle,351.19,550.33,378.33,586.51,0,0,0,0,manual
3886,7,motorcycle,469.28,463.98,504.17,488.53,0,0,0,0,file
3887,6,motorcycle,348.18,550.29,375.32,586.47,0,0,0,0,manual
3887,7,motorcycle,470.23,463.77,505.12,488.32,0,0,0,0,file
3888,6,motorcycle,345.16,550.25,372.3,586.43,0,0,0,0,manual
3888,7,motorcycle,471.19,463.56,506.08,488.11,0,0,0,0,file
3889,6,motorcycle,342.15,550.2,369.29,586.38,0,0,0,0,manual
3889,7,motorcycle,472.14,463.36,507.03,487.91,0,0,0,0,file
3890,6,motorcycle,339.13,550.16,366.27,586.34,0,0,0,0,manual
3890,7,motorcycle,473.1,463.15,507.99,487.7,0,0,1,0,file
3891,6,motorcycle,336.12,550.12,363.26,586.3,0,0,0,0,manual
3891,7,motorcycle,474.26,463.09,509.15,487.64,0,0,0,0,file
3892,6,motorcycle,333.1,550.07,360.24,586.25,0,0,0,0,manual
3892,7,motorcycle,475.43,463.02,510.32,487.57,0,0,0,0,file
3893,6,motorcycle,330.09,550.03,357.23,586.21,0,0,0,0,manual
3893,7,motorcycle,476.59,462.96,511.48,487.51,0,0,0,0,file
3894,6,motorcycle,327.07,549.99,354.21,586.17,0,0,0,0,manual
3894,7,motorcycle,477.75,462.89,512.64,487.44,0,0,0,0,file
3895,6,motorcycle,324.06,549.95,351.2,586.12,0,0,0,0,manual
3895,7,motorcycle,478.92,462.83,513.81,487.38,0,0,0,0,file
3896,6,motorcycle,321.04,549.9,348.18,586.08,0,0,0,0,manual
3896,7,motorcycle,480.08,462.76,514.97,487.31,0,0,0,0,file
3897,6,motorcycle,318.03,549.86,345.17,586.04,0,0,0,0,manual
3897,7,motorcycle,481.24,462.7,516.13,487.25,0,0,0,0,file
3898,6,motorcycle,315.01,549.82,342.15,586.0,0,0,0,0,manual
3898,7,motorcycle,482.4,462.63,517.29,487.18,0,0,0,0,file
3899,6,motorcycle,312.0,549.77,339.14,585.95,0,0,0,0,manual
3899,7,motorcycle,483.57,462.57,518.46,487.12,0,0,0,0,file
3900,6,motorcycle,308.98,549.73,336.12,585.91,0,0,1,0,manual
3900,7,motorcycle,484.73,462.5,519.62,487.06,0,0,0,0,file
3901,6,motorcycle,305.78,549.6,332.92,585.78,0,0,0,0,manual
3901,7,motorcycle,485.89,462.44,520.78,486.99,0,0,0,0,file
3902,6,motorcycle,302.58,549.47,329.72,585.65,0,0,0,0,manual
3902,7,motorcycle,487.06,462.37,521.95,486.93,0,0,0,0,file
3903,6,motorcycle,299.39,549.34,326.53,585.52,0,0,0,0,manual
3903,7,motorcycle,488.22,462.31,523.11,486.86,0,0,0,0,file
3904,6,motorcycle,296.19,549.21,323.33,585.39,0,0,0,0,manual
3904,7,motorcycle,489.38,462.24,524.27,486.8,0,0,0,0,file
3905,6,motorcycle,292.99,549.08,320.13,585.26,0,0,0,0,manual
3905,7,motorcycle,490.55,462.18,525.43,486.73,0,0,0,0,file
3906,6,motorcycle,289.79,548.95,316.93,585.13,0,0,0,0,manual
3906,7,motorcycle,491.71,462.11,526.6,486.67,0,0,0,0,file
3907,6,motorcycle,286.59,548.83,313.73,585.01,0,0,0,0,manual
3907,7,motorcycle,492.87,462.05,527.76,486.6,0,0,0,0,file
3908,6,motorcycle,283.39,548.7,310.53,584.88,0,0,0,0,manual
3908,7,motorcycle,494.03,461.98,528.92,486.54,0,0,0,0,file
3909,6,motorcycle,280.2,548.57,307.34,584.75,0,0,0,0,manual
3909,7,motorcycle,495.2,461.92,530.09,486.47,0,0,0,0,file
3910,6,motorcycle,277.0,548.44,304.14,584.62,0,0,0,0,manual
3910,7,motorcycle,496.36,461.86,531.25,486.41,0,0,0,0,file
3911,6,motorcycle,273.8,548.31,300.94,584.49,0,0,0,0,manual
3911,7,motorcycle,497.52,461.79,532.41,486.35,0,0,0,0,file
3912,6,motorcycle,270.6,548.18,297.74,584.36,0,0,0,0,manual
3912,7,motorcycle,498.69,461.73,533.58,486.28,0,0,0,0,file
3913,6,motorcycle,267.4,548.05,294.54,584.23,0,0,0,0,manual
3913,7,motorcycle,499.85,461.66,534.74,486.22,0,0,0,0,file
3914,6,motorcycle,264.2,547.92,291.34,584.1,0,0,0,0,manual
3914,7,motorcycle,501.01,461.6,535.9,486.15,0,0,0,0,file
3915,6,motorcycle,261.01,547.79,288.15,583.97,0,0,0,0,manual
3915,7,motorcycle,502.18,461.53,537.07,486.09,0,0,0,0,file
3916,6,motorcycle,257.81,547.66,284.95,583.84,0,0,0,0,manual
3916,7,motorcycle,503.34,461.47,538.23,486.02,0,0,0,0,file
3917,6,motorcycle,254.61,547.53,281.75,583.71,0,0,0,0,manual
3917,7,motorcycle,504.5,461.4,539.39,485.96,0,0,0,0,file
3918,6,motorcycle,251.41,547.4,278.55,583.58,0,0,0,0,manual
3918,7,motorcycle,505.66,461.34,540.55,485.89,0,0,0,0,file
3919,6,motorcycle,248.21,547.27,275.35,583.45,0,0,0,0,manual
3919,7,motorcycle,506.83,461.27,541.72,485.83,0,0,0,0,file
3920,6,motorcycle,245.02,547.14,272.15,583.33,0,0,0,0,manual
3920,7,motorcycle,507.99,461.21,542.88,485.76,0,0,0,0,file
3921,6,motorcycle,241.82,547.02,268.96,583.2,0,0,0,0,manual
3921,7,motorcycle,509.15,461.14,544.04,485.7,0,0,0,0,file
3922,6,motorcycle,238.62,546.89,265.76,583.07,0,0,0,0,manual
3922,7,motorcycle,510.32,461.08,545.21,485.64,0,0,0,0,file
3923,6,motorcycle,235.42,546.76,262.56,582.94,0,0,0,0,manual
3923,7,motorcycle,511.48,461.01,546.37,485.57,0,0,0,0,file
3924,6,motorcycle,232.22,546.63,259.36,582.81,0,0,0,0,manual
3924,7,motorcycle,512.64,460.95,547.53,485.51,0,0,0,0,file
3925,6,motorcycle,229.02,546.5,256.16,582.68,0,0,0,0,manual
3925,7,motorcycle,513.81,460.88,548.69,485.44,0,0,0,0,file
3926,6,motorcycle,225.83,546.37,252.97,582.55,0,0,0,0,manual
3926,7,motorcycle,514.97,460.82,549.86,485.38,0,0,0,0,file
3927,6,motorcycle,222.63,546.24,249.77,582.42,0,0,0,0,manual
3927,7,motorcycle,516.13,460.75,551.02,485.31,0,0,0,0,file
3928,6,motorcycle,219.43,546.11,246.57,582.29,0,0,0,0,manual
3928,7,motorcycle,517.29,460.69,552.18,485.25,0,0,0,0,file
3929,6,motorcycle,216.23,545.98,243.37,582.16,0,0,0,0,manual
3929,7,motorcycle,518.46,460.62,553.35,485.18,0,0,0,0,file
3930,6,motorcycle,213.03,545.85,240.17,582.03,0,0,0,0,manual
3930,7,motorcycle,519.62,460.56,554.51,485.12,0,0,1,0,file
3931,6,motorcycle,209.83,545.72,236.97,581.9,0,0,0,0,manual
3931,7,motorcycle,520.78,461.12,555.67,485.68,0,0,0,0,file
3932,6,motorcycle,206.64,545.59,233.78,581.77,0,0,0,0,manual
3932,7,motorcycle,521.95,461.68,556.84,486.24,0,0,0,0,file
3933,6,motorcycle,203.44,545.46,230.58,581.64,0,0,0,0,manual
3933,7,motorcycle,523.11,462.24,558.0,486.8,0,0,0,0,file
3934,6,motorcycle,200.24,545.34,227.38,581.52,0,0,0,0,manual
3934,7,motorcycle,524.27,462.8,559.16,487.36,0,0,0,0,file
3935,6,motorcycle,197.04,545.21,224.18,581.39,0,0,0,0,manual
3935,7,motorcycle,525.43,463.36,560.33,487.92,0,0,0,0,file
3936,6,motorcycle,193.84,545.08,220.98,581.26,0,0,0,0,manual
3936,7,motorcycle,526.6,463.92,561.49,488.48,0,0,0,0,file
3937,6,motorcycle,190.64,544.95,217.78,581.13,0,0,0,0,manual
3937,7,motorcycle,527.76,464.48,562.65,489.04,0,0,0,0,file
3938,6,motorcycle,187.45,544.82,214.59,581.0,0,0,0,0,manual
3938,7,motorcycle,528.92,465.04,563.81,489.6,0,0,0,0,file
3939,6,motorcycle,184.25,544.69,211.39,580.87,0,0,0,0,manual
3939,7,motorcycle,530.09,465.6,564.98,490.16,0,0,0,0,file
3940,6,motorcycle,181.05,544.56,208.19,580.74,0,0,0,0,manual
3940,7,motorcycle,531.25,466.16,566.14,490.72,0,0,0,0,file
3941,6,motorcycle,177.85,544.43,204.99,580.61,0,0,0,0,manual
3941,7,motorcycle,532.41,466.72,567.3,491.28,0,0,0,0,file
3942,6,motorcycle,174.65,544.3,201.79,580.48,0,0,0,0,manual
3942,7,motorcycle,533.58,467.28,568.47,491.84,0,0,0,0,file
3943,6,motorcycle,171.46,544.17,198.6,580.35,0,0,0,0,manual
3943,7,motorcycle,534.74,467.84,569.63,492.4,0,0,0,0,file
3944,6,motorcycle,168.26,544.04,195.4,580.22,0,0,0,0,manual
3944,7,motorcycle,535.9,468.4,570.79,492.96,0,0,0,0,file
3945,6,motorcycle,165.06,543.91,192.2,580.09,0,0,0,0,manual
3945,7,motorcycle,537.07,468.96,571.95,493.52,0,0,0,0,file
3946,6,motorcycle,161.86,543.78,189.0,579.96,0,0,0,0,manual
3946,7,motorcycle,538.23,469.52,573.12,494.08,0,0,0,0,file
3947,6,motorcycle,158.66,543.66,185.8,579.84,0,0,0,0,manual
3947,7,motorcycle,539.39,470.08,574.28,494.64,0,0,0,0,file
3948,6,motorcycle,155.46,543.53,182.6,579.71,0,0,0,0,manual
3948,7,motorcycle,540.55,470.64,575.44,495.2,0,0,0,0,file
3949,6,motorcycle,152.27,543.4,179.41,579.58,0,0,0,0,manual
3949,7,motorcycle,541.72,471.2,576.61,495.76,0,0,0,0,file
3950,6,motorcycle,149.07,543.27,176.21,579.45,0,0,0,0,manual
3950,7,motorcycle,542.88,471.76,577.77,496.32,0,0,0,0,file
3951,6,motorcycle,145.87,543.14,173.01,579.32,0,0,0,0,manual
3951,7,motorcycle,544.04,472.32,578.93,496.88,0,0,0,0,file
3952,6,motorcycle,142.67,543.01,169.81,579.19,0,0,0,0,manual
3952,7,motorcycle,545.21,472.88,580.1,497.44,0,0,0,0,file
3953,6,motorcycle,139.47,542.88,166.61,579.06,0,0,0,0,manual
3953,7,motorcycle,546.37,473.44,581.26,498.0,0,0,0,0,file
3954,6,motorcycle,136.27,542.75,163.41,578.93,0,0,0,0,manual
3954,7,motorcycle,547.53,474.0,582.42,498.56,0,0,0,0,file
3955,6,motorcycle,133.08,542.62,160.22,578.8,0,0,0,0,manual
3955,7,motorcycle,548.69,474.56,583.59,499.12,0,0,0,0,file
3956,6,motorcycle,129.88,542.49,157.02,578.67,0,0,0,0,manual
3956,7,motorcycle,549.86,475.12,584.75,499.68,0,0,0,0,file
3957,6,motorcycle,126.68,542.36,153.82,578.54,0,0,0,0,manual
3957,7,motorcycle,551.02,475.68,585.91,500.24,0,0,0,0,file
3958,6,motorcycle,123.48,542.23,150.62,578.41,0,0,0,0,manual
3958,7,motorcycle,552.18,476.24,587.07,500.8,0,0,0,0,file
3959,6,motorcycle,120.28,542.1,147.42,578.28,0,0,0,0,manual
3959,7,motorcycle,553.35,476.8,588.24,501.36,0,0,0,0,file
3960,6,motorcycle,117.09,541.98,144.22,578.15,0,0,0,0,manual
3960,7,motorcycle,554.51,477.36,589.4,501.92,0,0,0,0,file
3961,6,motorcycle,113.89,541.85,141.03,578.03,0,0,0,0,manual
3961,7,motorcycle,555.67,477.92,590.56,502.47,0,0,0,0,file
3962,6,motorcycle,110.69,541.72,137.83,577.9,0,0,0,0,manual
3962,7,motorcycle,556.84,478.48,591.73,503.03,0,0,0,0,file
3963,6,motorcycle,107.49,541.59,134.63,577.77,0,0,0,0,manual
3963,7,motorcycle,558.0,479.04,592.89,503.59,0,0,0,0,file
3964,6,motorcycle,104.29,541.46,131.43,577.64,0,0,0,0,manual
3964,7,motorcycle,559.16,479.6,594.05,504.15,0,0,0,0,file
3965,6,motorcycle,101.09,541.33,128.23,577.51,0,0,0,0,manual
3965,7,motorcycle,560.33,480.16,595.21,504.71,0,0,0,0,file
3966,6,motorcycle,97.9,541.2,125.04,577.38,0,0,0,0,manual
3966,7,motorcycle,561.49,480.72,596.38,505.27,0,0,0,0,file
3967,6,motorcycle,94.7,541.07,121.84,577.25,0,0,0,0,manual
3967,7,motorcycle,562.65,481.28,597.54,505.83,0,0,0,0,file
3968,6,motorcycle,91.5,540.94,118.64,577.12,0,0,0,0,manual
3968,7,motorcycle,563.81,481.84,598.7,506.39,0,0,0,0,file
3969,6,motorcycle,88.3,540.81,115.44,576.99,0,0,0,0,manual
3969,7,motorcycle,564.98,482.4,599.87,506.95,0,0,0,0,file
3970,6,motorcycle,85.1,540.68,112.24,576.86,0,0,0,0,manual
3970,7,motorcycle,566.14,482.96,601.03,507.51,0,0,0,0,file
3971,6,motorcycle,81.9,540.55,109.04,576.73,0,0,0,0,manual
3971,7,motorcycle,567.3,483.52,602.19,508.07,0,0,0,0,file
3972,6,motorcycle,78.71,540.42,105.85,576.6,0,0,0,0,manual
3972,7,motorcycle,568.47,484.08,603.36,508.63,0,0,0,0,file
3973,6,motorcycle,75.51,540.29,102.65,576.47,0,0,0,0,manual
3973,7,motorcycle,569.63,484.64,604.52,509.19,0,0,0,0,file
3974,6,motorcycle,72.31,540.17,99.45,576.35,0,0,0,0,manual
3974,7,motorcycle,570.79,485.2,605.68,509.75,0,0,0,0,file
3975,6,motorcycle,69.11,540.04,96.25,576.22,0,0,0,0,manual
3975,7,motorcycle,571.95,485.76,606.85,510.31,0,0,0,0,file
3976,6,motorcycle,65.91,539.91,93.05,576.09,0,0,0,0,manual
3976,7,motorcycle,573.12,486.32,608.01,510.87,0,0,0,0,file
3977,6,motorcycle,62.71,539.78,89.85,575.96,0,0,0,0,manual
3977,7,motorcycle,574.28,486.88,609.17,511.43,0,0,0,0,file
3978,6,motorcycle,59.52,539.65,86.66,575.83,0,0,0,0,manual
3978,7,motorcycle,575.44,487.44,610.33,511.99,0,0,0,0,file
3979,6,motorcycle,56.32,539.52,83.46,575.7,0,0,0,0,manual
3979,7,motorcycle,576.61,488.0,611.5,512.55,0,0,0,0,file
3980,6,motorcycle,53.12,539.39,80.26,575.57,0,0,1,0,manual
3980,7,motorcycle,577.77,488.56,612.66,513.11,0,0,0,0,file
3981,6,motorcycle,53.12,539.39,80.26,575.57,1,0,1,0,manual
3981,7,motorcycle,578.93,489.12,613.82,513.67,0,0,0,0,file
3982,7,motorcycle,580.1,489.68,614.99,514.23,0,0,0,0,file
3983,7,motorcycle,581.26,490.24,616.15,514.79,0,0,0,0,file
3984,7,motorcycle,582.42,490.8,617.31,515.35,0,0,0,0,file
3985,7,motorcycle,583.59,491.36,618.47,515.91,0,0,0,0,file
3986,7,motorcycle,584.75,491.92,619.64,516.47,0,0,0,0,file
3987,7,motorcycle,585.91,492.48,620.8,517.03,0,0,0,0,file
3988,7,motorcycle,587.07,493.04,621.96,517.59,0,0,0,0,file
3989,7,motorcycle,588.24,493.6,623.13,518.15,0,0,0,0,file
3990,7,motorcycle,589.4,494.16,624.29,518.71,0,0,1,0,file
3991,7,motorcycle,590.69,494.57,625.58,519.12,0,0,0,0,file
3992,7,motorcycle,591.98,494.99,626.87,519.54,0,0,0,0,file
3993,7,motorcycle,593.28,495.4,628.17,519.95,0,0,0,0,file
3994,7,motorcycle,594.57,495.81,629.46,520.36,0,0,0,0,file
3995,7,motorcycle,595.86,496.23,630.75,520.78,0,0,0,0,file
3996,7,motorcycle,597.15,496.64,632.04,521.19,0,0,0,0,file
3997,7,motorcycle,598.45,497.06,633.34,521.61,0,0,0,0,file
3998,7,motorcycle,599.74,497.47,634.63,522.02,0,0,0,0,file
3999,7,motorcycle,601.03,497.88,635.92,522.43,0,0,0,0,file
4000,7,motorcycle,602.32,498.3,637.21,522.85,0,0,0,0,file
4001,7,motorcycle,603.61,498.71,638.5,523.26,0,0,0,0,file
4002,7,motorcycle,604.91,499.12,639.8,523.67,0,0,0,0,file
4003,7,motorcycle,606.2,499.54,641.09,524.09,0,0,0,0,file
4004,7,motorcycle,607.49,499.95,642.38,524.5,0,0,0,0,file
4005,7,motorcycle,608.78,500.36,643.67,524.91,0,0,0,0,file
4006,7,motorcycle,610.08,500.78,644.97,525.33,0,0,0,0,file
4007,7,motorcycle,611.37,501.19,646.26,525.74,0,0,0,0,file
4008,7,motorcycle,612.66,501.6,647.55,526.15,0,0,0,0,file
4009,7,motorcycle,613.95,502.02,648.84,526.57,0,0,0,0,file
4010,7,motorcycle,615.24,502.43,650.13,526.98,0,0,0,0,file
4011,7,motorcycle,616.54,502.85,651.43,527.4,0,0,0,0,file
4012,7,motorcycle,617.83,503.26,652.72,527.81,0,0,0,0,file
4013,7,motorcycle,619.12,503.67,654.01,528.22,0,0,0,0,file
4014,7,motorcycle,620.41,504.09,655.3,528.64,0,0,0,0,file
4015,7,motorcycle,621.7,504.5,656.6,529.05,0,0,0,0,file
4016,7,motorcycle,623.0,504.91,657.89,529.46,0,0,0,0,file
4017,7,motorcycle,624.29,505.33,659.18,529.88,0,0,0,0,file
4018,7,motorcycle,625.58,505.74,660.47,530.29,0,0,0,0,file
4019,7,motorcycle,626.87,506.15,661.76,530.7,0,0,0,0,file
4020,7,motorcycle,628.17,506.57,663.06,531.12,0,0,0,0,file
4021,7,motorcycle,629.46,506.98,664.35,531.53,0,0,0,0,file
4022,7,motorcycle,630.75,507.4,665.64,531.95,0,0,0,0,file
4023,7,motorcycle,632.04,507.81,666.93,532.36,0,0,0,0,file
4024,7,motorcycle,633.33,508.22,668.22,532.77,0,0,0,0,file
4025,7,motorcycle,634.63,508.64,669.52,533.19,0,0,0,0,file
4026,7,motorcycle,635.92,509.05,670.81,533.6,0,0,0,0,file
4027,7,motorcycle,637.21,509.46,672.1,534.01,0,0,0,0,file
4028,7,motorcycle,638.5,509.88,673.39,534.43,0,0,0,0,file
4029,7,motorcycle,639.8,510.29,674.69,534.84,0,0,0,0,file
4030,7,motorcycle,641.09,510.7,675.98,535.25,0,0,0,0,file
4031,7,motorcycle,642.38,511.12,677.27,535.67,0,0,0,0,file
4032,7,motorcycle,643.67,511.53,678.56,536.08,0,0,0,0,file
4033,7,motorcycle,644.96,511.94,679.85,536.49,0,0,0,0,file
4034,7,motorcycle,646.26,512.36,681.15,536.91,0,0,0,0,file
4035,7,motorcycle,647.55,512.77,682.44,537.32,0,0,0,0,file
4036,7,motorcycle,648.84,513.19,683.73,537.74,0,0,0,0,file
4037,7,motorcycle,650.13,513.6,685.02,538.15,0,0,0,0,file
4038,7,motorcycle,651.43,514.01,686.32,538.56,0,0,0,0,file
4039,7,motorcycle,652.72,514.43,687.61,538.98,0,0,0,0,file
4040,7,motorcycle,654.01,514.84,688.9,539.39,0,0,1,0,file
4041,7,motorcycle,655.53,514.87,690.42,539.42,0,0,0,0,file
4042,7,motorcycle,657.06,514.89,691.95,539.44,0,0,0,0,file
4043,7,motorcycle,658.59,514.92,693.48,539.47,0,0,0,0,file
4044,7,motorcycle,660.11,514.94,695.0,539.49,0,0,0,0,file
4045,7,motorcycle,661.63,514.97,696.52,539.52,0,0,0,0,file
4046,7,motorcycle,663.16,514.99,698.05,539.54,0,0,0,0,file
4047,7,motorcycle,664.68,515.02,699.57,539.57,0,0,0,0,file
4048,7,motorcycle,666.21,515.05,701.1,539.6,0,0,0,0,file
4049,7,motorcycle,667.74,515.07,702.62,539.62,0,0,0,0,file
4050,7,motorcycle,669.26,515.1,704.15,539.65,0,0,0,0,file
4051,7,motorcycle,670.78,515.12,705.67,539.67,0,0,0,0,file
4052,7,motorcycle,672.31,515.15,707.2,539.7,0,0,0,0,file
4053,7,motorcycle,673.84,515.18,708.73,539.73,0,0,0,0,file
4054,7,motorcycle,675.36,515.2,710.25,539.75,0,0,0,0,file
4055,7,motorcycle,676.88,515.23,711.77,539.78,0,0,0,0,file
4056,7,motorcycle,678.41,515.25,713.3,539.8,0,0,0,0,file
4057,7,motorcycle,679.93,515.28,714.82,539.83,0,0,0,0,file
4058,7,motorcycle,681.46,515.3,716.35,539.85,0,0,0,0,file
4059,7,motorcycle,682.99,515.33,717.88,539.88,0,0,0,0,file
4060,7,motorcycle,684.51,515.36,719.4,539.91,0,0,0,0,file
4061,7,motorcycle,686.03,515.38,720.92,539.93,0,0,0,0,file
4062,7,motorcycle,687.56,515.41,722.45,539.96,0,0,0,0,file
4063,7,motorcycle,689.09,515.43,723.98,539.98,0,0,0,0,file
4064,7,motorcycle,690.61,515.46,725.5,540.01,0,0,0,0,file
4065,7,motorcycle,692.13,515.49,727.02,540.03,0,0,0,0,file
4066,7,motorcycle,693.66,515.51,728.55,540.06,0,0,0,0,file
4067,7,motorcycle,695.18,515.54,730.07,540.09,0,0,0,0,file
4068,7,motorcycle,696.71,515.56,731.6,540.11,0,0,0,0,file
4069,7,motorcycle,698.24,515.59,733.12,540.14,0,0,0,0,file
4070,7,motorcycle,699.76,515.61,734.65,540.16,0,0,0,0,file
4071,7,motorcycle,701.28,515.64,736.17,540.19,0,0,0,0,file
4072,7,motorcycle,702.81,515.67,737.7,540.22,0,0,0,0,file
4073,7,motorcycle,704.34,515.69,739.23,540.24,0,0,0,0,file
4074,7,motorcycle,705.86,515.72,740.75,540.27,0,0,0,0,file
4075,7,motorcycle,707.38,515.74,742.27,540.29,0,0,0,0,file
4076,7,motorcycle,708.91,515.77,743.8,540.32,0,0,0,0,file
4077,7,motorcycle,710.43,515.79,745.32,540.34,0,0,0,0,file
4078,7,motorcycle,711.96,515.82,746.85,540.37,0,0,0,0,file
4079,7,motorcycle,713.49,515.85,748.38,540.4,0,0,0,0,file
4080,7,motorcycle,715.01,515.87,749.9,540.42,0,0,0,0,file
4081,7,motorcycle,716.53,515.9,751.42,540.45,0,0,0,0,file
4082,7,motorcycle,718.06,515.92,752.95,540.47,0,0,0,0,file
4083,7,motorcycle,719.59,515.95,754.48,540.5,0,0,0,0,file
4084,7,motorcycle,721.11,515.98,756.0,540.53,0,0,0,0,file
4085,7,motorcycle,722.63,516.0,757.52,540.55,0,0,0,0,file
4086,7,motorcycle,724.16,516.03,759.05,540.58,0,0,0,0,file
4087,7,motorcycle,725.68,516.05,760.57,540.6,0,0,0,0,file
4088,7,motorcycle,727.21,516.08,762.1,540.63,0,0,0,0,file
4089,7,motorcycle,728.74,516.1,763.62,540.65,0,0,0,0,file
4090,7,motorcycle,730.26,516.13,765.15,540.68,0,0,1,0,file
4091,7,motorcycle,731.11,514.81,766.0,539.41,0,0,0,0,file
4092,7,motorcycle,731.97,513.49,766.86,538.15,0,0,0,0,file
4093,7,motorcycle,732.82,512.18,767.71,536.88,0,0,0,0,file
4094,7,motorcycle,733.67,510.86,768.56,535.62,0,0,0,0,file
4095,7,motorcycle,734.52,509.54,769.41,534.35,0,0,0,0,file
4096,7,motorcycle,735.38,508.22,770.27,533.09,0,0,0,0,file
4097,7,motorcycle,736.23,506.9,771.12,531.82,0,0,0,0,file
4098,7,motorcycle,737.08,505.59,771.97,530.56,0,0,0,0,file
4099,7,motorcycle,737.94,504.27,772.83,529.29,0,0,0,0,file
4100,7,motorcycle,738.79,502.95,773.68,528.02,0,0,0,0,file
4101,7,motorcycle,739.64,501.63,774.53,526.76,0,0,0,0,file
4102,7,motorcycle,740.49,500.31,775.38,525.49,0,0,0,0,file
4103,7,motorcycle,741.35,499.0,776.24,524.23,0,0,0,0,file
4104,7,motorcycle,742.2,497.68,777.09,522.96,0,0,0,0,file
4105,7,motorcycle,743.05,496.36,777.94,521.7,0,0,0,0,file
4106,7,motorcycle,743.9,495.04,778.79,520.43,0,0,0,0,file
4107,7,motorcycle,744.76,493.72,779.65,519.16,0,0,0,0,file
4108,7,motorcycle,745.61,492.41,780.5,517.9,0,0,0,0,file
4109,7,motorcycle,746.46,491.09,781.35,516.63,0,0,0,0,file
4110,7,motorcycle,747.32,489.77,782.21,515.37,0,0,0,0,file
4111,7,motorcycle,748.17,488.45,783.06,514.1,0,0,0,0,file
4112,7,motorcycle,749.02,487.13,783.91,512.84,0,0,0,0,file
4113,7,motorcycle,749.87,485.82,784.76,511.57,0,0,0,0,file
4114,7,motorcycle,750.73,484.5,785.62,510.31,0,0,0,0,file
4115,7,motorcycle,751.58,483.18,786.47,509.04,0,0,0,0,file
4116,7,motorcycle,752.43,481.86,787.32,507.77,0,0,0,0,file
4117,7,motorcycle,753.29,480.54,788.18,506.51,0,0,0,0,file
4118,7,motorcycle,754.14,479.23,789.03,505.24,0,0,0,0,file
4119,7,motorcycle,754.99,477.91,789.88,503.98,0,0,0,0,file
4120,7,motorcycle,755.84,476.59,790.73,502.71,0,0,0,0,file
4121,7,motorcycle,756.7,475.27,791.59,501.45,0,0,0,0,file
4122,7,motorcycle,757.55,473.95,792.44,500.18,0,0,0,0,file
4123,7,motorcycle,758.4,472.64,793.29,498.92,0,0,0,0,file
4124,7,motorcycle,759.26,471.32,794.15,497.65,0,0,0,0,file
4125,7,motorcycle,760.11,470.0,795.0,496.38,0,0,0,0,file
4126,7,motorcycle,760.96,468.68,795.85,495.12,0,0,0,0,file
4127,7,motorcycle,761.81,467.36,796.7,493.85,0,0,0,0,file
4128,7,motorcycle,762.67,466.05,797.56,492.59,0,0,0,0,file
4129,7,motorcycle,763.52,464.73,798.41,491.32,0,0,0,0,file
4130,7,motorcycle,764.37,463.41,799.26,490.06,0,0,0,0,file
4131,7,motorcycle,765.22,462.09,800.11,488.79,0,0,0,0,file
4132,7,motorcycle,766.08,460.77,800.97,487.52,0,0,0,0,file
4133,7,motorcycle,766.93,459.46,801.82,486.26,0,0,0,0,file
4134,7,motorcycle,767.78,458.14,802.67,484.99,0,0,0,0,file
4135,7,motorcycle,768.64,456.82,803.53,483.73,0,0,0,0,file
4136,7,motorcycle,769.49,455.5,804.38,482.46,0,0,0,0,file
4137,7,motorcycle,770.34,454.18,805.23,481.2,0,0,0,0,file
4138,7,motorcycle,771.19,452.87,806.08,479.93,0,0,0,0,file
4139,7,motorcycle,772.05,451.55,806.94,478.67,0,0,0,0,file
4140,7,motorcycle,772.9,450.23,807.79,477.4,0,0,1,0,file
4141,7,motorcycle,774.35,449.84,809.24,477.01,0,0,0,0,file
4142,7,motorcycle,775.81,449.45,810.7,476.62,0,0,0,0,file
4143,7,motorcycle,777.26,449.07,812.15,476.24,0,0,0,0,file
4144,7,motorcycle,778.71,448.68,813.61,475.85,0,0,0,0,file
4145,7,motorcycle,780.17,448.29,815.06,475.46,0,0,0,0,file
4146,7,motorcycle,781.62,447.9,816.51,475.07,0,0,0,0,file
4147,7,motorcycle,783.08,447.52,817.97,474.69,0,0,0,0,file
4148,7,motorcycle,784.53,447.13,819.42,474.3,0,0,0,0,file
4149,7,motorcycle,785.98,446.74,820.87,473.91,0,0,0,0,file
4150,7,motorcycle,787.44,446.35,822.33,473.52,0,0,0,0,file
4151,7,motorcycle,788.89,445.96,823.78,473.13,0,0,0,0,file
4152,7,motorcycle,790.35,445.58,825.24,472.75,0,0,0,0,file
4153,7,motorcycle,791.8,445.19,826.69,472.36,0,0,0,0,file
4154,7,motorcycle,793.25,444.8,828.14,471.97,0,0,0,0,file
4155,7,motorcycle,794.71,444.41,829.6,471.58,0,0,0,0,file
4156,7,motorcycle,796.16,444.03,831.05,471.2,0,0,0,0,file
4157,7,motorcycle,797.61,443.64,832.5,470.81,0,0,0,0,file
4158,7,motorcycle,799.07,443.25,833.96,470.42,0,0,0,0,file
4159,7,motorcycle,800.52,442.86,835.41,470.03,0,0,0,0,file
4160,7,motorcycle,801.97,442.48,836.87,469.64,0,0,0,0,file
4161,7,motorcycle,803.43,442.09,838.32,469.26,0,0,0,0,file
4162,7,motorcycle,804.88,441.7,839.77,468.87,0,0,0,0,file
4163,7,motorcycle,806.34,441.31,841.23,468.48,0,0,0,0,file
4164,7,motorcycle,807.79,440.92,842.68,468.09,0,0,0,0,file
4165,7,motorcycle,809.24,440.54,844.13,467.71,0,0,0,0,file
4166,7,motorcycle,810.7,440.15,845.59,467.32,0,0,0,0,file
4167,7,motorcycle,812.15,439.76,847.04,466.93,0,0,0,0,file
4168,7,motorcycle,813.61,439.37,848.5,466.54,0,0,0,0,file
4169,7,motorcycle,815.06,438.99,849.95,466.16,0,0,0,0,file
4170,7,motorcycle,816.51,438.6,851.4,465.77,0,0,0,0,file
4171,7,motorcycle,817.97,438.21,852.86,465.38,0,0,0,0,file
4172,7,motorcycle,819.42,437.82,854.31,464.99,0,0,0,0,file
4173,7,motorcycle,820.87,437.43,855.76,464.6,0,0,0,0,file
4174,7,motorcycle,822.33,437.05,857.22,464.22,0,0,0,0,file
4175,7,motorcycle,823.78,436.66,858.67,463.83,0,0,0,0,file
4176,7,motorcycle,825.23,436.27,860.12,463.44,0,0,0,0,file
4177,7,motorcycle,826.69,435.88,861.58,463.05,0,0,0,0,file
4178,7,motorcycle,828.14,435.5,863.03,462.67,0,0,0,0,file
4179,7,motorcycle,829.6,435.11,864.49,462.28,0,0,0,0,file
4180,7,motorcycle,831.05,434.72,865.94,461.89,0,0,1,0,file
4181,7,motorcycle,832.5,435.4,867.39,462.57,0,0,0,0,file
4182,7,motorcycle,833.96,436.08,868.85,463.25,0,0,0,0,file
4183,7,motorcycle,835.41,436.76,870.3,463.93,0,0,0,0,file
4184,7,motorcycle,836.87,437.43,871.76,464.6,0,0,0,0,file
4185,7,motorcycle,838.32,438.11,873.21,465.28,0,0,0,0,file
4186,7,motorcycle,839.77,438.79,874.66,465.96,0,0,0,0,file
4187,7,motorcycle,841.23,439.47,876.12,466.64,0,0,0,0,file
4188,7,motorcycle,842.68,440.15,877.57,467.32,0,0,0,0,file
4189,7,motorcycle,844.13,440.83,879.02,468.0,0,0,0,0,file
4190,7,motorcycle,845.59,441.5,880.48,468.67,0,0,0,0,file
4191,7,motorcycle,847.04,442.18,881.93,469.35,0,0,0,0,file
4192,7,motorcycle,848.5,442.86,883.38,470.03,0,0,0,0,file
4193,7,motorcycle,849.95,443.54,884.84,470.71,0,0,0,0,file
4194,7,motorcycle,851.4,444.22,886.29,471.39,0,0,0,0,file
4195,7,motorcycle,852.86,444.9,887.75,472.07,0,0,0,0,file
4196,7,motorcycle,854.31,445.58,889.2,472.75,0,0,0,0,file
4197,7,motorcycle,855.76,446.25,890.65,473.42,0,0,0,0,file
4198,7,motorcycle,857.22,446.93,892.11,474.1,0,0,0,0,file
4199,7,motorcycle,858.67,447.61,893.56,474.78,0,0,0,0,file
4200,7,motorcycle,860.12,448.29,895.02,475.46,0,0,0,0,file
4201,7,motorcycle,861.58,448.97,896.47,476.14,0,0,0,0,file
4202,7,motorcycle,863.03,449.65,897.92,476.82,0,0,0,0,file
4203,7,motorcycle,864.49,450.33,899.38,477.5,0,0,0,0,file
4204,7,motorcycle,865.94,451.0,900.83,478.17,0,0,0,0,file
4205,7,motorcycle,867.39,451.68,902.28,478.85,0,0,0,0,file
4206,7,motorcycle,868.85,452.36,903.74,479.53,0,0,0,0,file
4207,7,motorcycle,870.3,453.04,905.19,480.21,0,0,0,0,file
4208,7,motorcycle,871.75,453.72,906.64,480.89,0,0,0,0,file
4209,7,motorcycle,873.21,454.4,908.1,481.57,0,0,0,0,file
4210,7,motorcycle,874.66,455.08,909.55,482.25,0,0,0,0,file
4211,7,motorcycle,876.12,455.75,911.01,482.92,0,0,0,0,file
4212,7,motorcycle,877.57,456.43,912.46,483.6,0,0,0,0,file
4213,7,motorcycle,879.02,457.11,913.91,484.28,0,0,0,0,file
4214,7,motorcycle,880.48,457.79,915.37,484.96,0,0,0,0,file
4215,7,motorcycle,881.93,458.47,916.82,485.64,0,0,0,0,file
4216,7,motorcycle,883.38,459.15,918.28,486.32,0,0,0,0,file
4217,7,motorcycle,884.84,459.82,919.73,486.99,0,0,0,0,file
4218,7,motorcycle,886.29,460.5,921.18,487.67,0,0,0,0,file
4219,7,motorcycle,887.75,461.18,922.64,488.35,0,0,0,0,file
4220,7,motorcycle,889.2,461.86,924.09,489.03,0,0,1,0,file
4221,7,motorcycle,890.83,462.58,925.72,489.75,0,0,0,0,file
4222,7,motorcycle,892.46,463.31,927.35,490.48,0,0,0,0,file
4223,7,motorcycle,894.08,464.03,928.97,491.2,0,0,0,0,file
4224,7,motorcycle,895.71,464.75,930.6,491.92,0,0,0,0,file
4225,7,motorcycle,897.34,465.48,932.23,492.65,0,0,0,0,file
4226,7,motorcycle,898.97,466.2,933.86,493.37,0,0,0,0,file
4227,7,motorcycle,900.6,466.93,935.49,494.1,0,0,0,0,file
4228,7,motorcycle,902.23,467.65,937.12,494.82,0,0,0,0,file
4229,7,motorcycle,903.85,468.37,938.74,495.54,0,0,0,0,file
4230,7,motorcycle,905.48,469.1,940.37,496.27,0,0,0,0,file
4231,7,motorcycle,907.11,469.82,942.0,496.99,0,0,0,0,file
4232,7,motorcycle,908.74,470.54,943.63,497.71,0,0,0,0,file
4233,7,motorcycle,910.37,471.27,945.26,498.44,0,0,0,0,file
4234,7,motorcycle,911.99,471.99,946.88,499.16,0,0,0,0,file
4235,7,motorcycle,913.62,472.71,948.51,499.88,0,0,0,0,file
4236,7,motorcycle,915.25,473.44,950.14,500.61,0,0,0,0,file
4237,7,motorcycle,916.88,474.16,951.77,501.33,0,0,0,0,file
4238,7,motorcycle,918.51,474.88,953.4,502.05,0,0,0,0,file
4239,7,motorcycle,920.14,475.61,955.03,502.78,0,0,0,0,file
4240,7,motorcycle,921.76,476.33,956.65,503.5,0,0,0,0,file
4241,7,motorcycle,923.39,477.06,958.28,504.23,0,0,0,0,file
4242,7,motorcycle,925.02,477.78,959.91,504.95,0,0,0,0,file
4243,7,motorcycle,926.65,478.5,961.54,505.67,0,0,0,0,file
4244,7,motorcycle,928.28,479.23,963.17,506.4,0,0,0,0,file
4245,7,motorcycle,929.9,479.95,964.8,507.12,0,0,0,0,file
4246,7,motorcycle,931.53,480.67,966.42,507.84,0,0,0,0,file
4247,7,motorcycle,933.16,481.4,968.05,508.57,0,0,0,0,file
4248,7,motorcycle,934.79,482.12,969.68,509.29,0,0,0,0,file
4249,7,motorcycle,936.42,482.84,971.31,510.01,0,0,0,0,file
4250,7,motorcycle,938.05,483.57,972.94,510.74,0,0,0,0,file
4251,7,motorcycle,939.67,484.29,974.56,511.46,0,0,0,0,file
4252,7,motorcycle,941.3,485.02,976.19,512.19,0,0,0,0,file
4253,7,motorcycle,942.93,485.74,977.82,512.91,0,0,0,0,file
4254,7,motorcycle,944.56,486.46,979.45,513.63,0,0,0,0,file
4255,7,motorcycle,946.19,487.19,981.08,514.36,0,0,0,0,file
4256,7,motorcycle,947.82,487.91,982.71,515.08,0,0,0,0,file
4257,7,motorcycle,949.44,488.63,984.33,515.8,0,0,0,0,file
4258,7,motorcycle,951.07,489.36,985.96,516.53,0,0,0,0,file
4259,7,motorcycle,952.7,490.08,987.59,517.25,0,0,0,0,file
4260,7,motorcycle,954.33,490.8,989.22,517.97,0,0,0,0,file
4261,7,motorcycle,955.96,491.53,990.85,518.7,0,0,0,0,file
4262,7,motorcycle,957.58,492.25,992.47,519.42,0,0,0,0,file
4263,7,motorcycle,959.21,492.97,994.1,520.14,0,0,0,0,file
4264,7,motorcycle,960.84,493.7,995.73,520.87,0,0,0,0,file
4265,7,motorcycle,962.47,494.42,997.36,521.59,0,0,0,0,file
4266,7,motorcycle,964.1,495.15,998.99,522.32,0,0,0,0,file
4267,7,motorcycle,965.73,495.87,1000.62,523.04,0,0,0,0,file
4268,7,motorcycle,967.35,496.59,1002.24,523.76,0,0,0,0,file
4269,7,motorcycle,968.98,497.32,1003.87,524.49,0,0,0,0,file
4270,7,motorcycle,970.61,498.04,1005.5,525.21,0,0,1,0,file
4271,7,motorcycle,972.32,497.94,1007.21,525.11,0,0,0,0,file
4272,7,motorcycle,974.03,497.85,1008.92,525.02,0,0,0,0,file
4273,7,motorcycle,975.75,497.75,1010.64,524.92,0,0,0,0,file
4274,7,motorcycle,977.46,497.65,1012.35,524.82,0,0,0,0,file
4275,7,motorcycle,979.17,497.56,1014.06,524.73,0,0,0,0,file
4276,7,motorcycle,980.88,497.46,1015.77,524.63,0,0,0,0,file
4277,7,motorcycle,982.6,497.36,1017.49,524.53,0,0,0,0,file
4278,7,motorcycle,984.31,497.26,1019.2,524.43,0,0,0,0,file
4279,7,motorcycle,986.02,497.17,1020.91,524.34,0,0,0,0,file
4280,7,motorcycle,987.73,497.07,1022.62,524.24,0,0,0,0,file
4281,7,motorcycle,989.44,496.97,1024.33,524.14,0,0,0,0,file
4282,7,motorcycle,991.16,496.88,1026.05,524.05,0,0,0,0,file
4283,7,motorcycle,992.87,496.78,1027.76,523.95,0,0,0,0,file
4284,7,motorcycle,994.58,496.68,1029.47,523.85,0,0,0,0,file
4285,7,motorcycle,996.29,496.59,1031.18,523.75,0,0,0,0,file
4286,7,motorcycle,998.01,496.49,1032.9,523.66,0,0,0,0,file
4287,7,motorcycle,999.72,496.39,1034.61,523.56,0,0,0,0,file
4288,7,motorcycle,1001.43,496.29,1036.32,523.46,0,0,0,0,file
4289,7,motorcycle,1003.14,496.2,1038.03,523.37,0,0,0,0,file
4290,7,motorcycle,1004.86,496.1,1039.74,523.27,0,0,0,0,file
4291,7,motorcycle,1006.57,496.0,1041.46,523.17,0,0,0,0,file
4292,7,motorcycle,1008.28,495.91,1043.17,523.08,0,0,0,0,file
4293,7,motorcycle,1009.99,495.81,1044.88,522.98,0,0,0,0,file
4294,7,motorcycle,1011.7,495.71,1046.59,522.88,0,0,0,0,file
4295,7,motorcycle,1013.42,495.62,1048.31,522.79,0,0,0,0,file
4296,7,motorcycle,1015.13,495.52,1050.02,522.69,0,0,0,0,file
4297,7,motorcycle,1016.84,495.42,1051.73,522.59,0,0,0,0,file
4298,7,motorcycle,1018.55,495.32,1053.44,522.49,0,0,0,0,file
4299,7,motorcycle,1020.27,495.23,1055.16,522.4,0,0,0,0,file
4300,7,motorcycle,1021.98,495.13,1056.87,522.3,0,0,0,0,file
4301,7,motorcycle,1023.69,495.03,1058.58,522.2,0,0,0,0,file
4302,7,motorcycle,1025.4,494.94,1060.29,522.11,0,0,0,0,file
4303,7,motorcycle,1027.11,494.84,1062.0,522.01,0,0,0,0,file
4304,7,motorcycle,1028.83,494.74,1063.72,521.91,0,0,0,0,file
4305,7,motorcycle,1030.54,494.65,1065.43,521.82,0,0,0,0,file
4306,7,motorcycle,1032.25,494.55,1067.14,521.72,0,0,0,0,file
4307,7,motorcycle,1033.96,494.45,1068.85,521.62,0,0,0,0,file
4308,7,motorcycle,1035.68,494.35,1070.57,521.52,0,0,0,0,file
4309,7,motorcycle,1037.39,494.26,1072.28,521.43,0,0,0,0,file
4310,7,motorcycle,1039.1,494.16,1073.99,521.33,0,0,1,0,file
4311,7,motorcycle,1041.04,494.13,1075.93,521.3,0,0,0,0,file
4312,7,motorcycle,1042.98,494.11,1077.87,521.28,0,0,0,0,file
4313,7,motorcycle,1044.92,494.08,1079.81,521.25,0,0,0,0,file
4314,7,motorcycle,1046.85,494.06,1081.74,521.23,0,0,0,0,file
4315,7,motorcycle,1048.79,494.03,1083.68,521.2,0,0,0,0,file
4316,7,motorcycle,1050.73,494.01,1085.62,521.18,0,0,0,0,file
4317,7,motorcycle,1052.67,493.98,1087.56,521.15,0,0,0,0,file
4318,7,motorcycle,1054.61,493.95,1089.5,521.12,0,0,0,0,file
4319,7,motorcycle,1056.55,493.93,1091.44,521.1,0,0,0,0,file
4320,7,motorcycle,1058.48,493.9,1093.37,521.07,0,0,0,0,file
4321,7,motorcycle,1060.42,493.88,1095.31,521.05,0,0,0,0,file
4322,7,motorcycle,1062.36,493.85,1097.25,521.02,0,0,0,0,file
4323,7,motorcycle,1064.3,493.82,1099.19,520.99,0,0,0,0,file
4324,7,motorcycle,1066.24,493.8,1101.13,520.97,0,0,0,0,file
4325,7,motorcycle,1068.18,493.77,1103.07,520.94,0,0,0,0,file
4326,7,motorcycle,1070.11,493.75,1105.0,520.92,0,0,0,0,file
4327,7,motorcycle,1072.05,493.72,1106.94,520.89,0,0,0,0,file
4328,7,motorcycle,1073.99,493.7,1108.88,520.87,0,0,0,0,file
4329,7,motorcycle,1075.93,493.67,1110.82,520.84,0,0,0,0,file
4330,7,motorcycle,1077.87,493.64,1112.76,520.81,0,0,0,0,file
4331,7,motorcycle,1079.81,493.62,1114.7,520.79,0,0,0,0,file
4332,7,motorcycle,1081.74,493.59,1116.63,520.76,0,0,0,0,file
4333,7,motorcycle,1083.68,493.57,1118.57,520.74,0,0,0,0,file
4334,7,motorcycle,1085.62,493.54,1120.51,520.71,0,0,0,0,file
4335,7,motorcycle,1087.56,493.51,1122.45,520.68,0,0,0,0,file
4336,7,motorcycle,1089.5,493.49,1124.39,520.66,0,0,0,0,file
4337,7,motorcycle,1091.44,493.46,1126.33,520.63,0,0,0,0,file
4338,7,motorcycle,1093.38,493.44,1128.27,520.61,0,0,0,0,file
4339,7,motorcycle,1095.31,493.41,1130.2,520.58,0,0,0,0,file
4340,7,motorcycle,1097.25,493.39,1132.14,520.56,0,0,0,0,file
4341,7,motorcycle,1099.19,493.36,1134.08,520.53,0,0,0,0,file
4342,7,motorcycle,1101.13,493.33,1136.02,520.5,0,0,0,0,file
4343,7,motorcycle,1103.07,493.31,1137.96,520.48,0,0,0,0,file
4344,7,motorcycle,1105.01,493.28,1139.9,520.45,0,0,0,0,file
4345,7,motorcycle,1106.94,493.26,1141.83,520.43,0,0,0,0,file
4346,7,motorcycle,1108.88,493.23,1143.77,520.4,0,0,0,0,file
4347,7,motorcycle,1110.82,493.21,1145.71,520.38,0,0,0,0,file
4348,7,motorcycle,1112.76,493.18,1147.65,520.35,0,0,0,0,file
4349,7,motorcycle,1114.7,493.15,1149.59,520.32,0,0,0,0,file
4350,7,motorcycle,1116.64,493.13,1151.53,520.3,0,0,0,0,file
4351,7,motorcycle,1118.57,493.1,1153.46,520.27,0,0,0,0,file
4352,7,motorcycle,1120.51,493.08,1155.4,520.25,0,0,0,0,file
4353,7,motorcycle,1122.45,493.05,1157.34,520.22,0,0,0,0,file
4354,7,motorcycle,1124.39,493.02,1159.28,520.19,0,0,0,0,file
4355,7,motorcycle,1126.33,493.0,1161.22,520.17,0,0,0,0,file
4356,7,motorcycle,1128.27,492.97,1163.16,520.14,0,0,0,0,file
4357,7,motorcycle,1130.2,492.95,1165.09,520.12,0,0,0,0,file
4358,7,motorcycle,1132.14,492.92,1167.03,520.09,0,0,0,0,file
4359,7,motorcycle,1134.08,492.9,1168.97,520.07,0,0,0,0,file
4360,7,motorcycle,1136.02,492.87,1170.91,520.04,0,0,1,0,file
4361,7,motorcycle,1137.89,492.74,1172.78,519.91,0,0,0,0,file
4362,7,motorcycle,1139.77,492.61,1174.66,519.78,0,0,0,0,file
4363,7,motorcycle,1141.64,492.48,1176.53,519.65,0,0,0,0,file
4364,7,motorcycle,1143.51,492.35,1178.4,519.52,0,0,0,0,file
4365,7,motorcycle,1145.39,492.22,1180.28,519.39,0,0,0,0,file
4366,7,motorcycle,1147.26,492.09,1182.15,519.26,0,0,0,0,file
4367,7,motorcycle,1149.14,491.97,1184.03,519.14,0,0,0,0,file
4368,7,motorcycle,1151.01,491.84,1185.9,519.01,0,0,0,0,file
4369,7,motorcycle,1152.88,491.71,1187.77,518.88,0,0,0,0,file
4370,7,motorcycle,1154.76,491.58,1189.65,518.75,0,0,0,0,file
4371,7,motorcycle,1156.63,491.45,1191.52,518.62,0,0,0,0,file
4372,7,motorcycle,1158.51,491.32,1193.39,518.49,0,0,0,0,file
4373,7,motorcycle,1160.38,491.19,1195.27,518.36,0,0,0,0,file
4374,7,motorcycle,1162.25,491.06,1197.14,518.23,0,0,0,0,file
4375,7,motorcycle,1164.13,490.93,1199.02,518.1,0,0,0,0,file
4376,7,motorcycle,1166.0,490.8,1200.89,517.97,0,0,0,0,file
4377,7,motorcycle,1167.87,490.67,1202.76,517.84,0,0,0,0,file
4378,7,motorcycle,1169.75,490.54,1204.64,517.71,0,0,0,0,file
4379,7,motorcycle,1171.62,490.41,1206.51,517.58,0,0,0,0,file
4380,7,motorcycle,1173.49,490.28,1208.38,517.45,0,0,0,0,file
4381,7,motorcycle,1175.37,490.16,1210.26,517.33,0,0,0,0,file
4382,7,motorcycle,1177.24,490.03,1212.13,517.2,0,0,0,0,file
4383,7,motorcycle,1179.12,489.9,1214.01,517.07,0,0,0,0,file
4384,7,motorcycle,1180.99,489.77,1215.88,516.94,0,0,0,0,file
4385,7,motorcycle,1182.86,489.64,1217.75,516.81,0,0,0,0,file
4386,7,motorcycle,1184.74,489.51,1219.63,516.68,0,0,0,0,file
4387,7,motorcycle,1186.61,489.38,1221.5,516.55,0,0,0,0,file
4388,7,motorcycle,1188.49,489.25,1223.38,516.42,0,0,0,0,file
4389,7,motorcycle,1190.36,489.12,1225.25,516.29,0,0,0,0,file
4390,7,motorcycle,1192.23,488.99,1227.12,516.16,0,0,0,0,file
4391,7,motorcycle,1194.11,488.86,1229.0,516.03,0,0,0,0,file
4392,7,motorcycle,1195.98,488.73,1230.87,515.9,0,0,0,0,file
4393,7,motorcycle,1197.85,488.6,1232.74,515.77,0,0,0,0,file
4394,7,motorcycle,1199.73,488.48,1234.62,515.65,0,0,0,0,file
4395,7,motorcycle,1201.6,488.35,1236.49,515.52,0,0,0,0,file
4396,7,motorcycle,1203.47,488.22,1238.37,515.39,0,0,0,0,file
4397,7,motorcycle,1205.35,488.09,1240.24,515.26,0,0,0,0,file
4398,7,motorcycle,1207.22,487.96,1242.11,515.13,0,0,0,0,file
4399,7,motorcycle,1209.1,487.83,1243.99,515.0,0,0,0,0,file
4400,7,motorcycle,1210.97,487.7,1245.86,514.87,0,0,1,0,file
4401,7,motorcycle,1212.74,487.79,1247.63,514.96,0,0,0,0,file
4402,7,motorcycle,1214.5,487.87,1249.39,515.04,0,0,0,0,file
4403,7,motorcycle,1216.27,487.96,1251.16,515.13,0,0,0,0,file
4404,7,motorcycle,1218.03,488.05,1252.92,515.22,0,0,0,0,file
4405,7,motorcycle,1219.8,488.13,1254.69,515.3,0,0,0,0,file
4406,7,motorcycle,1221.57,488.22,1256.46,515.39,0,0,0,0,file
4407,7,motorcycle,1223.33,488.3,1258.22,515.47,0,0,0,0,file
4408,7,motorcycle,1225.1,488.39,1259.99,515.56,0,0,0,0,file
4409,7,motorcycle,1226.86,488.48,1261.75,515.65,0,0,0,0,file
4410,7,motorcycle,1228.63,488.56,1263.52,515.73,0,0,0,0,file
4410,9,motorcycle,1705.88,571.11,1740.85,597.01,0,0,1,0,manual
4411,7,motorcycle,1230.4,488.65,1265.29,515.82,0,0,0,0,file
4411,9,motorcycle,1705.59,570.95,1740.56,596.85,0,0,0,0,manual
4412,7,motorcycle,1232.16,488.74,1267.05,515.91,0,0,0,0,file
4412,9,motorcycle,1705.29,570.78,1740.26,596.68,0,0,0,0,manual
4413,7,motorcycle,1233.93,488.82,1268.82,515.99,0,0,0,0,file
4413,9,motorcycle,1705.0,570.62,1739.97,596.52,0,0,0,0,manual
4414,7,motorcycle,1235.69,488.91,1270.58,516.08,0,0,0,0,file
4414,9,motorcycle,1704.7,570.45,1739.67,596.35,0,0,0,0,manual
4415,7,motorcycle,1237.46,489.0,1272.35,516.16,0,0,0,0,file
4415,9,motorcycle,1704.41,570.29,1739.38,596.19,0,0,0,0,manual
4416,7,motorcycle,1239.23,489.08,1274.12,516.25,0,0,0,0,file
4416,9,motorcycle,1704.11,570.12,1739.08,596.02,0,0,0,0,manual
4417,7,motorcycle,1240.99,489.17,1275.88,516.34,0,0,0,0,file
4417,9,motorcycle,1703.82,569.96,1738.79,595.86,0,0,0,0,manual
4418,7,motorcycle,1242.76,489.25,1277.65,516.42,0,0,0,0,file
4418,9,motorcycle,1703.53,569.79,1738.5,595.69,0,0,0,0,manual
4419,7,motorcycle,1244.52,489.34,1279.41,516.51,0,0,0,0,file
4419,9,motorcycle,1703.23,569.63,1738.2,595.53,0,0,0,0,manual
4420,7,motorcycle,1246.29,489.43,1281.18,516.6,0,0,0,0,file
4420,9,motorcycle,1702.94,569.46,1737.91,595.36,0,0,0,0,manual
4421,7,motorcycle,1248.06,489.51,1282.95,516.68,0,0,0,0,file
4421,9,motorcycle,1702.64,569.3,1737.61,595.2,0,0,0,0,manual
4422,7,motorcycle,1249.82,489.6,1284.71,516.77,0,0,0,0,file
4422,9,motorcycle,1702.35,569.13,1737.32,595.03,0,0,0,0,manual
4423,7,motorcycle,1251.59,489.69,1286.48,516.86,0,0,0,0,file
4423,9,motorcycle,1702.05,568.97,1737.02,594.87,0,0,0,0,manual
4424,7,motorcycle,1253.35,489.77,1288.24,516.94,0,0,0,0,file
4424,9,motorcycle,1701.76,568.8,1736.73,594.7,0,0,0,0,manual
4425,7,motorcycle,1255.12,489.86,1290.01,517.03,0,0,0,0,file
4425,9,motorcycle,1701.47,568.64,1736.43,594.54,0,0,0,0,manual
4426,7,motorcycle,1256.89,489.94,1291.78,517.11,0,0,0,0,file
4426,9,motorcycle,1701.17,568.47,1736.14,594.37,0,0,0,0,manual
4427,7,motorcycle,1258.65,490.03,1293.54,517.2,0,0,0,0,file
4427,9,motorcycle,1700.88,568.31,1735.85,594.21,0,0,0,0,manual
4428,7,motorcycle,1260.42,490.12,1295.31,517.29,0,0,0,0,file
4428,9,motorcycle,1700.58,568.14,1735.55,594.04,0,0,0,0,manual
4429,7,motorcycle,1262.18,490.2,1297.07,517.37,0,0,0,0,file
4429,9,motorcycle,1700.29,567.98,1735.26,593.88,0,0,0,0,manual
4430,7,motorcycle,1263.95,490.29,1298.84,517.46,0,0,1,0,file
4430,9,motorcycle,1699.99,567.81,1734.96,593.71,0,0,0,0,manual
4431,7,motorcycle,1265.53,490.55,1300.42,517.72,0,0,0,0,file
4431,9,motorcycle,1699.7,567.65,1734.67,593.55,0,0,0,0,manual
4432,7,motorcycle,1267.12,490.81,1302.01,517.98,0,0,0,0,file
4432,9,motorcycle,1699.41,567.48,1734.37,593.38,0,0,0,0,manual
4433,7,motorcycle,1268.7,491.06,1303.59,518.23,0,0,0,0,file
4433,9,motorcycle,1699.11,567.32,1734.08,593.22,0,0,0,0,manual
4434,7,motorcycle,1270.28,491.32,1305.17,518.49,0,0,0,0,file
4434,9,motorcycle,1698.82,567.15,1733.79,593.05,0,0,0,0,manual
4435,7,motorcycle,1271.87,491.58,1306.75,518.75,0,0,0,0,file
4435,9,motorcycle,1698.52,566.99,1733.49,592.89,0,0,0,0,manual
4436,7,motorcycle,1273.45,491.84,1308.34,519.01,0,0,0,0,file
4436,9,motorcycle,1698.23,566.82,1733.2,592.72,0,0,0,0,manual
4437,7,motorcycle,1275.03,492.1,1309.92,519.27,0,0,0,0,file
4437,9,motorcycle,1697.93,566.66,1732.9,592.56,0,0,0,0,manual
4438,7,motorcycle,1276.61,492.36,1311.5,519.53,0,0,0,0,file
4438,9,motorcycle,1697.64,566.5,1732.61,592.4,0,0,0,0,manual
4439,7,motorcycle,1278.2,492.61,1313.09,519.78,0,0,0,0,file
4439,9,motorcycle,1697.35,566.33,1732.31,592.23,0,0,0,0,manual
4440,7,motorcycle,1279.78,492.87,1314.67,520.04,0,0,0,0,file
4440,9,motorcycle,1697.05,566.17,1732.02,592.07,0,0,0,0,manual
4441,7,motorcycle,1281.36,493.13,1316.25,520.3,0,0,0,0,file
4441,9,motorcycle,1696.76,566.0,1731.72,591.9,0,0,0,0,manual
4442,7,motorcycle,1282.95,493.39,1317.84,520.56,0,0,0,0,file
4442,9,motorcycle,1696.46,565.84,1731.43,591.74,0,0,0,0,manual
4443,7,motorcycle,1284.53,493.65,1319.42,520.82,0,0,0,0,file
4443,9,motorcycle,1696.17,565.67,1731.14,591.57,0,0,0,0,manual
4444,7,motorcycle,1286.11,493.91,1321.0,521.08,0,0,0,0,file
4444,9,motorcycle,1695.87,565.51,1730.84,591.41,0,0,0,0,manual
4445,7,motorcycle,1287.69,494.16,1322.59,521.33,0,0,0,0,file
4445,9,motorcycle,1695.58,565.34,1730.55,591.24,0,0,0,0,manual
4446,7,motorcycle,1289.28,494.42,1324.17,521.59,0,0,0,0,file
4446,9,motorcycle,1695.29,565.18,1730.25,591.08,0,0,0,0,manual
4447,7,motorcycle,1290.86,494.68,1325.75,521.85,0,0,0,0,file
4447,9,motorcycle,1694.99,565.01,1729.96,590.91,0,0,0,0,manual
4448,7,motorcycle,1292.44,494.94,1327.33,522.11,0,0,0,0,file
4448,9,motorcycle,1694.7,564.85,1729.66,590.75,0,0,0,0,manual
4449,7,motorcycle,1294.03,495.2,1328.92,522.37,0,0,0,0,file
4449,9,motorcycle,1694.4,564.68,1729.37,590.58,0,0,0,0,manual
4450,7,motorcycle,1295.61,495.46,1330.5,522.62,0,0,0,0,file
4450,9,motorcycle,1694.11,564.52,1729.08,590.42,0,0,0,0,manual
4451,7,motorcycle,1297.19,495.71,1332.08,522.88,0,0,0,0,file
4451,9,motorcycle,1693.81,564.35,1728.78,590.25,0,0,0,0,manual
4452,7,motorcycle,1298.78,495.97,1333.67,523.14,0,0,0,0,file
4452,9,motorcycle,1693.52,564.19,1728.49,590.09,0,0,0,0,manual
4453,7,motorcycle,1300.36,496.23,1335.25,523.4,0,0,0,0,file
4453,9,motorcycle,1693.23,564.02,1728.19,589.92,0,0,0,0,manual
4454,7,motorcycle,1301.94,496.49,1336.83,523.66,0,0,0,0,file
4454,9,motorcycle,1692.93,563.86,1727.9,589.76,0,0,0,0,manual
4455,7,motorcycle,1303.53,496.75,1338.41,523.92,0,0,0,0,file
4455,9,motorcycle,1692.64,563.69,1727.6,589.59,0,0,0,0,manual
4456,7,motorcycle,1305.11,497.0,1340.0,524.17,0,0,0,0,file
4456,9,motorcycle,1692.34,563.53,1727.31,589.43,0,0,0,0,manual
4457,7,motorcycle,1306.69,497.26,1341.58,524.43,0,0,0,0,file
4457,9,motorcycle,1692.05,563.36,1727.01,589.26,0,0,0,0,manual
4458,7,motorcycle,1308.27,497.52,1343.16,524.69,0,0,0,0,file
4458,9,motorcycle,1691.75,563.2,1726.72,589.1,0,0,0,0,manual
4459,7,motorcycle,1309.86,497.78,1344.75,524.95,0,0,0,0,file
4459,9,motorcycle,1691.46,563.03,1726.43,588.93,0,0,0,0,manual
4460,7,motorcycle,1311.44,498.04,1346.33,525.21,0,0,0,0,file
4460,9,motorcycle,1691.17,562.87,1726.13,588.77,0,0,0,0,manual
4461,7,motorcycle,1313.02,498.3,1347.91,525.47,0,0,0,0,file
4461,9,motorcycle,1690.87,562.7,1725.84,588.6,0,0,0,0,manual
4462,7,motorcycle,1314.61,498.55,1349.5,525.72,0,0,0,0,file
4462,9,motorcycle,1690.58,562.54,1725.54,588.44,0,0,0,0,manual
4463,7,motorcycle,1316.19,498.81,1351.08,525.98,0,0,0,0,file
4463,9,motorcycle,1690.28,562.37,1725.25,588.27,0,0,0,0,manual
4464,7,motorcycle,1317.77,499.07,1352.66,526.24,0,0,0,0,file
4464,9,motorcycle,1689.99,562.21,1724.95,588.11,0,0,0,0,manual
4465,7,motorcycle,1319.36,499.33,1354.25,526.5,0,0,0,0,file
4465,9,motorcycle,1689.7,562.05,1724.66,587.94,0,0,0,0,manual
4466,7,motorcycle,1320.94,499.59,1355.83,526.76,0,0,0,0,file
4466,9,motorcycle,1689.4,561.88,1724.37,587.78,0,0,0,0,manual
4467,7,motorcycle,1322.52,499.85,1357.41,527.02,0,0,0,0,file
4467,9,motorcycle,1689.11,561.72,1724.07,587.62,0,0,0,0,manual
4468,7,motorcycle,1324.1,500.1,1358.99,527.27,0,0,0,0,file
4468,9,motorcycle,1688.81,561.55,1723.78,587.45,0,0,0,0,manual
4469,7,motorcycle,1325.69,500.36,1360.58,527.53,0,0,0,0,file
4469,9,motorcycle,1688.52,561.39,1723.48,587.29,0,0,0,0,manual
4470,7,motorcycle,1327.27,500.62,1362.16,527.79,0,0,1,0,file
4470,9,motorcycle,1688.22,561.22,1723.19,587.12,0,0,0,0,manual
4471,7,motorcycle,1329.08,500.58,1363.97,527.75,0,0,0,0,file
4471,9,motorcycle,1687.93,561.06,1722.89,586.96,0,0,0,0,manual
4472,7,motorcycle,1330.89,500.53,1365.78,527.7,0,0,0,0,file
4472,9,motorcycle,1687.64,560.89,1722.6,586.79,0,0,0,0,manual
4473,7,motorcycle,1332.7,500.49,1367.59,527.66,0,0,0,0,file
4473,9,motorcycle,1687.34,560.73,1722.31,586.63,0,0,0,0,manual
4474,7,motorcycle,1334.51,500.45,1369.4,527.62,0,0,0,0,file
4474,9,motorcycle,1687.05,560.56,1722.01,586.46,0,0,0,0,manual
4475,7,motorcycle,1336.32,500.4,1371.21,527.57,0,0,0,0,file
4475,9,motorcycle,1686.75,560.4,1721.72,586.3,0,0,0,0,manual
4476,7,motorcycle,1338.12,500.36,1373.01,527.53,0,0,0,0,file
4476,9,motorcycle,1686.46,560.23,1721.42,586.13,0,0,0,0,manual
4477,7,motorcycle,1339.93,500.32,1374.82,527.49,0,0,0,0,file
4477,9,motorcycle,1686.16,560.07,1721.13,585.97,0,0,0,0,manual
4478,7,motorcycle,1341.74,500.28,1376.63,527.45,0,0,0,0,file
4478,9,motorcycle,1685.87,559.9,1720.83,585.8,0,0,0,0,manual
4479,7,motorcycle,1343.55,500.23,1378.44,527.4,0,0,0,0,file
4479,9,motorcycle,1685.58,559.74,1720.54,585.64,0,0,0,0,manual
4480,7,motorcycle,1345.36,500.19,1380.25,527.36,0,0,0,0,file
4480,9,motorcycle,1685.28,559.57,1720.24,585.47,0,0,0,0,manual
4481,7,motorcycle,1347.17,500.15,1382.06,527.32,0,0,0,0,file
4481,9,motorcycle,1684.99,559.41,1719.95,585.31,0,0,0,0,manual
4482,7,motorcycle,1348.98,500.1,1383.87,527.27,0,0,0,0,file
4482,9,motorcycle,1684.69,559.24,1719.66,585.14,0,0,0,0,manual
4483,7,motorcycle,1350.79,500.06,1385.68,527.23,0,0,0,0,file
4483,9,motorcycle,1684.4,559.08,1719.36,584.98,0,0,0,0,manual
4484,7,motorcycle,1352.6,500.02,1387.49,527.19,0,0,0,0,file
4484,9,motorcycle,1684.1,558.91,1719.07,584.81,0,0,0,0,manual
4485,7,motorcycle,1354.4,499.98,1389.3,527.14,0,0,0,0,file
4485,9,motorcycle,1683.81,558.75,1718.77,584.65,0,0,0,0,manual
4486,7,motorcycle,1356.21,499.93,1391.1,527.1,0,0,0,0,file
4486,9,motorcycle,1683.52,558.58,1718.48,584.48,0,0,0,0,manual
4487,7,motorcycle,1358.02,499.89,1392.91,527.06,0,0,0,0,file
4487,9,motorcycle,1683.22,558.42,1718.18,584.32,0,0,0,0,manual
4488,7,motorcycle,1359.83,499.85,1394.72,527.02,0,0,0,0,file
4488,9,motorcycle,1682.93,558.25,1717.89,584.15,0,0,0,0,manual
4489,7,motorcycle,1361.64,499.8,1396.53,526.97,0,0,0,0,file
4489,9,motorcycle,1682.63,558.09,1717.6,583.99,0,0,0,0,manual
4490,7,motorcycle,1363.45,499.76,1398.34,526.93,0,0,0,0,file
4490,9,motorcycle,1682.34,557.92,1717.3,583.82,0,0,0,0,manual
4491,7,motorcycle,1365.26,499.72,1400.15,526.89,0,0,0,0,file
4491,9,motorcycle,1682.04,557.76,1717.01,583.66,0,0,0,0,manual
4492,7,motorcycle,1367.07,499.67,1401.96,526.84,0,0,0,0,file
4492,9,motorcycle,1681.75,557.59,1716.71,583.49,0,0,0,0,manual
4493,7,motorcycle,1368.88,499.63,1403.77,526.8,0,0,0,0,file
4493,9,motorcycle,1681.46,557.43,1716.42,583.33,0,0,0,0,manual
4494,7,motorcycle,1370.69,499.59,1405.58,526.76,0,0,0,0,file
4494,9,motorcycle,1681.16,557.27,1716.12,583.17,0,0,0,0,manual
4495,7,motorcycle,1372.49,499.54,1407.38,526.72,0,0,0,0,file
4495,9,motorcycle,1680.87,557.1,1715.83,583.0,0,0,0,0,manual
4496,7,motorcycle,1374.3,499.5,1409.19,526.67,0,0,0,0,file
4496,9,motorcycle,1680.57,556.94,1715.53,582.84,0,0,0,0,manual
4497,7,motorcycle,1376.11,499.46,1411.0,526.63,0,0,0,0,file
4497,9,motorcycle,1680.28,556.77,1715.24,582.67,0,0,0,0,manual
4498,7,motorcycle,1377.92,499.42,1412.81,526.59,0,0,0,0,file
4498,9,motorcycle,1679.98,556.61,1714.95,582.51,0,0,0,0,manual
4499,7,motorcycle,1379.73,499.37,1414.62,526.54,0,0,0,0,file
4499,9,motorcycle,1679.69,556.44,1714.65,582.34,0,0,0,0,manual
4500,7,motorcycle,1381.54,499.33,1416.43,526.5,0,0,1,0,file
4500,9,motorcycle,1679.4,556.28,1714.36,582.18,0,0,0,0,manual
4501,7,motorcycle,1383.19,499.2,1418.08,526.37,0,0,0,0,file
4501,9,motorcycle,1679.1,556.11,1714.06,582.01,0,0,0,0,manual
4502,7,motorcycle,1384.84,499.07,1419.73,526.24,0,0,0,0,file
4502,9,motorcycle,1678.81,555.95,1713.77,581.85,0,0,0,0,manual
4503,7,motorcycle,1386.48,498.94,1421.37,526.11,0,0,0,0,file
4503,9,motorcycle,1678.51,555.78,1713.47,581.68,0,0,0,0,manual
4504,7,motorcycle,1388.13,498.81,1423.02,525.98,0,0,0,0,file
4504,9,motorcycle,1678.22,555.62,1713.18,581.52,0,0,0,0,manual
4505,7,motorcycle,1389.78,498.68,1424.67,525.85,0,0,0,0,file
4505,9,motorcycle,1677.92,555.45,1712.89,581.35,0,0,0,0,manual
4506,7,motorcycle,1391.43,498.55,1426.32,525.72,0,0,0,0,file
4506,9,motorcycle,1677.63,555.29,1712.59,581.19,0,0,0,0,manual
4507,7,motorcycle,1393.07,498.43,1427.96,525.6,0,0,0,0,file
4507,9,motorcycle,1677.34,555.12,1712.3,581.02,0,0,0,0,manual
4508,7,motorcycle,1394.72,498.3,1429.61,525.47,0,0,0,0,file
4508,9,motorcycle,1677.04,554.96,1712.0,580.86,0,0,0,0,manual
4509,7,motorcycle,1396.37,498.17,1431.26,525.34,0,0,0,0,file
4509,9,motorcycle,1676.75,554.79,1711.71,580.69,0,0,0,0,manual
4510,7,motorcycle,1398.02,498.04,1432.91,525.21,0,0,0,0,file
4510,8,car,704.88,164.49,739.84,220.17,0,0,1,0,manual
4510,9,motorcycle,1676.45,554.63,1711.41,580.53,0,0,0,0,manual
4511,7,motorcycle,1399.67,497.91,1434.56,525.08,0,0,0,0,file
4511,8,car,705.11,166.04,740.07,221.72,0,0,0,0,manual
4511,9,motorcycle,1676.16,554.46,1711.12,580.36,0,0,0,0,manual
4512,7,motorcycle,1401.31,497.78,1436.2,524.95,0,0,0,0,file
4512,8,car,705.33,167.6,740.29,223.28,0,0,0,0,manual
4512,9,motorcycle,1675.86,554.3,1710.82,580.2,0,0,0,0,manual
4513,7,motorcycle,1402.96,497.65,1437.85,524.82,0,0,0,0,file
4513,8,car,705.56,169.15,740.52,224.83,0,0,0,0,manual
4513,9,motorcycle,1675.57,554.13,1710.53,580.03,0,0,0,0,manual
4514,7,motorcycle,1404.61,497.52,1439.5,524.69,0,0,0,0,file
4514,8,car,705.79,170.71,740.75,226.39,0,0,0,0,manual
4514,9,motorcycle,1675.28,553.97,1710.24,579.87,0,0,0,0,manual
4515,7,motorcycle,1406.26,497.39,1441.15,524.56,0,0,0,0,file
4515,8,car,706.01,172.26,740.97,227.94,0,0,0,0,manual
4515,9,motorcycle,1674.98,553.8,1709.94,579.7,0,0,0,0,manual
4516,7,motorcycle,1407.9,497.26,1442.79,524.43,0,0,0,0,file
4516,8,car,706.24,173.81,741.2,229.49,0,0,0,0,manual
4516,9,motorcycle,1674.69,553.64,1709.65,579.54,0,0,0,0,manual
4517,7,motorcycle,1409.55,497.13,1444.44,524.3,0,0,0,0,file
4517,8,car,706.47,175.37,741.43,231.05,0,0,0,0,manual
4517,9,motorcycle,1674.39,553.47,1709.35,579.37,0,0,0,0,manual
4518,7,motorcycle,1411.2,497.0,1446.09,524.17,0,0,0,0,file
4518,8,car,706.69,176.92,741.65,232.6,0,0,0,0,manual
4518,9,motorcycle,1674.1,553.31,1709.06,579.21,0,0,0,0,manual
4519,7,motorcycle,1412.85,496.87,1447.74,524.04,0,0,0,0,file
4519,8,car,706.92,178.48,741.88,234.16,0,0,0,0,manual
4519,9,motorcycle,1673.8,553.14,1708.76,579.04,0,0,0,0,manual
4520,7,motorcycle,1414.49,496.75,1449.38,523.91,0,0,0,0,file
4520,8,car,707.15,180.03,742.11,235.71,0,0,0,0,manual
4520,9,motorcycle,1673.51,552.98,1708.47,578.88,0,0,1,0,manual
4521,7,motorcycle,1416.14,496.62,1451.03,523.79,0,0,0,0,file
4521,8,car,707.37,181.58,742.33,237.26,0,0,0,0,manual
4521,9,motorcycle,1672.1,552.72,1707.06,578.62,0,0,0,0,manual
4522,7,motorcycle,1417.79,496.49,1452.68,523.66,0,0,0,0,file
4522,8,car,707.6,183.14,742.56,238.82,0,0,0,0,manual
4522,9,motorcycle,1670.69,552.46,1705.65,578.36,0,0,0,0,manual
4523,7,motorcycle,1419.44,496.36,1454.33,523.53,0,0,0,0,file
4523,8,car,707.83,184.69,742.79,240.37,0,0,0,0,manual
4523,9,motorcycle,1669.29,552.2,1704.25,578.1,0,0,0,0,manual
4524,7,motorcycle,1421.09,496.23,1455.98,523.4,0,0,0,0,file
4524,8,car,708.05,186.25,743.01,241.93,0,0,0,0,manual
4524,9,motorcycle,1667.88,551.94,1702.84,577.84,0,0,0,0,manual
4525,7,motorcycle,1422.73,496.1,1457.62,523.27,0,0,0,0,file
4525,8,car,708.28,187.8,743.24,243.48,0,0,0,0,manual
4525,9,motorcycle,1666.47,551.69,1701.43,577.59,0,0,0,0,manual
4526,7,motorcycle,1424.38,495.97,1459.27,523.14,0,0,0,0,file
4526,8,car,708.51,189.35,743.47,245.03,0,0,0,0,manual
4526,9,motorcycle,1665.06,551.43,1700.02,577.33,0,0,0,0,manual
4527,7,motorcycle,1426.03,495.84,1460.92,523.01,0,0,0,0,file
4527,8,car,708.73,190.91,743.69,246.59,0,0,0,0,manual
4527,9,motorcycle,1663.65,551.17,1698.61,577.07,0,0,0,0,manual
4528,7,motorcycle,1427.68,495.71,1462.57,522.88,0,0,0,0,file
4528,8,car,708.96,192.46,743.92,248.14,0,0,0,0,manual
4528,9,motorcycle,1662.24,550.91,1697.2,576.81,0,0,0,0,manual
4529,7,motorcycle,1429.32,495.58,1464.21,522.75,0,0,0,0,file
4529,8,car,709.19,194.02,744.15,249.7,0,0,0,0,manual
4529,9,motorcycle,1660.84,550.65,1695.8,576.55,0,0,0,0,manual
4530,7,motorcycle,1430.97,495.45,1465.86,522.62,0,0,0,0,file
4530,8,car,709.41,195.57,744.37,251.25,0,0,0,0,manual
4530,9,motorcycle,1659.43,550.39,1694.39,576.29,0,0,0,0,manual
4531,7,motorcycle,1432.62,495.32,1467.51,522.49,0,0,0,0,file
4531,8,car,709.64,197.12,744.6,252.8,0,0,0,0,manual
4531,9,motorcycle,1658.02,550.13,1692.98,576.03,0,0,0,0,manual
4532,7,motorcycle,1434.27,495.19,1469.16,522.36,0,0,0,0,file
4532,8,car,709.87,198.68,744.83,254.36,0,0,0,0,manual
4532,9,motorcycle,1656.61,549.87,1691.57,575.77,0,0,0,0,manual
4533,7,motorcycle,1435.92,495.06,1470.81,522.23,0,0,0,0,file
4533,8,car,710.09,200.23,745.05,255.91,0,0,0,0,manual
4533,9,motorcycle,1655.2,549.61,1690.16,575.51,0,0,0,0,manual
4534,7,motorcycle,1437.56,494.94,1472.45,522.11,0,0,0,0,file
4534,8,car,710.32,201.79,745.28,257.47,0,0,0,0,manual
4534,9,motorcycle,1653.79,549.35,1688.75,575.25,0,0,0,0,manual
4535,7,motorcycle,1439.21,494.81,1474.1,521.98,0,0,0,0,file
4535,8,car,710.55,203.34,745.51,259.02,0,0,0,0,manual
4535,9,motorcycle,1652.39,549.1,1687.35,575.0,0,0,0,0,manual
4536,7,motorcycle,1440.86,494.68,1475.75,521.85,0,0,0,0,file
4536,8,car,710.77,204.89,745.73,260.57,0,0,0,0,manual
4536,9,motorcycle,1650.98,548.84,1685.94,574.74,0,0,0,0,manual
4537,7,motorcycle,1442.51,494.55,1477.4,521.72,0,0,0,0,file
4537,8,car,711.0,206.45,745.96,262.13,0,0,0,0,manual
4537,9,motorcycle,1649.57,548.58,1684.53,574.48,0,0,0,0,manual
4538,7,motorcycle,1444.15,494.42,1479.04,521.59,0,0,0,0,file
4538,8,car,711.23,208.0,746.19,263.68,0,0,0,0,manual
4538,9,motorcycle,1648.16,548.32,1683.12,574.22,0,0,0,0,manual
4539,7,motorcycle,1445.8,494.29,1480.69,521.46,0,0,0,0,file
4539,8,car,711.45,209.56,746.41,265.24,0,0,0,0,manual
4539,9,motorcycle,1646.75,548.06,1681.71,573.96,0,0,0,0,manual
4540,7,motorcycle,1447.45,494.16,1482.34,521.33,0,0,1,0,file
4540,8,car,711.68,211.11,746.64,266.79,0,0,0,0,manual
4540,9,motorcycle,1645.35,547.8,1680.31,573.7,0,0,0,0,manual
4541,7,motorcycle,1448.97,494.13,1483.86,521.3,0,0,0,0,file
4541,8,car,711.91,212.66,746.87,268.34,0,0,0,0,manual
4541,9,motorcycle,1643.94,547.54,1678.9,573.44,0,0,0,0,manual
4542,7,motorcycle,1450.5,494.11,1485.39,521.28,0,0,0,0,file
4542,8,car,712.13,214.22,747.09,269.9,0,0,0,0,manual
4542,9,motorcycle,1642.53,547.28,1677.49,573.18,0,0,0,0,manual
4543,7,motorcycle,1452.02,494.08,1486.91,521.25,0,0,0,0,file
4543,8,car,712.36,215.77,747.32,271.45,0,0,0,0,manual
4543,9,motorcycle,1641.12,547.02,1676.08,572.92,0,0,0,0,manual
4544,7,motorcycle,1453.55,494.06,1488.44,521.23,0,0,0,0,file
4544,8,car,712.59,217.33,747.55,273.01,0,0,0,0,manual
4544,9,motorcycle,1639.71,546.76,1674.67,572.66,0,0,0,0,manual
4545,7,motorcycle,1455.07,494.03,1489.96,521.2,0,0,0,0,file
4545,8,car,712.81,218.88,747.77,274.56,0,0,0,0,manual
4545,9,motorcycle,1638.3,546.5,1673.26,572.4,0,0,0,0,manual
4546,7,motorcycle,1456.6,494.01,1491.49,521.18,0,0,0,0,file
4546,8,car,713.04,220.43,748.0,276.11,0,0,0,0,manual
4546,9,motorcycle,1636.9,546.25,1671.86,572.15,0,0,0,0,manual
4547,7,motorcycle,1458.12,493.98,1493.01,521.15,0,0,0,0,file
4547,8,car,713.27,221.99,748.23,277.67,0,0,0,0,manual
4547,9,motorcycle,1635.49,545.99,1670.45,571.89,0,0,0,0,manual
4548,7,motorcycle,1459.65,493.95,1494.54,521.12,0,0,0,0,file
4548,8,car,713.49,223.54,748.45,279.22,0,0,0,0,manual
4548,9,motorcycle,1634.08,545.73,1669.04,571.63,0,0,0,0,manual
4549,7,motorcycle,1461.17,493.93,1496.06,521.1,0,0,0,0,file
4549,8,car,713.72,225.1,748.68,280.78,0,0,0,0,manual
4549,9,motorcycle,1632.67,545.47,1667.63,571.37,0,0,0,0,manual
4550,7,motorcycle,1462.7,493.9,1497.59,521.07,0,0,0,0,file
4550,8,car,713.94,226.65,748.9,282.33,0,0,0,0,manual
4550,9,motorcycle,1631.26,545.21,1666.22,571.11,0,0,0,0,manual
4551,7,motorcycle,1464.22,493.88,1499.11,521.05,0,0,0,0,file
4551,8,car,714.17,228.2,749.13,283.88,0,0,0,0,manual
4551,9,motorcycle,1629.85,544.95,1664.81,570.85,0,0,0,0,manual
4552,7,motorcycle,1465.75,493.85,1500.64,521.02,0,0,0,0,file
4552,8,car,714.4,229.76,749.36,285.44,0,0,0,0,manual
4552,9,motorcycle,1628.45,544.69,1663.41,570.59,0,0,0,0,manual
4553,7,motorcycle,1467.27,493.82,1502.16,520.99,0,0,0,0,file
4553,8,car,714.62,231.31,749.58,286.99,0,0,0,0,manual
4553,9,motorcycle,1627.04,544.43,1662.0,570.33,0,0,0,0,manual
4554,7,motorcycle,1468.8,493.8,1503.69,520.97,0,0,0,0,file
4554,8,car,714.85,232.87,749.81,288.55,0,0,0,0,manual
4554,9,motorcycle,1625.63,544.17,1660.59,570.07,0,0,0,0,manual
4555,7,motorcycle,1470.32,493.77,1505.21,520.94,0,0,0,0,file
4555,8,car,715.08,234.42,750.04,290.1,0,0,0,0,manual
4555,9,motorcycle,1624.22,543.91,1659.18,569.81,0,0,0,0,manual
4556,7,motorcycle,1471.85,493.75,1506.74,520.92,0,0,0,0,file
4556,8,car,715.3,235.97,750.26,291.65,0,0,0,0,manual
4556,9,motorcycle,1622.81,543.66,1657.77,569.56,0,0,0,0,manual
4557,7,motorcycle,1473.37,493.72,1508.26,520.89,0,0,0,0,file
4557,8,car,715.53,237.53,750.49,293.21,0,0,0,0,manual
4557,9,motorcycle,1621.4,543.4,1656.36,569.3,0,0,0,0,manual
4558,7,motorcycle,1474.9,493.7,1509.79,520.87,0,0,0,0,file
4558,8,car,715.76,239.08,750.72,294.76,0,0,0,0,manual
4558,9,motorcycle,1620.0,543.14,1654.96,569.04,0,0,0,0,manual
4559,7,motorcycle,1476.42,493.67,1511.31,520.84,0,0,0,0,file
4559,8,car,715.98,240.64,750.94,296.32,0,0,0,0,manual
4559,9,motorcycle,1618.59,542.88,1653.55,568.78,0,0,0,0,manual
4560,7,motorcycle,1477.95,493.64,1512.84,520.81,0,0,0,0,file
4560,8,car,716.21,242.19,751.17,297.87,0,0,0,0,manual
4560,9,motorcycle,1617.18,542.62,1652.14,568.52,0,0,0,0,manual
4561,7,motorcycle,1479.47,493.62,1514.36,520.79,0,0,0,0,file
4561,8,car,716.44,243.74,751.4,299.42,0,0,0,0,manual
4561,9,motorcycle,1615.77,542.36,1650.73,568.26,0,0,0,0,manual
4562,7,motorcycle,1481.0,493.59,1515.89,520.76,0,0,0,0,file
4562,8,car,716.66,245.3,751.62,300.98,0,0,0,0,manual
4562,9,motorcycle,1614.36,542.1,1649.32,568.0,0,0,0,0,manual
4563,7,motorcycle,1482.52,493.57,1517.41,520.74,0,0,0,0,file
4563,8,car,716.89,246.85,751.85,302.53,0,0,0,0,manual
4563,9,motorcycle,1612.96,541.84,1647.92,567.74,0,0,0,0,manual
4564,7,motorcycle,1484.05,493.54,1518.94,520.71,0,0,0,0,file
4564,8,car,717.12,248.41,752.08,304.09,0,0,0,0,manual
4564,9,motorcycle,1611.55,541.58,1646.51,567.48,0,0,0,0,manual
4565,7,motorcycle,1485.57,493.51,1520.46,520.68,0,0,0,0,file
4565,8,car,717.34,249.96,752.3,305.64,0,0,0,0,manual
4565,9,motorcycle,1610.14,541.33,1645.1,567.23,0,0,0,0,manual
4566,7,motorcycle,1487.09,493.49,1521.98,520.66,0,0,0,0,file
4566,8,car,717.57,251.51,752.53,307.19,0,0,0,0,manual
4566,9,motorcycle,1608.73,541.07,1643.69,566.97,0,0,0,0,manual
4567,7,motorcycle,1488.62,493.46,1523.51,520.63,0,0,0,0,file
4567,8,car,717.8,253.07,752.76,308.75,0,0,0,0,manual
4567,9,motorcycle,1607.32,540.81,1642.28,566.71,0,0,0,0,manual
4568,7,motorcycle,1490.14,493.44,1525.03,520.61,0,0,0,0,file
4568,8,car,718.02,254.62,752.98,310.3,0,0,0,0,manual
4568,9,motorcycle,1605.91,540.55,1640.87,566.45,0,0,0,0,manual
4569,7,motorcycle,1491.67,493.41,1526.56,520.58,0,0,0,0,file
4569,8,car,718.25,256.18,753.21,311.86,0,0,0,0,manual
4569,9,motorcycle,1604.51,540.29,1639.47,566.19,0,0,0,0,manual
4570,7,motorcycle,1493.19,493.39,1528.08,520.56,0,0,0,0,file
4570,8,car,718.48,257.73,753.44,313.41,0,0,0,0,manual
4570,9,motorcycle,1603.1,540.03,1638.06,565.93,0,0,0,0,manual
4571,7,motorcycle,1494.72,493.36,1529.61,520.53,0,0,0,0,file
4571,8,car,718.7,259.28,753.66,314.96,0,0,0,0,manual
4571,9,motorcycle,1601.69,539.77,1636.65,565.67,0,0,0,0,manual
4572,7,motorcycle,1496.24,493.33,1531.13,520.5,0,0,0,0,file
4572,8,car,718.93,260.84,753.89,316.52,0,0,0,0,manual
4572,9,motorcycle,1600.28,539.51,1635.24,565.41,0,0,0,0,manual
4573,7,motorcycle,1497.77,493.31,1532.66,520.48,0,0,0,0,file
4573,8,car,719.16,262.39,754.12,318.07,0,0,0,0,manual
4573,9,motorcycle,1598.87,539.25,1633.83,565.15,0,0,0,0,manual
4574,7,motorcycle,1499.29,493.28,1534.18,520.45,0,0,0,0,file
4574,8,car,719.38,263.95,754.34,319.63,0,0,0,0,manual
4574,9,motorcycle,1597.46,538.99,1632.42,564.89,0,0,0,0,manual
4575,7,motorcycle,1500.82,493.26,1535.71,520.43,0,0,0,0,file
4575,8,car,719.61,265.5,754.57,321.18,0,0,0,0,manual
4575,9,motorcycle,1596.06,538.74,1631.02,564.63,0,0,0,0,manual
4576,7,motorcycle,1502.34,493.23,1537.23,520.4,0,0,0,0,file
4576,8,car,719.84,267.05,754.8,322.73,0,0,0,0,manual
4576,9,motorcycle,1594.65,538.48,1629.61,564.38,0,0,0,0,manual
4577,7,motorcycle,1503.87,493.21,1538.76,520.38,0,0,0,0,file
4577,8,car,720.06,268.61,755.02,324.29,0,0,0,0,manual
4577,9,motorcycle,1593.24,538.22,1628.2,564.12,0,0,0,0,manual
4578,7,motorcycle,1505.39,493.18,1540.28,520.35,0,0,0,0,file
4578,8,car,720.29,270.16,755.25,325.84,0,0,0,0,manual
4578,9,motorcycle,1591.83,537.96,1626.79,563.86,0,0,0,0,manual
4579,7,motorcycle,1506.92,493.15,1541.81,520.32,0,0,0,0,file
4579,8,car,720.52,271.72,755.48,327.4,0,0,0,0,manual
4579,9,motorcycle,1590.42,537.7,1625.38,563.6,0,0,0,0,manual
4580,7,motorcycle,1508.44,493.13,1543.33,520.3,0,0,0,0,file
4580,8,car,720.74,273.27,755.7,328.95,0,0,0,0,manual
4580,9,motorcycle,1589.01,537.44,1623.97,563.34,0,0,0,0,manual
4581,7,motorcycle,1509.97,493.1,1544.86,520.27,0,0,0,0,file
4581,8,car,720.97,274.82,755.93,330.5,0,0,0,0,manual
4581,9,motorcycle,1587.61,537.18,1622.57,563.08,0,0,0,0,manual
4582,7,motorcycle,1511.49,493.08,1546.38,520.25,0,0,0,0,file
4582,8,car,721.2,276.38,756.16,332.06,0,0,0,0,manual
4582,9,motorcycle,1586.2,536.92,1621.16,562.82,0,0,0,0,manual
4583,7,motorcycle,1513.02,493.05,1547.91,520.22,0,0,0,0,file
4583,8,car,721.42,277.93,756.38,333.61,0,0,0,0,manual
4583,9,motorcycle,1584.79,536.66,1619.75,562.56,0,0,0,0,manual
4584,7,motorcycle,1514.54,493.02,1549.43,520.19,0,0,0,0,file
4584,8,car,721.65,279.49,756.61,335.17,0,0,0,0,manual
4584,9,motorcycle,1583.38,536.4,1618.34,562.3,0,0,0,0,manual
4585,7,motorcycle,1516.07,493.0,1550.96,520.17,0,0,0,0,file
4585,8,car,721.88,281.04,756.84,336.72,0,0,0,0,manual
4585,9,motorcycle,1581.97,536.14,1616.93,562.04,0,0,0,0,manual
4586,7,motorcycle,1517.59,492.97,1552.48,520.14,0,0,0,0,file
4586,8,car,722.1,282.59,757.06,338.27,0,0,0,0,manual
4586,9,motorcycle,1580.57,535.89,1615.53,561.79,0,0,0,0,manual
4587,7,motorcycle,1519.12,492.95,1554.01,520.12,0,0,0,0,file
4587,8,car,722.33,284.15,757.29,339.83,0,0,0,0,manual
4587,9,motorcycle,1579.16,535.63,1614.12,561.53,0,0,0,0,manual
4588,7,motorcycle,1520.64,492.92,1555.53,520.09,0,0,0,0,file
4588,8,car,722.56,285.7,757.52,341.38,0,0,0,0,manual
4588,9,motorcycle,1577.75,535.37,1612.71,561.27,0,0,0,0,manual
4589,7,motorcycle,1522.17,492.9,1557.06,520.07,0,0,0,0,file
4589,8,car,722.78,287.26,757.74,342.94,0,0,0,0,manual
4589,9,motorcycle,1576.34,535.11,1611.3,561.01,0,0,0,0,manual
4590,7,motorcycle,1523.69,492.87,1558.58,520.04,0,0,1,0,file
4590,8,car,723.01,288.81,757.97,344.49,0,0,1,0,manual
4590,9,motorcycle,1574.93,534.85,1609.89,560.75,0,0,0,0,manual
4591,7,motorcycle,1525.19,492.85,1560.08,520.02,0,0,0,0,file
4591,8,car,723.44,289.34,758.4,345.02,0,0,0,0,manual
4591,9,motorcycle,1573.52,534.59,1608.48,560.49,0,0,0,0,manual
4592,7,motorcycle,1526.69,492.84,1561.58,520.01,0,0,0,0,file
4592,8,car,723.87,289.87,758.83,345.55,0,0,0,0,manual
4592,9,motorcycle,1572.12,534.33,1607.08,560.23,0,0,0,0,manual
4593,7,motorcycle,1528.2,492.82,1563.09,519.99,0,0,0,0,file
4593,8,car,724.3,290.4,759.26,346.08,0,0,0,0,manual
4593,9,motorcycle,1570.71,534.07,1605.67,559.97,0,0,0,0,manual
4594,7,motorcycle,1529.7,492.81,1564.59,519.98,0,0,0,0,file
4594,8,car,724.73,290.93,759.69,346.61,0,0,0,0,manual
4594,9,motorcycle,1569.3,533.81,1604.26,559.71,0,0,0,0,manual
4595,7,motorcycle,1531.2,492.79,1566.09,519.96,0,0,0,0,file
4595,8,car,725.16,291.45,760.12,347.13,0,0,0,0,manual
4595,9,motorcycle,1567.89,533.55,1602.85,559.45,0,0,0,0,manual
4596,7,motorcycle,1532.7,492.77,1567.59,519.94,0,0,0,0,file
4596,8,car,725.59,291.98,760.55,347.66,0,0,0,0,manual
4596,9,motorcycle,1566.48,533.3,1601.44,559.2,0,0,0,0,manual
4597,7,motorcycle,1534.21,492.76,1569.1,519.93,0,0,0,0,file
4597,8,car,726.01,292.51,760.97,348.19,0,0,0,0,manual
4597,9,motorcycle,1565.07,533.04,1600.03,558.94,0,0,0,0,manual
4598,7,motorcycle,1535.71,492.74,1570.6,519.91,0,0,0,0,file
4598,8,car,726.44,293.04,761.4,348.72,0,0,0,0,manual
4598,9,motorcycle,1563.67,532.78,1598.63,558.68,0,0,0,0,manual
4599,7,motorcycle,1537.21,492.72,1572.1,519.89,0,0,0,0,file
4599,8,car,726.87,293.57,761.83,349.25,0,0,0,0,manual
4599,9,motorcycle,1562.26,532.52,1597.22,558.42,0,0,0,0,manual
4600,7,motorcycle,1538.71,492.71,1573.6,519.88,0,0,0,0,file
4600,8,car,727.3,294.1,762.26,349.78,0,0,0,0,manual
4600,9,motorcycle,1560.85,532.26,1595.81,558.16,0,0,1,0,manual
4601,7,motorcycle,1540.21,492.69,1575.1,519.86,0,0,0,0,file
4601,8,car,727.73,294.63,762.69,350.31,0,0,0,0,manual
4601,9,motorcycle,1558.69,532.32,1593.65,558.22,0,0,0,0,manual
4602,7,motorcycle,1541.72,492.68,1576.61,519.85,0,0,0,0,file
4602,8,car,728.16,295.16,763.12,350.84,0,0,1,0,manual
4602,9,motorcycle,1556.53,532.39,1591.49,558.29,0,0,0,0,manual
4603,7,motorcycle,1543.22,492.66,1578.11,519.83,0,0,0,0,file
4603,8,car,728.26,295.82,763.22,351.5,0,0,0,0,manual
4603,9,motorcycle,1554.38,532.45,1589.34,558.35,0,0,0,0,manual
4604,7,motorcycle,1544.72,492.64,1579.61,519.81,0,0,0,0,file
4604,8,car,728.37,296.49,763.33,352.17,0,0,0,0,manual
4604,9,motorcycle,1552.22,532.52,1587.18,558.42,0,0,0,0,manual
4605,7,motorcycle,1546.22,492.63,1581.11,519.8,0,0,0,0,file
4605,8,car,728.47,297.15,763.43,352.83,0,0,0,0,manual
4605,9,motorcycle,1550.06,532.58,1585.02,558.48,0,0,0,0,manual
4606,7,motorcycle,1547.73,492.61,1582.62,519.78,0,0,0,0,file
4606,8,car,728.57,297.82,763.53,353.5,0,0,0,0,manual
4606,9,motorcycle,1547.9,532.65,1582.86,558.55,0,0,0,0,manual
4607,7,motorcycle,1549.23,492.6,1584.12,519.77,0,0,0,0,file
4607,8,car,728.68,298.48,763.64,354.16,0,0,0,0,manual
4607,9,motorcycle,1545.74,532.71,1580.7,558.61,0,0,0,0,manual
4608,7,motorcycle,1550.73,492.58,1585.62,519.75,0,0,0,0,file
4608,8,car,728.78,299.15,763.74,354.83,0,0,0,0,manual
4608,9,motorcycle,1543.58,532.78,1578.54,558.68,0,0,0,0,manual
4609,7,motorcycle,1552.23,492.56,1587.12,519.73,0,0,0,0,file
4609,8,car,728.88,299.82,763.84,355.5,0,0,0,0,manual
4609,9,motorcycle,1541.42,532.84,1576.39,558.74,0,0,0,0,manual
4610,7,motorcycle,1553.74,492.55,1588.62,519.72,0,0,0,0,file
4610,8,car,728.99,300.48,763.95,356.16,0,0,0,0,manual
4610,9,motorcycle,1539.27,532.91,1574.23,558.81,0,0,0,0,manual
4611,7,motorcycle,1555.24,492.53,1590.13,519.7,0,0,0,0,file
4611,8,car,729.09,301.15,764.05,356.83,0,0,0,0,manual
4611,9,motorcycle,1537.11,532.97,1572.07,558.87,0,0,0,0,manual
4612,7,motorcycle,1556.74,492.52,1591.63,519.69,0,0,0,0,file
4612,8,car,729.19,301.81,764.15,357.49,0,0,0,0,manual
4612,9,motorcycle,1534.95,533.04,1569.91,558.94,0,0,0,0,manual
4613,7,motorcycle,1558.24,492.5,1593.13,519.67,0,0,0,0,file
4613,8,car,729.3,302.48,764.26,358.16,0,0,0,0,manual
4613,9,motorcycle,1532.79,533.1,1567.75,559.0,0,0,0,0,manual
4614,7,motorcycle,1559.74,492.48,1594.63,519.65,0,0,0,0,file
4614,8,car,729.4,303.15,764.36,358.83,0,0,0,0,manual
4614,9,motorcycle,1530.63,533.17,1565.6,559.07,0,0,0,0,manual
4615,7,motorcycle,1561.25,492.47,1596.14,519.64,0,0,0,0,file
4615,8,car,729.5,303.81,764.46,359.49,0,0,0,0,manual
4615,9,motorcycle,1528.47,533.23,1563.44,559.13,0,0,0,0,manual
4616,7,motorcycle,1562.75,492.45,1597.64,519.62,0,0,0,0,file
4616,8,car,729.6,304.48,764.56,360.16,0,0,0,0,manual
4616,9,motorcycle,1526.32,533.29,1561.28,559.19,0,0,0,0,manual
4617,7,motorcycle,1564.25,492.43,1599.14,519.6,0,0,0,0,file
4617,8,car,729.71,305.14,764.67,360.82,0,0,0,0,manual
4617,9,motorcycle,1524.16,533.36,1559.12,559.26,0,0,0,0,manual
4618,7,motorcycle,1565.75,492.42,1600.64,519.59,0,0,0,0,file
4618,8,car,729.81,305.81,764.77,361.49,0,0,0,0,manual
4618,9,motorcycle,1522.0,533.42,1556.96,559.32,0,0,0,0,manual
4619,7,motorcycle,1567.26,492.4,1602.15,519.57,0,0,0,0,file
4619,8,car,729.91,306.48,764.87,362.16,0,0,0,0,manual
4619,9,motorcycle,1519.84,533.49,1554.8,559.39,0,0,0,0,manual
4620,7,motorcycle,1568.76,492.39,1603.65,519.56,0,0,0,0,file
4620,8,car,730.02,307.14,764.98,362.82,0,0,0,0,manual
4620,9,motorcycle,1517.68,533.55,1552.65,559.45,0,0,0,0,manual
4621,7,motorcycle,1570.26,492.37,1605.15,519.54,0,0,0,0,file
4621,8,car,730.12,307.81,765.08,363.49,0,0,0,0,manual
4621,9,motorcycle,1515.52,533.62,1550.49,559.52,0,0,0,0,manual
4622,7,motorcycle,1571.76,492.35,1606.65,519.52,0,0,0,0,file
4622,8,car,730.22,308.47,765.18,364.15,0,0,0,0,manual
4622,9,motorcycle,1513.37,533.68,1548.33,559.58,0,0,0,0,manual
4623,7,motorcycle,1573.26,492.34,1608.15,519.51,0,0,0,0,file
4623,8,car,730.33,309.14,765.29,364.82,0,0,0,0,manual
4623,9,motorcycle,1511.21,533.75,1546.17,559.65,0,0,0,0,manual
4624,7,motorcycle,1574.77,492.32,1609.66,519.49,0,0,0,0,file
4624,8,car,730.43,309.8,765.39,365.48,0,0,0,0,manual
4624,9,motorcycle,1509.05,533.81,1544.01,559.71,0,0,0,0,manual
4625,7,motorcycle,1576.27,492.31,1611.16,519.48,0,0,0,0,file
4625,8,car,730.53,310.47,765.49,366.15,0,0,0,0,manual
4625,9,motorcycle,1506.89,533.88,1541.86,559.78,0,0,0,0,manual
4626,7,motorcycle,1577.77,492.29,1612.66,519.46,0,0,0,0,file
4626,8,car,730.64,311.14,765.6,366.82,0,0,0,0,manual
4626,9,motorcycle,1504.73,533.94,1539.7,559.84,0,0,0,0,manual
4627,7,motorcycle,1579.27,492.27,1614.16,519.44,0,0,0,0,file
4627,8,car,730.74,311.8,765.7,367.48,0,0,0,0,manual
4627,9,motorcycle,1502.57,534.01,1537.54,559.91,0,0,0,0,manual
4628,7,motorcycle,1580.78,492.26,1615.67,519.43,0,0,0,0,file
4628,8,car,730.84,312.47,765.8,368.15,0,0,0,0,manual
4628,9,motorcycle,1500.42,534.07,1535.38,559.97,0,0,0,0,manual
4629,7,motorcycle,1582.28,492.24,1617.17,519.41,0,0,0,0,file
4629,8,car,730.94,313.13,765.9,368.81,0,0,0,0,manual
4629,9,motorcycle,1498.26,534.14,1533.22,560.04,0,0,0,0,manual
4630,7,motorcycle,1583.78,492.23,1618.67,519.39,0,0,0,0,file
4630,8,car,731.05,313.8,766.01,369.48,0,0,0,0,manual
4630,9,motorcycle,1496.1,534.2,1531.07,560.1,0,0,0,0,manual
4631,7,motorcycle,1585.28,492.21,1620.17,519.38,0,0,0,0,file
4631,8,car,731.15,314.47,766.11,370.15,0,0,0,0,manual
4631,9,motorcycle,1493.94,534.26,1528.91,560.16,0,0,0,0,manual
4632,7,motorcycle,1586.78,492.19,1621.67,519.36,0,0,0,0,file
4632,8,car,731.25,315.13,766.21,370.81,0,0,0,0,manual
4632,9,motorcycle,1491.78,534.33,1526.75,560.23,0,0,0,0,manual
4633,7,motorcycle,1588.29,492.18,1623.18,519.35,0,0,0,0,file
4633,8,car,731.36,315.8,766.32,371.48,0,0,0,0,manual
4633,9,motorcycle,1489.62,534.39,1524.59,560.29,0,0,0,0,manual
4634,7,motorcycle,1589.79,492.16,1624.68,519.33,0,0,0,0,file
4634,8,car,731.46,316.46,766.42,372.14,0,0,0,0,manual
4634,9,motorcycle,1487.47,534.46,1522.43,560.36,0,0,0,0,manual
4635,7,motorcycle,1591.29,492.14,1626.18,519.31,0,0,0,0,file
4635,8,car,731.56,317.13,766.52,372.81,0,0,0,0,manual
4635,9,motorcycle,1485.31,534.52,1520.27,560.42,0,0,0,0,manual
4636,7,motorcycle,1592.79,492.13,1627.68,519.3,0,0,0,0,file
4636,8,car,731.67,317.8,766.63,373.48,0,0,0,0,manual
4636,9,motorcycle,1483.15,534.59,1518.12,560.49,0,0,0,0,manual
4637,7,motorcycle,1594.3,492.11,1629.19,519.28,0,0,0,0,file
4637,8,car,731.77,318.46,766.73,374.14,0,0,0,0,manual
4637,9,motorcycle,1480.99,534.65,1515.96,560.55,0,0,0,0,manual
4638,7,motorcycle,1595.8,492.1,1630.69,519.27,0,0,0,0,file
4638,8,car,731.87,319.13,766.83,374.81,0,0,0,0,manual
4638,9,motorcycle,1478.83,534.72,1513.8,560.62,0,0,0,0,manual
4639,7,motorcycle,1597.3,492.08,1632.19,519.25,0,0,0,0,file
4639,8,car,731.98,319.79,766.94,375.47,0,0,0,0,manual
4639,9,motorcycle,1476.67,534.78,1511.64,560.68,0,0,0,0,manual
4640,7,motorcycle,1598.8,492.06,1633.69,519.23,0,0,0,0,file
4640,8,car,732.08,320.46,767.04,376.14,0,0,0,0,manual
4640,9,motorcycle,1474.52,534.85,1509.48,560.75,0,0,0,0,manual
4641,7,motorcycle,1600.3,492.05,1635.19,519.22,0,0,0,0,file
4641,8,car,732.18,321.12,767.14,376.8,0,0,0,0,manual
4641,9,motorcycle,1472.36,534.91,1507.33,560.81,0,0,0,0,manual
4642,7,motorcycle,1601.81,492.03,1636.7,519.2,0,0,0,0,file
4642,8,car,732.28,321.79,767.24,377.47,0,0,0,0,manual
4642,9,motorcycle,1470.2,534.98,1505.17,560.88,0,0,0,0,manual
4643,7,motorcycle,1603.31,492.02,1638.2,519.19,0,0,0,0,file
4643,8,car,732.39,322.46,767.35,378.14,0,0,0,0,manual
4643,9,motorcycle,1468.04,535.04,1503.01,560.94,0,0,0,0,manual
4644,7,motorcycle,1604.81,492.0,1639.7,519.17,0,0,0,0,file
4644,8,car,732.49,323.12,767.45,378.8,0,0,0,0,manual
4644,9,motorcycle,1465.88,535.11,1500.85,561.01,0,0,0,0,manual
4645,7,motorcycle,1606.31,491.98,1641.2,519.15,0,0,0,0,file
4645,8,car,732.59,323.79,767.55,379.47,0,0,0,0,manual
4645,9,motorcycle,1463.72,535.17,1498.69,561.07,0,0,0,0,manual
4646,7,motorcycle,1607.82,491.97,1642.71,519.14,0,0,0,0,file
4646,8,car,732.7,324.45,767.66,380.13,0,0,0,0,manual
4646,9,motorcycle,1461.57,535.23,1496.53,561.13,0,0,0,0,manual
4647,7,motorcycle,1609.32,491.95,1644.21,519.12,0,0,0,0,file
4647,8,car,732.8,325.12,767.76,380.8,0,0,0,0,manual
4647,9,motorcycle,1459.41,535.3,1494.38,561.2,0,0,0,0,manual
4648,7,motorcycle,1610.82,491.93,1645.71,519.1,0,0,0,0,file
4648,8,car,732.9,325.79,767.86,381.47,0,0,0,0,manual
4648,9,motorcycle,1457.25,535.36,1492.22,561.26,0,0,0,0,manual
4649,7,motorcycle,1612.32,491.92,1647.21,519.09,0,0,0,0,file
4649,8,car,733.01,326.45,767.97,382.13,0,0,0,0,manual
4649,9,motorcycle,1455.09,535.43,1490.06,561.33,0,0,0,0,manual
4650,7,motorcycle,1613.82,491.9,1648.71,519.07,0,0,0,0,file
4650,8,car,733.11,327.12,768.07,382.8,0,0,0,0,manual
4650,9,motorcycle,1452.93,535.49,1487.9,561.39,0,0,0,0,manual
4651,7,motorcycle,1615.33,491.89,1650.22,519.06,0,0,0,0,file
4651,8,car,733.21,327.78,768.17,383.46,0,0,0,0,manual
4651,9,motorcycle,1450.77,535.56,1485.74,561.46,0,0,0,0,manual
4652,7,motorcycle,1616.83,491.87,1651.72,519.04,0,0,0,0,file
4652,8,car,733.32,328.45,768.28,384.13,0,0,1,0,manual
4652,9,motorcycle,1448.62,535.62,1483.59,561.52,0,0,0,0,manual
4653,7,motorcycle,1618.33,491.85,1653.22,519.02,0,0,0,0,file
4653,8,car,733.32,329.04,768.28,384.72,0,0,0,0,manual
4653,9,motorcycle,1446.46,535.69,1481.43,561.59,0,0,0,0,manual
4654,7,motorcycle,1619.83,491.84,1654.72,519.01,0,0,0,0,file
4654,8,car,733.32,329.64,768.28,385.32,0,0,0,0,manual
4654,9,motorcycle,1444.3,535.75,1479.27,561.65,0,0,0,0,manual
4655,7,motorcycle,1621.34,491.82,1656.23,518.99,0,0,0,0,file
4655,8,car,733.32,330.23,768.28,385.91,0,0,0,0,manual
4655,9,motorcycle,1442.14,535.82,1477.11,561.72,0,0,0,0,manual
4656,7,motorcycle,1622.84,491.81,1657.73,518.98,0,0,0,0,file
4656,8,car,733.32,330.82,768.28,386.5,0,0,0,0,manual
4656,9,motorcycle,1439.98,535.88,1474.95,561.78,0,0,0,0,manual
4657,7,motorcycle,1624.34,491.79,1659.23,518.96,0,0,0,0,file
4657,8,car,733.32,331.42,768.28,387.1,0,0,0,0,manual
4657,9,motorcycle,1437.82,535.95,1472.79,561.85,0,0,0,0,manual
4658,7,motorcycle,1625.84,491.77,1660.73,518.94,0,0,0,0,file
4658,8,car,733.32,332.01,768.28,387.69,0,0,0,0,manual
4658,9,motorcycle,1435.67,536.01,1470.64,561.91,0,0,0,0,manual
4659,7,motorcycle,1627.35,491.76,1662.24,518.93,0,0,0,0,file
4659,8,car,733.32,332.6,768.28,388.28,0,0,0,0,manual
4659,9,motorcycle,1433.51,536.08,1468.48,561.98,0,0,0,0,manual
4660,7,motorcycle,1628.85,491.74,1663.74,518.91,0,0,0,0,file
4660,8,car,733.32,333.2,768.28,388.88,0,0,0,0,manual
4660,9,motorcycle,1431.35,536.14,1466.32,562.04,0,0,1,0,manual
4661,7,motorcycle,1630.35,491.73,1665.24,518.9,0,0,0,0,file
4661,8,car,733.32,333.79,768.28,389.47,0,0,0,0,manual
4661,9,motorcycle,1428.92,536.24,1463.89,562.14,0,0,0,0,manual
4662,7,motorcycle,1631.85,491.71,1666.74,518.88,0,0,0,0,file
4662,8,car,733.32,334.38,768.28,390.06,0,0,0,0,manual
4662,9,motorcycle,1426.49,536.33,1461.46,562.23,0,0,0,0,manual
4663,7,motorcycle,1633.35,491.69,1668.24,518.86,0,0,0,0,file
4663,8,car,733.33,334.98,768.29,390.66,0,0,0,0,manual
4663,9,motorcycle,1424.07,536.43,1459.04,562.33,0,0,0,0,manual
4664,7,motorcycle,1634.86,491.68,1669.75,518.85,0,0,0,0,file
4664,8,car,733.33,335.57,768.29,391.25,0,0,0,0,manual
4664,9,motorcycle,1421.64,536.53,1456.61,562.43,0,0,0,0,manual
4665,7,motorcycle,1636.36,491.66,1671.25,518.83,0,0,0,0,file
4665,8,car,733.33,336.16,768.29,391.84,0,0,0,0,manual
4665,9,motorcycle,1419.21,536.63,1454.18,562.53,0,0,0,0,manual
4666,7,motorcycle,1637.86,491.64,1672.75,518.81,0,0,0,0,file
4666,8,car,733.33,336.76,768.29,392.44,0,0,0,0,manual
4666,9,motorcycle,1416.78,536.72,1451.75,562.62,0,0,0,0,manual
4667,7,motorcycle,1639.36,491.63,1674.25,518.8,0,0,0,0,file
4667,8,car,733.33,337.35,768.29,393.03,0,0,0,0,manual
4667,9,motorcycle,1414.35,536.82,1449.32,562.72,0,0,0,0,manual
4668,7,motorcycle,1640.87,491.61,1675.76,518.78,0,0,0,0,file
4668,8,car,733.33,337.94,768.29,393.62,0,0,0,0,manual
4668,9,motorcycle,1411.93,536.92,1446.9,562.82,0,0,0,0,manual
4669,7,motorcycle,1642.37,491.6,1677.26,518.77,0,0,0,0,file
4669,8,car,733.33,338.54,768.29,394.22,0,0,0,0,manual
4669,9,motorcycle,1409.5,537.02,1444.47,562.92,0,0,0,0,manual
4670,7,motorcycle,1643.87,491.58,1678.76,518.75,0,0,1,0,file
4670,8,car,733.33,339.13,768.29,394.81,0,0,0,0,manual
4670,9,motorcycle,1407.07,537.11,1442.04,563.01,0,0,0,0,manual
4671,7,motorcycle,1645.65,491.55,1680.54,518.72,0,0,0,0,file
4671,8,car,733.33,339.72,768.29,395.4,0,0,0,0,manual
4671,9,motorcycle,1404.64,537.21,1439.61,563.11,0,0,0,0,manual
4672,7,motorcycle,1647.42,491.52,1682.31,518.69,0,0,0,0,file
4672,8,car,733.33,340.32,768.29,396.0,0,0,0,0,manual
4672,9,motorcycle,1402.21,537.31,1437.18,563.21,0,0,0,0,manual
4673,7,motorcycle,1649.2,491.48,1684.09,518.65,0,0,0,0,file
4673,8,car,733.34,340.91,768.3,396.59,0,0,0,0,manual
4673,9,motorcycle,1399.79,537.4,1434.76,563.3,0,0,0,0,manual
4674,7,motorcycle,1650.98,491.45,1685.87,518.62,0,0,0,0,file
4674,8,car,733.34,341.5,768.3,397.18,0,0,0,0,manual
4674,9,motorcycle,1397.36,537.5,1432.33,563.4,0,0,0,0,manual
4675,7,motorcycle,1652.75,491.42,1687.64,518.59,0,0,0,0,file
4675,8,car,733.34,342.1,768.3,397.78,0,0,0,0,manual
4675,9,motorcycle,1394.93,537.6,1429.9,563.5,0,0,0,0,manual
4676,7,motorcycle,1654.53,491.39,1689.42,518.56,0,0,0,0,file
4676,8,car,733.34,342.69,768.3,398.37,0,0,0,0,manual
4676,9,motorcycle,1392.5,537.7,1427.47,563.6,0,0,0,0,manual
4677,7,motorcycle,1656.31,491.35,1691.2,518.52,0,0,0,0,file
4677,8,car,733.34,343.28,768.3,398.96,0,0,0,0,manual
4677,9,motorcycle,1390.07,537.79,1425.04,563.69,0,0,0,0,manual
4678,7,motorcycle,1658.08,491.32,1692.97,518.49,0,0,0,0,file
4678,8,car,733.34,343.88,768.3,399.56,0,0,0,0,manual
4678,9,motorcycle,1387.65,537.89,1422.62,563.79,0,0,0,0,manual
4679,7,motorcycle,1659.86,491.29,1694.75,518.46,0,0,0,0,file
4679,8,car,733.34,344.47,768.3,400.15,0,0,0,0,manual
4679,9,motorcycle,1385.22,537.99,1420.19,563.89,0,0,0,0,manual
4680,7,motorcycle,1661.64,491.26,1696.53,518.43,0,0,0,0,file
4680,8,car,733.34,345.06,768.3,400.74,0,0,0,0,manual
4680,9,motorcycle,1382.79,538.09,1417.76,563.98,0,0,0,0,manual
4681,7,motorcycle,1663.41,491.22,1698.3,518.39,0,0,0,0,file
4681,8,car,733.34,345.66,768.3,401.34,0,0,0,0,manual
4681,9,motorcycle,1380.36,538.18,1415.33,564.08,0,0,0,0,manual
4682,7,motorcycle,1665.19,491.19,1700.08,518.36,0,0,0,0,file
4682,8,car,733.34,346.25,768.3,401.93,0,0,1,0,manual
4682,9,motorcycle,1377.93,538.28,1412.9,564.18,0,0,0,0,manual
4683,7,motorcycle,1666.97,491.16,1701.86,518.33,0,0,0,0,file
4683,8,car,733.34,346.47,768.3,402.15,0,0,0,0,manual
4683,9,motorcycle,1375.51,538.38,1410.48,564.28,0,0,0,0,manual
4684,7,motorcycle,1668.74,491.13,1703.63,518.3,0,0,0,0,file
4684,8,car,733.35,346.68,768.31,402.36,0,0,0,0,manual
4684,9,motorcycle,1373.08,538.47,1408.05,564.37,0,0,0,0,manual
4685,7,motorcycle,1670.52,491.09,1705.41,518.26,0,0,0,0,file
4685,8,car,733.35,346.89,768.31,402.57,0,0,0,0,manual
4685,9,motorcycle,1370.65,538.57,1405.62,564.47,0,0,0,0,manual
4686,7,motorcycle,1672.3,491.06,1707.19,518.23,0,0,0,0,file
4686,8,car,733.35,347.11,768.31,402.79,0,0,0,0,manual
4686,9,motorcycle,1368.22,538.67,1403.19,564.57,0,0,0,0,manual
4687,7,motorcycle,1674.07,491.03,1708.96,518.2,0,0,0,0,file
4687,8,car,733.35,347.32,768.31,403.0,0,0,0,0,manual
4687,9,motorcycle,1365.79,538.77,1400.76,564.67,0,0,0,0,manual
4688,7,motorcycle,1675.85,491.0,1710.74,518.17,0,0,0,0,file
4688,8,car,733.35,347.54,768.31,403.22,0,0,0,0,manual
4688,9,motorcycle,1363.37,538.86,1398.34,564.76,0,0,0,0,manual
4689,7,motorcycle,1677.63,490.96,1712.52,518.13,0,0,0,0,file
4689,8,car,733.35,347.75,768.31,403.43,0,0,0,0,manual
4689,9,motorcycle,1360.94,538.96,1395.91,564.86,0,0,0,0,manual
4690,7,motorcycle,1679.4,490.93,1714.3,518.1,0,0,0,0,file
4690,8,car,733.35,347.97,768.31,403.65,0,0,0,0,manual
4690,9,motorcycle,1358.51,539.06,1393.48,564.96,0,0,0,0,manual
4691,7,motorcycle,1681.18,490.9,1716.07,518.07,0,0,0,0,file
4691,8,car,733.35,348.18,768.31,403.86,0,0,0,0,manual
4691,9,motorcycle,1356.08,539.15,1391.05,565.05,0,0,0,0,manual
4692,7,motorcycle,1682.96,490.87,1717.85,518.04,0,0,0,0,file
4692,8,car,733.35,348.4,768.31,404.08,0,0,0,0,manual
4692,9,motorcycle,1353.65,539.25,1388.62,565.15,0,0,0,0,manual
4693,7,motorcycle,1684.74,490.84,1719.63,518.01,0,0,0,0,file
4693,8,car,733.35,348.61,768.31,404.29,0,0,0,0,manual
4693,9,motorcycle,1351.23,539.35,1386.2,565.25,0,0,0,0,manual
4694,7,motorcycle,1686.51,490.8,1721.4,517.97,0,0,0,0,file
4694,8,car,733.36,348.83,768.32,404.51,0,0,0,0,manual
4694,9,motorcycle,1348.8,539.45,1383.77,565.35,0,0,0,0,manual
4695,7,motorcycle,1688.29,490.77,1723.18,517.94,0,0,0,0,file
4695,8,car,733.36,349.04,768.32,404.72,0,0,0,0,manual
4695,9,motorcycle,1346.37,539.54,1381.34,565.44,0,0,0,0,manual
4696,7,motorcycle,1690.07,490.74,1724.96,517.91,0,0,0,0,file
4696,8,car,733.36,349.26,768.32,404.94,0,0,0,0,manual
4696,9,motorcycle,1343.94,539.64,1378.91,565.54,0,0,0,0,manual
4697,7,motorcycle,1691.84,490.71,1726.73,517.88,0,0,0,0,file
4697,8,car,733.36,349.47,768.32,405.15,0,0,0,0,manual
4697,9,motorcycle,1341.51,539.74,1376.48,565.64,0,0,0,0,manual
4698,7,motorcycle,1693.62,490.67,1728.51,517.84,0,0,0,0,file
4698,8,car,733.36,349.68,768.32,405.36,0,0,0,0,manual
4698,9,motorcycle,1339.09,539.84,1374.06,565.74,0,0,0,0,manual
4699,7,motorcycle,1695.4,490.64,1730.29,517.81,0,0,0,0,file
4699,8,car,733.36,349.9,768.32,405.58,0,0,0,0,manual
4699,9,motorcycle,1336.66,539.93,1371.63,565.83,0,0,0,0,manual
4700,7,motorcycle,1697.17,490.61,1732.06,517.78,0,0,0,0,file
4700,8,car,733.36,350.11,768.32,405.79,0,0,0,0,manual
4700,9,motorcycle,1334.23,540.03,1369.2,565.93,0,0,1,0,manual
4701,7,motorcycle,1698.95,490.58,1733.84,517.75,0,0,0,0,file
4701,8,car,733.36,350.33,768.32,406.01,0,0,0,0,manual
4701,9,motorcycle,1331.8,540.13,1366.77,566.03,0,0,0,0,manual
4702,7,motorcycle,1700.73,490.54,1735.62,517.71,0,0,0,0,file
4702,8,car,733.36,350.54,768.32,406.22,0,0,0,0,manual
4702,9,motorcycle,1329.37,540.22,1364.34,566.12,0,0,0,0,manual
4703,7,motorcycle,1702.5,490.51,1737.39,517.68,0,0,0,0,file
4703,8,car,733.36,350.76,768.32,406.44,0,0,0,0,manual
4703,9,motorcycle,1326.95,540.32,1361.92,566.22,0,0,0,0,manual
4704,7,motorcycle,1704.28,490.48,1739.17,517.65,0,0,0,0,file
4704,8,car,733.36,350.97,768.32,406.65,0,0,0,0,manual
4704,9,motorcycle,1324.52,540.42,1359.49,566.32,0,0,0,0,manual
4705,7,motorcycle,1706.06,490.45,1740.95,517.62,0,0,0,0,file
4705,8,car,733.37,351.19,768.33,406.87,0,0,0,0,manual
4705,9,motorcycle,1322.09,540.51,1357.06,566.41,0,0,0,0,manual
4706,7,motorcycle,1707.83,490.41,1742.72,517.58,0,0,0,0,file
4706,8,car,733.37,351.4,768.33,407.08,0,0,0,0,manual
4706,9,motorcycle,1319.66,540.61,1354.63,566.51,0,0,0,0,manual
4707,7,motorcycle,1709.61,490.38,1744.5,517.55,0,0,0,0,file
4707,8,car,733.37,351.62,768.33,407.3,0,0,0,0,manual
4707,9,motorcycle,1317.23,540.71,1352.2,566.61,0,0,0,0,manual
4708,7,motorcycle,1711.39,490.35,1746.28,517.52,0,0,0,0,file
4708,8,car,733.37,351.83,768.33,407.51,0,0,0,0,manual
4708,9,motorcycle,1314.81,540.81,1349.77,566.71,0,0,0,0,manual
4709,7,motorcycle,1713.16,490.32,1748.05,517.49,0,0,0,0,file
4709,8,car,733.37,352.05,768.33,407.73,0,0,0,0,manual
4709,9,motorcycle,1312.38,540.9,1347.35,566.8,0,0,0,0,manual
4710,7,motorcycle,1714.94,490.28,1749.83,517.45,0,0,0,0,file
4710,8,car,733.37,352.26,768.33,407.94,0,0,1,0,manual
4710,9,motorcycle,1309.95,541.0,1344.92,566.9,0,0,0,0,manual
4711,7,motorcycle,1716.72,490.25,1751.61,517.42,0,0,0,0,file
4711,8,car,733.4,352.74,768.36,408.42,0,0,0,0,manual
4711,9,motorcycle,1307.52,541.1,1342.49,567.0,0,0,0,0,manual
4712,7,motorcycle,1718.49,490.22,1753.38,517.39,0,0,0,0,file
4712,8,car,733.42,353.22,768.38,408.9,0,0,0,0,manual
4712,9,motorcycle,1305.09,541.19,1340.06,567.09,0,0,0,0,manual
4713,7,motorcycle,1720.27,490.19,1755.16,517.36,0,0,0,0,file
4713,8,car,733.45,353.7,768.41,409.38,0,0,0,0,manual
4713,9,motorcycle,1302.67,541.29,1337.63,567.19,0,0,0,0,manual
4714,7,motorcycle,1722.05,490.16,1756.94,517.33,0,0,0,0,file
4714,8,car,733.47,354.18,768.43,409.86,0,0,0,0,manual
4714,9,motorcycle,1300.24,541.39,1335.2,567.29,0,0,0,0,manual
4715,7,motorcycle,1723.82,490.12,1758.71,517.29,0,0,0,0,file
4715,8,car,733.5,354.66,768.46,410.34,0,0,0,0,manual
4715,9,motorcycle,1297.81,541.49,1332.78,567.38,0,0,0,0,manual
4716,7,motorcycle,1725.6,490.09,1760.49,517.26,0,0,0,0,file
4716,8,car,733.53,355.13,768.49,410.82,0,0,0,0,manual
4716,9,motorcycle,1295.38,541.58,1330.35,567.48,0,0,0,0,manual
4717,7,motorcycle,1727.38,490.06,1762.27,517.23,0,0,0,0,file
4717,8,car,733.55,355.61,768.51,411.29,0,0,0,0,manual
4717,9,motorcycle,1292.95,541.68,1327.92,567.58,0,0,0,0,manual
4718,7,motorcycle,1729.15,490.03,1764.04,517.2,0,0,0,0,file
4718,8,car,733.58,356.09,768.54,411.77,0,0,0,0,manual
4718,9,motorcycle,1290.53,541.78,1325.49,567.68,0,0,0,0,manual
4719,7,motorcycle,1730.93,489.99,1765.82,517.16,0,0,0,0,file
4719,8,car,733.6,356.57,768.56,412.25,0,0,0,0,manual
4719,9,motorcycle,1288.1,541.87,1323.06,567.77,0,0,0,0,manual
4720,7,motorcycle,1732.71,489.96,1767.6,517.13,0,0,0,0,file
4720,8,car,733.63,357.05,768.59,412.73,0,0,0,0,manual
4720,9,motorcycle,1285.67,541.97,1320.63,567.87,0,0,0,0,manual
4721,7,motorcycle,1734.48,489.93,1769.37,517.1,0,0,0,0,file
4721,8,car,733.65,357.53,768.61,413.21,0,0,0,0,manual
4721,9,motorcycle,1283.24,542.07,1318.21,567.97,0,0,0,0,manual
4722,7,motorcycle,1736.26,489.9,1771.15,517.07,0,0,0,0,file
4722,8,car,733.68,358.01,768.64,413.69,0,0,0,0,manual
4722,9,motorcycle,1280.81,542.16,1315.78,568.06,0,0,0,0,manual
4723,7,motorcycle,1738.04,489.86,1772.93,517.03,0,0,0,0,file
4723,8,car,733.71,358.49,768.67,414.17,0,0,0,0,manual
4723,9,motorcycle,1278.39,542.26,1313.35,568.16,0,0,0,0,manual
4724,7,motorcycle,1739.81,489.83,1774.7,517.0,0,0,0,0,file
4724,8,car,733.73,358.97,768.69,414.65,0,0,0,0,manual
4724,9,motorcycle,1275.96,542.36,1310.92,568.26,0,0,0,0,manual
4725,7,motorcycle,1741.59,489.8,1776.48,516.97,0,0,0,0,file
4725,8,car,733.76,359.45,768.72,415.13,0,0,0,0,manual
4725,9,motorcycle,1273.53,542.45,1308.49,568.35,0,0,0,0,manual
4726,7,motorcycle,1743.37,489.77,1778.26,516.94,0,0,0,0,file
4726,8,car,733.78,359.93,768.74,415.61,0,0,0,0,manual
4726,9,motorcycle,1271.1,542.55,1306.07,568.45,0,0,0,0,manual
4727,7,motorcycle,1745.14,489.73,1780.03,516.9,0,0,0,0,file
4727,8,car,733.81,360.4,768.77,416.09,0,0,0,0,manual
4727,9,motorcycle,1268.67,542.65,1303.64,568.55,0,0,0,0,manual
4728,7,motorcycle,1746.92,489.7,1781.81,516.87,0,0,0,0,file
4728,8,car,733.84,360.88,768.8,416.57,0,0,0,0,manual
4728,9,motorcycle,1266.25,542.75,1301.21,568.65,0,0,0,0,manual
4729,7,motorcycle,1748.7,489.67,1783.59,516.84,0,0,0,0,file
4729,8,car,733.86,361.36,768.82,417.04,0,0,0,0,manual
4729,9,motorcycle,1263.82,542.84,1298.78,568.74,0,0,0,0,manual
4730,7,motorcycle,1750.47,489.64,1785.37,516.81,0,0,0,0,file
4730,8,car,733.89,361.84,768.85,417.52,0,0,0,0,manual
4730,9,motorcycle,1261.39,542.94,1296.35,568.84,0,0,0,0,manual
4731,7,motorcycle,1752.25,489.61,1787.14,516.78,0,0,0,0,file
4731,8,car,733.91,362.32,768.87,418.0,0,0,0,0,manual
4731,9,motorcycle,1258.96,543.04,1293.92,568.94,0,0,0,0,manual
4732,7,motorcycle,1754.03,489.57,1788.92,516.74,0,0,0,0,file
4732,8,car,733.94,362.8,768.9,418.48,0,0,0,0,manual
4732,9,motorcycle,1256.53,543.13,1291.5,569.03,0,0,0,0,manual
4733,7,motorcycle,1755.81,489.54,1790.7,516.71,0,0,0,0,file
4733,8,car,733.97,363.28,768.93,418.96,0,0,0,0,manual
4733,9,motorcycle,1254.11,543.23,1289.07,569.13,0,0,0,0,manual
4734,7,motorcycle,1757.58,489.51,1792.47,516.68,0,0,0,0,file
4734,8,car,733.99,363.76,768.95,419.44,0,0,0,0,manual
4734,9,motorcycle,1251.68,543.33,1286.64,569.23,0,0,0,0,manual
4735,7,motorcycle,1759.36,489.48,1794.25,516.65,0,0,0,0,file
4735,8,car,734.02,364.24,768.98,419.92,0,0,0,0,manual
4735,9,motorcycle,1249.25,543.42,1284.21,569.32,0,0,0,0,manual
4736,7,motorcycle,1761.14,489.44,1796.03,516.61,0,0,0,0,file
4736,8,car,734.04,364.72,769.0,420.4,0,0,0,0,manual
4736,9,motorcycle,1246.82,543.52,1281.78,569.42,0,0,0,0,manual
4737,7,motorcycle,1762.91,489.41,1797.8,516.58,0,0,0,0,file
4737,8,car,734.07,365.2,769.03,420.88,0,0,0,0,manual
4737,9,motorcycle,1244.39,543.62,1279.35,569.52,0,0,0,0,manual
4738,7,motorcycle,1764.69,489.38,1799.58,516.55,0,0,0,0,file
4738,8,car,734.1,365.67,769.06,421.36,0,0,0,0,manual
4738,9,motorcycle,1241.97,543.72,1276.93,569.62,0,0,0,0,manual
4739,7,motorcycle,1766.47,489.35,1801.36,516.52,0,0,0,0,file
4739,8,car,734.12,366.15,769.08,421.84,0,0,0,0,manual
4739,9,motorcycle,1239.54,543.81,1274.5,569.71,0,0,0,0,manual
4740,7,motorcycle,1768.24,489.31,1803.13,516.48,0,0,0,0,file
4740,8,car,734.15,366.63,769.11,422.32,0,0,0,0,manual
4740,9,motorcycle,1237.11,543.91,1272.07,569.81,0,0,1,0,manual
4741,7,motorcycle,1770.02,489.28,1804.91,516.45,0,0,0,0,file
4741,8,car,734.17,367.11,769.13,422.8,0,0,0,0,manual
4741,9,motorcycle,1235.14,544.07,1270.1,569.97,0,0,0,0,manual
4742,7,motorcycle,1771.8,489.25,1806.69,516.42,0,0,0,0,file
4742,8,car,734.2,367.59,769.16,423.27,0,0,0,0,manual
4742,9,motorcycle,1233.16,544.23,1268.12,570.13,0,0,0,0,manual
4743,7,motorcycle,1773.57,489.22,1808.46,516.39,0,0,0,0,file
4743,8,car,734.22,368.07,769.18,423.75,0,0,0,0,manual
4743,9,motorcycle,1231.19,544.4,1266.15,570.3,0,0,0,0,manual
4744,7,motorcycle,1775.35,489.18,1810.24,516.35,0,0,0,0,file
4744,8,car,734.25,368.55,769.21,424.23,0,0,0,0,manual
4744,9,motorcycle,1229.21,544.56,1264.17,570.46,0,0,0,0,manual
4745,7,motorcycle,1777.13,489.15,1812.02,516.32,0,0,0,0,file
4745,8,car,734.28,369.03,769.24,424.71,0,0,0,0,manual
4745,9,motorcycle,1227.24,544.72,1262.2,570.62,0,0,0,0,manual
4746,7,motorcycle,1778.9,489.12,1813.79,516.29,0,0,0,0,file
4746,8,car,734.3,369.51,769.26,425.19,0,0,0,0,manual
4746,9,motorcycle,1225.26,544.88,1260.22,570.78,0,0,0,0,manual
4747,7,motorcycle,1780.68,489.09,1815.57,516.26,0,0,0,0,file
4747,8,car,734.33,369.99,769.29,425.67,0,0,0,0,manual
4747,9,motorcycle,1223.29,545.04,1258.25,570.94,0,0,0,0,manual
4748,7,motorcycle,1782.46,489.05,1817.35,516.22,0,0,0,0,file
4748,8,car,734.35,370.47,769.31,426.15,0,0,0,0,manual
4748,9,motorcycle,1221.31,545.21,1256.27,571.11,0,0,0,0,manual
4749,7,motorcycle,1784.23,489.02,1819.12,516.19,0,0,0,0,file
4749,8,car,734.38,370.94,769.34,426.63,0,0,0,0,manual
4749,9,motorcycle,1219.34,545.37,1254.3,571.27,0,0,0,0,manual
4750,7,motorcycle,1786.01,488.99,1820.9,516.16,0,0,1,0,file
4750,8,car,734.41,371.42,769.37,427.11,0,0,0,0,manual
4750,9,motorcycle,1217.36,545.53,1252.32,571.43,0,0,0,0,manual
4751,7,motorcycle,1787.82,488.99,1822.71,516.16,0,0,0,0,file
4751,8,car,734.43,371.9,769.39,427.59,0,0,0,0,manual
4751,9,motorcycle,1215.39,545.69,1250.35,571.59,0,0,0,0,manual
4752,7,motorcycle,1789.63,488.99,1824.52,516.16,0,0,0,0,file
4752,8,car,734.46,372.38,769.42,428.07,0,0,0,0,manual
4752,9,motorcycle,1213.41,545.85,1248.37,571.75,0,0,0,0,manual
4753,7,motorcycle,1791.44,488.99,1826.33,516.16,0,0,0,0,file
4753,8,car,734.48,372.86,769.44,428.55,0,0,0,0,manual
4753,9,motorcycle,1211.44,546.02,1246.4,571.92,0,0,0,0,manual
4754,7,motorcycle,1793.25,488.99,1828.14,516.16,0,0,0,0,file
4754,8,car,734.51,373.34,769.47,429.02,0,0,0,0,manual
4754,9,motorcycle,1209.46,546.18,1244.42,572.08,0,0,0,0,manual
4755,7,motorcycle,1795.06,488.99,1829.95,516.16,0,0,0,0,file
4755,8,car,734.54,373.82,769.5,429.5,0,0,0,0,manual
4755,9,motorcycle,1207.49,546.34,1242.45,572.24,0,0,0,0,manual
4756,7,motorcycle,1796.87,488.99,1831.76,516.16,0,0,0,0,file
4756,8,car,734.56,374.3,769.52,429.98,0,0,0,0,manual
4756,9,motorcycle,1205.51,546.5,1240.47,572.4,0,0,0,0,manual
4757,7,motorcycle,1798.68,488.99,1833.57,516.16,0,0,0,0,file
4757,8,car,734.59,374.78,769.55,430.46,0,0,0,0,manual
4757,9,motorcycle,1203.54,546.66,1238.5,572.56,0,0,0,0,manual
4758,7,motorcycle,1800.49,488.99,1835.38,516.16,0,0,0,0,file
4758,8,car,734.61,375.26,769.57,430.94,0,0,0,0,manual
4758,9,motorcycle,1201.56,546.83,1236.52,572.73,0,0,0,0,manual
4759,7,motorcycle,1802.3,488.99,1837.19,516.16,0,0,0,0,file
4759,8,car,734.64,375.74,769.6,431.42,0,0,0,0,manual
4759,9,motorcycle,1199.59,546.99,1234.55,572.89,0,0,0,0,manual
4760,7,motorcycle,1804.11,488.99,1839.0,516.16,0,0,1,0,file
4760,8,car,734.66,376.22,769.62,431.9,0,0,0,0,manual
4760,9,motorcycle,1197.61,547.15,1232.57,573.05,0,0,0,0,manual
4761,7,motorcycle,1804.11,488.99,1839.0,516.16,1,0,1,0,file
4761,8,car,734.69,376.69,769.65,432.38,0,0,0,0,manual
4761,9,motorcycle,1195.64,547.31,1230.6,573.21,0,0,0,0,manual
4762,8,car,734.72,377.17,769.68,432.86,0,0,0,0,manual
4762,9,motorcycle,1193.67,547.47,1228.63,573.37,0,0,0,0,manual
4762,25,motorcycle,756.95,593.06,781.64,620.49,0,0,1,0,manual
4762,26,motorcycle,761.07,567.01,785.75,594.44,0,0,1,0,manual
4762,27,motorcycle,772.04,549.18,795.35,576.61,0,0,1,0,manual
4763,8,car,734.74,377.65,769.7,433.34,0,0,0,0,manual
4763,9,motorcycle,1191.69,547.64,1226.65,573.54,0,0,0,0,manual
4763,25,motorcycle,756.13,591.88,780.81,619.31,0,0,0,0,manual
4763,26,motorcycle,760.79,566.16,785.48,593.59,0,0,0,0,manual
4763,27,motorcycle,771.63,548.18,794.94,575.61,0,0,0,0,manual
4764,8,car,734.77,378.13,769.73,433.82,0,0,0,0,manual
4764,9,motorcycle,1189.72,547.8,1224.68,573.7,0,0,0,0,manual
4764,25,motorcycle,755.31,590.71,779.99,618.13,0,0,0,0,manual
4764,26,motorcycle,760.52,565.31,785.2,592.74,0,0,0,0,manual
4764,27,motorcycle,771.21,547.19,794.53,574.62,0,0,0,0,manual
4765,8,car,734.79,378.61,769.75,434.3,0,0,0,0,manual
4765,9,motorcycle,1187.74,547.96,1222.7,573.86,0,0,0,0,manual
4765,25,motorcycle,754.48,589.53,779.17,616.95,0,0,0,0,manual
4765,26,motorcycle,760.24,564.46,784.93,591.88,0,0,0,0,manual
4765,27,motorcycle,770.8,546.2,794.12,573.62,0,0,0,0,manual
4766,8,car,734.82,379.09,769.78,434.78,0,0,0,0,manual
4766,9,motorcycle,1185.77,548.12,1220.73,574.02,0,0,0,0,manual
4766,25,motorcycle,753.66,588.35,778.35,615.78,0,0,0,0,manual
4766,26,motorcycle,759.97,563.61,784.65,591.03,0,0,0,0,manual
4766,27,motorcycle,770.39,545.2,793.71,572.63,0,0,0,0,manual
4767,8,car,734.85,379.57,769.81,435.25,0,0,0,0,manual
4767,9,motorcycle,1183.79,548.28,1218.75,574.18,0,0,0,0,manual
4767,25,motorcycle,752.84,587.17,777.52,614.6,0,0,0,0,manual
4767,26,motorcycle,759.69,562.76,784.38,590.18,0,0,0,0,manual
4767,27,motorcycle,769.98,544.21,793.29,571.64,0,0,0,0,manual
4768,8,car,734.87,380.05,769.83,435.73,0,0,0,0,manual
4768,9,motorcycle,1181.82,548.45,1216.78,574.35,0,0,0,0,manual
4768,25,motorcycle,752.01,585.99,776.7,613.42,0,0,0,0,manual
4768,26,motorcycle,759.42,561.91,784.11,589.33,0,0,0,0,manual
4768,27,motorcycle,769.57,543.21,792.88,570.64,0,0,0,0,manual
4769,8,car,734.9,380.53,769.86,436.21,0,0,0,0,manual
4769,9,motorcycle,1179.84,548.61,1214.8,574.51,0,0,0,0,manual
4769,25,motorcycle,751.19,584.81,775.88,612.24,0,0,0,0,manual
4769,26,motorcycle,759.15,561.05,783.83,588.48,0,0,0,0,manual
4769,27,motorcycle,769.16,542.22,792.47,569.65,0,0,0,0,manual
4770,8,car,734.92,381.01,769.88,436.69,0,0,0,0,manual
4770,9,motorcycle,1177.87,548.77,1212.83,574.67,0,0,0,0,manual
4770,25,motorcycle,750.37,583.63,775.05,611.06,0,0,0,0,manual
4770,26,motorcycle,758.87,560.2,783.56,587.63,0,0,0,0,manual
4770,27,motorcycle,768.75,541.22,792.06,568.65,0,0,0,0,manual
4771,8,car,734.95,381.49,769.91,437.17,0,0,0,0,manual
4771,9,motorcycle,1175.89,548.93,1210.85,574.83,0,0,0,0,manual
4771,25,motorcycle,749.55,582.45,774.23,609.88,0,0,0,0,manual
4771,26,motorcycle,758.6,559.35,783.28,586.78,0,0,0,0,manual
4771,27,motorcycle,768.33,540.23,791.65,567.66,0,0,0,0,manual
4772,8,car,734.98,381.96,769.94,437.65,0,0,0,0,manual
4772,9,motorcycle,1173.92,549.09,1208.88,574.99,0,0,0,0,manual
4772,25,motorcycle,748.72,581.27,773.41,608.7,0,0,0,0,manual
4772,26,motorcycle,758.32,558.5,783.01,585.93,0,0,0,0,manual
4772,27,motorcycle,767.92,539.24,791.24,566.66,0,0,0,0,manual
4773,8,car,735.0,382.44,769.96,438.13,0,0,0,0,manual
4773,9,motorcycle,1171.94,549.26,1206.9,575.16,0,0,0,0,manual
4773,25,motorcycle,747.9,580.09,772.59,607.52,0,0,0,0,manual
4773,26,motorcycle,758.05,557.65,782.73,585.08,0,0,0,0,manual
4773,27,motorcycle,767.51,538.24,790.83,565.67,0,0,0,0,manual
4774,8,car,735.03,382.92,769.99,438.61,0,0,0,0,manual
4774,9,motorcycle,1169.97,549.42,1204.93,575.32,0,0,0,0,manual
4774,25,motorcycle,747.08,578.91,771.76,606.34,0,0,0,0,manual
4774,26,motorcycle,757.77,556.8,782.46,584.23,0,0,0,0,manual
4774,27,motorcycle,767.1,537.25,790.41,564.68,0,0,0,0,manual
4775,8,car,735.05,383.4,770.01,439.09,0,0,0,0,manual
4775,9,motorcycle,1167.99,549.58,1202.95,575.48,0,0,0,0,manual
4775,25,motorcycle,746.25,577.73,770.94,605.16,0,0,0,0,manual
4775,26,motorcycle,757.5,555.95,782.19,583.38,0,0,0,0,manual
4775,27,motorcycle,766.69,536.25,790.0,563.68,0,0,0,0,manual
4776,8,car,735.08,383.88,770.04,439.57,0,0,0,0,manual
4776,9,motorcycle,1166.02,549.74,1200.98,575.64,0,0,0,0,manual
4776,25,motorcycle,745.43,576.55,770.12,603.98,0,0,0,0,manual
4776,26,motorcycle,757.23,555.1,781.91,582.53,0,0,0,0,manual
4776,27,motorcycle,766.28,535.26,789.59,562.69,0,0,0,0,manual
4777,8,car,735.11,384.36,770.07,440.05,0,0,0,0,manual
4777,9,motorcycle,1164.04,549.9,1199.0,575.8,0,0,0,0,manual
4777,25,motorcycle,744.61,575.37,769.29,602.8,0,0,0,0,manual
4777,26,motorcycle,756.95,554.25,781.64,581.68,0,0,0,0,manual
4777,27,motorcycle,765.87,534.26,789.18,561.69,0,0,0,0,manual
4778,8,car,735.13,384.84,770.09,440.53,0,0,0,0,manual
4778,9,motorcycle,1162.07,550.07,1197.03,575.97,0,0,0,0,manual
4778,25,motorcycle,743.79,574.19,768.47,601.62,0,0,0,0,manual
4778,26,motorcycle,756.68,553.4,781.36,580.83,0,0,0,0,manual
4778,27,motorcycle,765.45,533.27,788.77,560.7,0,0,0,0,manual
4779,8,car,735.16,385.32,770.12,441.0,0,0,0,0,manual
4779,9,motorcycle,1160.09,550.23,1195.05,576.13,0,0,0,0,manual
4779,25,motorcycle,742.96,573.01,767.65,600.44,0,0,0,0,manual
4779,26,motorcycle,756.4,552.55,781.09,579.98,0,0,0,0,manual
4779,27,motorcycle,765.04,532.28,788.36,559.7,0,0,0,0,manual
4780,8,car,735.18,385.8,770.14,441.48,0,0,0,0,manual
4780,9,motorcycle,1158.12,550.39,1193.08,576.29,0,0,1,0,manual
4780,25,motorcycle,742.14,571.83,766.83,599.26,0,0,0,0,manual
4780,26,motorcycle,756.13,551.7,780.81,579.13,0,0,0,0,manual
4780,27,motorcycle,764.63,531.28,787.95,558.71,0,0,0,0,manual
4781,8,car,735.21,386.28,770.17,441.96,0,0,0,0,manual
4781,9,motorcycle,1156.62,550.26,1191.66,576.16,0,0,0,0,manual
4781,25,motorcycle,741.32,570.66,766.0,598.08,0,0,0,0,manual
4781,26,motorcycle,755.85,550.85,780.54,578.28,0,0,0,0,manual
4781,27,motorcycle,764.22,530.29,787.53,557.72,0,0,0,0,manual
4782,8,car,735.23,386.76,770.19,442.44,0,0,0,0,manual
4782,9,motorcycle,1155.12,550.13,1190.23,576.03,0,0,0,0,manual
4782,25,motorcycle,740.49,569.48,765.18,596.9,0,0,0,0,manual
4782,26,motorcycle,755.58,550.0,780.27,577.43,0,0,0,0,manual
4782,27,motorcycle,763.81,529.29,787.12,556.72,0,0,0,0,manual
4783,8,car,735.26,387.23,770.22,442.92,0,0,0,0,manual
4783,9,motorcycle,1153.61,550.0,1188.81,575.9,0,0,0,0,manual
4783,25,motorcycle,739.67,568.3,764.36,595.73,0,0,0,0,manual
4783,26,motorcycle,755.31,549.15,779.99,576.58,0,0,0,0,manual
4783,27,motorcycle,763.4,528.3,786.71,555.73,0,0,0,0,manual
4784,8,car,735.29,387.71,770.25,443.4,0,0,0,0,manual
4784,9,motorcycle,1152.11,549.87,1187.38,575.77,0,0,0,0,manual
4784,25,motorcycle,738.85,567.12,763.53,594.55,0,0,0,0,manual
4784,26,motorcycle,755.03,548.3,779.72,575.73,0,0,0,0,manual
4784,27,motorcycle,762.99,527.3,786.3,554.73,0,0,0,0,manual
4785,8,car,735.31,388.19,770.27,443.88,0,0,0,0,manual
4785,9,motorcycle,1150.61,549.74,1185.96,575.64,0,0,0,0,manual
4785,25,motorcycle,738.03,565.94,762.71,593.37,0,0,0,0,manual
4785,26,motorcycle,754.76,547.45,779.44,574.88,0,0,0,0,manual
4785,27,motorcycle,762.57,526.31,785.89,553.74,0,0,0,0,manual
4786,8,car,735.34,388.67,770.3,444.36,0,0,0,0,manual
4786,9,motorcycle,1149.11,549.61,1184.54,575.51,0,0,0,0,manual
4786,25,motorcycle,737.2,564.76,761.89,592.19,0,0,0,0,manual
4786,26,motorcycle,754.48,546.6,779.17,574.03,0,0,0,0,manual
4786,27,motorcycle,762.16,525.32,785.48,552.74,0,0,0,0,manual
4787,8,car,735.36,389.15,770.32,444.84,0,0,0,0,manual
4787,9,motorcycle,1147.6,549.48,1183.11,575.38,0,0,0,0,manual
4787,25,motorcycle,736.38,563.58,761.07,591.01,0,0,0,0,manual
4787,26,motorcycle,754.21,545.75,778.89,573.18,0,0,0,0,manual
4787,27,motorcycle,761.75,524.32,785.07,551.75,0,0,0,0,manual
4788,8,car,735.39,389.63,770.35,445.32,0,0,0,0,manual
4788,9,motorcycle,1146.1,549.35,1181.69,575.25,0,0,0,0,manual
4788,25,motorcycle,735.56,562.4,760.24,589.83,0,0,0,0,manual
4788,26,motorcycle,753.93,544.9,778.62,572.33,0,0,0,0,manual
4788,27,motorcycle,761.34,523.33,784.65,550.76,0,0,0,0,manual
4789,8,car,735.42,390.11,770.38,445.8,0,0,0,0,manual
4789,9,motorcycle,1144.6,549.22,1180.27,575.12,0,0,0,0,manual
4789,25,motorcycle,734.73,561.22,759.42,588.65,0,0,0,0,manual
4789,26,motorcycle,753.66,544.05,778.35,571.48,0,0,0,0,manual
4789,27,motorcycle,760.93,522.33,784.24,549.76,0,0,0,0,manual
4790,8,car,735.44,390.59,770.4,446.28,0,0,0,0,manual
4790,9,motorcycle,1143.1,549.09,1178.84,574.99,0,0,0,0,manual
4790,25,motorcycle,733.91,560.04,758.6,587.47,0,0,0,0,manual
4790,26,motorcycle,753.39,543.2,778.07,570.63,0,0,0,0,manual
4790,27,motorcycle,760.52,521.34,783.83,548.77,0,0,0,0,manual
4791,8,car,735.47,391.07,770.43,446.76,0,0,0,0,manual
4791,9,motorcycle,1141.6,548.96,1177.42,574.86,0,0,0,0,manual
4791,25,motorcycle,733.09,558.86,757.77,586.29,0,0,0,0,manual
4791,26,motorcycle,753.11,542.35,777.8,569.78,0,0,0,0,manual
4791,27,motorcycle,760.11,520.34,783.42,547.77,0,0,0,0,manual
4792,8,car,735.49,391.55,770.45,447.23,0,0,0,0,manual
4792,9,motorcycle,1140.09,548.83,1175.99,574.73,0,0,0,0,manual
4792,25,motorcycle,732.27,557.68,756.95,585.11,0,0,0,0,manual
4792,26,motorcycle,752.84,541.5,777.52,568.93,0,0,0,0,manual
4792,27,motorcycle,759.69,519.35,783.01,546.78,0,0,0,0,manual
4793,8,car,735.52,392.03,770.48,447.71,0,0,0,0,manual
4793,9,motorcycle,1138.59,548.71,1174.57,574.61,0,0,0,0,manual
4793,25,motorcycle,731.44,556.5,756.13,583.93,0,0,0,0,manual
4793,26,motorcycle,752.56,540.65,777.25,568.08,0,0,0,0,manual
4793,27,motorcycle,759.28,518.36,782.6,545.78,0,0,0,0,manual
4794,8,car,735.55,392.5,770.51,448.19,0,0,0,0,manual
4794,9,motorcycle,1137.09,548.58,1173.15,574.48,0,0,0,0,manual
4794,25,motorcycle,730.62,555.32,755.31,582.75,0,0,0,0,manual
4794,26,motorcycle,752.29,539.8,776.97,567.23,0,0,0,0,manual
4794,27,motorcycle,758.87,517.36,782.19,544.79,0,0,0,0,manual
4794,29,car,648.61,506.66,702.09,545.06,0,0,1,0,manual
4795,8,car,735.57,392.98,770.53,448.67,0,0,0,0,manual
4795,9,motorcycle,1135.59,548.45,1171.72,574.35,0,0,0,0,manual
4795,25,motorcycle,729.8,554.14,754.48,581.57,0,0,0,0,manual
4795,26,motorcycle,752.01,538.95,776.7,566.38,0,0,0,0,manual
4795,27,motorcycle,758.46,516.37,781.77,543.8,0,0,0,0,manual
4795,29,car,648.95,506.63,702.44,545.03,0,0,0,0,manual
4796,8,car,735.6,393.46,770.56,449.15,0,0,0,0,manual
4796,9,motorcycle,1134.08,548.32,1170.3,574.22,0,0,0,0,manual
4796,25,motorcycle,728.97,552.96,753.66,580.39,0,0,0,0,manual
4796,26,motorcycle,751.74,538.1,776.43,565.53,0,0,0,0,manual
4796,27,motorcycle,758.05,515.37,781.36,542.8,0,0,0,0,manual
4796,29,car,649.29,506.6,702.78,545.0,0,0,0,0,manual
4797,8,car,735.62,393.94,770.58,449.63,0,0,0,0,manual
4797,9,motorcycle,1132.58,548.19,1168.88,574.09,0,0,0,0,manual
4797,25,motorcycle,728.15,551.78,752.84,579.21,0,0,0,0,manual
4797,26,motorcycle,751.47,537.25,776.15,564.68,0,0,0,0,manual
4797,27,motorcycle,757.64,514.38,780.95,541.81,0,0,0,0,manual
4797,29,car,649.64,506.56,703.12,544.96,0,0,0,0,manual
4798,8,car,735.65,394.42,770.61,450.11,0,0,0,0,manual
4798,9,motorcycle,1131.08,548.06,1167.45,573.96,0,0,0,0,manual
4798,25,motorcycle,727.33,550.6,752.01,578.03,0,0,0,0,manual
4798,26,motorcycle,751.19,536.4,775.88,563.83,0,0,0,0,manual
4798,27,motorcycle,757.23,513.38,780.54,540.81,0,0,0,0,manual
4798,29,car,649.98,506.53,703.47,544.93,0,0,0,0,manual
4799,8,car,735.68,394.9,770.64,450.59,0,0,0,0,manual
4799,9,motorcycle,1129.58,547.93,1166.03,573.83,0,0,0,0,manual
4799,25,motorcycle,726.5,549.43,751.19,576.85,0,0,0,0,manual
4799,26,motorcycle,750.92,535.55,775.6,562.97,0,0,0,0,manual
4799,27,motorcycle,756.81,512.39,780.13,539.82,0,0,0,0,manual
4799,29,car,650.32,506.49,703.81,544.89,0,0,0,0,manual
4800,8,car,735.7,395.38,770.66,451.07,0,0,0,0,manual
4800,9,motorcycle,1128.08,547.8,1164.6,573.7,0,0,0,0,manual
4800,25,motorcycle,725.68,548.25,750.37,575.67,0,0,0,0,manual
4800,26,motorcycle,750.64,534.7,775.33,562.12,0,0,0,0,manual
4800,27,motorcycle,756.4,511.4,779.72,538.82,0,0,0,0,manual
4800,29,car,650.66,506.46,704.15,544.86,0,0,0,0,manual
4801,8,car,735.73,395.86,770.69,451.55,0,0,0,0,manual
4801,9,motorcycle,1126.57,547.67,1163.18,573.57,0,0,0,0,manual
4801,25,motorcycle,724.86,547.07,749.55,574.5,0,0,0,0,manual
4801,26,motorcycle,750.37,533.85,775.05,561.27,0,0,0,0,manual
4801,27,motorcycle,755.99,510.4,779.31,537.83,0,0,0,0,manual
4801,29,car,651.01,506.42,704.49,544.82,0,0,0,0,manual
4802,8,car,735.75,396.34,770.71,452.03,0,0,0,0,manual
4802,9,motorcycle,1125.07,547.54,1161.76,573.44,0,0,0,0,manual
4802,25,motorcycle,724.04,545.89,748.72,573.32,0,0,0,0,manual
4802,26,motorcycle,750.09,533.0,774.78,560.42,0,0,0,0,manual
4802,27,motorcycle,755.58,509.41,778.89,536.84,0,0,1,0,manual
4802,29,car,651.35,506.39,704.84,544.79,0,0,0,0,manual
4803,8,car,735.78,396.82,770.74,452.51,0,0,0,0,manual
4803,9,motorcycle,1123.57,547.41,1160.33,573.31,0,0,0,0,manual
4803,25,motorcycle,723.21,544.71,747.9,572.14,0,0,0,0,manual
4803,26,motorcycle,749.82,532.14,774.51,559.57,0,0,0,0,manual
4803,27,motorcycle,755.21,508.81,778.62,536.24,0,0,0,0,manual
4803,29,car,651.69,506.36,705.18,544.76,0,0,0,0,manual
4804,8,car,735.8,397.3,770.76,452.98,0,0,0,0,manual
4804,9,motorcycle,1122.07,547.28,1158.91,573.18,0,0,0,0,manual
4804,25,motorcycle,722.39,543.53,747.08,570.96,0,0,0,0,manual
4804,26,motorcycle,749.55,531.29,774.23,558.72,0,0,0,0,manual
4804,27,motorcycle,754.85,508.22,778.35,535.65,0,0,0,0,manual
4804,29,car,652.04,506.32,705.52,544.72,0,0,0,0,manual
4805,8,car,735.83,397.77,770.79,453.46,0,0,0,0,manual
4805,9,motorcycle,1120.57,547.15,1157.49,573.05,0,0,0,0,manual
4805,25,motorcycle,721.57,542.35,746.25,569.78,0,0,0,0,manual
4805,26,motorcycle,749.27,530.44,773.96,557.87,0,0,0,0,manual
4805,27,motorcycle,754.48,507.62,778.08,535.05,0,0,0,0,manual
4805,29,car,652.38,506.29,705.87,544.69,0,0,0,0,manual
4806,8,car,735.86,398.25,770.82,453.94,0,0,0,0,manual
4806,9,motorcycle,1119.06,547.02,1156.06,572.92,0,0,0,0,manual
4806,25,motorcycle,720.74,541.17,745.43,568.6,0,0,0,0,manual
4806,26,motorcycle,749.0,529.59,773.68,557.02,0,0,0,0,manual
4806,27,motorcycle,754.12,507.03,777.81,534.46,0,0,0,0,manual
4806,29,car,652.72,506.25,706.21,544.65,0,0,0,0,manual
4807,8,car,735.88,398.73,770.84,454.42,0,0,0,0,manual
4807,9,motorcycle,1117.56,546.89,1154.64,572.79,0,0,0,0,manual
4807,25,motorcycle,719.92,539.99,744.61,567.42,0,0,0,0,manual
4807,26,motorcycle,748.72,528.74,773.41,556.17,0,0,0,0,manual
4807,27,motorcycle,753.75,506.44,777.53,533.86,0,0,0,0,manual
4807,29,car,653.06,506.22,706.55,544.62,0,0,0,0,manual
4808,8,car,735.91,399.21,770.87,454.9,0,0,0,0,manual
4808,9,motorcycle,1116.06,546.76,1153.21,572.66,0,0,0,0,manual
4808,25,motorcycle,719.1,538.81,743.79,566.24,0,0,0,0,manual
4808,26,motorcycle,748.45,527.89,773.13,555.32,0,0,0,0,manual
4808,27,motorcycle,753.39,505.84,777.26,533.27,0,0,0,0,manual
4808,29,car,653.41,506.18,706.89,544.58,0,0,0,0,manual
4809,8,car,735.93,399.69,770.89,455.38,0,0,0,0,manual
4809,9,motorcycle,1114.56,546.63,1151.79,572.53,0,0,0,0,manual
4809,25,motorcycle,718.28,537.63,742.96,565.06,0,0,0,0,manual
4809,26,motorcycle,748.17,527.04,772.86,554.47,0,0,0,0,manual
4809,27,motorcycle,753.02,505.25,776.99,532.68,0,0,0,0,manual
4809,29,car,653.75,506.15,707.24,544.55,0,0,0,0,manual
4810,8,car,735.96,400.17,770.92,455.86,0,0,1,0,manual
4810,9,motorcycle,1113.05,546.5,1150.37,572.4,0,0,0,0,manual
4810,25,motorcycle,717.45,536.45,742.14,563.88,0,0,0,0,manual
4810,26,motorcycle,747.9,526.19,772.59,553.62,0,0,0,0,manual
4810,27,motorcycle,752.65,504.65,776.72,532.08,0,0,0,0,manual
4810,29,car,654.09,506.12,707.58,544.52,0,0,0,0,manual
4811,8,car,736.02,400.71,770.98,456.4,0,0,0,0,manual
4811,9,motorcycle,1111.55,546.37,1148.94,572.27,0,0,0,0,manual
4811,25,motorcycle,716.63,535.27,741.32,562.7,0,0,0,0,manual
4811,26,motorcycle,747.63,525.34,772.31,552.77,0,0,0,0,manual
4811,27,motorcycle,752.29,504.06,776.44,531.49,0,0,0,0,manual
4811,29,car,654.44,506.08,707.92,544.48,0,0,0,0,manual
4812,8,car,736.07,401.24,771.03,456.93,0,0,0,0,manual
4812,9,motorcycle,1110.05,546.24,1147.52,572.14,0,0,0,0,manual
4812,25,motorcycle,715.81,534.09,740.49,561.52,0,0,1,0,manual
4812,26,motorcycle,747.35,524.49,772.04,551.92,0,0,1,0,manual
4812,27,motorcycle,751.92,503.46,776.17,530.89,0,0,0,0,manual
4812,29,car,654.78,506.05,708.27,544.45,0,0,0,0,manual
4813,8,car,736.13,401.78,771.09,457.47,0,0,0,0,manual
4813,9,motorcycle,1108.55,546.11,1146.09,572.01,0,0,0,0,manual
4813,25,motorcycle,715.67,533.41,740.36,560.84,0,0,0,0,manual
4813,26,motorcycle,747.08,524.04,771.76,551.46,0,0,0,0,manual
4813,27,motorcycle,751.56,502.87,775.9,530.3,0,0,0,0,manual
4813,29,car,655.12,506.01,708.61,544.41,0,0,0,0,manual
4814,8,car,736.18,402.32,771.14,458.01,0,0,0,0,manual
4814,9,motorcycle,1107.05,545.98,1144.67,571.88,0,0,0,0,manual
4814,25,motorcycle,715.53,532.72,740.22,560.15,0,0,0,0,manual
4814,26,motorcycle,746.8,523.58,771.49,551.01,0,0,0,0,manual
4814,27,motorcycle,751.19,502.28,775.63,529.7,0,0,0,0,manual
4814,29,car,655.46,505.98,708.95,544.38,0,0,0,0,manual
4815,8,car,736.24,402.85,771.2,458.54,0,0,0,0,manual
4815,9,motorcycle,1105.54,545.85,1143.25,571.75,0,0,0,0,manual
4815,25,motorcycle,715.4,532.04,740.08,559.46,0,0,0,0,manual
4815,26,motorcycle,746.53,523.12,771.21,550.55,0,0,0,0,manual
4815,27,motorcycle,750.83,501.68,775.36,529.11,0,0,0,0,manual
4815,29,car,655.81,505.94,709.29,544.34,0,0,0,0,manual
4816,8,car,736.29,403.39,771.25,459.08,0,0,0,0,manual
4816,9,motorcycle,1104.04,545.72,1141.82,571.62,0,0,0,0,manual
4816,25,motorcycle,715.26,531.35,739.94,558.78,0,0,0,0,manual
4816,26,motorcycle,746.25,522.66,770.94,550.09,0,0,0,0,manual
4816,27,motorcycle,750.46,501.09,775.08,528.52,0,0,0,0,manual
4816,29,car,656.15,505.91,709.64,544.31,0,0,0,0,manual
4817,8,car,736.35,403.93,771.31,459.62,0,0,0,0,manual
4817,9,motorcycle,1102.54,545.59,1140.4,571.49,0,0,0,0,manual
4817,25,motorcycle,715.12,530.66,739.81,558.09,0,0,0,0,manual
4817,26,motorcycle,745.98,522.21,770.67,549.64,0,0,0,0,manual
4817,27,motorcycle,750.09,500.49,774.81,527.92,0,0,0,0,manual
4817,29,car,656.49,505.88,709.98,544.28,0,0,0,0,manual
4818,8,car,736.4,404.46,771.36,460.15,0,0,0,0,manual
4818,9,motorcycle,1101.04,545.47,1138.98,571.37,0,0,0,0,manual
4818,25,motorcycle,714.98,529.98,739.67,557.41,0,0,0,0,manual
4818,26,motorcycle,745.71,521.75,770.39,549.18,0,0,0,0,manual
4818,27,motorcycle,749.73,499.9,774.54,527.33,0,0,0,0,manual
4818,29,car,656.84,505.84,710.32,544.24,0,0,0,0,manual
4819,8,car,736.46,405.0,771.42,460.69,0,0,0,0,manual
4819,9,motorcycle,1099.53,545.34,1137.55,571.24,0,0,0,0,manual
4819,25,motorcycle,714.85,529.29,739.53,556.72,0,0,0,0,manual
4819,26,motorcycle,745.43,521.29,770.12,548.72,0,0,0,0,manual
4819,27,motorcycle,749.36,499.3,774.27,526.73,0,0,0,0,manual
4819,29,car,657.18,505.81,710.67,544.21,0,0,0,0,manual
4820,8,car,736.51,405.54,771.48,461.22,0,0,0,0,manual
4820,9,motorcycle,1098.03,545.21,1136.13,571.11,0,0,0,0,manual
4820,25,motorcycle,714.71,528.61,739.4,556.04,0,0,0,0,manual
4820,26,motorcycle,745.16,520.83,769.84,548.26,0,0,0,0,manual
4820,27,motorcycle,749.0,498.71,773.99,526.14,0,0,0,0,manual
4820,29,car,657.52,505.77,711.01,544.17,0,0,0,0,manual
4821,8,car,736.57,406.07,771.53,461.76,0,0,0,0,manual
4821,9,motorcycle,1096.53,545.08,1134.7,570.98,0,0,0,0,manual
4821,25,motorcycle,714.57,527.92,739.26,555.35,0,0,0,0,manual
4821,26,motorcycle,744.88,520.38,769.57,547.81,0,0,0,0,manual
4821,27,motorcycle,748.63,498.12,773.72,525.54,0,0,0,0,manual
4821,29,car,657.87,505.74,711.35,544.14,0,0,0,0,manual
4822,8,car,736.63,406.61,771.59,462.3,0,0,0,0,manual
4822,9,motorcycle,1095.03,544.95,1133.28,570.85,0,0,0,0,manual
4822,25,motorcycle,714.44,527.24,739.12,554.66,0,0,0,0,manual
4822,26,motorcycle,744.61,519.92,769.29,547.35,0,0,0,0,manual
4822,27,motorcycle,748.27,497.52,773.45,524.95,0,0,0,0,manual
4822,29,car,658.21,505.7,711.69,544.1,0,0,0,0,manual
4823,8,car,736.68,407.15,771.64,462.83,0,0,0,0,manual
4823,9,motorcycle,1093.53,544.82,1131.86,570.72,0,0,0,0,manual
4823,25,motorcycle,714.3,526.55,738.98,553.98,0,0,0,0,manual
4823,26,motorcycle,744.33,519.46,769.02,546.89,0,0,0,0,manual
4823,27,motorcycle,747.9,496.93,773.18,524.36,0,0,0,0,manual
4823,29,car,658.55,505.67,712.04,544.07,0,0,0,0,manual
4824,8,car,736.74,407.68,771.7,463.37,0,0,0,0,manual
4824,9,motorcycle,1092.02,544.69,1130.43,570.59,0,0,0,0,manual
4824,25,motorcycle,714.16,525.86,738.85,553.29,0,0,0,0,manual
4824,26,motorcycle,744.06,519.01,768.75,546.44,0,0,0,0,manual
4824,27,motorcycle,747.53,496.33,772.91,523.76,0,0,0,0,manual
4824,29,car,658.89,505.64,712.38,544.04,0,0,0,0,manual
4825,8,car,736.79,408.22,771.75,463.91,0,0,0,0,manual
4825,9,motorcycle,1090.52,544.56,1129.01,570.46,0,0,0,0,manual
4825,25,motorcycle,714.02,525.18,738.71,552.61,0,0,0,0,manual
4825,26,motorcycle,743.79,518.55,768.47,545.98,0,0,0,0,manual
4825,27,motorcycle,747.17,495.74,772.63,523.17,0,0,0,0,manual
4825,29,car,659.24,505.6,712.72,544.0,0,0,0,0,manual
4826,8,car,736.85,408.76,771.81,464.44,0,0,0,0,manual
4826,9,motorcycle,1089.02,544.43,1127.59,570.33,0,0,0,0,manual
4826,25,motorcycle,713.89,524.49,738.57,551.92,0,0,0,0,manual
4826,26,motorcycle,743.51,518.09,768.2,545.52,0,0,0,0,manual
4826,27,motorcycle,746.8,495.14,772.36,522.57,0,0,0,0,manual
4826,29,car,659.58,505.57,713.07,543.97,0,0,0,0,manual
4827,8,car,736.9,409.29,771.86,464.98,0,0,0,0,manual
4827,9,motorcycle,1087.52,544.3,1126.16,570.2,0,0,0,0,manual
4827,25,motorcycle,713.75,523.81,738.44,551.24,0,0,0,0,manual
4827,26,motorcycle,743.24,517.63,767.92,545.06,0,0,0,0,manual
4827,27,motorcycle,746.44,494.55,772.09,521.98,0,0,0,0,manual
4827,29,car,659.92,505.53,713.41,543.93,0,0,0,0,manual
4828,8,car,736.96,409.83,771.92,465.52,0,0,0,0,manual
4828,9,motorcycle,1086.01,544.17,1124.74,570.07,0,0,0,0,manual
4828,25,motorcycle,713.61,523.12,738.3,550.55,0,0,0,0,manual
4828,26,motorcycle,742.96,517.18,767.65,544.61,0,0,0,0,manual
4828,27,motorcycle,746.07,493.96,771.82,521.38,0,0,0,0,manual
4828,29,car,660.27,505.5,713.75,543.9,0,0,0,0,manual
4829,8,car,737.01,410.36,771.98,466.05,0,0,0,0,manual
4829,9,motorcycle,1084.51,544.04,1123.31,569.94,0,0,0,0,manual
4829,25,motorcycle,713.48,522.44,738.16,549.86,0,0,0,0,manual
4829,26,motorcycle,742.69,516.72,767.37,544.15,0,0,0,0,manual
4829,27,motorcycle,745.71,493.36,771.54,520.79,0,0,0,0,manual
4829,29,car,660.61,505.46,714.09,543.86,0,0,0,0,manual
4830,8,car,737.07,410.9,772.03,466.59,0,0,0,0,manual
4830,9,motorcycle,1083.01,543.91,1121.89,569.81,0,0,1,0,manual
4830,25,motorcycle,713.34,521.75,738.02,549.18,0,0,0,0,manual
4830,26,motorcycle,742.41,516.26,767.1,543.69,0,0,0,0,manual
4830,27,motorcycle,745.34,492.77,771.27,520.2,0,0,0,0,manual
4830,29,car,660.95,505.43,714.44,543.83,0,0,0,0,manual
4831,8,car,737.12,411.44,772.09,467.12,0,0,0,0,manual
4831,9,motorcycle,1082.03,543.63,1120.91,569.53,0,0,0,0,manual
4831,25,motorcycle,713.2,521.06,737.89,548.49,0,0,0,0,manual
4831,26,motorcycle,742.14,515.81,766.83,543.23,0,0,0,0,manual
4831,27,motorcycle,744.97,492.17,771.0,519.6,0,0,0,0,manual
4831,29,car,661.29,505.4,714.78,543.8,0,0,0,0,manual
4832,8,car,737.18,411.97,772.14,467.66,0,0,0,0,manual
4832,9,motorcycle,1081.04,543.34,1119.92,569.24,0,0,0,0,manual
4832,25,motorcycle,713.06,520.38,737.75,547.81,0,0,0,0,manual
4832,26,motorcycle,741.87,515.35,766.55,542.78,0,0,0,0,manual
4832,27,motorcycle,744.61,491.58,770.73,519.01,0,0,1,0,manual
4832,29,car,661.64,505.36,715.12,543.76,0,0,0,0,manual
4833,8,car,737.23,412.51,772.2,468.2,0,0,0,0,manual
4833,9,motorcycle,1080.06,543.06,1118.94,568.96,0,0,0,0,manual
4833,25,motorcycle,712.93,519.69,737.61,547.12,0,0,0,0,manual
4833,26,motorcycle,741.59,514.89,766.28,542.32,0,0,0,0,manual
4833,27,motorcycle,744.33,491.4,770.45,518.82,0,0,0,0,manual
4833,29,car,661.98,505.33,715.47,543.73,0,0,0,0,manual
4834,8,car,737.29,413.05,772.25,468.73,0,0,0,0,manual
4834,9,motorcycle,1079.07,542.77,1117.95,568.67,0,0,0,0,manual
4834,25,motorcycle,712.79,519.01,737.48,546.44,0,0,0,0,manual
4834,26,motorcycle,741.32,514.43,766.0,541.86,0,0,0,0,manual
4834,27,motorcycle,744.06,491.21,770.18,518.64,0,0,0,0,manual
4834,29,car,662.32,505.29,715.81,543.69,0,0,1,0,manual
4835,8,car,737.35,413.58,772.31,469.27,0,0,0,0,manual
4835,9,motorcycle,1078.09,542.49,1116.97,568.39,0,0,0,0,manual
4835,25,motorcycle,712.65,518.32,737.34,545.75,0,0,0,0,manual
4835,26,motorcycle,741.04,513.98,765.73,541.41,0,0,0,0,manual
4835,27,motorcycle,743.79,491.03,769.91,518.46,0,0,0,0,manual
4835,29,car,662.49,505.33,715.98,543.73,0,0,0,0,manual
4836,8,car,737.4,414.12,772.36,469.81,0,0,0,0,manual
4836,9,motorcycle,1077.1,542.2,1115.99,568.1,0,0,0,0,manual
4836,25,motorcycle,712.52,517.64,737.2,545.06,0,0,0,0,manual
4836,26,motorcycle,740.77,513.52,765.45,540.95,0,0,0,0,manual
4836,27,motorcycle,743.51,490.85,769.63,518.28,0,0,0,0,manual
4836,29,car,662.67,505.36,716.15,543.76,0,0,0,0,manual
4837,8,car,737.46,414.66,772.42,470.34,0,0,0,0,manual
4837,9,motorcycle,1076.12,541.92,1115.0,567.82,0,0,0,0,manual
4837,25,motorcycle,712.38,516.95,737.06,544.38,0,0,0,0,manual
4837,26,motorcycle,740.49,513.06,765.18,540.49,0,0,0,0,manual
4837,27,motorcycle,743.24,490.66,769.36,518.09,0,0,0,0,manual
4837,29,car,662.84,505.4,716.32,543.8,0,0,0,0,manual
4838,8,car,737.51,415.19,772.48,470.88,0,0,0,0,manual
4838,9,motorcycle,1075.14,541.63,1114.02,567.53,0,0,0,0,manual
4838,25,motorcycle,712.24,516.26,736.93,543.69,0,0,0,0,manual
4838,26,motorcycle,740.22,512.61,764.91,540.03,0,0,0,0,manual
4838,27,motorcycle,742.96,490.48,769.08,517.91,0,0,0,0,manual
4838,29,car,663.01,505.43,716.49,543.83,0,0,0,0,manual
4839,8,car,737.57,415.73,772.53,471.42,0,0,0,0,manual
4839,9,motorcycle,1074.15,541.35,1113.03,567.25,0,0,0,0,manual
4839,25,motorcycle,712.1,515.58,736.79,543.01,0,0,0,0,manual
4839,26,motorcycle,739.95,512.15,764.63,539.58,0,0,0,0,manual
4839,27,motorcycle,742.69,490.3,768.81,517.73,0,0,0,0,manual
4839,29,car,663.18,505.46,716.67,543.86,0,0,0,0,manual
4840,8,car,737.62,416.27,772.59,471.95,0,0,0,0,manual
4840,9,motorcycle,1073.17,541.06,1112.05,566.96,0,0,0,0,manual
4840,25,motorcycle,711.97,514.89,736.65,542.32,0,0,0,0,manual
4840,26,motorcycle,739.67,511.69,764.36,539.12,0,0,0,0,manual
4840,27,motorcycle,742.41,490.12,768.53,517.54,0,0,0,0,manual
4840,29,car,663.35,505.5,716.84,543.9,0,0,0,0,manual
4841,8,car,737.68,416.8,772.64,472.49,0,0,0,0,manual
4841,9,motorcycle,1072.18,540.78,1111.07,566.68,0,0,0,0,manual
4841,25,motorcycle,711.83,514.21,736.52,541.64,0,0,0,0,manual
4841,26,motorcycle,739.4,511.23,764.08,538.66,0,0,0,0,manual
4841,27,motorcycle,742.14,489.93,768.26,517.36,0,0,0,0,manual
4841,29,car,663.52,505.53,717.01,543.93,0,0,0,0,manual
4842,8,car,737.73,417.34,772.7,473.03,0,0,0,0,manual
4842,9,motorcycle,1071.2,540.49,1110.08,566.39,0,0,0,0,manual
4842,25,motorcycle,711.69,513.52,736.38,540.95,0,0,1,0,manual
4842,26,motorcycle,739.12,510.78,763.81,538.21,0,0,1,0,manual
4842,27,motorcycle,741.87,489.75,767.99,517.18,0,0,0,0,manual
4842,29,car,663.69,505.57,717.18,543.97,0,0,0,0,manual
4843,8,car,737.79,417.88,772.75,473.56,0,0,0,0,manual
4843,9,motorcycle,1070.22,540.21,1109.1,566.11,0,0,0,0,manual
4843,25,motorcycle,711.42,512.56,736.1,539.99,0,0,0,0,manual
4843,26,motorcycle,738.71,510.43,763.4,537.86,0,0,0,0,manual
4843,27,motorcycle,741.59,489.57,767.71,517.0,0,0,0,0,manual
4843,28,motorcycle,766.55,543.69,793.98,576.61,0,0,1,0,manual
4843,29,car,663.87,505.6,717.35,544.0,0,0,0,0,manual
4844,8,car,737.84,418.41,772.81,474.1,0,0,0,0,manual
4844,9,motorcycle,1069.23,539.92,1108.11,565.82,0,0,0,0,manual
4844,25,motorcycle,711.14,511.6,735.83,539.03,0,0,0,0,manual
4844,26,motorcycle,738.3,510.09,762.99,537.52,0,0,0,0,manual
4844,27,motorcycle,741.32,489.38,767.44,516.81,0,0,0,0,manual
4844,28,motorcycle,766.07,542.6,793.5,575.51,0,0,0,0,manual
4844,29,car,664.04,505.64,717.52,544.04,0,0,0,0,manual
4845,8,car,737.9,418.95,772.87,474.63,0,0,0,0,manual
4845,9,motorcycle,1068.25,539.64,1107.13,565.54,0,0,0,0,manual
4845,25,motorcycle,710.87,510.64,735.56,538.07,0,0,0,0,manual
4845,26,motorcycle,737.89,509.75,762.57,537.18,0,0,0,0,manual
4845,27,motorcycle,741.04,489.2,767.16,516.63,0,0,0,0,manual
4845,28,motorcycle,765.59,541.5,793.02,574.41,0,0,0,0,manual
4845,29,car,664.21,505.67,717.69,544.07,0,0,0,0,manual
4846,8,car,737.96,419.49,772.92,475.17,0,0,0,0,manual
4846,9,motorcycle,1067.26,539.35,1106.15,565.25,0,0,0,0,manual
4846,25,motorcycle,710.6,509.68,735.28,537.11,0,0,0,0,manual
4846,26,motorcycle,737.48,509.41,762.16,536.83,0,0,0,0,manual
4846,27,motorcycle,740.77,489.02,766.89,516.45,0,0,0,0,manual
4846,28,motorcycle,765.11,540.4,792.54,573.32,0,0,0,0,manual
4846,29,car,664.38,505.7,717.87,544.1,0,0,0,0,manual
4847,8,car,738.01,420.02,772.98,475.71,0,0,0,0,manual
4847,9,motorcycle,1066.28,539.07,1105.16,564.97,0,0,0,0,manual
4847,25,motorcycle,710.32,508.72,735.01,536.15,0,0,0,0,manual
4847,26,motorcycle,737.07,509.06,761.75,536.49,0,0,0,0,manual
4847,27,motorcycle,740.49,488.84,766.61,516.26,0,0,0,0,manual
4847,28,motorcycle,764.63,539.3,792.06,572.22,0,0,0,0,manual
4847,29,car,664.55,505.74,718.04,544.14,0,0,0,0,manual
4848,8,car,738.07,420.56,773.03,476.24,0,0,0,0,manual
4848,9,motorcycle,1065.29,538.78,1104.18,564.68,0,0,0,0,manual
4848,25,motorcycle,710.05,507.76,734.73,535.19,0,0,0,0,manual
4848,26,motorcycle,736.65,508.72,761.34,536.15,0,0,0,0,manual
4848,27,motorcycle,740.22,488.65,766.34,516.08,0,0,0,0,manual
4848,28,motorcycle,764.15,538.21,791.58,571.12,0,0,0,0,manual
4848,29,car,664.72,505.77,718.21,544.17,0,0,0,0,manual
4849,8,car,738.12,421.1,773.09,476.78,0,0,0,0,manual
4849,9,motorcycle,1064.31,538.5,1103.19,564.4,0,0,0,0,manual
4849,25,motorcycle,709.77,506.8,734.46,534.23,0,0,0,0,manual
4849,26,motorcycle,736.24,508.38,760.93,535.81,0,0,0,0,manual
4849,27,motorcycle,739.95,488.47,766.07,515.9,0,0,0,0,manual
4849,28,motorcycle,763.67,537.11,791.1,570.02,0,0,0,0,manual
4849,29,car,664.89,505.81,718.38,544.21,0,0,0,0,manual
4850,8,car,738.18,421.63,773.14,477.32,0,0,0,0,manual
4850,9,motorcycle,1063.33,538.21,1102.21,564.11,0,0,0,0,manual
4850,25,motorcycle,709.5,505.84,734.19,533.27,0,0,0,0,manual
4850,26,motorcycle,735.83,508.03,760.52,535.46,0,0,0,0,manual
4850,27,motorcycle,739.67,488.29,765.79,515.72,0,0,0,0,manual
4850,28,motorcycle,763.19,536.01,790.62,568.93,0,0,0,0,manual
4850,29,car,665.07,505.84,718.55,544.24,0,0,0,0,manual
4851,8,car,738.23,422.17,773.2,477.85,0,0,0,0,manual
4851,9,motorcycle,1062.34,537.93,1101.23,563.83,0,0,0,0,manual
4851,25,motorcycle,709.22,504.88,733.91,532.31,0,0,0,0,manual
4851,26,motorcycle,735.42,507.69,760.11,535.12,0,0,0,0,manual
4851,27,motorcycle,739.4,488.1,765.52,515.53,0,0,0,0,manual
4851,28,motorcycle,762.71,534.92,790.14,567.83,0,0,0,0,manual
4851,29,car,665.24,505.88,718.72,544.28,0,0,0,0,manual
4852,8,car,738.29,422.71,773.25,478.39,0,0,0,0,manual
4852,9,motorcycle,1061.36,537.64,1100.24,563.54,0,0,0,0,manual
4852,25,motorcycle,708.95,503.92,733.64,531.35,0,0,0,0,manual
4852,26,motorcycle,735.01,507.35,759.69,534.78,0,0,0,0,manual
4852,27,motorcycle,739.12,487.92,765.24,515.35,0,0,0,0,manual
4852,28,motorcycle,762.23,533.82,789.66,566.73,0,0,0,0,manual
4852,29,car,665.41,505.91,718.89,544.31,0,0,0,0,manual
4853,8,car,738.34,423.24,773.31,478.93,0,0,0,0,manual
4853,9,motorcycle,1060.37,537.36,1099.26,563.26,0,0,0,0,manual
4853,25,motorcycle,708.68,502.96,733.36,530.39,0,0,0,0,manual
4853,26,motorcycle,734.6,507.01,759.28,534.43,0,0,0,0,manual
4853,27,motorcycle,738.85,487.74,764.97,515.17,0,0,0,0,manual
4853,28,motorcycle,761.75,532.72,789.18,565.64,0,0,0,0,manual
4853,29,car,665.58,505.94,719.07,544.34,0,0,0,0,manual
4854,8,car,738.4,423.78,773.37,479.46,0,0,0,0,manual
4854,9,motorcycle,1059.39,537.07,1098.27,562.97,0,0,0,0,manual
4854,25,motorcycle,708.4,502.0,733.09,529.43,0,0,0,0,manual
4854,26,motorcycle,734.19,506.66,758.87,534.09,0,0,0,0,manual
4854,27,motorcycle,738.57,487.56,764.69,514.98,0,0,0,0,manual
4854,28,motorcycle,761.27,531.62,788.7,564.54,0,0,0,0,manual
4854,29,car,665.75,505.98,719.24,544.38,0,0,0,0,manual
4855,8,car,738.45,424.32,773.42,480.0,0,0,0,0,manual
4855,9,motorcycle,1058.4,536.79,1097.29,562.69,0,0,0,0,manual
4855,25,motorcycle,708.13,501.04,732.81,528.47,0,0,0,0,manual
4855,26,motorcycle,733.77,506.32,758.46,533.75,0,0,0,0,manual
4855,27,motorcycle,738.3,487.37,764.42,514.8,0,0,0,0,manual
4855,28,motorcycle,760.79,530.53,788.22,563.44,0,0,0,0,manual
4855,29,car,665.92,506.01,719.41,544.41,0,0,0,0,manual
4856,8,car,738.51,424.85,773.48,480.54,0,0,0,0,manual
4856,9,motorcycle,1057.42,536.51,1096.31,562.41,0,0,0,0,manual
4856,25,motorcycle,707.85,500.08,732.54,527.51,0,0,0,0,manual
4856,26,motorcycle,733.36,505.98,758.05,533.41,0,0,0,0,manual
4856,27,motorcycle,738.03,487.19,764.15,514.62,0,0,0,0,manual
4856,28,motorcycle,760.31,529.43,787.74,562.34,0,0,0,0,manual
4856,29,car,666.09,506.05,719.58,544.45,0,0,0,0,manual
4857,8,car,738.57,425.39,773.53,481.07,0,0,0,0,manual
4857,9,motorcycle,1056.44,536.22,1095.32,562.12,0,0,0,0,manual
4857,25,motorcycle,707.58,499.12,732.27,526.55,0,0,0,0,manual
4857,26,motorcycle,732.95,505.63,757.64,533.06,0,0,0,0,manual
4857,27,motorcycle,737.75,487.01,763.87,514.44,0,0,0,0,manual
4857,28,motorcycle,759.83,528.33,787.26,561.25,0,0,0,0,manual
4857,29,car,666.27,506.08,719.75,544.48,0,0,0,0,manual
4858,8,car,738.62,425.93,773.59,481.61,0,0,0,0,manual
4858,9,motorcycle,1055.45,535.94,1094.34,561.84,0,0,0,0,manual
4858,25,motorcycle,707.31,498.16,731.99,525.59,0,0,0,0,manual
4858,26,motorcycle,732.54,505.29,757.23,532.72,0,0,0,0,manual
4858,27,motorcycle,737.48,486.82,763.6,514.25,0,0,0,0,manual
4858,28,motorcycle,759.35,527.24,786.78,560.15,0,0,0,0,manual
4858,29,car,666.44,506.12,719.92,544.52,0,0,0,0,manual
4859,8,car,738.68,426.46,773.64,482.15,0,0,0,0,manual
4859,9,motorcycle,1054.47,535.65,1093.35,561.55,0,0,0,0,manual
4859,25,motorcycle,707.03,497.2,731.72,524.63,0,0,0,0,manual
4859,26,motorcycle,732.13,504.95,756.81,532.38,0,0,0,0,manual
4859,27,motorcycle,737.2,486.64,763.32,514.07,0,0,0,0,manual
4859,28,motorcycle,758.87,526.14,786.3,559.05,0,0,0,0,manual
4859,29,car,666.61,506.15,720.09,544.55,0,0,0,0,manual
4860,8,car,738.73,427.0,773.7,482.68,0,0,0,0,manual
4860,9,motorcycle,1053.48,535.37,1092.37,561.27,0,0,0,0,manual
4860,25,motorcycle,706.76,496.24,731.44,523.67,0,0,0,0,manual
4860,26,motorcycle,731.72,504.61,756.4,532.03,0,0,0,0,manual
4860,27,motorcycle,736.93,486.46,763.05,513.89,0,0,0,0,manual
4860,28,motorcycle,758.39,525.04,785.82,557.96,0,0,0,0,manual
4860,29,car,666.78,506.18,720.27,544.59,0,0,0,0,manual
4861,8,car,738.79,427.54,773.75,483.22,0,0,0,0,manual
4861,9,motorcycle,1052.5,535.08,1091.39,560.98,0,0,0,0,manual
4861,25,motorcycle,706.48,495.28,731.17,522.71,0,0,0,0,manual
4861,26,motorcycle,731.31,504.26,755.99,531.69,0,0,0,0,manual
4861,27,motorcycle,736.65,486.28,762.77,513.7,0,0,0,0,manual
4861,28,motorcycle,757.91,523.94,785.34,556.86,0,0,0,0,manual
4861,29,car,666.95,506.22,720.44,544.62,0,0,0,0,manual
4862,8,car,738.84,428.07,773.81,483.75,0,0,0,0,manual
4862,9,motorcycle,1051.52,534.8,1090.4,560.7,0,0,0,0,manual
4862,25,motorcycle,706.21,494.32,730.89,521.75,0,0,1,0,manual
4862,26,motorcycle,730.89,503.92,755.58,531.35,0,0,1,0,manual
4862,27,motorcycle,736.38,486.09,762.5,513.52,0,0,1,0,manual
4862,28,motorcycle,757.43,522.85,784.86,555.76,0,0,0,0,manual
4862,29,car,667.12,506.25,720.61,544.65,0,0,0,0,manual
4863,8,car,738.9,428.61,773.87,484.29,0,0,0,0,manual
4863,9,motorcycle,1050.53,534.51,1089.42,560.41,0,0,0,0,manual
4863,25,motorcycle,705.93,493.7,730.62,521.13,0,0,0,0,manual
4863,26,motorcycle,730.89,503.51,755.58,530.94,0,0,0,0,manual
4863,27,motorcycle,736.11,485.54,762.23,512.97,0,0,0,0,manual
4863,28,motorcycle,756.95,521.75,784.38,554.66,0,0,0,0,manual
4863,29,car,667.29,506.29,720.78,544.69,0,0,0,0,manual
4864,8,car,738.95,429.14,773.92,484.83,0,0,0,0,manual
4864,9,motorcycle,1049.55,534.23,1088.43,560.13,0,0,0,0,manual
4864,25,motorcycle,705.66,493.09,730.35,520.52,0,0,0,0,manual
4864,26,motorcycle,730.89,503.1,755.58,530.53,0,0,0,0,manual
4864,27,motorcycle,735.83,485.0,761.95,512.42,0,0,0,0,manual
4864,28,motorcycle,756.47,520.65,783.9,553.57,0,0,0,0,manual
4864,29,car,667.47,506.32,720.95,544.72,0,0,0,0,manual
4865,8,car,739.01,429.68,773.98,485.36,0,0,0,0,manual
4865,9,motorcycle,1048.56,533.94,1087.45,559.84,0,0,0,0,manual
4865,25,motorcycle,705.39,492.47,730.07,519.9,0,0,0,0,manual
4865,26,motorcycle,730.89,502.69,755.58,530.11,0,0,0,0,manual
4865,27,motorcycle,735.56,484.45,761.68,511.88,0,0,0,0,manual
4865,28,motorcycle,755.99,519.56,783.42,552.47,0,0,0,0,manual
4865,29,car,667.64,506.36,721.12,544.76,0,0,0,0,manual
4866,8,car,739.06,430.22,774.03,485.9,0,0,0,0,manual
4866,9,motorcycle,1047.58,533.66,1086.47,559.56,0,0,0,0,manual
4866,25,motorcycle,705.11,491.85,729.8,519.28,0,0,0,0,manual
4866,26,motorcycle,730.89,502.27,755.58,529.7,0,0,0,0,manual
4866,27,motorcycle,735.28,483.9,761.4,511.33,0,0,0,0,manual
4866,28,motorcycle,755.51,518.46,782.94,551.37,0,0,0,0,manual
4866,29,car,667.81,506.39,721.29,544.79,0,0,0,0,manual
4867,8,car,739.12,430.75,774.09,486.44,0,0,0,0,manual
4867,9,motorcycle,1046.59,533.37,1085.48,559.27,0,0,0,0,manual
4867,25,motorcycle,704.84,491.24,729.52,518.66,0,0,0,0,manual
4867,26,motorcycle,730.89,501.86,755.58,529.29,0,0,0,0,manual
4867,27,motorcycle,735.01,483.35,761.13,510.78,0,0,0,0,manual
4867,28,motorcycle,755.03,517.36,782.46,550.28,0,0,0,0,manual
4867,29,car,667.98,506.42,721.47,544.83,0,0,0,0,manual
4868,8,car,739.17,431.29,774.14,486.97,0,0,0,0,manual
4868,9,motorcycle,1045.61,533.09,1084.5,558.99,0,0,0,0,manual
4868,25,motorcycle,704.56,490.62,729.25,518.05,0,0,0,0,manual
4868,26,motorcycle,730.89,501.45,755.58,528.88,0,0,0,0,manual
4868,27,motorcycle,734.73,482.8,760.85,510.23,0,0,0,0,manual
4868,28,motorcycle,754.55,516.26,781.98,549.18,0,0,0,0,manual
4868,29,car,668.15,506.46,721.64,544.86,0,0,0,0,manual
4869,8,car,739.23,431.83,774.2,487.51,0,0,0,0,manual
4869,9,motorcycle,1044.63,532.8,1083.51,558.7,0,0,0,0,manual
4869,25,motorcycle,704.29,490.0,728.97,517.43,0,0,0,0,manual
4869,26,motorcycle,730.89,501.04,755.58,528.47,0,0,0,0,manual
4869,27,motorcycle,734.46,482.25,760.58,509.68,0,0,0,0,manual
4869,28,motorcycle,754.07,515.17,781.5,548.08,0,0,0,0,manual
4869,29,car,668.32,506.49,721.81,544.89,0,0,0,0,manual
4870,8,car,739.29,432.36,774.25,488.05,0,0,0,0,manual
4870,9,motorcycle,1043.64,532.52,1082.53,558.42,0,0,0,0,manual
4870,25,motorcycle,704.01,489.38,728.7,516.81,0,0,0,0,manual
4870,26,motorcycle,730.89,500.63,755.58,528.06,0,0,0,0,manual
4870,27,motorcycle,734.19,481.7,760.31,509.13,0,0,0,0,manual
4870,28,motorcycle,753.59,514.07,781.02,546.98,0,0,0,0,manual
4870,29,car,668.49,506.53,721.98,544.93,0,0,0,0,manual
4871,8,car,739.34,432.9,774.31,488.58,0,0,0,0,manual
4871,9,motorcycle,1042.66,532.23,1081.55,558.13,0,0,0,0,manual
4871,25,motorcycle,703.74,488.77,728.43,516.2,0,0,0,0,manual
4871,26,motorcycle,730.89,500.22,755.58,527.65,0,0,0,0,manual
4871,27,motorcycle,733.91,481.16,760.03,508.58,0,0,0,0,manual
4871,28,motorcycle,753.11,512.97,780.54,545.89,0,0,0,0,manual
4871,29,car,668.67,506.56,722.15,544.96,0,0,0,0,manual
4872,8,car,739.4,433.44,774.37,489.12,0,0,0,0,manual
4872,9,motorcycle,1041.67,531.95,1080.56,557.85,0,0,0,0,manual
4872,25,motorcycle,703.46,488.15,728.15,515.58,0,0,0,0,manual
4872,26,motorcycle,730.89,499.81,755.58,527.23,0,0,0,0,manual
4872,27,motorcycle,733.64,480.61,759.76,508.04,0,0,0,0,manual
4872,28,motorcycle,752.63,511.88,780.06,544.79,0,0,0,0,manual
4872,29,car,668.84,506.6,722.32,545.0,0,0,0,0,manual
4873,8,car,739.45,433.97,774.42,489.66,0,0,0,0,manual
4873,9,motorcycle,1040.69,531.66,1079.58,557.56,0,0,0,0,manual
4873,25,motorcycle,703.19,487.53,727.88,514.96,0,0,0,0,manual
4873,26,motorcycle,730.89,499.39,755.58,526.82,0,0,0,0,manual
4873,27,motorcycle,733.36,480.06,759.48,507.49,0,0,0,0,manual
4873,28,motorcycle,752.15,510.78,779.58,543.69,0,0,0,0,manual
4873,29,car,669.01,506.63,722.49,545.03,0,0,0,0,manual
4874,8,car,739.51,434.51,774.48,490.19,0,0,0,0,manual
4874,9,motorcycle,1039.71,531.38,1078.59,557.28,0,0,0,0,manual
4874,25,motorcycle,702.92,486.92,727.6,514.34,0,0,0,0,manual
4874,26,motorcycle,730.89,498.98,755.58,526.41,0,0,0,0,manual
4874,27,motorcycle,733.09,479.51,759.21,506.94,0,0,0,0,manual
4874,28,motorcycle,751.67,509.68,779.1,542.6,0,0,0,0,manual
4874,29,car,669.18,506.67,722.67,545.07,0,0,1,0,manual
4875,8,car,739.56,435.05,774.53,490.73,0,0,0,0,manual
4875,9,motorcycle,1038.72,531.09,1077.61,556.99,0,0,0,0,manual
4875,25,motorcycle,702.64,486.3,727.33,513.73,0,0,0,0,manual
4875,26,motorcycle,730.89,498.57,755.58,526.0,0,0,0,0,manual
4875,27,motorcycle,732.81,478.96,758.93,506.39,0,0,0,0,manual
4875,28,motorcycle,751.19,508.58,778.62,541.5,0,0,0,0,manual
4875,29,car,669.23,506.67,722.72,545.07,0,0,0,0,manual
4876,8,car,739.62,435.58,774.59,491.26,0,0,0,0,manual
4876,9,motorcycle,1037.74,530.81,1076.63,556.71,0,0,0,0,manual
4876,25,motorcycle,702.37,485.68,727.05,513.11,0,0,0,0,manual
4876,26,motorcycle,730.89,498.16,755.58,525.59,0,0,0,0,manual
4876,27,motorcycle,732.54,478.41,758.66,505.84,0,0,0,0,manual
4876,28,motorcycle,750.71,507.49,778.14,540.4,0,0,0,0,manual
4876,29,car,669.29,506.67,722.78,545.07,0,0,0,0,manual
4877,8,car,739.67,436.12,774.64,491.8,0,0,0,0,manual
4877,9,motorcycle,1036.75,530.52,1075.64,556.42,0,0,0,0,manual
4877,25,motorcycle,702.09,485.06,726.78,512.49,0,0,0,0,manual
4877,26,motorcycle,730.89,497.75,755.58,525.18,0,0,0,0,manual
4877,27,motorcycle,732.27,477.86,758.39,505.29,0,0,0,0,manual
4877,28,motorcycle,750.23,506.39,777.66,539.3,0,0,0,0,manual
4877,29,car,669.34,506.67,722.83,545.07,0,0,0,0,manual
4878,8,car,739.73,436.66,774.7,492.34,0,0,0,0,manual
4878,9,motorcycle,1035.77,530.24,1074.66,556.14,0,0,0,0,manual
4878,25,motorcycle,701.82,484.45,726.5,511.88,0,0,0,0,manual
4878,26,motorcycle,730.89,497.34,755.58,524.77,0,0,0,0,manual
4878,27,motorcycle,731.99,477.32,758.11,504.74,0,0,0,0,manual
4878,28,motorcycle,749.75,505.29,777.18,538.21,0,0,0,0,manual
4878,29,car,669.4,506.67,722.89,545.07,0,0,0,0,manual
4879,8,car,739.78,437.19,774.75,492.87,0,0,0,0,manual
4879,9,motorcycle,1034.78,529.95,1073.67,555.85,0,0,0,0,manual
4879,25,motorcycle,701.54,483.83,726.23,511.26,0,0,0,0,manual
4879,26,motorcycle,730.89,496.93,755.58,524.35,0,0,0,0,manual
4879,27,motorcycle,731.72,476.77,757.84,504.2,0,0,0,0,manual
4879,28,motorcycle,749.27,504.2,776.7,537.11,0,0,0,0,manual
4879,29,car,669.45,506.67,722.94,545.07,0,0,0,0,manual
4880,8,car,739.84,437.73,774.81,493.41,0,0,1,0,manual
4880,9,motorcycle,1033.8,529.67,1072.69,555.57,0,0,1,0,manual
4880,25,motorcycle,701.27,483.21,725.96,510.64,0,0,0,0,manual
4880,26,motorcycle,730.89,496.51,755.58,523.94,0,0,0,0,manual
4880,27,motorcycle,731.44,476.22,757.56,503.65,0,0,0,0,manual
4880,28,motorcycle,748.79,503.1,776.22,536.01,0,0,0,0,manual
4880,29,car,669.51,506.67,722.99,545.07,0,0,0,0,manual
4881,8,car,739.88,437.88,774.85,493.56,0,0,0,0,manual
4881,9,motorcycle,1032.96,529.02,1071.85,554.92,0,0,0,0,manual
4881,25,motorcycle,701.0,482.6,725.68,510.02,0,0,0,0,manual
4881,26,motorcycle,730.89,496.1,755.58,523.53,0,0,0,0,manual
4881,27,motorcycle,731.17,475.67,757.29,503.1,0,0,0,0,manual
4881,28,motorcycle,748.31,502.0,775.74,534.92,0,0,0,0,manual
4881,29,car,669.56,506.67,723.05,545.07,0,0,0,0,manual
4882,8,car,739.93,438.03,774.9,493.71,0,0,0,0,manual
4882,9,motorcycle,1032.12,528.38,1071.01,554.28,0,0,0,0,manual
4882,25,motorcycle,700.72,481.98,725.41,509.41,0,0,1,0,manual
4882,26,motorcycle,730.89,495.69,755.58,523.12,0,0,1,0,manual
4882,27,motorcycle,730.89,475.12,757.01,502.55,0,0,1,0,manual
4882,28,motorcycle,747.83,500.9,775.26,533.82,0,0,0,0,manual
4882,29,car,669.62,506.67,723.1,545.07,0,0,0,0,manual
4883,8,car,739.97,438.18,774.94,493.86,0,0,0,0,manual
4883,9,motorcycle,1031.27,527.73,1070.16,553.63,0,0,0,0,manual
4883,25,motorcycle,700.31,481.22,725.0,508.65,0,0,0,0,manual
4883,26,motorcycle,730.69,495.07,755.37,522.5,0,0,0,0,manual
4883,27,motorcycle,730.41,474.09,756.53,501.52,0,0,0,0,manual
4883,28,motorcycle,747.35,499.81,774.78,532.72,0,0,1,0,manual
4883,29,car,669.67,506.67,723.16,545.07,0,0,0,0,manual
4884,8,car,740.01,438.33,774.98,494.01,0,0,0,0,manual
4884,9,motorcycle,1030.43,527.08,1069.32,552.98,0,0,0,0,manual
4884,25,motorcycle,699.9,480.47,724.58,507.9,0,0,0,0,manual
4884,26,motorcycle,730.48,494.46,755.17,521.89,0,0,0,0,manual
4884,27,motorcycle,729.93,473.06,756.05,500.49,0,0,0,0,manual
4884,28,motorcycle,747.08,499.48,774.51,532.39,0,0,0,0,manual
4884,29,car,669.73,506.67,723.21,545.07,0,0,0,0,manual
4885,8,car,740.06,438.49,775.03,494.17,0,0,0,0,manual
4885,9,motorcycle,1029.59,526.43,1068.48,552.33,0,0,0,0,manual
4885,25,motorcycle,699.49,479.72,724.17,507.14,0,0,0,0,manual
4885,26,motorcycle,730.28,493.84,754.96,521.27,0,0,0,0,manual
4885,27,motorcycle,729.45,472.04,755.57,499.47,0,0,0,0,manual
4885,28,motorcycle,746.8,499.15,774.23,532.06,0,0,0,0,manual
4885,29,car,669.78,506.67,723.27,545.07,0,0,0,0,manual
4886,8,car,740.1,438.64,775.07,494.32,0,0,0,0,manual
4886,9,motorcycle,1028.75,525.78,1067.64,551.69,0,0,0,0,manual
4886,25,motorcycle,699.08,478.96,723.76,506.39,0,0,0,0,manual
4886,26,motorcycle,730.07,493.22,754.76,520.65,0,0,0,0,manual
4886,27,motorcycle,728.97,471.01,755.09,498.44,0,0,0,0,manual
4886,28,motorcycle,746.53,498.82,773.96,531.73,0,0,0,0,manual
4886,29,car,669.84,506.67,723.32,545.07,0,0,0,0,manual
4887,8,car,740.14,438.79,775.11,494.47,0,0,0,0,manual
4887,9,motorcycle,1027.91,525.14,1066.8,551.04,0,0,0,0,manual
4887,25,motorcycle,698.66,478.21,723.35,505.64,0,0,0,0,manual
4887,26,motorcycle,729.87,492.61,754.55,520.03,0,0,0,0,manual
4887,27,motorcycle,728.49,469.98,754.61,497.41,0,0,0,0,manual
4887,28,motorcycle,746.25,498.49,773.68,531.4,0,0,0,0,manual
4887,29,car,669.89,506.67,723.38,545.07,0,0,0,0,manual
4888,8,car,740.19,438.94,775.16,494.62,0,0,0,0,manual
4888,9,motorcycle,1027.07,524.49,1065.96,550.39,0,0,0,0,manual
4888,25,motorcycle,698.25,477.45,722.94,504.88,0,0,0,0,manual
4888,26,motorcycle,729.66,491.99,754.35,519.42,0,0,0,0,manual
4888,27,motorcycle,728.01,468.95,754.13,496.38,0,0,0,0,manual
4888,28,motorcycle,745.98,498.16,773.41,531.08,0,0,0,0,manual
4888,29,car,669.95,506.67,723.43,545.07,0,0,0,0,manual
4889,8,car,740.23,439.09,775.2,494.77,0,0,0,0,manual
4889,9,motorcycle,1026.22,523.84,1065.11,549.74,0,0,0,0,manual
4889,25,motorcycle,697.84,476.7,722.53,504.13,0,0,0,0,manual
4889,26,motorcycle,729.45,491.37,754.14,518.8,0,0,0,0,manual
4889,27,motorcycle,727.53,467.92,753.65,495.35,0,0,0,0,manual
4889,28,motorcycle,745.71,497.83,773.13,530.75,0,0,0,0,manual
4889,29,car,670.0,506.67,723.49,545.07,0,0,0,0,manual
4890,8,car,740.27,439.24,775.24,494.92,0,0,0,0,manual
4890,9,motorcycle,1025.38,523.19,1064.27,549.1,0,0,0,0,manual
4890,25,motorcycle,697.43,475.94,722.12,503.37,0,0,0,0,manual
4890,26,motorcycle,729.25,490.75,753.93,518.18,0,0,0,0,manual
4890,27,motorcycle,727.05,466.89,753.17,494.32,0,0,0,0,manual
4890,28,motorcycle,745.43,497.5,772.86,530.42,0,0,0,0,manual
4890,29,car,670.06,506.67,723.54,545.07,0,0,0,0,manual
4891,8,car,740.31,439.39,775.28,495.07,0,0,0,0,manual
4891,9,motorcycle,1024.54,522.55,1063.43,548.45,0,0,0,0,manual
4891,25,motorcycle,697.02,475.19,721.7,502.62,0,0,0,0,manual
4891,26,motorcycle,729.04,490.14,753.73,517.57,0,0,0,0,manual
4891,27,motorcycle,726.57,465.86,752.69,493.29,0,0,0,0,manual
4891,28,motorcycle,745.16,497.17,772.59,530.09,0,0,0,0,manual
4891,29,car,670.11,506.67,723.6,545.07,0,0,0,0,manual
4892,8,car,740.36,439.54,775.33,495.22,0,0,0,0,manual
4892,9,motorcycle,1023.7,521.9,1062.59,547.8,0,0,0,0,manual
4892,25,motorcycle,696.61,474.44,721.29,501.86,0,0,0,0,manual
4892,26,motorcycle,728.84,489.52,753.52,516.95,0,0,0,0,manual
4892,27,motorcycle,726.09,464.84,752.21,492.27,0,0,0,0,manual
4892,28,motorcycle,744.88,496.84,772.31,529.76,0,0,0,0,manual
4892,29,car,670.17,506.67,723.65,545.07,0,0,0,0,manual
4893,8,car,740.4,439.69,775.37,495.37,0,0,0,0,manual
4893,9,motorcycle,1022.86,521.25,1061.75,547.15,0,0,0,0,manual
4893,25,motorcycle,696.2,473.68,720.88,501.11,0,0,0,0,manual
4893,26,motorcycle,728.63,488.9,753.32,516.33,0,0,0,0,manual
4893,27,motorcycle,725.61,463.81,751.73,491.24,0,0,0,0,manual
4893,28,motorcycle,744.61,496.52,772.04,529.43,0,0,0,0,manual
4893,29,car,670.22,506.67,723.71,545.07,0,0,0,0,manual
4894,8,car,740.44,439.84,775.41,495.52,0,0,0,0,manual
4894,9,motorcycle,1022.02,520.61,1060.91,546.5,0,0,0,0,manual
4894,25,motorcycle,695.78,472.93,720.47,500.36,0,0,0,0,manual
4894,26,motorcycle,728.43,488.29,753.11,515.71,0,0,0,0,manual
4894,27,motorcycle,725.13,462.78,751.25,490.21,0,0,0,0,manual
4894,28,motorcycle,744.33,496.19,771.76,529.1,0,0,0,0,manual
4894,29,car,670.28,506.67,723.76,545.07,0,0,0,0,manual
4895,8,car,740.49,440.0,775.46,495.68,0,0,0,0,manual
4895,9,motorcycle,1021.17,519.96,1060.06,545.86,0,0,0,0,manual
4895,25,motorcycle,695.37,472.17,720.06,499.6,0,0,0,0,manual
4895,26,motorcycle,728.22,487.67,752.91,515.1,0,0,0,0,manual
4895,27,motorcycle,724.65,461.75,750.77,489.18,0,0,0,0,manual
4895,28,motorcycle,744.06,495.86,771.49,528.77,0,0,0,0,manual
4895,29,car,670.33,506.67,723.82,545.07,0,0,0,0,manual
4896,8,car,740.53,440.15,775.5,495.83,0,0,0,0,manual
4896,9,motorcycle,1020.33,519.31,1059.22,545.21,0,0,0,0,manual
4896,25,motorcycle,694.96,471.42,719.65,498.85,0,0,0,0,manual
4896,26,motorcycle,728.01,487.05,752.7,514.48,0,0,0,0,manual
4896,27,motorcycle,724.17,460.72,750.29,488.15,0,0,0,0,manual
4896,28,motorcycle,743.79,495.53,771.21,528.44,0,0,0,0,manual
4896,29,car,670.39,506.67,723.87,545.07,0,0,0,0,manual
4897,8,car,740.57,440.3,775.54,495.98,0,0,0,0,manual
4897,9,motorcycle,1019.49,518.66,1058.38,544.56,0,0,0,0,manual
4897,25,motorcycle,694.55,470.66,719.24,498.09,0,0,0,0,manual
4897,26,motorcycle,727.81,486.43,752.49,513.86,0,0,0,0,manual
4897,27,motorcycle,723.69,459.69,749.81,487.12,0,0,0,0,manual
4897,28,motorcycle,743.51,495.2,770.94,528.11,0,0,0,0,manual
4897,29,car,670.44,506.67,723.93,545.07,0,0,0,0,manual
4898,8,car,740.62,440.45,775.59,496.13,0,0,0,0,manual
4898,9,motorcycle,1018.65,518.01,1057.54,543.91,0,0,0,0,manual
4898,25,motorcycle,694.14,469.91,718.82,497.34,0,0,0,0,manual
4898,26,motorcycle,727.6,485.82,752.29,513.25,0,0,0,0,manual
4898,27,motorcycle,723.21,458.67,749.33,486.09,0,0,0,0,manual
4898,28,motorcycle,743.24,494.87,770.67,527.78,0,0,0,0,manual
4898,29,car,670.5,506.67,723.98,545.07,0,0,0,0,manual
4899,8,car,740.66,440.6,775.63,496.28,0,0,0,0,manual
4899,9,motorcycle,1017.81,517.37,1056.7,543.27,0,0,0,0,manual
4899,25,motorcycle,693.73,469.16,718.41,496.59,0,0,0,0,manual
4899,26,motorcycle,727.4,485.2,752.08,512.63,0,0,0,0,manual
4899,27,motorcycle,722.73,457.64,748.85,485.07,0,0,0,0,manual
4899,28,motorcycle,742.96,494.54,770.39,527.45,0,0,0,0,manual
4899,29,car,670.55,506.67,724.04,545.07,0,0,0,0,manual
4900,8,car,740.7,440.75,775.67,496.43,0,0,0,0,manual
4900,9,motorcycle,1016.96,516.72,1055.86,542.62,0,0,0,0,manual
4900,25,motorcycle,693.32,468.4,718.0,495.83,0,0,0,0,manual
4900,26,motorcycle,727.19,484.58,751.88,512.01,0,0,0,0,manual
4900,27,motorcycle,722.25,456.61,748.37,484.04,0,0,0,0,manual
4900,28,motorcycle,742.69,494.21,770.12,527.13,0,0,0,0,manual
4900,29,car,670.61,506.67,724.09,545.07,0,0,0,0,manual
4901,8,car,740.75,440.9,775.72,496.58,0,0,0,0,manual
4901,9,motorcycle,1016.12,516.07,1055.01,541.97,0,0,0,0,manual
4901,25,motorcycle,692.9,467.65,717.59,495.08,0,0,0,0,manual
4901,26,motorcycle,726.99,483.97,751.67,511.39,0,0,0,0,manual
4901,27,motorcycle,721.77,455.58,747.89,483.01,0,0,0,0,manual
4901,28,motorcycle,742.41,493.88,769.84,526.8,0,0,0,0,manual
4901,29,car,670.66,506.67,724.15,545.07,0,0,0,0,manual
4902,8,car,740.79,441.05,775.76,496.73,0,0,0,0,manual
4902,9,motorcycle,1015.28,515.42,1054.17,541.33,0,0,0,0,manual
4902,25,motorcycle,692.49,466.89,717.18,494.32,0,0,1,0,manual
4902,26,motorcycle,726.78,483.35,751.47,510.78,0,0,1,0,manual
4902,27,motorcycle,721.29,454.55,747.41,481.98,0,0,1,0,manual
4902,28,motorcycle,742.14,493.55,769.57,526.47,0,0,0,0,manual
4902,29,car,670.72,506.67,724.2,545.07,0,0,0,0,manual
4903,8,car,740.83,441.2,775.8,496.88,0,0,0,0,manual
4903,9,motorcycle,1014.44,514.78,1053.33,540.68,0,0,0,0,manual
4903,25,motorcycle,692.45,466.12,717.13,493.55,0,0,0,0,manual
4903,26,motorcycle,726.64,482.75,751.33,510.18,0,0,0,0,manual
4903,27,motorcycle,720.79,453.5,746.91,480.93,0,0,0,0,manual
4903,28,motorcycle,741.87,493.22,769.29,526.14,0,0,0,0,manual
4903,29,car,670.77,506.67,724.26,545.07,0,0,0,0,manual
4904,8,car,740.88,441.35,775.85,497.03,0,0,0,0,manual
4904,9,motorcycle,1013.6,514.13,1052.49,540.03,0,0,0,0,manual
4904,25,motorcycle,692.4,465.34,717.09,492.77,0,0,0,0,manual
4904,26,motorcycle,726.51,482.16,751.19,509.59,0,0,0,0,manual
4904,27,motorcycle,720.29,452.45,746.41,479.88,0,0,0,0,manual
4904,28,motorcycle,741.59,492.89,769.02,525.81,0,0,0,0,manual
4904,29,car,670.83,506.67,724.31,545.07,0,0,0,0,manual
4905,8,car,740.92,441.5,775.89,497.19,0,0,0,0,manual
4905,9,motorcycle,1012.76,513.48,1051.65,539.38,0,0,0,0,manual
4905,25,motorcycle,692.36,464.56,717.04,491.99,0,0,0,0,manual
4905,26,motorcycle,726.37,481.57,751.05,508.99,0,0,0,0,manual
4905,27,motorcycle,719.79,451.4,745.91,478.83,0,0,0,0,manual
4905,28,motorcycle,741.32,492.57,768.75,525.48,0,0,0,0,manual
4905,29,car,670.88,506.67,724.37,545.07,0,0,0,0,manual
4906,8,car,740.96,441.66,775.93,497.34,0,0,0,0,manual
4906,9,motorcycle,1011.91,512.83,1050.8,538.74,0,0,0,0,manual
4906,25,motorcycle,692.31,463.78,717.0,491.21,0,0,0,0,manual
4906,26,motorcycle,726.23,480.97,750.92,508.4,0,0,0,0,manual
4906,27,motorcycle,719.28,450.35,745.4,477.77,0,0,0,0,manual
4906,28,motorcycle,741.04,492.24,768.47,525.15,0,0,0,0,manual
4906,29,car,670.94,506.67,724.42,545.07,0,0,0,0,manual
4907,8,car,741.01,441.81,775.98,497.49,0,0,0,0,manual
4907,9,motorcycle,1011.07,512.19,1049.96,538.09,0,0,0,0,manual
4907,25,motorcycle,692.26,463.01,716.95,490.44,0,0,0,0,manual
4907,26,motorcycle,726.09,480.38,750.78,507.81,0,0,0,0,manual
4907,27,motorcycle,718.78,449.29,744.9,476.72,0,0,0,0,manual
4907,28,motorcycle,740.77,491.91,768.2,524.82,0,0,0,0,manual
4907,29,car,670.99,506.67,724.48,545.07,0,0,0,0,manual
4908,8,car,741.05,441.96,776.02,497.64,0,0,0,0,manual
4908,9,motorcycle,1010.23,511.54,1049.12,537.44,0,0,0,0,manual
4908,25,motorcycle,692.22,462.23,716.9,489.66,0,0,0,0,manual
4908,26,motorcycle,725.96,479.78,750.64,507.21,0,0,0,0,manual
4908,27,motorcycle,718.28,448.24,744.4,475.67,0,0,0,0,manual
4908,28,motorcycle,740.49,491.58,767.92,524.49,0,0,0,0,manual
4908,29,car,671.05,506.67,724.53,545.07,0,0,0,0,manual
4909,8,car,741.09,442.11,776.06,497.79,0,0,0,0,manual
4909,9,motorcycle,1009.39,510.89,1048.28,536.79,0,0,0,0,manual
4909,25,motorcycle,692.17,461.45,716.86,488.88,0,0,0,0,manual
4909,26,motorcycle,725.82,479.19,750.51,506.62,0,0,0,0,manual
4909,27,motorcycle,717.77,447.19,743.89,474.62,0,0,0,0,manual
4909,28,motorcycle,740.22,491.25,767.65,524.16,0,0,0,0,manual
4909,29,car,671.1,506.67,724.59,545.07,0,0,0,0,manual
4910,8,car,741.13,442.26,776.11,497.94,0,0,0,0,manual
4910,9,motorcycle,1008.55,510.25,1047.44,536.14,0,0,0,0,manual
4910,25,motorcycle,692.13,460.68,716.81,488.11,0,0,0,0,manual
4910,26,motorcycle,725.68,478.59,750.37,506.02,0,0,0,0,manual
4910,27,motorcycle,717.27,446.14,743.39,473.57,0,0,0,0,manual
4910,28,motorcycle,739.95,490.92,767.37,523.83,0,0,0,0,manual
4910,29,car,671.15,506.67,724.64,545.07,0,0,0,0,manual
4911,8,car,741.18,442.41,776.15,498.09,0,0,0,0,manual
4911,9,motorcycle,1007.71,509.6,1046.6,535.5,0,0,0,0,manual
4911,25,motorcycle,692.08,459.9,716.77,487.33,0,0,0,0,manual
4911,26,motorcycle,725.55,478.0,750.23,505.43,0,0,0,0,manual
4911,27,motorcycle,716.77,445.09,742.89,472.52,0,0,0,0,manual
4911,28,motorcycle,739.67,490.59,767.1,523.51,0,0,0,0,manual
4911,29,car,671.21,506.67,724.7,545.07,0,0,0,0,manual
4912,8,car,741.22,442.56,776.19,498.24,0,0,0,0,manual
4912,9,motorcycle,1006.86,508.95,1045.75,534.85,0,0,0,0,manual
4912,25,motorcycle,692.04,459.12,716.72,486.55,0,0,0,0,manual
4912,26,motorcycle,725.41,477.41,750.09,504.83,0,0,0,0,manual
4912,27,motorcycle,716.27,444.04,742.39,471.47,0,0,0,0,manual
4912,28,motorcycle,739.4,490.26,766.83,523.18,0,0,0,0,manual
4912,29,car,671.26,506.67,724.75,545.07,0,0,0,0,manual
4913,8,car,741.26,442.71,776.23,498.39,0,0,0,0,manual
4913,9,motorcycle,1006.02,508.3,1044.91,534.2,0,0,0,0,manual
4913,25,motorcycle,691.99,458.34,716.68,485.77,0,0,0,0,manual
4913,26,motorcycle,725.27,476.81,749.96,504.24,0,0,0,0,manual
4913,27,motorcycle,715.76,442.99,741.88,470.41,0,0,0,0,manual
4913,28,motorcycle,739.12,489.93,766.55,522.85,0,0,0,0,manual
4913,29,car,671.32,506.67,724.81,545.07,0,0,0,0,manual
4914,8,car,741.31,442.86,776.28,498.54,0,0,0,0,manual
4914,9,motorcycle,1005.18,507.65,1044.07,533.55,0,0,0,0,manual
4914,25,motorcycle,691.94,457.57,716.63,485.0,0,0,0,0,manual
4914,26,motorcycle,725.13,476.22,749.82,503.65,0,0,0,0,manual
4914,27,motorcycle,715.26,441.93,741.38,469.36,0,0,0,0,manual
4914,28,motorcycle,738.85,489.6,766.28,522.52,0,0,0,0,manual
4914,29,car,671.37,506.67,724.86,545.07,0,0,0,0,manual
4915,8,car,741.35,443.02,776.32,498.7,0,0,0,0,manual
4915,9,motorcycle,1004.34,507.01,1043.23,532.91,0,0,0,0,manual
4915,25,motorcycle,691.9,456.79,716.58,484.22,0,0,0,0,manual
4915,26,motorcycle,725.0,475.62,749.68,503.05,0,0,0,0,manual
4915,27,motorcycle,714.76,440.88,740.88,468.31,0,0,0,0,manual
4915,28,motorcycle,738.57,489.27,766.0,522.19,0,0,0,0,manual
4915,29,car,671.43,506.67,724.92,545.07,0,0,0,0,manual
4916,8,car,741.39,443.17,776.36,498.85,0,0,0,0,manual
4916,9,motorcycle,1003.5,506.36,1042.39,532.26,0,0,0,0,manual
4916,25,motorcycle,691.85,456.01,716.54,483.44,0,0,0,0,manual
4916,26,motorcycle,724.86,475.03,749.55,502.46,0,0,0,0,manual
4916,27,motorcycle,714.25,439.83,740.37,467.26,0,0,0,0,manual
4916,28,motorcycle,738.3,488.94,765.73,521.86,0,0,0,0,manual
4916,29,car,671.48,506.67,724.97,545.07,0,0,0,0,manual
4917,8,car,741.44,443.32,776.41,499.0,0,0,0,0,manual
4917,9,motorcycle,1002.66,505.71,1041.55,531.61,0,0,0,0,manual
4917,25,motorcycle,691.81,455.24,716.49,482.67,0,0,0,0,manual
4917,26,motorcycle,724.72,474.43,749.41,501.86,0,0,0,0,manual
4917,27,motorcycle,713.75,438.78,739.87,466.21,0,0,0,0,manual
4917,28,motorcycle,738.03,488.62,765.45,521.53,0,0,0,0,manual
4917,29,car,671.54,506.67,725.02,545.07,0,0,0,0,manual
4918,8,car,741.48,443.47,776.45,499.15,0,0,0,0,manual
4918,9,motorcycle,1001.81,505.06,1040.7,530.96,0,0,0,0,manual
4918,25,motorcycle,691.76,454.46,716.45,481.89,0,0,0,0,manual
4918,26,motorcycle,724.59,473.84,749.27,501.27,0,0,0,0,manual
4918,27,motorcycle,713.25,437.73,739.37,465.16,0,0,0,0,manual
4918,28,motorcycle,737.75,488.29,765.18,521.2,0,0,0,0,manual
4918,29,car,671.59,506.67,725.08,545.07,0,0,0,0,manual
4919,8,car,741.52,443.62,776.49,499.3,0,0,0,0,manual
4919,9,motorcycle,1000.97,504.42,1039.86,530.32,0,0,0,0,manual
4919,25,motorcycle,691.72,453.68,716.4,481.11,0,0,0,0,manual
4919,26,motorcycle,724.45,473.25,749.13,500.67,0,0,0,0,manual
4919,27,motorcycle,712.75,436.68,738.87,464.11,0,0,0,0,manual
4919,28,motorcycle,737.48,487.96,764.91,520.87,0,0,0,0,manual
4919,29,car,671.65,506.67,725.13,545.07,0,0,0,0,manual
4920,8,car,741.57,443.77,776.54,499.45,0,0,0,0,manual
4920,9,motorcycle,1000.13,503.77,1039.02,529.67,0,0,1,0,manual
4920,25,motorcycle,691.67,452.9,716.36,480.33,0,0,0,0,manual
4920,26,motorcycle,724.31,472.65,749.0,500.08,0,0,0,0,manual
4920,27,motorcycle,712.24,435.62,738.36,463.05,0,0,0,0,manual
4920,28,motorcycle,737.2,487.63,764.63,520.54,0,0,0,0,manual
4920,29,car,671.7,506.67,725.19,545.07,0,0,0,0,manual
4921,8,car,741.61,443.92,776.58,499.6,0,0,0,0,manual
4921,9,motorcycle,999.28,503.43,1038.17,529.33,0,0,0,0,manual
4921,25,motorcycle,691.62,452.13,716.31,479.56,0,0,0,0,manual
4921,26,motorcycle,724.17,472.06,748.86,499.49,0,0,0,0,manual
4921,27,motorcycle,711.74,434.57,737.86,462.0,0,0,0,0,manual
4921,28,motorcycle,736.93,487.3,764.36,520.21,0,0,0,0,manual
4921,29,car,671.76,506.67,725.24,545.07,0,0,0,0,manual
4922,8,car,741.65,444.07,776.62,499.75,0,0,0,0,manual
4922,9,motorcycle,998.42,503.1,1037.31,529.0,0,0,0,0,manual
4922,25,motorcycle,691.58,451.35,716.26,478.78,0,0,0,0,manual
4922,26,motorcycle,724.04,471.46,748.72,498.89,0,0,0,0,manual
4922,27,motorcycle,711.24,433.52,737.36,460.95,0,0,0,0,manual
4922,28,motorcycle,736.65,486.97,764.08,519.88,0,0,0,0,manual
4922,29,car,671.81,506.67,725.3,545.07,0,0,0,0,manual
4923,8,car,741.7,444.22,776.67,499.9,0,0,0,0,manual
4923,9,motorcycle,997.57,502.76,1036.46,528.66,0,0,0,0,manual
4923,25,motorcycle,691.53,450.57,716.22,478.0,0,0,0,0,manual
4923,26,motorcycle,723.9,470.87,748.59,498.3,0,0,0,0,manual
4923,27,motorcycle,710.73,432.47,736.85,459.9,0,0,0,0,manual
4923,28,motorcycle,736.38,486.64,763.81,519.56,0,0,0,0,manual
4923,29,car,671.87,506.67,725.35,545.07,0,0,0,0,manual
4924,8,car,741.74,444.37,776.71,500.05,0,0,0,0,manual
4924,9,motorcycle,996.71,502.42,1035.6,528.32,0,0,0,0,manual
4924,25,motorcycle,691.49,449.8,716.17,477.23,0,0,0,0,manual
4924,26,motorcycle,723.76,470.27,748.45,497.7,0,0,0,0,manual
4924,27,motorcycle,710.23,431.42,736.35,458.85,0,0,0,0,manual
4924,28,motorcycle,736.11,486.31,763.53,519.23,0,0,0,0,manual
4924,29,car,671.92,506.67,725.41,545.07,0,0,1,0,manual
4925,8,car,741.78,444.53,776.75,500.21,0,0,0,0,manual
4925,9,motorcycle,995.86,502.09,1034.75,527.99,0,0,0,0,manual
4925,25,motorcycle,691.44,449.02,716.13,476.45,0,0,0,0,manual
4925,26,motorcycle,723.63,469.68,748.31,497.11,0,0,0,0,manual
4925,27,motorcycle,709.73,430.37,735.85,457.8,0,0,0,0,manual
4925,28,motorcycle,735.83,485.98,763.26,518.9,0,0,0,0,manual
4925,29,car,672.08,506.62,725.57,545.02,0,0,0,0,manual
4926,8,car,741.83,444.68,776.8,500.36,0,0,0,0,manual
4926,9,motorcycle,995.0,501.75,1033.89,527.65,0,0,0,0,manual
4926,25,motorcycle,691.4,448.24,716.08,475.67,0,0,0,0,manual
4926,26,motorcycle,723.49,469.09,748.17,496.51,0,0,0,0,manual
4926,27,motorcycle,709.23,429.32,735.35,456.75,0,0,0,0,manual
4926,28,motorcycle,735.56,485.65,762.99,518.57,0,0,0,0,manual
4926,29,car,672.24,506.57,725.73,544.97,0,0,0,0,manual
4927,8,car,741.87,444.83,776.84,500.51,0,0,0,0,manual
4927,9,motorcycle,994.15,501.41,1033.04,527.31,0,0,0,0,manual
4927,25,motorcycle,691.35,447.46,716.04,474.89,0,0,0,0,manual
4927,26,motorcycle,723.35,468.49,748.04,495.92,0,0,0,0,manual
4927,27,motorcycle,708.72,428.26,734.84,455.69,0,0,0,0,manual
4927,28,motorcycle,735.28,485.32,762.71,518.24,0,0,0,0,manual
4927,29,car,672.4,506.53,725.89,544.93,0,0,0,0,manual
4928,8,car,741.91,444.98,776.88,500.66,0,0,0,0,manual
4928,9,motorcycle,993.29,501.08,1032.18,526.98,0,0,0,0,manual
4928,25,motorcycle,691.3,446.69,715.99,474.12,0,0,0,0,manual
4928,26,motorcycle,723.21,467.9,747.9,495.33,0,0,0,0,manual
4928,27,motorcycle,708.22,427.21,734.34,454.64,0,0,0,0,manual
4928,28,motorcycle,735.01,485.0,762.44,517.91,0,0,0,0,manual
4928,29,car,672.56,506.48,726.05,544.88,0,0,0,0,manual
4929,8,car,741.96,445.13,776.93,500.81,0,0,0,0,manual
4929,9,motorcycle,992.44,500.74,1031.33,526.64,0,0,0,0,manual
4929,25,motorcycle,691.26,445.91,715.95,473.34,0,0,0,0,manual
4929,26,motorcycle,723.08,467.3,747.76,494.73,0,0,0,0,manual
4929,27,motorcycle,707.72,426.16,733.84,453.59,0,0,0,0,manual
4929,28,motorcycle,734.73,484.67,762.16,517.58,0,0,0,0,manual
4929,29,car,672.72,506.44,726.21,544.84,0,0,0,0,manual
4930,8,car,742.0,445.28,776.97,500.96,0,0,0,0,manual
4930,9,motorcycle,991.58,500.4,1030.47,526.3,0,0,0,0,manual
4930,25,motorcycle,691.21,445.13,715.9,472.56,0,0,0,0,manual
4930,26,motorcycle,722.94,466.71,747.63,494.14,0,0,0,0,manual
4930,27,motorcycle,707.21,425.11,733.33,452.54,0,0,0,0,manual
4930,28,motorcycle,734.46,484.34,761.89,517.25,0,0,0,0,manual
4930,29,car,672.88,506.39,726.37,544.79,0,0,0,0,manual
4931,8,car,742.04,445.43,777.01,501.11,0,0,0,0,manual
4931,9,motorcycle,990.73,500.07,1029.62,525.97,0,0,0,0,manual
4931,25,motorcycle,691.17,444.36,715.85,471.79,0,0,0,0,manual
4931,26,motorcycle,722.8,466.11,747.49,493.54,0,0,0,0,manual
4931,27,motorcycle,706.71,424.06,732.83,451.49,0,0,0,0,manual
4931,28,motorcycle,734.19,484.01,761.62,516.92,0,0,0,0,manual
4931,29,car,673.04,506.35,726.53,544.75,0,0,0,0,manual
4932,8,car,742.08,445.58,777.05,501.26,0,0,0,0,manual
4932,9,motorcycle,989.87,499.73,1028.76,525.63,0,0,0,0,manual
4932,25,motorcycle,691.12,443.58,715.81,471.01,0,0,1,0,manual
4932,26,motorcycle,722.67,465.52,747.35,492.95,0,0,1,0,manual
4932,27,motorcycle,706.21,423.01,732.33,450.44,0,0,1,0,manual
4932,28,motorcycle,733.91,483.68,761.34,516.59,0,0,0,0,manual
4932,29,car,673.2,506.3,726.69,544.7,0,0,0,0,manual
4933,8,car,742.13,445.73,777.1,501.41,0,0,0,0,manual
4933,9,motorcycle,989.02,499.39,1027.91,525.29,0,0,0,0,manual
4933,25,motorcycle,691.26,442.69,715.95,470.12,0,0,0,0,manual
4933,26,motorcycle,722.25,464.77,746.94,492.19,0,0,0,0,manual
4933,27,motorcycle,705.25,421.77,731.37,449.2,0,0,0,0,manual
4933,28,motorcycle,733.64,483.35,761.07,516.26,0,0,1,0,manual
4933,29,car,673.36,506.25,726.85,544.65,0,0,0,0,manual
4934,8,car,742.17,445.88,777.14,501.56,0,0,0,0,manual
4934,9,motorcycle,988.17,499.06,1027.05,524.96,0,0,0,0,manual
4934,25,motorcycle,691.4,441.8,716.08,469.22,0,0,0,0,manual
4934,26,motorcycle,721.84,464.01,746.53,491.44,0,0,0,0,manual
4934,27,motorcycle,704.29,420.54,730.41,447.97,0,0,0,0,manual
4934,28,motorcycle,733.16,482.73,760.59,515.65,0,0,0,0,manual
4934,29,car,673.52,506.21,727.01,544.61,0,0,0,0,manual
4935,8,car,742.21,446.04,777.18,501.72,0,0,0,0,manual
4935,9,motorcycle,987.31,498.72,1026.2,524.62,0,0,0,0,manual
4935,25,motorcycle,691.53,440.9,716.22,468.33,0,0,0,0,manual
4935,26,motorcycle,721.43,463.26,746.12,490.69,0,0,0,0,manual
4935,27,motorcycle,703.33,419.3,729.45,446.73,0,0,0,0,manual
4935,28,motorcycle,732.68,482.12,760.11,515.03,0,0,0,0,manual
4935,29,car,673.68,506.16,727.17,544.56,0,0,0,0,manual
4936,8,car,742.26,446.19,777.23,501.87,0,0,0,0,manual
4936,9,motorcycle,986.46,498.38,1025.34,524.28,0,0,0,0,manual
4936,25,motorcycle,691.67,440.01,716.36,467.44,0,0,0,0,manual
4936,26,motorcycle,721.02,462.5,745.71,489.93,0,0,0,0,manual
4936,27,motorcycle,702.37,418.07,728.49,445.5,0,0,0,0,manual
4936,28,motorcycle,732.2,481.5,759.63,514.41,0,0,0,0,manual
4936,29,car,673.84,506.12,727.33,544.52,0,0,0,0,manual
4937,8,car,742.3,446.34,777.27,502.02,0,0,0,0,manual
4937,9,motorcycle,985.6,498.05,1024.49,523.95,0,0,0,0,manual
4937,25,motorcycle,691.81,439.12,716.49,466.55,0,0,0,0,manual
4937,26,motorcycle,720.61,461.75,745.29,489.18,0,0,0,0,manual
4937,27,motorcycle,701.41,416.84,727.53,444.27,0,0,0,0,manual
4937,28,motorcycle,731.72,480.88,759.15,513.8,0,0,0,0,manual
4937,29,car,674.0,506.07,727.49,544.47,0,0,0,0,manual
4938,8,car,742.34,446.49,777.31,502.17,0,0,0,0,manual
4938,9,motorcycle,984.75,497.71,1023.63,523.61,0,0,0,0,manual
4938,25,motorcycle,691.95,438.23,716.63,465.66,0,0,0,0,manual
4938,26,motorcycle,720.2,460.99,744.88,488.42,0,0,0,0,manual
4938,27,motorcycle,700.45,415.6,726.57,443.03,0,0,0,0,manual
4938,28,motorcycle,731.24,480.26,758.67,513.18,0,0,0,0,manual
4938,29,car,674.16,506.03,727.65,544.43,0,0,0,0,manual
4939,8,car,742.39,446.64,777.36,502.32,0,0,0,0,manual
4939,9,motorcycle,983.89,497.37,1022.78,523.27,0,0,0,0,manual
4939,25,motorcycle,692.08,437.34,716.77,464.77,0,0,0,0,manual
4939,26,motorcycle,719.79,460.24,744.47,487.67,0,0,0,0,manual
4939,27,motorcycle,699.49,414.37,725.61,441.8,0,0,0,0,manual
4939,28,motorcycle,730.76,479.65,758.19,512.56,0,0,0,0,manual
4939,29,car,674.32,505.98,727.81,544.38,0,0,0,0,manual
4940,8,car,742.43,446.79,777.4,502.47,0,0,1,0,manual
4940,9,motorcycle,983.04,497.04,1021.92,522.94,0,0,0,0,manual
4940,25,motorcycle,692.22,436.45,716.91,463.88,0,0,0,0,manual
4940,26,motorcycle,719.37,459.49,744.06,486.91,0,0,0,0,manual
4940,27,motorcycle,698.53,413.13,724.65,440.56,0,0,0,0,manual
4940,28,motorcycle,730.28,479.03,757.71,511.94,0,0,0,0,manual
4940,29,car,674.48,505.93,727.97,544.33,0,0,0,0,manual
4941,8,car,742.44,447.04,777.41,502.72,0,0,0,0,manual
4941,9,motorcycle,982.18,496.7,1021.07,522.6,0,0,0,0,manual
4941,25,motorcycle,692.36,435.56,717.04,462.98,0,0,0,0,manual
4941,26,motorcycle,718.96,458.73,743.65,486.16,0,0,0,0,manual
4941,27,motorcycle,697.57,411.9,723.69,439.33,0,0,0,0,manual
4941,28,motorcycle,729.8,478.41,757.23,511.33,0,0,0,0,manual
4941,29,car,674.64,505.89,728.13,544.29,0,0,0,0,manual
4942,8,car,742.45,447.28,777.42,502.96,0,0,0,0,manual
4942,9,motorcycle,981.33,496.36,1020.21,522.26,0,0,0,0,manual
4942,25,motorcycle,692.49,434.66,717.18,462.09,0,0,0,0,manual
4942,26,motorcycle,718.55,457.98,743.24,485.41,0,0,0,0,manual
4942,27,motorcycle,696.61,410.67,722.73,438.09,0,0,0,0,manual
4942,28,motorcycle,729.32,477.8,756.75,510.71,0,0,0,0,manual
4942,29,car,674.8,505.84,728.29,544.24,0,0,0,0,manual
4943,8,car,742.47,447.53,777.44,503.21,0,0,0,0,manual
4943,9,motorcycle,980.47,496.03,1019.36,521.93,0,0,0,0,manual
4943,25,motorcycle,692.63,433.77,717.32,461.2,0,0,0,0,manual
4943,26,motorcycle,718.14,457.22,742.83,484.65,0,0,0,0,manual
4943,27,motorcycle,695.65,409.43,721.77,436.86,0,0,0,0,manual
4943,28,motorcycle,728.84,477.18,756.27,510.09,0,0,0,0,manual
4943,29,car,674.96,505.8,728.45,544.2,0,0,0,0,manual
4944,8,car,742.48,447.78,777.45,503.46,0,0,0,0,manual
4944,9,motorcycle,979.62,495.69,1018.5,521.59,0,0,0,0,manual
4944,25,motorcycle,692.77,432.88,717.45,460.31,0,0,0,0,manual
4944,26,motorcycle,717.73,456.47,742.41,483.9,0,0,0,0,manual
4944,27,motorcycle,694.69,408.2,720.81,435.63,0,0,0,0,manual
4944,28,motorcycle,728.36,476.56,755.79,509.48,0,0,0,0,manual
4944,29,car,675.12,505.75,728.61,544.15,0,0,0,0,manual
4945,8,car,742.49,448.03,777.46,503.71,0,0,0,0,manual
4945,9,motorcycle,978.76,495.36,1017.65,521.25,0,0,0,0,manual
4945,25,motorcycle,692.91,431.99,717.59,459.42,0,0,0,0,manual
4945,26,motorcycle,717.32,455.71,742.0,483.14,0,0,0,0,manual
4945,27,motorcycle,693.73,406.96,719.85,434.39,0,0,0,0,manual
4945,28,motorcycle,727.88,475.94,755.31,508.86,0,0,0,0,manual
4945,29,car,675.28,505.71,728.77,544.11,0,0,0,0,manual
4946,8,car,742.5,448.27,777.47,503.95,0,0,0,0,manual
4946,9,motorcycle,977.91,495.02,1016.8,520.92,0,0,0,0,manual
4946,25,motorcycle,693.04,431.1,717.73,458.53,0,0,0,0,manual
4946,26,motorcycle,716.91,454.96,741.59,482.39,0,0,0,0,manual
4946,27,motorcycle,692.77,405.73,718.89,433.16,0,0,0,0,manual
4946,28,motorcycle,727.4,475.33,754.83,508.24,0,0,0,0,manual
4946,29,car,675.44,505.66,728.93,544.06,0,0,0,0,manual
4947,8,car,742.51,448.52,777.48,504.2,0,0,0,0,manual
4947,9,motorcycle,977.06,494.68,1015.94,520.58,0,0,0,0,manual
4947,25,motorcycle,693.18,430.21,717.87,457.64,0,0,0,0,manual
4947,26,motorcycle,716.49,454.21,741.18,481.63,0,0,0,0,manual
4947,27,motorcycle,691.81,404.49,717.93,431.92,0,0,0,0,manual
4947,28,motorcycle,726.92,474.71,754.35,507.62,0,0,0,0,manual
4947,29,car,675.6,505.61,729.09,544.01,0,0,0,0,manual
4948,8,car,742.52,448.77,777.49,504.45,0,0,0,0,manual
4948,9,motorcycle,976.2,494.35,1015.09,520.25,0,0,0,0,manual
4948,25,motorcycle,693.32,429.32,718.0,456.74,0,0,0,0,manual
4948,26,motorcycle,716.08,453.45,740.77,480.88,0,0,0,0,manual
4948,27,motorcycle,690.85,403.26,716.97,430.69,0,0,0,0,manual
4948,28,motorcycle,726.44,474.09,753.87,507.01,0,0,0,0,manual
4948,29,car,675.76,505.57,729.25,543.97,0,0,0,0,manual
4949,8,car,742.54,449.02,777.51,504.7,0,0,0,0,manual
4949,9,motorcycle,975.35,494.01,1014.23,519.91,0,0,0,0,manual
4949,25,motorcycle,693.45,428.42,718.14,455.85,0,0,0,0,manual
4949,26,motorcycle,715.67,452.7,740.36,480.13,0,0,0,0,manual
4949,27,motorcycle,689.89,402.03,716.01,429.45,0,0,0,0,manual
4949,28,motorcycle,725.96,473.48,753.39,506.39,0,0,0,0,manual
4949,29,car,675.92,505.52,729.41,543.92,0,0,0,0,manual
4950,8,car,742.55,449.26,777.52,504.94,0,0,0,0,manual
4950,9,motorcycle,974.49,493.67,1013.38,519.57,0,0,0,0,manual
4950,25,motorcycle,693.59,427.53,718.28,454.96,0,0,0,0,manual
4950,26,motorcycle,715.26,451.94,739.95,479.37,0,0,0,0,manual
4950,27,motorcycle,688.93,400.79,715.05,428.22,0,0,0,0,manual
4950,28,motorcycle,725.48,472.86,752.91,505.77,0,0,0,0,manual
4950,29,car,676.08,505.48,729.57,543.88,0,0,0,0,manual
4951,8,car,742.56,449.51,777.53,505.19,0,0,0,0,manual
4951,9,motorcycle,973.64,493.34,1012.52,519.24,0,0,0,0,manual
4951,25,motorcycle,693.73,426.64,718.41,454.07,0,0,0,0,manual
4951,26,motorcycle,714.85,451.19,739.53,478.62,0,0,0,0,manual
4951,27,motorcycle,687.97,399.56,714.09,426.99,0,0,0,0,manual
4951,28,motorcycle,725.0,472.24,752.43,505.16,0,0,0,0,manual
4951,29,car,676.24,505.43,729.73,543.83,0,0,0,0,manual
4952,8,car,742.57,449.76,777.54,505.44,0,0,0,0,manual
4952,9,motorcycle,972.78,493.0,1011.67,518.9,0,0,0,0,manual
4952,25,motorcycle,693.87,425.75,718.55,453.18,0,0,1,0,manual
4952,26,motorcycle,714.44,450.43,739.12,477.86,0,0,1,0,manual
4952,27,motorcycle,687.01,398.32,713.13,425.75,0,0,1,0,manual
4952,28,motorcycle,724.52,471.62,751.95,504.54,0,0,0,0,manual
4952,29,car,676.4,505.39,729.89,543.79,0,0,0,0,manual
4953,8,car,742.58,450.0,777.55,505.68,0,0,0,0,manual
4953,9,motorcycle,971.93,492.66,1010.81,518.56,0,0,0,0,manual
4953,25,motorcycle,693.93,425.27,718.62,452.7,0,0,0,0,manual
4953,26,motorcycle,714.09,449.54,738.78,476.97,0,0,0,0,manual
4953,27,motorcycle,686.73,397.5,712.85,424.93,0,0,0,0,manual
4953,28,motorcycle,724.04,471.01,751.47,503.92,0,0,0,0,manual
4953,29,car,676.56,505.34,730.05,543.74,0,0,0,0,manual
4954,8,car,742.6,450.25,777.56,505.93,0,0,0,0,manual
4954,9,motorcycle,971.07,492.33,1009.96,518.23,0,0,0,0,manual
4954,25,motorcycle,694.0,424.79,718.69,452.22,0,0,0,0,manual
4954,26,motorcycle,713.75,448.65,738.44,476.08,0,0,0,0,manual
4954,27,motorcycle,686.46,396.68,712.58,424.11,0,0,0,0,manual
4954,28,motorcycle,723.56,470.39,750.99,503.3,0,0,0,0,manual
4954,29,car,676.72,505.29,730.21,543.69,0,0,0,0,manual
4955,8,car,742.61,450.5,777.58,506.18,0,0,0,0,manual
4955,9,motorcycle,970.22,491.99,1009.1,517.89,0,0,0,0,manual
4955,25,motorcycle,694.07,424.31,718.76,451.74,0,0,0,0,manual
4955,26,motorcycle,713.41,447.76,738.09,475.19,0,0,0,0,manual
4955,27,motorcycle,686.19,395.85,712.31,423.28,0,0,0,0,manual
4955,28,motorcycle,723.08,469.77,750.51,502.69,0,0,0,0,manual
4955,29,car,676.88,505.25,730.37,543.65,0,0,0,0,manual
4956,8,car,742.62,450.75,777.59,506.43,0,0,0,0,manual
4956,9,motorcycle,969.36,491.65,1008.25,517.55,0,0,0,0,manual
4956,25,motorcycle,694.14,423.83,718.83,451.26,0,0,0,0,manual
4956,26,motorcycle,713.07,446.87,737.75,474.3,0,0,0,0,manual
4956,27,motorcycle,685.91,395.03,712.03,422.46,0,0,0,0,manual
4956,28,motorcycle,722.6,469.16,750.03,502.07,0,0,0,0,manual
4956,29,car,677.04,505.2,730.53,543.6,0,0,0,0,manual
4957,8,car,742.63,450.99,777.6,506.67,0,0,0,0,manual
4957,9,motorcycle,968.51,491.32,1007.39,517.22,0,0,0,0,manual
4957,25,motorcycle,694.21,423.35,718.89,450.78,0,0,0,0,manual
4957,26,motorcycle,712.72,445.98,737.41,473.41,0,0,0,0,manual
4957,27,motorcycle,685.64,394.21,711.76,421.64,0,0,0,0,manual
4957,28,motorcycle,722.12,468.54,749.55,501.45,0,0,0,0,manual
4957,29,car,677.2,505.16,730.69,543.56,0,0,0,0,manual
4958,8,car,742.64,451.24,777.61,506.92,0,0,0,0,manual
4958,9,motorcycle,967.66,490.98,1006.54,516.88,0,0,0,0,manual
4958,25,motorcycle,694.28,422.87,718.96,450.3,0,0,0,0,manual
4958,26,motorcycle,712.38,445.09,737.07,472.51,0,0,0,0,manual
4958,27,motorcycle,685.36,393.39,711.48,420.81,0,0,0,0,manual
4958,28,motorcycle,721.64,467.92,749.07,500.84,0,0,0,0,manual
4958,29,car,677.36,505.11,730.85,543.51,0,0,0,0,manual
4959,8,car,742.65,451.49,777.62,507.17,0,0,0,0,manual
4959,9,motorcycle,966.8,490.64,1005.68,516.54,0,0,0,0,manual
4959,25,motorcycle,694.35,422.39,719.03,449.82,0,0,0,0,manual
4959,26,motorcycle,712.04,444.19,736.72,471.62,0,0,0,0,manual
4959,27,motorcycle,685.09,392.56,711.21,419.99,0,0,0,0,manual
4959,28,motorcycle,721.16,467.3,748.59,500.22,0,0,0,0,manual
4959,29,car,677.52,505.07,731.01,543.47,0,0,0,0,manual
4960,8,car,742.67,451.74,777.63,507.42,0,0,0,0,manual
4960,9,motorcycle,965.95,490.31,1004.83,516.21,0,0,0,0,manual
4960,25,motorcycle,694.41,421.91,719.1,449.34,0,0,0,0,manual
4960,26,motorcycle,711.69,443.3,736.38,470.73,0,0,0,0,manual
4960,27,motorcycle,684.81,391.74,710.93,419.17,0,0,0,0,manual
4960,28,motorcycle,720.68,466.69,748.11,499.6,0,0,0,0,manual
4960,29,car,677.68,505.02,731.17,543.42,0,0,0,0,manual
4961,8,car,742.68,451.98,777.65,507.66,0,0,0,0,manual
4961,9,motorcycle,965.09,489.97,1003.97,515.87,0,0,0,0,manual
4961,25,motorcycle,694.48,421.43,719.17,448.86,0,0,0,0,manual
4961,26,motorcycle,711.35,442.41,736.04,469.84,0,0,0,0,manual
4961,27,motorcycle,684.54,390.92,710.66,418.35,0,0,0,0,manual
4961,28,motorcycle,720.2,466.07,747.63,498.98,0,0,0,0,manual
4961,29,car,677.84,504.97,731.33,543.37,0,0,0,0,manual
4962,8,car,742.69,452.23,777.66,507.91,0,0,0,0,manual
4962,9,motorcycle,964.24,489.63,1003.12,515.53,0,0,0,0,manual
4962,25,motorcycle,694.55,420.95,719.24,448.38,0,0,0,0,manual
4962,26,motorcycle,711.01,441.52,735.69,468.95,0,0,0,0,manual
4962,27,motorcycle,684.27,390.09,710.39,417.52,0,0,0,0,manual
4962,28,motorcycle,719.72,465.45,747.15,498.37,0,0,0,0,manual
4962,29,car,678.0,504.93,731.49,543.33,0,0,0,0,manual
4963,8,car,742.7,452.48,777.67,508.16,0,0,0,0,manual
4963,9,motorcycle,963.38,489.3,1002.26,515.2,0,0,0,0,manual
4963,25,motorcycle,694.62,420.47,719.31,447.9,0,0,0,0,manual
4963,26,motorcycle,710.67,440.63,735.35,468.06,0,0,0,0,manual
4963,27,motorcycle,683.99,389.27,710.11,416.7,0,0,0,0,manual
4963,28,motorcycle,719.24,464.84,746.67,497.75,0,0,0,0,manual
4963,29,car,678.16,504.88,731.65,543.28,0,0,0,0,manual
4964,8,car,742.71,452.72,777.68,508.4,0,0,0,0,manual
4964,9,motorcycle,962.53,488.96,1001.41,514.86,0,0,0,0,manual
4964,25,motorcycle,694.69,419.99,719.37,447.42,0,0,0,0,manual
4964,26,motorcycle,710.32,439.74,735.01,467.17,0,0,0,0,manual
4964,27,motorcycle,683.72,388.45,709.84,415.88,0,0,0,0,manual
4964,28,motorcycle,718.76,464.22,746.19,497.13,0,0,0,0,manual
4964,29,car,678.32,504.84,731.81,543.24,0,0,0,0,manual
4965,8,car,742.73,452.97,777.69,508.65,0,0,0,0,manual
4965,9,motorcycle,961.67,488.62,1000.55,514.52,0,0,0,0,manual
4965,25,motorcycle,694.76,419.51,719.44,446.94,0,0,0,0,manual
4965,26,motorcycle,709.98,438.85,734.67,466.28,0,0,0,0,manual
4965,27,motorcycle,683.44,387.63,709.56,415.05,0,0,0,0,manual
4965,28,motorcycle,718.28,463.6,745.71,496.52,0,0,0,0,manual
4965,29,car,678.48,504.79,731.97,543.19,0,0,0,0,manual
4966,8,car,742.74,453.22,777.7,508.9,0,0,0,0,manual
4966,9,motorcycle,960.82,488.29,999.7,514.19,0,0,0,0,manual
4966,25,motorcycle,694.83,419.03,719.51,446.46,0,0,0,0,manual
4966,26,motorcycle,709.64,437.95,734.32,465.38,0,0,0,0,manual
4966,27,motorcycle,683.17,386.8,709.29,414.23,0,0,0,0,manual
4966,28,motorcycle,717.8,462.98,745.23,495.9,0,0,0,0,manual
4966,29,car,678.64,504.75,732.13,543.15,0,0,0,0,manual
4967,8,car,742.75,453.47,777.72,509.15,0,0,0,0,manual
4967,9,motorcycle,959.96,487.95,998.84,513.85,0,0,0,0,manual
4967,25,motorcycle,694.89,418.55,719.58,445.98,0,0,0,0,manual
4967,26,motorcycle,709.29,437.06,733.98,464.49,0,0,0,0,manual
4967,27,motorcycle,682.89,385.98,709.01,413.41,0,0,0,0,manual
4967,28,motorcycle,717.32,462.37,744.75,495.28,0,0,0,0,manual
4967,29,car,678.8,504.7,732.29,543.1,0,0,0,0,manual
4968,8,car,742.76,453.71,777.73,509.39,0,0,0,0,manual
4968,9,motorcycle,959.11,487.61,997.99,513.51,0,0,0,0,manual
4968,25,motorcycle,694.96,418.07,719.65,445.5,0,0,0,0,manual
4968,26,motorcycle,708.95,436.17,733.64,463.6,0,0,0,0,manual
4968,27,motorcycle,682.62,385.16,708.74,412.59,0,0,0,0,manual
4968,28,motorcycle,716.84,461.75,744.27,494.66,0,0,0,0,manual
4968,29,car,678.96,504.65,732.45,543.05,0,0,0,0,manual
4969,8,car,742.77,453.96,777.74,509.64,0,0,0,0,manual
4969,9,motorcycle,958.25,487.28,997.13,513.18,0,0,0,0,manual
4969,25,motorcycle,695.03,417.59,719.72,445.02,0,0,0,0,manual
4969,26,motorcycle,708.61,435.28,733.29,462.71,0,0,0,0,manual
4969,27,motorcycle,682.35,384.33,708.47,411.76,0,0,0,0,manual
4969,28,motorcycle,716.36,461.13,743.79,494.05,0,0,0,0,manual
4969,29,car,679.12,504.61,732.61,543.01,0,0,0,0,manual
4970,8,car,742.78,454.21,777.75,509.89,0,0,0,0,manual
4970,9,motorcycle,957.4,486.94,996.28,512.84,0,0,1,0,manual
4970,25,motorcycle,695.1,417.11,719.79,444.54,0,0,0,0,manual
4970,26,motorcycle,708.27,434.39,732.95,461.82,0,0,0,0,manual
4970,27,motorcycle,682.07,383.51,708.19,410.94,0,0,0,0,manual
4970,28,motorcycle,715.88,460.52,743.31,493.43,0,0,0,0,manual
4970,29,car,679.28,504.56,732.77,542.96,0,0,0,0,manual
4971,8,car,742.8,454.46,777.76,510.14,0,0,0,0,manual
4971,9,motorcycle,956.8,486.71,995.68,512.61,0,0,0,0,manual
4971,25,motorcycle,695.17,416.63,719.85,444.06,0,0,0,0,manual
4971,26,motorcycle,707.92,433.5,732.61,460.93,0,0,0,0,manual
4971,27,motorcycle,681.8,382.69,707.92,410.12,0,0,0,0,manual
4971,28,motorcycle,715.4,459.9,742.83,492.81,0,0,0,0,manual
4971,29,car,679.44,504.52,732.93,542.92,0,0,0,0,manual
4972,8,car,742.81,454.7,777.78,510.38,0,0,0,0,manual
4972,9,motorcycle,956.21,486.47,995.09,512.37,0,0,0,0,manual
4972,25,motorcycle,695.24,416.15,719.92,443.58,0,0,1,0,manual
4972,26,motorcycle,707.58,432.61,732.27,460.04,0,0,1,0,manual
4972,27,motorcycle,681.52,381.87,707.64,409.29,0,0,1,0,manual
4972,28,motorcycle,714.92,459.28,742.35,492.2,0,0,0,0,manual
4972,29,car,679.6,504.47,733.09,542.87,0,0,0,0,manual
4973,8,car,742.82,454.95,777.79,510.63,0,0,0,0,manual
4973,9,motorcycle,955.61,486.24,994.49,512.14,0,0,0,0,manual
4973,25,motorcycle,695.24,416.15,719.92,443.58,1,0,1,0,manual
4973,26,motorcycle,707.58,432.61,732.27,460.04,1,0,1,0,manual
4973,27,motorcycle,681.52,381.87,707.64,409.29,1,0,1,0,manual
4973,28,motorcycle,714.44,458.66,741.87,491.58,0,0,1,0,manual
4973,29,car,679.76,504.43,733.25,542.83,0,0,0,0,manual
4974,8,car,742.83,455.2,777.8,510.88,0,0,0,0,manual
4974,9,motorcycle,955.02,486.01,993.9,511.91,0,0,0,0,manual
4974,28,motorcycle,714.13,457.7,741.56,490.62,0,0,0,0,manual
4974,29,car,679.92,504.38,733.41,542.78,0,0,0,0,manual
4975,8,car,742.84,455.44,777.81,511.12,0,0,0,0,manual
4975,9,motorcycle,954.42,485.77,993.3,511.67,0,0,0,0,manual
4975,28,motorcycle,713.82,456.74,741.25,489.66,0,0,0,0,manual
4975,29,car,680.08,504.33,733.57,542.73,0,0,0,0,manual
4976,8,car,742.86,455.69,777.82,511.37,0,0,0,0,manual
4976,9,motorcycle,953.83,485.54,992.71,511.44,0,0,0,0,manual
4976,28,motorcycle,713.51,455.78,740.94,488.7,0,0,0,0,manual
4976,29,car,680.24,504.29,733.73,542.69,0,0,0,0,manual
4977,8,car,742.87,455.94,777.83,511.62,0,0,0,0,manual
4977,9,motorcycle,953.23,485.31,992.11,511.21,0,0,0,0,manual
4977,28,motorcycle,713.2,454.82,740.63,487.74,0,0,0,0,manual
4977,29,car,680.4,504.24,733.89,542.64,0,0,0,0,manual
4978,8,car,742.88,456.19,777.85,511.87,0,0,0,0,manual
4978,9,motorcycle,952.64,485.07,991.52,510.97,0,0,0,0,manual
4978,28,motorcycle,712.89,453.86,740.32,486.78,0,0,0,0,manual
4978,29,car,680.56,504.2,734.05,542.6,0,0,0,0,manual
4979,8,car,742.89,456.43,777.86,512.11,0,0,0,0,manual
4979,9,motorcycle,952.04,484.84,990.92,510.74,0,0,0,0,manual
4979,28,motorcycle,712.59,452.9,740.01,485.82,0,0,0,0,manual
4979,29,car,680.72,504.15,734.21,542.55,0,0,0,0,manual
4980,8,car,742.9,456.68,777.87,512.36,0,0,0,0,manual
4980,9,motorcycle,951.44,484.61,990.32,510.51,0,0,0,0,manual
4980,28,motorcycle,712.28,451.94,739.71,484.86,0,0,0,0,manual
4980,29,car,680.88,504.11,734.37,542.51,0,0,0,0,manual
4981,8,car,742.91,456.93,777.88,512.61,0,0,0,0,manual
4981,9,motorcycle,950.85,484.37,989.73,510.27,0,0,0,0,manual
4981,28,motorcycle,711.97,450.98,739.4,483.9,0,0,0,0,manual
4981,29,car,681.04,504.06,734.53,542.46,0,0,0,0,manual
4982,8,car,742.93,457.18,777.89,512.86,0,0,0,0,manual
4982,9,motorcycle,950.25,484.14,989.13,510.04,0,0,0,0,manual
4982,28,motorcycle,711.66,450.02,739.09,482.94,0,0,0,0,manual
4982,29,car,681.2,504.01,734.69,542.41,0,0,0,0,manual
4983,8,car,742.94,457.42,777.9,513.1,0,0,0,0,manual
4983,9,motorcycle,949.66,483.91,988.54,509.81,0,0,0,0,manual
4983,28,motorcycle,711.35,449.06,738.78,481.98,0,0,0,0,manual
4983,29,car,681.36,503.97,734.85,542.37,0,0,0,0,manual
4984,8,car,742.95,457.67,777.92,513.35,0,0,0,0,manual
4984,9,motorcycle,949.06,483.68,987.94,509.58,0,0,0,0,manual
4984,28,motorcycle,711.04,448.1,738.47,481.02,0,0,0,0,manual
4984,29,car,681.52,503.92,735.01,542.32,0,0,1,0,manual
4985,8,car,742.96,457.92,777.93,513.6,0,0,0,0,manual
4985,9,motorcycle,948.47,483.44,987.35,509.34,0,0,0,0,manual
4985,28,motorcycle,710.73,447.14,738.16,480.06,0,0,0,0,manual
4985,29,car,681.66,503.92,735.15,542.32,0,0,0,0,manual
4986,8,car,742.97,458.16,777.94,513.84,0,0,0,0,manual
4986,9,motorcycle,947.87,483.21,986.75,509.11,0,0,0,0,manual
4986,28,motorcycle,710.43,446.18,737.85,479.1,0,0,0,0,manual
4986,29,car,681.8,503.92,735.28,542.32,0,0,0,0,manual
4987,8,car,742.99,458.41,777.95,514.09,0,0,0,0,manual
4987,9,motorcycle,947.27,482.98,986.15,508.88,0,0,0,0,manual
4987,28,motorcycle,710.12,445.22,737.55,478.14,0,0,0,0,manual
4987,29,car,681.93,503.92,735.42,542.32,0,0,0,0,manual
4988,8,car,743.0,458.66,777.96,514.34,0,0,0,0,manual
4988,9,motorcycle,946.68,482.74,985.56,508.64,0,0,0,0,manual
4988,28,motorcycle,709.81,444.26,737.24,477.18,0,0,0,0,manual
4988,29,car,682.07,503.92,735.56,542.32,0,0,0,0,manual
4989,8,car,743.01,458.91,777.97,514.59,0,0,0,0,manual
4989,9,motorcycle,946.08,482.51,984.96,508.41,0,0,0,0,manual
4989,28,motorcycle,709.5,443.3,736.93,476.22,0,0,0,0,manual
4989,29,car,682.21,503.92,735.69,542.32,0,0,0,0,manual
4990,8,car,743.02,459.15,777.99,514.83,0,0,0,0,manual
4990,9,motorcycle,945.49,482.28,984.37,508.18,0,0,0,0,manual
4990,28,motorcycle,709.19,442.34,736.62,475.26,0,0,0,0,manual
4990,29,car,682.35,503.92,735.83,542.32,0,0,0,0,manual
4991,8,car,743.03,459.4,778.0,515.08,0,0,0,0,manual
4991,9,motorcycle,944.89,482.04,983.77,507.94,0,0,0,0,manual
4991,28,motorcycle,708.88,441.38,736.31,474.3,0,0,0,0,manual
4991,29,car,682.48,503.92,735.97,542.32,0,0,0,0,manual
4992,8,car,743.04,459.65,778.01,515.33,0,0,0,0,manual
4992,9,motorcycle,944.3,481.81,983.18,507.71,0,0,0,0,manual
4992,28,motorcycle,708.57,440.42,736.0,473.34,0,0,0,0,manual
4992,29,car,682.62,503.92,736.11,542.32,0,0,0,0,manual
4993,8,car,743.06,459.9,778.02,515.58,0,0,0,0,manual
4993,9,motorcycle,943.7,481.58,982.58,507.48,0,0,0,0,manual
4993,28,motorcycle,708.27,439.46,735.69,472.38,0,0,0,0,manual
4993,29,car,682.76,503.92,736.24,542.32,0,0,0,0,manual
4994,8,car,743.07,460.14,778.03,515.82,0,0,0,0,manual
4994,9,motorcycle,943.11,481.34,981.99,507.24,0,0,0,0,manual
4994,28,motorcycle,707.96,438.5,735.39,471.42,0,0,0,0,manual
4994,29,car,682.89,503.92,736.38,542.32,0,0,0,0,manual
4995,8,car,743.08,460.39,778.05,516.07,0,0,0,0,manual
4995,9,motorcycle,942.51,481.11,981.39,507.01,0,0,0,0,manual
4995,28,motorcycle,707.65,437.54,735.08,470.46,0,0,0,0,manual
4995,29,car,683.03,503.92,736.52,542.32,0,0,0,0,manual
4996,8,car,743.09,460.64,778.06,516.32,0,0,0,0,manual
4996,9,motorcycle,941.91,480.88,980.79,506.78,0,0,0,0,manual
4996,28,motorcycle,707.34,436.58,734.77,469.5,0,0,0,0,manual
4996,29,car,683.17,503.92,736.65,542.32,0,0,0,0,manual
4997,8,car,743.1,460.88,778.07,516.56,0,0,0,0,manual
4997,9,motorcycle,941.32,480.64,980.2,506.54,0,0,0,0,manual
4997,28,motorcycle,707.03,435.62,734.46,468.54,0,0,0,0,manual
4997,29,car,683.31,503.92,736.79,542.32,0,0,0,0,manual
4998,8,car,743.12,461.13,778.08,516.81,0,0,0,0,manual
4998,9,motorcycle,940.72,480.41,979.6,506.31,0,0,0,0,manual
4998,28,motorcycle,706.72,434.66,734.15,467.58,0,0,0,0,manual
4998,29,car,683.44,503.92,736.93,542.32,0,0,0,0,manual
4999,8,car,743.13,461.38,778.09,517.06,0,0,0,0,manual
4999,9,motorcycle,940.13,480.18,979.01,506.08,0,0,0,0,manual
4999,28,motorcycle,706.41,433.7,733.84,466.62,0,0,0,0,manual
4999,29,car,683.58,503.92,737.07,542.32,0,0,0,0,manual
5000,8,car,743.14,461.63,778.1,517.31,0,0,0,0,manual
5000,9,motorcycle,939.53,479.94,978.41,505.84,0,0,0,0,manual
5000,28,motorcycle,706.11,432.74,733.53,465.66,0,0,0,0,manual
5000,29,car,683.72,503.92,737.2,542.32,0,0,0,0,manual
5001,8,car,743.15,461.87,778.12,517.55,0,0,0,0,manual
5001,9,motorcycle,938.94,479.71,977.82,505.61,0,0,0,0,manual
5001,28,motorcycle,705.8,431.78,733.23,464.7,0,0,0,0,manual
5001,29,car,683.85,503.92,737.34,542.32,0,0,0,0,manual
5002,8,car,743.16,462.12,778.13,517.8,0,0,0,0,manual
5002,9,motorcycle,938.34,479.48,977.22,505.38,0,0,0,0,manual
5002,28,motorcycle,705.49,430.82,732.92,463.74,0,0,0,0,manual
5002,29,car,683.99,503.92,737.48,542.32,0,0,0,0,manual
5003,8,car,743.17,462.37,778.14,518.05,0,0,0,0,manual
5003,9,motorcycle,937.75,479.24,976.63,505.14,0,0,0,0,manual
5003,28,motorcycle,705.18,429.86,732.61,462.78,0,0,0,0,manual
5003,29,car,684.13,503.92,737.61,542.32,0,0,0,0,manual
5004,8,car,743.19,462.62,778.15,518.3,0,0,0,0,manual
5004,9,motorcycle,937.15,479.01,976.03,504.91,0,0,0,0,manual
5004,28,motorcycle,704.87,428.9,732.3,461.82,0,0,0,0,manual
5004,29,car,684.27,503.92,737.75,542.32,0,0,0,0,manual
5005,8,car,743.2,462.86,778.16,518.54,0,0,0,0,manual
5005,9,motorcycle,936.55,478.78,975.43,504.68,0,0,0,0,manual
5005,28,motorcycle,704.56,427.94,731.99,460.86,0,0,0,0,manual
5005,29,car,684.4,503.92,737.89,542.32,0,0,0,0,manual
5006,8,car,743.21,463.11,778.17,518.79,0,0,0,0,manual
5006,9,motorcycle,935.96,478.54,974.84,504.44,0,0,0,0,manual
5006,28,motorcycle,704.25,426.98,731.68,459.9,0,0,0,0,manual
5006,29,car,684.54,503.92,738.03,542.32,0,0,0,0,manual
5007,8,car,743.22,463.36,778.19,519.04,0,0,0,0,manual
5007,9,motorcycle,935.36,478.31,974.24,504.21,0,0,0,0,manual
5007,28,motorcycle,703.95,426.02,731.37,458.94,0,0,0,0,manual
5007,29,car,684.68,503.92,738.16,542.32,0,0,0,0,manual
5008,8,car,743.23,463.6,778.2,519.28,0,0,0,0,manual
5008,9,motorcycle,934.77,478.08,973.65,503.98,0,0,0,0,manual
5008,28,motorcycle,703.64,425.06,731.07,457.98,0,0,0,0,manual
5008,29,car,684.81,503.92,738.3,542.32,0,0,0,0,manual
5009,8,car,743.25,463.85,778.21,519.53,0,0,0,0,manual
5009,9,motorcycle,934.17,477.85,973.05,503.75,0,0,0,0,manual
5009,28,motorcycle,703.33,424.1,730.76,457.02,0,0,0,0,manual
5009,29,car,684.95,503.92,738.44,542.32,0,0,0,0,manual
5010,8,car,743.26,464.1,778.22,519.78,0,0,0,0,manual
5010,9,motorcycle,933.58,477.61,972.46,503.51,0,0,0,0,manual
5010,28,motorcycle,703.02,423.14,730.45,456.06,0,0,0,0,manual
5010,29,car,685.09,503.92,738.57,542.32,0,0,0,0,manual
5011,8,car,743.27,464.35,778.23,520.03,0,0,0,0,manual
5011,9,motorcycle,932.98,477.38,971.86,503.28,0,0,0,0,manual
5011,28,motorcycle,702.71,422.18,730.14,455.1,0,0,0,0,manual
5011,29,car,685.23,503.92,738.71,542.32,0,0,0,0,manual
5012,8,car,743.28,464.59,778.24,520.27,0,0,0,0,manual
5012,9,motorcycle,932.38,477.15,971.26,503.05,0,0,0,0,manual
5012,28,motorcycle,702.4,421.22,729.83,454.14,0,0,0,0,manual
5012,29,car,685.36,503.92,738.85,542.32,0,0,0,0,manual
5013,8,car,743.29,464.84,778.26,520.52,0,0,0,0,manual
5013,9,motorcycle,931.79,476.91,970.67,502.81,0,0,0,0,manual
5013,28,motorcycle,702.09,420.26,729.52,453.18,0,0,1,0,manual
5013,29,car,685.5,503.92,738.99,542.32,0,0,0,0,manual
5014,8,car,743.3,465.09,778.27,520.77,0,0,0,0,manual
5014,9,motorcycle,931.19,476.68,970.07,502.58,0,0,0,0,manual
5014,28,motorcycle,702.09,420.26,729.52,453.18,1,0,1,0,manual
5014,29,car,685.64,503.92,739.12,542.32,0,0,0,0,manual
5015,8,car,743.32,465.34,778.28,521.02,0,0,0,0,manual
5015,9,motorcycle,930.6,476.45,969.48,502.35,0,0,0,0,manual
5015,29,car,685.77,503.92,739.26,542.32,0,0,0,0,manual
5016,8,car,743.33,465.58,778.29,521.26,0,0,0,0,manual
5016,9,motorcycle,930.0,476.21,968.88,502.11,0,0,0,0,manual
5016,29,car,685.91,503.92,739.4,542.32,0,0,0,0,manual
5017,8,car,743.34,465.83,778.3,521.51,0,0,0,0,manual
5017,9,motorcycle,929.41,475.98,968.29,501.88,0,0,0,0,manual
5017,29,car,686.05,503.92,739.53,542.32,0,0,0,0,manual
5018,8,car,743.35,466.08,778.31,521.76,0,0,0,0,manual
5018,9,motorcycle,928.81,475.75,967.69,501.65,0,0,0,0,manual
5018,29,car,686.19,503.92,739.67,542.32,0,0,0,0,manual
5019,8,car,743.36,466.32,778.33,522.0,0,0,0,0,manual
5019,9,motorcycle,928.22,475.51,967.1,501.41,0,0,0,0,manual
5019,29,car,686.32,503.92,739.81,542.32,0,0,0,0,manual
5020,8,car,743.38,466.57,778.34,522.25,0,0,0,0,manual
5020,9,motorcycle,927.62,475.28,966.5,501.18,0,0,1,0,manual
5020,29,car,686.46,503.92,739.95,542.32,0,0,0,0,manual
5021,8,car,743.39,466.82,778.35,522.5,0,0,0,0,manual
5021,9,motorcycle,927.13,475.06,966.01,501.02,0,0,0,0,manual
5021,29,car,686.6,503.92,740.08,542.32,0,0,0,0,manual
5022,8,car,743.4,467.07,778.36,522.75,0,0,0,0,manual
5022,9,motorcycle,926.63,474.83,965.51,500.85,0,0,0,0,manual
5022,29,car,686.73,503.92,740.22,542.32,0,0,0,0,manual
5023,8,car,743.41,467.31,778.37,522.99,0,0,0,0,manual
5023,9,motorcycle,926.14,474.61,965.02,500.69,0,0,0,0,manual
5023,29,car,686.87,503.92,740.36,542.32,0,0,0,0,manual
5024,8,car,743.42,467.56,778.39,523.24,0,0,0,0,manual
5024,9,motorcycle,925.64,474.39,964.52,500.52,0,0,0,0,manual
5024,29,car,687.01,503.92,740.49,542.32,0,0,0,0,manual
5024,30,motorcycle,772.04,558.78,793.98,580.72,0,0,1,0,manual
5024,31,motorcycle,758.32,571.12,780.27,599.92,0,0,1,0,manual
5025,8,car,743.43,467.81,778.4,523.49,0,0,0,0,manual
5025,9,motorcycle,925.15,474.16,964.03,500.36,0,0,0,0,manual
5025,29,car,687.15,503.92,740.63,542.32,0,0,0,0,manual
5025,30,motorcycle,772.04,558.78,793.99,580.72,0,0,0,0,manual
5025,31,motorcycle,758.12,570.71,780.06,599.51,0,0,0,0,manual
5026,8,car,743.45,468.06,778.41,523.74,0,0,0,0,manual
5026,9,motorcycle,924.65,473.94,963.53,500.19,0,0,0,0,manual
5026,29,car,687.28,503.92,740.77,542.32,0,0,0,0,manual
5026,30,motorcycle,772.05,558.78,793.99,580.72,0,0,0,0,manual
5026,31,motorcycle,757.91,570.3,779.85,599.1,0,0,0,0,manual
5027,8,car,743.46,468.3,778.42,523.98,0,0,0,0,manual
5027,9,motorcycle,924.16,473.72,963.04,500.03,0,0,0,0,manual
5027,29,car,687.42,503.92,740.91,542.32,0,0,0,0,manual
5027,30,motorcycle,772.06,558.78,794.0,580.72,0,0,0,0,manual
5027,31,motorcycle,757.71,569.89,779.65,598.69,0,0,0,0,manual
5028,8,car,743.47,468.55,778.43,524.23,0,0,0,0,manual
5028,9,motorcycle,923.66,473.49,962.54,499.86,0,0,0,0,manual
5028,29,car,687.56,503.92,741.04,542.32,0,0,0,0,manual
5028,30,motorcycle,772.07,558.78,794.01,580.72,0,0,0,0,manual
5028,31,motorcycle,757.5,569.48,779.44,598.28,0,0,0,0,manual
5029,8,car,743.48,468.8,778.44,524.48,0,0,0,0,manual
5029,9,motorcycle,923.17,473.27,962.05,499.7,0,0,0,0,manual
5029,29,car,687.69,503.92,741.18,542.32,0,0,0,0,manual
5029,30,motorcycle,772.07,558.78,794.02,580.72,0,0,0,0,manual
5029,31,motorcycle,757.29,569.06,779.24,597.86,0,0,0,0,manual
5030,8,car,743.49,469.04,778.46,524.72,0,0,0,0,manual
5030,9,motorcycle,922.68,473.05,961.56,499.53,0,0,0,0,manual
5030,29,car,687.83,503.92,741.32,542.32,0,0,0,0,manual
5030,30,motorcycle,772.08,558.78,794.02,580.72,0,0,0,0,manual
5030,31,motorcycle,757.09,568.65,779.03,597.45,0,0,0,0,manual
5031,8,car,743.51,469.29,778.47,524.97,0,0,0,0,manual
5031,9,motorcycle,922.18,472.82,961.06,499.37,0,0,0,0,manual
5031,29,car,687.97,503.92,741.45,542.32,0,0,0,0,manual
5031,30,motorcycle,772.09,558.78,794.03,580.72,0,0,0,0,manual
5031,31,motorcycle,756.88,568.24,778.83,597.04,0,0,0,0,manual
5032,8,car,743.52,469.54,778.48,525.22,0,0,0,0,manual
5032,9,motorcycle,921.69,472.6,960.57,499.2,0,0,0,0,manual
5032,29,car,688.11,503.92,741.59,542.32,0,0,0,0,manual
5032,30,motorcycle,772.09,558.78,794.04,580.72,0,0,0,0,manual
5032,31,motorcycle,756.68,567.83,778.62,596.63,0,0,0,0,manual
5033,8,car,743.53,469.79,778.49,525.47,0,0,0,0,manual
5033,9,motorcycle,921.19,472.38,960.07,499.04,0,0,0,0,manual
5033,29,car,688.24,503.92,741.73,542.32,0,0,0,0,manual
5033,30,motorcycle,772.1,558.78,794.05,580.72,0,0,0,0,manual
5033,31,motorcycle,756.47,567.42,778.41,596.22,0,0,0,0,manual
5034,8,car,743.54,470.03,778.5,525.71,0,0,0,0,manual
5034,9,motorcycle,920.7,472.15,959.58,498.87,0,0,0,0,manual
5034,29,car,688.38,503.92,741.87,542.32,0,0,1,0,manual
5034,30,motorcycle,772.11,558.78,794.05,580.72,0,0,0,0,manual
5034,31,motorcycle,756.27,567.01,778.21,595.81,0,0,0,0,manual
5035,8,car,743.55,470.28,778.51,525.96,0,0,0,0,manual
5035,9,motorcycle,920.2,471.93,959.08,498.71,0,0,0,0,manual
5035,29,car,688.52,503.92,742.0,542.32,0,0,0,0,manual
5035,30,motorcycle,772.12,558.78,794.06,580.72,0,0,0,0,manual
5035,31,motorcycle,756.06,566.6,778.0,595.4,0,0,0,0,manual
5036,8,car,743.56,470.53,778.53,526.21,0,0,0,0,manual
5036,9,motorcycle,919.71,471.7,958.59,498.54,0,0,0,0,manual
5036,29,car,688.65,503.92,742.14,542.32,0,0,0,0,manual
5036,30,motorcycle,772.12,558.78,794.07,580.72,0,0,0,0,manual
5036,31,motorcycle,755.85,566.18,777.8,594.98,0,0,0,0,manual
5037,8,car,743.58,470.78,778.54,526.46,0,0,0,0,manual
5037,9,motorcycle,919.21,471.48,958.09,498.38,0,0,0,0,manual
5037,29,car,688.79,503.92,742.28,542.32,0,0,0,0,manual
5037,30,motorcycle,772.13,558.78,794.07,580.72,0,0,0,0,manual
5037,31,motorcycle,755.65,565.77,777.59,594.57,0,0,0,0,manual
5038,8,car,743.59,471.02,778.55,526.7,0,0,0,0,manual
5038,9,motorcycle,918.72,471.26,957.6,498.21,0,0,0,0,manual
5038,29,car,688.93,503.92,742.41,542.32,0,0,0,0,manual
5038,30,motorcycle,772.14,558.78,794.08,580.72,0,0,0,0,manual
5038,31,motorcycle,755.44,565.36,777.39,594.16,0,0,0,0,manual
5039,8,car,743.6,471.27,778.56,526.95,0,0,0,0,manual
5039,9,motorcycle,918.23,471.03,957.11,498.05,0,0,0,0,manual
5039,29,car,689.07,503.92,742.55,542.32,0,0,0,0,manual
5039,30,motorcycle,772.15,558.78,794.09,580.72,0,0,0,0,manual
5039,31,motorcycle,755.24,564.95,777.18,593.75,0,0,0,0,manual
5040,8,car,743.61,471.52,778.57,527.2,0,0,0,0,manual
5040,9,motorcycle,917.73,470.81,956.61,497.88,0,0,0,0,manual
5040,29,car,689.2,503.92,742.69,542.32,0,0,0,0,manual
5040,30,motorcycle,772.15,558.78,794.1,580.72,0,0,0,0,manual
5040,31,motorcycle,755.03,564.54,776.97,593.34,0,0,0,0,manual
5041,8,car,743.62,471.76,778.58,527.44,0,0,0,0,manual
5041,9,motorcycle,917.24,470.59,956.12,497.72,0,0,0,0,manual
5041,29,car,689.34,503.92,742.83,542.32,0,0,0,0,manual
5041,30,motorcycle,772.16,558.78,794.1,580.72,0,0,0,0,manual
5041,31,motorcycle,754.83,564.13,776.77,592.93,0,0,0,0,manual
5042,8,car,743.64,472.01,778.6,527.69,0,0,0,0,manual
5042,9,motorcycle,916.74,470.36,955.62,497.55,0,0,0,0,manual
5042,29,car,689.48,503.92,742.96,542.32,0,0,0,0,manual
5042,30,motorcycle,772.17,558.78,794.11,580.72,0,0,0,0,manual
5042,31,motorcycle,754.62,563.72,776.56,592.52,0,0,0,0,manual
5043,8,car,743.65,472.26,778.61,527.94,0,0,0,0,manual
5043,9,motorcycle,916.25,470.14,955.13,497.39,0,0,0,0,manual
5043,29,car,689.61,503.92,743.1,542.32,0,0,0,0,manual
5043,30,motorcycle,772.17,558.78,794.12,580.72,0,0,0,0,manual
5043,31,motorcycle,754.41,563.3,776.36,592.1,0,0,0,0,manual
5044,8,car,743.66,472.51,778.62,528.19,0,0,0,0,manual
5044,9,motorcycle,915.75,469.92,954.63,497.22,0,0,0,0,manual
5044,29,car,689.75,503.92,743.24,542.32,0,0,0,0,manual
5044,30,motorcycle,772.18,558.78,794.12,580.72,0,0,0,0,manual
5044,31,motorcycle,754.21,562.89,776.15,591.69,0,0,1,0,manual
5045,8,car,743.67,472.75,778.63,528.43,0,0,0,0,manual
5045,9,motorcycle,915.26,469.69,954.14,497.06,0,0,0,0,manual
5045,29,car,689.89,503.92,743.37,542.32,0,0,0,0,manual
5045,30,motorcycle,772.19,558.78,794.13,580.72,0,0,0,0,manual
5045,31,motorcycle,754.21,562.87,776.15,591.67,0,0,0,0,manual
5046,8,car,743.68,473.0,778.64,528.68,0,0,0,0,manual
5046,9,motorcycle,914.76,469.47,953.64,496.89,0,0,0,0,manual
5046,29,car,690.03,503.92,743.51,542.32,0,0,0,0,manual
5046,30,motorcycle,772.2,558.78,794.14,580.72,0,0,0,0,manual
5046,31,motorcycle,754.21,562.85,776.15,591.65,0,0,0,0,manual
5047,8,car,743.69,473.25,778.65,528.93,0,0,0,0,manual
5047,9,motorcycle,914.27,469.25,953.15,496.73,0,0,0,0,manual
5047,29,car,690.16,503.92,743.65,542.32,0,0,0,0,manual
5047,30,motorcycle,772.2,558.78,794.15,580.72,0,0,0,0,manual
5047,31,motorcycle,754.21,562.83,776.15,591.63,0,0,0,0,manual
5048,8,car,743.71,473.5,778.67,529.18,0,0,0,0,manual
5048,9,motorcycle,913.78,469.02,952.66,496.57,0,0,0,0,manual
5048,29,car,690.3,503.92,743.79,542.32,0,0,0,0,manual
5048,30,motorcycle,772.21,558.78,794.15,580.72,0,0,0,0,manual
5048,31,motorcycle,754.21,562.81,776.15,591.61,0,0,0,0,manual
5049,8,car,743.72,473.74,778.68,529.42,0,0,0,0,manual
5049,9,motorcycle,913.28,468.8,952.16,496.4,0,0,0,0,manual
5049,29,car,690.44,503.92,743.92,542.32,0,0,0,0,manual
5049,30,motorcycle,772.22,558.78,794.16,580.72,0,0,0,0,manual
5049,31,motorcycle,754.21,562.78,776.15,591.58,0,0,0,0,manual
5050,8,car,743.73,473.99,778.69,529.67,0,0,1,0,manual
5050,9,motorcycle,912.79,468.58,951.67,496.24,0,0,0,0,manual
5050,29,car,690.57,503.92,744.06,542.32,0,0,0,0,manual
5050,30,motorcycle,772.22,558.78,794.17,580.72,0,0,0,0,manual
5050,31,motorcycle,754.21,562.76,776.15,591.56,0,0,0,0,manual
5051,8,car,743.63,474.39,778.64,530.07,0,0,0,0,manual
5051,9,motorcycle,912.29,468.35,951.17,496.07,0,0,0,0,manual
5051,29,car,690.71,503.92,744.2,542.32,0,0,0,0,manual
5051,30,motorcycle,772.23,558.78,794.18,580.72,0,0,0,0,manual
5051,31,motorcycle,754.21,562.74,776.15,591.54,0,0,0,0,manual
5052,8,car,743.52,474.78,778.59,530.46,0,0,0,0,manual
5052,9,motorcycle,911.8,468.13,950.68,495.91,0,0,0,0,manual
5052,29,car,690.85,503.92,744.33,542.32,0,0,0,0,manual
5052,30,motorcycle,772.24,558.78,794.18,580.72,0,0,0,0,manual
5052,31,motorcycle,754.21,562.72,776.15,591.52,0,0,0,0,manual
5053,8,car,743.42,475.18,778.53,530.86,0,0,0,0,manual
5053,9,motorcycle,911.3,467.91,950.18,495.74,0,0,0,0,manual
5053,29,car,690.99,503.92,744.47,542.32,0,0,0,0,manual
5053,30,motorcycle,772.25,558.78,794.19,580.72,0,0,0,0,manual
5053,31,motorcycle,754.21,562.7,776.15,591.5,0,0,0,0,manual
5054,8,car,743.31,475.58,778.48,531.26,0,0,0,0,manual
5054,9,motorcycle,910.81,467.68,949.69,495.58,0,0,0,0,manual
5054,29,car,691.12,503.92,744.61,542.32,0,0,0,0,manual
5054,30,motorcycle,772.25,558.78,794.2,580.72,0,0,0,0,manual
5054,31,motorcycle,754.21,562.68,776.15,591.48,0,0,0,0,manual
5055,8,car,743.21,475.98,778.43,531.66,0,0,0,0,manual
5055,9,motorcycle,910.31,467.46,949.19,495.41,0,0,0,0,manual
5055,29,car,691.26,503.92,744.75,542.32,0,0,0,0,manual
5055,30,motorcycle,772.26,558.78,794.2,580.72,0,0,0,0,manual
5055,31,motorcycle,754.21,562.65,776.15,591.45,0,0,0,0,manual
5056,8,car,743.11,476.37,778.38,532.05,0,0,0,0,manual
5056,9,motorcycle,909.82,467.24,948.7,495.25,0,0,0,0,manual
5056,29,car,691.4,503.92,744.88,542.32,0,0,0,0,manual
5056,30,motorcycle,772.27,558.78,794.21,580.72,0,0,0,0,manual
5056,31,motorcycle,754.21,562.63,776.15,591.43,0,0,0,0,manual
5057,8,car,743.0,476.77,778.33,532.45,0,0,0,0,manual
5057,9,motorcycle,909.33,467.01,948.21,495.08,0,0,0,0,manual
5057,29,car,691.53,503.92,745.02,542.32,0,0,0,0,manual
5057,30,motorcycle,772.28,558.78,794.22,580.72,0,0,0,0,manual
5057,31,motorcycle,754.21,562.61,776.15,591.41,0,0,0,0,manual
5058,8,car,742.9,477.17,778.28,532.85,0,0,0,0,manual
5058,9,motorcycle,908.83,466.79,947.71,494.92,0,0,0,0,manual
5058,29,car,691.67,503.92,745.16,542.32,0,0,0,0,manual
5058,30,motorcycle,772.28,558.78,794.23,580.72,0,0,0,0,manual
5058,31,motorcycle,754.21,562.59,776.15,591.39,0,0,0,0,manual
5059,8,car,742.79,477.56,778.22,533.24,0,0,0,0,manual
5059,9,motorcycle,908.34,466.57,947.22,494.75,0,0,0,0,manual
5059,29,car,691.81,503.92,745.29,542.32,0,0,0,0,manual
5059,30,motorcycle,772.29,558.78,794.23,580.72,0,0,0,0,manual
5059,31,motorcycle,754.21,562.57,776.15,591.37,0,0,0,0,manual
5060,8,car,742.69,477.96,778.17,533.64,0,0,0,0,manual
5060,9,motorcycle,907.84,466.34,946.72,494.59,0,0,0,0,manual
5060,29,car,691.95,503.92,745.43,542.32,0,0,0,0,manual
5060,30,motorcycle,772.3,558.78,794.24,580.72,0,0,0,0,manual
5060,31,motorcycle,754.21,562.55,776.15,591.35,0,0,0,0,manual
5061,8,car,742.59,478.36,778.12,534.04,0,0,0,0,manual
5061,9,motorcycle,907.35,466.12,946.23,494.42,0,0,0,0,manual
5061,29,car,692.08,503.92,745.57,542.32,0,0,0,0,manual
5061,30,motorcycle,772.3,558.78,794.25,580.72,0,0,0,0,manual
5061,31,motorcycle,754.21,562.52,776.15,591.32,0,0,0,0,manual
5062,8,car,742.48,478.76,778.07,534.44,0,0,0,0,manual
5062,9,motorcycle,906.85,465.89,945.73,494.26,0,0,0,0,manual
5062,29,car,692.22,503.92,745.71,542.32,0,0,0,0,manual
5062,30,motorcycle,772.31,558.78,794.25,580.72,0,0,0,0,manual
5062,31,motorcycle,754.21,562.5,776.15,591.3,0,0,0,0,manual
5063,8,car,742.38,479.15,778.02,534.83,0,0,0,0,manual
5063,9,motorcycle,906.36,465.67,945.24,494.09,0,0,0,0,manual
5063,29,car,692.36,503.92,745.84,542.32,0,0,0,0,manual
5063,30,motorcycle,772.32,558.78,794.26,580.72,0,0,0,0,manual
5063,31,motorcycle,754.21,562.48,776.15,591.28,0,0,0,0,manual
5064,8,car,742.27,479.55,777.97,535.23,0,0,0,0,manual
5064,9,motorcycle,905.86,465.45,944.74,493.93,0,0,0,0,manual
5064,29,car,692.49,503.92,745.98,542.32,0,0,0,0,manual
5064,30,motorcycle,772.33,558.78,794.27,580.72,0,0,0,0,manual
5064,31,motorcycle,754.21,562.46,776.15,591.26,0,0,0,0,manual
5065,8,car,742.17,479.95,777.91,535.63,0,0,0,0,manual
5065,9,motorcycle,905.37,465.22,944.25,493.76,0,0,0,0,manual
5065,29,car,692.63,503.92,746.12,542.32,0,0,0,0,manual
5065,30,motorcycle,772.33,558.78,794.28,580.72,0,0,0,0,manual
5065,31,motorcycle,754.21,562.44,776.15,591.24,0,0,0,0,manual
5066,8,car,742.07,480.34,777.86,536.02,0,0,0,0,manual
5066,9,motorcycle,904.88,465.0,943.76,493.6,0,0,0,0,manual
5066,29,car,692.77,503.92,746.26,542.32,0,0,0,0,manual
5066,30,motorcycle,772.34,558.78,794.28,580.72,0,0,0,0,manual
5066,31,motorcycle,754.21,562.42,776.15,591.22,0,0,0,0,manual
5067,8,car,741.96,480.74,777.81,536.42,0,0,0,0,manual
5067,9,motorcycle,904.38,464.78,943.26,493.43,0,0,0,0,manual
5067,29,car,692.91,503.92,746.39,542.32,0,0,0,0,manual
5067,30,motorcycle,772.35,558.78,794.29,580.72,0,0,0,0,manual
5067,31,motorcycle,754.21,562.39,776.15,591.19,0,0,0,0,manual
5068,8,car,741.86,481.14,777.76,536.82,0,0,0,0,manual
5068,9,motorcycle,903.89,464.55,942.77,493.27,0,0,0,0,manual
5068,29,car,693.04,503.92,746.53,542.32,0,0,0,0,manual
5068,30,motorcycle,772.35,558.78,794.3,580.72,0,0,0,0,manual
5068,31,motorcycle,754.21,562.37,776.15,591.17,0,0,0,0,manual
5069,8,car,741.75,481.53,777.71,537.21,0,0,0,0,manual
5069,9,motorcycle,903.39,464.33,942.27,493.1,0,0,0,0,manual
5069,29,car,693.18,503.92,746.67,542.32,0,0,0,0,manual
5069,30,motorcycle,772.36,558.78,794.31,580.72,0,0,0,0,manual
5069,31,motorcycle,754.21,562.35,776.15,591.15,0,0,0,0,manual
5070,8,car,741.65,481.93,777.66,537.61,0,0,0,0,manual
5070,9,motorcycle,902.9,464.11,941.78,492.94,0,0,0,0,manual
5070,29,car,693.32,503.92,746.8,542.32,0,0,0,0,manual
5070,30,motorcycle,772.37,558.78,794.31,580.72,0,0,0,0,manual
5070,31,motorcycle,754.21,562.33,776.15,591.13,0,0,0,0,manual
5071,8,car,741.55,482.33,777.6,538.01,0,0,0,0,manual
5071,9,motorcycle,902.4,463.88,941.28,492.77,0,0,0,0,manual
5071,29,car,693.45,503.92,746.94,542.32,0,0,0,0,manual
5071,30,motorcycle,772.38,558.78,794.32,580.72,0,0,0,0,manual
5071,31,motorcycle,754.21,562.31,776.15,591.11,0,0,0,0,manual
5072,8,car,741.44,482.73,777.55,538.41,0,0,0,0,manual
5072,9,motorcycle,901.91,463.66,940.79,492.61,0,0,0,0,manual
5072,29,car,693.59,503.92,747.08,542.32,0,0,0,0,manual
5072,30,motorcycle,772.38,558.78,794.33,580.72,0,0,0,0,manual
5072,31,motorcycle,754.21,562.29,776.15,591.09,0,0,0,0,manual
5073,8,car,741.34,483.12,777.5,538.8,0,0,0,0,manual
5073,9,motorcycle,901.41,463.44,940.29,492.44,0,0,0,0,manual
5073,29,car,693.73,503.92,747.22,542.32,0,0,0,0,manual
5073,30,motorcycle,772.39,558.78,794.33,580.72,0,0,0,0,manual
5073,31,motorcycle,754.21,562.26,776.15,591.06,0,0,0,0,manual
5074,8,car,741.23,483.52,777.45,539.2,0,0,0,0,manual
5074,9,motorcycle,900.92,463.21,939.8,492.28,0,0,0,0,manual
5074,29,car,693.87,503.92,747.35,542.32,0,0,1,0,manual
5074,30,motorcycle,772.4,558.78,794.34,580.72,0,0,0,0,manual
5074,31,motorcycle,754.21,562.24,776.15,591.04,0,0,0,0,manual
5075,8,car,741.13,483.92,777.4,539.6,0,0,0,0,manual
5075,9,motorcycle,900.42,462.99,939.31,492.12,0,0,0,0,manual
5075,29,car,693.92,503.92,747.4,542.32,0,0,0,0,manual
5075,30,motorcycle,772.41,558.78,794.35,580.72,0,0,0,0,manual
5075,31,motorcycle,754.21,562.22,776.15,591.02,0,0,0,0,manual
5076,8,car,741.03,484.31,777.35,539.99,0,0,0,0,manual
5076,9,motorcycle,899.93,462.77,938.81,491.95,0,0,0,0,manual
5076,29,car,693.97,503.92,747.45,542.32,0,0,0,0,manual
5076,30,motorcycle,772.41,558.78,794.36,580.72,0,0,0,0,manual
5076,31,motorcycle,754.21,562.2,776.15,591.0,0,0,0,0,manual
5077,8,car,740.92,484.71,777.29,540.39,0,0,0,0,manual
5077,9,motorcycle,899.44,462.54,938.32,491.79,0,0,0,0,manual
5077,29,car,694.02,503.92,747.5,542.32,0,0,0,0,manual
5077,30,motorcycle,772.42,558.78,794.36,580.72,0,0,0,0,manual
5077,31,motorcycle,754.21,562.18,776.15,590.98,0,0,0,0,manual
5078,8,car,740.82,485.11,777.24,540.79,0,0,0,0,manual
5078,9,motorcycle,898.94,462.32,937.82,491.62,0,0,0,0,manual
5078,29,car,694.07,503.92,747.55,542.32,0,0,0,0,manual
5078,30,motorcycle,772.43,558.78,794.37,580.72,0,0,0,0,manual
5078,31,motorcycle,754.21,562.16,776.15,590.96,0,0,0,0,manual
5079,8,car,740.71,485.51,777.19,541.19,0,0,0,0,manual
5079,9,motorcycle,898.45,462.1,937.33,491.46,0,0,0,0,manual
5079,29,car,694.12,503.92,747.6,542.32,0,0,0,0,manual
5079,30,motorcycle,772.43,558.78,794.38,580.72,0,0,0,0,manual
5079,31,motorcycle,754.21,562.13,776.15,590.93,0,0,0,0,manual
5080,8,car,740.61,485.9,777.14,541.58,0,0,0,0,manual
5080,9,motorcycle,897.95,461.87,936.83,491.29,0,0,0,0,manual
5080,29,car,694.17,503.92,747.66,542.32,0,0,0,0,manual
5080,30,motorcycle,772.44,558.78,794.38,580.72,0,0,0,0,manual
5080,31,motorcycle,754.21,562.11,776.15,590.91,0,0,0,0,manual
5081,8,car,740.51,486.3,777.09,541.98,0,0,0,0,manual
5081,9,motorcycle,897.46,461.65,936.34,491.13,0,0,0,0,manual
5081,29,car,694.22,503.92,747.71,542.32,0,0,0,0,manual
5081,30,motorcycle,772.45,558.78,794.39,580.72,0,0,0,0,manual
5081,31,motorcycle,754.21,562.09,776.15,590.89,0,0,0,0,manual
5082,8,car,740.4,486.7,777.04,542.38,0,0,0,0,manual
5082,9,motorcycle,896.96,461.43,935.84,490.96,0,0,0,0,manual
5082,29,car,694.27,503.92,747.76,542.32,0,0,0,0,manual
5082,30,motorcycle,772.46,558.78,794.4,580.72,0,0,0,0,manual
5082,31,motorcycle,754.21,562.07,776.15,590.87,0,0,0,0,manual
5083,8,car,740.3,487.09,776.98,542.77,0,0,0,0,manual
5083,9,motorcycle,896.47,461.2,935.35,490.8,0,0,0,0,manual
5083,29,car,694.32,503.92,747.81,542.32,0,0,0,0,manual
5083,30,motorcycle,772.46,558.78,794.41,580.72,0,0,0,0,manual
5083,31,motorcycle,754.21,562.05,776.15,590.85,0,0,0,0,manual
5084,8,car,740.19,487.49,776.93,543.17,0,0,0,0,manual
5084,9,motorcycle,895.97,460.98,934.85,490.63,0,0,0,0,manual
5084,29,car,694.37,503.92,747.86,542.32,0,0,0,0,manual
5084,30,motorcycle,772.47,558.78,794.41,580.72,0,0,0,0,manual
5084,31,motorcycle,754.21,562.03,776.15,590.83,0,0,0,0,manual
5085,8,car,740.09,487.89,776.88,543.57,0,0,0,0,manual
5085,9,motorcycle,895.48,460.76,934.36,490.47,0,0,0,0,manual
5085,29,car,694.42,503.92,747.91,542.32,0,0,0,0,manual
5085,30,motorcycle,772.48,558.78,794.42,580.72,0,0,0,0,manual
5085,31,motorcycle,754.21,562.0,776.15,590.8,0,0,0,0,manual
5086,8,car,739.99,488.29,776.83,543.97,0,0,0,0,manual
5086,9,motorcycle,894.99,460.53,933.87,490.3,0,0,0,0,manual
5086,29,car,694.47,503.92,747.96,542.32,0,0,0,0,manual
5086,30,motorcycle,772.48,558.78,794.43,580.72,0,0,0,0,manual
5086,31,motorcycle,754.21,561.98,776.15,590.78,0,0,0,0,manual
5087,8,car,739.88,488.68,776.78,544.36,0,0,0,0,manual
5087,9,motorcycle,894.49,460.31,933.37,490.14,0,0,0,0,manual
5087,29,car,694.52,503.92,748.01,542.32,0,0,0,0,manual
5087,30,motorcycle,772.49,558.78,794.44,580.72,0,0,0,0,manual
5087,31,motorcycle,754.21,561.96,776.15,590.76,0,0,0,0,manual
5088,8,car,739.78,489.08,776.73,544.76,0,0,0,0,manual
5088,9,motorcycle,894.0,460.09,932.88,489.97,0,0,0,0,manual
5088,29,car,694.57,503.92,748.06,542.32,0,0,0,0,manual
5088,30,motorcycle,772.5,558.78,794.44,580.72,0,0,0,0,manual
5088,31,motorcycle,754.21,561.94,776.15,590.74,0,0,0,0,manual
5089,8,car,739.67,489.48,776.67,545.16,0,0,0,0,manual
5089,9,motorcycle,893.5,459.86,932.38,489.81,0,0,0,0,manual
5089,29,car,694.62,503.92,748.11,542.32,0,0,0,0,manual
5089,30,motorcycle,772.51,558.78,794.45,580.72,0,0,0,0,manual
5089,31,motorcycle,754.21,561.92,776.15,590.72,0,0,0,0,manual
5090,8,car,739.57,489.87,776.62,545.55,0,0,0,0,manual
5090,9,motorcycle,893.01,459.64,931.89,489.64,0,0,0,0,manual
5090,29,car,694.67,503.92,748.16,542.32,0,0,0,0,manual
5090,30,motorcycle,772.51,558.78,794.46,580.72,0,0,0,0,manual
5090,31,motorcycle,754.21,561.9,776.15,590.7,0,0,0,0,manual
5091,8,car,739.47,490.27,776.57,545.95,0,0,0,0,manual
5091,9,motorcycle,892.51,459.41,931.39,489.48,0,0,0,0,manual
5091,29,car,694.73,503.92,748.21,542.32,0,0,0,0,manual
5091,30,motorcycle,772.52,558.78,794.46,580.72,0,0,0,0,manual
5091,31,motorcycle,754.21,561.87,776.15,590.68,0,0,0,0,manual
5092,8,car,739.36,490.67,776.52,546.35,0,0,0,0,manual
5092,9,motorcycle,892.02,459.19,930.9,489.31,0,0,0,0,manual
5092,29,car,694.78,503.92,748.26,542.32,0,0,0,0,manual
5092,30,motorcycle,772.53,558.78,794.47,580.72,0,0,0,0,manual
5092,31,motorcycle,754.21,561.85,776.15,590.65,0,0,0,0,manual
5093,8,car,739.26,491.07,776.47,546.75,0,0,0,0,manual
5093,9,motorcycle,891.52,458.97,930.4,489.15,0,0,0,0,manual
5093,29,car,694.83,503.92,748.31,542.32,0,0,0,0,manual
5093,30,motorcycle,772.54,558.78,794.48,580.72,0,0,0,0,manual
5093,31,motorcycle,754.21,561.83,776.15,590.63,0,0,0,0,manual
5094,8,car,739.15,491.46,776.42,547.14,0,0,0,0,manual
5094,9,motorcycle,891.03,458.74,929.91,488.98,0,0,0,0,manual
5094,29,car,694.88,503.92,748.36,542.32,0,0,0,0,manual
5094,30,motorcycle,772.54,558.78,794.49,580.72,0,0,0,0,manual
5094,31,motorcycle,754.21,561.81,776.15,590.61,0,0,0,0,manual
5095,8,car,739.05,491.86,776.36,547.54,0,0,0,0,manual
5095,9,motorcycle,890.54,458.52,929.42,488.82,0,0,0,0,manual
5095,29,car,694.93,503.92,748.41,542.32,0,0,0,0,manual
5095,30,motorcycle,772.55,558.78,794.49,580.72,0,0,0,0,manual
5095,31,motorcycle,754.21,561.79,776.15,590.59,0,0,0,0,manual
5096,8,car,738.95,492.26,776.31,547.94,0,0,0,0,manual
5096,9,motorcycle,890.04,458.3,928.92,488.65,0,0,0,0,manual
5096,29,car,694.98,503.92,748.46,542.32,0,0,0,0,manual
5096,30,motorcycle,772.56,558.78,794.5,580.72,0,0,0,0,manual
5096,31,motorcycle,754.21,561.77,776.15,590.57,0,0,0,0,manual
5097,8,car,738.84,492.65,776.26,548.33,0,0,0,0,manual
5097,9,motorcycle,889.55,458.07,928.43,488.49,0,0,0,0,manual
5097,29,car,695.03,503.92,748.51,542.32,0,0,0,0,manual
5097,30,motorcycle,772.56,558.78,794.51,580.72,0,0,0,0,manual
5097,31,motorcycle,754.21,561.74,776.15,590.55,0,0,0,0,manual
5098,8,car,738.74,493.05,776.21,548.73,0,0,0,0,manual
5098,9,motorcycle,889.05,457.85,927.93,488.32,0,0,0,0,manual
5098,29,car,695.08,503.92,748.56,542.32,0,0,0,0,manual
5098,30,motorcycle,772.57,558.78,794.51,580.72,0,0,0,0,manual
5098,31,motorcycle,754.21,561.72,776.15,590.52,0,0,0,0,manual
5099,8,car,738.63,493.45,776.16,549.13,0,0,0,0,manual
5099,9,motorcycle,888.56,457.63,927.44,488.16,0,0,0,0,manual
5099,29,car,695.13,503.92,748.62,542.32,0,0,0,0,manual
5099,30,motorcycle,772.58,558.78,794.52,580.72,0,0,0,0,manual
5099,31,motorcycle,754.21,561.7,776.15,590.5,0,0,0,0,manual
5100,8,car,738.53,493.85,776.11,549.52,0,0,0,0,manual
5100,9,motorcycle,888.06,457.4,926.94,487.99,0,0,0,0,manual
5100,29,car,695.18,503.92,748.67,542.32,0,0,0,0,manual
5100,30,motorcycle,772.59,558.78,794.53,580.72,0,0,0,0,manual
5100,31,motorcycle,754.21,561.68,776.15,590.48,0,0,0,0,manual
5101,8,car,738.43,494.24,776.05,549.92,0,0,0,0,manual
5101,9,motorcycle,887.57,457.18,926.45,487.83,0,0,0,0,manual
5101,29,car,695.23,503.92,748.72,542.32,0,0,0,0,manual
5101,30,motorcycle,772.59,558.78,794.54,580.72,0,0,0,0,manual
5101,31,motorcycle,754.21,561.66,776.15,590.46,0,0,0,0,manual
5102,8,car,738.32,494.64,776.0,550.32,0,0,0,0,manual
5102,9,motorcycle,887.07,456.96,925.95,487.66,0,0,0,0,manual
5102,29,car,695.28,503.92,748.77,542.32,0,0,0,0,manual
5102,30,motorcycle,772.6,558.78,794.54,580.72,0,0,0,0,manual
5102,31,motorcycle,754.21,561.64,776.15,590.44,0,0,0,0,manual
5103,8,car,738.22,495.04,775.95,550.72,0,0,0,0,manual
5103,9,motorcycle,886.58,456.73,925.46,487.5,0,0,0,0,manual
5103,29,car,695.33,503.92,748.82,542.32,0,0,0,0,manual
5103,30,motorcycle,772.61,558.78,794.55,580.72,0,0,0,0,manual
5103,31,motorcycle,754.21,561.61,776.15,590.42,0,0,0,0,manual
5104,8,car,738.11,495.43,775.9,551.11,0,0,0,0,manual
5104,9,motorcycle,886.09,456.51,924.97,487.34,0,0,0,0,manual
5104,29,car,695.38,503.92,748.87,542.32,0,0,0,0,manual
5104,30,motorcycle,772.61,558.78,794.56,580.72,0,0,0,0,manual
5104,31,motorcycle,754.21,561.59,776.15,590.39,0,0,0,0,manual
5105,8,car,738.01,495.83,775.85,551.51,0,0,0,0,manual
5105,9,motorcycle,885.59,456.29,924.47,487.17,0,0,0,0,manual
5105,29,car,695.43,503.92,748.92,542.32,0,0,0,0,manual
5105,30,motorcycle,772.62,558.78,794.57,580.72,0,0,0,0,manual
5105,31,motorcycle,754.21,561.57,776.15,590.37,0,0,0,0,manual
5106,8,car,737.91,496.23,775.79,551.91,0,0,0,0,manual
5106,9,motorcycle,885.1,456.06,923.98,487.01,0,0,0,0,manual
5106,29,car,695.48,503.92,748.97,542.32,0,0,0,0,manual
5106,30,motorcycle,772.63,558.78,794.57,580.72,0,0,0,0,manual
5106,31,motorcycle,754.21,561.55,776.15,590.35,0,0,0,0,manual
5107,8,car,737.8,496.62,775.74,552.3,0,0,0,0,manual
5107,9,motorcycle,884.6,455.84,923.48,486.84,0,0,0,0,manual
5107,29,car,695.53,503.92,749.02,542.32,0,0,0,0,manual
5107,30,motorcycle,772.64,558.78,794.58,580.72,0,0,0,0,manual
5107,31,motorcycle,754.21,561.53,776.15,590.33,0,0,0,0,manual
5108,8,car,737.7,497.02,775.69,552.7,0,0,0,0,manual
5108,9,motorcycle,884.11,455.62,922.99,486.68,0,0,0,0,manual
5108,29,car,695.58,503.92,749.07,542.32,0,0,0,0,manual
5108,30,motorcycle,772.64,558.78,794.59,580.72,0,0,0,0,manual
5108,31,motorcycle,754.21,561.51,776.15,590.31,0,0,0,0,manual
5109,8,car,737.59,497.42,775.64,553.1,0,0,0,0,manual
5109,9,motorcycle,883.61,455.39,922.49,486.51,0,0,0,0,manual
5109,29,car,695.63,503.92,749.12,542.32,0,0,0,0,manual
5109,30,motorcycle,772.65,558.78,794.59,580.72,0,0,0,0,manual
5109,31,motorcycle,754.21,561.49,776.15,590.29,0,0,0,0,manual
5110,8,car,737.49,497.82,775.59,553.5,0,0,0,0,manual
5110,9,motorcycle,883.12,455.17,922.0,486.35,0,0,0,0,manual
5110,29,car,695.69,503.92,749.17,542.32,0,0,0,0,manual
5110,30,motorcycle,772.66,558.78,794.6,580.72,0,0,0,0,manual
5110,31,motorcycle,754.21,561.46,776.15,590.26,0,0,0,0,manual
5111,8,car,737.39,498.21,775.54,553.89,0,0,0,0,manual
5111,9,motorcycle,882.62,454.95,921.5,486.18,0,0,0,0,manual
5111,29,car,695.74,503.92,749.22,542.32,0,0,0,0,manual
5111,30,motorcycle,772.67,558.78,794.61,580.72,0,0,0,0,manual
5111,31,motorcycle,754.21,561.44,776.15,590.24,0,0,0,0,manual
5112,8,car,737.28,498.61,775.48,554.29,0,0,0,0,manual
5112,9,motorcycle,882.13,454.72,921.01,486.02,0,0,0,0,manual
5112,29,car,695.79,503.92,749.27,542.32,0,0,0,0,manual
5112,30,motorcycle,772.67,558.78,794.62,580.72,0,0,0,0,manual
5112,31,motorcycle,754.21,561.42,776.15,590.22,0,0,0,0,manual
5113,8,car,737.18,499.01,775.43,554.69,0,0,0,0,manual
5113,9,motorcycle,881.64,454.5,920.52,485.85,0,0,0,0,manual
5113,29,car,695.84,503.92,749.32,542.32,0,0,0,0,manual
5113,30,motorcycle,772.68,558.78,794.62,580.72,0,0,0,0,manual
5113,31,motorcycle,754.21,561.4,776.15,590.2,0,0,0,0,manual
5114,8,car,737.07,499.4,775.38,555.08,0,0,0,0,manual
5114,9,motorcycle,881.14,454.28,920.02,485.69,0,0,0,0,manual
5114,29,car,695.89,503.92,749.37,542.32,0,0,0,0,manual
5114,30,motorcycle,772.69,558.78,794.63,580.72,0,0,0,0,manual
5114,31,motorcycle,754.21,561.38,776.15,590.18,0,0,0,0,manual
5115,8,car,736.97,499.8,775.33,555.48,0,0,0,0,manual
5115,9,motorcycle,880.65,454.05,919.53,485.52,0,0,0,0,manual
5115,29,car,695.94,503.92,749.42,542.32,0,0,0,0,manual
5115,30,motorcycle,772.69,558.78,794.64,580.72,0,0,0,0,manual
5115,31,motorcycle,754.21,561.36,776.15,590.16,0,0,0,0,manual
5116,8,car,736.87,500.2,775.28,555.88,0,0,0,0,manual
5116,9,motorcycle,880.15,453.83,919.03,485.36,0,0,0,0,manual
5116,29,car,695.99,503.92,749.47,542.32,0,0,0,0,manual
5116,30,motorcycle,772.7,558.78,794.64,580.72,0,0,0,0,manual
5116,31,motorcycle,754.21,561.33,776.15,590.13,0,0,0,0,manual
5117,8,car,736.76,500.6,775.23,556.28,0,0,0,0,manual
5117,9,motorcycle,879.66,453.6,918.54,485.19,0,0,0,0,manual
5117,29,car,696.04,503.92,749.52,542.32,0,0,0,0,manual
5117,30,motorcycle,772.71,558.78,794.65,580.72,0,0,0,0,manual
5117,31,motorcycle,754.21,561.31,776.15,590.11,0,0,0,0,manual
5118,8,car,736.66,500.99,775.17,556.67,0,0,0,0,manual
5118,9,motorcycle,879.16,453.38,918.04,485.03,0,0,0,0,manual
5118,29,car,696.09,503.92,749.58,542.32,0,0,0,0,manual
5118,30,motorcycle,772.72,558.78,794.66,580.72,0,0,0,0,manual
5118,31,motorcycle,754.21,561.29,776.15,590.09,0,0,0,0,manual
5119,8,car,736.55,501.39,775.12,557.07,0,0,0,0,manual
5119,9,motorcycle,878.67,453.16,917.55,484.86,0,0,0,0,manual
5119,29,car,696.14,503.92,749.63,542.32,0,0,0,0,manual
5119,30,motorcycle,772.72,558.78,794.67,580.72,0,0,0,0,manual
5119,31,motorcycle,754.21,561.27,776.15,590.07,0,0,0,0,manual
5120,8,car,736.45,501.79,775.07,557.47,0,0,0,0,manual
5120,9,motorcycle,878.17,452.93,917.05,484.7,0,0,0,0,manual
5120,29,car,696.19,503.92,749.68,542.32,0,0,0,0,manual
5120,30,motorcycle,772.73,558.78,794.67,580.72,0,0,0,0,manual
5120,31,motorcycle,754.21,561.25,776.15,590.05,0,0,0,0,manual
5121,8,car,736.35,502.18,775.02,557.86,0,0,0,0,manual
5121,9,motorcycle,877.68,452.71,916.56,484.53,0,0,0,0,manual
5121,29,car,696.24,503.92,749.73,542.32,0,0,0,0,manual
5121,30,motorcycle,772.74,558.78,794.68,580.72,0,0,0,0,manual
5121,31,motorcycle,754.21,561.23,776.15,590.03,0,0,0,0,manual
5122,8,car,736.24,502.58,774.97,558.26,0,0,0,0,manual
5122,9,motorcycle,877.19,452.49,916.07,484.37,0,0,0,0,manual
5122,29,car,696.29,503.92,749.78,542.32,0,0,0,0,manual
5122,30,motorcycle,772.74,558.78,794.69,580.72,0,0,0,0,manual
5122,31,motorcycle,754.21,561.2,776.15,590.0,0,0,0,0,manual
5123,8,car,736.14,502.98,774.92,558.66,0,0,0,0,manual
5123,9,motorcycle,876.69,452.26,915.57,484.2,0,0,0,0,manual
5123,29,car,696.34,503.92,749.83,542.32,0,0,0,0,manual
5123,30,motorcycle,772.75,558.78,794.7,580.72,0,0,0,0,manual
5123,31,motorcycle,754.21,561.18,776.15,589.98,0,0,0,0,manual
5124,8,car,736.03,503.38,774.86,559.06,0,0,0,0,manual
5124,9,motorcycle,876.2,452.04,915.08,484.04,0,0,0,0,manual
5124,29,car,696.39,503.92,749.88,542.32,0,0,0,0,manual
5124,30,motorcycle,772.76,558.78,794.7,580.72,0,0,0,0,manual
5124,31,motorcycle,754.21,561.16,776.15,589.96,0,0,0,0,manual
5125,8,car,735.93,503.77,774.81,559.45,0,0,0,0,manual
5125,9,motorcycle,875.7,451.82,914.58,483.87,0,0,0,0,manual
5125,29,car,696.44,503.92,749.93,542.32,0,0,0,0,manual
5125,30,motorcycle,772.77,558.78,794.71,580.72,0,0,0,0,manual
5125,31,motorcycle,754.21,561.14,776.15,589.94,0,0,0,0,manual
5126,8,car,735.83,504.17,774.76,559.85,0,0,0,0,manual
5126,9,motorcycle,875.21,451.59,914.09,483.71,0,0,0,0,manual
5126,29,car,696.49,503.92,749.98,542.32,0,0,0,0,manual
5126,30,motorcycle,772.77,558.78,794.72,580.72,0,0,0,0,manual
5126,31,motorcycle,754.21,561.12,776.15,589.92,0,0,0,0,manual
5127,8,car,735.72,504.57,774.71,560.25,0,0,0,0,manual
5127,9,motorcycle,874.71,451.37,913.59,483.54,0,0,0,0,manual
5127,29,car,696.54,503.92,750.03,542.32,0,0,0,0,manual
5127,30,motorcycle,772.78,558.78,794.72,580.72,0,0,0,0,manual
5127,31,motorcycle,754.21,561.1,776.15,589.9,0,0,0,0,manual
5128,8,car,735.62,504.96,774.66,560.64,0,0,0,0,manual
5128,9,motorcycle,874.22,451.15,913.1,483.38,0,0,0,0,manual
5128,29,car,696.59,503.92,750.08,542.32,0,0,0,0,manual
5128,30,motorcycle,772.79,558.78,794.73,580.72,0,0,0,0,manual
5128,31,motorcycle,754.21,561.07,776.15,589.87,0,0,0,0,manual
5129,8,car,735.51,505.36,774.61,561.04,0,0,0,0,manual
5129,9,motorcycle,873.72,450.92,912.6,483.21,0,0,0,0,manual
5129,29,car,696.65,503.92,750.13,542.32,0,0,0,0,manual
5129,30,motorcycle,772.8,558.78,794.74,580.72,0,0,0,0,manual
5129,31,motorcycle,754.21,561.05,776.15,589.85,0,0,0,0,manual
5130,8,car,735.41,505.76,774.55,561.44,0,0,0,0,manual
5130,9,motorcycle,873.23,450.7,912.11,483.05,0,0,1,0,manual
5130,29,car,696.7,503.92,750.18,542.32,0,0,0,0,manual
5130,30,motorcycle,772.8,558.78,794.75,580.72,0,0,0,0,manual
5130,31,motorcycle,754.21,561.03,776.15,589.83,0,0,0,0,manual
5131,8,car,735.31,506.16,774.5,561.84,0,0,0,0,manual
5131,9,motorcycle,873.07,450.45,911.95,482.8,0,0,0,0,manual
5131,29,car,696.75,503.92,750.23,542.32,0,0,0,0,manual
5131,30,motorcycle,772.81,558.78,794.75,580.72,0,0,0,0,manual
5131,31,motorcycle,754.21,561.01,776.15,589.81,0,0,0,0,manual
5132,8,car,735.2,506.55,774.45,562.23,0,0,0,0,manual
5132,9,motorcycle,872.92,450.21,911.8,482.56,0,0,0,0,manual
5132,29,car,696.8,503.92,750.28,542.32,0,0,0,0,manual
5132,30,motorcycle,772.82,558.78,794.76,580.72,0,0,0,0,manual
5132,31,motorcycle,754.21,560.99,776.15,589.79,0,0,0,0,manual
5133,8,car,735.1,506.95,774.4,562.63,0,0,0,0,manual
5133,9,motorcycle,872.76,449.96,911.64,482.31,0,0,0,0,manual
5133,29,car,696.85,503.92,750.33,542.32,0,0,0,0,manual
5133,30,motorcycle,772.82,558.78,794.77,580.72,0,0,0,0,manual
5133,31,motorcycle,754.21,560.97,776.15,589.77,0,0,0,0,manual
5134,8,car,734.99,507.35,774.35,563.03,0,0,0,0,manual
5134,9,motorcycle,872.61,449.72,911.49,482.07,0,0,0,0,manual
5134,29,car,696.9,503.92,750.38,542.32,0,0,0,0,manual
5134,30,motorcycle,772.83,558.78,794.77,580.72,0,0,0,0,manual
5134,31,motorcycle,754.21,560.94,776.15,589.74,0,0,0,0,manual
5135,8,car,734.89,507.74,774.3,563.42,0,0,0,0,manual
5135,9,motorcycle,872.45,449.47,911.33,481.82,0,0,0,0,manual
5135,29,car,696.95,503.92,750.43,542.32,0,0,0,0,manual
5135,30,motorcycle,772.84,558.78,794.78,580.72,0,0,0,0,manual
5135,31,motorcycle,754.21,560.92,776.15,589.72,0,0,0,0,manual
5136,8,car,734.79,508.14,774.24,563.82,0,0,0,0,manual
5136,9,motorcycle,872.3,449.22,911.18,481.57,0,0,0,0,manual
5136,29,car,697.0,503.92,750.48,542.32,0,0,0,0,manual
5136,30,motorcycle,772.85,558.78,794.79,580.72,0,0,0,0,manual
5136,31,motorcycle,754.21,560.9,776.15,589.7,0,0,0,0,manual
5137,8,car,734.68,508.54,774.19,564.22,0,0,0,0,manual
5137,9,motorcycle,872.14,448.98,911.02,481.33,0,0,0,0,manual
5137,29,car,697.05,503.92,750.54,542.32,0,0,0,0,manual
5137,30,motorcycle,772.85,558.78,794.8,580.72,0,0,0,0,manual
5137,31,motorcycle,754.21,560.88,776.15,589.68,0,0,0,0,manual
5138,8,car,734.58,508.93,774.14,564.61,0,0,0,0,manual
5138,9,motorcycle,871.99,448.73,910.87,481.08,0,0,0,0,manual
5138,29,car,697.1,503.92,750.59,542.32,0,0,0,0,manual
5138,30,motorcycle,772.86,558.78,794.8,580.72,0,0,0,0,manual
5138,31,motorcycle,754.21,560.86,776.15,589.66,0,0,0,0,manual
5139,8,car,734.47,509.33,774.09,565.01,0,0,0,0,manual
5139,9,motorcycle,871.83,448.49,910.71,480.84,0,0,0,0,manual
5139,29,car,697.15,503.92,750.64,542.32,0,0,0,0,manual
5139,30,motorcycle,772.87,558.78,794.81,580.72,0,0,0,0,manual
5139,31,motorcycle,754.21,560.84,776.15,589.64,0,0,0,0,manual
5140,8,car,734.37,509.73,774.04,565.41,0,0,0,0,manual
5140,9,motorcycle,871.68,448.24,910.56,480.59,0,0,0,0,manual
5140,29,car,697.2,503.92,750.69,542.32,0,0,0,0,manual
5140,30,motorcycle,772.87,558.78,794.82,580.72,0,0,0,0,manual
5140,31,motorcycle,754.21,560.81,776.15,589.61,0,0,0,0,manual
5141,8,car,734.27,510.13,773.99,565.81,0,0,0,0,manual
5141,9,motorcycle,871.52,447.99,910.4,480.34,0,0,0,0,manual
5141,29,car,697.25,503.92,750.74,542.32,0,0,0,0,manual
5141,30,motorcycle,772.88,558.78,794.83,580.72,0,0,0,0,manual
5141,31,motorcycle,754.21,560.79,776.15,589.59,0,0,0,0,manual
5142,8,car,734.16,510.52,773.93,566.2,0,0,0,0,manual
5142,9,motorcycle,871.37,447.75,910.25,480.1,0,0,0,0,manual
5142,29,car,697.3,503.92,750.79,542.32,0,0,0,0,manual
5142,30,motorcycle,772.89,558.78,794.83,580.72,0,0,0,0,manual
5142,31,motorcycle,754.21,560.77,776.15,589.57,0,0,0,0,manual
5143,8,car,734.06,510.92,773.88,566.6,0,0,0,0,manual
5143,9,motorcycle,871.21,447.5,910.09,479.85,0,0,0,0,manual
5143,29,car,697.35,503.92,750.84,542.32,0,0,0,0,manual
5143,30,motorcycle,772.9,558.78,794.84,580.72,0,0,0,0,manual
5143,31,motorcycle,754.21,560.75,776.15,589.55,0,0,0,0,manual
5144,8,car,733.95,511.32,773.83,567.0,0,0,0,0,manual
5144,9,motorcycle,871.05,447.26,909.93,479.61,0,0,0,0,manual
5144,29,car,697.4,503.92,750.89,542.32,0,0,0,0,manual
5144,30,motorcycle,772.9,558.78,794.85,580.72,0,0,0,0,manual
5144,31,motorcycle,754.21,560.73,776.15,589.53,0,0,0,0,manual
5145,8,car,733.85,511.71,773.78,567.39,0,0,0,0,manual
5145,9,motorcycle,870.9,447.01,909.78,479.36,0,0,0,0,manual
5145,29,car,697.45,503.92,750.94,542.32,0,0,0,0,manual
5145,30,motorcycle,772.91,558.78,794.85,580.72,0,0,0,0,manual
5145,31,motorcycle,754.21,560.71,776.15,589.51,0,0,0,0,manual
5146,8,car,733.75,512.11,773.73,567.79,0,0,0,0,manual
5146,9,motorcycle,870.74,446.76,909.62,479.11,0,0,0,0,manual
5146,29,car,697.5,503.92,750.99,542.32,0,0,0,0,manual
5146,30,motorcycle,772.92,558.78,794.86,580.72,0,0,0,0,manual
5146,31,motorcycle,754.21,560.68,776.15,589.48,0,0,0,0,manual
5147,8,car,733.64,512.51,773.68,568.19,0,0,0,0,manual
5147,9,motorcycle,870.59,446.52,909.47,478.87,0,0,0,0,manual
5147,29,car,697.55,503.92,751.04,542.32,0,0,0,0,manual
5147,30,motorcycle,772.93,558.78,794.87,580.72,0,0,0,0,manual
5147,31,motorcycle,754.21,560.66,776.15,589.46,0,0,0,0,manual
5148,8,car,733.54,512.91,773.62,568.59,0,0,0,0,manual
5148,9,motorcycle,870.43,446.27,909.31,478.62,0,0,0,0,manual
5148,29,car,697.61,503.92,751.09,542.32,0,0,0,0,manual
5148,30,motorcycle,772.93,558.78,794.88,580.72,0,0,0,0,manual
5148,31,motorcycle,754.21,560.64,776.15,589.44,0,0,0,0,manual
5149,8,car,733.43,513.3,773.57,568.98,0,0,0,0,manual
5149,9,motorcycle,870.28,446.03,909.16,478.38,0,0,0,0,manual
5149,29,car,697.66,503.92,751.14,542.32,0,0,0,0,manual
5149,30,motorcycle,772.94,558.78,794.88,580.72,0,0,0,0,manual
5149,31,motorcycle,754.21,560.62,776.15,589.42,0,0,0,0,manual
5150,8,car,733.33,513.7,773.52,569.38,0,0,1,0,manual
5150,9,motorcycle,870.12,445.78,909.0,478.13,0,0,0,0,manual
5150,29,car,697.71,503.92,751.19,542.32,0,0,0,0,manual
5150,30,motorcycle,772.95,558.78,794.89,580.72,0,0,0,0,manual
5150,31,motorcycle,754.21,560.6,776.15,589.4,0,0,0,0,manual
5151,8,car,732.92,514.1,773.16,569.78,0,0,0,0,manual
5151,9,motorcycle,869.97,445.53,908.85,477.88,0,0,0,0,manual
5151,29,car,697.76,503.92,751.24,542.32,0,0,0,0,manual
5151,30,motorcycle,772.95,558.78,794.9,580.72,0,0,0,0,manual
5151,31,motorcycle,754.21,560.58,776.15,589.38,0,0,0,0,manual
5152,8,car,732.5,514.49,772.8,570.17,0,0,0,0,manual
5152,9,motorcycle,869.81,445.29,908.69,477.64,0,0,0,0,manual
5152,29,car,697.81,503.92,751.29,542.32,0,0,0,0,manual
5152,30,motorcycle,772.96,558.78,794.9,580.72,0,0,0,0,manual
5152,31,motorcycle,754.21,560.55,776.15,589.35,0,0,0,0,manual
5153,8,car,732.09,514.89,772.43,570.57,0,0,0,0,manual
5153,9,motorcycle,869.66,445.04,908.54,477.39,0,0,0,0,manual
5153,29,car,697.86,503.92,751.34,542.32,0,0,0,0,manual
5153,30,motorcycle,772.97,558.78,794.91,580.72,0,0,0,0,manual
5153,31,motorcycle,754.21,560.53,776.15,589.33,0,0,0,0,manual
5154,8,car,731.67,515.29,772.07,570.97,0,0,0,0,manual
5154,9,motorcycle,869.5,444.8,908.38,477.15,0,0,0,0,manual
5154,29,car,697.91,503.92,751.39,542.32,0,0,0,0,manual
5154,30,motorcycle,772.98,558.78,794.92,580.72,0,0,0,0,manual
5154,31,motorcycle,754.21,560.51,776.15,589.31,0,0,0,0,manual
5155,8,car,731.26,515.69,771.71,571.37,0,0,0,0,manual
5155,9,motorcycle,869.35,444.55,908.23,476.9,0,0,0,0,manual
5155,29,car,697.96,503.92,751.44,542.32,0,0,0,0,manual
5155,30,motorcycle,772.98,558.78,794.93,580.72,0,0,0,0,manual
5155,31,motorcycle,754.21,560.49,776.15,589.29,0,0,0,0,manual
5156,8,car,730.84,516.08,771.35,571.76,0,0,0,0,manual
5156,9,motorcycle,869.19,444.3,908.07,476.65,0,0,0,0,manual
5156,29,car,698.01,503.92,751.5,542.32,0,0,0,0,manual
5156,30,motorcycle,772.99,558.78,794.93,580.72,0,0,0,0,manual
5156,31,motorcycle,754.21,560.47,776.15,589.27,0,0,0,0,manual
5157,8,car,730.43,516.48,770.98,572.16,0,0,0,0,manual
5157,9,motorcycle,869.03,444.06,907.91,476.41,0,0,0,0,manual
5157,29,car,698.06,503.92,751.55,542.32,0,0,0,0,manual
5157,30,motorcycle,773.0,558.78,794.94,580.72,0,0,0,0,manual
5157,31,motorcycle,754.21,560.45,776.15,589.25,0,0,0,0,manual
5158,8,car,730.01,516.88,770.62,572.56,0,0,0,0,manual
5158,9,motorcycle,868.88,443.81,907.76,476.16,0,0,0,0,manual
5158,29,car,698.11,503.92,751.6,542.32,0,0,0,0,manual
5158,30,motorcycle,773.0,558.78,794.95,580.72,0,0,0,0,manual
5158,31,motorcycle,754.21,560.42,776.15,589.22,0,0,0,0,manual
5159,8,car,729.6,517.27,770.26,572.95,0,0,0,0,manual
5159,9,motorcycle,868.72,443.57,907.6,475.92,0,0,0,0,manual
5159,29,car,698.16,503.92,751.65,542.32,0,0,0,0,manual
5159,30,motorcycle,773.01,558.78,794.96,580.72,0,0,0,0,manual
5159,31,motorcycle,754.21,560.4,776.15,589.2,0,0,0,0,manual
5160,8,car,729.18,517.67,769.9,573.35,0,0,0,0,manual
5160,9,motorcycle,868.57,443.32,907.45,475.67,0,0,0,0,manual
5160,29,car,698.21,503.92,751.7,542.32,0,0,0,0,manual
5160,30,motorcycle,773.02,558.78,794.96,580.72,0,0,0,0,manual
5160,31,motorcycle,754.21,560.38,776.15,589.18,0,0,0,0,manual
5161,8,car,728.77,518.07,769.53,573.75,0,0,0,0,manual
5161,9,motorcycle,868.41,443.07,907.29,475.42,0,0,0,0,manual
5161,29,car,698.26,503.92,751.75,542.32,0,0,0,0,manual
5161,30,motorcycle,773.03,558.78,794.97,580.72,0,0,0,0,manual
5161,31,motorcycle,754.21,560.36,776.15,589.16,0,0,0,0,manual
5162,8,car,728.35,518.46,769.17,574.15,0,0,0,0,manual
5162,9,motorcycle,868.26,442.83,907.14,475.18,0,0,0,0,manual
5162,29,car,698.31,503.92,751.8,542.32,0,0,0,0,manual
5162,30,motorcycle,773.03,558.78,794.98,580.72,0,0,0,0,manual
5162,31,motorcycle,754.21,560.34,776.15,589.14,0,0,0,0,manual
5163,8,car,727.94,518.86,768.81,574.54,0,0,0,0,manual
5163,9,motorcycle,868.1,442.58,906.98,474.93,0,0,0,0,manual
5163,29,car,698.36,503.92,751.85,542.32,0,0,0,0,manual
5163,30,motorcycle,773.04,558.78,794.98,580.72,0,0,0,0,manual
5163,31,motorcycle,754.21,560.32,776.15,589.12,0,0,0,0,manual
5164,8,car,727.53,519.26,768.45,574.94,0,0,0,0,manual
5164,9,motorcycle,867.95,442.34,906.83,474.69,0,0,0,0,manual
5164,29,car,698.41,503.92,751.9,542.32,0,0,0,0,manual
5164,30,motorcycle,773.05,558.78,794.99,580.72,0,0,0,0,manual
5164,31,motorcycle,754.21,560.29,776.15,589.09,0,0,0,0,manual
5165,8,car,727.11,519.65,768.08,575.34,0,0,0,0,manual
5165,9,motorcycle,867.79,442.09,906.67,474.44,0,0,0,0,manual
5165,29,car,698.46,503.92,751.95,542.32,0,0,0,0,manual
5165,30,motorcycle,773.06,558.78,795.0,580.72,0,0,0,0,manual
5165,31,motorcycle,754.21,560.27,776.15,589.07,0,0,0,0,manual
5166,8,car,726.7,520.05,767.72,575.74,0,0,0,0,manual
5166,9,motorcycle,867.64,441.84,906.52,474.19,0,0,0,0,manual
5166,29,car,698.51,503.92,752.0,542.32,0,0,0,0,manual
5166,30,motorcycle,773.06,558.78,795.01,580.72,0,0,0,0,manual
5166,31,motorcycle,754.21,560.25,776.15,589.05,0,0,0,0,manual
5167,8,car,726.28,520.45,767.36,576.13,0,0,0,0,manual
5167,9,motorcycle,867.48,441.6,906.36,473.95,0,0,0,0,manual
5167,29,car,698.56,503.92,752.05,542.32,0,0,0,0,manual
5167,30,motorcycle,773.07,558.78,795.01,580.72,0,0,0,0,manual
5167,31,motorcycle,754.21,560.23,776.15,589.03,0,0,0,0,manual
5168,8,car,725.87,520.85,767.0,576.53,0,0,0,0,manual
5168,9,motorcycle,867.32,441.35,906.2,473.7,0,0,0,0,manual
5168,29,car,698.62,503.92,752.1,542.32,0,0,0,0,manual
5168,30,motorcycle,773.08,558.78,795.02,580.72,0,0,0,0,manual
5168,31,motorcycle,754.21,560.21,776.15,589.01,0,0,0,0,manual
5169,8,car,725.45,521.24,766.63,576.93,0,0,0,0,manual
5169,9,motorcycle,867.17,441.11,906.05,473.46,0,0,0,0,manual
5169,29,car,698.67,503.92,752.15,542.32,0,0,0,0,manual
5169,30,motorcycle,773.08,558.78,795.03,580.72,0,0,0,0,manual
5169,31,motorcycle,754.21,560.19,776.15,588.99,0,0,0,0,manual
5170,8,car,725.04,521.64,766.27,577.32,0,0,0,0,manual
5170,9,motorcycle,867.01,440.86,905.89,473.21,0,0,0,0,manual
5170,29,car,698.72,503.92,752.2,542.32,0,0,0,0,manual
5170,30,motorcycle,773.09,558.78,795.03,580.72,0,0,0,0,manual
5170,31,motorcycle,754.21,560.16,776.15,588.96,0,0,0,0,manual
5171,8,car,724.62,522.04,765.91,577.72,0,0,0,0,manual
5171,9,motorcycle,866.86,440.61,905.74,472.96,0,0,0,0,manual
5171,29,car,698.77,503.92,752.25,542.32,0,0,0,0,manual
5171,30,motorcycle,773.1,558.78,795.04,580.72,0,0,0,0,manual
5171,31,motorcycle,754.21,560.14,776.15,588.94,0,0,0,0,manual
5172,8,car,724.21,522.43,765.55,578.12,0,0,0,0,manual
5172,9,motorcycle,866.7,440.37,905.58,472.72,0,0,0,0,manual
5172,29,car,698.82,503.92,752.3,542.32,0,0,0,0,manual
5172,30,motorcycle,773.11,558.78,795.05,580.72,0,0,0,0,manual
5172,31,motorcycle,754.21,560.12,776.15,588.92,0,0,0,0,manual
5173,8,car,723.79,522.83,765.18,578.52,0,0,0,0,manual
5173,9,motorcycle,866.55,440.12,905.43,472.47,0,0,0,0,manual
5173,29,car,698.87,503.92,752.35,542.32,0,0,0,0,manual
5173,30,motorcycle,773.11,558.78,795.06,580.72,0,0,0,0,manual
5173,31,motorcycle,754.21,560.1,776.15,588.9,0,0,0,0,manual
5174,8,car,723.38,523.23,764.82,578.91,0,0,0,0,manual
5174,9,motorcycle,866.39,439.88,905.27,472.23,0,0,0,0,manual
5174,29,car,698.92,503.92,752.4,542.32,0,0,0,0,manual
5174,30,motorcycle,773.12,558.78,795.06,580.72,0,0,0,0,manual
5174,31,motorcycle,754.21,560.08,776.15,588.88,0,0,0,0,manual
5175,8,car,722.97,523.62,764.46,579.31,0,0,0,0,manual
5175,9,motorcycle,866.24,439.63,905.12,471.98,0,0,0,0,manual
5175,29,car,698.97,503.92,752.46,542.32,0,0,0,0,manual
5175,30,motorcycle,773.13,558.78,795.07,580.72,0,0,0,0,manual
5175,31,motorcycle,754.21,560.06,776.15,588.86,0,0,0,0,manual
5176,8,car,722.55,524.02,764.1,579.71,0,0,0,0,manual
5176,9,motorcycle,866.08,439.38,904.96,471.73,0,0,0,0,manual
5176,29,car,699.02,503.92,752.51,542.32,0,0,0,0,manual
5176,30,motorcycle,773.13,558.78,795.08,580.72,0,0,0,0,manual
5176,31,motorcycle,754.21,560.03,776.15,588.83,0,0,0,0,manual
5177,8,car,722.14,524.42,763.74,580.1,0,0,0,0,manual
5177,9,motorcycle,865.93,439.14,904.81,471.49,0,0,0,0,manual
5177,29,car,699.07,503.92,752.56,542.32,0,0,0,0,manual
5177,30,motorcycle,773.14,558.78,795.09,580.72,0,0,0,0,manual
5177,31,motorcycle,754.21,560.01,776.15,588.81,0,0,0,0,manual
5178,8,car,721.72,524.82,763.37,580.5,0,0,0,0,manual
5178,9,motorcycle,865.77,438.89,904.65,471.24,0,0,0,0,manual
5178,29,car,699.12,503.92,752.61,542.32,0,0,0,0,manual
5178,30,motorcycle,773.15,558.78,795.09,580.72,0,0,0,0,manual
5178,31,motorcycle,754.21,559.99,776.15,588.79,0,0,0,0,manual
5179,8,car,721.31,525.21,763.01,580.9,0,0,0,0,manual
5179,9,motorcycle,865.62,438.65,904.5,471.0,0,0,0,0,manual
5179,29,car,699.17,503.92,752.66,542.32,0,0,0,0,manual
5179,30,motorcycle,773.16,558.78,795.1,580.72,0,0,0,0,manual
5179,31,motorcycle,754.21,559.97,776.15,588.77,0,0,0,0,manual
5180,8,car,720.89,525.61,762.65,581.3,0,0,0,0,manual
5180,9,motorcycle,865.46,438.4,904.34,470.75,0,0,0,0,manual
5180,29,car,699.22,503.92,752.71,542.32,0,0,0,0,manual
5180,30,motorcycle,773.16,558.78,795.11,580.72,0,0,0,0,manual
5180,31,motorcycle,754.21,559.95,776.15,588.75,0,0,0,0,manual
5181,8,car,720.48,526.01,762.29,581.69,0,0,0,0,manual
5181,9,motorcycle,865.3,438.15,904.18,470.5,0,0,0,0,manual
5181,29,car,699.27,503.92,752.76,542.32,0,0,0,0,manual
5181,30,motorcycle,773.17,558.78,795.11,580.72,0,0,0,0,manual
5181,31,motorcycle,754.21,559.93,776.15,588.73,0,0,0,0,manual
5182,8,car,720.06,526.4,761.92,582.09,0,0,0,0,manual
5182,9,motorcycle,865.15,437.91,904.03,470.26,0,0,0,0,manual
5182,29,car,699.32,503.92,752.81,542.32,0,0,0,0,manual
5182,30,motorcycle,773.18,558.78,795.12,580.72,0,0,0,0,manual
5182,31,motorcycle,754.21,559.9,776.15,588.7,0,0,0,0,manual
5183,8,car,719.65,526.8,761.56,582.49,0,0,0,0,manual
5183,9,motorcycle,864.99,437.66,903.87,470.01,0,0,0,0,manual
5183,29,car,699.37,503.92,752.86,542.32,0,0,0,0,manual
5183,30,motorcycle,773.19,558.78,795.13,580.72,0,0,0,0,manual
5183,31,motorcycle,754.21,559.88,776.15,588.68,0,0,0,0,manual
5184,8,car,719.23,527.2,761.2,582.88,0,0,0,0,manual
5184,9,motorcycle,864.84,437.42,903.72,469.77,0,0,0,0,manual
5184,29,car,699.42,503.92,752.91,542.32,0,0,0,0,manual
5184,30,motorcycle,773.19,558.78,795.14,580.72,0,0,0,0,manual
5184,31,motorcycle,754.21,559.86,776.15,588.66,0,0,0,0,manual
5185,8,car,718.82,527.6,760.84,583.28,0,0,0,0,manual
5185,9,motorcycle,864.68,437.17,903.56,469.52,0,0,0,0,manual
5185,29,car,699.47,503.92,752.96,542.32,0,0,0,0,manual
5185,30,motorcycle,773.2,558.78,795.14,580.72,0,0,0,0,manual
5185,31,motorcycle,754.21,559.84,776.15,588.64,0,0,0,0,manual
5186,8,car,718.4,527.99,760.47,583.68,0,0,0,0,manual
5186,9,motorcycle,864.53,436.92,903.41,469.27,0,0,0,0,manual
5186,29,car,699.52,503.92,753.01,542.32,0,0,0,0,manual
5186,30,motorcycle,773.21,558.78,795.15,580.72,0,0,0,0,manual
5186,31,motorcycle,754.21,559.82,776.15,588.62,0,0,0,0,manual
5187,8,car,717.99,528.39,760.11,584.08,0,0,0,0,manual
5187,9,motorcycle,864.37,436.68,903.25,469.03,0,0,0,0,manual
5187,29,car,699.58,503.92,753.06,542.32,0,0,0,0,manual
5187,30,motorcycle,773.21,558.78,795.16,580.72,0,0,0,0,manual
5187,31,motorcycle,754.21,559.8,776.15,588.6,0,0,0,0,manual
5188,8,car,717.58,528.79,759.75,584.47,0,0,0,0,manual
5188,9,motorcycle,864.22,436.43,903.1,468.78,0,0,0,0,manual
5188,29,car,699.63,503.92,753.11,542.32,0,0,0,0,manual
5188,30,motorcycle,773.22,558.78,795.16,580.72,0,0,0,0,manual
5188,31,motorcycle,754.21,559.77,776.15,588.57,0,0,0,0,manual
5189,8,car,717.16,529.18,759.39,584.87,0,0,0,0,manual
5189,9,motorcycle,864.06,436.19,902.94,468.54,0,0,0,0,manual
5189,29,car,699.68,503.92,753.16,542.32,0,0,0,0,manual
5189,30,motorcycle,773.23,558.78,795.17,580.72,0,0,0,0,manual
5189,31,motorcycle,754.21,559.75,776.15,588.55,0,0,0,0,manual
5190,8,car,716.75,529.58,759.02,585.27,0,0,0,0,manual
5190,9,motorcycle,863.91,435.94,902.79,468.29,0,0,0,0,manual
5190,29,car,699.73,503.92,753.21,542.32,0,0,0,0,manual
5190,30,motorcycle,773.24,558.78,795.18,580.72,0,0,0,0,manual
5190,31,motorcycle,754.21,559.73,776.15,588.53,0,0,0,0,manual
5191,8,car,716.33,529.98,758.66,585.67,0,0,0,0,manual
5191,9,motorcycle,863.75,435.69,902.63,468.04,0,0,0,0,manual
5191,29,car,699.78,503.92,753.26,542.32,0,0,0,0,manual
5191,30,motorcycle,773.24,558.78,795.19,580.72,0,0,0,0,manual
5191,31,motorcycle,754.21,559.71,776.15,588.51,0,0,0,0,manual
5192,8,car,715.92,530.37,758.3,586.06,0,0,0,0,manual
5192,9,motorcycle,863.6,435.45,902.48,467.8,0,0,0,0,manual
5192,29,car,699.83,503.92,753.31,542.32,0,0,0,0,manual
5192,30,motorcycle,773.25,558.78,795.19,580.72,0,0,0,0,manual
5192,31,motorcycle,754.21,559.69,776.15,588.49,0,0,0,0,manual
5193,8,car,715.5,530.77,757.94,586.46,0,0,0,0,manual
5193,9,motorcycle,863.44,435.2,902.32,467.55,0,0,0,0,manual
5193,29,car,699.88,503.92,753.36,542.32,0,0,0,0,manual
5193,30,motorcycle,773.26,558.78,795.2,580.72,0,0,0,0,manual
5193,31,motorcycle,754.21,559.67,776.15,588.47,0,0,0,0,manual
5194,8,car,715.09,531.17,757.57,586.86,0,0,0,0,manual
5194,9,motorcycle,863.28,434.96,902.16,467.31,0,0,0,0,manual
5194,29,car,699.93,503.92,753.42,542.32,0,0,0,0,manual
5194,30,motorcycle,773.26,558.78,795.21,580.72,0,0,0,0,manual
5194,31,motorcycle,754.21,559.64,776.15,588.44,0,0,0,0,manual
5195,8,car,714.67,531.56,757.21,587.25,0,0,0,0,manual
5195,9,motorcycle,863.13,434.71,902.01,467.06,0,0,0,0,manual
5195,29,car,699.98,503.92,753.47,542.32,0,0,0,0,manual
5195,30,motorcycle,773.27,558.78,795.21,580.72,0,0,0,0,manual
5195,31,motorcycle,754.21,559.62,776.15,588.42,0,0,0,0,manual
5196,8,car,714.26,531.96,756.85,587.65,0,0,0,0,manual
5196,9,motorcycle,862.97,434.46,901.85,466.81,0,0,0,0,manual
5196,29,car,700.03,503.92,753.52,542.32,0,0,0,0,manual
5196,30,motorcycle,773.28,558.78,795.22,580.72,0,0,0,0,manual
5196,31,motorcycle,754.21,559.6,776.15,588.4,0,0,0,0,manual
5197,8,car,713.84,532.36,756.49,588.05,0,0,0,0,manual
5197,9,motorcycle,862.82,434.22,901.7,466.57,0,0,0,0,manual
5197,29,car,700.08,503.92,753.57,542.32,0,0,0,0,manual
5197,30,motorcycle,773.29,558.78,795.23,580.72,0,0,0,0,manual
5197,31,motorcycle,754.21,559.58,776.15,588.38,0,0,0,0,manual
5198,8,car,713.43,532.76,756.12,588.45,0,0,0,0,manual
5198,9,motorcycle,862.66,433.97,901.54,466.32,0,0,0,0,manual
5198,29,car,700.13,503.92,753.62,542.32,0,0,0,0,manual
5198,30,motorcycle,773.29,558.78,795.24,580.72,0,0,0,0,manual
5198,31,motorcycle,754.21,559.56,776.15,588.36,0,0,0,0,manual
5199,8,car,713.01,533.15,755.76,588.84,0,0,0,0,manual
5199,9,motorcycle,862.51,433.73,901.39,466.08,0,0,0,0,manual
5199,29,car,700.18,503.92,753.67,542.32,0,0,0,0,manual
5199,30,motorcycle,773.3,558.78,795.24,580.72,0,0,0,0,manual
5199,31,motorcycle,754.21,559.54,776.15,588.34,0,0,0,0,manual
5200,8,car,712.6,533.55,755.4,589.24,0,0,1,0,manual
5200,9,motorcycle,862.35,433.48,901.23,465.83,0,0,0,0,manual
5200,29,car,700.23,503.92,753.72,542.32,0,0,0,0,manual
5200,30,motorcycle,773.31,558.78,795.25,580.72,0,0,0,0,manual
5200,31,motorcycle,754.21,559.51,776.15,588.31,0,0,0,0,manual
5201,8,car,711.95,533.74,754.9,589.27,0,0,0,0,manual
5201,9,motorcycle,862.2,433.23,901.08,465.58,0,0,0,0,manual
5201,29,car,700.28,503.92,753.77,542.32,0,0,0,0,manual
5201,30,motorcycle,773.32,558.78,795.26,580.72,0,0,0,0,manual
5201,31,motorcycle,754.21,559.49,776.15,588.29,0,0,0,0,manual
5202,8,car,711.3,533.92,754.39,589.3,0,0,0,0,manual
5202,9,motorcycle,862.04,432.99,900.92,465.34,0,0,0,0,manual
5202,29,car,700.33,503.92,753.82,542.32,0,0,0,0,manual
5202,30,motorcycle,773.32,558.78,795.27,580.72,0,0,0,0,manual
5202,31,motorcycle,754.21,559.47,776.15,588.27,0,0,0,0,manual
5203,8,car,710.65,534.11,753.89,589.33,0,0,0,0,manual
5203,9,motorcycle,861.89,432.74,900.77,465.09,0,0,0,0,manual
5203,29,car,700.38,503.92,753.87,542.32,0,0,0,0,manual
5203,30,motorcycle,773.33,558.78,795.27,580.72,0,0,0,0,manual
5203,31,motorcycle,754.21,559.45,776.15,588.25,0,0,0,0,manual
5204,8,car,710.01,534.3,753.38,589.35,0,0,0,0,manual
5204,9,motorcycle,861.73,432.5,900.61,464.85,0,0,0,0,manual
5204,29,car,700.43,503.92,753.92,542.32,0,0,0,0,manual
5204,30,motorcycle,773.34,558.78,795.28,580.72,0,0,0,0,manual
5204,31,motorcycle,754.21,559.43,776.15,588.23,0,0,0,0,manual
5205,8,car,709.36,534.49,752.88,589.38,0,0,0,0,manual
5205,9,motorcycle,861.58,432.25,900.46,464.6,0,0,0,0,manual
5205,29,car,700.48,503.92,753.97,542.32,0,0,0,0,manual
5205,30,motorcycle,773.34,558.78,795.29,580.72,0,0,0,0,manual
5205,31,motorcycle,754.21,559.41,776.15,588.21,0,0,0,0,manual
5206,8,car,708.71,534.67,752.37,589.41,0,0,0,0,manual
5206,9,motorcycle,861.42,432.0,900.3,464.35,0,0,0,0,manual
5206,29,car,700.54,503.92,754.02,542.32,0,0,0,0,manual
5206,30,motorcycle,773.35,558.78,795.29,580.72,0,0,0,0,manual
5206,31,motorcycle,754.21,559.38,776.15,588.18,0,0,0,0,manual
5207,8,car,708.06,534.86,751.87,589.44,0,0,0,0,manual
5207,9,motorcycle,861.26,431.76,900.14,464.11,0,0,0,0,manual
5207,29,car,700.59,503.92,754.07,542.32,0,0,0,0,manual
5207,30,motorcycle,773.36,558.78,795.3,580.72,0,0,0,0,manual
5207,31,motorcycle,754.21,559.36,776.15,588.16,0,0,0,0,manual
5208,8,car,707.41,535.05,751.36,589.47,0,0,0,0,manual
5208,9,motorcycle,861.11,431.51,899.99,463.86,0,0,0,0,manual
5208,29,car,700.64,503.92,754.12,542.32,0,0,0,0,manual
5208,30,motorcycle,773.37,558.78,795.31,580.72,0,0,0,0,manual
5208,31,motorcycle,754.21,559.34,776.15,588.14,0,0,0,0,manual
5209,8,car,706.76,535.24,750.86,589.5,0,0,0,0,manual
5209,9,motorcycle,860.95,431.27,899.83,463.62,0,0,0,0,manual
5209,29,car,700.69,503.92,754.17,542.32,0,0,0,0,manual
5209,30,motorcycle,773.37,558.78,795.32,580.72,0,0,0,0,manual
5209,31,motorcycle,754.21,559.32,776.15,588.12,0,0,0,0,manual
5210,8,car,706.12,535.42,750.35,589.52,0,0,0,0,manual
5210,9,motorcycle,860.8,431.02,899.68,463.37,0,0,0,0,manual
5210,29,car,700.74,503.92,754.22,542.32,0,0,0,0,manual
5210,30,motorcycle,773.38,558.78,795.32,580.72,0,0,0,0,manual
5210,31,motorcycle,754.21,559.3,776.15,588.1,0,0,0,0,manual
5211,8,car,705.47,535.61,749.85,589.55,0,0,0,0,manual
5211,9,motorcycle,860.64,430.77,899.52,463.12,0,0,0,0,manual
5211,29,car,700.79,503.92,754.27,542.32,0,0,0,0,manual
5211,30,motorcycle,773.39,558.78,795.33,580.72,0,0,0,0,manual
5211,31,motorcycle,754.21,559.28,776.15,588.08,0,0,0,0,manual
5212,8,car,704.82,535.8,749.34,589.58,0,0,0,0,manual
5212,9,motorcycle,860.49,430.53,899.37,462.88,0,0,0,0,manual
5212,29,car,700.84,503.92,754.32,542.32,0,0,0,0,manual
5212,30,motorcycle,773.39,558.78,795.34,580.72,0,0,0,0,manual
5212,31,motorcycle,754.21,559.25,776.15,588.05,0,0,0,0,manual
5213,8,car,704.17,535.98,748.84,589.61,0,0,0,0,manual
5213,9,motorcycle,860.33,430.28,899.21,462.63,0,0,0,0,manual
5213,29,car,700.89,503.92,754.38,542.32,0,0,0,0,manual
5213,30,motorcycle,773.4,558.78,795.34,580.72,0,0,0,0,manual
5213,31,motorcycle,754.21,559.23,776.15,588.03,0,0,0,0,manual
5214,8,car,703.52,536.17,748.33,589.64,0,0,0,0,manual
5214,9,motorcycle,860.18,430.04,899.06,462.39,0,0,0,0,manual
5214,29,car,700.94,503.92,754.43,542.32,0,0,0,0,manual
5214,30,motorcycle,773.41,558.78,795.35,580.72,0,0,1,0,manual
5214,31,motorcycle,754.21,559.21,776.15,588.01,0,0,0,0,manual
5215,8,car,702.87,536.36,747.83,589.67,0,0,0,0,manual
5215,9,motorcycle,860.02,429.79,898.9,462.14,0,0,0,0,manual
5215,29,car,700.99,503.92,754.48,542.32,0,0,0,0,manual
5215,30,motorcycle,773.27,558.64,795.22,580.58,0,0,0,0,manual
5215,31,motorcycle,754.21,559.19,776.15,587.99,0,0,0,0,manual
5216,8,car,702.23,536.55,747.32,589.7,0,0,0,0,manual
5216,9,motorcycle,859.87,429.54,898.75,461.89,0,0,0,0,manual
5216,29,car,701.04,503.92,754.53,542.32,0,0,0,0,manual
5216,30,motorcycle,773.13,558.5,795.08,580.45,0,0,0,0,manual
5216,31,motorcycle,754.21,559.17,776.15,587.97,0,0,0,0,manual
5217,8,car,701.58,536.73,746.82,589.72,0,0,0,0,manual
5217,9,motorcycle,859.71,429.3,898.59,461.65,0,0,0,0,manual
5217,29,car,701.09,503.92,754.58,542.32,0,0,0,0,manual
5217,30,motorcycle,773.0,558.37,794.94,580.31,0,0,0,0,manual
5217,31,motorcycle,754.21,559.15,776.15,587.95,0,0,0,0,manual
5218,8,car,700.93,536.92,746.31,589.75,0,0,0,0,manual
5218,9,motorcycle,859.55,429.05,898.43,461.4,0,0,0,0,manual
5218,29,car,701.14,503.92,754.63,542.32,0,0,0,0,manual
5218,30,motorcycle,772.86,558.23,794.8,580.17,0,0,0,0,manual
5218,31,motorcycle,754.21,559.12,776.15,587.92,0,0,0,0,manual
5219,8,car,700.28,537.11,745.81,589.78,0,0,0,0,manual
5219,9,motorcycle,859.4,428.81,898.28,461.16,0,0,0,0,manual
5219,29,car,701.19,503.92,754.68,542.32,0,0,0,0,manual
5219,30,motorcycle,772.72,558.09,794.67,580.04,0,0,0,0,manual
5219,31,motorcycle,754.21,559.1,776.15,587.9,0,0,0,0,manual
5220,8,car,699.63,537.29,745.3,589.81,0,0,0,0,manual
5220,9,motorcycle,859.24,428.56,898.12,460.91,0,0,0,0,manual
5220,29,car,701.24,503.92,754.73,542.32,0,0,0,0,manual
5220,30,motorcycle,772.59,557.96,794.53,579.9,0,0,0,0,manual
5220,31,motorcycle,754.21,559.08,776.15,587.88,0,0,0,0,manual
5221,8,car,698.98,537.48,744.8,589.84,0,0,0,0,manual
5221,9,motorcycle,859.09,428.31,897.97,460.66,0,0,0,0,manual
5221,29,car,701.29,503.92,754.78,542.32,0,0,0,0,manual
5221,30,motorcycle,772.45,557.82,794.39,579.76,0,0,0,0,manual
5221,31,motorcycle,754.21,559.06,776.15,587.86,0,0,0,0,manual
5222,8,car,698.33,537.67,744.3,589.87,0,0,0,0,manual
5222,9,motorcycle,858.93,428.07,897.81,460.42,0,0,0,0,manual
5222,29,car,701.34,503.92,754.83,542.32,0,0,0,0,manual
5222,30,motorcycle,772.31,557.68,794.25,579.62,0,0,0,0,manual
5222,31,motorcycle,754.21,559.04,776.15,587.84,0,0,0,0,manual
5223,8,car,697.69,537.86,743.79,589.89,0,0,0,0,manual
5223,9,motorcycle,858.78,427.82,897.66,460.17,0,0,0,0,manual
5223,29,car,701.39,503.92,754.88,542.32,0,0,0,0,manual
5223,30,motorcycle,772.17,557.54,794.12,579.49,0,0,0,0,manual
5223,31,motorcycle,754.21,559.02,776.15,587.82,0,0,0,0,manual
5224,8,car,697.04,538.04,743.29,589.92,0,0,0,0,manual
5224,9,motorcycle,858.62,427.58,897.5,459.93,0,0,0,0,manual
5224,29,car,701.44,503.92,754.93,542.32,0,0,0,0,manual
5224,30,motorcycle,772.04,557.41,793.98,579.35,0,0,0,0,manual
5224,31,motorcycle,754.21,558.99,776.15,587.8,0,0,0,0,manual
5225,8,car,696.39,538.23,742.78,589.95,0,0,0,0,manual
5225,9,motorcycle,858.47,427.33,897.35,459.68,0,0,0,0,manual
5225,29,car,701.5,503.92,754.98,542.32,0,0,0,0,manual
5225,30,motorcycle,771.9,557.27,793.84,579.21,0,0,0,0,manual
5225,31,motorcycle,754.21,558.97,776.15,587.77,0,0,0,0,manual
5226,8,car,695.74,538.42,742.28,589.98,0,0,0,0,manual
5226,9,motorcycle,858.31,427.08,897.19,459.43,0,0,0,0,manual
5226,29,car,701.55,503.92,755.03,542.32,0,0,0,0,manual
5226,30,motorcycle,771.76,557.13,793.71,579.08,0,0,0,0,manual
5226,31,motorcycle,754.21,558.95,776.15,587.75,0,0,0,0,manual
5227,8,car,695.09,538.61,741.77,590.01,0,0,0,0,manual
5227,9,motorcycle,858.16,426.84,897.04,459.19,0,0,0,0,manual
5227,29,car,701.6,503.92,755.08,542.32,0,0,0,0,manual
5227,30,motorcycle,771.63,557.0,793.57,578.94,0,0,0,0,manual
5227,31,motorcycle,754.21,558.93,776.15,587.73,0,0,0,0,manual
5228,8,car,694.44,538.79,741.27,590.04,0,0,0,0,manual
5228,9,motorcycle,858.0,426.59,896.88,458.94,0,0,0,0,manual
5228,29,car,701.65,503.92,755.13,542.32,0,0,0,0,manual
5228,30,motorcycle,771.49,556.86,793.43,578.8,0,0,0,0,manual
5228,31,motorcycle,754.21,558.91,776.15,587.71,0,0,0,0,manual
5229,8,car,693.8,538.98,740.76,590.06,0,0,0,0,manual
5229,9,motorcycle,857.85,426.35,896.73,458.7,0,0,0,0,manual
5229,29,car,701.7,503.92,755.18,542.32,0,0,0,0,manual
5229,30,motorcycle,771.35,556.72,793.29,578.66,0,0,0,0,manual
5229,31,motorcycle,754.21,558.89,776.15,587.69,0,0,0,0,manual
5230,8,car,693.15,539.17,740.26,590.09,0,0,0,0,manual
5230,9,motorcycle,857.69,426.1,896.57,458.45,0,0,1,0,manual
5230,29,car,701.75,503.92,755.23,542.32,0,0,0,0,manual
5230,30,motorcycle,771.21,556.58,793.16,578.53,0,0,0,0,manual
5230,31,motorcycle,754.21,558.86,776.15,587.67,0,0,0,0,manual
5231,8,car,692.5,539.35,739.75,590.12,0,0,0,0,manual
5231,9,motorcycle,856.96,424.87,895.64,457.45,0,0,0,0,manual
5231,29,car,701.8,503.92,755.28,542.32,0,0,0,0,manual
5231,30,motorcycle,771.08,556.45,793.02,578.39,0,0,0,0,manual
5231,31,motorcycle,754.21,558.84,776.15,587.64,0,0,0,0,manual
5232,8,car,691.85,539.54,739.25,590.15,0,0,0,0,manual
5232,9,motorcycle,856.24,423.64,894.71,456.45,0,0,0,0,manual
5232,29,car,701.85,503.92,755.34,542.32,0,0,0,0,manual
5232,30,motorcycle,770.94,556.31,792.88,578.25,0,0,0,0,manual
5232,31,motorcycle,754.21,558.82,776.15,587.62,0,0,0,0,manual
5233,8,car,691.2,539.73,738.74,590.18,0,0,0,0,manual
5233,9,motorcycle,855.51,422.41,893.78,455.46,0,0,0,0,manual
5233,29,car,701.9,503.92,755.39,542.32,0,0,0,0,manual
5233,30,motorcycle,770.8,556.17,792.75,578.12,0,0,0,0,manual
5233,31,motorcycle,754.21,558.8,776.15,587.6,0,0,0,0,manual
5234,8,car,690.55,539.92,738.24,590.21,0,0,0,0,manual
5234,9,motorcycle,854.79,421.17,892.84,454.46,0,0,0,0,manual
5234,29,car,701.95,503.92,755.44,542.32,0,0,0,0,manual
5234,30,motorcycle,770.67,556.04,792.61,577.98,0,0,1,0,manual
5234,31,motorcycle,754.21,558.78,776.15,587.58,0,0,1,0,manual
5235,8,car,689.91,540.1,737.73,590.24,0,0,0,0,manual
5235,9,motorcycle,854.06,419.94,891.91,453.46,0,0,0,0,manual
5235,29,car,702.0,503.92,755.49,542.32,0,0,0,0,manual
5235,30,motorcycle,770.53,556.04,792.47,577.98,0,0,0,0,manual
5235,31,motorcycle,753.84,558.55,775.79,587.35,0,0,0,0,manual
5236,8,car,689.26,540.29,737.23,590.26,0,0,0,0,manual
5236,9,motorcycle,853.34,418.71,890.98,452.46,0,0,0,0,manual
5236,29,car,702.05,503.92,755.54,542.32,0,0,0,0,manual
5236,30,motorcycle,770.39,556.04,792.33,577.98,0,0,0,0,manual
5236,31,motorcycle,753.48,558.32,775.42,587.12,0,0,0,0,manual
5237,8,car,688.61,540.48,736.72,590.29,0,0,0,0,manual
5237,9,motorcycle,852.61,417.48,890.05,451.46,0,0,0,0,manual
5237,29,car,702.1,503.92,755.59,542.32,0,0,0,0,manual
5237,30,motorcycle,770.25,556.04,792.2,577.98,0,0,0,0,manual
5237,31,motorcycle,753.11,558.09,775.05,586.89,0,0,0,0,manual
5238,8,car,687.96,540.66,736.22,590.32,0,0,0,0,manual
5238,9,motorcycle,851.89,416.25,889.12,450.46,0,0,0,0,manual
5238,29,car,702.15,503.92,755.64,542.32,0,0,0,0,manual
5238,30,motorcycle,770.12,556.04,792.06,577.98,0,0,0,0,manual
5238,31,motorcycle,752.75,557.86,774.69,586.66,0,0,0,0,manual
5239,8,car,687.31,540.85,735.71,590.35,0,0,0,0,manual
5239,9,motorcycle,851.16,415.02,888.19,449.47,0,0,0,0,manual
5239,29,car,702.2,503.92,755.69,542.32,0,0,0,0,manual
5239,30,motorcycle,769.98,556.04,791.92,577.98,0,0,0,0,manual
5239,31,motorcycle,752.38,557.64,774.32,586.44,0,0,0,0,manual
5240,8,car,686.66,541.04,735.21,590.38,0,0,0,0,manual
5240,9,motorcycle,850.43,413.78,887.26,448.47,0,0,0,0,manual
5240,29,car,702.25,503.92,755.74,542.32,0,0,0,0,manual
5240,30,motorcycle,769.84,556.04,791.79,577.98,0,0,0,0,manual
5240,31,motorcycle,752.01,557.41,773.96,586.21,0,0,0,0,manual
5241,8,car,686.01,541.23,734.7,590.41,0,0,0,0,manual
5241,9,motorcycle,849.71,412.55,886.32,447.47,0,0,0,0,manual
5241,29,car,702.3,503.92,755.79,542.32,0,0,0,0,manual
5241,30,motorcycle,769.71,556.04,791.65,577.98,0,0,0,0,manual
5241,31,motorcycle,751.65,557.18,773.59,585.98,0,0,0,0,manual
5242,8,car,685.37,541.41,734.2,590.43,0,0,0,0,manual
5242,9,motorcycle,848.98,411.32,885.39,446.47,0,0,0,0,manual
5242,29,car,702.35,503.92,755.84,542.32,0,0,0,0,manual
5242,30,motorcycle,769.57,556.04,791.51,577.98,0,0,0,0,manual
5242,31,motorcycle,751.28,556.95,773.23,585.75,0,0,0,0,manual
5243,8,car,684.72,541.6,733.7,590.46,0,0,0,0,manual
5243,9,motorcycle,848.26,410.09,884.46,445.47,0,0,0,0,manual
5243,29,car,702.4,503.92,755.89,542.32,0,0,0,0,manual
5243,30,motorcycle,769.43,556.04,791.37,577.98,0,0,0,0,manual
5243,31,motorcycle,750.92,556.72,772.86,585.52,0,0,0,0,manual
5244,8,car,684.07,541.79,733.19,590.49,0,0,0,0,manual
5244,9,motorcycle,847.53,408.86,883.53,444.48,0,0,0,0,manual
5244,29,car,702.46,503.92,755.94,542.32,0,0,0,0,manual
5244,30,motorcycle,769.29,556.04,791.24,577.98,0,0,0,0,manual
5244,31,motorcycle,750.55,556.49,772.49,585.29,0,0,0,0,manual
5245,8,car,683.42,541.98,732.69,590.52,0,0,0,0,manual
5245,9,motorcycle,846.81,407.63,882.6,443.48,0,0,0,0,manual
5245,29,car,702.51,503.92,755.99,542.32,0,0,0,0,manual
5245,30,motorcycle,769.16,556.04,791.1,577.98,0,0,0,0,manual
5245,31,motorcycle,750.19,556.26,772.13,585.06,0,0,0,0,manual
5246,8,car,682.77,542.16,732.18,590.55,0,0,0,0,manual
5246,9,motorcycle,846.08,406.4,881.67,442.48,0,0,0,0,manual
5246,29,car,702.56,503.92,756.04,542.32,0,0,0,0,manual
5246,30,motorcycle,769.02,556.04,790.96,577.98,0,0,0,0,manual
5246,31,motorcycle,749.82,556.04,771.76,584.84,0,0,0,0,manual
5247,8,car,682.12,542.35,731.68,590.58,0,0,0,0,manual
5247,9,motorcycle,845.35,405.16,880.74,441.48,0,0,0,0,manual
5247,29,car,702.61,503.92,756.09,542.32,0,0,0,0,manual
5247,30,motorcycle,768.88,556.04,790.83,577.98,0,0,0,0,manual
5247,31,motorcycle,749.45,555.81,771.4,584.61,0,0,0,0,manual
5248,8,car,681.48,542.54,731.17,590.61,0,0,0,0,manual
5248,9,motorcycle,844.63,403.93,879.8,440.48,0,0,0,0,manual
5248,29,car,702.66,503.92,756.14,542.32,0,0,0,0,manual
5248,30,motorcycle,768.75,556.04,790.69,577.98,0,0,0,0,manual
5248,31,motorcycle,749.09,555.58,771.03,584.38,0,0,0,0,manual
5249,8,car,680.83,542.72,730.67,590.63,0,0,0,0,manual
5249,9,motorcycle,843.9,402.7,878.87,439.49,0,0,0,0,manual
5249,29,car,702.71,503.92,756.19,542.32,0,0,0,0,manual
5249,30,motorcycle,768.61,556.04,790.55,577.98,0,0,0,0,manual
5249,31,motorcycle,748.72,555.35,770.67,584.15,0,0,0,0,manual
5250,8,car,680.18,542.91,730.16,590.66,0,0,0,0,manual
5250,9,motorcycle,843.18,401.47,877.94,438.49,0,0,0,0,manual
5250,29,car,702.76,503.92,756.24,542.32,0,0,0,0,manual
5250,30,motorcycle,768.47,556.04,790.41,577.98,0,0,0,0,manual
5250,31,motorcycle,748.36,555.12,770.3,583.92,0,0,0,0,manual
5251,8,car,679.53,543.1,729.66,590.69,0,0,0,0,manual
5251,9,motorcycle,842.45,400.24,877.01,437.49,0,0,0,0,manual
5251,29,car,702.81,503.92,756.3,542.32,0,0,0,0,manual
5251,30,motorcycle,768.33,556.04,790.28,577.98,0,0,0,0,manual
5251,31,motorcycle,747.99,554.89,769.93,583.69,0,0,0,0,manual
5252,8,car,678.88,543.29,729.15,590.72,0,0,0,0,manual
5252,9,motorcycle,841.73,399.01,876.08,436.49,0,0,0,0,manual
5252,29,car,702.86,503.92,756.35,542.32,0,0,0,0,manual
5252,30,motorcycle,768.2,556.04,790.14,577.98,0,0,0,0,manual
5252,31,motorcycle,747.63,554.66,769.57,583.46,0,0,0,0,manual
5253,8,car,678.23,543.47,728.65,590.75,0,0,0,0,manual
5253,9,motorcycle,841.0,397.77,875.15,435.49,0,0,0,0,manual
5253,29,car,702.91,503.92,756.4,542.32,0,0,0,0,manual
5253,30,motorcycle,768.06,556.04,790.0,577.98,0,0,0,0,manual
5253,31,motorcycle,747.26,554.44,769.2,583.24,0,0,0,0,manual
5254,8,car,677.58,543.66,728.14,590.78,0,0,0,0,manual
5254,9,motorcycle,840.28,396.54,874.22,434.49,0,0,0,0,manual
5254,29,car,702.96,503.92,756.45,542.32,0,0,0,0,manual
5254,30,motorcycle,767.92,556.04,789.87,577.98,0,0,0,0,manual
5254,31,motorcycle,746.89,554.21,768.84,583.01,0,0,0,0,manual
5255,8,car,676.94,543.85,727.64,590.8,0,0,0,0,manual
5255,9,motorcycle,839.55,395.31,873.28,433.5,0,0,0,0,manual
5255,29,car,703.01,503.92,756.5,542.32,0,0,0,0,manual
5255,30,motorcycle,767.79,556.04,789.73,577.98,0,0,0,0,manual
5255,31,motorcycle,746.53,553.98,768.47,582.78,0,0,0,0,manual
5256,8,car,676.29,544.03,727.13,590.83,0,0,0,0,manual
5256,9,motorcycle,838.82,394.08,872.35,432.5,0,0,0,0,manual
5256,29,car,703.06,503.92,756.55,542.32,0,0,0,0,manual
5256,30,motorcycle,767.65,556.04,789.59,577.98,0,0,0,0,manual
5256,31,motorcycle,746.16,553.75,768.11,582.55,0,0,0,0,manual
5257,8,car,675.64,544.22,726.63,590.86,0,0,0,0,manual
5257,9,motorcycle,838.1,392.85,871.42,431.5,0,0,0,0,manual
5257,29,car,703.11,503.92,756.6,542.32,0,0,0,0,manual
5257,30,motorcycle,767.51,556.04,789.45,577.98,0,0,0,0,manual
5257,31,motorcycle,745.8,553.52,767.74,582.32,0,0,0,0,manual
5258,8,car,674.99,544.41,726.12,590.89,0,0,0,0,manual
5258,9,motorcycle,837.37,391.62,870.49,430.5,0,0,0,0,manual
5258,29,car,703.16,503.92,756.65,542.32,0,0,0,0,manual
5258,30,motorcycle,767.37,556.04,789.32,577.98,0,0,0,0,manual
5258,31,motorcycle,745.43,553.29,767.37,582.09,0,0,0,0,manual
5259,8,car,674.34,544.6,725.62,590.92,0,0,0,0,manual
5259,9,motorcycle,836.65,390.39,869.56,429.5,0,0,0,0,manual
5259,29,car,703.21,503.92,756.7,542.32,0,0,0,0,manual
5259,30,motorcycle,767.24,556.04,789.18,577.98,0,0,0,0,manual
5259,31,motorcycle,745.07,553.06,767.01,581.86,0,0,0,0,manual
5260,8,car,673.69,544.78,725.11,590.95,0,0,0,0,manual
5260,9,motorcycle,835.92,389.15,868.63,428.51,0,0,0,0,manual
5260,29,car,703.26,503.92,756.75,542.32,0,0,0,0,manual
5260,30,motorcycle,767.1,556.04,789.04,577.98,0,0,0,0,manual
5260,31,motorcycle,744.7,552.84,766.64,581.64,0,0,0,0,manual
5261,8,car,673.05,544.97,724.61,590.98,0,0,0,0,manual
5261,9,motorcycle,835.2,387.92,867.7,427.51,0,0,0,0,manual
5261,29,car,703.31,503.92,756.8,542.32,0,0,0,0,manual
5261,30,motorcycle,766.96,556.04,788.91,577.98,0,0,0,0,manual
5261,31,motorcycle,744.33,552.61,766.28,581.41,0,0,0,0,manual
5262,8,car,672.4,545.16,724.1,591.0,0,0,0,0,manual
5262,9,motorcycle,834.47,386.69,866.77,426.51,0,0,0,0,manual
5262,29,car,703.36,503.92,756.85,542.32,0,0,0,0,manual
5262,30,motorcycle,766.83,556.04,788.77,577.98,0,0,0,0,manual
5262,31,motorcycle,743.97,552.38,765.91,581.18,0,0,0,0,manual
5263,8,car,671.75,545.35,723.6,591.03,0,0,0,0,manual
5263,9,motorcycle,833.75,385.46,865.83,425.51,0,0,0,0,manual
5263,29,car,703.42,503.92,756.9,542.32,0,0,0,0,manual
5263,30,motorcycle,766.69,556.04,788.63,577.98,0,0,0,0,manual
5263,31,motorcycle,743.6,552.15,765.55,580.95,0,0,0,0,manual
5264,8,car,671.1,545.53,723.1,591.06,0,0,1,0,manual
5264,9,motorcycle,833.02,384.23,864.9,424.51,0,0,0,0,manual
5264,29,car,703.47,503.92,756.95,542.32,0,0,1,0,manual
5264,30,motorcycle,766.55,556.04,788.49,577.98,0,0,1,0,manual
5264,31,motorcycle,743.24,551.92,765.18,580.72,0,0,1,0,manual
5265,8,car,670.01,545.72,722.15,591.09,0,0,0,0,manual
5265,9,motorcycle,832.29,383.0,863.97,423.52,0,0,1,0,manual
5265,29,car,702.78,503.79,756.27,542.19,0,0,1,0,manual
5265,30,motorcycle,766.48,555.69,788.43,577.64,0,0,0,0,manual
5265,31,motorcycle,742.69,550.69,764.63,579.49,0,0,0,0,manual
5266,8,car,668.91,545.91,721.2,591.12,0,0,0,0,manual
5266,9,motorcycle,831.57,382.16,863.04,422.91,0,0,0,0,manual
5266,29,car,703.51,503.65,757.0,542.05,0,0,0,0,manual
5266,30,motorcycle,766.41,555.35,788.36,577.29,0,0,0,0,manual
5266,31,motorcycle,742.14,549.45,764.08,578.25,0,0,0,0,manual
5267,8,car,667.82,546.09,720.25,591.15,0,0,0,0,manual
5267,9,motorcycle,830.84,381.32,862.11,422.3,0,0,0,0,manual
5267,29,car,704.25,503.51,757.73,541.91,0,0,0,0,manual
5267,30,motorcycle,766.35,555.01,788.29,576.95,0,0,0,0,manual
5267,31,motorcycle,741.59,548.22,763.53,577.02,0,0,0,0,manual
5268,8,car,666.73,546.28,719.3,591.17,0,0,0,0,manual
5268,9,motorcycle,830.12,380.48,861.18,421.7,0,0,0,0,manual
5268,29,car,704.98,503.37,758.47,541.77,0,0,0,0,manual
5268,30,motorcycle,766.28,554.66,788.22,576.61,0,0,0,0,manual
5268,31,motorcycle,741.04,546.98,762.99,575.78,0,0,0,0,manual
5269,8,car,665.63,546.47,718.35,591.2,0,0,0,0,manual
5269,9,motorcycle,829.39,379.64,860.25,421.09,0,0,0,0,manual
5269,29,car,705.71,503.24,759.2,541.64,0,0,0,0,manual
5269,30,motorcycle,766.21,554.32,788.15,576.26,0,0,0,0,manual
5269,31,motorcycle,740.49,545.75,762.44,574.55,0,0,0,0,manual
5270,8,car,664.54,546.66,717.4,591.23,0,0,0,0,manual
5270,9,motorcycle,828.67,378.8,859.31,420.48,0,0,0,0,manual
5270,29,car,706.45,503.1,759.93,541.5,0,0,0,0,manual
5270,30,motorcycle,766.14,553.98,788.08,575.92,0,0,0,0,manual
5270,31,motorcycle,739.95,544.52,761.89,573.32,0,0,0,0,manual
5271,8,car,663.45,546.84,716.45,591.26,0,0,0,0,manual
5271,9,motorcycle,827.94,377.96,858.38,419.88,0,0,0,0,manual
5271,29,car,707.18,502.96,760.66,541.36,0,0,0,0,manual
5271,30,motorcycle,766.07,553.64,788.01,575.58,0,0,0,0,manual
5271,31,motorcycle,739.4,543.28,761.34,572.08,0,0,0,0,manual
5272,8,car,662.35,547.03,715.5,591.29,0,0,0,0,manual
5272,9,motorcycle,827.21,377.12,857.45,419.27,0,0,0,0,manual
5272,29,car,707.91,502.83,761.4,541.23,0,0,0,0,manual
5272,30,motorcycle,766.0,553.29,787.95,575.24,0,0,0,0,manual
5272,31,motorcycle,738.85,542.05,760.79,570.85,0,0,0,0,manual
5273,8,car,661.26,547.22,714.55,591.32,0,0,0,0,manual
5273,9,motorcycle,826.49,376.28,856.52,418.66,0,0,0,0,manual
5273,29,car,708.64,502.69,762.13,541.09,0,0,0,0,manual
5273,30,motorcycle,765.93,552.95,787.88,574.89,0,0,0,0,manual
5273,31,motorcycle,738.3,540.81,760.24,569.61,0,0,0,0,manual
5274,8,car,660.17,547.4,713.6,591.34,0,0,0,0,manual
5274,9,motorcycle,825.76,375.44,855.59,418.06,0,0,0,0,manual
5274,29,car,709.38,502.55,762.86,540.95,0,0,0,0,manual
5274,30,motorcycle,765.87,552.61,787.81,574.55,0,0,0,0,manual
5274,31,motorcycle,737.75,539.58,759.69,568.38,0,0,1,0,manual
5275,8,car,659.07,547.59,712.65,591.37,0,0,0,0,manual
5275,9,motorcycle,825.04,374.6,854.66,417.45,0,0,0,0,manual
5275,29,car,710.11,502.41,763.6,540.81,0,0,0,0,manual
5275,30,motorcycle,765.8,552.26,787.74,574.21,0,0,0,0,manual
5275,31,motorcycle,737.34,539.3,759.28,568.1,0,0,0,0,manual
5276,8,car,657.98,547.78,711.7,591.4,0,0,0,0,manual
5276,9,motorcycle,824.31,373.76,853.73,416.85,0,0,0,0,manual
5276,29,car,710.84,502.28,764.33,540.68,0,0,0,0,manual
5276,30,motorcycle,765.73,551.92,787.67,573.86,0,0,0,0,manual
5276,31,motorcycle,736.93,539.03,758.87,567.83,0,0,0,0,manual
5277,8,car,656.89,547.97,710.75,591.43,0,0,0,0,manual
5277,9,motorcycle,823.59,372.92,852.79,416.24,0,0,0,0,manual
5277,29,car,711.58,502.14,765.06,540.54,0,0,0,0,manual
5277,30,motorcycle,765.66,551.58,787.6,573.52,0,0,0,0,manual
5277,31,motorcycle,736.52,538.76,758.46,567.56,0,0,0,0,manual
5278,8,car,655.79,548.15,709.8,591.46,0,0,0,0,manual
5278,9,motorcycle,822.86,372.08,851.86,415.63,0,0,0,0,manual
5278,29,car,712.31,502.0,765.8,540.4,0,0,0,0,manual
5278,30,motorcycle,765.59,551.24,787.54,573.18,0,0,0,0,manual
5278,31,motorcycle,736.11,538.48,758.05,567.28,0,0,0,0,manual
5279,8,car,654.7,548.34,708.85,591.49,0,0,0,0,manual
5279,9,motorcycle,822.14,371.24,850.93,415.03,0,0,0,0,manual
5279,29,car,713.04,501.87,766.53,540.27,0,0,0,0,manual
5279,30,motorcycle,765.52,550.89,787.47,572.84,0,0,0,0,manual
5279,31,motorcycle,735.69,538.21,757.64,567.01,0,0,0,0,manual
5280,8,car,653.6,548.53,707.9,591.52,0,0,0,0,manual
5280,9,motorcycle,821.41,370.4,850.0,414.42,0,0,1,0,manual
5280,29,car,713.78,501.73,767.26,540.13,0,0,0,0,manual
5280,30,motorcycle,765.45,550.55,787.4,572.49,0,0,0,0,manual
5280,31,motorcycle,735.28,537.93,757.23,566.73,0,0,0,0,manual
5281,8,car,652.51,548.72,706.95,591.54,0,0,0,0,manual
5281,9,motorcycle,820.68,369.31,849.27,413.26,0,0,0,0,manual
5281,29,car,714.51,501.59,767.99,539.99,0,0,0,0,manual
5281,30,motorcycle,765.39,550.21,787.33,572.15,0,0,0,0,manual
5281,31,motorcycle,734.87,537.66,756.81,566.46,0,0,0,0,manual
5282,8,car,651.42,548.9,706.0,591.57,0,0,0,0,manual
5282,9,motorcycle,819.96,368.22,848.55,412.09,0,0,0,0,manual
5282,29,car,715.24,501.45,768.73,539.85,0,0,0,0,manual
5282,30,motorcycle,765.32,549.86,787.26,571.81,0,0,0,0,manual
5282,31,motorcycle,734.46,537.38,756.4,566.18,0,0,0,0,manual
5283,8,car,650.32,549.09,705.05,591.6,0,0,0,0,manual
5283,9,motorcycle,819.24,367.14,847.82,410.93,0,0,0,0,manual
5283,29,car,715.97,501.32,769.46,539.72,0,0,0,0,manual
5283,30,motorcycle,765.25,549.52,787.19,571.46,0,0,0,0,manual
5283,31,motorcycle,734.05,537.11,755.99,565.91,0,0,0,0,manual
5284,8,car,649.23,549.28,704.1,591.63,0,0,0,0,manual
5284,9,motorcycle,818.51,366.05,847.1,409.76,0,0,0,0,manual
5284,29,car,716.71,501.18,770.19,539.58,0,0,0,0,manual
5284,30,motorcycle,765.18,549.18,787.12,571.12,0,0,1,0,manual
5284,31,motorcycle,733.64,536.83,755.58,565.64,0,0,0,0,manual
5285,8,car,648.14,549.46,703.15,591.66,0,0,0,0,manual
5285,9,motorcycle,817.78,364.96,846.37,408.6,0,0,0,0,manual
5285,29,car,717.44,501.04,770.93,539.44,0,0,0,0,manual
5285,30,motorcycle,764.5,548.49,786.44,570.98,0,0,0,0,manual
5285,31,motorcycle,733.23,536.56,755.17,565.36,0,0,0,0,manual
5286,8,car,647.04,549.65,702.2,591.69,0,0,0,0,manual
5286,9,motorcycle,817.06,363.87,845.65,407.43,0,0,0,0,manual
5286,29,car,718.17,500.91,771.66,539.31,0,0,0,0,manual
5286,30,motorcycle,763.81,547.81,785.75,570.85,0,0,0,0,manual
5286,31,motorcycle,732.81,536.29,754.76,565.09,0,0,0,0,manual
5287,8,car,645.95,549.84,701.25,591.71,0,0,0,0,manual
5287,9,motorcycle,816.33,362.79,844.92,406.27,0,0,0,0,manual
5287,29,car,718.91,500.77,772.39,539.17,0,0,0,0,manual
5287,30,motorcycle,763.12,547.12,785.07,570.71,0,0,0,0,manual
5287,31,motorcycle,732.4,536.01,754.35,564.81,0,0,0,0,manual
5288,8,car,644.86,550.03,700.3,591.74,0,0,0,0,manual
5288,9,motorcycle,815.61,361.7,844.2,405.1,0,0,0,0,manual
5288,29,car,719.64,500.63,773.13,539.03,0,0,0,0,manual
5288,30,motorcycle,762.44,546.44,784.38,570.57,0,0,0,0,manual
5288,31,motorcycle,731.99,535.74,753.93,564.54,0,0,0,0,manual
5289,8,car,643.76,550.21,699.35,591.77,0,0,0,0,manual
5289,9,motorcycle,814.88,360.61,843.47,403.94,0,0,0,0,manual
5289,29,car,720.37,500.49,773.86,538.89,0,0,0,0,manual
5289,30,motorcycle,761.75,545.75,783.7,570.43,0,0,0,0,manual
5289,31,motorcycle,731.58,535.46,753.52,564.26,0,0,0,0,manual
5290,8,car,642.67,550.4,698.4,591.8,0,0,1,0,manual
5290,9,motorcycle,814.16,359.52,842.75,402.77,0,0,0,0,manual
5290,29,car,721.11,500.36,774.59,538.76,0,0,0,0,manual
5290,30,motorcycle,761.07,545.06,783.01,570.29,0,0,0,0,manual
5290,31,motorcycle,731.17,535.19,753.11,563.99,0,0,0,0,manual
5291,8,car,641.31,550.69,697.04,592.09,0,0,0,0,manual
5291,9,motorcycle,813.43,358.43,842.02,401.61,0,0,0,0,manual
5291,29,car,721.84,500.22,775.33,538.62,0,0,0,0,manual
5291,30,motorcycle,760.38,544.38,782.32,570.16,0,0,0,0,manual
5291,31,motorcycle,730.76,534.91,752.7,563.71,0,0,0,0,manual
5292,8,car,639.95,550.98,695.68,592.38,0,0,0,0,manual
5292,9,motorcycle,812.71,357.35,841.3,400.44,0,0,0,0,manual
5292,29,car,722.57,500.08,776.06,538.48,0,0,0,0,manual
5292,30,motorcycle,759.7,543.69,781.64,570.02,0,0,0,0,manual
5292,31,motorcycle,730.35,534.64,752.29,563.44,0,0,0,0,manual
5293,8,car,638.59,551.27,694.32,592.67,0,0,0,0,manual
5293,9,motorcycle,811.99,356.26,840.57,399.28,0,0,0,0,manual
5293,29,car,723.31,499.95,776.79,538.35,0,0,0,0,manual
5293,30,motorcycle,759.01,543.01,780.95,569.88,0,0,0,0,manual
5293,31,motorcycle,729.93,534.37,751.88,563.17,0,0,0,0,manual
5294,8,car,637.23,551.56,692.96,592.96,0,0,0,0,manual
5294,9,motorcycle,811.26,355.17,839.85,398.12,0,0,0,0,manual
5294,29,car,724.04,499.81,777.52,538.21,0,0,1,0,manual
5294,30,motorcycle,758.32,542.32,780.27,569.74,0,0,1,0,manual
5294,31,motorcycle,729.52,534.09,751.47,562.89,0,0,1,0,manual
5295,8,car,635.87,551.86,691.6,593.26,0,0,0,0,manual
5295,9,motorcycle,810.53,354.08,839.12,396.95,0,0,0,0,manual
5295,29,car,724.79,499.6,778.28,538.0,0,0,0,0,manual
5295,30,motorcycle,758.32,542.32,780.27,569.74,0,0,0,0,manual
5295,31,motorcycle,729.32,533.82,751.26,562.62,0,0,0,0,manual
5296,8,car,634.51,552.15,690.24,593.55,0,0,0,0,manual
5296,9,motorcycle,809.81,353.0,838.4,395.79,0,0,0,0,manual
5296,29,car,725.55,499.4,779.03,537.8,0,0,0,0,manual
5296,30,motorcycle,758.32,542.32,780.27,569.74,0,0,0,0,manual
5296,31,motorcycle,729.11,533.54,751.05,562.34,0,0,0,0,manual
5297,8,car,633.15,552.44,688.88,593.84,0,0,0,0,manual
5297,9,motorcycle,809.08,351.91,837.67,394.62,0,0,0,0,manual
5297,29,car,726.3,499.19,779.79,537.59,0,0,0,0,manual
5297,30,motorcycle,758.32,542.32,780.27,569.74,0,0,0,0,manual
5297,31,motorcycle,728.91,533.27,750.85,562.07,0,0,0,0,manual
5298,8,car,631.79,552.73,687.52,594.13,0,0,0,0,manual
5298,9,motorcycle,808.36,350.82,836.95,393.46,0,0,0,0,manual
5298,29,car,727.06,498.99,780.54,537.39,0,0,0,0,manual
5298,30,motorcycle,758.32,542.32,780.27,569.74,0,0,0,0,manual
5298,31,motorcycle,728.7,532.99,750.64,561.79,0,0,0,0,manual
5299,8,car,630.43,553.02,686.16,594.42,0,0,0,0,manual
5299,9,motorcycle,807.63,349.73,836.22,392.29,0,0,0,0,manual
5299,29,car,727.81,498.78,781.3,537.18,0,0,0,0,manual
5299,30,motorcycle,758.32,542.32,780.27,569.74,0,0,0,0,manual
5299,31,motorcycle,728.49,532.72,750.44,561.52,0,0,0,0,manual
5300,8,car,629.07,553.31,684.8,594.71,0,0,0,0,manual
5300,9,motorcycle,806.91,348.64,835.5,391.13,0,0,0,0,manual
5300,29,car,728.56,498.57,782.05,536.97,0,0,0,0,manual
5300,30,motorcycle,758.32,542.32,780.27,569.74,0,0,0,0,manual
5300,31,motorcycle,728.29,532.45,750.23,561.25,0,0,0,0,manual
5301,8,car,627.71,553.6,683.44,595.0,0,0,0,0,manual
5301,9,motorcycle,806.18,347.56,834.77,389.96,0,0,0,0,manual
5301,29,car,729.32,498.37,782.8,536.77,0,0,0,0,manual
5301,30,motorcycle,758.32,542.32,780.27,569.74,0,0,0,0,manual
5301,31,motorcycle,728.08,532.17,750.03,560.97,0,0,0,0,manual
5302,8,car,626.35,553.89,682.08,595.29,0,0,0,0,manual
5302,9,motorcycle,805.46,346.47,834.05,388.8,0,0,0,0,manual
5302,29,car,730.07,498.16,783.56,536.56,0,0,0,0,manual
5302,30,motorcycle,758.32,542.32,780.27,569.74,0,0,0,0,manual
5302,31,motorcycle,727.88,531.9,749.82,560.7,0,0,0,0,manual
5303,8,car,624.99,554.19,680.72,595.59,0,0,0,0,manual
5303,9,motorcycle,804.74,345.38,833.32,387.63,0,0,0,0,manual
5303,29,car,730.83,497.96,784.31,536.36,0,0,0,0,manual
5303,30,motorcycle,758.32,542.32,780.27,569.74,0,0,0,0,manual
5303,31,motorcycle,727.67,531.62,749.61,560.42,0,0,0,0,manual
5304,8,car,623.63,554.48,679.36,595.88,0,0,0,0,manual
5304,9,motorcycle,804.01,344.29,832.6,386.47,0,0,0,0,manual
5304,29,car,731.58,497.75,785.07,536.15,0,0,0,0,manual
5304,30,motorcycle,758.32,542.32,780.27,569.74,0,0,0,0,manual
5304,31,motorcycle,727.47,531.35,749.41,560.15,0,0,0,0,manual
5305,8,car,622.27,554.77,678.0,596.17,0,0,0,0,manual
5305,9,motorcycle,803.28,343.2,831.87,385.31,0,0,0,0,manual
5305,29,car,732.34,497.55,785.82,535.95,0,0,0,0,manual
5305,30,motorcycle,758.32,542.32,780.27,569.74,0,0,0,0,manual
5305,31,motorcycle,727.26,531.07,749.2,559.88,0,0,0,0,manual
5306,8,car,620.91,555.06,676.64,596.46,0,0,0,0,manual
5306,9,motorcycle,802.56,342.12,831.14,384.14,0,0,0,0,manual
5306,29,car,733.09,497.34,786.58,535.74,0,0,0,0,manual
5306,30,motorcycle,758.32,542.32,780.27,569.74,0,0,0,0,manual
5306,31,motorcycle,727.05,530.8,749.0,559.6,0,0,0,0,manual
5307,8,car,619.55,555.35,675.28,596.75,0,0,0,0,manual
5307,9,motorcycle,801.83,341.03,830.42,382.98,0,0,0,0,manual
5307,29,car,733.84,497.13,787.33,535.53,0,0,0,0,manual
5307,30,motorcycle,758.32,542.32,780.27,569.74,0,0,0,0,manual
5307,31,motorcycle,726.85,530.53,748.79,559.33,0,0,0,0,manual
5308,8,car,618.19,555.64,673.92,597.04,0,0,0,0,manual
5308,9,motorcycle,801.11,339.94,829.69,381.81,0,0,0,0,manual
5308,29,car,734.6,496.93,788.08,535.33,0,0,0,0,manual
5308,30,motorcycle,758.32,542.32,780.27,569.74,0,0,0,0,manual
5308,31,motorcycle,726.64,530.25,748.59,559.05,0,0,0,0,manual
5309,8,car,616.83,555.93,672.56,597.33,0,0,0,0,manual
5309,9,motorcycle,800.38,338.85,828.97,380.65,0,0,0,0,manual
5309,29,car,735.35,496.72,788.84,535.12,0,0,0,0,manual
5309,30,motorcycle,758.32,542.32,780.27,569.74,0,0,0,0,manual
5309,31,motorcycle,726.44,529.98,748.38,558.78,0,0,0,0,manual
5310,8,car,615.47,556.22,671.2,597.62,0,0,0,0,manual
5310,9,motorcycle,799.66,337.77,828.24,379.48,0,0,0,0,manual
5310,29,car,736.11,496.52,789.59,534.92,0,0,0,0,manual
5310,30,motorcycle,758.32,542.32,780.27,569.74,0,0,0,0,manual
5310,31,motorcycle,726.23,529.7,748.17,558.5,0,0,0,0,manual
5311,8,car,614.12,556.52,669.85,597.92,0,0,0,0,manual
5311,9,motorcycle,798.93,336.68,827.52,378.32,0,0,0,0,manual
5311,29,car,736.86,496.31,790.35,534.71,0,0,0,0,manual
5311,30,motorcycle,758.32,542.32,780.27,569.74,0,0,0,0,manual
5311,31,motorcycle,726.03,529.43,747.97,558.23,0,0,0,0,manual
5312,8,car,612.76,556.81,668.49,598.21,0,0,0,0,manual
5312,9,motorcycle,798.21,335.59,826.79,377.15,0,0,0,0,manual
5312,29,car,737.62,496.11,791.1,534.51,0,0,0,0,manual
5312,30,motorcycle,758.32,542.32,780.27,569.74,0,0,0,0,manual
5312,31,motorcycle,725.82,529.15,747.76,557.96,0,0,0,0,manual
5313,8,car,611.4,557.1,667.13,598.5,0,0,0,0,manual
5313,9,motorcycle,797.49,334.5,826.07,375.99,0,0,0,0,manual
5313,29,car,738.37,495.9,791.86,534.3,0,0,0,0,manual
5313,30,motorcycle,758.32,542.32,780.27,569.74,0,0,0,0,manual
5313,31,motorcycle,725.61,528.88,747.56,557.68,0,0,0,0,manual
5314,8,car,610.04,557.39,665.77,598.79,0,0,0,0,manual
5314,9,motorcycle,796.76,333.41,825.34,374.82,0,0,0,0,manual
5314,29,car,739.12,495.69,792.61,534.09,0,0,1,0,manual
5314,30,motorcycle,758.32,542.32,780.27,569.74,0,0,0,0,manual
5314,31,motorcycle,725.41,528.61,747.35,557.41,0,0,1,0,manual
5315,8,car,608.68,557.68,664.41,599.08,0,0,0,0,manual
5315,9,motorcycle,796.03,332.33,824.62,373.66,0,0,0,0,manual
5315,29,car,739.12,495.69,792.61,534.09,1,0,1,0,manual
5315,30,motorcycle,758.32,542.32,780.27,569.74,1,0,1,0,manual
5315,31,motorcycle,725.41,528.61,747.35,557.41,1,0,1,0,manual
5316,8,car,607.32,557.97,663.05,599.37,0,0,0,0,manual
5316,9,motorcycle,795.31,331.24,823.89,372.49,0,0,0,0,manual
5317,8,car,605.96,558.26,661.69,599.66,0,0,0,0,manual
5317,9,motorcycle,794.58,330.15,823.17,371.33,0,0,0,0,manual
5318,8,car,604.6,558.55,660.33,599.96,0,0,0,0,manual
5318,9,motorcycle,793.86,329.06,822.44,370.17,0,0,0,0,manual
5319,8,car,603.24,558.85,658.97,600.25,0,0,0,0,manual
5319,9,motorcycle,793.13,327.98,821.72,369.0,0,0,0,0,manual
5320,8,car,601.88,559.14,657.61,600.54,0,0,0,0,manual
5320,9,motorcycle,792.41,326.89,820.99,367.84,0,0,0,0,manual
5321,8,car,600.52,559.43,656.25,600.83,0,0,0,0,manual
5321,9,motorcycle,791.68,325.8,820.27,366.67,0,0,0,0,manual
5322,8,car,599.16,559.72,654.89,601.12,0,0,0,0,manual
5322,9,motorcycle,790.96,324.71,819.54,365.51,0,0,0,0,manual
5323,8,car,597.8,560.01,653.53,601.41,0,0,0,0,manual
5323,9,motorcycle,790.24,323.62,818.82,364.34,0,0,0,0,manual
5324,8,car,596.44,560.3,652.17,601.7,0,0,0,0,manual
5324,9,motorcycle,789.51,322.54,818.09,363.18,0,0,0,0,manual
5325,8,car,595.08,560.59,650.81,601.99,0,0,0,0,manual
5325,9,motorcycle,788.78,321.45,817.37,362.01,0,0,0,0,manual
5326,8,car,593.72,560.88,649.45,602.29,0,0,0,0,manual
5326,9,motorcycle,788.06,320.36,816.64,360.85,0,0,0,0,manual
5327,8,car,592.36,561.18,648.09,602.58,0,0,0,0,manual
5327,9,motorcycle,787.33,319.27,815.92,359.68,0,0,0,0,manual
5328,8,car,591.0,561.47,646.73,602.87,0,0,0,0,manual
5328,9,motorcycle,786.61,318.19,815.19,358.52,0,0,0,0,manual
5329,8,car,589.64,561.76,645.37,603.16,0,0,0,0,manual
5329,9,motorcycle,785.88,317.1,814.47,357.35,0,0,0,0,manual
5330,8,car,588.28,562.05,644.01,603.45,0,0,1,0,manual
5330,9,motorcycle,785.16,316.01,813.74,356.19,0,0,1,0,manual
5331,8,car,586.37,562.37,642.1,603.77,0,0,0,0,manual
5331,9,motorcycle,784.66,315.3,813.24,355.48,0,0,0,0,manual
5332,8,car,584.46,562.7,640.19,604.1,0,0,0,0,manual
5332,9,motorcycle,784.17,314.59,812.75,354.77,0,0,0,0,manual
5333,8,car,582.55,563.02,638.28,604.42,0,0,0,0,manual
5333,9,motorcycle,783.67,313.87,812.25,354.05,0,0,0,0,manual
5334,8,car,580.64,563.34,636.37,604.75,0,0,0,0,manual
5334,9,motorcycle,783.17,313.16,811.75,353.34,0,0,0,0,manual
5335,8,car,578.73,563.67,634.46,605.07,0,0,0,0,manual
5335,9,motorcycle,782.68,312.45,811.26,352.63,0,0,0,0,manual
5336,8,car,576.82,563.99,632.55,605.39,0,0,0,0,manual
5336,9,motorcycle,782.18,311.74,810.76,351.92,0,0,0,0,manual
5337,8,car,574.91,564.32,630.64,605.72,0,0,0,0,manual
5337,9,motorcycle,781.68,311.02,810.27,351.2,0,0,0,0,manual
5338,8,car,573.0,564.64,628.73,606.04,0,0,0,0,manual
5338,9,motorcycle,781.19,310.31,809.77,350.49,0,0,0,0,manual
5339,8,car,571.09,564.96,626.82,606.36,0,0,0,0,manual
5339,9,motorcycle,780.69,309.6,809.27,349.78,0,0,0,0,manual
5340,8,car,569.18,565.29,624.91,606.69,0,0,0,0,manual
5340,9,motorcycle,780.19,308.89,808.78,349.07,0,0,0,0,manual
5341,8,car,567.27,565.61,623.0,607.01,0,0,0,0,manual
5341,9,motorcycle,779.7,308.17,808.28,348.36,0,0,0,0,manual
5342,8,car,565.36,565.93,621.09,607.34,0,0,0,0,manual
5342,9,motorcycle,779.2,307.46,807.78,347.64,0,0,0,0,manual
5343,8,car,563.45,566.26,619.18,607.66,0,0,0,0,manual
5343,9,motorcycle,778.71,306.75,807.29,346.93,0,0,0,0,manual
5344,8,car,561.54,566.58,617.27,607.98,0,0,0,0,manual
5344,9,motorcycle,778.21,306.04,806.79,346.22,0,0,0,0,manual
5345,8,car,559.63,566.91,615.36,608.31,0,0,0,0,manual
5345,9,motorcycle,777.71,305.32,806.3,345.51,0,0,0,0,manual
5346,8,car,557.72,567.23,613.45,608.63,0,0,0,0,manual
5346,9,motorcycle,777.22,304.61,805.8,344.8,0,0,0,0,manual
5347,8,car,555.81,567.55,611.54,608.95,0,0,0,0,manual
5347,9,motorcycle,776.72,303.9,805.3,344.08,0,0,0,0,manual
5348,8,car,553.9,567.88,609.63,609.28,0,0,0,0,manual
5348,9,motorcycle,776.22,303.19,804.81,343.37,0,0,0,0,manual
5349,8,car,551.99,568.2,607.72,609.6,0,0,0,0,manual
5349,9,motorcycle,775.73,302.48,804.31,342.66,0,0,0,0,manual
5350,8,car,550.08,568.52,605.81,609.92,0,0,0,0,manual
5350,9,motorcycle,775.23,301.76,803.81,341.95,0,0,0,0,manual
5351,8,car,548.17,568.85,603.9,610.25,0,0,0,0,manual
5351,9,motorcycle,774.73,301.05,803.32,341.23,0,0,0,0,manual
5352,8,car,546.26,569.17,601.99,610.57,0,0,0,0,manual
5352,9,motorcycle,774.24,300.34,802.82,340.52,0,0,0,0,manual
5353,8,car,544.35,569.5,600.08,610.9,0,0,0,0,manual
5353,9,motorcycle,773.74,299.63,802.32,339.81,0,0,0,0,manual
5354,8,car,542.44,569.82,598.17,611.22,0,0,0,0,manual
5354,9,motorcycle,773.24,298.91,801.83,339.1,0,0,0,0,manual
5355,8,car,540.53,570.14,596.26,611.54,0,0,0,0,manual
5355,9,motorcycle,772.75,298.2,801.33,338.39,0,0,0,0,manual
5356,8,car,538.62,570.47,594.35,611.87,0,0,0,0,manual
5356,9,motorcycle,772.25,297.49,800.84,337.67,0,0,0,0,manual
5357,8,car,536.71,570.79,592.44,612.19,0,0,0,0,manual
5357,9,motorcycle,771.75,296.78,800.34,336.96,0,0,0,0,manual
5358,8,car,534.8,571.12,590.53,612.51,0,0,0,0,manual
5358,9,motorcycle,771.26,296.06,799.84,336.25,0,0,0,0,manual
5359,8,car,532.89,571.44,588.62,612.84,0,0,0,0,manual
5359,9,motorcycle,770.76,295.35,799.35,335.54,0,0,0,0,manual
5360,8,car,530.98,571.76,586.71,613.16,0,0,0,0,manual
5360,9,motorcycle,770.26,294.64,798.85,334.82,0,0,0,0,manual
5361,8,car,529.07,572.09,584.8,613.49,0,0,0,0,manual
5361,9,motorcycle,769.77,293.93,798.35,334.11,0,0,0,0,manual
5362,8,car,527.16,572.41,582.89,613.81,0,0,0,0,manual
5362,9,motorcycle,769.27,293.22,797.86,333.4,0,0,0,0,manual
5363,8,car,525.25,572.73,580.98,614.13,0,0,0,0,manual
5363,9,motorcycle,768.78,292.5,797.36,332.69,0,0,0,0,manual
5364,8,car,523.34,573.06,579.07,614.46,0,0,0,0,manual
5364,9,motorcycle,768.28,291.79,796.86,331.98,0,0,0,0,manual
5365,8,car,521.43,573.38,577.16,614.78,0,0,0,0,manual
5365,9,motorcycle,767.78,291.08,796.37,331.26,0,0,0,0,manual
5366,8,car,519.52,573.71,575.25,615.11,0,0,0,0,manual
5366,9,motorcycle,767.29,290.37,795.87,330.55,0,0,0,0,manual
5367,8,car,517.61,574.03,573.34,615.43,0,0,0,0,manual
5367,9,motorcycle,766.79,289.65,795.38,329.84,0,0,0,0,manual
5368,8,car,515.7,574.35,571.43,615.75,0,0,0,0,manual
5368,9,motorcycle,766.29,288.94,794.88,329.13,0,0,0,0,manual
5369,8,car,513.79,574.68,569.52,616.08,0,0,0,0,manual
5369,9,motorcycle,765.8,288.23,794.38,328.42,0,0,0,0,manual
5370,8,car,511.88,575.0,567.61,616.4,0,0,1,0,manual
5370,9,motorcycle,765.3,287.52,793.89,327.7,0,0,0,0,manual
5371,8,car,509.24,575.16,564.97,616.56,0,0,0,0,manual
5371,9,motorcycle,764.8,286.8,793.39,326.99,0,0,0,0,manual
5372,8,car,506.6,575.31,562.33,616.71,0,0,0,0,manual
5372,9,motorcycle,764.31,286.09,792.89,326.28,0,0,0,0,manual
5373,8,car,503.95,575.47,559.68,616.87,0,0,0,0,manual
5373,9,motorcycle,763.81,285.38,792.4,325.57,0,0,0,0,manual
5374,8,car,501.31,575.62,557.04,617.02,0,0,0,0,manual
5374,9,motorcycle,763.31,284.67,791.9,324.85,0,0,0,0,manual
5375,8,car,498.67,575.78,554.4,617.18,0,0,0,0,manual
5375,9,motorcycle,762.82,283.95,791.4,324.14,0,0,0,0,manual
5376,8,car,496.03,575.93,551.76,617.33,0,0,0,0,manual
5376,9,motorcycle,762.32,283.24,790.91,323.43,0,0,0,0,manual
5377,8,car,493.39,576.09,549.12,617.49,0,0,0,0,manual
5377,9,motorcycle,761.82,282.53,790.41,322.72,0,0,0,0,manual
5378,8,car,490.75,576.24,546.48,617.64,0,0,0,0,manual
5378,9,motorcycle,761.33,281.82,789.92,322.01,0,0,0,0,manual
5379,8,car,488.1,576.4,543.83,617.8,0,0,0,0,manual
5379,9,motorcycle,760.83,281.11,789.42,321.29,0,0,0,0,manual
5380,8,car,485.46,576.55,541.19,617.95,0,0,0,0,manual
5380,9,motorcycle,760.34,280.39,788.92,320.58,0,0,0,0,manual
5381,8,car,482.82,576.71,538.55,618.11,0,0,0,0,manual
5381,9,motorcycle,759.84,279.68,788.43,319.87,0,0,0,0,manual
5382,8,car,480.18,576.86,535.91,618.26,0,0,0,0,manual
5382,9,motorcycle,759.34,278.97,787.93,319.16,0,0,0,0,manual
5383,8,car,477.54,577.02,533.27,618.42,0,0,0,0,manual
5383,9,motorcycle,758.85,278.26,787.43,318.45,0,0,0,0,manual
5384,8,car,474.89,577.18,530.62,618.58,0,0,0,0,manual
5384,9,motorcycle,758.35,277.54,786.94,317.73,0,0,0,0,manual
5385,8,car,472.25,577.33,527.98,618.73,0,0,0,0,manual
5385,9,motorcycle,757.85,276.83,786.44,317.02,0,0,0,0,manual
5386,8,car,469.61,577.49,525.34,618.89,0,0,0,0,manual
5386,9,motorcycle,757.36,276.12,785.95,316.31,0,0,0,0,manual
5387,8,car,466.97,577.64,522.7,619.04,0,0,0,0,manual
5387,9,motorcycle,756.86,275.41,785.45,315.6,0,0,0,0,manual
5388,8,car,464.33,577.8,520.06,619.2,0,0,0,0,manual
5388,9,motorcycle,756.36,274.69,784.95,314.88,0,0,0,0,manual
5389,8,car,461.69,577.95,517.42,619.35,0,0,0,0,manual
5389,9,motorcycle,755.87,273.98,784.46,314.17,0,0,0,0,manual
5390,8,car,459.04,578.11,514.77,619.51,0,0,0,0,manual
5390,9,motorcycle,755.37,273.27,783.96,313.46,0,0,1,0,manual
5391,8,car,456.4,578.26,512.13,619.66,0,0,0,0,manual
5391,9,motorcycle,755.07,273.03,783.66,313.22,0,0,0,0,manual
5392,8,car,453.76,578.42,509.49,619.82,0,0,0,0,manual
5392,9,motorcycle,754.77,272.78,783.36,312.97,0,0,0,0,manual
5393,8,car,451.12,578.57,506.85,619.97,0,0,0,0,manual
5393,9,motorcycle,754.46,272.54,783.05,312.73,0,0,0,0,manual
5394,8,car,448.48,578.73,504.21,620.13,0,0,0,0,manual
5394,9,motorcycle,754.16,272.29,782.75,312.48,0,0,0,0,manual
5395,8,car,445.84,578.88,501.56,620.28,0,0,0,0,manual
5395,9,motorcycle,753.86,272.05,782.45,312.24,0,0,0,0,manual
5396,8,car,443.19,579.04,498.92,620.44,0,0,0,0,manual
5396,9,motorcycle,753.56,271.8,782.15,311.99,0,0,0,0,manual
5397,8,car,440.55,579.2,496.28,620.6,0,0,0,0,manual
5397,9,motorcycle,753.26,271.56,781.84,311.75,0,0,0,0,manual
5398,8,car,437.91,579.35,493.64,620.75,0,0,0,0,manual
5398,9,motorcycle,752.95,271.31,781.54,311.5,0,0,0,0,manual
5399,8,car,435.27,579.51,491.0,620.91,0,0,0,0,manual
5399,9,motorcycle,752.65,271.07,781.24,311.26,0,0,0,0,manual
5400,8,car,432.63,579.66,488.36,621.06,0,0,0,0,manual
5400,9,motorcycle,752.35,270.82,780.94,311.01,0,0,0,0,manual
5401,8,car,429.98,579.82,485.71,621.22,0,0,0,0,manual
5401,9,motorcycle,752.05,270.58,780.64,310.77,0,0,0,0,manual
5402,8,car,427.34,579.97,483.07,621.37,0,0,0,0,manual
5402,9,motorcycle,751.74,270.34,780.33,310.53,0,0,0,0,manual
5403,8,car,424.7,580.13,480.43,621.53,0,0,0,0,manual
5403,9,motorcycle,751.44,270.09,780.03,310.28,0,0,0,0,manual
5404,8,car,422.06,580.28,477.79,621.68,0,0,0,0,manual
5404,9,motorcycle,751.14,269.85,779.73,310.04,0,0,0,0,manual
5405,8,car,419.42,580.44,475.15,621.84,0,0,0,0,manual
5405,9,motorcycle,750.84,269.6,779.43,309.79,0,0,0,0,manual
5406,8,car,416.78,580.59,472.51,621.99,0,0,0,0,manual
5406,9,motorcycle,750.54,269.36,779.12,309.55,0,0,0,0,manual
5407,8,car,414.13,580.75,469.86,622.15,0,0,0,0,manual
5407,9,motorcycle,750.23,269.11,778.82,309.3,0,0,0,0,manual
5408,8,car,411.49,580.91,467.22,622.31,0,0,0,0,manual
5408,9,motorcycle,749.93,268.87,778.52,309.06,0,0,0,0,manual
5409,8,car,408.85,581.06,464.58,622.46,0,0,0,0,manual
5409,9,motorcycle,749.63,268.62,778.22,308.81,0,0,0,0,manual
5410,8,car,406.21,581.22,461.94,622.62,0,0,0,0,manual
5410,9,motorcycle,749.33,268.38,777.92,308.57,0,0,0,0,manual
5411,8,car,403.57,581.37,459.3,622.77,0,0,0,0,manual
5411,9,motorcycle,749.03,268.13,777.61,308.32,0,0,0,0,manual
5412,8,car,400.92,581.53,456.65,622.93,0,0,0,0,manual
5412,9,motorcycle,748.72,267.89,777.31,308.08,0,0,0,0,manual
5413,8,car,398.28,581.68,454.01,623.08,0,0,0,0,manual
5413,9,motorcycle,748.42,267.65,777.01,307.84,0,0,0,0,manual
5414,8,car,395.64,581.84,451.37,623.24,0,0,0,0,manual
5414,9,motorcycle,748.12,267.4,776.71,307.59,0,0,0,0,manual
5415,8,car,393.0,581.99,448.73,623.39,0,0,0,0,manual
5415,9,motorcycle,747.82,267.16,776.4,307.35,0,0,0,0,manual
5416,8,car,390.36,582.15,446.09,623.55,0,0,0,0,manual
5416,9,motorcycle,747.52,266.91,776.1,307.1,0,0,0,0,manual
5417,8,car,387.72,582.3,443.45,623.7,0,0,0,0,manual
5417,9,motorcycle,747.21,266.67,775.8,306.86,0,0,0,0,manual
5418,8,car,385.07,582.46,440.8,623.86,0,0,0,0,manual
5418,9,motorcycle,746.91,266.42,775.5,306.61,0,0,0,0,manual
5419,8,car,382.43,582.61,438.16,624.01,0,0,0,0,manual
5419,9,motorcycle,746.61,266.18,775.2,306.37,0,0,0,0,manual
5420,8,car,379.79,582.77,435.52,624.17,0,0,1,0,manual
5420,9,motorcycle,746.31,265.93,774.89,306.12,0,0,0,0,manual
5421,8,car,376.88,582.77,432.61,624.17,0,0,0,0,manual
5421,9,motorcycle,746.0,265.69,774.59,305.88,0,0,0,0,manual
5422,8,car,373.96,582.77,429.69,624.17,0,0,0,0,manual
5422,9,motorcycle,745.7,265.44,774.29,305.63,0,0,0,0,manual
5423,8,car,371.05,582.77,426.78,624.17,0,0,0,0,manual
5423,9,motorcycle,745.4,265.2,773.99,305.39,0,0,0,0,manual
5424,8,car,368.14,582.77,423.87,624.17,0,0,0,0,manual
5424,9,motorcycle,745.1,264.96,773.68,305.15,0,0,0,0,manual
5425,8,car,365.22,582.77,420.95,624.17,0,0,0,0,manual
5425,9,motorcycle,744.8,264.71,773.38,304.9,0,0,0,0,manual
5426,8,car,362.31,582.77,418.04,624.17,0,0,0,0,manual
5426,9,motorcycle,744.49,264.47,773.08,304.66,0,0,0,0,manual
5427,8,car,359.4,582.77,415.13,624.17,0,0,0,0,manual
5427,9,motorcycle,744.19,264.22,772.78,304.41,0,0,0,0,manual
5428,8,car,356.48,582.77,412.21,624.17,0,0,0,0,manual
5428,9,motorcycle,743.89,263.98,772.48,304.17,0,0,0,0,manual
5429,8,car,353.57,582.77,409.3,624.17,0,0,0,0,manual
5429,9,motorcycle,743.59,263.73,772.17,303.92,0,0,0,0,manual
5430,8,car,350.65,582.77,406.38,624.17,0,0,0,0,manual
5430,9,motorcycle,743.29,263.49,771.87,303.68,0,0,0,0,manual
5431,8,car,347.74,582.77,403.47,624.17,0,0,0,0,manual
5431,9,motorcycle,742.98,263.24,771.57,303.43,0,0,0,0,manual
5432,8,car,344.83,582.77,400.56,624.17,0,0,0,0,manual
5432,9,motorcycle,742.68,263.0,771.27,303.19,0,0,0,0,manual
5433,8,car,341.91,582.77,397.64,624.17,0,0,0,0,manual
5433,9,motorcycle,742.38,262.75,770.96,302.94,0,0,0,0,manual
5434,8,car,339.0,582.77,394.73,624.17,0,0,0,0,manual
5434,9,motorcycle,742.08,262.51,770.66,302.7,0,0,0,0,manual
5435,8,car,336.09,582.77,391.82,624.17,0,0,0,0,manual
5435,9,motorcycle,741.77,262.26,770.36,302.45,0,0,0,0,manual
5436,8,car,333.17,582.77,388.9,624.17,0,0,0,0,manual
5436,9,motorcycle,741.47,262.02,770.06,302.21,0,0,0,0,manual
5437,8,car,330.26,582.77,385.99,624.17,0,0,0,0,manual
5437,9,motorcycle,741.17,261.78,769.76,301.97,0,0,0,0,manual
5438,8,car,327.35,582.77,383.08,624.17,0,0,0,0,manual
5438,9,motorcycle,740.87,261.53,769.45,301.72,0,0,0,0,manual
5439,8,car,324.43,582.77,380.16,624.17,0,0,0,0,manual
5439,9,motorcycle,740.57,261.29,769.15,301.48,0,0,0,0,manual
5440,8,car,321.52,582.77,377.25,624.17,0,0,1,0,manual
5440,9,motorcycle,740.26,261.04,768.85,301.23,0,0,0,0,manual
5441,8,car,318.22,582.9,373.95,624.3,0,0,0,0,manual
5441,9,motorcycle,739.96,260.8,768.55,300.99,0,0,0,0,manual
5442,8,car,314.92,583.03,370.65,624.43,0,0,0,0,manual
5442,9,motorcycle,739.66,260.55,768.24,300.74,0,0,0,0,manual
5443,8,car,311.61,583.16,367.34,624.56,0,0,0,0,manual
5443,9,motorcycle,739.36,260.31,767.94,300.5,0,0,0,0,manual
5444,8,car,308.31,583.29,364.04,624.69,0,0,0,0,manual
5444,9,motorcycle,739.06,260.06,767.64,300.25,0,0,0,0,manual
5445,8,car,305.01,583.42,360.74,624.82,0,0,0,0,manual
5445,9,motorcycle,738.75,259.82,767.34,300.01,0,0,0,0,manual
5446,8,car,301.71,583.55,357.44,624.95,0,0,0,0,manual
5446,9,motorcycle,738.45,259.57,767.04,299.76,0,0,0,0,manual
5447,8,car,298.4,583.68,354.13,625.08,0,0,0,0,manual
5447,9,motorcycle,738.15,259.33,766.73,299.52,0,0,0,0,manual
5448,8,car,295.1,583.81,350.83,625.21,0,0,0,0,manual
5448,9,motorcycle,737.85,259.09,766.43,299.28,0,0,0,0,manual
5449,8,car,291.8,583.94,347.53,625.34,0,0,0,0,manual
5449,9,motorcycle,737.55,258.84,766.13,299.03,0,0,0,0,manual
5450,8,car,288.5,584.07,344.23,625.46,0,0,0,0,manual
5450,9,motorcycle,737.24,258.6,765.83,298.79,0,0,0,0,manual
5451,8,car,285.2,584.19,340.93,625.59,0,0,0,0,manual
5451,9,motorcycle,736.94,258.35,765.52,298.54,0,0,0,0,manual
5452,8,car,281.89,584.32,337.62,625.72,0,0,0,0,manual
5452,9,motorcycle,736.64,258.11,765.22,298.3,0,0,0,0,manual
5453,8,car,278.59,584.45,334.32,625.85,0,0,0,0,manual
5453,9,motorcycle,736.34,257.86,764.92,298.05,0,0,0,0,manual
5454,8,car,275.29,584.58,331.02,625.98,0,0,0,0,manual
5454,9,motorcycle,736.03,257.62,764.62,297.81,0,0,0,0,manual
5455,8,car,271.99,584.71,327.72,626.11,0,0,0,0,manual
5455,9,motorcycle,735.73,257.37,764.32,297.56,0,0,0,0,manual
5456,8,car,268.68,584.84,324.41,626.24,0,0,0,0,manual
5456,9,motorcycle,735.43,257.13,764.01,297.32,0,0,0,0,manual
5457,8,car,265.38,584.97,321.11,626.37,0,0,0,0,manual
5457,9,motorcycle,735.13,256.88,763.71,297.07,0,0,0,0,manual
5458,8,car,262.08,585.1,317.81,626.5,0,0,0,0,manual
5458,9,motorcycle,734.83,256.64,763.41,296.83,0,0,0,0,manual
5459,8,car,258.78,585.23,314.51,626.63,0,0,0,0,manual
5459,9,motorcycle,734.52,256.4,763.11,296.59,0,0,0,0,manual
5460,8,car,255.47,585.36,311.2,626.76,0,0,0,0,manual
5460,9,motorcycle,734.22,256.15,762.8,296.34,0,0,0,0,manual
5461,8,car,252.17,585.49,307.9,626.89,0,0,0,0,manual
5461,9,motorcycle,733.92,255.91,762.5,296.1,0,0,0,0,manual
5462,8,car,248.87,585.62,304.6,627.02,0,0,0,0,manual
5462,9,motorcycle,733.62,255.66,762.2,295.85,0,0,0,0,manual
5463,8,car,245.57,585.75,301.3,627.15,0,0,0,0,manual
5463,9,motorcycle,733.32,255.42,761.9,295.61,0,0,0,0,manual
5464,8,car,242.27,585.88,298.0,627.28,0,0,0,0,manual
5464,9,motorcycle,733.01,255.17,761.6,295.36,0,0,0,0,manual
5465,8,car,238.96,586.01,294.69,627.41,0,0,0,0,manual
5465,9,motorcycle,732.71,254.93,761.29,295.12,0,0,0,0,manual
5466,8,car,235.66,586.14,291.39,627.54,0,0,0,0,manual
5466,9,motorcycle,732.41,254.68,760.99,294.87,0,0,0,0,manual
5467,8,car,232.36,586.27,288.09,627.67,0,0,0,0,manual
5467,9,motorcycle,732.11,254.44,760.69,294.63,0,0,0,0,manual
5468,8,car,229.06,586.4,284.79,627.8,0,0,0,0,manual
5468,9,motorcycle,731.81,254.19,760.39,294.38,0,0,0,0,manual
5469,8,car,225.75,586.53,281.48,627.93,0,0,0,0,manual
5469,9,motorcycle,731.5,253.95,760.08,294.14,0,0,0,0,manual
5470,8,car,222.45,586.65,278.18,628.06,0,0,0,0,manual
5470,9,motorcycle,731.2,253.71,759.78,293.9,0,0,0,0,manual
5471,8,car,219.15,586.78,274.88,628.18,0,0,0,0,manual
5471,9,motorcycle,730.9,253.46,759.48,293.65,0,0,0,0,manual
5472,8,car,215.85,586.91,271.58,628.31,0,0,0,0,manual
5472,9,motorcycle,730.6,253.22,759.18,293.41,0,0,0,0,manual
5473,8,car,212.55,587.04,268.28,628.44,0,0,0,0,manual
5473,9,motorcycle,730.29,252.97,758.88,293.16,0,0,0,0,manual
5474,8,car,209.24,587.17,264.97,628.57,0,0,0,0,manual
5474,9,motorcycle,729.99,252.73,758.57,292.92,0,0,0,0,manual
5475,8,car,205.94,587.3,261.67,628.7,0,0,0,0,manual
5475,9,motorcycle,729.69,252.48,758.27,292.67,0,0,0,0,manual
5476,8,car,202.64,587.43,258.37,628.83,0,0,0,0,manual
5476,9,motorcycle,729.39,252.24,757.97,292.43,0,0,0,0,manual
5477,8,car,199.34,587.56,255.07,628.96,0,0,0,0,manual
5477,9,motorcycle,729.09,251.99,757.67,292.18,0,0,0,0,manual
5478,8,car,196.03,587.69,251.76,629.09,0,0,0,0,manual
5478,9,motorcycle,728.78,251.75,757.36,291.94,0,0,0,0,manual
5479,8,car,192.73,587.82,248.46,629.22,0,0,0,0,manual
5479,9,motorcycle,728.48,251.5,757.06,291.69,0,0,0,0,manual
5480,8,car,189.43,587.95,245.16,629.35,0,0,1,0,manual
5480,9,motorcycle,728.18,251.26,756.76,291.45,0,0,1,0,manual
5481,8,car,185.98,588.08,241.71,629.48,0,0,0,0,manual
5481,9,motorcycle,728.17,250.75,756.75,290.94,0,0,0,0,manual
5482,8,car,182.52,588.21,238.25,629.61,0,0,0,0,manual
5482,9,motorcycle,728.15,250.25,756.73,290.44,0,0,0,0,manual
5483,8,car,179.07,588.34,234.8,629.74,0,0,0,0,manual
5483,9,motorcycle,728.14,249.74,756.72,289.93,0,0,0,0,manual
5484,8,car,175.62,588.47,231.35,629.87,0,0,0,0,manual
5484,9,motorcycle,728.13,249.24,756.71,289.43,0,0,0,0,manual
5485,8,car,172.17,588.6,227.89,630.0,0,0,0,0,manual
5485,9,motorcycle,728.12,248.73,756.7,288.92,0,0,0,0,manual
5486,8,car,168.71,588.73,224.44,630.13,0,0,0,0,manual
5486,9,motorcycle,728.1,248.23,756.68,288.42,0,0,0,0,manual
5487,8,car,165.26,588.86,220.99,630.26,0,0,0,0,manual
5487,9,motorcycle,728.09,247.72,756.67,287.91,0,0,0,0,manual
5488,8,car,161.81,588.98,217.53,630.38,0,0,0,0,manual
5488,9,motorcycle,728.08,247.22,756.66,287.41,0,0,0,0,manual
5489,8,car,158.35,589.11,214.08,630.51,0,0,0,0,manual
5489,9,motorcycle,728.06,246.71,756.64,286.9,0,0,0,0,manual
5490,8,car,154.9,589.24,210.63,630.64,0,0,0,0,manual
5490,9,motorcycle,728.05,246.21,756.63,286.4,0,0,0,0,manual
5491,8,car,151.45,589.37,207.17,630.77,0,0,0,0,manual
5491,9,motorcycle,728.04,245.7,756.62,285.89,0,0,0,0,manual
5492,8,car,147.99,589.5,203.72,630.9,0,0,0,0,manual
5492,9,motorcycle,728.02,245.2,756.61,285.39,0,0,0,0,manual
5493,8,car,144.54,589.63,200.27,631.03,0,0,0,0,manual
5493,9,motorcycle,728.01,244.69,756.59,284.88,0,0,0,0,manual
5494,8,car,141.09,589.76,196.81,631.16,0,0,0,0,manual
5494,9,motorcycle,728.0,244.19,756.58,284.38,0,0,0,0,manual
5495,8,car,137.63,589.89,193.36,631.29,0,0,0,0,manual
5495,9,motorcycle,727.98,243.68,756.57,283.87,0,0,0,0,manual
5496,8,car,134.18,590.02,189.91,631.42,0,0,0,0,manual
5496,9,motorcycle,727.97,243.18,756.55,283.37,0,0,0,0,manual
5497,8,car,130.73,590.15,186.45,631.55,0,0,0,0,manual
5497,9,motorcycle,727.96,242.67,756.54,282.86,0,0,0,0,manual
5498,8,car,127.28,590.28,183.0,631.68,0,0,0,0,manual
5498,9,motorcycle,727.95,242.17,756.53,282.36,0,0,0,0,manual
5499,8,car,123.82,590.41,179.55,631.81,0,0,0,0,manual
5499,9,motorcycle,727.93,241.66,756.51,281.85,0,0,0,0,manual
5500,8,car,120.37,590.54,176.09,631.94,0,0,0,0,manual
5500,9,motorcycle,727.92,241.16,756.5,281.35,0,0,0,0,manual
5501,8,car,116.92,590.67,172.64,632.07,0,0,0,0,manual
5501,9,motorcycle,727.91,240.65,756.49,280.84,0,0,0,0,manual
5502,8,car,113.46,590.8,169.19,632.2,0,0,0,0,manual
5502,9,motorcycle,727.89,240.15,756.48,280.34,0,0,0,0,manual
5503,8,car,110.01,590.92,165.73,632.32,0,0,0,0,manual
5503,9,motorcycle,727.88,239.64,756.46,279.83,0,0,0,0,manual
5504,8,car,106.56,591.05,162.28,632.45,0,0,0,0,manual
5504,9,motorcycle,727.87,239.14,756.45,279.33,0,0,0,0,manual
5505,8,car,103.11,591.18,158.83,632.58,0,0,0,0,manual
5505,9,motorcycle,727.86,238.63,756.44,278.82,0,0,0,0,manual
5506,8,car,99.65,591.31,155.37,632.71,0,0,0,0,manual
5506,9,motorcycle,727.84,238.13,756.42,278.32,0,0,0,0,manual
5507,8,car,96.2,591.44,151.92,632.84,0,0,0,0,manual
5507,9,motorcycle,727.83,237.62,756.41,277.81,0,0,0,0,manual
5508,8,car,92.75,591.57,148.47,632.97,0,0,0,0,manual
5508,9,motorcycle,727.82,237.12,756.4,277.31,0,0,0,0,manual
5509,8,car,89.29,591.7,145.01,633.1,0,0,0,0,manual
5509,9,motorcycle,727.8,236.61,756.39,276.8,0,0,0,0,manual
5510,8,car,85.84,591.83,141.56,633.23,0,0,1,0,manual
5510,9,motorcycle,727.79,236.11,756.37,276.3,0,0,0,0,manual
5511,8,car,82.08,591.89,137.81,633.3,0,0,0,0,manual
5511,9,motorcycle,727.78,235.6,756.36,275.79,0,0,0,0,manual
5512,8,car,78.33,591.96,134.05,633.36,0,0,0,0,manual
5512,9,motorcycle,727.76,235.1,756.35,275.29,0,0,0,0,manual
5513,8,car,74.57,592.03,130.3,633.42,0,0,0,0,manual
5513,9,motorcycle,727.75,234.59,756.33,274.78,0,0,0,0,manual
5514,8,car,70.82,592.09,126.54,633.49,0,0,0,0,manual
5514,9,motorcycle,727.74,234.09,756.32,274.28,0,0,0,0,manual
5515,8,car,67.06,592.15,122.78,633.56,0,0,0,0,manual
5515,9,motorcycle,727.73,233.58,756.31,273.77,0,0,0,0,manual
5516,8,car,63.31,592.22,119.03,633.62,0,0,0,0,manual
5516,9,motorcycle,727.71,233.08,756.3,273.27,0,0,0,0,manual
5517,8,car,59.55,592.28,115.28,633.68,0,0,0,0,manual
5517,9,motorcycle,727.7,232.57,756.28,272.76,0,0,0,0,manual
5518,8,car,55.8,592.35,111.52,633.75,0,0,0,0,manual
5518,9,motorcycle,727.69,232.07,756.27,272.26,0,0,0,0,manual
5519,8,car,52.04,592.41,107.77,633.82,0,0,0,0,manual
5519,9,motorcycle,727.67,231.56,756.26,271.75,0,0,0,0,manual
5520,8,car,48.29,592.48,104.01,633.88,0,0,0,0,manual
5520,9,motorcycle,727.66,231.06,756.24,271.25,0,0,0,0,manual
5521,8,car,44.53,592.55,100.25,633.95,0,0,0,0,manual
5521,9,motorcycle,727.65,230.55,756.23,270.74,0,0,0,0,manual
5522,8,car,40.77,592.61,96.5,634.01,0,0,0,0,manual
5522,9,motorcycle,727.63,230.05,756.22,270.24,0,0,0,0,manual
5523,8,car,37.02,592.67,92.75,634.08,0,0,0,0,manual
5523,9,motorcycle,727.62,229.54,756.21,269.73,0,0,0,0,manual
5524,8,car,33.26,592.74,88.99,634.14,0,0,0,0,manual
5524,9,motorcycle,727.61,229.04,756.19,269.23,0,0,0,0,manual
5525,8,car,29.51,592.81,85.23,634.2,0,0,0,0,manual
5525,9,motorcycle,727.6,228.53,756.18,268.72,0,0,0,0,manual
5526,8,car,25.75,592.87,81.48,634.27,0,0,0,0,manual
5526,9,motorcycle,727.58,228.03,756.17,268.22,0,0,0,0,manual
5527,8,car,22.0,592.93,77.72,634.34,0,0,0,0,manual
5527,9,motorcycle,727.57,227.52,756.15,267.71,0,0,0,0,manual
5528,8,car,18.24,593.0,73.97,634.4,0,0,0,0,manual
5528,9,motorcycle,727.56,227.02,756.14,267.21,0,0,0,0,manual
5529,8,car,14.49,593.07,70.22,634.46,0,0,0,0,manual
5529,9,motorcycle,727.54,226.51,756.13,266.7,0,0,0,0,manual
5530,8,car,10.73,593.13,66.46,634.53,0,0,1,0,manual
5530,9,motorcycle,727.53,226.0,756.12,266.19,0,0,0,0,manual
5531,8,car,10.73,593.13,66.46,634.53,1,0,1,0,manual
5531,9,motorcycle,727.52,225.5,756.1,265.69,0,0,0,0,manual
5532,9,motorcycle,727.5,224.99,756.09,265.18,0,0,0,0,manual
5533,9,motorcycle,727.49,224.49,756.08,264.68,0,0,0,0,manual
5534,9,motorcycle,727.48,223.98,756.06,264.17,0,0,0,0,manual
5535,9,motorcycle,727.46,223.48,756.05,263.67,0,0,0,0,manual
5536,9,motorcycle,727.45,222.97,756.04,263.16,0,0,0,0,manual
5537,9,motorcycle,727.44,222.47,756.02,262.66,0,0,0,0,manual
5538,9,motorcycle,727.43,221.96,756.01,262.15,0,0,0,0,manual
5539,9,motorcycle,727.41,221.46,756.0,261.65,0,0,0,0,manual
5540,9,motorcycle,727.4,220.95,755.99,261.14,0,0,0,0,manual
5541,9,motorcycle,727.39,220.45,755.97,260.64,0,0,0,0,manual
5542,9,motorcycle,727.37,219.94,755.96,260.13,0,0,0,0,manual
5543,9,motorcycle,727.36,219.44,755.95,259.63,0,0,0,0,manual
5544,9,motorcycle,727.35,218.93,755.93,259.12,0,0,0,0,manual
5545,9,motorcycle,727.34,218.43,755.92,258.62,0,0,0,0,manual
5546,9,motorcycle,727.32,217.92,755.91,258.11,0,0,0,0,manual
5547,9,motorcycle,727.31,217.42,755.9,257.61,0,0,0,0,manual
5548,9,motorcycle,727.3,216.91,755.88,257.1,0,0,0,0,manual
5549,9,motorcycle,727.28,216.41,755.87,256.6,0,0,0,0,manual
5550,9,motorcycle,727.27,215.9,755.86,256.09,0,0,0,0,manual
5551,9,motorcycle,727.26,215.4,755.84,255.59,0,0,0,0,manual
5552,9,motorcycle,727.24,214.89,755.83,255.08,0,0,0,0,manual
5553,9,motorcycle,727.23,214.39,755.82,254.58,0,0,0,0,manual
5554,9,motorcycle,727.22,213.88,755.81,254.07,0,0,0,0,manual
5555,9,motorcycle,727.2,213.38,755.79,253.57,0,0,0,0,manual
5556,9,motorcycle,727.19,212.87,755.78,253.06,0,0,0,0,manual
5557,9,motorcycle,727.18,212.37,755.77,252.56,0,0,0,0,manual
5558,9,motorcycle,727.17,211.86,755.75,252.05,0,0,0,0,manual
5559,9,motorcycle,727.15,211.36,755.74,251.55,0,0,0,0,manual
5560,9,motorcycle,727.14,210.85,755.73,251.04,0,0,0,0,manual
5561,9,motorcycle,727.13,210.35,755.72,250.54,0,0,0,0,manual
5562,9,motorcycle,727.11,209.84,755.7,250.03,0,0,0,0,manual
5563,9,motorcycle,727.1,209.34,755.69,249.53,0,0,0,0,manual
5564,9,motorcycle,727.09,208.83,755.68,249.02,0,0,0,0,manual
5565,9,motorcycle,727.08,208.33,755.66,248.52,0,0,0,0,manual
5566,9,motorcycle,727.06,207.82,755.65,248.01,0,0,0,0,manual
5567,9,motorcycle,727.05,207.32,755.64,247.51,0,0,0,0,manual
5568,9,motorcycle,727.04,206.81,755.62,247.0,0,0,0,0,manual
5569,9,motorcycle,727.02,206.31,755.61,246.5,0,0,0,0,manual
5570,9,motorcycle,727.01,205.8,755.6,245.99,0,0,0,0,manual
5571,9,motorcycle,727.0,205.3,755.59,245.49,0,0,0,0,manual
5572,9,motorcycle,726.98,204.79,755.57,244.98,0,0,0,0,manual
5573,9,motorcycle,726.97,204.29,755.56,244.48,0,0,0,0,manual
5574,9,motorcycle,726.96,203.78,755.55,243.97,0,0,0,0,manual
5575,9,motorcycle,726.94,203.28,755.53,243.47,0,0,0,0,manual
5576,9,motorcycle,726.93,202.77,755.52,242.96,0,0,0,0,manual
5577,9,motorcycle,726.92,202.27,755.51,242.46,0,0,0,0,manual
5578,9,motorcycle,726.91,201.76,755.5,241.95,0,0,0,0,manual
5579,9,motorcycle,726.89,201.26,755.48,241.45,0,0,0,0,manual
5580,9,motorcycle,726.88,200.75,755.47,240.94,0,0,1,0,manual
5581,9,motorcycle,727.04,199.49,755.63,239.68,0,0,0,0,manual
5582,9,motorcycle,727.2,198.22,755.79,238.41,0,0,0,0,manual
5583,9,motorcycle,727.37,196.96,755.96,237.15,0,0,0,0,manual
5584,9,motorcycle,727.53,195.7,756.12,235.89,0,0,0,0,manual
5585,9,motorcycle,727.69,194.44,756.28,234.63,0,0,0,0,manual
5586,9,motorcycle,727.85,193.18,756.44,233.37,0,0,0,0,manual
5587,9,motorcycle,728.01,191.91,756.6,232.1,0,0,0,0,manual
5588,9,motorcycle,728.18,190.65,756.76,230.84,0,0,0,0,manual
5589,9,motorcycle,728.34,189.39,756.93,229.58,0,0,0,0,manual
5590,9,motorcycle,728.5,188.12,757.09,228.31,0,0,0,0,manual
5591,9,motorcycle,728.66,186.86,757.25,227.05,0,0,0,0,manual
5592,9,motorcycle,728.82,185.6,757.41,225.79,0,0,0,0,manual
5593,9,motorcycle,728.99,184.34,757.57,224.53,0,0,0,0,manual
5594,9,motorcycle,729.15,183.07,757.73,223.26,0,0,0,0,manual
5595,9,motorcycle,729.31,181.81,757.9,222.0,0,0,0,0,manual
5596,9,motorcycle,729.47,180.55,758.06,220.74,0,0,0,0,manual
5597,9,motorcycle,729.63,179.29,758.22,219.48,0,0,0,0,manual
5598,9,motorcycle,729.8,178.03,758.38,218.22,0,0,0,0,manual
5599,9,motorcycle,729.96,176.76,758.54,216.95,0,0,0,0,manual
5600,9,motorcycle,730.12,175.5,758.71,215.69,0,0,0,0,manual
5601,9,motorcycle,730.28,174.24,758.87,214.43,0,0,0,0,manual
5602,9,motorcycle,730.44,172.97,759.03,213.16,0,0,0,0,manual
5603,9,motorcycle,730.61,171.71,759.19,211.9,0,0,0,0,manual
5604,9,motorcycle,730.77,170.45,759.35,210.64,0,0,0,0,manual
5605,9,motorcycle,730.93,169.19,759.51,209.38,0,0,0,0,manual
5606,9,motorcycle,731.09,167.93,759.68,208.12,0,0,0,0,manual
5607,9,motorcycle,731.25,166.66,759.84,206.85,0,0,0,0,manual
5608,9,motorcycle,731.42,165.4,760.0,205.59,0,0,0,0,manual
5609,9,motorcycle,731.58,164.14,760.16,204.33,0,0,0,0,manual
5610,9,motorcycle,731.74,162.88,760.32,203.06,0,0,0,0,manual
5611,9,motorcycle,731.9,161.61,760.48,201.8,0,0,0,0,manual
5612,9,motorcycle,732.06,160.35,760.65,200.54,0,0,0,0,manual
5613,9,motorcycle,732.23,159.09,760.81,199.28,0,0,0,0,manual
5614,9,motorcycle,732.39,157.82,760.97,198.01,0,0,0,0,manual
5615,9,motorcycle,732.55,156.56,761.13,196.75,0,0,0,0,manual
5616,9,motorcycle,732.71,155.3,761.29,195.49,0,0,0,0,manual
5617,9,motorcycle,732.87,154.04,761.45,194.23,0,0,0,0,manual
5618,9,motorcycle,733.04,152.78,761.62,192.97,0,0,0,0,manual
5619,9,motorcycle,733.2,151.51,761.78,191.7,0,0,0,0,manual
5620,9,motorcycle,733.36,150.25,761.94,190.44,0,0,1,0,manual
5621,9,motorcycle,733.36,150.25,761.94,190.44,1,0,1,0,manual
