frame,track_id,class_name,xtl,ytl,xbr,ybr,is_dangerous,sample_weight
51,71,motorcycle,620.94,449.41,632.8,475.85,1,10.0
51,35,car,532.07,387.9,593.27,440.75,0,3.0
58,71,motorcycle,625.35,453.36,638.85,480.82,1,10.0
58,35,car,536.19,392.61,598.02,442.31,0,3.0
62,71,motorcycle,627.11,455.82,640.01,482.09,1,10.0
62,35,car,540.1,393.28,600.39,438.18,0,3.0
67,71,motorcycle,627.42,458.6,640.65,484.35,1,10.0
67,35,car,544.09,389.89,603.96,436.43,0,3.0
68,71,motorcycle,627.43,459.53,640.69,485.0,1,10.0
68,35,car,544.48,389.38,604.75,436.69,0,3.0
69,71,motorcycle,627.44,460.57,640.56,485.72,1,10.0
69,35,car,545.21,389.92,605.53,437.17,0,3.0
69,71,motorcycle,627.44,460.57,640.56,485.72,1,10.0
69,6,motorcycle,666.79,442.13,677.34,468.61,0,3.0
70,71,motorcycle,627.41,461.33,640.31,486.19,1,10.0
70,35,car,546.33,389.81,606.26,438.08,0,3.0
70,71,motorcycle,627.41,461.33,640.31,486.19,1,10.0
70,6,motorcycle,666.69,441.32,677.15,467.7,0,3.0
71,71,motorcycle,627.35,461.83,640.39,486.55,1,10.0
71,6,motorcycle,666.57,441.05,676.99,467.15,0,3.0
72,71,motorcycle,627.41,462.42,640.52,486.88,1,10.0
72,6,motorcycle,666.09,440.5,676.72,466.54,0,3.0
73,71,motorcycle,627.41,463.06,640.66,487.31,1,10.0
73,35,car,547.88,387.39,609.34,437.9,0,3.0
73,71,motorcycle,627.41,463.06,640.66,487.31,1,10.0
73,6,motorcycle,665.99,440.04,676.5,466.05,0,3.0
74,71,motorcycle,627.39,463.73,640.75,488.07,1,10.0
74,6,motorcycle,665.8,440.03,675.98,465.41,0,3.0
75,71,motorcycle,627.37,463.83,640.75,488.46,1,10.0
75,35,car,549.63,387.74,610.38,436.57,0,3.0
75,71,motorcycle,627.37,463.83,640.75,488.46,1,10.0
75,6,motorcycle,665.68,439.15,675.71,465.09,0,3.0
76,71,motorcycle,627.3,464.03,640.76,488.84,1,10.0
76,35,car,550.23,388.18,611.17,436.32,0,3.0
76,71,motorcycle,627.3,464.03,640.76,488.84,1,10.0
76,6,motorcycle,665.14,437.8,675.51,464.28,0,3.0
77,71,motorcycle,627.09,464.42,640.68,489.46,1,10.0
77,6,motorcycle,664.68,437.16,675.41,463.69,0,3.0
78,71,motorcycle,627.05,464.48,640.63,489.84,1,10.0
78,35,car,551.4,388.33,612.64,436.73,0,3.0
78,71,motorcycle,627.05,464.48,640.63,489.84,1,10.0
78,6,motorcycle,664.53,436.63,674.92,462.97,0,3.0
79,71,motorcycle,626.85,464.68,640.61,490.0,1,10.0
79,35,car,552.38,388.61,613.3,436.33,0,3.0
79,71,motorcycle,626.85,464.68,640.61,490.0,1,10.0
79,6,motorcycle,664.22,443.57,674.33,462.83,0,3.0
80,71,motorcycle,626.77,465.26,640.73,490.29,1,10.0
80,35,car,553.04,388.72,613.49,436.97,0,3.0
80,71,motorcycle,626.77,465.26,640.73,490.29,1,10.0
80,6,motorcycle,664.13,438.54,674.12,461.66,0,3.0
81,71,motorcycle,626.69,465.04,645.18,491.15,1,10.0
81,6,motorcycle,664.23,436.82,674.21,460.93,0,3.0
82,71,motorcycle,626.69,463.65,648.05,491.35,1,10.0
82,35,car,554.24,389.44,614.31,437.39,0,3.0
82,71,motorcycle,626.69,463.65,648.05,491.35,1,10.0
82,6,motorcycle,664.07,435.67,674.22,460.41,0,3.0
83,71,motorcycle,626.27,462.7,648.78,491.76,1,10.0
83,35,car,554.71,389.54,615.07,437.19,0,3.0
83,71,motorcycle,626.27,462.7,648.78,491.76,1,10.0
83,6,motorcycle,663.92,434.11,674.16,459.99,0,3.0
84,71,motorcycle,625.62,463.58,647.1,492.31,1,10.0
84,35,car,555.31,389.23,615.9,437.18,0,3.0
84,71,motorcycle,625.62,463.58,647.1,492.31,1,10.0
84,6,motorcycle,663.78,433.05,673.92,459.11,0,3.0
85,71,motorcycle,626.2,462.93,646.78,492.83,1,10.0
85,35,car,555.86,389.41,616.64,437.08,0,3.0
85,71,motorcycle,626.2,462.93,646.78,492.83,1,10.0
85,6,motorcycle,663.46,431.94,673.77,458.54,0,3.0
86,71,motorcycle,625.77,462.71,647.91,493.17,1,10.0
86,35,car,556.33,389.12,617.68,437.03,0,3.0
86,71,motorcycle,625.77,462.71,647.91,493.17,1,10.0
86,6,motorcycle,663.2,431.67,673.7,457.95,0,3.0
87,71,motorcycle,625.7,462.5,649.93,494.11,1,10.0
87,35,car,556.67,388.89,618.09,436.87,0,3.0
87,71,motorcycle,625.7,462.5,649.93,494.11,1,10.0
87,6,motorcycle,662.98,430.24,673.47,457.59,0,3.0
88,71,motorcycle,625.03,463.88,648.88,494.57,1,10.0
88,35,car,557.03,388.86,618.42,436.6,0,3.0
88,71,motorcycle,625.03,463.88,648.88,494.57,1,10.0
88,6,motorcycle,662.85,429.37,673.16,457.2,0,3.0
89,71,motorcycle,624.88,462.83,649.48,495.37,1,10.0
89,35,car,557.3,388.78,619.35,436.02,0,3.0
89,71,motorcycle,624.88,462.83,649.48,495.37,1,10.0
89,6,motorcycle,662.63,429.02,673.04,456.2,0,3.0
90,71,motorcycle,624.89,462.14,650.64,495.85,1,10.0
90,35,car,557.55,389.2,619.23,435.99,0,3.0
90,71,motorcycle,624.89,462.14,650.64,495.85,1,10.0
90,6,motorcycle,662.45,428.63,672.86,455.44,0,3.0
91,71,motorcycle,625.58,462.3,650.63,496.12,1,10.0
91,35,car,558.03,389.4,619.6,435.95,0,3.0
91,71,motorcycle,625.58,462.3,650.63,496.12,1,10.0
91,6,motorcycle,662.6,428.84,672.83,454.84,0,3.0
92,71,motorcycle,626.25,468.17,644.7,496.37,1,10.0
92,35,car,558.46,389.49,620.27,435.91,0,3.0
92,71,motorcycle,626.25,468.17,644.7,496.37,1,10.0
92,6,motorcycle,662.45,428.47,672.77,454.05,0,3.0
93,71,motorcycle,626.5,470.9,642.13,496.87,1,10.0
93,35,car,558.71,389.55,619.54,435.83,0,3.0
93,71,motorcycle,626.5,470.9,642.13,496.87,1,10.0
93,6,motorcycle,662.48,428.13,672.6,453.32,0,3.0
94,71,motorcycle,626.94,471.97,641.33,497.45,1,10.0
94,35,car,558.94,389.6,620.13,435.71,0,3.0
94,71,motorcycle,626.94,471.97,641.33,497.45,1,10.0
94,6,motorcycle,662.36,428.86,672.52,452.82,0,3.0
95,71,motorcycle,627.23,472.21,641.42,497.63,1,10.0
95,35,car,559.19,389.53,619.9,435.52,0,3.0
95,71,motorcycle,627.23,472.21,641.42,497.63,1,10.0
95,6,motorcycle,662.38,427.68,672.32,452.06,0,3.0
96,71,motorcycle,627.71,472.4,641.24,497.3,1,10.0
96,6,motorcycle,662.18,426.26,672.31,451.43,0,3.0
97,71,motorcycle,628.0,472.31,641.45,497.26,1,10.0
97,6,motorcycle,661.78,426.09,672.23,451.06,0,3.0
98,71,motorcycle,628.21,472.47,641.31,497.76,1,10.0
98,35,car,559.89,389.15,619.74,431.23,0,3.0
98,71,motorcycle,628.21,472.47,641.31,497.76,1,10.0
98,6,motorcycle,661.51,426.34,672.1,450.95,0,3.0
99,71,motorcycle,628.37,472.64,641.24,498.3,1,10.0
99,35,car,559.91,389.08,619.83,430.94,0,3.0
99,71,motorcycle,628.37,472.64,641.24,498.3,1,10.0
99,6,motorcycle,661.24,426.35,671.83,450.43,0,3.0
100,71,motorcycle,629.22,473.69,653.43,507.49,1,10.0
100,6,motorcycle,660.98,425.75,671.57,449.43,0,3.0
101,71,motorcycle,629.0,473.16,655.38,506.18,1,10.0
101,6,motorcycle,660.55,424.83,671.35,448.55,0,3.0
102,71,motorcycle,628.94,473.17,655.33,505.43,1,10.0
102,6,motorcycle,660.43,424.21,671.38,447.97,0,3.0
103,71,motorcycle,628.65,474.66,654.65,509.41,1,10.0
103,6,motorcycle,660.57,423.46,671.19,447.41,0,3.0
104,71,motorcycle,628.3,475.38,653.29,510.09,1,10.0
104,35,car,559.89,388.97,619.48,431.53,0,3.0
104,71,motorcycle,628.3,475.38,653.29,510.09,1,10.0
104,6,motorcycle,636.27,437.16,658.09,465.85,0,3.0
105,71,motorcycle,627.32,476.11,652.25,512.14,1,10.0
105,6,motorcycle,627.02,442.03,652.94,471.66,0,3.0
106,71,motorcycle,627.18,475.45,650.56,510.56,1,10.0
106,6,motorcycle,624.0,443.07,651.68,473.21,0,3.0
107,71,motorcycle,650.1,435.51,665.27,464.0,1,10.0
107,6,motorcycle,623.28,442.99,651.58,473.37,0,3.0
108,71,motorcycle,658.17,420.66,670.21,446.61,1,10.0
108,35,car,559.45,389.12,619.85,432.97,0,3.0
108,71,motorcycle,658.17,420.66,670.21,446.61,1,10.0
108,6,motorcycle,623.55,442.61,651.07,472.29,0,3.0
109,71,motorcycle,660.76,415.99,671.69,440.88,1,10.0
109,35,car,559.47,388.96,619.87,431.78,0,3.0
109,71,motorcycle,660.76,415.99,671.69,440.88,1,10.0
109,6,motorcycle,624.5,442.73,651.46,472.68,0,3.0
110,71,motorcycle,661.32,414.9,671.85,439.15,1,10.0
110,35,car,559.48,388.75,619.89,430.71,0,3.0
110,71,motorcycle,661.32,414.9,671.85,439.15,1,10.0
110,6,motorcycle,624.93,441.08,652.21,472.62,0,3.0
111,71,motorcycle,661.03,415.3,671.55,438.84,1,10.0
111,6,motorcycle,625.08,440.06,652.4,472.64,0,3.0
112,71,motorcycle,660.51,415.99,671.22,439.15,1,10.0
112,35,car,559.34,388.52,619.99,430.82,0,3.0
112,71,motorcycle,660.51,415.99,671.22,439.15,1,10.0
112,6,motorcycle,625.12,439.48,652.47,472.32,0,3.0
113,71,motorcycle,660.18,416.77,670.89,439.61,1,10.0
113,6,motorcycle,625.14,438.79,652.56,471.54,0,3.0
114,71,motorcycle,659.8,418.0,670.56,439.67,1,10.0
114,6,motorcycle,625.03,438.37,652.59,471.23,0,3.0
115,71,motorcycle,659.47,417.6,670.31,439.65,1,10.0
115,6,motorcycle,624.26,437.55,652.32,471.41,0,3.0
116,71,motorcycle,659.26,418.9,670.13,439.57,1,10.0
116,6,motorcycle,624.22,436.79,652.33,471.65,0,3.0
117,71,motorcycle,659.05,419.01,670.05,439.47,1,10.0
117,6,motorcycle,624.02,436.35,652.35,472.73,0,3.0
118,71,motorcycle,624.69,462.82,650.56,489.71,1,10.0
118,6,motorcycle,623.66,435.69,652.41,472.97,0,3.0
119,71,motorcycle,611.15,481.34,642.09,506.11,1,10.0
119,6,motorcycle,623.16,435.46,652.35,473.33,0,3.0
120,71,motorcycle,606.07,488.09,638.23,512.41,1,10.0
120,35,car,559.15,388.42,619.88,431.26,0,3.0
120,71,motorcycle,606.07,488.09,638.23,512.41,1,10.0
120,6,motorcycle,623.31,435.09,652.33,473.67,0,3.0
121,71,motorcycle,603.86,490.03,637.14,513.13,1,10.0
121,35,car,559.13,388.77,619.8,434.05,0,3.0
121,71,motorcycle,603.86,490.03,637.14,513.13,1,10.0
121,6,motorcycle,623.76,434.94,652.41,473.38,0,3.0
122,71,motorcycle,602.57,490.15,638.16,513.42,1,10.0
122,35,car,559.09,388.97,619.87,432.77,0,3.0
122,71,motorcycle,602.57,490.15,638.16,513.42,1,10.0
122,6,motorcycle,624.21,435.0,652.55,473.87,0,3.0
123,71,motorcycle,602.13,490.04,633.87,512.88,1,10.0
123,6,motorcycle,624.3,435.09,652.51,474.22,0,3.0
124,71,motorcycle,601.52,489.42,632.14,512.78,1,10.0
124,6,motorcycle,624.27,435.11,652.5,474.69,0,3.0
125,71,motorcycle,601.19,489.17,627.1,511.65,1,10.0
125,35,car,559.46,389.64,619.79,434.59,0,3.0
125,71,motorcycle,601.19,489.17,627.1,511.65,1,10.0
125,6,motorcycle,623.89,433.73,652.3,474.73,0,3.0
126,71,motorcycle,583.79,449.39,607.63,471.88,1,10.0
126,35,car,559.6,389.78,620.07,434.14,0,3.0
126,71,motorcycle,583.79,449.39,607.63,471.88,1,10.0
126,6,motorcycle,623.47,433.86,652.16,475.23,0,3.0
127,71,motorcycle,578.68,434.81,602.01,457.99,1,10.0
127,6,motorcycle,623.75,433.83,652.07,475.85,0,3.0
128,71,motorcycle,577.85,429.72,601.07,453.54,1,10.0
128,6,motorcycle,624.01,434.5,651.98,476.53,0,3.0
129,71,motorcycle,577.82,429.28,602.84,452.77,1,10.0
129,35,car,559.41,390.01,620.41,432.94,0,3.0
129,71,motorcycle,577.82,429.28,602.84,452.77,1,10.0
129,6,motorcycle,623.66,434.17,651.02,477.48,0,3.0
130,71,motorcycle,579.3,430.09,603.01,453.22,1,10.0
130,35,car,559.4,390.23,620.31,432.65,0,3.0
130,71,motorcycle,579.3,430.09,603.01,453.22,1,10.0
130,6,motorcycle,624.64,431.87,651.62,467.29,0,3.0
131,71,motorcycle,580.29,430.93,603.71,454.26,1,10.0
131,6,motorcycle,625.02,430.0,651.82,463.65,0,3.0
132,71,motorcycle,581.73,431.83,605.36,454.93,1,10.0
132,6,motorcycle,625.96,428.84,651.88,461.62,0,3.0
133,71,motorcycle,583.27,432.91,606.57,456.01,1,10.0
133,6,motorcycle,626.64,427.83,652.0,460.56,0,3.0
134,71,motorcycle,584.51,433.66,607.2,456.51,1,10.0
134,35,car,558.99,390.75,621.23,436.51,0,3.0
134,71,motorcycle,584.51,433.66,607.2,456.51,1,10.0
134,6,motorcycle,626.73,427.29,652.26,461.84,0,3.0
135,71,motorcycle,585.86,433.74,608.75,457.46,1,10.0
135,6,motorcycle,625.57,428.33,652.24,471.58,0,3.0
136,71,motorcycle,586.62,434.26,611.3,457.91,1,10.0
136,6,motorcycle,625.69,432.64,652.39,476.82,0,3.0
137,71,motorcycle,587.41,434.63,612.75,458.28,1,10.0
137,35,car,560.11,390.86,622.91,436.61,0,3.0
137,71,motorcycle,587.41,434.63,612.75,458.28,1,10.0
137,6,motorcycle,625.38,433.24,652.42,480.02,0,3.0
138,71,motorcycle,588.38,434.68,614.02,458.41,1,10.0
138,6,motorcycle,629.09,434.01,652.86,467.71,0,3.0
139,71,motorcycle,588.88,435.06,615.1,458.64,1,10.0
139,35,car,560.78,391.29,622.4,437.85,0,3.0
139,71,motorcycle,588.88,435.06,615.1,458.64,1,10.0
139,6,motorcycle,630.77,434.63,653.19,462.84,0,3.0
140,71,motorcycle,590.26,436.1,616.27,459.08,1,10.0
140,35,car,561.35,392.23,622.46,440.06,0,3.0
140,71,motorcycle,590.26,436.1,616.27,459.08,1,10.0
140,6,motorcycle,631.03,426.94,653.88,460.95,0,3.0
141,71,motorcycle,591.36,436.17,617.16,459.46,1,10.0
141,35,car,561.74,393.1,622.49,442.11,0,3.0
141,71,motorcycle,591.36,436.17,617.16,459.46,1,10.0
141,6,motorcycle,631.54,431.27,654.19,460.51,0,3.0
142,71,motorcycle,592.47,436.89,618.54,459.91,1,10.0
142,35,car,561.91,393.71,622.48,443.56,0,3.0
142,71,motorcycle,592.47,436.89,618.54,459.91,1,10.0
142,6,motorcycle,631.81,431.65,654.28,460.41,0,3.0
143,71,motorcycle,593.89,436.99,620.02,460.48,1,10.0
143,6,motorcycle,631.89,424.72,654.55,460.65,0,3.0
144,71,motorcycle,595.06,436.86,621.37,460.51,1,10.0
144,35,car,562.28,394.89,623.06,445.25,0,3.0
144,71,motorcycle,595.06,436.86,621.37,460.51,1,10.0
144,6,motorcycle,631.77,423.21,651.55,455.81,0,3.0
145,71,motorcycle,596.14,438.15,622.63,461.9,1,10.0
145,35,car,562.72,395.14,623.35,445.79,0,3.0
146,71,motorcycle,597.07,438.21,623.57,462.41,1,10.0
146,35,car,563.13,395.41,623.79,446.46,0,3.0
148,71,motorcycle,599.64,440.15,622.46,464.25,1,10.0
148,35,car,564.0,396.7,624.87,447.33,0,3.0
149,71,motorcycle,601.08,439.31,623.86,463.55,1,10.0
149,35,car,564.51,397.39,624.95,447.78,0,3.0
150,71,motorcycle,601.73,440.5,624.21,464.19,1,10.0
150,35,car,564.84,397.63,625.1,448.17,0,3.0
151,71,motorcycle,602.67,440.07,625.96,464.33,1,10.0
151,35,car,565.09,398.09,625.29,448.52,0,3.0
152,71,motorcycle,603.54,439.67,627.38,464.8,1,10.0
152,35,car,565.19,398.56,625.57,448.94,0,3.0
153,71,motorcycle,605.25,428.23,646.82,465.38,1,10.0
153,35,car,565.24,399.05,625.81,449.21,0,3.0
154,71,motorcycle,605.55,434.83,635.46,465.86,1,10.0
154,35,car,565.47,399.6,626.3,449.57,0,3.0
155,71,motorcycle,606.05,439.43,632.44,467.63,1,10.0
155,35,car,565.94,400.18,626.78,450.12,0,3.0
156,71,motorcycle,681.55,417.86,703.1,444.13,1,10.0
156,35,car,566.62,400.88,627.13,450.85,0,3.0
157,71,motorcycle,710.43,410.33,729.99,436.11,1,10.0
157,35,car,567.35,401.39,627.6,451.37,0,3.0
158,71,motorcycle,720.9,407.67,739.97,431.29,1,10.0
158,35,car,567.85,401.91,627.99,451.82,0,3.0
159,71,motorcycle,724.27,407.47,742.76,430.66,1,10.0
159,35,car,568.17,402.58,628.42,452.35,0,3.0
160,71,motorcycle,725.48,407.63,744.93,430.32,1,10.0
160,35,car,568.5,403.02,628.96,452.32,0,3.0
161,71,motorcycle,726.07,407.92,745.27,430.75,1,10.0
161,35,car,568.59,403.54,629.36,452.46,0,3.0
162,71,motorcycle,726.55,408.45,746.77,432.79,1,10.0
162,35,car,568.76,403.91,629.75,453.0,0,3.0
170,71,motorcycle,737.72,410.77,759.98,433.8,1,10.0
170,35,car,572.51,409.46,632.84,455.87,0,3.0
172,71,motorcycle,742.1,410.99,762.85,434.35,1,10.0
172,35,car,573.96,410.81,633.75,457.51,0,3.0
173,71,motorcycle,744.07,411.42,764.65,434.58,1,10.0
173,35,car,574.46,411.51,634.17,458.11,0,3.0
174,71,motorcycle,745.69,411.15,766.99,434.23,1,10.0
174,35,car,574.8,412.11,634.52,458.66,0,3.0
175,71,motorcycle,747.01,411.79,768.03,435.31,1,10.0
175,35,car,575.05,412.7,634.4,458.13,0,3.0
176,71,motorcycle,748.01,411.3,770.65,434.81,1,10.0
176,35,car,575.26,413.75,634.29,459.45,0,3.0
176,71,motorcycle,748.01,411.3,770.65,434.81,1,10.0
176,6,motorcycle,635.95,445.66,663.82,476.89,0,3.0
177,71,motorcycle,749.49,411.17,772.41,435.11,1,10.0
177,35,car,575.86,414.44,635.31,460.68,0,3.0
177,71,motorcycle,749.49,411.17,772.41,435.11,1,10.0
177,6,motorcycle,636.46,444.96,664.88,478.03,0,3.0
178,71,motorcycle,749.16,411.26,774.06,436.02,1,10.0
178,35,car,576.31,415.05,636.14,461.98,0,3.0
178,71,motorcycle,749.16,411.26,774.06,436.02,1,10.0
178,6,motorcycle,638.35,445.91,666.35,478.45,0,3.0
179,71,motorcycle,741.86,378.25,765.24,403.9,1,10.0
179,35,car,576.87,415.93,636.87,462.93,0,3.0
179,71,motorcycle,741.86,378.25,765.24,403.9,1,10.0
179,6,motorcycle,640.67,445.78,667.48,478.03,0,3.0
180,71,motorcycle,740.26,367.31,763.17,393.34,1,10.0
180,35,car,577.34,416.74,637.18,463.59,0,3.0
180,71,motorcycle,740.26,367.31,763.17,393.34,1,10.0
180,6,motorcycle,643.69,446.21,668.96,477.89,0,3.0
181,71,motorcycle,741.17,366.16,763.76,391.15,1,10.0
181,35,car,577.61,417.18,637.56,463.99,0,3.0
181,71,motorcycle,741.17,366.16,763.76,391.15,1,10.0
181,6,motorcycle,644.09,447.72,670.07,483.12,0,3.0
182,71,motorcycle,742.29,367.45,765.08,391.71,1,10.0
182,35,car,577.47,391.08,638.67,462.64,0,3.0
182,71,motorcycle,742.29,367.45,765.08,391.71,1,10.0
182,6,motorcycle,644.99,447.29,671.04,486.07,0,3.0
183,71,motorcycle,743.76,368.84,766.52,393.06,1,10.0
183,35,car,577.8,401.61,638.76,464.27,0,3.0
183,71,motorcycle,743.76,368.84,766.52,393.06,1,10.0
183,6,motorcycle,646.86,448.4,671.88,487.17,0,3.0
184,71,motorcycle,745.16,370.62,768.1,394.53,1,10.0
184,6,motorcycle,675.4,521.41,699.08,550.02,0,3.0
185,71,motorcycle,746.92,372.3,770.12,396.27,1,10.0
185,35,car,579.17,413.19,639.36,466.96,0,3.0
185,71,motorcycle,746.92,372.3,770.12,396.27,1,10.0
185,6,motorcycle,683.48,547.21,707.19,571.94,0,3.0
186,71,motorcycle,748.46,374.15,771.82,398.28,1,10.0
186,6,motorcycle,726.53,551.87,743.37,575.72,0,3.0
187,71,motorcycle,750.0,375.67,773.59,399.92,1,10.0
187,35,car,579.79,398.38,640.38,468.63,0,3.0
187,71,motorcycle,750.0,375.67,773.59,399.92,1,10.0
187,6,motorcycle,759.2,566.78,777.86,592.84,0,3.0
193,71,motorcycle,758.69,381.19,782.5,407.52,1,10.0
193,35,car,582.41,426.48,642.13,475.32,0,3.0
194,71,motorcycle,761.0,383.79,784.29,408.64,1,10.0
194,35,car,582.83,427.56,643.19,476.53,0,3.0
197,71,motorcycle,788.07,415.84,808.89,441.52,1,10.0
197,35,car,584.37,431.18,644.97,478.75,0,3.0
198,71,motorcycle,792.06,418.28,812.67,443.73,1,10.0
198,35,car,584.95,432.1,645.42,478.94,0,3.0
199,71,motorcycle,794.18,419.05,814.86,444.32,1,10.0
199,35,car,585.24,432.95,645.91,479.39,0,3.0
200,71,motorcycle,795.51,419.37,816.55,445.08,1,10.0
200,35,car,585.69,433.36,646.49,479.46,0,3.0
202,71,motorcycle,799.04,419.29,819.6,441.91,1,10.0
202,35,car,587.27,434.73,647.49,482.39,0,3.0
203,71,motorcycle,800.3,419.84,821.55,444.29,1,10.0
203,35,car,588.43,436.35,648.2,483.7,0,3.0
204,71,motorcycle,802.74,420.51,823.1,445.48,1,10.0
204,35,car,588.85,437.95,648.56,484.55,0,3.0
206,71,motorcycle,806.39,420.79,828.23,446.65,1,10.0
206,35,car,589.77,440.2,649.98,485.97,0,3.0
208,71,motorcycle,809.92,422.17,830.85,447.7,1,10.0
208,35,car,591.78,441.63,651.67,488.36,0,3.0
209,71,motorcycle,811.74,422.8,832.64,447.94,1,10.0
209,35,car,592.57,442.45,652.22,489.32,0,3.0
210,71,motorcycle,813.49,423.24,834.67,448.6,1,10.0
210,35,car,593.17,443.68,652.44,489.49,0,3.0
211,71,motorcycle,815.55,423.54,836.4,449.49,1,10.0
211,35,car,593.18,444.64,652.81,490.84,0,3.0
213,71,motorcycle,819.53,424.34,840.03,450.21,1,10.0
213,35,car,594.86,446.36,653.91,491.75,0,3.0
215,71,motorcycle,823.43,426.32,844.43,451.86,1,10.0
215,35,car,596.46,448.81,654.96,494.36,0,3.0
216,71,motorcycle,825.4,427.06,846.4,451.44,1,10.0
216,35,car,597.06,450.01,655.85,495.85,0,3.0
217,71,motorcycle,827.23,427.76,848.74,452.15,1,10.0
217,35,car,597.7,450.35,656.79,496.94,0,3.0
218,71,motorcycle,829.34,428.98,850.75,452.86,1,10.0
218,35,car,598.18,451.15,657.28,498.79,0,3.0
219,71,motorcycle,831.46,429.78,852.61,453.05,1,10.0
219,35,car,598.72,452.01,657.5,500.33,0,3.0
220,71,motorcycle,833.46,430.68,855.05,453.69,1,10.0
220,35,car,599.23,453.32,657.93,501.54,0,3.0
221,71,motorcycle,835.6,431.24,857.03,453.73,1,10.0
221,35,car,599.65,454.27,658.41,502.49,0,3.0
222,71,motorcycle,814.63,423.72,837.42,446.7,1,10.0
222,35,car,599.9,454.66,658.78,503.79,0,3.0
223,71,motorcycle,808.08,421.6,831.51,444.86,1,10.0
223,35,car,600.03,455.09,659.08,505.0,0,3.0
224,71,motorcycle,806.93,421.43,830.34,444.7,1,10.0
224,35,car,600.31,455.58,659.33,505.82,0,3.0
225,71,motorcycle,807.5,422.11,831.07,445.28,1,10.0
225,35,car,600.69,456.35,659.62,506.16,0,3.0
226,71,motorcycle,808.84,422.84,832.95,445.8,1,10.0
226,35,car,601.02,457.31,659.82,505.91,0,3.0
227,71,motorcycle,810.66,423.57,834.71,446.6,1,10.0
227,35,car,601.16,457.54,660.01,506.65,0,3.0
228,71,motorcycle,812.14,424.21,836.18,447.27,1,10.0
228,35,car,601.8,458.3,660.42,503.87,0,3.0
229,71,motorcycle,813.67,425.0,837.87,447.63,1,10.0
229,35,car,601.71,458.54,660.64,505.58,0,3.0
230,71,motorcycle,815.36,425.46,839.51,448.27,1,10.0
230,35,car,601.45,458.93,660.89,506.92,0,3.0
231,71,motorcycle,816.71,426.16,840.72,448.98,1,10.0
231,35,car,601.32,458.97,661.02,507.83,0,3.0
232,71,motorcycle,818.24,426.74,842.22,449.6,1,10.0
232,35,car,601.18,459.25,661.16,508.16,0,3.0
233,71,motorcycle,819.59,427.12,843.64,450.26,1,10.0
233,35,car,601.04,459.75,661.26,509.33,0,3.0
234,71,motorcycle,821.1,427.7,844.98,450.63,1,10.0
234,35,car,600.89,460.13,661.28,508.98,0,3.0
235,71,motorcycle,822.26,428.4,846.14,451.26,1,10.0
235,35,car,601.17,460.41,661.4,509.56,0,3.0
236,71,motorcycle,823.62,429.35,847.47,451.73,1,10.0
236,35,car,601.59,460.67,661.6,509.44,0,3.0
237,71,motorcycle,825.17,429.69,848.75,452.11,1,10.0
237,35,car,602.19,460.85,661.76,510.0,0,3.0
238,71,motorcycle,826.72,430.03,850.13,452.27,1,10.0
238,35,car,602.68,460.97,662.07,510.41,0,3.0
239,71,motorcycle,828.15,430.5,851.81,452.53,1,10.0
239,35,car,602.95,461.1,662.27,510.67,0,3.0
240,71,motorcycle,829.31,430.89,853.1,452.92,1,10.0
240,35,car,603.22,461.17,662.4,510.7,0,3.0
241,71,motorcycle,830.52,431.21,854.06,453.07,1,10.0
241,35,car,603.4,461.22,662.53,510.79,0,3.0
242,71,motorcycle,831.77,431.58,855.2,453.29,1,10.0
242,35,car,603.76,461.17,662.64,510.36,0,3.0
2298,870,motorcycle,943.51,571.21,963.61,597.21,1,10.0
2298,924,car,972.54,615.44,1002.07,641.77,0,3.0
2299,870,motorcycle,943.59,571.14,963.62,597.11,1,10.0
2299,924,car,971.36,615.49,1001.95,641.91,0,3.0
2300,870,motorcycle,943.51,571.31,963.59,597.07,1,10.0
2300,924,car,970.94,616.28,1001.87,641.73,0,3.0
2301,870,motorcycle,943.46,571.39,963.56,597.09,1,10.0
2301,924,car,970.39,616.7,1001.69,641.41,0,3.0
2302,870,motorcycle,943.51,571.42,963.56,597.1,1,10.0
2302,924,car,972.79,618.09,1001.34,641.42,0,3.0
2303,870,motorcycle,943.56,571.49,963.56,597.09,1,10.0
2303,924,car,974.05,618.81,1000.99,641.46,0,3.0
2304,870,motorcycle,943.47,571.34,963.56,597.36,1,10.0
2304,924,car,974.7,619.05,1000.69,641.29,0,3.0
2305,870,motorcycle,943.48,571.4,963.48,597.21,1,10.0
2305,924,car,974.96,619.23,1000.48,641.33,0,3.0
2306,870,motorcycle,943.56,571.62,963.5,597.21,1,10.0
2306,924,car,975.03,619.24,1000.34,641.35,0,3.0
2307,870,motorcycle,943.65,571.67,963.51,597.29,1,10.0
2307,924,car,975.07,619.23,1000.23,640.81,0,3.0
2308,870,motorcycle,943.8,571.7,963.51,597.27,1,10.0
2308,924,car,974.97,619.22,1000.14,640.12,0,3.0
2309,870,motorcycle,944.95,571.86,963.64,597.44,1,10.0
2309,924,car,974.84,619.18,999.94,640.09,0,3.0
2310,870,motorcycle,945.37,571.85,963.68,597.42,1,10.0
2310,924,car,974.68,619.19,999.92,639.79,0,3.0
2311,870,motorcycle,945.53,571.9,963.74,597.44,1,10.0
2311,924,car,974.46,619.2,999.83,639.75,0,3.0
2312,870,motorcycle,945.59,571.94,963.79,597.39,1,10.0
2312,924,car,974.28,618.82,999.72,639.43,0,3.0
2313,870,motorcycle,945.64,571.88,963.73,597.4,1,10.0
2313,924,car,973.94,618.92,999.44,639.55,0,3.0
2314,870,motorcycle,945.62,571.89,963.68,597.59,1,10.0
2314,924,car,973.56,618.78,999.29,639.82,0,3.0
2315,870,motorcycle,945.62,571.83,963.66,597.65,1,10.0
2315,924,car,973.17,618.9,999.24,640.7,0,3.0
2316,870,motorcycle,945.68,571.87,963.66,597.65,1,10.0
2316,924,car,973.04,618.89,999.23,640.9,0,3.0
2317,870,motorcycle,945.72,571.88,963.66,597.62,1,10.0
2317,924,car,972.96,618.84,999.27,640.69,0,3.0
2318,870,motorcycle,945.91,571.92,963.91,597.54,1,10.0
2318,924,car,969.6,617.14,999.23,640.96,0,3.0
2319,870,motorcycle,945.98,571.95,963.99,597.51,1,10.0
2319,924,car,970.51,617.72,999.1,641.38,0,3.0
2320,870,motorcycle,946.08,572.04,964.13,597.52,1,10.0
2320,924,car,971.17,618.15,998.96,641.85,0,3.0
2321,870,motorcycle,946.1,572.08,964.19,597.81,1,10.0
2321,924,car,971.55,618.49,998.93,642.1,0,3.0
2322,870,motorcycle,946.18,572.16,964.45,597.92,1,10.0
2322,924,car,971.98,618.67,998.99,641.04,0,3.0
2323,870,motorcycle,946.34,572.32,964.55,597.73,1,10.0
2323,924,car,972.26,618.72,999.1,640.49,0,3.0
2324,870,motorcycle,946.48,572.45,964.91,597.95,1,10.0
2324,924,car,972.35,618.83,999.07,640.58,0,3.0
2325,870,motorcycle,946.53,572.57,965.07,598.04,1,10.0
2325,924,car,972.37,618.84,999.01,640.1,0,3.0
2326,870,motorcycle,971.14,575.9,987.68,601.63,1,10.0
2326,924,car,972.24,618.73,998.9,639.8,0,3.0
2327,870,motorcycle,980.21,576.79,995.83,602.52,1,10.0
2327,924,car,972.09,618.76,998.94,639.68,0,3.0
2328,870,motorcycle,983.49,576.68,998.76,602.46,1,10.0
2328,924,car,971.92,618.64,999.15,639.3,0,3.0
2329,870,motorcycle,984.59,576.39,999.52,601.8,1,10.0
2329,924,car,971.58,618.73,999.19,640.1,0,3.0
2330,870,motorcycle,984.88,575.96,999.55,601.0,1,10.0
2330,924,car,971.32,618.88,998.97,640.1,0,3.0
2331,870,motorcycle,984.91,577.62,999.11,600.53,1,10.0
2331,924,car,971.11,619.0,998.5,640.5,0,3.0
2332,870,motorcycle,985.16,578.18,998.93,599.78,1,10.0
2332,924,car,970.98,619.12,997.96,640.83,0,3.0
2333,870,motorcycle,984.79,575.68,999.82,599.79,1,10.0
2333,924,car,970.85,619.23,997.55,640.74,0,3.0
2334,870,motorcycle,985.65,574.51,1000.92,599.77,1,10.0
2334,924,car,970.65,619.29,997.2,641.18,0,3.0
2335,870,motorcycle,986.45,572.94,1001.93,598.01,1,10.0
2335,924,car,970.41,619.36,996.89,642.05,0,3.0
2336,870,motorcycle,986.93,571.58,1003.0,596.92,1,10.0
2336,924,car,970.16,619.32,996.73,642.71,0,3.0
2337,870,motorcycle,987.47,570.66,1003.64,596.02,1,10.0
2337,924,car,969.98,619.35,996.67,642.91,0,3.0
2338,870,motorcycle,988.06,569.49,1004.41,594.99,1,10.0
2338,924,car,969.72,619.25,996.52,642.67,0,3.0
2339,870,motorcycle,988.55,570.52,1004.31,594.24,1,10.0
2339,924,car,969.43,619.16,996.33,642.25,0,3.0
2340,870,motorcycle,989.2,568.89,1005.44,593.51,1,10.0
2340,924,car,969.17,619.0,996.18,641.51,0,3.0
2341,870,motorcycle,988.83,566.06,1006.78,592.55,1,10.0
2341,924,car,968.92,618.94,996.01,640.84,0,3.0
2342,870,motorcycle,990.29,563.9,1008.39,591.79,1,10.0
2342,924,car,968.71,619.03,995.92,640.63,0,3.0
2343,870,motorcycle,991.36,563.07,1009.62,591.3,1,10.0
2343,924,car,968.52,618.99,995.78,640.04,0,3.0
2344,870,motorcycle,992.01,561.77,1010.73,590.26,1,10.0
2344,924,car,967.31,619.01,995.6,641.24,0,3.0
2345,870,motorcycle,992.19,561.5,1011.37,589.62,1,10.0
2345,924,car,966.73,619.09,995.55,642.08,0,3.0
2346,870,motorcycle,992.84,561.0,1012.13,588.9,1,10.0
2346,924,car,966.33,619.21,995.29,642.62,0,3.0
2347,870,motorcycle,993.33,561.18,1013.09,588.48,1,10.0
2347,924,car,966.65,619.26,995.15,641.97,0,3.0
2348,870,motorcycle,994.35,561.09,1013.98,588.09,1,10.0
2348,924,car,966.91,619.16,995.01,640.03,0,3.0
2349,870,motorcycle,994.91,560.29,1015.04,587.39,1,10.0
2349,924,car,966.25,619.25,994.86,641.3,0,3.0
2350,870,motorcycle,995.63,559.41,1015.93,586.76,1,10.0
2350,924,car,965.97,619.42,994.61,642.29,0,3.0
2351,870,motorcycle,996.68,559.8,1016.95,585.74,1,10.0
2351,924,car,965.53,619.59,994.4,642.85,0,3.0
2352,870,motorcycle,996.6,558.8,1017.71,585.3,1,10.0
2352,924,car,965.29,619.53,994.33,643.07,0,3.0
2353,870,motorcycle,997.49,558.8,1018.87,584.08,1,10.0
2353,924,car,965.32,619.65,994.28,643.48,0,3.0
2354,870,motorcycle,998.11,559.11,1019.92,583.08,1,10.0
2354,924,car,964.84,619.66,994.18,643.82,0,3.0
2355,870,motorcycle,998.69,558.73,1020.94,582.23,1,10.0
2355,924,car,964.58,619.62,994.12,643.97,0,3.0
2356,870,motorcycle,1001.94,558.1,1022.35,581.45,1,10.0
2356,924,car,964.61,619.53,994.09,644.15,0,3.0
2357,870,motorcycle,1001.71,557.25,1023.55,580.58,1,10.0
2357,924,car,964.4,619.68,993.98,644.21,0,3.0
2358,870,motorcycle,1004.11,556.51,1024.72,579.55,1,10.0
2358,924,car,964.13,619.72,993.83,644.24,0,3.0
2359,870,motorcycle,1005.56,556.09,1025.5,579.01,1,10.0
2359,924,car,963.64,619.66,993.37,644.19,0,3.0
2360,870,motorcycle,1006.69,555.77,1026.43,578.34,1,10.0
2360,924,car,963.82,619.73,992.65,643.57,0,3.0
2361,870,motorcycle,1007.9,555.15,1028.04,577.97,1,10.0
2361,924,car,963.79,619.77,992.04,643.24,0,3.0
2362,870,motorcycle,1009.03,554.37,1029.32,577.26,1,10.0
2362,924,car,963.73,619.85,991.58,642.84,0,3.0
2363,870,motorcycle,1010.31,553.57,1030.46,576.63,1,10.0
2363,924,car,962.86,619.87,990.97,643.43,0,3.0
2364,870,motorcycle,1011.4,553.14,1031.49,575.77,1,10.0
2364,924,car,962.89,619.89,990.35,643.05,0,3.0
2365,870,motorcycle,1012.32,552.7,1032.48,574.97,1,10.0
2365,924,car,962.85,620.0,989.84,643.22,0,3.0
2366,870,motorcycle,1013.38,552.02,1033.83,574.63,1,10.0
2366,924,car,962.66,620.03,989.48,643.22,0,3.0
2367,870,motorcycle,1014.77,551.5,1035.28,574.03,1,10.0
2367,924,car,962.44,620.09,989.16,643.42,0,3.0
2368,870,motorcycle,1015.86,550.78,1036.73,573.41,1,10.0
2368,924,car,962.31,620.16,988.92,643.42,0,3.0
2369,870,motorcycle,1017.32,549.59,1038.31,572.81,1,10.0
2369,924,car,962.18,620.6,988.46,643.09,0,3.0
2370,870,motorcycle,1018.57,548.89,1039.82,571.77,1,10.0
2370,924,car,961.98,620.69,988.18,642.87,0,3.0
2371,870,motorcycle,1019.76,548.08,1041.2,571.32,1,10.0
2371,924,car,961.16,620.73,987.73,643.67,0,3.0
2372,870,motorcycle,1021.05,547.1,1042.64,570.55,1,10.0
2372,924,car,960.68,620.71,987.18,644.03,0,3.0
2373,870,motorcycle,1022.2,546.26,1044.11,570.04,1,10.0
2373,924,car,960.16,620.9,986.8,644.45,0,3.0
2374,870,motorcycle,1023.72,545.69,1045.08,569.13,1,10.0
2374,924,car,959.54,621.1,986.32,644.54,0,3.0
2375,870,motorcycle,1024.92,545.13,1046.67,568.93,1,10.0
2375,924,car,959.15,620.51,985.86,644.31,0,3.0
2376,870,motorcycle,1026.1,544.77,1048.07,569.1,1,10.0
2376,924,car,958.77,619.71,985.87,644.04,0,3.0
2377,870,motorcycle,1027.87,544.33,1049.46,567.55,1,10.0
2377,924,car,958.72,619.39,985.9,643.89,0,3.0
2378,870,motorcycle,1028.73,543.15,1050.71,567.3,1,10.0
2378,924,car,958.84,618.94,985.36,643.4,0,3.0
2379,870,motorcycle,1030.35,542.09,1052.18,567.23,1,10.0
2379,924,car,958.84,619.02,984.91,643.56,0,3.0
2380,870,motorcycle,1031.35,541.56,1053.9,566.97,1,10.0
2380,924,car,958.57,619.58,984.22,644.04,0,3.0
2381,870,motorcycle,1032.66,540.96,1055.24,566.68,1,10.0
2381,924,car,958.39,620.01,983.57,644.18,0,3.0
2382,870,motorcycle,1033.95,540.42,1056.14,565.69,1,10.0
2382,924,car,957.74,620.47,983.29,644.25,0,3.0
2383,870,motorcycle,1034.9,540.42,1057.02,565.46,1,10.0
2383,924,car,956.94,620.86,983.27,644.35,0,3.0
2384,870,motorcycle,1036.26,540.27,1057.86,564.58,1,10.0
2384,924,car,956.86,621.13,982.96,644.9,0,3.0
2385,870,motorcycle,1038.26,539.12,1059.98,563.39,1,10.0
2385,924,car,955.76,621.15,982.63,645.25,0,3.0
2386,870,motorcycle,993.14,523.23,1015.61,546.56,1,10.0
2386,924,car,955.81,621.17,982.58,645.28,0,3.0
2387,870,motorcycle,978.3,517.97,1001.01,540.96,1,10.0
2387,924,car,955.8,621.3,982.38,645.26,0,3.0
2388,870,motorcycle,974.7,516.51,997.31,539.59,1,10.0
2388,924,car,955.76,621.35,982.11,645.19,0,3.0
2389,870,motorcycle,975.42,516.89,998.09,539.72,1,10.0
2389,924,car,955.46,621.24,982.05,645.28,0,3.0
2390,870,motorcycle,977.53,517.36,1000.12,539.94,1,10.0
2390,924,car,955.1,621.27,982.02,645.14,0,3.0
2391,870,motorcycle,980.02,518.17,1002.66,540.32,1,10.0
2391,924,car,954.48,621.27,981.84,645.04,0,3.0
2392,870,motorcycle,982.05,518.64,1005.33,540.79,1,10.0
2392,924,car,953.6,621.23,981.57,645.06,0,3.0
2393,870,motorcycle,984.34,519.49,1006.89,540.72,1,10.0
2393,924,car,953.62,621.29,981.29,643.8,0,3.0
2394,870,motorcycle,986.63,519.77,1008.25,539.93,1,10.0
2394,924,car,953.48,621.34,981.37,643.71,0,3.0
2395,870,motorcycle,988.69,520.18,1010.18,540.24,1,10.0
2395,924,car,953.34,621.27,981.37,643.76,0,3.0
2396,870,motorcycle,990.45,520.63,1009.85,541.26,1,10.0
2396,924,car,952.88,621.1,981.19,644.39,0,3.0
2397,870,motorcycle,992.34,520.26,1012.95,540.99,1,10.0
2397,924,car,952.68,621.03,981.17,643.43,0,3.0
2398,870,motorcycle,994.45,520.42,1016.0,541.44,1,10.0
2398,924,car,952.46,620.94,981.32,642.77,0,3.0
2399,870,motorcycle,996.07,520.3,1018.48,541.52,1,10.0
2399,924,car,951.5,621.01,981.19,643.85,0,3.0
2400,870,motorcycle,997.77,521.09,1020.4,540.5,1,10.0
2400,924,car,951.33,621.09,981.11,643.52,0,3.0
2401,870,motorcycle,999.58,521.39,1022.26,540.12,1,10.0
2401,924,car,951.11,621.11,980.96,643.48,0,3.0
2402,870,motorcycle,1001.38,520.61,1024.08,540.34,1,10.0
2402,924,car,950.75,621.18,980.44,643.54,0,3.0
2403,870,motorcycle,1003.18,520.08,1025.87,540.21,1,10.0
2403,924,car,950.4,621.18,979.96,643.84,0,3.0
2404,870,motorcycle,1005.21,519.25,1027.92,540.04,1,10.0
2404,924,car,950.0,621.23,979.33,644.02,0,3.0
3148,1144,car,679.9,468.07,719.09,501.62,1,10.0
3148,1130,car,730.09,535.65,750.57,562.07,0,3.0
3149,1144,car,681.16,467.58,719.94,496.46,1,10.0
3149,1130,car,729.97,535.2,750.47,561.97,0,3.0
3150,1144,car,681.89,467.46,720.31,493.84,1,10.0
3150,1130,car,729.81,534.89,750.32,561.94,0,3.0
3151,1144,car,682.43,467.45,721.18,498.79,1,10.0
3151,1130,car,729.68,534.64,750.17,561.65,0,3.0
3152,1144,car,683.06,467.38,722.09,502.08,1,10.0
3152,1130,car,729.66,534.45,750.13,561.27,0,3.0
3153,1144,car,683.7,467.19,722.92,504.07,1,10.0
3153,1130,car,729.64,534.29,750.04,561.06,0,3.0
3154,1144,car,684.38,467.07,723.75,505.13,1,10.0
3154,1130,car,729.53,534.09,749.91,560.99,0,3.0
3155,1144,car,684.93,467.06,724.19,505.59,1,10.0
3155,1130,car,729.43,534.03,749.84,561.32,0,3.0
3156,1144,car,685.69,466.84,724.98,505.94,1,10.0
3156,1130,car,729.34,533.97,749.81,561.8,0,3.0
3157,1144,car,686.36,466.53,726.03,506.09,1,10.0
3157,1130,car,729.14,533.72,749.65,561.8,0,3.0
3158,1144,car,687.26,466.34,727.18,505.8,1,10.0
3158,1130,car,728.98,533.58,749.58,562.0,0,3.0
3159,1144,car,688.2,466.08,728.06,505.59,1,10.0
3159,1130,car,728.88,533.4,749.46,562.38,0,3.0
3160,1144,car,688.96,465.86,728.91,505.75,1,10.0
3160,1130,car,728.85,533.13,749.58,562.2,0,3.0
3161,1144,car,689.68,465.59,729.75,505.8,1,10.0
3161,1130,car,728.8,532.78,749.56,561.73,0,3.0
3162,1144,car,690.41,465.32,730.64,505.89,1,10.0
3162,1130,car,728.73,532.57,749.49,561.19,0,3.0
3163,1144,car,691.15,465.02,731.35,506.18,1,10.0
3163,1130,car,728.72,532.4,749.44,560.72,0,3.0
3164,1144,car,691.94,464.87,732.25,506.73,1,10.0
3164,1130,car,728.74,532.14,749.46,560.36,0,3.0
3165,1144,car,692.71,464.51,733.14,505.9,1,10.0
3165,1130,car,728.76,531.91,749.47,559.83,0,3.0
3166,1144,car,693.39,464.29,733.85,505.82,1,10.0
3166,1130,car,728.64,531.7,749.29,558.93,0,3.0
3167,1144,car,694.06,464.32,734.58,508.84,1,10.0
3167,1130,car,728.53,531.53,749.1,558.66,0,3.0
3168,1144,car,695.25,463.76,735.4,506.83,1,10.0
3168,1130,car,728.39,531.31,748.95,558.16,0,3.0
3169,1144,car,695.57,463.67,736.15,507.48,1,10.0
3169,1130,car,728.28,531.02,748.84,557.57,0,3.0
3170,1144,car,696.4,463.6,737.02,509.42,1,10.0
3170,1130,car,728.26,530.73,748.77,557.36,0,3.0
3171,1144,car,697.27,462.97,737.97,507.05,1,10.0
3171,1130,car,728.22,530.56,748.69,557.15,0,3.0
3172,1144,car,698.58,462.46,739.02,505.19,1,10.0
3172,1130,car,728.18,530.3,748.56,556.87,0,3.0
3173,1144,car,699.51,462.29,739.85,504.17,1,10.0
3173,1130,car,728.12,530.08,748.5,556.6,0,3.0
3174,1144,car,700.8,461.93,740.64,503.14,1,10.0
3174,1130,car,728.07,529.8,748.42,556.13,0,3.0
3175,1144,car,701.91,461.73,741.55,502.48,1,10.0
3175,1130,car,727.96,529.59,748.42,555.89,0,3.0
3176,1144,car,702.85,461.48,742.49,503.77,1,10.0
3176,1130,car,727.92,529.42,748.37,555.61,0,3.0
3177,1144,car,703.74,460.8,743.46,502.17,1,10.0
3177,1130,car,727.79,529.15,748.21,555.32,0,3.0
3178,1144,car,704.53,460.45,744.43,501.43,1,10.0
3178,1130,car,727.7,528.86,748.14,555.04,0,3.0
3179,1144,car,705.62,460.19,745.43,500.51,1,10.0
3179,1130,car,727.62,528.6,748.08,554.79,0,3.0
3180,1144,car,706.89,459.77,746.51,499.27,1,10.0
3180,1130,car,727.48,528.3,748.0,554.65,0,3.0
3181,1144,car,707.99,459.37,747.55,498.58,1,10.0
3181,1130,car,727.39,527.96,747.97,554.34,0,3.0
3182,1144,car,709.01,458.93,748.52,498.01,1,10.0
3182,1130,car,727.27,527.66,747.91,554.25,0,3.0
3183,1144,car,709.97,458.5,749.54,497.58,1,10.0
3183,1130,car,727.19,527.36,747.84,554.03,0,3.0
3184,1144,car,710.86,458.09,750.6,497.31,1,10.0
3184,1130,car,727.06,527.2,747.7,553.91,0,3.0
3185,1144,car,711.76,457.77,751.58,497.19,1,10.0
3185,1130,car,726.89,527.07,747.53,553.65,0,3.0
3186,1144,car,712.7,457.36,752.44,496.96,1,10.0
3186,1130,car,726.79,526.92,747.26,553.35,0,3.0
3187,1144,car,713.76,457.08,753.31,496.78,1,10.0
3187,1130,car,726.57,526.72,747.01,552.97,0,3.0
3188,1144,car,714.86,456.79,754.24,496.61,1,10.0
3188,1130,car,726.5,526.6,746.78,552.63,0,3.0
3189,1144,car,715.8,456.42,755.15,496.45,1,10.0
3189,1130,car,726.35,526.32,746.53,552.5,0,3.0
3190,1144,car,716.69,456.13,756.02,496.27,1,10.0
3190,1130,car,726.24,526.19,746.4,552.32,0,3.0
3191,1144,car,717.61,455.71,757.05,496.04,1,10.0
3191,1130,car,726.28,525.94,746.36,552.1,0,3.0
3193,1144,car,719.5,454.99,758.9,495.65,1,10.0
3193,1130,car,726.24,525.61,746.13,551.67,0,3.0
3198,1144,car,724.17,453.81,763.56,495.04,1,10.0
3198,1130,car,725.81,525.2,745.61,550.67,0,3.0
3199,1144,car,724.99,453.43,764.57,494.77,1,10.0
3199,1130,car,725.72,525.17,745.58,550.79,0,3.0
3202,1144,car,727.45,452.58,767.48,494.01,1,10.0
3202,1130,car,725.49,523.72,745.22,549.98,0,3.0
3203,1144,car,728.55,452.27,768.69,493.55,1,10.0
3203,1130,car,725.44,523.29,745.13,549.75,0,3.0
3204,1144,car,729.24,451.92,769.74,493.09,1,10.0
3204,1130,car,725.26,523.24,744.87,549.4,0,3.0
3205,1144,car,730.13,451.65,770.49,492.71,1,10.0
3205,1130,car,725.08,523.4,744.73,548.99,0,3.0
3206,1144,car,731.08,451.29,771.44,492.33,1,10.0
3206,1130,car,724.93,523.26,744.6,548.75,0,3.0
3207,1144,car,732.15,450.93,772.39,492.0,1,10.0
3207,1130,car,724.79,522.84,744.61,548.66,0,3.0
3209,1144,car,733.71,450.43,773.98,491.24,1,10.0
3209,1130,car,724.55,522.19,744.69,548.53,0,3.0
3211,1144,car,735.27,450.1,775.55,490.84,1,10.0
3211,1130,car,724.16,521.64,744.49,548.03,0,3.0
3212,1144,car,736.24,449.8,776.51,490.63,1,10.0
3212,1130,car,724.01,521.37,744.38,547.78,0,3.0
3214,1144,car,737.99,449.19,778.33,490.08,1,10.0
3214,1130,car,723.67,521.23,744.17,547.26,0,3.0
3215,1144,car,738.98,448.95,779.22,489.4,1,10.0
3215,1130,car,723.55,520.88,744.12,547.15,0,3.0
3216,1144,car,739.98,448.66,780.07,488.67,1,10.0
3216,1130,car,723.42,520.46,743.99,546.67,0,3.0
3219,1144,car,742.5,447.85,782.32,486.08,1,10.0
3219,1130,car,723.26,518.85,743.72,544.81,0,3.0
3228,1144,car,750.76,446.25,790.61,480.16,1,10.0
3228,1130,car,722.22,516.1,742.83,542.47,0,3.0
3232,1144,car,755.3,445.92,793.95,480.33,1,10.0
3232,1130,car,721.75,515.05,742.31,542.14,0,3.0
3233,1144,car,756.35,445.91,794.86,480.19,1,10.0
3233,1130,car,721.68,514.56,742.22,541.92,0,3.0
3234,1144,car,757.22,445.93,795.64,480.18,1,10.0
3234,1130,car,721.5,514.18,742.1,541.97,0,3.0
3235,1144,car,758.07,445.78,796.68,480.35,1,10.0
3235,1130,car,721.22,514.0,741.95,542.6,0,3.0
3236,1144,car,758.89,445.69,797.58,480.81,1,10.0
3236,1130,car,721.03,513.71,741.84,543.26,0,3.0
3237,1144,car,759.83,445.56,798.35,480.97,1,10.0
3237,1130,car,720.81,513.54,741.81,543.73,0,3.0
3238,1144,car,760.69,445.37,799.08,480.92,1,10.0
3238,1130,car,720.71,513.17,741.66,543.7,0,3.0
3239,1144,car,761.51,445.28,799.71,480.98,1,10.0
3239,1130,car,720.69,512.91,741.49,543.87,0,3.0
3240,1144,car,762.31,445.04,800.34,481.0,1,10.0
3240,1130,car,720.69,512.57,741.36,543.82,0,3.0
3241,1144,car,763.12,444.75,800.92,480.96,1,10.0
3241,1130,car,720.61,512.09,741.22,543.6,0,3.0
3242,1144,car,763.77,444.59,801.79,480.99,1,10.0
3242,1130,car,720.47,511.88,741.03,543.3,0,3.0
3243,1144,car,764.47,444.24,802.85,481.12,1,10.0
3243,1130,car,720.24,511.68,740.96,543.08,0,3.0
3244,1144,car,765.03,443.95,803.74,481.05,1,10.0
3244,1130,car,720.14,511.63,740.83,542.72,0,3.0
3245,1144,car,765.48,443.63,804.55,480.81,1,10.0
3245,1130,car,719.76,511.37,740.64,541.66,0,3.0
3247,1144,car,766.77,443.2,806.1,480.58,1,10.0
3247,1130,car,719.4,510.62,740.42,539.9,0,3.0
3451,1209,car,850.01,663.27,900.6,723.17,1,10.0
3451,1023,car,757.35,544.02,797.09,596.47,0,3.0
3452,1209,car,849.13,662.31,900.1,722.51,1,10.0
3452,1023,car,756.87,543.21,796.55,598.23,0,3.0
3453,1209,car,848.19,661.02,897.04,721.97,1,10.0
3453,1023,car,756.39,542.28,795.91,597.43,0,3.0
3454,1209,car,847.14,660.3,895.02,721.19,1,10.0
3454,1023,car,755.91,541.15,795.31,595.19,0,3.0
3455,1209,car,846.18,659.41,893.46,720.46,1,10.0
3455,1023,car,755.34,540.29,794.81,595.53,0,3.0
3456,1209,car,845.61,658.48,893.9,720.12,1,10.0
3456,1023,car,754.83,539.43,794.34,595.35,0,3.0
3457,1209,car,844.87,657.88,891.88,719.72,1,10.0
3457,1023,car,754.34,538.55,793.92,595.27,0,3.0
3458,1209,car,844.09,657.23,890.44,718.91,1,10.0
3458,1023,car,753.86,537.69,793.47,595.03,0,3.0
3459,1209,car,843.21,656.2,889.39,717.89,1,10.0
3459,1023,car,753.45,536.84,792.99,594.72,0,3.0
3460,1209,car,842.49,655.3,888.49,716.73,1,10.0
3460,1023,car,753.09,535.42,792.13,585.82,0,3.0
3461,1209,car,841.72,654.32,887.93,715.36,1,10.0
3461,1023,car,752.84,534.94,792.27,593.39,0,3.0
3462,1209,car,840.9,653.38,886.78,713.94,1,10.0
3462,1023,car,752.42,534.03,791.99,592.16,0,3.0
3463,1209,car,840.18,652.34,885.8,712.62,1,10.0
3463,1023,car,751.95,532.89,791.19,585.65,0,3.0
3464,1209,car,839.49,651.45,885.04,711.58,1,10.0
3464,1023,car,751.66,532.03,790.73,584.42,0,3.0
3465,1209,car,838.52,650.1,884.54,710.72,1,10.0
3465,1023,car,751.31,531.21,790.44,586.06,0,3.0
3466,1209,car,837.62,649.08,883.94,709.8,1,10.0
3466,1023,car,750.92,530.34,790.06,586.56,0,3.0
3467,1209,car,836.15,648.07,882.98,708.89,1,10.0
3467,1023,car,750.57,529.51,789.59,586.69,0,3.0
3468,1209,car,835.25,647.22,882.07,708.23,1,10.0
3468,1023,car,750.31,528.73,789.21,586.42,0,3.0
3469,1209,car,834.44,646.51,881.24,707.12,1,10.0
3469,1023,car,750.06,527.92,788.86,585.8,0,3.0
3470,1209,car,833.61,645.38,880.36,705.83,1,10.0
3470,1023,car,749.66,526.86,788.22,578.02,0,3.0
3471,1209,car,833.37,644.77,879.46,704.54,1,10.0
3471,1023,car,749.37,526.31,787.76,576.5,0,3.0
3472,1209,car,832.92,644.14,878.72,703.44,1,10.0
3472,1023,car,749.08,525.57,787.42,575.74,0,3.0
3473,1209,car,832.26,643.42,877.98,702.14,1,10.0
3473,1023,car,748.67,524.87,786.99,574.81,0,3.0
3474,1209,car,831.24,641.87,877.25,700.91,1,10.0
3474,1023,car,748.26,524.09,786.61,573.99,0,3.0
3475,1209,car,830.55,641.06,876.54,700.04,1,10.0
3475,1023,car,747.9,523.26,786.17,573.61,0,3.0
3476,1209,car,830.03,640.3,875.66,697.53,1,10.0
3476,1023,car,747.38,522.51,785.89,572.74,0,3.0
3477,1209,car,829.41,639.63,874.75,697.32,1,10.0
3477,1023,car,746.98,521.67,785.79,573.28,0,3.0
3478,1209,car,828.35,638.1,874.16,697.23,1,10.0
3478,1023,car,746.7,520.82,784.92,570.73,0,3.0
3479,1209,car,827.98,637.66,873.36,696.85,1,10.0
3479,1023,car,746.32,520.11,784.29,569.95,0,3.0
3480,1209,car,827.35,637.2,872.68,696.18,1,10.0
3480,1023,car,746.09,519.28,783.98,569.73,0,3.0
3481,1209,car,826.87,636.59,871.97,695.3,1,10.0
3481,1023,car,745.8,518.56,783.65,569.02,0,3.0
3482,1209,car,825.81,635.08,871.33,695.01,1,10.0
3482,1023,car,745.41,517.22,784.58,569.35,0,3.0
3483,1209,car,824.8,634.71,870.61,694.27,1,10.0
3483,1023,car,745.34,517.37,782.82,567.67,0,3.0
3484,1209,car,823.61,633.67,869.9,693.35,1,10.0
3484,1023,car,745.13,516.59,782.55,567.03,0,3.0
3485,1209,car,822.53,633.19,869.02,692.36,1,10.0
3485,1023,car,744.82,515.73,782.46,566.81,0,3.0
3486,1209,car,821.61,632.45,868.09,691.18,1,10.0
3486,1023,car,744.56,514.9,782.24,566.0,0,3.0
3487,1209,car,820.81,631.4,867.29,690.59,1,10.0
3487,1023,car,744.27,514.1,781.87,565.54,0,3.0
3488,1209,car,819.46,630.6,866.46,689.89,1,10.0
3488,1023,car,743.9,513.4,781.48,565.12,0,3.0
3489,1209,car,818.4,629.91,865.64,688.93,1,10.0
3489,1023,car,743.58,512.78,781.02,564.65,0,3.0
3490,1209,car,817.5,628.93,864.76,687.41,1,10.0
3490,1023,car,743.26,512.25,780.57,564.09,0,3.0
3491,1209,car,816.45,625.6,864.53,686.51,1,10.0
3491,1023,car,742.98,511.69,780.05,563.24,0,3.0
3492,1209,car,815.51,622.41,865.32,685.54,1,10.0
3492,1023,car,742.63,511.07,779.53,562.55,0,3.0
3493,1209,car,814.74,620.59,865.72,684.54,1,10.0
3493,1023,car,742.24,510.53,779.17,561.54,0,3.0
3494,1209,car,813.9,620.14,863.93,683.91,1,10.0
3494,1023,car,741.94,509.87,778.85,560.83,0,3.0
3495,1209,car,813.51,621.49,862.25,683.19,1,10.0
3495,1023,car,741.67,509.1,778.48,559.7,0,3.0
3496,1209,car,812.95,622.09,860.91,682.66,1,10.0
3496,1023,car,741.41,508.37,778.16,558.65,0,3.0
3497,1209,car,812.39,622.23,862.65,682.15,1,10.0
3497,1023,car,741.12,507.65,777.72,557.82,0,3.0
3498,1209,car,811.8,622.15,863.03,681.59,1,10.0
3498,1023,car,740.9,506.98,777.45,557.18,0,3.0
3499,1209,car,811.07,621.74,862.73,681.02,1,10.0
3499,1023,car,740.64,506.24,777.11,556.5,0,3.0
3500,1209,car,810.17,620.8,857.7,680.74,1,10.0
3500,1023,car,739.23,503.58,782.42,561.7,0,3.0
3501,1209,car,809.53,620.0,862.07,679.88,1,10.0
3501,1023,car,739.12,503.23,782.94,561.58,0,3.0
3502,1209,car,808.81,619.07,861.67,679.07,1,10.0
3502,1023,car,739.1,502.46,784.11,561.23,0,3.0
3503,1209,car,808.37,618.52,861.44,678.59,1,10.0
3503,1023,car,739.43,502.68,783.07,558.58,0,3.0
3504,1209,car,807.72,617.79,860.87,677.67,1,10.0
3504,1023,car,739.34,502.27,781.91,556.64,0,3.0
3505,1209,car,807.07,617.02,860.39,676.45,1,10.0
3505,1023,car,739.09,501.87,781.6,556.95,0,3.0
3506,1209,car,806.34,616.42,859.82,675.61,1,10.0
3506,1023,car,738.96,501.32,781.26,557.06,0,3.0
3507,1209,car,805.62,615.82,859.21,674.78,1,10.0
3507,1023,car,738.7,500.86,779.32,554.98,0,3.0
3508,1209,car,804.76,613.78,851.03,673.26,1,10.0
3508,1023,car,738.51,500.56,777.4,553.58,0,3.0
3509,1209,car,804.09,614.39,858.27,672.03,1,10.0
3509,1023,car,738.41,500.11,775.89,552.19,0,3.0
3510,1209,car,803.14,613.28,849.42,671.61,1,10.0
3510,1023,car,738.44,499.51,777.19,551.18,0,3.0
3511,1209,car,802.38,612.66,848.53,669.21,1,10.0
3511,1023,car,737.96,497.99,779.98,554.03,0,3.0
3512,1209,car,801.72,611.9,847.65,668.92,1,10.0
3512,1023,car,737.97,498.07,775.99,549.4,0,3.0
3513,1209,car,800.98,610.74,846.95,668.53,1,10.0
3513,1023,car,737.77,497.54,774.52,548.24,0,3.0
3514,1209,car,800.11,609.55,846.32,668.01,1,10.0
3514,1023,car,737.61,496.93,773.61,547.31,0,3.0
3515,1209,car,799.41,608.82,845.93,667.35,1,10.0
3515,1023,car,737.55,496.17,772.94,546.15,0,3.0
3516,1209,car,798.65,607.91,845.45,666.38,1,10.0
3516,1023,car,737.26,495.56,772.57,545.26,0,3.0
3517,1209,car,797.81,606.94,844.59,665.4,1,10.0
3517,1023,car,736.21,493.87,776.63,550.47,0,3.0
3518,1209,car,796.98,606.04,843.79,664.7,1,10.0
3518,1023,car,736.61,494.25,772.81,546.67,0,3.0
3519,1209,car,796.01,605.14,842.74,662.36,1,10.0
3519,1023,car,736.37,493.71,772.17,545.7,0,3.0
3520,1209,car,795.44,604.4,841.48,662.3,1,10.0
3520,1023,car,735.22,492.06,774.83,550.12,0,3.0
3521,1209,car,794.52,603.47,840.25,661.95,1,10.0
3521,1023,car,735.92,492.64,771.34,544.52,0,3.0
3522,1209,car,793.69,602.46,839.25,661.48,1,10.0
3522,1023,car,735.71,492.03,771.02,543.79,0,3.0
3523,1209,car,792.7,601.4,838.36,660.77,1,10.0
3523,1023,car,735.57,491.35,770.78,542.59,0,3.0
3524,1209,car,792.1,600.21,837.74,660.14,1,10.0
3524,1023,car,735.37,490.69,770.55,541.52,0,3.0
3525,1209,car,791.12,599.03,837.95,659.2,1,10.0
3525,1023,car,733.55,489.82,772.18,546.82,0,3.0
3526,1209,car,790.43,597.7,838.47,658.32,1,10.0
3526,1023,car,733.16,488.91,771.83,547.28,0,3.0
3527,1209,car,789.9,597.07,836.76,657.59,1,10.0
3527,1023,car,732.83,488.29,771.5,547.27,0,3.0
3528,1209,car,789.22,596.2,835.98,656.91,1,10.0
3528,1023,car,732.78,488.15,771.1,547.13,0,3.0
3529,1209,car,788.55,595.18,836.42,655.98,1,10.0
3529,1023,car,733.1,488.15,770.71,546.46,0,3.0
3530,1209,car,787.88,593.84,837.16,655.21,1,10.0
3530,1023,car,733.29,487.71,770.6,546.35,0,3.0
3531,1209,car,786.89,593.1,835.58,654.25,1,10.0
3531,1023,car,733.01,487.33,770.51,545.75,0,3.0
3532,1209,car,786.23,592.21,835.41,652.76,1,10.0
3532,1023,car,732.58,486.63,770.42,544.95,0,3.0
3533,1209,car,785.29,591.39,833.19,651.92,1,10.0
3533,1023,car,732.4,486.01,770.48,544.02,0,3.0
3534,1209,car,784.74,590.43,834.97,650.79,1,10.0
3534,1023,car,732.49,485.78,770.56,543.45,0,3.0
3535,1209,car,784.15,588.72,835.75,649.93,1,10.0
3535,1023,car,732.23,484.79,770.34,542.43,0,3.0
3536,1209,car,783.42,587.4,836.04,648.96,1,10.0
3536,1023,car,731.85,484.12,770.44,542.24,0,3.0
3537,1209,car,782.76,586.21,836.62,648.06,1,10.0
3537,1023,car,731.44,483.14,770.42,541.72,0,3.0
3537,1209,car,782.76,586.21,836.62,648.06,1,10.0
3537,1293,motorcycle,773.86,475.4,784.92,493.49,0,3.0
3538,1209,car,781.52,586.65,826.61,647.27,1,10.0
3538,1023,car,731.21,482.18,770.39,541.38,0,3.0
3538,1209,car,781.52,586.65,826.61,647.27,1,10.0
3538,1293,motorcycle,773.46,473.46,784.48,492.37,0,3.0
3539,1209,car,780.72,585.5,825.5,646.09,1,10.0
3539,1023,car,731.21,481.44,770.38,541.29,0,3.0
3539,1209,car,780.72,585.5,825.5,646.09,1,10.0
3539,1293,motorcycle,772.01,472.49,784.45,502.49,0,3.0
3540,1209,car,779.98,584.36,824.51,645.01,1,10.0
3540,1023,car,731.26,479.57,770.83,540.52,0,3.0
3540,1209,car,779.98,584.36,824.51,645.01,1,10.0
3540,1293,motorcycle,772.66,471.61,784.05,495.0,0,3.0
3541,1209,car,779.2,583.17,823.48,643.58,1,10.0
3541,1023,car,730.84,478.63,770.93,539.95,0,3.0
3541,1209,car,779.2,583.17,823.48,643.58,1,10.0
3541,1293,motorcycle,763.79,470.46,784.36,501.16,0,3.0
3542,1209,car,778.41,582.03,823.94,642.72,1,10.0
3542,1023,car,730.58,478.3,770.28,539.01,0,3.0
3542,1209,car,778.41,582.03,823.94,642.72,1,10.0
3542,1293,motorcycle,765.3,469.08,784.52,500.65,0,3.0
3543,1209,car,777.67,580.83,823.31,641.72,1,10.0
3543,1023,car,730.27,477.76,769.76,538.47,0,3.0
3543,1209,car,777.67,580.83,823.31,641.72,1,10.0
3543,1293,motorcycle,763.34,468.02,783.95,500.94,0,3.0
3544,1209,car,776.97,579.72,822.6,640.68,1,10.0
3544,1023,car,730.16,477.32,770.23,537.89,0,3.0
3544,1209,car,776.97,579.72,822.6,640.68,1,10.0
3544,1293,motorcycle,762.6,466.1,783.66,500.41,0,3.0
3545,1209,car,776.31,578.72,821.91,639.45,1,10.0
3545,1023,car,730.24,476.78,770.53,537.32,0,3.0
3545,1209,car,776.31,578.72,821.91,639.45,1,10.0
3545,1293,motorcycle,764.47,464.9,783.55,499.02,0,3.0
3546,1209,car,775.84,577.6,821.23,638.54,1,10.0
3546,1023,car,730.33,476.31,770.77,536.67,0,3.0
3546,1209,car,775.84,577.6,821.23,638.54,1,10.0
3546,1293,motorcycle,764.23,463.66,783.66,497.71,0,3.0
3547,1209,car,775.26,576.48,820.51,637.59,1,10.0
3547,1023,car,730.08,476.02,768.33,535.79,0,3.0
3547,1209,car,775.26,576.48,820.51,637.59,1,10.0
3547,1293,motorcycle,764.34,463.15,783.9,497.19,0,3.0
3548,1209,car,774.55,575.35,819.54,636.61,1,10.0
3548,1023,car,730.21,475.76,768.12,535.71,0,3.0
3548,1209,car,774.55,575.35,819.54,636.61,1,10.0
3548,1293,motorcycle,764.37,462.2,783.63,495.74,0,3.0
3549,1209,car,773.79,574.27,818.49,635.17,1,10.0
3549,1023,car,730.22,475.41,767.88,535.61,0,3.0
3549,1209,car,773.79,574.27,818.49,635.17,1,10.0
3549,1293,motorcycle,764.9,461.17,783.46,493.84,0,3.0
3550,1209,car,772.97,573.06,817.29,632.63,1,10.0
3550,1023,car,730.32,474.88,767.6,535.16,0,3.0
3550,1209,car,772.97,573.06,817.29,632.63,1,10.0
3550,1293,motorcycle,761.93,459.47,783.37,499.82,0,3.0
3551,1209,car,772.18,571.97,816.35,631.78,1,10.0
3551,1023,car,730.55,474.53,768.0,534.87,0,3.0
3551,1209,car,772.18,571.97,816.35,631.78,1,10.0
3551,1293,motorcycle,763.29,458.13,782.96,495.09,0,3.0
3552,1209,car,771.49,571.04,815.44,631.38,1,10.0
3552,1023,car,730.76,474.48,768.13,534.14,0,3.0
3552,1209,car,771.49,571.04,815.44,631.38,1,10.0
3552,1293,motorcycle,766.54,456.63,782.28,489.78,0,3.0
3553,1209,car,770.79,569.87,814.72,630.8,1,10.0
3553,1023,car,730.63,473.78,768.27,533.58,0,3.0
3553,1209,car,770.79,569.87,814.72,630.8,1,10.0
3553,1293,motorcycle,767.54,455.71,781.57,487.47,0,3.0
3554,1209,car,770.16,568.67,814.21,630.06,1,10.0
3554,1023,car,730.03,473.37,768.92,532.87,0,3.0
3554,1209,car,770.16,568.67,814.21,630.06,1,10.0
3554,1293,motorcycle,767.66,454.24,780.88,485.86,0,3.0
3555,1209,car,769.56,567.65,813.79,629.42,1,10.0
3555,1023,car,729.6,473.17,768.3,532.27,0,3.0
3555,1209,car,769.56,567.65,813.79,629.42,1,10.0
3555,1293,motorcycle,767.46,453.05,780.36,484.43,0,3.0
3556,1209,car,769.03,566.72,813.22,628.48,1,10.0
3556,1023,car,729.04,472.51,768.8,531.83,0,3.0
3556,1209,car,769.03,566.72,813.22,628.48,1,10.0
3556,1293,motorcycle,766.87,452.01,780.04,483.65,0,3.0
3557,1209,car,768.36,565.65,812.59,627.32,1,10.0
3557,1023,car,728.57,471.9,768.79,530.72,0,3.0
3557,1209,car,768.36,565.65,812.59,627.32,1,10.0
3557,1293,motorcycle,765.11,451.04,780.11,482.96,0,3.0
3558,1209,car,767.89,564.62,811.95,625.92,1,10.0
3558,1023,car,728.3,471.12,768.78,529.04,0,3.0
3558,1209,car,767.89,564.62,811.95,625.92,1,10.0
3558,1293,motorcycle,764.26,449.61,779.54,481.16,0,3.0
3559,1209,car,767.25,563.61,811.11,624.38,1,10.0
3559,1023,car,727.73,470.28,768.9,528.02,0,3.0
3559,1209,car,767.25,563.61,811.11,624.38,1,10.0
3559,1293,motorcycle,763.2,448.77,778.99,479.82,0,3.0
3560,1209,car,766.58,562.66,810.5,623.55,1,10.0
3560,1023,car,727.46,469.58,769.16,527.25,0,3.0
3560,1209,car,766.58,562.66,810.5,623.55,1,10.0
3560,1293,motorcycle,762.41,447.97,778.6,478.92,0,3.0
3561,1209,car,765.99,561.68,810.08,622.69,1,10.0
3561,1023,car,727.33,468.7,769.24,526.25,0,3.0
3561,1209,car,765.99,561.68,810.08,622.69,1,10.0
3561,1293,motorcycle,761.51,447.85,778.09,477.93,0,3.0
3562,1209,car,765.41,560.58,809.42,621.8,1,10.0
3562,1023,car,727.16,468.01,769.2,524.68,0,3.0
3562,1209,car,765.41,560.58,809.42,621.8,1,10.0
3562,1293,motorcycle,759.99,446.8,777.66,477.09,0,3.0
3563,1209,car,764.89,559.56,808.98,620.8,1,10.0
3563,1023,car,727.51,468.18,767.36,522.28,0,3.0
3563,1209,car,764.89,559.56,808.98,620.8,1,10.0
3563,1293,motorcycle,759.32,445.95,777.24,476.1,0,3.0
3564,1209,car,764.24,558.61,808.32,619.82,1,10.0
3564,1023,car,726.52,467.39,768.9,520.97,0,3.0
3564,1209,car,764.24,558.61,808.32,619.82,1,10.0
3564,1293,motorcycle,759.91,445.02,776.69,475.14,0,3.0
3565,1209,car,763.77,557.71,807.8,618.62,1,10.0
3565,1023,car,726.31,467.18,768.85,519.96,0,3.0
3565,1209,car,763.77,557.71,807.8,618.62,1,10.0
3565,1293,motorcycle,759.45,443.95,776.08,474.01,0,3.0
3566,1209,car,763.17,556.65,807.06,617.72,1,10.0
3566,1023,car,726.36,466.95,769.54,519.2,0,3.0
3566,1209,car,763.17,556.65,807.06,617.72,1,10.0
3566,1293,motorcycle,758.16,442.63,775.17,472.88,0,3.0
3567,1209,car,762.64,555.61,806.27,616.8,1,10.0
3567,1023,car,726.65,466.78,769.74,519.97,0,3.0
3567,1209,car,762.64,555.61,806.27,616.8,1,10.0
3567,1293,motorcycle,756.77,441.04,774.23,471.47,0,3.0
3568,1209,car,762.16,554.46,805.14,612.66,1,10.0
3568,1023,car,726.55,466.4,769.6,519.6,0,3.0
3568,1209,car,762.16,554.46,805.14,612.66,1,10.0
3568,1293,motorcycle,756.32,439.64,774.15,470.3,0,3.0
3569,1209,car,761.67,553.38,804.47,610.43,1,10.0
3569,1023,car,726.2,465.63,769.54,519.22,0,3.0
3569,1209,car,761.67,553.38,804.47,610.43,1,10.0
3569,1293,motorcycle,756.68,438.57,773.48,469.01,0,3.0
3570,1209,car,761.22,552.61,804.0,611.99,1,10.0
3570,1023,car,726.29,465.34,770.04,518.9,0,3.0
3570,1209,car,761.22,552.61,804.0,611.99,1,10.0
3570,1293,motorcycle,755.24,437.43,772.78,467.78,0,3.0
3571,1209,car,760.75,551.56,803.15,610.78,1,10.0
3571,1023,car,726.1,465.15,770.58,521.89,0,3.0
3571,1209,car,760.75,551.56,803.15,610.78,1,10.0
3571,1293,motorcycle,753.27,436.43,772.48,466.71,0,3.0
3572,1209,car,760.11,550.19,801.92,605.46,1,10.0
3572,1023,car,725.47,464.64,770.44,521.79,0,3.0
3572,1209,car,760.11,550.19,801.92,605.46,1,10.0
3572,1293,motorcycle,752.42,435.19,771.48,465.65,0,3.0
3573,1209,car,759.45,549.1,801.4,604.08,1,10.0
3573,1023,car,724.76,463.95,770.4,520.25,0,3.0
3573,1209,car,759.45,549.1,801.4,604.08,1,10.0
3573,1293,motorcycle,752.91,434.02,770.7,464.44,0,3.0
3574,1209,car,759.04,548.04,800.91,602.49,1,10.0
3574,1023,car,724.54,463.3,770.72,519.98,0,3.0
3574,1209,car,759.04,548.04,800.91,602.49,1,10.0
3574,1293,motorcycle,753.21,433.31,770.27,463.39,0,3.0
3575,1209,car,758.63,547.42,800.69,604.69,1,10.0
3575,1023,car,724.33,462.67,770.15,519.62,0,3.0
3575,1209,car,758.63,547.42,800.69,604.69,1,10.0
3575,1293,motorcycle,752.95,432.19,769.2,462.16,0,3.0
3576,1209,car,758.15,546.64,800.24,605.63,1,10.0
3576,1023,car,723.8,461.86,769.41,518.94,0,3.0
3576,1209,car,758.15,546.64,800.24,605.63,1,10.0
3576,1293,motorcycle,752.26,431.15,768.16,460.97,0,3.0
3577,1209,car,757.72,545.91,799.91,605.95,1,10.0
3577,1023,car,723.49,461.25,768.18,517.6,0,3.0
3577,1209,car,757.72,545.91,799.91,605.95,1,10.0
3577,1293,motorcycle,751.62,430.13,767.14,459.41,0,3.0
3578,1209,car,757.23,545.13,799.65,605.53,1,10.0
3578,1023,car,722.91,460.22,767.69,517.82,0,3.0
3578,1209,car,757.23,545.13,799.65,605.53,1,10.0
3578,1293,motorcycle,751.14,428.29,766.46,458.36,0,3.0
3579,1209,car,756.71,544.4,799.44,605.16,1,10.0
3579,1023,car,722.79,459.99,767.28,518.1,0,3.0
3579,1209,car,756.71,544.4,799.44,605.16,1,10.0
3579,1293,motorcycle,750.43,426.95,765.8,457.03,0,3.0
3580,1209,car,756.16,543.7,798.91,604.6,1,10.0
3580,1023,car,722.66,459.57,765.27,516.82,0,3.0
3580,1209,car,756.16,543.7,798.91,604.6,1,10.0
3580,1293,motorcycle,749.51,425.57,765.19,455.91,0,3.0
3581,1209,car,755.55,542.67,797.9,596.37,1,10.0
3581,1023,car,722.91,459.08,763.95,516.69,0,3.0
3581,1209,car,755.55,542.67,797.9,596.37,1,10.0
3581,1293,motorcycle,748.6,424.62,764.75,454.61,0,3.0
3582,1209,car,754.92,541.91,797.3,595.05,1,10.0
3582,1023,car,723.14,458.69,762.92,517.17,0,3.0
3582,1209,car,754.92,541.91,797.3,595.05,1,10.0
3582,1293,motorcycle,747.95,423.66,764.17,453.72,0,3.0
3583,1209,car,754.3,541.1,796.95,596.01,1,10.0
3583,1023,car,723.12,458.5,762.28,517.05,0,3.0
3583,1209,car,754.3,541.1,796.95,596.01,1,10.0
3583,1293,motorcycle,747.21,422.46,763.3,452.42,0,3.0
3584,1209,car,753.92,540.28,796.41,592.67,1,10.0
3584,1023,car,723.11,458.13,761.87,516.62,0,3.0
3584,1209,car,753.92,540.28,796.41,592.67,1,10.0
3584,1293,motorcycle,746.55,421.16,762.54,450.99,0,3.0
3585,1209,car,753.42,539.34,795.98,591.48,1,10.0
3585,1023,car,723.37,457.57,762.0,516.32,0,3.0
3585,1209,car,753.42,539.34,795.98,591.48,1,10.0
3585,1293,motorcycle,745.98,428.13,761.26,449.72,0,3.0
3586,1209,car,752.9,538.47,795.6,593.23,1,10.0
3586,1023,car,723.29,457.04,761.41,515.59,0,3.0
3586,1209,car,752.9,538.47,795.6,593.23,1,10.0
3586,1293,motorcycle,745.44,429.92,760.37,448.53,0,3.0
3587,1209,car,752.53,537.65,795.11,589.79,1,10.0
3587,1023,car,722.97,456.26,760.8,512.2,0,3.0
3587,1209,car,752.53,537.65,795.11,589.79,1,10.0
3587,1293,motorcycle,744.41,428.75,759.72,447.47,0,3.0
3588,1209,car,752.03,536.88,794.62,588.9,1,10.0
3588,1023,car,722.82,455.73,760.55,511.32,0,3.0
3588,1209,car,752.03,536.88,794.62,588.9,1,10.0
3588,1293,motorcycle,743.97,428.61,758.88,445.8,0,3.0
3589,1209,car,751.56,536.12,794.18,588.06,1,10.0
3589,1023,car,722.84,455.33,760.03,510.88,0,3.0
3589,1209,car,751.56,536.12,794.18,588.06,1,10.0
3589,1293,motorcycle,742.89,428.03,758.04,445.13,0,3.0
3590,1209,car,751.11,535.41,793.64,587.53,1,10.0
3590,1023,car,722.87,454.84,759.52,511.86,0,3.0
3590,1209,car,751.11,535.41,793.64,587.53,1,10.0
3590,1293,motorcycle,741.94,419.15,757.66,443.8,0,3.0
3591,1209,car,750.58,534.64,793.13,587.48,1,10.0
3591,1023,car,722.46,454.5,759.32,512.29,0,3.0
3591,1209,car,750.58,534.64,793.13,587.48,1,10.0
3591,1293,motorcycle,741.13,414.88,757.01,441.76,0,3.0
3592,1209,car,750.09,533.92,792.59,586.94,1,10.0
3592,1023,car,722.46,454.11,759.17,511.69,0,3.0
3592,1209,car,750.09,533.92,792.59,586.94,1,10.0
3592,1293,motorcycle,740.73,416.22,756.41,441.17,0,3.0
3593,1209,car,749.65,533.17,792.24,586.04,1,10.0
3593,1023,car,722.47,453.68,759.0,511.38,0,3.0
3593,1209,car,749.65,533.17,792.24,586.04,1,10.0
3593,1293,motorcycle,740.19,420.08,755.13,440.29,0,3.0
3594,1209,car,749.21,532.42,791.82,585.61,1,10.0
3594,1023,car,722.59,453.22,758.99,511.3,0,3.0
3594,1209,car,749.21,532.42,791.82,585.61,1,10.0
3594,1293,motorcycle,739.26,413.65,754.61,438.08,0,3.0
3595,1209,car,748.79,531.69,791.62,585.65,1,10.0
3595,1023,car,722.7,452.74,758.96,511.25,0,3.0
3595,1209,car,748.79,531.69,791.62,585.65,1,10.0
3595,1293,motorcycle,738.35,410.17,753.95,435.72,0,3.0
3596,1209,car,748.34,531.04,791.21,585.24,1,10.0
3596,1023,car,722.65,452.2,758.76,511.2,0,3.0
3596,1209,car,748.34,531.04,791.21,585.24,1,10.0
3596,1293,motorcycle,737.83,408.78,753.49,435.62,0,3.0
3597,1209,car,747.75,530.22,790.4,583.56,1,10.0
3597,1023,car,723.73,451.5,758.66,511.23,0,3.0
3598,1209,car,747.27,529.43,789.65,581.96,1,10.0
3598,1023,car,724.37,450.88,758.59,510.93,0,3.0
3599,1209,car,746.83,528.28,788.93,580.66,1,10.0
3599,1023,car,722.41,450.44,758.26,510.75,0,3.0
3600,1209,car,746.35,528.08,788.69,580.03,1,10.0
3600,1023,car,721.92,449.99,757.95,509.63,0,3.0
3601,1209,car,745.95,527.45,788.34,579.02,1,10.0
3601,1023,car,721.74,449.49,757.73,509.29,0,3.0
3602,1209,car,745.55,526.58,788.02,578.23,1,10.0
3602,1023,car,721.49,448.99,757.73,507.52,0,3.0
3603,1209,car,745.08,525.87,787.66,577.36,1,10.0
3603,1023,car,721.69,448.65,757.91,509.12,0,3.0
3604,1209,car,744.72,525.35,787.11,576.67,1,10.0
3604,1023,car,721.61,448.31,757.78,508.69,0,3.0
3605,1209,car,744.38,524.77,786.67,576.43,1,10.0
3605,1023,car,721.74,447.8,757.85,508.1,0,3.0
3606,1209,car,743.97,524.18,786.2,575.53,1,10.0
3606,1023,car,721.94,447.34,757.75,507.58,0,3.0
3607,1209,car,743.56,523.56,785.75,574.81,1,10.0
3607,1023,car,722.23,446.82,757.96,506.82,0,3.0
3608,1209,car,743.19,522.99,785.43,574.32,1,10.0
3608,1023,car,722.36,446.17,758.28,506.46,0,3.0
3609,1209,car,742.72,522.3,785.06,573.81,1,10.0
3609,1023,car,722.47,445.55,758.49,505.72,0,3.0
3610,1209,car,742.35,521.58,784.59,573.52,1,10.0
3610,1023,car,722.18,444.87,758.23,504.81,0,3.0
3611,1209,car,741.9,520.87,784.12,573.28,1,10.0
3611,1023,car,721.8,444.25,757.98,504.28,0,3.0
3612,1209,car,741.54,520.07,783.68,572.37,1,10.0
3612,1023,car,721.58,443.84,757.81,504.23,0,3.0
3613,1209,car,741.12,519.24,783.34,571.52,1,10.0
3613,1023,car,721.56,443.37,757.66,503.97,0,3.0
3614,1209,car,740.8,513.35,783.0,570.75,1,10.0
3614,1023,car,721.43,442.93,757.23,502.34,0,3.0
3615,1209,car,740.39,514.52,782.59,570.32,1,10.0
3615,1023,car,721.1,442.33,756.82,502.44,0,3.0
3616,1209,car,740.12,515.05,782.21,569.4,1,10.0
3616,1023,car,720.83,441.84,755.95,501.12,0,3.0
3617,1209,car,739.79,515.16,781.83,569.14,1,10.0
3617,1023,car,720.56,441.36,755.46,500.45,0,3.0
3618,1209,car,739.57,515.71,781.62,569.38,1,10.0
3618,1023,car,720.3,440.64,755.99,500.54,0,3.0
3619,1209,car,739.32,514.97,781.26,568.44,1,10.0
3619,1023,car,719.9,440.11,755.34,499.64,0,3.0
3620,1209,car,738.95,514.3,780.77,568.49,1,10.0
3620,1023,car,719.39,439.2,755.46,499.05,0,3.0
3621,1209,car,738.72,513.68,780.35,567.82,1,10.0
3621,1023,car,720.06,439.08,755.01,497.53,0,3.0
3622,1209,car,738.48,513.04,780.05,568.05,1,10.0
3622,1023,car,719.52,438.36,754.94,497.25,0,3.0
3623,1209,car,738.3,511.83,779.74,569.36,1,10.0
3623,1023,car,719.75,438.12,754.93,497.37,0,3.0
3624,1209,car,738.04,511.41,779.3,569.6,1,10.0
3624,1023,car,719.78,437.4,754.97,497.33,0,3.0
3625,1209,car,737.77,510.96,778.98,569.99,1,10.0
3625,1023,car,719.7,437.03,755.06,496.97,0,3.0
3626,1209,car,737.49,510.7,778.77,571.19,1,10.0
3626,1023,car,719.86,436.38,754.7,496.4,0,3.0
3627,1209,car,737.28,509.98,778.36,570.78,1,10.0
3627,1023,car,719.84,435.5,754.24,495.76,0,3.0
3628,1209,car,737.09,509.16,777.89,569.17,1,10.0
3628,1023,car,719.9,434.92,754.3,494.96,0,3.0
3629,1209,car,736.8,508.06,777.46,567.22,1,10.0
3629,1023,car,719.95,434.24,754.35,494.88,0,3.0
3630,1209,car,521.49,500.86,563.55,533.71,1,10.0
3630,1023,car,720.04,433.57,754.39,494.28,0,3.0
3631,1209,car,523.36,501.34,564.94,533.78,1,10.0
3631,1023,car,720.01,432.99,754.32,493.77,0,3.0
3632,1209,car,525.56,500.97,567.03,533.84,1,10.0
3632,1023,car,719.81,432.55,754.1,493.26,0,3.0
4981,1787,car,924.88,453.07,958.65,474.41,1,10.0
4981,1765,car,684.27,506.68,734.13,542.18,0,3.0
4982,1787,car,924.82,452.78,958.63,474.0,1,10.0
4982,1765,car,683.85,506.09,734.38,542.0,0,3.0
4983,1787,car,924.91,452.6,958.64,474.13,1,10.0
4983,1765,car,683.77,505.03,734.66,541.44,0,3.0
4984,1787,car,924.81,452.51,958.66,474.31,1,10.0
4984,1765,car,684.21,505.24,734.79,541.46,0,3.0
4985,1787,car,924.7,452.5,958.75,475.3,1,10.0
4985,1765,car,684.78,505.23,735.09,541.71,0,3.0
4986,1787,car,924.54,452.55,958.73,475.35,1,10.0
4986,1765,car,685.24,504.96,735.26,541.49,0,3.0
4987,1787,car,924.53,452.56,958.73,475.38,1,10.0
4987,1765,car,685.62,504.97,735.54,541.46,0,3.0
4988,1787,car,924.51,452.57,958.71,475.2,1,10.0
4988,1765,car,685.88,505.34,735.79,541.63,0,3.0
4989,1787,car,924.47,452.56,958.71,475.15,1,10.0
4989,1765,car,685.96,505.61,736.11,541.79,0,3.0
4990,1787,car,924.43,452.59,958.74,475.07,1,10.0
4990,1765,car,686.06,506.01,736.35,541.85,0,3.0
4991,1787,car,924.36,452.62,958.73,475.05,1,10.0
4991,1765,car,686.39,506.31,736.62,541.83,0,3.0
4992,1787,car,924.35,452.63,958.7,475.0,1,10.0
4992,1765,car,686.42,506.65,736.79,541.85,0,3.0
4993,1787,car,924.5,452.76,958.68,475.38,1,10.0
4993,1765,car,686.33,506.93,736.94,542.04,0,3.0
4994,1787,car,924.42,452.82,958.67,475.65,1,10.0
4994,1765,car,687.03,506.9,737.36,541.99,0,3.0
4995,1787,car,924.45,452.86,958.64,475.81,1,10.0
4995,1765,car,687.7,507.63,737.69,540.95,0,3.0
4996,1787,car,924.46,452.88,958.62,475.91,1,10.0
4996,1765,car,688.27,508.14,737.95,539.38,0,3.0
4997,1787,car,924.42,452.9,958.6,475.92,1,10.0
4997,1765,car,688.48,508.6,738.18,540.27,0,3.0
4998,1787,car,924.42,452.92,958.56,476.0,1,10.0
4998,1765,car,688.55,508.92,738.42,541.35,0,3.0
4999,1787,car,924.37,452.95,958.53,476.07,1,10.0
4999,1765,car,688.72,509.09,738.69,541.99,0,3.0
5000,1787,car,924.32,452.95,958.48,476.09,1,10.0
5000,1765,car,688.88,509.04,739.02,542.25,0,3.0
5001,1787,car,924.33,452.95,958.43,476.08,1,10.0
5001,1765,car,689.12,508.77,739.34,541.93,0,3.0
5002,1787,car,924.4,452.94,958.42,475.95,1,10.0
5002,1765,car,689.39,508.48,739.66,541.1,0,3.0
5003,1787,car,924.35,452.95,958.42,475.86,1,10.0
5003,1765,car,689.68,508.21,739.97,540.18,0,3.0
5004,1787,car,924.4,452.92,958.4,475.71,1,10.0
5004,1765,car,689.93,508.01,740.19,539.26,0,3.0
5005,1787,car,922.88,452.87,958.39,480.28,1,10.0
5005,1765,car,690.16,507.91,740.42,538.62,0,3.0
5006,1787,car,923.45,452.67,958.39,478.47,1,10.0
5006,1765,car,690.32,508.0,740.62,540.03,0,3.0
5007,1787,car,923.87,452.62,958.39,477.62,1,10.0
5007,1765,car,690.44,508.07,740.85,541.01,0,3.0
5008,1787,car,924.12,452.59,958.41,477.12,1,10.0
5008,1765,car,690.6,508.04,741.12,541.38,0,3.0
5009,1787,car,924.31,452.56,958.44,476.93,1,10.0
5009,1765,car,691.06,507.81,741.37,538.72,0,3.0
5010,1787,car,924.09,452.62,958.47,478.89,1,10.0
5010,1765,car,691.29,507.65,741.51,537.4,0,3.0
5011,1787,car,924.11,452.56,958.51,479.05,1,10.0
5011,1765,car,691.61,507.55,741.68,535.96,0,3.0
5012,1787,car,924.18,452.61,958.57,479.05,1,10.0
5012,1765,car,691.74,507.66,741.8,538.5,0,3.0
5013,1787,car,924.3,452.63,958.62,478.9,1,10.0
5013,1765,car,691.97,507.74,741.94,539.94,0,3.0
5014,1787,car,924.35,452.61,958.59,478.82,1,10.0
5014,1765,car,692.19,507.38,741.86,540.63,0,3.0
5015,1787,car,924.41,452.61,958.6,478.72,1,10.0
5015,1765,car,692.29,507.39,742.02,541.22,0,3.0
5016,1787,car,924.45,452.59,958.6,478.49,1,10.0
5016,1765,car,692.36,507.64,742.22,540.3,0,3.0
5017,1787,car,924.4,452.57,958.5,478.36,1,10.0
5017,1765,car,692.23,507.31,742.28,540.9,0,3.0
5018,1787,car,924.17,452.59,958.42,478.15,1,10.0
5018,1765,car,692.11,507.35,742.49,541.15,0,3.0
5019,1787,car,924.02,452.69,958.35,478.78,1,10.0
5019,1765,car,692.12,507.48,742.59,541.26,0,3.0
5020,1787,car,923.86,452.78,958.3,479.35,1,10.0
5020,1765,car,692.04,507.44,742.48,541.53,0,3.0
5021,1787,car,923.48,452.86,958.22,479.79,1,10.0
5021,1765,car,692.13,507.08,742.48,541.6,0,3.0
5022,1787,car,923.52,452.92,958.19,479.61,1,10.0
5022,1765,car,692.33,506.68,742.5,541.49,0,3.0
5023,1787,car,923.37,452.85,958.2,479.69,1,10.0
5023,1765,car,692.48,506.45,743.09,541.44,0,3.0
5024,1787,car,923.55,452.79,958.23,479.4,1,10.0
5024,1765,car,692.58,506.56,743.0,541.42,0,3.0
5024,1787,car,923.55,452.79,958.23,479.4,1,10.0
5024,1783,motorcycle,773.0,626.3,793.33,645.56,0,3.0
5025,1787,car,923.58,452.8,958.22,479.68,1,10.0
5025,1765,car,692.65,506.66,743.05,541.54,0,3.0
5025,1787,car,923.58,452.8,958.22,479.68,1,10.0
5025,1783,motorcycle,770.86,624.81,790.83,643.9,0,3.0
5026,1787,car,923.42,452.83,958.22,479.93,1,10.0
5026,1765,car,692.71,506.7,743.01,541.38,0,3.0
5026,1787,car,923.42,452.83,958.22,479.93,1,10.0
5026,1783,motorcycle,768.84,623.06,788.64,641.26,0,3.0
5027,1787,car,923.93,452.76,958.17,478.02,1,10.0
5027,1765,car,692.65,506.51,743.18,541.03,0,3.0
5028,1787,car,924.25,452.7,958.17,476.8,1,10.0
5028,1765,car,692.7,506.2,743.18,540.7,0,3.0
5028,1787,car,924.25,452.7,958.17,476.8,1,10.0
5028,1783,motorcycle,764.58,620.38,784.91,638.56,0,3.0
5029,1787,car,924.47,452.68,958.17,476.18,1,10.0
5029,1765,car,692.63,506.0,743.07,540.57,0,3.0
5029,1787,car,924.47,452.68,958.17,476.18,1,10.0
5029,1783,motorcycle,762.43,619.2,783.24,639.57,0,3.0
5030,1787,car,924.4,452.73,958.18,476.79,1,10.0
5030,1765,car,692.58,506.02,743.07,540.43,0,3.0
5031,1787,car,924.33,452.7,958.19,476.69,1,10.0
5031,1765,car,692.43,506.15,743.1,540.38,0,3.0
5032,1787,car,924.28,452.73,958.19,476.9,1,10.0
5032,1765,car,692.2,506.21,743.0,540.42,0,3.0
5033,1787,car,923.99,452.8,958.16,478.01,1,10.0
5033,1765,car,692.05,506.21,742.9,540.14,0,3.0
5033,1787,car,923.99,452.8,958.16,478.01,1,10.0
5033,1783,motorcycle,755.56,614.48,776.36,634.78,0,3.0
5034,1787,car,923.76,452.93,958.21,478.61,1,10.0
5034,1765,car,691.85,506.15,743.05,540.11,0,3.0
5035,1787,car,923.62,452.88,958.25,478.3,1,10.0
5035,1765,car,691.78,505.95,743.3,539.7,0,3.0
5036,1787,car,923.42,452.84,958.29,478.05,1,10.0
5036,1765,car,691.77,505.85,743.57,539.99,0,3.0
5036,1787,car,923.42,452.84,958.29,478.05,1,10.0
5036,1783,motorcycle,750.58,611.41,771.49,633.05,0,3.0
5037,1787,car,923.1,452.88,958.28,478.96,1,10.0
5037,1765,car,691.77,505.9,743.68,540.2,0,3.0
5037,1787,car,923.1,452.88,958.28,478.96,1,10.0
5037,1783,motorcycle,748.96,610.35,769.74,632.82,0,3.0
5038,1787,car,922.83,452.85,958.27,479.09,1,10.0
5038,1765,car,691.87,506.03,743.73,540.03,0,3.0
5039,1787,car,922.73,452.78,958.28,478.47,1,10.0
5039,1765,car,691.68,506.24,743.48,539.98,0,3.0
5039,1787,car,922.73,452.78,958.28,478.47,1,10.0
5039,1783,motorcycle,745.19,608.13,766.46,630.57,0,3.0
5040,1787,car,922.73,452.69,958.31,477.95,1,10.0
5040,1765,car,691.53,506.39,743.49,539.96,0,3.0
5040,1787,car,922.73,452.69,958.31,477.95,1,10.0
5040,1783,motorcycle,743.6,606.71,764.74,629.22,0,3.0
5041,1787,car,922.85,452.64,958.35,478.11,1,10.0
5041,1765,car,691.53,506.57,743.53,539.82,0,3.0
5041,1787,car,922.85,452.64,958.35,478.11,1,10.0
5041,1783,motorcycle,742.01,605.64,763.1,628.23,0,3.0
5042,1787,car,922.88,452.62,958.37,478.51,1,10.0
5042,1765,car,691.69,506.76,743.25,540.03,0,3.0
5042,1787,car,922.88,452.62,958.37,478.51,1,10.0
5042,1783,motorcycle,740.51,604.63,761.2,627.62,0,3.0
5043,1787,car,923.05,452.69,958.35,478.16,1,10.0
5043,1783,motorcycle,738.74,603.93,759.55,626.91,0,3.0
5044,1787,car,923.28,452.67,958.35,477.44,1,10.0
5044,1765,car,692.05,506.92,743.37,539.92,0,3.0
5044,1787,car,923.28,452.67,958.35,477.44,1,10.0
5044,1783,motorcycle,736.92,603.16,757.79,626.34,0,3.0
5045,1787,car,923.43,452.7,958.27,476.77,1,10.0
5045,1765,car,692.38,506.92,743.28,539.91,0,3.0
5045,1787,car,923.43,452.7,958.27,476.77,1,10.0
5045,1783,motorcycle,735.25,602.32,756.07,625.11,0,3.0
5046,1787,car,923.6,452.81,958.23,476.5,1,10.0
5046,1765,car,692.67,506.87,743.26,540.08,0,3.0
5046,1787,car,923.6,452.81,958.23,476.5,1,10.0
5046,1783,motorcycle,733.55,601.03,754.89,623.92,0,3.0
5047,1787,car,923.67,452.83,958.17,476.52,1,10.0
5047,1765,car,692.72,506.98,743.39,539.9,0,3.0
5047,1787,car,923.67,452.83,958.17,476.52,1,10.0
5047,1783,motorcycle,732.01,600.42,753.42,622.67,0,3.0
5048,1787,car,923.76,452.81,958.21,476.27,1,10.0
5048,1765,car,692.61,506.92,743.45,539.68,0,3.0
5048,1787,car,923.76,452.81,958.21,476.27,1,10.0
5048,1783,motorcycle,730.22,599.73,751.65,621.68,0,3.0
5049,1787,car,923.99,452.86,958.22,476.27,1,10.0
5049,1765,car,692.64,507.04,743.46,539.55,0,3.0
5049,1787,car,923.99,452.86,958.22,476.27,1,10.0
5049,1783,motorcycle,728.52,599.01,750.04,620.83,0,3.0
5050,1787,car,924.34,452.92,958.25,476.36,1,10.0
5050,1783,motorcycle,726.64,598.07,748.24,620.03,0,3.0
5051,1787,car,924.54,452.96,958.25,476.27,1,10.0
5051,1765,car,692.34,507.22,743.31,539.16,0,3.0
5051,1787,car,924.54,452.96,958.25,476.27,1,10.0
5051,1783,motorcycle,725.03,597.28,746.86,619.48,0,3.0
5052,1787,car,924.68,452.93,958.25,475.72,1,10.0
5052,1783,motorcycle,723.34,596.52,744.86,618.18,0,3.0
5053,1787,car,924.85,452.93,958.28,475.42,1,10.0
5053,1783,motorcycle,721.71,595.72,743.29,617.36,0,3.0
5054,1787,car,925.0,452.91,958.27,475.17,1,10.0
5054,1783,motorcycle,719.69,594.68,741.49,615.79,0,3.0
5055,1787,car,925.03,452.92,958.25,475.01,1,10.0
5055,1783,motorcycle,718.1,593.81,739.98,615.12,0,3.0
5056,1787,car,925.21,452.92,958.21,474.8,1,10.0
5056,1783,motorcycle,716.28,592.79,738.08,613.99,0,3.0
5057,1787,car,925.35,452.92,958.2,474.72,1,10.0
5057,1783,motorcycle,714.39,591.91,736.31,613.12,0,3.0
5058,1787,car,925.29,452.94,958.21,474.77,1,10.0
5058,1783,motorcycle,712.44,591.55,734.37,613.03,0,3.0
5059,1787,car,925.02,453.16,958.21,475.88,1,10.0
5059,1783,motorcycle,710.52,590.64,732.94,613.4,0,3.0
5060,1787,car,924.81,453.17,958.22,475.95,1,10.0
5060,1783,motorcycle,707.69,589.92,731.33,613.74,0,3.0
5061,1787,car,924.72,453.18,958.2,475.82,1,10.0
5061,1783,motorcycle,706.26,589.52,729.09,611.54,0,3.0
5062,1787,car,924.86,453.2,958.14,475.45,1,10.0
5062,1783,motorcycle,704.08,588.27,727.13,610.58,0,3.0
5063,1787,car,924.72,453.19,958.16,475.6,1,10.0
5063,1765,car,691.69,507.24,743.69,540.17,0,3.0
5063,1787,car,924.72,453.19,958.16,475.6,1,10.0
5063,1783,motorcycle,754.39,566.83,777.49,593.39,0,3.0
5064,1787,car,924.79,453.17,958.16,475.5,1,10.0
5064,1765,car,691.92,507.24,743.76,541.42,0,3.0
5064,1787,car,924.79,453.17,958.16,475.5,1,10.0
5064,1783,motorcycle,772.18,559.2,796.09,587.65,0,3.0
5065,1787,car,924.91,453.13,958.1,475.37,1,10.0
5065,1765,car,692.06,507.22,743.91,542.27,0,3.0
5065,1787,car,924.91,453.13,958.1,475.37,1,10.0
5065,1783,motorcycle,776.55,557.12,801.63,588.92,0,3.0
5066,1787,car,924.69,453.12,958.06,475.45,1,10.0
5066,1765,car,692.47,507.69,743.78,542.47,0,3.0
5066,1787,car,924.69,453.12,958.06,475.45,1,10.0
5066,1783,motorcycle,778.45,556.68,803.11,586.97,0,3.0
5067,1787,car,924.47,453.16,958.04,475.73,1,10.0
5067,1765,car,692.74,508.0,743.67,542.63,0,3.0
5067,1787,car,924.47,453.16,958.04,475.73,1,10.0
5067,1783,motorcycle,778.23,556.84,802.21,586.6,0,3.0
5068,1787,car,924.37,453.18,957.99,475.57,1,10.0
5068,1765,car,692.92,508.27,743.58,542.78,0,3.0
5069,1787,car,924.27,453.17,957.98,475.54,1,10.0
5069,1765,car,693.06,508.43,743.49,542.91,0,3.0
5072,1787,car,924.46,453.32,957.98,475.09,1,10.0
5072,1765,car,693.21,508.27,743.75,542.99,0,3.0
5074,1787,car,924.39,453.38,957.94,475.12,1,10.0
5074,1765,car,693.3,508.25,743.99,543.05,0,3.0
5076,1787,car,924.42,453.4,957.92,475.18,1,10.0
5076,1765,car,693.29,508.33,743.92,543.03,0,3.0
5077,1787,car,924.53,453.44,957.83,474.99,1,10.0
5077,1765,car,693.34,508.53,743.61,543.07,0,3.0
5088,1787,car,923.51,453.86,957.7,475.85,1,10.0
5088,1765,car,693.19,506.81,743.99,543.34,0,3.0
5089,1787,car,923.5,453.88,957.69,475.72,1,10.0
5089,1765,car,692.98,506.33,743.99,543.28,0,3.0
5091,1787,car,923.65,453.99,957.53,475.34,1,10.0
5091,1765,car,693.18,505.21,743.74,542.53,0,3.0
5093,1787,car,923.28,454.06,957.44,476.09,1,10.0
5093,1765,car,693.3,504.61,743.24,541.48,0,3.0
5094,1787,car,923.11,454.08,957.41,476.31,1,10.0
5094,1765,car,693.4,504.76,743.17,541.71,0,3.0
5096,1787,car,923.61,454.07,957.33,475.56,1,10.0
5096,1765,car,693.5,505.75,743.08,542.07,0,3.0
5097,1787,car,924.12,454.09,957.32,475.03,1,10.0
5097,1765,car,693.4,506.64,742.83,542.49,0,3.0
5098,1787,car,924.24,454.12,957.34,474.83,1,10.0
5098,1765,car,693.27,507.86,742.66,542.61,0,3.0
5099,1787,car,924.41,454.18,957.31,474.76,1,10.0
5099,1765,car,693.32,507.57,742.73,542.36,0,3.0
5100,1787,car,924.35,454.19,957.32,474.78,1,10.0
5100,1765,car,693.62,507.35,742.92,541.08,0,3.0
5101,1787,car,924.16,454.19,957.32,474.8,1,10.0
5101,1765,car,694.03,507.53,743.07,540.15,0,3.0
5102,1787,car,924.11,454.18,957.37,474.69,1,10.0
5102,1765,car,694.12,507.58,743.02,539.57,0,3.0
5103,1787,car,923.9,454.15,957.35,474.74,1,10.0
5103,1765,car,694.09,507.5,742.88,539.33,0,3.0
5104,1787,car,923.77,454.13,957.35,474.76,1,10.0
5104,1765,car,693.89,508.28,742.74,540.29,0,3.0
5105,1787,car,923.73,454.1,957.34,474.76,1,10.0
5105,1765,car,693.69,508.84,742.65,541.02,0,3.0
5106,1787,car,923.71,454.11,957.33,474.76,1,10.0
5106,1765,car,693.56,509.18,742.58,541.37,0,3.0
5107,1787,car,923.67,454.1,957.33,474.76,1,10.0
5107,1765,car,693.4,509.39,742.53,541.79,0,3.0
5108,1787,car,923.62,454.11,957.38,474.81,1,10.0
5108,1765,car,693.39,509.44,742.48,542.0,0,3.0
5109,1787,car,923.66,454.1,957.41,474.78,1,10.0
5109,1765,car,693.44,509.5,742.45,542.14,0,3.0
5110,1787,car,923.56,454.13,957.45,474.86,1,10.0
5110,1765,car,693.57,509.57,742.44,542.18,0,3.0
5111,1787,car,923.47,454.17,957.48,474.91,1,10.0
5111,1765,car,693.61,509.53,742.45,542.18,0,3.0
5112,1787,car,923.42,454.19,957.49,474.94,1,10.0
5112,1765,car,693.61,509.51,742.46,542.11,0,3.0
5113,1787,car,923.44,454.2,957.51,474.9,1,10.0
5113,1765,car,693.61,509.58,742.46,542.14,0,3.0
5114,1787,car,923.36,454.21,957.48,474.81,1,10.0
5114,1765,car,693.64,509.6,742.45,542.32,0,3.0
5115,1787,car,923.25,454.22,957.43,474.87,1,10.0
5115,1765,car,693.64,509.59,742.46,542.56,0,3.0
5116,1787,car,923.21,454.16,957.42,474.7,1,10.0
5116,1765,car,693.7,509.64,742.47,542.74,0,3.0
5117,1787,car,923.19,454.14,957.41,474.67,1,10.0
5117,1765,car,693.73,509.65,742.48,542.92,0,3.0
5118,1787,car,923.15,454.11,957.41,474.65,1,10.0
5118,1765,car,693.73,509.76,742.46,543.0,0,3.0
5119,1787,car,923.22,454.09,957.41,474.6,1,10.0
5119,1765,car,693.66,509.85,742.43,543.14,0,3.0
5120,1787,car,923.32,454.07,957.41,474.56,1,10.0
5120,1765,car,693.63,509.87,742.45,542.99,0,3.0
5121,1787,car,923.64,454.04,957.43,474.56,1,10.0
5121,1765,car,693.58,509.87,742.46,542.83,0,3.0
5122,1787,car,923.93,454.17,957.44,474.54,1,10.0
5122,1765,car,693.53,509.85,742.47,542.66,0,3.0
5123,1787,car,924.11,454.23,957.42,474.51,1,10.0
5123,1765,car,693.51,509.93,742.48,542.96,0,3.0
5124,1787,car,923.92,454.25,957.4,474.91,1,10.0
5124,1765,car,693.5,509.98,742.49,543.1,0,3.0
5125,1787,car,924.12,454.25,957.4,474.74,1,10.0
5125,1765,car,693.49,510.03,742.48,543.15,0,3.0
5126,1787,car,924.15,454.24,957.41,474.7,1,10.0
5126,1765,car,693.45,510.02,742.48,543.08,0,3.0
5127,1787,car,924.32,454.29,957.43,474.54,1,10.0
5127,1765,car,693.1,507.5,742.5,542.99,0,3.0
5128,1787,car,924.42,454.34,957.46,474.46,1,10.0
5128,1765,car,693.01,506.35,742.51,542.86,0,3.0
5129,1787,car,924.49,454.36,957.45,474.43,1,10.0
5129,1765,car,692.98,505.67,742.14,541.84,0,3.0
5130,1787,car,924.54,454.4,957.43,474.38,1,10.0
5130,1765,car,693.04,505.91,742.5,542.05,0,3.0
5131,1787,car,924.5,454.35,957.42,474.4,1,10.0
5131,1765,car,692.88,506.46,743.18,543.22,0,3.0
5132,1787,car,924.58,454.38,957.46,474.4,1,10.0
5132,1765,car,692.6,507.03,744.14,546.83,0,3.0
5133,1787,car,924.46,454.34,957.47,474.48,1,10.0
5133,1765,car,692.87,508.12,743.52,545.42,0,3.0
5134,1787,car,924.42,454.33,957.47,474.49,1,10.0
5134,1765,car,692.86,507.83,743.91,544.3,0,3.0
5135,1787,car,924.0,454.35,957.4,474.89,1,10.0
5135,1765,car,693.02,508.64,743.35,543.81,0,3.0
5136,1787,car,923.69,454.34,957.34,475.28,1,10.0
5136,1765,car,693.22,509.16,743.01,543.43,0,3.0
5137,1787,car,923.38,454.35,957.31,475.83,1,10.0
5137,1765,car,693.34,509.51,742.83,543.06,0,3.0
5138,1787,car,923.24,454.33,957.3,475.95,1,10.0
5138,1765,car,693.43,509.8,742.7,542.71,0,3.0
5139,1787,car,923.26,454.34,957.29,475.86,1,10.0
5139,1765,car,692.94,508.91,744.49,544.11,0,3.0
5140,1787,car,923.3,454.38,957.24,475.65,1,10.0
5140,1765,car,692.67,508.68,745.5,546.59,0,3.0
5141,1787,car,923.26,454.39,957.22,475.56,1,10.0
5141,1765,car,692.38,508.32,746.33,547.58,0,3.0
5142,1787,car,923.32,454.4,957.2,475.46,1,10.0
5142,1765,car,692.24,508.68,747.8,550.84,0,3.0
5143,1787,car,923.37,454.39,957.21,475.41,1,10.0
5143,1765,car,692.12,508.83,747.8,552.19,0,3.0
5144,1787,car,923.43,454.39,957.18,475.25,1,10.0
5144,1765,car,692.39,508.36,746.98,548.59,0,3.0
5145,1787,car,923.45,454.38,957.3,475.13,1,10.0
5145,1765,car,692.64,508.24,746.49,546.25,0,3.0
5146,1787,car,923.45,454.37,957.29,475.08,1,10.0
5146,1765,car,692.86,508.25,745.95,544.85,0,3.0
5147,1787,car,923.46,454.38,957.31,475.01,1,10.0
5147,1765,car,693.04,508.31,745.84,544.04,0,3.0
5148,1787,car,923.44,454.38,957.44,475.0,1,10.0
5148,1765,car,693.13,508.16,745.51,543.38,0,3.0
5149,1787,car,923.43,454.38,957.54,474.99,1,10.0
5149,1765,car,693.16,508.09,744.74,542.99,0,3.0
5150,1787,car,923.42,454.39,957.56,474.98,1,10.0
5150,1765,car,693.12,507.95,744.43,542.48,0,3.0
5151,1787,car,923.43,454.38,957.59,474.96,1,10.0
5151,1765,car,693.18,507.71,744.32,541.41,0,3.0
5152,1787,car,923.42,454.36,957.65,475.13,1,10.0
5152,1765,car,692.44,504.07,743.91,541.35,0,3.0
5153,1787,car,923.37,454.33,957.67,475.17,1,10.0
5153,1765,car,692.62,506.29,743.39,541.61,0,3.0
5154,1787,car,923.24,454.27,957.65,475.19,1,10.0
5154,1765,car,692.83,506.74,743.28,541.79,0,3.0
5155,1787,car,923.21,454.32,957.6,475.1,1,10.0
5155,1765,car,692.92,508.04,743.0,542.05,0,3.0
5156,1787,car,923.24,454.36,957.59,475.01,1,10.0
5156,1765,car,692.99,508.84,742.81,542.0,0,3.0
5157,1787,car,923.22,454.38,957.54,475.02,1,10.0
5157,1765,car,693.04,509.36,742.67,542.1,0,3.0
5158,1787,car,923.29,454.4,957.6,475.09,1,10.0
5158,1765,car,693.07,509.68,742.59,542.16,0,3.0
5159,1787,car,923.35,454.4,957.58,475.01,1,10.0
5159,1765,car,693.09,509.89,742.55,542.23,0,3.0
5160,1787,car,923.47,454.42,957.6,475.06,1,10.0
5160,1765,car,693.13,510.04,742.57,542.45,0,3.0
5161,1787,car,923.56,454.47,957.61,475.12,1,10.0
5161,1765,car,693.16,510.12,742.6,542.57,0,3.0
5162,1787,car,923.59,454.51,957.64,475.21,1,10.0
5162,1765,car,693.2,510.16,742.62,542.61,0,3.0
5163,1787,car,923.61,454.52,957.66,475.25,1,10.0
5163,1765,car,693.1,510.49,742.82,547.97,0,3.0
5164,1787,car,923.64,454.53,957.68,475.27,1,10.0
5164,1765,car,693.12,510.35,742.73,546.11,0,3.0
5165,1787,car,923.59,454.52,957.68,475.29,1,10.0
5165,1765,car,693.23,510.29,742.68,545.05,0,3.0
5167,1787,car,923.8,454.61,957.71,475.95,1,10.0
5167,1765,car,693.29,510.59,743.85,550.85,0,3.0
5168,1787,car,923.82,454.63,957.71,476.14,1,10.0
5168,1765,car,693.41,510.28,743.4,547.81,0,3.0
5169,1787,car,923.79,454.66,957.7,476.38,1,10.0
5169,1765,car,693.58,510.17,743.15,546.19,0,3.0
5170,1787,car,923.77,454.67,957.7,476.5,1,10.0
5170,1765,car,693.66,510.07,742.99,545.1,0,3.0
5171,1787,car,923.72,454.65,957.68,476.62,1,10.0
5171,1765,car,693.76,510.05,742.89,544.74,0,3.0
5172,1787,car,923.7,454.61,957.67,476.59,1,10.0
5172,1765,car,693.78,509.99,742.84,544.51,0,3.0
5173,1787,car,923.71,454.6,957.76,476.48,1,10.0
5173,1765,car,693.25,505.11,743.15,544.08,0,3.0
5174,1787,car,923.62,454.63,957.85,476.58,1,10.0
5174,1765,car,692.59,501.18,743.3,543.69,0,3.0
5175,1787,car,923.53,454.63,957.9,476.63,1,10.0
5175,1765,car,692.31,499.81,743.96,548.49,0,3.0
5176,1787,car,923.56,454.62,957.92,476.63,1,10.0
5176,1765,car,692.09,498.97,743.99,546.39,0,3.0
5177,1787,car,923.58,454.62,957.93,476.71,1,10.0
5177,1765,car,692.13,498.84,743.85,545.3,0,3.0
5178,1787,car,923.76,454.59,957.96,476.45,1,10.0
5178,1765,car,692.35,499.93,743.66,544.78,0,3.0
5179,1787,car,923.83,454.58,957.98,476.2,1,10.0
5179,1765,car,692.61,500.43,743.42,544.59,0,3.0
5180,1787,car,923.9,454.56,957.99,476.05,1,10.0
5180,1765,car,692.74,500.29,743.17,544.58,0,3.0
5181,1787,car,924.02,454.54,958.0,475.98,1,10.0
5181,1765,car,692.95,499.76,743.06,544.21,0,3.0
5182,1787,car,924.11,454.54,958.04,475.95,1,10.0
5182,1765,car,692.87,498.76,743.01,544.0,0,3.0
5183,1787,car,924.16,454.53,958.07,475.97,1,10.0
5183,1765,car,692.87,498.04,743.01,543.89,0,3.0
5184,1787,car,924.07,454.59,958.06,476.1,1,10.0
5184,1765,car,692.96,497.3,743.02,543.77,0,3.0
5185,1787,car,924.06,454.8,958.1,476.01,1,10.0
5185,1765,car,693.02,497.45,743.01,543.43,0,3.0
5186,1787,car,924.28,455.0,958.12,475.85,1,10.0
5186,1765,car,692.73,496.46,743.01,543.02,0,3.0
5187,1787,car,924.42,455.02,958.15,475.82,1,10.0
5187,1765,car,692.96,497.22,743.01,543.07,0,3.0
5188,1787,car,924.54,455.14,958.16,475.79,1,10.0
5188,1765,car,691.96,494.51,742.76,540.88,0,3.0
5189,1787,car,924.64,455.22,958.17,475.77,1,10.0
5189,1765,car,692.06,495.02,742.82,541.44,0,3.0
5190,1787,car,924.65,455.27,958.18,475.75,1,10.0
5190,1765,car,692.47,495.18,742.43,539.54,0,3.0
5191,1787,car,924.71,455.29,958.18,475.66,1,10.0
5191,1765,car,692.5,495.32,742.63,541.69,0,3.0
5192,1787,car,924.76,455.29,958.19,475.61,1,10.0
5192,1765,car,692.39,494.63,742.22,540.36,0,3.0
5193,1787,car,924.78,455.3,958.2,475.61,1,10.0
5193,1765,car,692.56,495.52,742.02,539.92,0,3.0
5194,1787,car,924.76,455.31,958.21,475.65,1,10.0
5194,1765,car,692.88,496.82,741.94,539.32,0,3.0
5195,1787,car,924.75,455.31,958.22,475.66,1,10.0
5195,1765,car,692.8,498.42,742.33,540.97,0,3.0
5196,1787,car,924.7,455.3,958.22,475.71,1,10.0
5196,1765,car,692.74,497.62,742.55,542.15,0,3.0
5197,1787,car,924.69,455.29,958.21,475.72,1,10.0
5197,1765,car,692.77,496.31,743.05,547.0,0,3.0
5198,1787,car,924.66,455.28,958.21,475.69,1,10.0
5198,1765,car,692.72,497.49,743.0,546.23,0,3.0
5199,1787,car,924.64,455.28,958.18,475.7,1,10.0
5199,1765,car,692.97,498.62,743.0,545.66,0,3.0
5200,1787,car,924.68,455.24,958.19,475.67,1,10.0
5200,1765,car,693.12,498.67,742.95,545.42,0,3.0
5201,1787,car,924.85,455.2,958.19,475.65,1,10.0
5201,1765,car,693.17,503.03,742.96,545.75,0,3.0
5202,1787,car,924.92,455.2,958.33,475.67,1,10.0
5202,1765,car,693.09,500.94,742.97,545.91,0,3.0
5203,1787,car,924.95,455.24,958.39,475.68,1,10.0
5203,1765,car,693.15,504.42,742.94,546.29,0,3.0
5204,1787,car,924.96,455.24,958.41,475.59,1,10.0
5204,1765,car,692.72,500.05,743.39,548.51,0,3.0
5205,1787,car,925.0,455.27,958.41,475.52,1,10.0
5205,1765,car,692.47,497.46,743.45,548.38,0,3.0
5206,1787,car,924.94,455.28,958.39,475.47,1,10.0
5206,1765,car,692.61,496.33,743.78,550.85,0,3.0
5207,1787,car,924.89,455.3,958.38,475.44,1,10.0
5207,1765,car,692.32,493.7,744.05,552.9,0,3.0
5208,1787,car,924.87,455.31,958.37,475.38,1,10.0
5208,1765,car,692.12,491.98,743.71,550.36,0,3.0
5209,1787,car,924.9,455.25,958.38,475.41,1,10.0
5209,1765,car,692.56,495.64,743.39,548.19,0,3.0
5210,1787,car,924.9,455.22,958.36,475.5,1,10.0
5210,1765,car,692.61,500.11,743.19,547.34,0,3.0
5211,1787,car,924.9,455.07,958.31,475.44,1,10.0
5211,1765,car,692.78,494.92,743.07,546.3,0,3.0
5212,1787,car,924.9,454.96,958.29,475.39,1,10.0
5212,1765,car,692.9,491.14,743.0,545.77,0,3.0
5213,1787,car,924.88,454.89,958.26,475.36,1,10.0
5213,1765,car,693.05,496.94,742.98,546.24,0,3.0
5214,1787,car,924.2,454.88,958.28,476.88,1,10.0
5214,1765,car,693.17,500.9,743.06,546.33,0,3.0
5215,1787,car,924.04,454.82,958.27,476.46,1,10.0
5215,1765,car,693.15,503.95,743.08,548.19,0,3.0
5216,1787,car,924.29,454.76,958.29,475.88,1,10.0
5216,1765,car,693.16,505.88,742.98,549.19,0,3.0
5217,1787,car,924.36,454.72,958.31,475.82,1,10.0
5217,1765,car,693.02,506.6,743.07,549.92,0,3.0
5218,1787,car,924.44,454.59,958.29,475.41,1,10.0
5218,1765,car,693.01,507.16,743.03,550.28,0,3.0
5219,1787,car,924.61,454.51,958.31,475.15,1,10.0
5219,1765,car,692.97,507.67,743.27,550.09,0,3.0
5220,1787,car,924.55,454.46,958.28,475.13,1,10.0
5220,1765,car,693.09,508.04,743.09,549.93,0,3.0
5221,1787,car,924.76,454.29,958.27,474.92,1,10.0
5221,1765,car,693.02,507.85,743.29,549.86,0,3.0
5222,1787,car,924.91,454.18,958.26,474.83,1,10.0
5222,1765,car,692.9,506.97,743.36,549.2,0,3.0
5223,1787,car,925.05,454.12,958.26,474.71,1,10.0
5223,1765,car,693.1,507.45,743.16,548.36,0,3.0
5224,1787,car,925.03,454.06,958.24,474.6,1,10.0
5224,1765,car,692.54,505.05,743.12,547.45,0,3.0
5225,1787,car,925.03,454.04,958.16,474.45,1,10.0
5225,1765,car,692.01,502.72,743.19,546.19,0,3.0
5226,1787,car,925.02,454.05,958.1,474.32,1,10.0
5226,1765,car,691.57,501.65,743.26,545.77,0,3.0
5227,1787,car,925.0,454.05,958.05,474.26,1,10.0
5227,1765,car,692.66,503.9,743.12,542.23,0,3.0
5228,1787,car,925.06,454.04,958.02,474.45,1,10.0
5228,1765,car,693.12,505.12,743.06,540.14,0,3.0
5229,1787,car,925.05,454.02,958.0,474.57,1,10.0
5229,1765,car,693.61,506.11,743.01,538.16,0,3.0
5230,1787,car,925.01,454.0,957.97,474.65,1,10.0
5230,1765,car,693.59,507.02,743.1,540.0,0,3.0
5231,1787,car,924.65,453.94,957.9,474.88,1,10.0
5231,1765,car,691.6,503.48,743.23,539.91,0,3.0
5232,1787,car,924.71,453.95,957.88,474.73,1,10.0
5232,1765,car,692.4,505.37,743.35,540.95,0,3.0
5233,1787,car,924.76,453.95,957.8,474.49,1,10.0
5233,1765,car,692.98,506.61,743.44,541.55,0,3.0
5234,1787,car,924.74,453.96,957.75,474.33,1,10.0
5234,1765,car,693.27,507.48,743.57,542.83,0,3.0
5235,1787,car,924.79,453.96,957.71,474.19,1,10.0
5235,1765,car,693.39,507.93,743.67,542.89,0,3.0
5236,1787,car,924.83,453.96,957.67,474.06,1,10.0
5236,1765,car,693.77,508.19,743.84,543.04,0,3.0
5237,1787,car,924.83,453.92,957.66,474.07,1,10.0
5237,1765,car,694.17,508.3,743.95,542.37,0,3.0
5238,1787,car,924.33,453.85,957.62,474.54,1,10.0
5238,1765,car,694.83,508.28,744.08,539.73,0,3.0
5239,1787,car,924.37,453.81,957.61,474.42,1,10.0
5239,1765,car,694.99,508.3,744.17,540.13,0,3.0
5240,1787,car,924.25,453.8,957.58,474.53,1,10.0
5240,1765,car,695.56,508.18,744.32,537.46,0,3.0
5241,1787,car,923.98,453.8,957.56,474.9,1,10.0
5241,1765,car,695.38,508.26,744.55,537.9,0,3.0
5242,1787,car,923.85,453.77,957.55,475.08,1,10.0
5242,1765,car,695.71,508.22,744.84,536.86,0,3.0
5243,1787,car,923.77,453.75,957.56,475.2,1,10.0
5243,1765,car,696.12,508.17,745.14,535.89,0,3.0
5256,1787,car,923.36,453.55,957.35,475.98,1,10.0
5256,1765,car,699.0,505.0,756.0,540.0,0,3.0
5262,1787,car,923.44,453.59,957.59,475.88,1,10.0
5262,1765,car,1473.66,830.53,1500.46,870.96,0,3.0
5263,1787,car,923.34,453.62,957.62,475.96,1,10.0
5263,1765,car,1473.62,830.55,1500.65,871.14,0,3.0
5264,1787,car,923.15,453.65,957.63,476.14,1,10.0
5264,1765,car,1473.55,830.58,1500.6,871.09,0,3.0
5265,1787,car,922.97,453.68,957.64,476.34,1,10.0
5265,1765,car,1473.45,830.74,1500.62,871.18,0,3.0
5266,1787,car,922.65,453.79,957.57,478.53,1,10.0
5266,1765,car,703.0,504.0,764.0,539.0,0,3.0
5267,1787,car,922.82,453.78,957.59,477.55,1,10.0
5267,1765,car,1473.67,830.92,1500.53,871.1,0,3.0
5268,1787,car,922.94,453.71,957.51,476.8,1,10.0
5268,1765,car,1473.65,830.98,1500.51,871.09,0,3.0
5269,1787,car,923.15,453.68,957.46,476.17,1,10.0
5269,1765,car,1473.63,831.0,1500.44,871.09,0,3.0
5270,1787,car,923.27,453.66,957.39,475.77,1,10.0
5270,1765,car,1473.52,831.13,1500.44,871.08,0,3.0
5271,1787,car,923.32,453.63,957.33,475.64,1,10.0
5271,1765,car,1473.42,831.19,1500.42,871.08,0,3.0
5272,1787,car,923.39,453.71,957.31,475.62,1,10.0
5272,1765,car,1473.4,831.23,1500.4,871.06,0,3.0
5273,1787,car,923.5,453.75,957.32,475.39,1,10.0
5273,1765,car,1473.39,831.26,1500.39,871.05,0,3.0
5274,1787,car,923.72,453.79,957.32,475.06,1,10.0
5274,1765,car,1473.3,831.36,1500.37,871.03,0,3.0
5275,1787,car,923.88,453.8,957.29,474.88,1,10.0
5275,1765,car,1473.26,831.43,1500.34,871.01,0,3.0
5276,1787,car,924.16,453.9,957.41,474.68,1,10.0
5276,1765,car,1473.25,831.42,1500.45,871.02,0,3.0
5277,1787,car,924.39,453.96,957.48,474.55,1,10.0
5277,1765,car,1473.24,831.41,1500.56,871.02,0,3.0
5278,1787,car,924.55,453.99,957.51,474.44,1,10.0
5278,1765,car,1473.27,831.41,1500.67,871.02,0,3.0
5279,1787,car,924.62,454.02,957.54,474.45,1,10.0
5279,1765,car,713.97,504.1,764.16,542.55,0,3.0
5280,1787,car,924.71,454.03,957.55,474.49,1,10.0
5280,1765,car,714.68,503.98,764.77,542.41,0,3.0
5281,1787,car,924.72,454.05,957.54,474.56,1,10.0
5281,1765,car,715.26,503.46,765.33,542.29,0,3.0
5282,1787,car,924.58,454.06,957.51,474.68,1,10.0
5282,1765,car,715.86,502.67,766.45,542.31,0,3.0
5283,1787,car,924.46,454.05,957.47,474.67,1,10.0
5283,1765,car,716.42,502.51,767.29,541.92,0,3.0
5284,1787,car,924.38,454.09,957.39,474.69,1,10.0
5284,1765,car,716.99,502.48,767.76,541.48,0,3.0
5285,1787,car,924.29,454.12,957.35,474.78,1,10.0
5285,1765,car,717.53,502.53,768.13,541.07,0,3.0
5286,1787,car,924.21,454.16,957.32,474.79,1,10.0
5286,1765,car,718.14,502.39,768.94,540.86,0,3.0
5287,1787,car,924.22,454.18,957.32,474.74,1,10.0
5287,1765,car,718.89,502.31,769.59,540.82,0,3.0
5288,1787,car,924.24,454.19,957.34,474.7,1,10.0
5288,1765,car,719.55,502.07,770.35,540.76,0,3.0
5289,1787,car,924.33,454.22,957.38,474.77,1,10.0
5289,1765,car,720.26,502.0,770.85,540.75,0,3.0
5290,1787,car,924.38,454.21,957.38,474.83,1,10.0
5290,1765,car,720.9,501.68,771.5,540.67,0,3.0
5291,1787,car,924.38,454.2,957.29,474.87,1,10.0
5291,1765,car,721.48,501.29,772.11,540.54,0,3.0
5292,1787,car,924.25,454.18,957.21,474.96,1,10.0
5292,1765,car,721.84,501.02,772.61,540.4,0,3.0
5293,1787,car,924.17,454.06,957.16,474.99,1,10.0
5293,1765,car,721.99,500.8,773.14,540.17,0,3.0
5294,1787,car,924.06,453.99,957.06,475.02,1,10.0
5294,1765,car,722.59,500.5,773.63,539.89,0,3.0
5295,1787,car,923.92,453.93,956.98,474.98,1,10.0
5295,1765,car,723.55,500.24,774.27,539.82,0,3.0
5296,1787,car,923.85,453.89,956.95,475.0,1,10.0
5296,1765,car,724.29,500.04,775.0,539.71,0,3.0
5297,1787,car,923.79,453.85,956.91,474.89,1,10.0
5297,1765,car,724.99,499.86,775.62,539.44,0,3.0
5298,1787,car,923.74,453.81,956.89,474.9,1,10.0
5298,1765,car,725.89,499.52,776.3,539.15,0,3.0
5299,1787,car,923.74,453.79,956.86,474.89,1,10.0
5299,1765,car,726.77,499.2,777.01,538.72,0,3.0
5300,1787,car,923.71,453.76,956.86,474.93,1,10.0
5300,1765,car,727.39,498.83,777.93,538.24,0,3.0
5301,1787,car,923.64,453.79,956.87,475.37,1,10.0
5301,1765,car,727.95,498.54,778.62,537.65,0,3.0
5302,1787,car,923.54,453.82,956.91,475.46,1,10.0
5302,1765,car,728.61,498.32,779.34,536.25,0,3.0
5303,1787,car,923.52,453.74,956.95,475.48,1,10.0
5303,1765,car,729.42,498.05,779.97,535.69,0,3.0
5304,1787,car,923.69,453.69,956.98,475.25,1,10.0
5304,1765,car,730.26,497.34,780.7,535.49,0,3.0
5305,1787,car,923.66,453.67,957.0,475.27,1,10.0
5305,1765,car,730.7,497.14,781.41,536.08,0,3.0
5306,1787,car,923.59,453.65,957.01,475.35,1,10.0
5306,1765,car,731.41,497.12,782.27,536.11,0,3.0
5307,1787,car,922.74,453.22,956.99,476.67,1,10.0
5307,1765,car,732.59,496.95,783.45,536.38,0,3.0
5308,1787,car,923.02,453.31,957.0,476.22,1,10.0
5308,1765,car,733.34,496.83,784.23,536.51,0,3.0
5309,1787,car,923.23,453.4,956.99,475.9,1,10.0
5309,1765,car,733.84,496.76,784.91,536.51,0,3.0
5310,1787,car,923.37,453.5,957.17,476.14,1,10.0
5310,1765,car,734.77,496.51,785.59,536.54,0,3.0
5311,1787,car,923.48,453.58,957.22,475.84,1,10.0
5311,1765,car,736.13,497.1,786.35,536.4,0,3.0
5312,1787,car,923.71,453.61,957.27,475.61,1,10.0
5312,1765,car,736.66,495.77,787.88,536.29,0,3.0
5313,1787,car,923.41,453.67,957.29,476.34,1,10.0
5313,1765,car,737.58,496.08,788.47,536.21,0,3.0
5314,1787,car,923.06,453.77,957.3,477.48,1,10.0
5314,1765,car,738.46,496.1,789.15,536.18,0,3.0
5315,1787,car,922.91,453.82,957.31,477.72,1,10.0
5315,1765,car,739.49,495.64,790.21,536.0,0,3.0
181,1,person,1237.65,607.65,1249.54,636.44,1,3.0
181,37,car,1252.12,541.76,1312.08,587.17,0,1.0
124,1,person,1220.99,575.11,1236.26,609.17,1,3.0
124,90,person,1295.54,565.41,1305.8,588.25,0,1.0
204,1,person,1246.34,627.89,1259.24,657.05,1,3.0
204,126,car,1208.96,579.84,1242.18,607.59,0,1.0
194,22,car,1090.9,683.07,1119.16,739.19,1,3.0
194,111,car,1136.15,706.17,1157.74,724.97,0,1.0
191,22,car,1088.8,680.31,1117.93,736.16,1,3.0
191,129,car,1123.96,720.76,1147.35,740.36,0,1.0
407,22,car,1100.97,712.97,1130.47,768.55,1,3.0
407,148,car,1073.89,694.0,1106.82,737.07,0,1.0
1957,22,car,1112.95,698.92,1141.81,752.84,1,3.0
1957,324,car,1086.78,681.61,1116.1,725.81,0,1.0
2722,22,car,1112.11,697.86,1139.74,751.18,1,3.0
2722,1036,car,1062.71,658.0,1084.49,689.79,0,1.0
10,25,person,1429.51,553.77,1447.77,578.18,1,3.0
10,31,person,1432.89,578.52,1455.68,600.45,0,1.0
66,29,person,1470.88,579.46,1488.92,606.83,1,3.0
66,68,person,1498.41,578.21,1509.84,604.69,0,1.0
17,37,car,1324.45,511.61,1380.28,550.72,1,3.0
17,25,person,1424.62,553.76,1443.77,576.55,0,1.0
39,37,car,1311.9,513.22,1371.0,554.11,1,3.0
39,47,person,1387.61,556.7,1423.01,597.84,0,1.0
42,37,car,1310.52,513.27,1369.02,554.96,1,3.0
42,58,person,1414.1,572.56,1432.96,596.66,0,1.0
90,37,car,1283.65,513.6,1336.81,553.11,1,3.0
90,80,person,1376.38,550.99,1387.19,571.96,0,1.0
127,37,car,1258.61,514.1,1313.36,550.09,1,3.0
127,89,person,1372.77,556.36,1381.24,576.19,0,1.0
128,37,car,1257.97,514.42,1311.83,550.81,1,3.0
128,90,person,1295.84,566.41,1306.98,589.14,0,1.0
201,37,car,1256.8,559.44,1309.07,598.56,1,3.0
201,114,person,1333.7,478.89,1343.4,498.57,0,1.0
379,37,car,1142.42,576.39,1193.86,614.52,1,3.0
379,195,motorcycle,1232.09,599.82,1255.83,618.82,0,1.0
355,37,car,1169.11,577.81,1223.62,624.27,1,3.0
355,200,car,1198.57,617.58,1237.12,643.45,0,1.0
354,37,car,1170.65,577.94,1225.03,624.95,1,3.0
354,201,person,1257.77,633.08,1271.05,652.06,0,1.0
31,47,person,1404.53,562.06,1429.7,597.09,1,3.0
31,25,person,1420.26,554.98,1436.54,574.56,0,1.0
39,47,person,1387.61,556.7,1423.01,597.84,1,3.0
39,31,person,1431.33,579.45,1454.41,601.76,0,1.0
50,50,person,1204.81,570.59,1223.29,594.97,1,3.0
50,1,person,1223.75,574.49,1239.43,607.11,0,1.0
65,58,person,1420.66,574.39,1436.48,597.86,1,3.0
65,29,person,1470.94,580.43,1488.06,606.98,0,1.0
103,80,person,1370.26,550.51,1384.78,575.72,1,3.0
103,83,person,1405.65,580.22,1420.04,603.02,0,1.0
187,86,motorcycle,1423.03,584.1,1448.68,607.95,1,3.0
187,108,car,1439.58,581.23,1475.23,608.47,0,1.0
190,86,motorcycle,1412.54,596.4,1437.32,622.43,1,3.0
190,120,car,1412.6,577.44,1439.75,597.42,0,1.0
183,88,car,1112.41,568.09,1158.24,606.8,1,3.0
183,1,person,1238.19,609.51,1250.81,638.15,0,1.0
306,88,car,1122.62,611.76,1166.77,652.88,1,3.0
306,126,car,1177.48,610.07,1208.52,634.46,0,1.0
193,88,car,1113.67,574.92,1160.38,615.69,1,3.0
193,131,motorcycle,1226.29,605.88,1242.37,626.44,0,1.0
401,88,car,1122.48,608.88,1166.62,647.1,1,3.0
401,216,car,1114.37,575.88,1170.49,622.46,0,1.0
125,89,person,1373.57,554.95,1383.22,575.44,1,3.0
125,83,person,1410.85,581.36,1425.58,604.69,0,1.0
830,93,car,1042.19,782.91,1070.63,833.74,1,3.0
830,323,motorcycle,1020.11,729.76,1037.94,760.64,0,1.0
736,93,car,1020.19,702.58,1056.96,760.84,1,3.0
736,335,car,1128.5,777.07,1151.48,792.84,0,1.0
709,93,car,1013.83,683.95,1049.98,741.58,1,3.0
709,664,car,576.16,447.01,628.83,494.04,0,1.0
159,103,motorcycle,1428.67,573.45,1474.11,617.09,1,3.0
159,86,motorcycle,1474.66,593.07,1498.27,621.55,0,1.0
164,104,car,1400.99,573.99,1428.52,602.35,1,3.0
164,103,motorcycle,1410.88,491.76,1438.58,516.51,0,1.0
172,104,car,1404.22,579.52,1431.3,607.8,1,3.0
172,108,car,1439.11,568.61,1474.43,596.86,0,1.0
173,104,car,1404.56,580.09,1431.75,608.37,1,3.0
173,116,car,1402.68,501.44,1427.18,522.2,0,1.0
183,104,car,1408.32,588.49,1435.21,615.86,1,3.0
183,120,car,1415.01,569.59,1443.03,592.1,0,1.0
194,108,car,1439.25,585.8,1475.45,614.65,1,3.0
194,86,motorcycle,1471.95,583.07,1496.76,607.21,0,1.0
167,109,car,1106.45,728.47,1129.09,743.5,1,3.0
167,22,car,1080.0,661.62,1108.28,719.72,0,1.0
183,111,car,1131.84,695.36,1153.88,715.06,1,3.0
183,88,car,1112.41,568.09,1158.24,606.8,0,1.0
204,114,person,1335.0,482.43,1344.55,501.09,1,3.0
204,120,car,1407.62,591.28,1436.24,610.89,0,1.0
175,116,car,1407.73,503.94,1431.47,523.81,1,3.0
175,108,car,1439.09,569.71,1474.48,599.41,0,1.0
179,116,car,1416.34,507.15,1439.32,526.8,1,3.0
179,120,car,1417.04,567.13,1443.72,588.53,0,1.0
187,120,car,1413.77,573.95,1441.17,595.54,1,3.0
187,86,motorcycle,1423.03,584.1,1448.68,607.95,0,1.0
177,120,car,1417.5,565.01,1444.37,586.99,1,3.0
177,108,car,1439.13,570.57,1474.76,601.03,0,1.0
364,126,car,1172.67,606.7,1204.16,631.77,1,3.0
364,37,car,1159.4,575.57,1212.29,616.51,0,1.0
188,129,car,1122.61,716.48,1146.54,736.8,1,3.0
188,111,car,1133.85,700.1,1155.73,718.94,0,1.0
189,131,motorcycle,1224.86,600.51,1244.83,622.46,1,3.0
189,1,person,1240.32,614.33,1252.27,643.47,0,1.0
324,157,car,1433.4,539.0,1474.74,572.75,1,3.0
324,180,car,1480.67,543.25,1522.9,576.46,0,1.0
368,158,person,1253.13,641.67,1266.87,677.6,1,3.0
368,205,person,1326.99,633.95,1341.97,658.66,0,1.0
638,158,person,1253.41,638.68,1267.52,673.72,1,3.0
638,292,car,1294.84,598.41,1327.38,622.95,0,1.0
943,158,person,1253.01,642.96,1265.47,672.7,1,3.0
943,368,car,1270.11,607.57,1304.45,631.93,0,1.0
1104,158,person,1258.56,619.41,1271.49,651.08,1,3.0
1104,428,car,1226.14,582.02,1259.07,606.67,0,1.0
260,160,person,1162.43,688.73,1173.16,714.85,1,3.0
260,88,car,1124.79,609.9,1167.76,645.87,0,1.0
323,189,car,1019.25,686.52,1051.48,728.54,1,3.0
323,22,car,1101.31,715.92,1130.52,773.83,0,1.0
357,189,car,1037.38,722.77,1065.14,768.71,1,3.0
357,153,car,1126.96,781.35,1149.5,796.78,0,1.0
430,189,car,1054.84,801.78,1078.9,846.93,1,3.0
430,222,motorcycle,1037.76,746.75,1053.69,770.26,0,1.0
527,192,car,1341.06,604.98,1375.63,629.91,1,3.0
527,231,person,1394.38,489.22,1410.07,519.9,0,1.0
463,192,car,1368.43,605.96,1400.16,630.83,1,3.0
463,234,car,1417.38,625.17,1453.34,649.67,0,1.0
339,193,car,1077.59,757.86,1097.37,793.09,1,3.0
339,153,car,1126.9,781.99,1149.5,797.27,0,1.0
405,195,motorcycle,1204.34,594.38,1228.66,612.04,1,3.0
405,158,person,1248.86,643.43,1264.47,677.36,0,1.0
363,195,motorcycle,1372.51,587.92,1398.54,607.37,1,3.0
363,203,car,1372.38,549.75,1398.75,566.16,0,1.0
378,195,motorcycle,1234.96,599.6,1258.86,616.22,1,3.0
378,210,car,1203.09,539.33,1233.01,562.37,0,1.0
443,195,motorcycle,1203.56,622.89,1228.76,643.96,1,3.0
443,230,person,1275.34,620.09,1290.54,642.94,0,1.0
345,198,motorcycle,1429.41,528.03,1452.35,551.88,1,3.0
345,157,car,1460.01,534.29,1502.09,571.13,0,1.0
363,200,car,1193.81,618.78,1234.05,651.06,1,3.0
363,37,car,1160.44,575.62,1213.43,619.01,0,1.0
361,200,car,1196.72,618.29,1235.32,643.37,1,3.0
361,201,person,1255.57,634.49,1267.96,652.59,0,1.0
390,203,car,1433.61,554.62,1458.39,570.97,1,3.0
390,198,motorcycle,1437.97,542.49,1461.35,558.85,0,1.0
401,216,car,1114.37,575.88,1170.49,622.46,1,3.0
401,195,motorcycle,1209.68,595.22,1233.05,615.06,0,1.0
402,216,car,1113.84,575.26,1169.47,620.19,1,3.0
402,218,person,1225.35,651.12,1240.43,674.11,0,1.0
404,218,person,1228.12,652.41,1241.86,673.77,1,3.0
404,195,motorcycle,1205.42,594.62,1229.73,612.84,0,1.0
413,222,motorcycle,1022.19,711.69,1045.12,743.59,1,3.0
413,22,car,1100.81,712.42,1128.71,766.83,0,1.0
418,222,motorcycle,1028.51,724.28,1049.58,753.75,1,3.0
418,153,car,1127.06,780.0,1149.99,794.41,0,1.0
437,222,motorcycle,1158.45,712.41,1182.04,731.42,1,3.0
437,195,motorcycle,1182.43,687.12,1205.62,701.18,0,1.0
626,231,person,1397.17,487.17,1411.57,513.77,1,3.0
626,291,car,1436.8,547.15,1459.88,566.68,0,1.0
956,231,person,1396.52,487.24,1412.94,517.55,1,3.0
956,388,car,1435.78,543.23,1475.35,568.04,0,1.0
1125,231,person,1394.35,470.76,1407.97,500.59,1,3.0
1125,466,person,1421.06,483.3,1443.27,509.56,0,1.0
1667,231,person,1396.33,476.62,1410.26,507.31,1,3.0
1667,696,car,1402.2,525.67,1474.1,567.63,0,1.0
1730,231,person,1395.81,475.11,1410.38,504.89,1,3.0
1730,708,person,1421.96,487.73,1436.1,509.81,0,1.0
602,234,car,1398.13,620.18,1434.67,647.24,1,3.0
602,283,person,1482.33,627.11,1491.09,648.03,0,1.0
594,252,car,1100.32,709.68,1129.03,763.97,1,3.0
594,148,car,1075.38,690.52,1106.17,733.6,0,1.0
540,254,motorcycle,1397.04,591.17,1421.61,615.16,1,3.0
540,231,person,1395.22,488.36,1409.89,518.41,0,1.0
546,254,motorcycle,1401.3,623.9,1432.37,650.73,1,3.0
546,234,car,1413.8,624.93,1445.89,645.84,0,1.0
549,254,motorcycle,1459.54,650.88,1483.11,673.88,1,3.0
549,251,person,1525.63,646.2,1537.13,673.41,0,1.0
550,264,person,1445.55,515.7,1459.49,535.22,1,3.0
550,268,motorcycle,1518.11,520.52,1542.16,543.33,0,1.0
556,264,person,1442.32,515.82,1457.47,535.48,1,3.0
556,270,motorcycle,1455.15,501.68,1477.38,526.67,0,1.0
573,268,motorcycle,1542.55,542.46,1565.17,561.91,1,3.0
573,269,motorcycle,1550.41,558.12,1576.0,575.49,0,1.0
553,268,motorcycle,1513.99,535.33,1536.56,556.69,1,3.0
553,270,motorcycle,1548.65,551.84,1575.3,572.29,0,1.0
552,269,motorcycle,1574.14,548.84,1600.51,569.49,1,3.0
552,270,motorcycle,1645.54,529.11,1674.28,567.35,0,1.0
554,270,motorcycle,1512.07,526.92,1536.92,549.71,1,3.0
554,268,motorcycle,1513.86,540.62,1535.83,561.31,0,1.0
553,270,motorcycle,1548.65,551.84,1575.3,572.29,1,3.0
553,269,motorcycle,1574.94,548.89,1601.47,569.63,0,1.0
662,274,car,1098.03,608.17,1140.73,645.15,1,3.0
662,298,car,1138.16,590.06,1169.57,618.32,0,1.0
587,279,car,1028.83,676.69,1056.19,729.64,1,3.0
587,22,car,1100.16,709.06,1130.04,766.59,0,1.0
585,279,car,1028.6,675.17,1056.63,728.14,1,3.0
585,252,car,1100.32,709.13,1129.85,766.58,0,1.0
600,283,person,1482.92,626.6,1492.36,648.02,1,3.0
600,251,person,1526.23,645.61,1536.37,672.74,0,1.0
926,292,car,1173.77,596.82,1209.66,621.69,1,3.0
926,158,person,1253.21,641.98,1267.05,673.75,0,1.0
965,292,car,1157.94,588.07,1194.26,622.57,1,3.0
965,411,person,1237.74,615.57,1250.0,638.05,0,1.0
657,298,car,1139.48,588.32,1173.23,619.1,1,3.0
657,158,person,1253.55,643.34,1264.76,673.63,0,1.0
756,312,car,1114.28,651.48,1151.92,700.78,1,3.0
756,313,car,1130.97,647.83,1165.22,694.03,0,1.0
727,312,car,1113.12,650.12,1151.73,700.94,1,3.0
727,331,car,1070.29,608.46,1117.4,646.88,0,1.0
810,313,car,1134.26,647.69,1168.2,692.97,1,3.0
810,298,car,1098.92,593.14,1131.07,618.31,0,1.0
821,313,car,1138.58,647.27,1168.25,687.66,1,3.0
821,341,person,1165.14,614.13,1176.75,635.23,0,1.0
699,315,person,1367.07,506.64,1378.87,526.92,1,3.0
699,231,person,1398.54,487.38,1412.86,515.52,0,1.0
724,315,person,1353.72,509.83,1365.37,528.65,1,3.0
724,333,person,1353.79,476.2,1374.85,511.65,0,1.0
887,323,motorcycle,1205.16,663.63,1222.43,685.28,1,3.0
887,292,car,1191.85,599.02,1225.46,623.4,0,1.0
868,323,motorcycle,1158.18,711.77,1183.12,731.78,1,3.0
868,313,car,1136.57,647.59,1167.64,693.68,0,1.0
826,323,motorcycle,1014.8,715.52,1033.16,747.63,1,3.0
826,335,car,1128.72,776.12,1151.61,792.32,0,1.0
858,323,motorcycle,1063.98,718.83,1086.25,749.25,1,3.0
858,351,car,1102.14,709.81,1130.12,766.21,0,1.0
915,323,motorcycle,1266.06,646.35,1284.02,669.62,1,3.0
915,386,person,1328.65,630.96,1345.72,656.16,0,1.0
1106,324,car,1085.15,676.53,1115.28,720.0,1,3.0
1106,473,car,1120.75,638.06,1147.4,685.28,0,1.0
1135,324,car,1080.67,681.34,1110.54,715.19,1,3.0
1135,488,car,1149.93,722.75,1172.03,742.22,0,1.0
1192,324,car,1080.63,684.42,1108.96,718.43,1,3.0
1192,524,person,1177.5,664.72,1190.34,686.92,0,1.0
1345,324,car,1082.63,684.76,1110.87,718.97,1,3.0
1345,555,car,1150.91,724.93,1172.59,743.46,0,1.0
1582,324,car,1081.77,686.05,1112.05,724.53,1,3.0
1582,626,car,1098.39,605.6,1125.18,632.28,0,1.0
1023,335,car,1131.52,771.53,1154.8,788.27,1,3.0
1023,22,car,1105.26,704.7,1133.23,762.2,0,1.0
1060,335,car,1133.1,768.39,1154.73,783.13,1,3.0
1060,351,car,1105.96,702.28,1133.85,758.16,0,1.0
864,341,person,1186.03,614.6,1197.8,636.06,1,3.0
864,292,car,1201.39,599.19,1233.54,624.22,0,1.0
969,345,motorcycle,1020.92,700.62,1047.09,731.95,1,3.0
969,22,car,1102.42,708.91,1129.73,765.49,0,1.0
1073,351,car,1112.49,693.43,1141.14,750.56,1,3.0
1073,324,car,1087.08,674.7,1116.09,719.21,0,1.0
824,353,car,1333.99,590.94,1367.09,617.29,1,3.0
824,231,person,1399.31,487.32,1413.93,518.19,0,1.0
825,353,car,1333.45,591.48,1366.57,613.46,1,3.0
825,354,person,1355.35,512.83,1378.53,546.66,0,1.0
899,354,person,1385.03,513.39,1405.05,548.22,1,3.0
899,231,person,1398.55,487.88,1413.68,514.52,0,1.0
838,359,bus,1042.15,792.52,1069.6,849.8,1,3.0
838,323,motorcycle,1020.26,740.67,1040.98,770.85,0,1.0
940,382,person,1454.01,628.43,1470.05,658.31,1,3.0
940,389,person,1501.03,651.1,1517.46,673.61,0,1.0
928,382,person,1448.6,636.43,1462.12,658.01,1,3.0
928,392,person,1459.6,625.95,1478.04,651.78,0,1.0
1063,384,car,1090.55,780.81,1113.5,815.44,1,3.0
1063,22,car,1107.14,699.76,1135.38,757.22,0,1.0
1061,384,car,1088.65,782.24,1111.93,818.56,1,3.0
1061,335,car,1132.53,768.01,1155.45,789.23,0,1.0
1111,384,car,1095.85,776.63,1118.31,815.57,1,3.0
1111,351,car,1110.72,695.6,1139.91,752.56,0,1.0
1108,384,car,1096.34,775.96,1118.75,814.68,1,3.0
1108,465,car,1045.03,752.25,1070.91,792.3,0,1.0
1347,384,car,1087.28,784.24,1109.9,825.21,1,3.0
1347,469,car,1132.37,769.88,1154.45,791.32,0,1.0
1325,384,car,1087.99,784.91,1109.27,822.35,1,3.0
1325,481,car,1010.75,706.76,1044.88,743.48,0,1.0
1196,384,car,1086.32,783.83,1108.69,822.73,1,3.0
1196,491,car,1026.15,704.71,1063.64,746.22,0,1.0
1312,384,car,1088.31,784.52,1109.31,823.74,1,3.0
1312,558,person,1041.43,768.88,1057.33,798.91,0,1.0
1557,384,car,1088.22,786.61,1111.53,827.58,1,3.0
1557,652,car,1017.37,723.0,1051.14,775.08,0,1.0
1171,384,car,1085.52,783.88,1108.07,824.26,1,3.0
1171,664,car,757.53,674.81,803.96,725.76,0,1.0
924,388,car,1384.29,537.92,1422.7,562.75,1,3.0
924,231,person,1398.44,487.33,1413.07,512.45,0,1.0
914,388,car,1365.73,538.46,1406.09,567.83,1,3.0
914,354,person,1390.73,517.72,1400.31,538.94,0,1.0
928,392,person,1459.6,625.95,1478.04,651.78,1,3.0
928,389,person,1501.15,650.49,1516.95,674.06,0,1.0
988,405,motorcycle,1431.23,547.41,1456.47,565.07,1,3.0
988,388,car,1484.86,545.16,1521.96,569.46,0,1.0
947,405,motorcycle,1496.19,635.92,1517.0,651.86,1,3.0
947,389,person,1500.99,649.96,1517.44,673.48,0,1.0
999,411,person,1254.85,615.39,1266.93,639.55,1,3.0
999,428,car,1257.22,604.18,1291.34,628.69,0,1.0
1110,428,car,1222.12,584.63,1257.85,608.48,1,3.0
1110,158,person,1258.04,623.05,1270.45,652.89,0,1.0
1050,428,car,1239.67,597.63,1273.61,621.01,1,3.0
1050,457,person,1281.22,611.41,1295.57,636.13,0,1.0
1160,428,car,1202.65,593.93,1234.82,616.19,1,3.0
1160,505,person,1239.19,630.35,1253.46,652.34,0,1.0
1179,428,car,1196.5,596.01,1239.91,625.76,1,3.0
1179,513,person,1226.78,610.88,1236.67,629.1,0,1.0
1022,436,motorcycle,1162.98,672.58,1177.79,696.67,1,3.0
1022,292,car,1133.88,593.77,1170.87,619.7,0,1.0
1034,437,car,1139.98,739.03,1165.18,764.79,1,3.0
1034,324,car,1079.88,683.77,1110.26,727.94,0,1.0
1020,437,car,1145.0,725.48,1172.57,754.34,1,3.0
1020,436,motorcycle,1162.48,673.14,1176.01,696.8,0,1.0
1053,453,person,1359.53,498.32,1373.06,519.1,1,3.0
1053,231,person,1393.75,477.13,1408.93,506.31,0,1.0
1062,454,person,1342.5,489.37,1359.0,516.99,1,3.0
1062,453,person,1355.79,493.73,1368.97,514.6,0,1.0
1070,465,car,1023.49,726.54,1056.45,767.73,1,3.0
1070,22,car,1111.25,694.88,1140.79,752.35,0,1.0
1068,465,car,1022.08,725.82,1054.22,768.43,1,3.0
1068,351,car,1110.14,696.59,1138.45,753.64,0,1.0
1113,465,car,1045.55,757.0,1071.61,799.32,1,3.0
1113,384,car,1095.17,776.86,1117.69,819.31,0,1.0
1069,466,person,1420.35,471.28,1443.62,498.06,1,3.0
1069,467,person,1453.29,489.17,1476.3,512.77,0,1.0
1261,466,person,1420.49,489.44,1440.89,515.1,1,3.0
1261,554,motorcycle,1435.26,498.57,1457.87,520.22,0,1.0
1282,469,car,1132.56,760.15,1156.04,783.21,1,3.0
1282,22,car,1105.21,703.91,1133.27,759.37,0,1.0
1135,469,car,1131.52,755.0,1155.51,781.75,1,3.0
1135,351,car,1104.8,701.7,1134.47,759.06,0,1.0
1267,469,car,1132.43,768.21,1154.44,787.46,1,3.0
1267,558,person,1043.86,705.39,1057.58,734.47,0,1.0
1316,469,car,1132.4,767.96,1153.56,786.1,1,3.0
1316,585,motorcycle,1049.52,690.72,1064.67,716.96,0,1.0
1117,482,person,1334.96,479.75,1348.61,508.63,1,3.0
1117,231,person,1393.54,463.79,1406.56,494.07,0,1.0
1113,488,car,1155.64,714.46,1178.02,735.2,1,3.0
1113,292,car,1104.69,588.45,1135.1,613.21,0,1.0
1114,490,car,1136.08,777.43,1157.74,795.26,1,3.0
1114,469,car,1138.91,761.68,1160.84,782.68,0,1.0
1185,491,car,1021.34,701.61,1058.93,740.29,1,3.0
1185,469,car,1131.48,768.65,1154.05,783.18,0,1.0
1169,505,person,1243.39,624.52,1260.69,654.35,1,3.0
1169,158,person,1249.82,629.86,1265.69,663.69,0,1.0
1151,505,person,1236.4,625.88,1251.85,654.61,1,3.0
1151,428,car,1208.49,595.92,1237.1,615.6,0,1.0
1159,513,person,1234.93,609.86,1245.72,630.61,1,3.0
1159,158,person,1252.83,633.91,1264.71,663.63,0,1.0
1172,516,car,1149.82,569.53,1190.08,606.64,1,3.0
1172,428,car,1196.92,594.22,1233.36,617.28,0,1.0
1188,521,person,1354.43,612.76,1367.55,636.48,1,3.0
1188,512,person,1369.59,625.35,1381.02,649.12,0,1.0
1226,521,person,1361.2,619.76,1380.18,650.91,1,3.0
1226,535,person,1388.12,613.7,1398.44,634.13,0,1.0
1189,523,car,1375.88,524.26,1417.72,553.66,1,3.0
1189,231,person,1393.5,475.72,1406.77,503.55,0,1.0
1356,524,person,1181.62,645.75,1193.59,667.93,1,3.0
1356,568,car,1136.33,596.15,1175.25,624.97,0,1.0
1268,528,person,1327.89,619.89,1345.06,644.07,1,3.0
1268,564,person,1398.77,615.62,1413.12,638.84,0,1.0
1218,532,person,1294.28,606.41,1309.41,629.74,1,3.0
1218,548,person,1338.9,489.48,1348.31,507.46,0,1.0
1231,532,person,1287.03,606.55,1302.26,631.97,1,3.0
1231,554,motorcycle,1337.27,539.11,1359.78,554.94,0,1.0
1731,548,person,1358.7,487.09,1375.78,513.37,1,3.0
1731,231,person,1395.12,474.91,1410.38,505.64,0,1.0
1255,554,motorcycle,1376.35,539.83,1399.71,554.27,1,3.0
1255,231,person,1394.39,476.2,1407.67,507.84,0,1.0
1281,554,motorcycle,1419.86,540.79,1443.5,555.45,1,3.0
1281,466,person,1420.8,489.44,1443.21,515.63,0,1.0
1294,554,motorcycle,1460.71,639.49,1483.91,664.0,1,3.0
1294,529,person,1527.25,629.73,1538.34,656.39,0,1.0
1234,554,motorcycle,1342.28,539.21,1364.79,555.63,1,3.0
1234,548,person,1339.41,489.61,1348.5,507.77,0,1.0
1260,554,motorcycle,1460.87,521.05,1483.11,541.07,1,3.0
1260,552,person,1517.2,487.66,1545.73,512.1,0,1.0
1238,555,car,1151.32,724.42,1172.17,741.82,1,3.0
1238,524,person,1178.44,665.82,1190.49,685.75,0,1.0
1243,558,person,1050.91,677.64,1064.44,705.26,1,3.0
1243,22,car,1105.09,703.42,1133.95,759.77,0,1.0
1241,558,person,1051.22,675.62,1064.32,703.93,1,3.0
1241,324,car,1080.68,684.56,1110.91,727.75,0,1.0
1250,558,person,1049.02,685.14,1062.57,712.09,1,3.0
1250,351,car,1105.45,703.74,1132.13,756.4,0,1.0
1313,558,person,1041.88,770.6,1057.13,800.4,1,3.0
1313,384,car,1088.22,784.55,1109.31,824.3,0,1.0
1271,558,person,1043.35,709.87,1056.41,739.79,1,3.0
1271,469,car,1132.42,769.36,1153.8,784.45,0,1.0
1304,558,person,1041.22,755.33,1055.9,786.02,1,3.0
1304,585,motorcycle,1042.57,672.74,1059.62,702.95,0,1.0
1272,567,person,1156.61,679.05,1167.7,699.13,1,3.0
1272,524,person,1178.55,665.87,1190.57,684.71,0,1.0
1271,568,car,1165.03,596.65,1223.08,622.27,1,3.0
1271,158,person,1254.44,635.25,1266.5,664.86,0,1.0
1294,572,car,1059.95,772.97,1085.05,821.55,1,3.0
1294,384,car,1086.86,784.7,1109.16,829.27,0,1.0
1322,572,car,1069.69,803.61,1095.47,844.89,1,3.0
1322,558,person,1043.23,786.22,1056.86,816.4,0,1.0
1306,585,motorcycle,1043.1,676.3,1059.25,702.91,1,3.0
1306,22,car,1105.22,702.95,1132.57,760.16,0,1.0
1351,596,car,1140.34,577.24,1165.57,598.77,1,3.0
1351,158,person,1254.98,635.7,1266.58,664.49,0,1.0
1468,626,car,1106.99,599.64,1144.81,628.13,1,3.0
1468,628,person,1151.47,598.2,1164.7,622.45,0,1.0
1474,627,car,1053.5,774.2,1078.43,818.05,1,3.0
1474,384,car,1088.22,784.67,1111.59,829.69,0,1.0
1485,628,person,1162.44,600.66,1171.33,622.28,1,3.0
1485,158,person,1256.06,635.96,1267.53,665.28,0,1.0
1485,631,person,1167.98,665.87,1179.68,688.64,1,3.0
1485,626,car,1109.35,599.84,1139.1,627.9,0,1.0
1535,641,car,1129.46,787.91,1153.17,807.62,1,3.0
1535,469,car,1133.9,770.99,1156.65,785.7,0,1.0
1555,648,motorcycle,1395.03,582.71,1421.99,607.02,1,3.0
1555,231,person,1394.65,478.15,1409.22,507.84,0,1.0
1561,648,motorcycle,1413.32,630.18,1432.64,654.57,1,3.0
1561,647,motorcycle,1461.31,635.69,1491.69,656.46,0,1.0
1538,652,car,1008.63,708.24,1040.38,750.95,1,3.0
1538,469,car,1133.91,771.03,1156.57,785.6,0,1.0
731,664,car,597.28,459.0,643.79,502.38,1,3.0
731,22,car,1102.08,709.54,1130.02,766.81,0,1.0
738,664,car,600.35,458.4,654.96,505.75,1,3.0
738,252,car,1102.42,709.54,1131.07,767.16,0,1.0
1171,664,car,757.53,674.81,803.96,725.76,1,3.0
1171,469,car,1131.11,768.81,1153.23,782.93,0,1.0
1775,676,car,1134.81,768.66,1157.93,783.49,1,3.0
1775,22,car,1107.07,702.65,1135.33,757.51,0,1.0
1610,680,motorcycle,1056.9,733.86,1071.44,762.17,1,3.0
1610,469,car,1133.45,771.09,1155.72,786.12,0,1.0
1621,685,motorcycle,1031.2,694.79,1046.66,721.3,1,3.0
1621,22,car,1106.55,703.9,1136.33,760.94,0,1.0
1619,685,motorcycle,1058.88,744.92,1072.79,772.66,1,3.0
1619,469,car,1133.48,770.76,1155.77,785.58,0,1.0
1654,696,car,1368.1,523.48,1445.01,566.23,1,3.0
1654,231,person,1396.45,476.19,1410.01,505.44,0,1.0
1681,700,motorcycle,1055.28,752.33,1071.45,779.67,1,3.0
1681,469,car,1133.99,770.63,1155.83,786.65,0,1.0
1668,700,motorcycle,1113.48,828.93,1129.58,852.75,1,3.0
1668,641,car,1130.55,788.29,1153.95,806.31,0,1.0
1833,728,motorcycle,1058.11,676.45,1072.92,704.87,1,3.0
1833,22,car,1108.45,699.59,1136.24,756.56,0,1.0
1829,728,motorcycle,1057.9,672.39,1073.58,700.28,1,3.0
1829,324,car,1081.6,681.29,1112.01,726.39,0,1.0
1822,728,motorcycle,1026.23,697.85,1041.58,722.62,1,3.0
1822,676,car,1135.52,766.37,1158.51,781.03,0,1.0
1866,730,motorcycle,1106.74,606.58,1129.18,631.03,1,3.0
1866,759,motorcycle,1143.89,581.04,1167.55,605.47,0,1.0
1922,730,motorcycle,1146.43,581.41,1172.36,603.16,1,3.0
1922,772,person,1259.86,626.32,1273.52,656.86,0,1.0
1955,730,motorcycle,1105.71,607.66,1129.95,631.69,1,3.0
1955,789,car,1145.14,634.8,1171.11,680.51,0,1.0
1932,730,motorcycle,1136.87,608.25,1161.6,629.61,1,3.0
1932,798,person,1238.12,638.85,1251.16,661.44,0,1.0
1872,759,motorcycle,1232.07,596.9,1258.37,618.55,1,3.0
1872,772,person,1258.39,625.56,1270.52,655.64,0,1.0
1853,763,person,1471.58,475.32,1488.03,504.95,1,3.0
1853,765,person,1502.28,491.48,1514.47,512.12,0,1.0
1854,768,person,1395.88,467.35,1407.85,492.81,1,3.0
1854,763,person,1471.92,475.15,1487.79,503.8,0,1.0
1956,773,car,1124.05,640.83,1148.96,684.95,1,3.0
1956,730,motorcycle,1104.24,609.41,1127.32,632.49,0,1.0
1890,778,person,1395.44,464.54,1408.71,496.93,1,3.0
1890,781,person,1472.92,479.17,1484.21,500.12,0,1.0
1926,789,car,1145.92,634.99,1173.06,677.0,1,3.0
1926,730,motorcycle,1147.32,610.91,1172.01,632.69,0,1.0
1973,790,motorcycle,1207.92,576.29,1233.63,597.31,1,3.0
1973,772,person,1260.54,626.59,1272.81,656.3,0,1.0
1932,790,motorcycle,1075.03,631.34,1090.52,654.72,1,3.0
1932,773,car,1121.95,640.89,1148.95,690.62,0,1.0
1961,790,motorcycle,1097.25,610.6,1120.5,633.88,1,3.0
1961,789,car,1144.89,634.71,1170.39,680.56,0,1.0
1964,790,motorcycle,1155.66,564.17,1179.72,586.17,1,3.0
1964,798,person,1238.48,638.9,1251.49,663.0,0,1.0
1979,802,car,1137.46,779.65,1160.95,799.05,1,3.0
1979,676,car,1140.83,763.62,1163.34,781.47,0,1.0
2055,816,person,1246.2,618.62,1264.53,655.41,1,3.0
2055,772,person,1261.24,627.15,1274.38,656.77,0,1.0
2020,816,person,1229.63,624.36,1243.14,647.29,1,3.0
2020,798,person,1239.5,639.05,1252.96,661.04,0,1.0
2372,816,person,1259.33,625.65,1273.33,656.37,1,3.0
2372,907,person,1332.48,609.64,1343.76,632.44,0,1.0
2832,816,person,1259.35,625.94,1273.01,656.78,1,3.0
2832,941,motorcycle,1283.91,568.84,1307.58,590.55,0,1.0
2610,816,person,1259.02,624.89,1272.5,656.33,1,3.0
2610,1003,person,1331.86,609.38,1343.32,632.06,0,1.0
2829,816,person,1259.4,625.7,1273.57,656.77,1,3.0
2829,1050,person,1332.02,609.73,1343.29,633.24,0,1.0
3074,816,person,1259.38,625.57,1273.34,656.82,1,3.0
3074,1135,person,1332.56,609.76,1343.29,632.3,0,1.0
3792,816,person,1263.84,625.07,1278.33,655.67,1,3.0
3792,1340,motorcycle,1271.96,624.07,1289.36,649.31,0,1.0
3900,816,person,1262.6,619.82,1278.34,654.3,1,3.0
3900,1404,person,1291.12,599.07,1306.59,625.6,0,1.0
4690,816,person,1265.81,604.95,1279.71,640.14,1,3.0
4690,1688,motorcycle,1264.04,594.74,1278.24,617.13,0,1.0
6132,816,person,1266.74,605.62,1287.82,638.39,1,3.0
6132,2058,motorcycle,1301.25,550.84,1321.96,575.16,0,1.0
2074,817,motorcycle,1125.16,738.84,1144.7,762.79,1,3.0
2074,22,car,1112.76,698.87,1141.0,755.69,0,1.0
2075,817,motorcycle,1147.36,737.14,1167.93,758.24,1,3.0
2075,324,car,1087.38,682.2,1116.16,726.09,0,1.0
2207,817,motorcycle,1136.88,779.61,1161.54,804.32,1,3.0
2207,676,car,595.98,592.44,639.94,623.04,0,1.0
2122,817,motorcycle,1163.0,698.42,1187.17,717.62,1,3.0
2122,789,car,1144.98,635.97,1171.18,681.93,0,1.0
2073,817,motorcycle,1062.85,743.63,1079.69,775.15,1,3.0
2073,809,car,1018.84,683.98,1051.99,726.83,0,1.0
2076,817,motorcycle,1154.22,736.68,1175.18,756.71,1,3.0
2076,818,car,1122.59,641.88,1148.98,688.9,0,1.0
2653,817,motorcycle,1097.1,805.71,1114.92,831.51,1,3.0
2653,821,car,1097.57,779.97,1118.61,814.95,0,1.0
2169,817,motorcycle,1158.95,718.33,1181.16,737.08,1,3.0
2169,856,motorcycle,1176.75,685.53,1197.94,705.55,0,1.0
2749,817,motorcycle,1134.88,780.37,1160.7,805.2,1,3.0
2749,1054,car,1139.76,764.05,1161.66,779.72,0,1.0
2041,818,car,1126.49,641.43,1149.57,675.57,1,3.0
2041,789,car,1146.13,635.74,1173.43,680.47,0,1.0
2890,821,car,1098.36,781.18,1118.82,814.02,1,3.0
2890,22,car,1112.01,698.67,1140.15,756.2,0,1.0
2058,821,car,1098.14,779.82,1119.56,816.28,1,3.0
2058,817,motorcycle,1068.93,736.33,1084.15,762.06,0,1.0
2372,821,car,1096.01,779.4,1118.66,815.95,1,3.0
2372,942,person,1043.13,688.25,1057.89,715.9,0,1.0
2560,821,car,1096.0,780.57,1118.96,822.19,1,3.0
2560,1000,car,1057.31,745.02,1081.56,788.73,0,1.0
2650,821,car,1096.86,780.19,1118.57,816.97,1,3.0
2650,1006,car,1039.44,718.74,1070.95,767.65,0,1.0
2846,821,car,1096.86,780.93,1118.8,819.56,1,3.0
2846,1014,car,1045.35,750.53,1077.35,806.27,0,1.0
2767,821,car,1096.31,779.52,1118.29,815.36,1,3.0
2767,1037,car,1062.57,748.66,1087.92,793.46,0,1.0
3025,821,car,1096.62,780.29,1118.98,815.34,1,3.0
3025,1114,car,1088.28,742.88,1109.7,787.58,0,1.0
3479,821,car,1097.62,780.46,1120.66,813.46,1,3.0
3479,1121,car,1030.61,704.04,1067.59,758.78,0,1.0
3185,821,car,1099.15,779.01,1119.61,811.87,1,3.0
3185,1149,car,1072.67,717.65,1100.04,763.36,0,1.0
3109,821,car,1097.66,779.49,1119.49,812.92,1,3.0
3109,1150,car,1089.57,740.99,1110.92,787.7,0,1.0
2051,825,person,1375.18,493.58,1390.67,517.35,1,3.0
2051,830,person,1424.1,476.33,1441.71,513.03,0,1.0
2069,825,person,1386.06,496.29,1399.91,513.49,1,3.0
2069,835,person,1399.43,489.06,1415.41,512.67,0,1.0
2124,825,person,1404.73,489.09,1416.5,509.18,1,3.0
2124,842,motorcycle,1399.24,526.69,1426.17,543.44,0,1.0
2151,825,person,1397.55,476.36,1413.57,509.04,1,3.0
2151,868,person,1433.79,496.52,1449.36,519.31,0,1.0
2530,826,motorcycle,1121.02,737.42,1141.88,761.68,1,3.0
2530,22,car,1112.41,698.46,1140.59,753.28,0,1.0
2533,826,motorcycle,1163.38,712.81,1185.36,732.0,1,3.0
2533,817,motorcycle,1161.7,698.82,1185.87,719.22,0,1.0
2499,826,motorcycle,1059.36,766.75,1076.29,794.18,1,3.0
2499,821,car,1098.88,780.71,1118.76,813.51,0,1.0
2464,826,motorcycle,1069.22,797.4,1083.83,821.67,1,3.0
2464,969,motorcycle,1115.18,798.61,1136.68,824.27,0,1.0
2529,826,motorcycle,1055.45,753.22,1074.4,786.1,1,3.0
2529,1000,car,1047.75,711.27,1072.93,755.57,0,1.0
2150,835,person,1359.04,489.98,1376.46,513.14,1,3.0
2150,825,person,1397.93,482.36,1413.46,509.38,0,1.0
2054,835,person,1406.86,491.44,1421.47,514.48,1,3.0
2054,830,person,1423.56,477.03,1440.71,512.43,0,1.0
2071,835,person,1393.64,488.43,1414.6,512.15,1,3.0
2071,840,person,1398.05,465.83,1411.4,493.75,0,1.0
2112,835,person,1377.03,487.87,1393.34,511.39,1,3.0
2112,842,motorcycle,1382.91,527.65,1408.37,543.49,0,1.0
2179,835,person,1345.22,485.38,1362.06,511.49,1,3.0
2179,874,motorcycle,1380.59,525.42,1403.1,543.04,0,1.0
2574,840,person,1396.31,464.02,1409.53,503.68,1,3.0
2574,955,person,1397.15,484.85,1411.87,507.57,0,1.0
2123,842,motorcycle,1397.95,526.76,1424.71,543.65,1,3.0
2123,825,person,1405.36,488.63,1417.55,509.45,0,1.0
2108,842,motorcycle,1376.91,529.15,1399.87,544.63,1,3.0
2108,835,person,1379.26,488.33,1394.69,511.59,0,1.0
2120,842,motorcycle,1393.84,526.89,1420.83,543.39,1,3.0
2120,840,person,1397.79,465.8,1410.71,492.85,0,1.0
2146,847,person,1240.03,637.21,1255.42,661.58,1,3.0
2146,816,person,1260.55,627.55,1273.56,657.62,0,1.0
2169,856,motorcycle,1176.75,685.53,1197.94,705.55,1,3.0
2169,789,car,1145.36,635.85,1170.76,681.72,0,1.0
2111,856,motorcycle,1233.6,596.01,1255.22,622.64,1,3.0
2111,816,person,1260.87,627.17,1273.43,657.21,0,1.0
2124,856,motorcycle,1215.5,607.05,1234.33,629.87,1,3.0
2124,847,person,1240.01,639.64,1254.33,662.85,0,1.0
2136,862,car,1048.67,723.92,1077.03,767.61,1,3.0
2136,22,car,1112.72,699.09,1141.3,755.68,0,1.0
2153,866,person,1524.32,486.43,1539.94,511.85,1,3.0
2153,861,person,1544.95,494.63,1560.44,516.23,0,1.0
2182,868,person,1452.5,494.69,1469.5,517.47,1,3.0
2182,875,motorcycle,1481.29,523.6,1508.59,541.95,0,1.0
2263,871,car,1059.65,628.11,1085.0,674.78,1,3.0
2263,817,motorcycle,1162.37,697.46,1187.08,717.09,0,1.0
2197,874,motorcycle,1369.39,521.34,1392.33,541.47,1,3.0
2197,825,person,1386.57,486.45,1397.95,509.33,0,1.0
2186,874,motorcycle,1392.17,525.17,1415.91,542.39,1,3.0
2186,840,person,1398.51,465.2,1410.99,491.83,0,1.0
2196,874,motorcycle,1408.42,524.32,1431.75,542.33,1,3.0
2196,868,person,1460.59,492.49,1475.1,514.6,0,1.0
2203,874,motorcycle,1402.16,522.82,1424.65,541.49,1,3.0
2203,875,motorcycle,1421.12,475.01,1443.93,499.44,0,1.0
2218,874,motorcycle,1442.98,524.95,1464.8,541.27,1,3.0
2218,885,person,1522.73,485.81,1538.3,511.85,0,1.0
2275,874,motorcycle,1383.54,571.2,1407.03,595.35,1,3.0
2275,912,car,1380.99,512.34,1422.75,541.95,0,1.0
2282,874,motorcycle,1368.18,570.92,1390.38,595.0,1,3.0
2282,914,motorcycle,1356.8,492.34,1380.27,519.57,0,1.0
2204,875,motorcycle,1378.3,503.78,1401.59,526.96,1,3.0
2204,825,person,1384.77,486.02,1397.34,509.01,0,1.0
2201,875,motorcycle,1448.49,490.11,1472.76,512.66,1,3.0
2201,868,person,1463.37,492.7,1476.06,513.72,0,1.0
2546,887,motorcycle,1041.69,666.0,1059.34,697.33,1,3.0
2546,22,car,1112.5,698.4,1140.24,753.82,0,1.0
2249,901,car,1136.68,777.17,1161.24,803.04,1,3.0
2249,676,car,594.98,592.59,639.62,632.09,0,1.0
2402,907,person,1332.74,610.13,1347.53,635.19,1,3.0
2402,941,motorcycle,1364.25,489.69,1386.15,513.32,0,1.0
2280,914,motorcycle,1357.01,492.7,1379.87,519.61,1,3.0
2280,874,motorcycle,1372.04,570.83,1395.62,595.45,0,1.0
2309,914,motorcycle,1379.48,520.07,1402.41,541.95,1,3.0
2309,912,car,1425.38,512.69,1465.4,542.03,0,1.0
2332,914,motorcycle,1412.57,522.16,1436.55,541.58,1,3.0
2332,934,person,1479.36,483.51,1495.41,505.75,0,1.0
2374,918,person,1125.98,641.48,1145.23,687.1,1,3.0
2374,939,car,1091.87,603.34,1125.71,632.2,0,1.0
2337,939,car,1136.46,587.15,1174.66,624.05,1,3.0
2337,847,person,1238.91,638.09,1252.94,659.93,0,1.0
2346,940,motorcycle,1220.85,573.35,1243.42,594.69,1,3.0
2346,816,person,1259.38,625.74,1271.7,656.1,0,1.0
2340,940,motorcycle,1233.89,571.88,1256.97,596.35,1,3.0
2340,907,person,1332.52,609.29,1343.99,632.94,0,1.0
2402,940,motorcycle,1125.32,577.37,1146.78,602.2,1,3.0
2402,957,car,1146.68,596.8,1187.68,631.02,0,1.0
2849,941,motorcycle,1228.35,586.88,1251.72,611.94,1,3.0
2849,816,person,1259.44,626.98,1271.06,656.5,0,1.0
2575,941,motorcycle,1370.02,492.3,1396.31,521.86,1,3.0
2575,840,person,1396.37,464.15,1409.59,505.18,0,1.0
2343,941,motorcycle,1363.32,487.18,1385.01,513.88,1,3.0
2343,914,motorcycle,1428.83,522.8,1450.43,541.57,0,1.0
2568,941,motorcycle,1369.69,492.74,1393.29,521.4,1,3.0
2568,955,person,1398.8,484.71,1414.33,508.92,0,1.0
2427,941,motorcycle,1364.36,492.27,1386.82,512.38,1,3.0
2427,965,person,1423.22,478.24,1436.67,501.51,0,1.0
2690,941,motorcycle,1370.37,493.41,1398.98,517.5,1,3.0
2690,1021,person,1420.83,473.97,1434.59,495.66,0,1.0
2628,941,motorcycle,1370.42,493.39,1399.35,518.7,1,3.0
2628,1030,person,1378.11,478.82,1394.47,509.37,0,1.0
2743,941,motorcycle,1371.43,494.64,1398.12,515.46,1,3.0
2743,1047,motorcycle,1406.47,519.65,1433.28,540.25,0,1.0
2832,941,motorcycle,1283.91,568.84,1307.58,590.55,1,3.0
2832,1050,person,1332.02,609.75,1343.31,633.15,0,1.0
2740,941,motorcycle,1371.17,494.15,1398.24,519.06,1,3.0
2740,1051,motorcycle,1400.98,517.3,1427.74,537.97,0,1.0
2360,942,person,1040.9,671.47,1056.69,700.77,1,3.0
2360,22,car,1111.71,697.89,1140.24,755.25,0,1.0
2403,946,car,1061.74,1004.03,1088.67,1048.07,1,3.0
2403,960,car,1009.31,1003.18,1040.35,1064.94,0,1.0
2386,949,person,1046.53,661.67,1062.28,695.26,1,3.0
2386,22,car,1112.19,698.65,1140.67,754.93,0,1.0
2385,949,person,1046.32,660.04,1061.55,692.19,1,3.0
2385,817,motorcycle,1161.9,698.58,1185.51,717.43,0,1.0
2395,955,person,1458.04,481.54,1475.38,511.88,1,3.0
2395,959,motorcycle,1494.42,519.64,1513.06,541.29,0,1.0
2387,957,car,1159.44,597.04,1199.76,630.22,1,3.0
2387,816,person,1259.55,626.53,1270.82,656.52,0,1.0
2401,957,car,1147.86,596.61,1188.47,630.93,1,3.0
2401,940,motorcycle,1151.87,568.64,1173.04,592.13,0,1.0
2468,957,car,1096.26,606.73,1133.98,638.78,1,3.0
2468,970,motorcycle,1132.33,586.15,1153.7,607.84,0,1.0
2402,960,car,1008.95,1004.55,1042.12,1070.21,1,3.0
2402,946,car,1061.6,1002.18,1088.54,1045.91,0,1.0
2446,962,person,1325.39,493.73,1339.39,513.74,1,3.0
2446,941,motorcycle,1363.85,493.56,1386.39,511.76,0,1.0
2457,965,person,1429.91,478.37,1443.29,502.27,1,3.0
2457,955,person,1436.01,490.18,1450.59,513.37,0,1.0
2431,969,motorcycle,1058.98,736.26,1075.77,761.4,1,3.0
2431,22,car,1111.98,697.5,1140.53,754.32,0,1.0
2467,969,motorcycle,1139.43,781.73,1165.37,806.85,1,3.0
2467,676,car,591.56,593.81,636.32,634.58,0,1.0
2464,969,motorcycle,1115.18,798.61,1136.68,824.27,1,3.0
2464,821,car,1099.84,780.4,1118.75,813.07,0,1.0
2462,969,motorcycle,1064.89,831.8,1078.51,858.15,1,3.0
2462,826,motorcycle,1068.92,795.6,1084.92,820.32,0,1.0
2432,970,motorcycle,1202.34,583.55,1224.45,604.78,1,3.0
2432,816,person,1259.69,626.26,1270.95,656.44,0,1.0
2562,995,car,964.94,806.83,1001.32,872.03,1,3.0
2562,821,car,1095.7,780.36,1118.91,823.71,0,1.0
2528,995,car,982.37,852.33,1014.78,913.26,1,3.0
2528,826,motorcycle,1068.54,818.63,1082.2,848.52,0,1.0
2509,1000,car,1041.11,692.14,1064.69,738.97,1,3.0
2509,22,car,1112.39,698.6,1140.9,756.33,0,1.0
2576,1000,car,1062.54,764.23,1087.12,812.38,1,3.0
2576,821,car,1095.62,779.85,1119.23,824.05,0,1.0
2530,1000,car,1047.65,712.53,1073.24,758.05,1,3.0
2530,826,motorcycle,1121.02,737.42,1141.88,761.68,0,1.0
2554,1000,car,1057.45,737.33,1080.78,772.73,1,3.0
2554,887,motorcycle,1045.02,678.18,1063.46,708.05,0,1.0
2659,1003,person,1333.06,605.01,1348.69,632.33,1,3.0
2659,998,person,1341.09,477.95,1351.06,496.16,0,1.0
2604,1006,car,1019.59,679.61,1054.56,727.21,1,3.0
2604,22,car,1112.23,698.38,1141.06,754.31,0,1.0
2686,1006,car,1049.73,752.79,1077.66,802.74,1,3.0
2686,821,car,1096.5,779.22,1118.16,812.79,0,1.0
2678,1006,car,1048.04,744.89,1076.55,794.6,1,3.0
2678,1037,car,1043.55,687.15,1066.5,731.22,0,1.0
2616,1007,car,958.54,866.46,989.88,922.35,1,3.0
2616,1000,car,1074.65,824.36,1095.4,860.4,0,1.0
2742,1014,car,1016.02,676.23,1055.2,736.02,1,3.0
2742,22,car,1111.68,698.01,1139.75,754.53,0,1.0
2847,1014,car,1045.59,751.53,1077.45,808.54,1,3.0
2847,821,car,1097.08,780.81,1118.82,817.46,0,1.0
2806,1014,car,1034.1,718.34,1070.51,776.23,1,3.0
2806,1082,car,1088.56,742.54,1110.11,787.08,0,1.0
2648,1030,person,1374.79,476.41,1388.62,498.75,1,3.0
2648,941,motorcycle,1370.69,493.91,1398.92,520.01,0,1.0
2628,1030,person,1378.11,478.82,1394.47,509.37,1,3.0
2628,1021,person,1422.49,475.03,1436.83,502.48,0,1.0
2629,1030,person,1377.51,478.71,1394.37,512.33,1,3.0
2629,1031,person,1404.65,567.73,1418.54,591.04,0,1.0
2832,1036,car,1063.18,659.07,1085.46,695.0,1,3.0
2832,1060,motorcycle,1105.88,606.8,1130.12,632.24,0,1.0
2836,1036,car,1062.92,659.23,1085.4,698.74,1,3.0
2836,1093,car,1120.48,642.15,1148.4,689.28,0,1.0
2681,1037,car,1043.88,688.93,1066.95,733.38,1,3.0
2681,22,car,1112.17,697.67,1139.47,752.84,0,1.0
2785,1037,car,1067.63,763.73,1091.04,807.32,1,3.0
2785,821,car,1098.98,779.9,1118.57,814.97,0,1.0
2742,1037,car,1056.29,730.06,1083.92,775.65,1,3.0
2742,1014,car,1016.02,676.23,1055.2,736.02,0,1.0
2716,1047,motorcycle,1353.73,520.84,1378.83,541.0,1,3.0
2716,941,motorcycle,1370.16,494.31,1398.71,519.8,0,1.0
2742,1047,motorcycle,1409.17,507.66,1435.44,529.44,1,3.0
2742,1021,person,1420.72,474.65,1435.91,499.78,0,1.0
2715,1047,motorcycle,1352.13,519.47,1378.83,541.06,1,3.0
2715,1030,person,1360.29,469.72,1376.77,495.88,0,1.0
2721,1047,motorcycle,1373.94,520.89,1389.15,535.41,1,3.0
2721,1051,motorcycle,1380.05,599.45,1404.36,620.47,0,1.0
2735,1049,person,1364.48,604.18,1377.85,638.24,1,3.0
2735,1048,motorcycle,1415.36,612.12,1434.77,635.79,0,1.0
2723,1051,motorcycle,1380.07,599.47,1406.76,623.92,1,3.0
2723,941,motorcycle,1370.64,494.55,1399.01,520.35,0,1.0
2741,1051,motorcycle,1403.05,516.09,1430.06,536.71,1,3.0
2741,1021,person,1420.83,474.76,1436.77,501.37,0,1.0
2742,1051,motorcycle,1412.52,581.61,1434.68,604.29,1,3.0
2742,1047,motorcycle,1409.17,507.66,1435.44,529.44,0,1.0
3332,1054,car,1141.17,749.91,1166.05,775.18,1,3.0
3332,22,car,1114.0,695.97,1141.86,752.56,0,1.0
3333,1054,car,1140.86,747.63,1166.35,775.36,1,3.0
3333,1226,car,1113.99,696.03,1143.22,753.28,0,1.0
2769,1060,motorcycle,1221.88,575.21,1245.74,600.67,1,3.0
2769,816,person,1259.08,626.26,1270.75,656.63,0,1.0
2764,1060,motorcycle,1231.87,572.95,1256.21,598.64,1,3.0
2764,1050,person,1331.54,609.49,1343.42,633.56,0,1.0
2832,1060,motorcycle,1105.88,606.8,1130.12,632.24,1,3.0
2832,1063,car,1145.28,635.55,1169.13,675.63,0,1.0
2785,1060,motorcycle,1190.31,585.42,1213.9,607.95,1,3.0
2785,1068,motorcycle,1216.26,591.58,1242.31,615.9,0,1.0
2802,1063,car,1144.0,635.76,1169.11,679.48,1,3.0
2802,1060,motorcycle,1158.66,594.38,1183.26,616.78,0,1.0
2834,1063,car,1146.52,635.09,1169.24,669.07,1,3.0
2834,1068,motorcycle,1142.51,602.53,1169.67,626.89,0,1.0
2786,1068,motorcycle,1214.87,591.64,1240.74,615.9,1,3.0
2786,816,person,1259.16,626.47,1270.76,656.7,0,1.0
2851,1068,motorcycle,1095.19,615.65,1115.62,637.97,1,3.0
2851,1063,car,1144.28,635.88,1168.87,681.95,0,1.0
2812,1082,car,1093.04,743.51,1110.16,775.14,1,3.0
2812,22,car,1112.06,698.75,1140.33,755.54,0,1.0
2900,1089,car,1136.4,780.07,1160.39,801.03,1,3.0
2900,1054,car,1139.93,764.93,1161.71,779.72,0,1.0
2858,1093,car,1123.5,642.09,1148.2,677.91,1,3.0
2858,1063,car,1144.23,635.85,1168.76,681.81,0,1.0
2910,1095,motorcycle,1375.63,496.34,1397.33,523.52,1,3.0
2910,840,person,1392.89,465.76,1407.86,493.5,0,1.0
2928,1111,car,1063.95,659.86,1084.24,695.54,1,3.0
2928,1063,car,1143.3,636.67,1168.17,682.34,0,1.0
2918,1111,car,1064.73,659.51,1084.41,692.62,1,3.0
2918,1093,car,1119.98,643.11,1147.78,697.32,0,1.0
2938,1114,car,1093.64,744.49,1109.28,775.78,1,3.0
2938,22,car,1111.65,699.85,1139.12,756.35,0,1.0
3011,1118,car,995.43,967.15,1024.51,1029.34,1,3.0
3011,1123,car,1058.97,958.5,1092.18,1015.78,0,1.0
3453,1121,car,1017.4,676.26,1055.73,730.67,1,3.0
3453,22,car,1113.68,697.08,1141.54,751.78,0,1.0
3464,1121,car,1023.62,687.8,1061.44,743.25,1,3.0
3464,1149,car,1074.17,718.74,1101.1,763.69,0,1.0
3527,1121,car,1050.2,750.28,1084.76,804.55,1,3.0
3527,1197,motorcycle,1032.77,683.47,1048.27,711.95,0,1.0
3459,1121,car,1020.47,682.59,1058.49,737.61,1,3.0
3459,1226,car,1112.61,697.25,1141.32,753.81,0,1.0
3528,1121,car,1050.4,751.27,1085.05,805.48,1,3.0
3528,1287,car,1074.29,722.45,1100.68,766.84,0,1.0
3577,1121,car,1065.05,805.94,1094.84,861.32,1,3.0
3577,1304,car,1095.97,780.67,1122.2,820.64,0,1.0
3012,1123,car,1058.94,960.16,1090.89,1017.31,1,3.0
3012,1118,car,995.1,966.33,1024.01,1028.28,0,1.0
3038,1135,person,1332.0,609.21,1347.14,634.85,1,3.0
3038,998,person,1340.76,479.56,1350.4,497.65,0,1.0
3598,1141,motorcycle,1419.11,596.36,1452.48,636.5,1,3.0
3598,1285,person,1435.81,596.16,1452.5,625.68,0,1.0
3093,1149,car,1079.54,697.71,1107.68,740.1,1,3.0
3093,22,car,1112.41,697.82,1140.77,752.95,0,1.0
3117,1149,car,1077.79,703.14,1104.65,749.05,1,3.0
3117,1164,car,1112.71,697.06,1140.8,751.2,0,1.0
3369,1149,car,1076.31,717.43,1100.61,761.99,1,3.0
3369,1226,car,1112.79,697.56,1142.32,753.39,0,1.0
3265,1164,car,1110.08,694.85,1141.89,752.61,1,3.0
3265,1173,car,1064.49,655.98,1086.73,701.09,0,1.0
3165,1173,car,1066.38,657.18,1086.59,691.36,1,3.0
3165,1161,car,1121.18,640.05,1148.83,687.63,0,1.0
3163,1173,car,1065.7,657.23,1086.57,695.17,1,3.0
3163,1184,car,1121.17,640.19,1148.84,687.65,0,1.0
3294,1173,car,1066.56,654.77,1087.01,688.77,1,3.0
3294,1198,person,1091.87,633.74,1107.54,681.55,0,1.0
3159,1176,person,1240.55,639.84,1253.42,669.25,1,3.0
3159,816,person,1259.91,625.24,1271.99,655.49,0,1.0
3527,1197,motorcycle,1032.77,683.47,1048.27,711.95,1,3.0
3527,22,car,1115.01,698.99,1143.52,756.38,0,1.0
3533,1197,motorcycle,1035.77,689.55,1050.63,718.22,1,3.0
3533,1226,car,1114.91,698.86,1143.02,756.18,0,1.0
3544,1197,motorcycle,1040.79,700.37,1054.2,727.41,1,3.0
3544,1287,car,1079.5,722.45,1101.04,753.98,0,1.0
3314,1198,person,1091.0,631.36,1107.8,676.03,1,3.0
3314,1184,car,1122.64,638.27,1149.78,685.85,0,1.0
3373,1226,car,1110.85,696.91,1143.14,753.12,1,3.0
3373,1173,car,1069.04,657.53,1086.36,688.9,0,1.0
3891,1226,car,1115.2,696.45,1143.52,752.98,1,3.0
3891,1398,motorcycle,1165.87,696.83,1189.41,715.06,0,1.0
3353,1228,person,1342.02,478.36,1353.96,507.65,1,3.0
3353,1210,motorcycle,1372.14,483.53,1395.06,511.61,0,1.0
3377,1228,person,1343.18,478.37,1356.2,502.96,1,3.0
3377,1241,person,1358.79,488.53,1379.56,511.84,0,1.0
3366,1232,car,1358.7,521.44,1383.64,541.42,1,3.0
3366,1210,motorcycle,1365.17,486.42,1392.24,511.48,0,1.0
3623,1285,person,1425.6,597.5,1439.75,617.14,1,3.0
3623,1294,motorcycle,1437.44,499.4,1455.74,519.88,0,1.0
3548,1286,motorcycle,1397.76,525.91,1419.49,542.77,1,3.0
3548,1225,person,1399.59,464.47,1412.86,492.73,0,1.0
3551,1286,motorcycle,1404.33,525.58,1426.55,543.04,1,3.0
3551,1294,motorcycle,1405.95,502.69,1424.76,523.91,0,1.0
3543,1287,car,1078.67,722.45,1101.03,755.23,1,3.0
3543,1197,motorcycle,1040.23,699.45,1054.0,726.67,0,1.0
3544,1287,car,1079.5,722.45,1101.04,753.98,1,3.0
3544,1226,car,1115.01,698.65,1143.1,756.51,0,1.0
3619,1294,motorcycle,1423.24,497.79,1443.87,518.1,1,3.0
3619,1285,person,1427.09,596.9,1442.3,619.91,0,1.0
3592,1294,motorcycle,1426.79,478.02,1447.94,498.68,1,3.0
3592,1286,motorcycle,1495.89,523.78,1518.94,541.8,0,1.0
3651,1294,motorcycle,1485.26,484.75,1506.16,508.65,1,3.0
3651,1314,person,1508.84,487.07,1528.79,513.15,0,1.0
3719,1304,car,1101.31,781.69,1123.68,816.56,1,3.0
3719,22,car,1116.46,698.2,1146.46,756.26,0,1.0
3898,1304,car,1098.85,779.43,1122.39,814.86,1,3.0
3898,1226,car,1115.33,696.12,1143.66,754.29,0,1.0
3716,1304,car,1101.38,781.47,1123.86,816.54,1,3.0
3716,1325,car,1015.23,695.05,1052.32,724.5,0,1.0
4494,1304,car,1113.71,775.64,1135.65,817.53,1,3.0
4494,1371,car,1062.6,726.17,1095.18,777.64,0,1.0
3890,1304,car,1099.03,779.56,1122.37,814.39,1,3.0
3890,1372,person,1075.27,685.03,1091.53,711.35,0,1.0
4112,1304,car,1097.72,781.48,1121.26,821.78,1,3.0
4112,1398,motorcycle,1099.67,779.87,1112.52,805.28,0,1.0
4365,1304,car,1112.12,773.51,1135.59,810.04,1,3.0
4365,1414,car,1052.78,724.92,1091.64,774.19,0,1.0
4217,1304,car,1106.82,777.79,1129.43,813.24,1,3.0
4217,1454,motorcycle,1142.67,734.76,1154.8,756.6,0,1.0
4445,1304,car,1111.74,775.45,1134.66,812.47,1,3.0
4445,1480,motorcycle,1070.4,752.96,1085.92,781.22,0,1.0
4148,1304,car,1095.93,782.79,1120.4,823.52,1,3.0
4148,1482,motorcycle,1114.49,765.53,1136.11,791.95,0,1.0
4308,1304,car,1112.42,773.59,1135.87,814.95,1,3.0
4308,1536,car,1104.99,734.43,1123.95,771.15,0,1.0
4321,1304,car,1112.53,772.81,1135.97,810.19,1,3.0
4321,1566,car,1010.19,716.14,1041.31,756.51,0,1.0
4477,1304,car,1112.91,774.41,1134.98,811.55,1,3.0
4477,1610,car,1102.23,736.12,1122.85,781.97,0,1.0
3617,1312,person,1340.75,478.86,1359.85,511.48,1,3.0
3617,1294,motorcycle,1397.81,496.39,1419.44,513.99,0,1.0
3710,1314,person,1519.7,494.75,1534.68,515.04,1,3.0
3710,1340,motorcycle,1554.27,530.61,1579.09,556.11,0,1.0
3687,1325,car,1029.18,690.55,1065.43,726.53,1,3.0
3687,1226,car,1116.44,698.6,1145.23,755.64,0,1.0
3674,1328,person,1039.34,671.48,1055.83,700.54,1,3.0
3674,1226,car,1116.33,698.32,1144.73,755.84,0,1.0
3691,1329,car,1141.48,780.25,1164.31,799.0,1,3.0
3691,1240,car,1145.32,765.2,1167.39,779.82,0,1.0
3712,1340,motorcycle,1468.0,487.71,1512.51,506.45,1,3.0
3712,1314,person,1520.43,494.79,1534.91,513.12,0,1.0
3817,1340,motorcycle,1305.51,619.28,1327.77,641.4,1,3.0
3817,1345,person,1344.82,477.51,1354.76,496.42,0,1.0
3877,1340,motorcycle,1435.56,612.73,1455.82,637.02,1,3.0
3877,1392,person,1446.46,600.04,1461.85,623.09,0,1.0
3716,1342,person,1245.08,614.59,1259.08,638.47,1,3.0
3716,816,person,1264.27,626.68,1276.9,657.02,0,1.0
3758,1355,person,1425.89,486.58,1437.19,516.07,1,3.0
3758,1359,person,1431.7,477.09,1445.44,500.51,0,1.0
3825,1363,motorcycle,1505.22,498.49,1528.76,513.52,1,3.0
3825,1381,person,1560.11,492.64,1575.81,510.8,0,1.0
3880,1363,motorcycle,1423.57,520.24,1449.3,541.69,1,3.0
3880,1387,person,1431.2,474.86,1442.64,499.47,0,1.0
3855,1363,motorcycle,1525.93,504.82,1547.41,526.71,1,3.0
3855,1393,person,1532.12,483.03,1559.25,511.5,0,1.0
4447,1371,car,1030.99,660.21,1069.72,710.99,1,3.0
4447,1226,car,1122.02,687.79,1152.68,743.86,0,1.0
4446,1371,car,1030.48,659.07,1069.01,709.78,1,3.0
4446,1587,car,1121.98,687.83,1152.77,744.34,0,1.0
4485,1371,car,1057.33,712.99,1091.29,763.93,1,3.0
4485,1610,car,1102.77,736.08,1122.96,781.92,0,1.0
4498,1371,car,1064.36,732.07,1096.93,783.54,1,3.0
4498,1612,car,1024.01,676.81,1060.42,711.33,0,1.0
3864,1372,person,1057.45,666.63,1072.8,691.12,1,3.0
3864,1226,car,1116.03,696.41,1144.2,753.15,0,1.0
3859,1372,person,1053.96,662.22,1070.14,686.55,1,3.0
3859,1398,motorcycle,1166.22,696.63,1190.41,715.63,0,1.0
3816,1378,person,1456.4,486.21,1475.22,512.82,1,3.0
3816,1363,motorcycle,1500.55,497.16,1523.11,511.86,0,1.0
3860,1380,person,1253.96,616.5,1269.4,649.66,1,3.0
3860,816,person,1263.94,624.98,1277.39,654.52,0,1.0
3861,1387,person,1431.93,475.1,1445.6,500.17,1,3.0
3861,1363,motorcycle,1502.48,522.82,1525.41,539.7,0,1.0
3827,1387,person,1428.75,475.47,1445.19,501.05,1,3.0
3827,1378,person,1462.36,486.66,1477.25,511.46,0,1.0
4151,1398,motorcycle,1211.1,647.06,1229.56,669.97,1,3.0
4151,816,person,1260.23,625.04,1273.79,655.37,0,1.0
4004,1398,motorcycle,1137.0,740.63,1155.76,763.69,1,3.0
4004,1226,car,1115.14,694.47,1143.47,752.43,0,1.0
4055,1398,motorcycle,1120.09,794.07,1133.33,816.56,1,3.0
4055,1304,car,1099.62,781.14,1122.3,814.47,0,1.0
3974,1398,motorcycle,1165.37,695.5,1188.87,714.08,1,3.0
3974,1438,person,1177.04,615.4,1188.25,635.46,0,1.0
4076,1398,motorcycle,1119.83,782.96,1131.52,806.09,1,3.0
4076,1454,motorcycle,1052.82,726.85,1069.04,755.62,0,1.0
4121,1398,motorcycle,1161.83,711.09,1184.52,732.01,1,3.0
4121,1472,motorcycle,1163.3,691.45,1188.25,714.65,0,1.0
4115,1398,motorcycle,1116.21,766.1,1128.52,790.91,1,3.0
4115,1482,motorcycle,1043.95,682.02,1060.45,708.15,0,1.0
3870,1400,motorcycle,1410.61,518.61,1437.33,540.13,1,3.0
3870,1387,person,1431.71,474.92,1444.86,499.94,0,1.0
3917,1400,motorcycle,1495.64,520.32,1521.27,538.27,1,3.0
3917,1418,motorcycle,1509.42,607.68,1529.07,626.43,0,1.0
3881,1404,person,1301.25,599.76,1314.83,622.91,1,3.0
3881,1345,person,1344.71,476.6,1354.24,495.55,0,1.0
4310,1414,car,1019.27,674.51,1060.3,721.95,1,3.0
4310,1226,car,1123.73,685.44,1152.63,743.99,0,1.0
4383,1414,car,1065.67,746.34,1100.91,796.34,1,3.0
4383,1304,car,1112.38,773.73,1135.42,807.49,0,1.0
4459,1414,car,1088.71,853.7,1112.02,887.49,1,3.0
4459,1480,motorcycle,1075.28,773.71,1089.26,801.5,0,1.0
4407,1414,car,1077.38,778.67,1110.85,828.12,1,3.0
4407,1592,car,1111.96,774.39,1134.86,808.31,0,1.0
3925,1418,motorcycle,1479.29,613.52,1501.45,634.88,1,3.0
3925,1340,motorcycle,1507.63,608.06,1530.06,640.74,0,1.0
3965,1438,person,1179.59,614.22,1190.62,635.87,1,3.0
3965,816,person,1262.96,623.05,1275.81,653.44,0,1.0
4120,1454,motorcycle,1149.69,735.83,1171.56,758.15,1,3.0
4120,1226,car,1113.64,694.82,1141.84,752.73,0,1.0
4087,1454,motorcycle,1058.41,749.96,1072.72,777.08,1,3.0
4087,1398,motorcycle,1118.59,779.51,1130.67,802.49,0,1.0
4151,1454,motorcycle,1160.51,709.16,1184.0,733.89,1,3.0
4151,1472,motorcycle,1162.34,683.62,1187.11,716.93,0,1.0
4147,1454,motorcycle,1117.38,758.72,1129.87,782.79,1,3.0
4147,1482,motorcycle,1059.87,725.8,1073.27,752.7,0,1.0
4202,1454,motorcycle,1142.44,723.78,1163.01,749.03,1,3.0
4202,1517,car,1101.6,661.96,1128.48,710.09,0,1.0
4095,1467,person,1433.43,480.72,1447.57,506.13,1,3.0
4095,1474,person,1440.59,490.73,1457.3,514.16,0,1.0
4079,1471,person,1215.67,619.44,1228.5,646.52,1,3.0
4079,816,person,1261.81,622.51,1272.29,651.99,0,1.0
4185,1472,motorcycle,1151.36,737.56,1173.32,757.75,1,3.0
4185,1226,car,1115.61,695.62,1143.9,752.14,0,1.0
4127,1472,motorcycle,1163.27,693.1,1187.85,715.19,1,3.0
4127,1398,motorcycle,1170.29,674.24,1181.74,693.28,0,1.0
4181,1472,motorcycle,1153.59,718.39,1179.02,742.41,1,3.0
4181,1454,motorcycle,1160.89,712.56,1183.16,734.75,0,1.0
4104,1478,person,1383.48,468.92,1399.28,494.82,1,3.0
4104,1467,person,1426.36,473.25,1445.71,505.8,0,1.0
4385,1480,motorcycle,1041.49,672.32,1056.79,697.39,1,3.0
4385,1226,car,1122.51,686.86,1152.08,744.56,0,1.0
4453,1480,motorcycle,1074.42,765.45,1087.45,792.36,1,3.0
4453,1304,car,1112.01,776.01,1134.56,810.61,0,1.0
4446,1480,motorcycle,1071.96,755.21,1086.24,782.49,1,3.0
4446,1371,car,1030.48,659.07,1069.01,709.78,0,1.0
4387,1480,motorcycle,1043.13,674.73,1058.15,700.41,1,3.0
4387,1587,car,1119.61,686.7,1151.77,745.12,0,1.0
4450,1480,motorcycle,1073.73,759.92,1087.03,787.69,1,3.0
4450,1592,car,1111.79,775.72,1134.79,810.33,0,1.0
4107,1482,motorcycle,1042.27,672.07,1056.18,696.85,1,3.0
4107,1226,car,1114.08,694.54,1142.09,751.67,0,1.0
4120,1482,motorcycle,1049.58,689.6,1062.93,714.89,1,3.0
4120,1454,motorcycle,1149.69,735.83,1171.56,758.15,0,1.0
4163,1485,person,1372.61,495.06,1389.16,514.62,1,3.0
4163,1478,person,1396.72,459.98,1410.57,500.05,0,1.0
4181,1485,person,1381.75,493.51,1395.69,512.5,1,3.0
4181,1498,person,1394.61,465.46,1415.79,505.38,0,1.0
4172,1500,motorcycle,1356.56,582.6,1379.07,605.81,1,3.0
4172,1485,person,1376.69,494.39,1389.82,511.79,0,1.0
4209,1520,car,1155.11,593.18,1193.35,630.12,1,3.0
4209,816,person,1263.47,616.99,1276.33,647.09,0,1.0
4352,1520,car,1157.81,585.63,1200.93,623.45,1,3.0
4352,1530,car,1176.36,546.55,1229.69,584.55,0,1.0
4211,1522,person,1358.12,491.05,1371.93,512.1,1,3.0
4211,1523,person,1380.14,471.07,1393.2,490.67,0,1.0
4219,1522,person,1362.27,488.37,1375.65,510.18,1,3.0
4219,1530,car,1355.67,546.76,1408.87,585.92,0,1.0
4249,1522,person,1370.9,465.68,1388.13,500.59,1,3.0
4249,1541,person,1411.91,471.3,1426.03,495.64,0,1.0
4317,1530,car,1217.81,543.93,1269.7,582.18,1,3.0
4317,816,person,1267.19,607.04,1280.3,637.3,0,1.0
4399,1530,car,1128.19,554.8,1178.14,593.31,1,3.0
4399,1520,car,1158.07,587.49,1196.95,623.98,0,1.0
4221,1530,car,1352.51,546.77,1405.84,583.8,1,3.0
4221,1522,person,1363.34,487.53,1376.18,509.68,0,1.0
4251,1530,car,1308.09,537.3,1371.27,574.98,1,3.0
4251,1542,motorcycle,1347.31,496.84,1372.33,519.77,0,1.0
4378,1530,car,1148.12,548.76,1201.14,587.87,1,3.0
4378,1578,person,1245.57,599.05,1259.37,623.75,0,1.0
4299,1536,car,1105.72,733.5,1124.04,768.48,1,3.0
4299,1226,car,1123.78,685.58,1152.96,743.72,0,1.0
4310,1536,car,1103.98,734.63,1123.84,776.08,1,3.0
4310,1414,car,1019.27,674.51,1060.3,721.95,0,1.0
4255,1538,car,1153.23,622.95,1178.73,657.12,1,3.0
4255,1520,car,1157.28,585.79,1196.82,623.87,0,1.0
4634,1538,car,1153.37,625.24,1181.62,670.62,1,3.0
4634,1671,person,1170.53,640.66,1184.84,675.9,0,1.0
4253,1542,motorcycle,1352.46,497.29,1376.64,519.11,1,3.0
4253,1541,person,1413.65,472.03,1426.35,494.64,0,1.0
4283,1548,motorcycle,1144.79,563.14,1168.64,586.04,1,3.0
4283,1520,car,1158.05,582.51,1197.21,621.76,0,1.0
4264,1550,person,1381.52,479.61,1395.02,499.94,1,3.0
4264,1541,person,1421.7,470.25,1432.03,493.88,0,1.0
4278,1550,person,1388.11,478.49,1400.52,500.26,1,3.0
4278,1542,motorcycle,1411.67,494.44,1436.9,515.76,0,1.0
4298,1558,person,1018.85,826.74,1026.45,846.22,1,3.0
4298,1304,car,1113.02,773.27,1135.74,806.51,0,1.0
4379,1578,person,1244.93,599.03,1258.63,623.57,1,3.0
4379,816,person,1266.59,608.43,1278.32,638.14,0,1.0
4393,1583,person,1176.64,661.71,1188.51,683.88,1,3.0
4393,1538,car,1152.31,623.8,1179.37,668.93,0,1.0
4386,1584,car,1067.01,750.58,1101.88,799.52,1,3.0
4386,1304,car,1112.44,773.78,1135.26,807.51,0,1.0
4409,1584,car,1078.31,781.91,1110.14,830.96,1,3.0
4409,1592,car,1111.95,774.39,1134.9,808.47,0,1.0
4443,1592,car,1111.59,775.16,1134.49,816.77,1,3.0
4443,1480,motorcycle,1068.19,750.12,1084.68,777.8,0,1.0
4479,1592,car,1113.11,774.7,1135.16,811.95,1,3.0
4479,1610,car,1102.42,736.12,1122.74,781.98,0,1.0
4784,1603,person,1346.5,584.21,1359.43,610.99,1,3.0
4784,1715,car,1347.6,491.14,1385.98,523.3,0,1.0
4487,1610,car,1104.0,735.88,1123.06,776.87,1,3.0
4487,1226,car,1122.94,687.52,1152.7,745.77,0,1.0
4508,1612,car,1031.27,677.95,1068.59,716.47,1,3.0
4508,1226,car,1124.18,687.88,1153.0,744.14,0,1.0
4513,1612,car,1035.45,679.24,1071.89,720.13,1,3.0
4513,1587,car,1124.2,687.62,1153.9,743.9,0,1.0
4473,1616,motorcycle,1200.32,567.27,1225.98,590.82,1,3.0
4473,816,person,1265.82,610.32,1279.99,640.31,0,1.0
4508,1616,motorcycle,1193.81,623.32,1206.7,648.85,1,3.0
4508,1520,car,1158.97,587.9,1198.61,624.21,0,1.0
4587,1651,person,1231.24,616.73,1243.26,637.44,1,3.0
4587,816,person,1266.75,610.75,1279.08,640.13,0,1.0
4647,1671,person,1170.38,640.04,1183.25,665.36,1,3.0
4647,1520,car,1157.21,588.23,1198.07,624.19,0,1.0
4644,1671,person,1169.86,640.43,1183.15,673.07,1,3.0
4644,1538,car,1153.45,624.79,1184.71,670.61,0,1.0
4630,1676,car,1066.13,679.02,1092.93,732.43,1,3.0
4630,1226,car,1123.45,688.21,1153.24,744.52,0,1.0
4628,1676,car,1065.17,677.1,1093.6,731.41,1,3.0
4628,1587,car,1123.32,688.09,1153.03,744.9,0,1.0
4721,1676,car,1076.04,785.19,1106.72,839.53,1,3.0
4721,1697,car,1046.92,693.71,1078.66,741.43,0,1.0
4693,1680,car,1412.37,484.8,1484.12,519.23,1,3.0
4693,1678,motorcycle,1472.02,592.22,1493.34,615.85,0,1.0
4683,1682,person,1166.26,654.2,1178.87,687.61,1,3.0
4683,1520,car,1158.7,588.49,1197.96,625.0,0,1.0
4698,1682,person,1164.58,667.37,1176.35,689.94,1,3.0
4698,1689,motorcycle,1118.6,580.93,1145.49,602.59,0,1.0
4661,1685,person,1205.2,630.09,1215.38,653.08,1,3.0
4661,816,person,1267.26,610.13,1279.85,639.91,0,1.0
4726,1688,motorcycle,1177.1,630.96,1189.72,650.79,1,3.0
4726,1520,car,1158.44,588.86,1196.84,624.39,0,1.0
4723,1688,motorcycle,1283.64,591.79,1301.23,615.39,1,3.0
4723,1603,person,1348.6,589.7,1360.95,610.38,0,1.0
4696,1688,motorcycle,1308.44,602.6,1331.42,625.16,1,3.0
4696,1691,motorcycle,1335.02,576.85,1354.98,607.19,0,1.0
4684,1689,motorcycle,1145.17,571.24,1169.88,594.65,1,3.0
4684,1520,car,1158.69,588.73,1197.85,625.04,0,1.0
4724,1691,motorcycle,1190.91,668.41,1211.64,690.13,1,3.0
4724,1520,car,1158.52,588.72,1197.03,624.34,0,1.0
4706,1691,motorcycle,1336.08,576.5,1356.4,605.25,1,3.0
4706,1603,person,1349.44,589.87,1361.63,610.12,0,1.0
4725,1691,motorcycle,1171.99,686.63,1194.48,706.01,1,3.0
4725,1682,person,1162.39,669.98,1173.17,690.92,0,1.0
4721,1691,motorcycle,1291.96,584.36,1309.1,609.77,1,3.0
4721,1688,motorcycle,1305.48,602.17,1328.65,624.75,0,1.0
4734,1691,motorcycle,1171.88,687.65,1196.57,705.37,1,3.0
4734,1695,car,1130.96,632.35,1155.79,678.68,0,1.0
4722,1697,car,1047.71,694.89,1079.36,742.27,1,3.0
4722,1587,car,1123.84,688.11,1153.43,744.85,0,1.0
4785,1713,person,1298.28,579.32,1313.08,605.27,1,3.0
4785,1603,person,1346.37,581.92,1359.48,610.89,0,1.0
4817,1713,person,1311.14,574.18,1326.58,602.76,1,3.0
4817,1719,motorcycle,1301.23,548.58,1323.91,573.0,0,1.0
4797,1715,car,1373.09,491.31,1413.43,520.65,1,3.0
4797,1719,motorcycle,1420.55,573.38,1448.96,613.21,0,1.0
4852,1715,car,1481.47,484.38,1520.01,512.28,1,3.0
4852,1729,motorcycle,1474.41,591.51,1495.1,613.99,0,1.0
4811,1717,motorcycle,1302.28,574.66,1316.84,599.83,1,3.0
4811,1713,person,1308.69,575.79,1322.59,601.06,0,1.0
4843,1717,motorcycle,1329.01,573.73,1344.4,591.67,1,3.0
4843,1719,motorcycle,1336.6,574.65,1355.43,606.26,0,1.0
4865,1717,motorcycle,1423.62,494.8,1446.21,510.77,1,3.0
4865,1729,motorcycle,1472.16,590.6,1493.04,613.26,0,1.0
4803,1717,motorcycle,1308.31,575.46,1324.15,603.85,1,3.0
4803,1730,motorcycle,1336.06,575.68,1359.75,607.37,0,1.0
4862,1717,motorcycle,1407.9,522.3,1431.98,540.12,1,3.0
4862,1744,car,1413.22,500.04,1437.49,511.23,0,1.0
4798,1719,motorcycle,1366.57,552.17,1392.34,582.24,1,3.0
4798,1715,car,1375.07,491.19,1415.28,520.39,0,1.0
4819,1719,motorcycle,1297.61,548.49,1319.03,573.37,1,3.0
4819,1717,motorcycle,1312.29,573.59,1327.76,602.23,0,1.0
4828,1719,motorcycle,1337.18,574.57,1370.07,612.47,1,3.0
4828,1729,motorcycle,1420.02,572.06,1446.63,612.79,0,1.0
4806,1719,motorcycle,1323.83,546.28,1348.9,566.26,1,3.0
4806,1730,motorcycle,1334.77,575.13,1360.44,607.73,0,1.0
4849,1719,motorcycle,1337.26,578.36,1362.31,607.73,1,3.0
4849,1744,car,1383.38,500.57,1407.27,518.17,0,1.0
4819,1729,motorcycle,1420.29,573.98,1447.05,613.02,1,3.0
4819,1715,car,1416.36,488.8,1454.69,517.44,0,1.0
4816,1730,motorcycle,1348.08,493.09,1370.38,514.97,1,3.0
4816,1715,car,1410.28,489.02,1448.78,517.75,0,1.0
4805,1730,motorcycle,1335.06,575.69,1358.6,608.23,1,3.0
4805,1719,motorcycle,1326.18,545.31,1350.89,568.73,0,1.0
4886,1740,motorcycle,1146.34,569.31,1169.94,591.55,1,3.0
4886,1520,car,1158.92,585.99,1197.98,622.21,0,1.0
4901,1740,motorcycle,1093.02,613.32,1104.35,634.21,1,3.0
4901,1756,person,1157.73,671.31,1169.93,692.14,0,1.0
4849,1742,car,1094.23,845.58,1119.3,871.02,1,3.0
4849,1745,car,1113.3,774.61,1136.25,819.15,0,1.0
4894,1744,car,1485.06,498.3,1507.5,511.91,1,3.0
4894,1729,motorcycle,1471.67,589.8,1493.15,613.15,0,1.0
4903,1760,motorcycle,1086.86,717.93,1103.18,743.52,1,3.0
4903,1587,car,1124.1,686.21,1153.83,744.81,0,1.0
5114,1803,car,1113.93,779.7,1135.08,814.68,1,3.0
5114,1587,car,1121.64,686.97,1151.01,744.52,0,1.0
5184,1830,motorcycle,1060.74,722.05,1077.23,750.35,1,3.0
5184,1587,car,1121.63,687.29,1151.39,743.49,0,1.0
5200,1830,motorcycle,1085.36,778.32,1105.52,806.09,1,3.0
5200,1803,car,1112.95,779.93,1135.74,824.8,0,1.0
5198,1830,motorcycle,1069.94,745.02,1086.95,774.26,1,3.0
5198,1837,car,1103.71,743.09,1121.28,777.05,0,1.0
5271,1837,car,1103.25,741.51,1120.95,776.85,1,3.0
5271,1587,car,1121.56,686.98,1150.31,744.88,0,1.0
5226,1845,motorcycle,1231.63,568.7,1256.48,595.29,1,3.0
5226,816,person,1265.36,609.08,1277.52,638.79,0,1.0
5371,1876,car,1102.06,743.23,1120.83,777.5,1,3.0
5371,1587,car,1120.99,687.87,1150.18,747.17,0,1.0
5467,1876,car,1101.28,744.3,1120.51,780.22,1,3.0
5467,1866,car,1068.48,659.76,1101.25,701.46,0,1.0
5513,1876,car,1101.05,746.73,1121.25,783.77,1,3.0
5513,1916,car,1121.62,690.25,1151.48,749.0,0,1.0
5358,1880,person,1340.53,582.32,1356.06,609.27,1,3.0
5358,1879,person,1346.08,589.43,1358.3,612.9,0,1.0
5369,1887,person,967.59,866.45,982.98,904.72,1,3.0
5369,1888,bus,994.05,858.02,1031.41,919.87,0,1.0
5426,1897,car,1419.26,491.4,1442.75,511.32,1,3.0
5426,1905,person,1464.33,579.36,1479.24,600.9,0,1.0
5427,1903,car,1149.18,771.21,1171.19,789.52,1,3.0
5427,1892,car,1151.32,753.78,1174.03,768.91,0,1.0
5445,1905,person,1457.33,580.02,1471.06,601.66,1,3.0
5445,1910,car,1535.8,488.02,1575.89,515.21,0,1.0
5616,1916,car,1122.56,690.49,1151.86,747.65,1,3.0
5616,1937,car,1069.29,658.63,1102.81,701.39,0,1.0
5908,1925,car,1157.97,586.44,1201.25,622.62,1,3.0
5908,816,person,1265.49,607.51,1277.25,637.97,0,1.0
5659,1933,car,1155.19,626.89,1177.24,658.18,1,3.0
5659,1925,car,1157.93,590.14,1195.0,626.51,0,1.0
5652,1937,car,1066.15,653.85,1096.34,691.23,1,3.0
5652,1933,car,1152.96,627.24,1177.09,667.61,0,1.0
5756,1937,car,1075.82,677.31,1099.71,723.97,1,3.0
5756,1972,car,1122.12,688.91,1154.35,747.68,0,1.0
5616,1938,person,1346.26,590.84,1362.7,618.43,1,3.0
5616,1939,person,1364.45,479.88,1378.01,502.19,0,1.0
5587,1941,person,1294.46,583.45,1313.17,610.44,1,3.0
5587,1938,person,1346.13,592.69,1363.11,620.23,0,1.0
5631,1960,person,1047.02,661.22,1061.39,690.29,1,3.0
5631,1916,car,1122.31,690.52,1151.49,747.8,0,1.0
5666,1961,person,1215.29,586.17,1229.31,613.86,1,3.0
5666,1964,person,1243.47,595.42,1256.08,618.62,0,1.0
5695,1974,car,1378.6,553.7,1414.96,573.03,1,3.0
5695,1978,motorcycle,1443.64,591.05,1471.07,619.01,0,1.0
5685,1975,motorcycle,1319.42,598.27,1349.22,626.01,1,3.0
5685,1938,person,1346.52,583.07,1366.08,613.16,0,1.0
5684,1975,motorcycle,1371.74,577.65,1414.36,620.92,1,3.0
5684,1974,car,1384.18,555.51,1425.79,574.77,0,1.0
5694,1978,motorcycle,1371.79,580.26,1413.6,620.87,1,3.0
5694,1974,car,1379.73,553.91,1415.61,573.24,0,1.0
5833,2016,person,1323.29,479.26,1337.73,503.85,1,3.0
5833,2010,motorcycle,1369.94,577.12,1411.41,618.54,0,1.0
7111,2022,motorcycle,1172.62,687.37,1197.18,705.62,1,3.0
7111,2336,car,1153.15,625.29,1177.74,660.25,0,1.0
7241,2022,motorcycle,1217.63,636.57,1234.31,658.03,1,3.0
7241,2399,motorcycle,1184.21,572.19,1207.84,593.51,0,1.0
7197,2022,motorcycle,1169.49,702.07,1192.77,721.0,1,3.0
7197,2406,motorcycle,1190.44,672.08,1210.46,693.8,0,1.0
7298,2022,motorcycle,1196.24,554.2,1218.35,576.76,1,3.0
7298,2412,motorcycle,1238.87,623.39,1261.3,648.01,0,1.0
7238,2022,motorcycle,1182.94,653.93,1204.03,677.8,1,3.0
7238,2423,car,1157.39,590.18,1197.69,626.7,0,1.0
7271,2022,motorcycle,1226.82,557.47,1250.72,580.72,1,3.0
7271,2442,person,1265.09,613.99,1277.8,643.64,0,1.0
7211,2022,motorcycle,1171.93,689.73,1196.38,708.77,1,3.0
7211,2468,car,1129.99,634.49,1155.5,680.89,0,1.0
5951,2028,car,1153.28,621.93,1178.43,656.94,1,3.0
5951,2046,car,1140.41,564.62,1173.55,595.01,0,1.0
6401,2028,car,1151.75,619.5,1180.22,660.07,1,3.0
6401,2107,car,1157.21,589.69,1192.23,621.33,0,1.0
6511,2028,car,1153.32,621.48,1177.33,653.34,1,3.0
6511,2199,car,1157.78,565.64,1198.43,591.71,0,1.0
6690,2028,car,1152.76,621.6,1176.79,654.19,1,3.0
6690,2254,motorcycle,1190.06,665.25,1210.89,687.15,0,1.0
6749,2028,car,1146.01,609.45,1180.35,658.6,1,3.0
6749,2294,person,1232.26,600.73,1245.18,624.39,0,1.0
5993,2040,car,1426.82,483.52,1476.94,512.28,1,3.0
5993,2061,motorcycle,1506.65,478.86,1527.99,500.55,0,1.0
5945,2046,car,1144.44,562.58,1179.56,595.29,1,3.0
5945,816,person,1265.58,607.38,1277.88,637.08,0,1.0
5949,2046,car,1141.82,564.38,1175.98,595.12,1,3.0
5949,1925,car,1157.74,585.0,1196.75,621.54,0,1.0
5999,2055,car,1434.98,482.55,1486.2,513.51,1,3.0
5999,2061,motorcycle,1467.02,548.49,1487.94,569.78,0,1.0
5982,2057,motorcycle,1396.48,470.76,1412.85,498.08,1,3.0
5982,2055,car,1410.68,483.06,1462.51,515.27,0,1.0
5993,2058,motorcycle,1390.37,478.42,1417.92,515.64,1,3.0
5993,2040,car,1426.82,483.52,1476.94,512.28,0,1.0
5997,2058,motorcycle,1395.51,472.45,1421.83,515.7,1,3.0
5997,2055,car,1432.45,482.42,1483.47,513.76,0,1.0
5987,2058,motorcycle,1382.09,493.7,1405.4,516.75,1,3.0
5987,2057,motorcycle,1398.53,468.88,1415.9,497.65,0,1.0
6000,2058,motorcycle,1399.96,490.28,1424.64,516.37,1,3.0
6000,2061,motorcycle,1421.89,568.74,1445.46,591.04,0,1.0
5983,2060,motorcycle,1212.13,560.61,1235.75,582.95,1,3.0
5983,816,person,1265.6,607.07,1277.7,637.18,0,1.0
6000,2061,motorcycle,1421.89,568.74,1445.46,591.04,1,3.0
6000,2055,car,1436.25,482.73,1487.54,513.33,0,1.0
6345,2107,car,1157.87,586.48,1195.33,619.54,1,3.0
6345,816,person,1265.99,606.95,1277.99,636.56,0,1.0
6218,2122,car,1106.79,760.73,1131.62,797.5,1,3.0
6218,2123,car,1090.78,709.42,1118.44,755.01,0,1.0
6417,2123,car,1103.01,726.68,1126.72,762.72,1,3.0
6417,2023,car,1121.83,684.59,1151.4,742.84,0,1.0
6292,2139,motorcycle,1218.87,639.02,1234.43,657.06,1,3.0
6292,816,person,1266.22,606.94,1278.22,636.42,0,1.0
6297,2139,motorcycle,1171.9,700.57,1192.96,718.89,1,3.0
6297,2022,motorcycle,1172.8,683.54,1196.83,702.29,0,1.0
6296,2139,motorcycle,1184.31,684.4,1203.78,702.6,1,3.0
6296,2028,car,1152.66,621.1,1180.22,665.48,0,1.0
6241,2139,motorcycle,1148.81,570.35,1169.89,591.68,1,3.0
6241,2107,car,1157.96,585.65,1195.02,620.76,0,1.0
6267,2140,car,1030.05,669.55,1056.98,714.26,1,3.0
6267,1972,car,1122.54,683.67,1152.13,741.56,0,1.0
6268,2140,car,1030.36,670.17,1057.39,714.95,1,3.0
6268,2023,car,1122.44,683.61,1152.72,742.01,0,1.0
6331,2140,car,1045.82,700.26,1073.91,745.01,1,3.0
6331,2123,car,1100.39,726.47,1127.0,771.9,0,1.0
6310,2140,car,1040.86,691.37,1068.97,736.04,1,3.0
6310,2149,car,1070.99,711.3,1093.42,748.12,0,1.0
6422,2140,car,1073.42,780.85,1093.4,821.47,1,3.0
6422,2168,motorcycle,1097.02,775.48,1109.1,802.43,0,1.0
6382,2140,car,1062.06,741.26,1086.06,784.98,1,3.0
6382,2169,motorcycle,1076.92,717.86,1090.98,746.32,0,1.0
6286,2149,car,1065.17,691.54,1086.73,726.94,1,3.0
6286,1972,car,1122.8,684.43,1152.36,741.75,0,1.0
6288,2149,car,1066.97,693.04,1087.29,726.04,1,3.0
6288,2023,car,1122.69,684.49,1153.27,741.94,0,1.0
6311,2149,car,1070.46,712.15,1093.68,751.49,1,3.0
6311,2123,car,1100.45,726.28,1127.32,772.15,0,1.0
6313,2149,car,1070.22,713.57,1094.24,755.06,1,3.0
6313,2140,car,1043.51,693.01,1069.77,737.51,0,1.0
6332,2151,car,1118.87,783.28,1144.01,823.2,1,3.0
6332,2149,car,1075.93,730.38,1098.48,773.44,0,1.0
6556,2151,car,1116.47,813.14,1137.36,849.86,1,3.0
6556,2168,motorcycle,1149.44,831.5,1170.24,850.36,0,1.0
6313,2158,person,1051.15,656.33,1064.97,685.83,1,3.0
6313,2023,car,1122.73,684.54,1152.02,740.67,0,1.0
6343,2158,person,1058.78,681.61,1074.4,708.42,1,3.0
6343,2168,motorcycle,1066.79,665.37,1081.26,691.65,0,1.0
6326,2168,motorcycle,1063.0,642.41,1075.06,671.35,1,3.0
6326,2022,motorcycle,1172.3,683.06,1196.41,702.54,0,1.0
6330,2168,motorcycle,1063.6,647.66,1075.77,676.32,1,3.0
6330,2023,car,1122.68,684.26,1152.13,740.93,0,1.0
6477,2168,motorcycle,1074.93,727.53,1091.66,755.16,1,3.0
6477,2123,car,1099.67,727.21,1125.92,773.06,0,1.0
6413,2168,motorcycle,1093.95,755.55,1107.39,780.94,1,3.0
6413,2169,motorcycle,1084.43,746.31,1097.75,773.78,0,1.0
6429,2169,motorcycle,1066.1,683.82,1079.2,711.33,1,3.0
6429,2023,car,1121.88,684.93,1151.25,742.27,0,1.0
6382,2169,motorcycle,1076.92,717.86,1090.98,746.32,1,3.0
6382,2123,car,1101.27,727.45,1126.18,771.96,0,1.0
6322,2169,motorcycle,1081.43,683.74,1093.36,712.01,1,3.0
6322,2158,person,1052.92,663.84,1067.66,692.25,0,1.0
6360,2169,motorcycle,1065.42,696.48,1082.18,722.88,1,3.0
6360,2168,motorcycle,1073.06,684.77,1087.63,710.37,0,1.0
6388,2186,person,1119.65,611.44,1130.11,632.56,1,3.0
6388,2028,car,1152.25,622.21,1180.47,664.73,0,1.0
6666,2190,car,1130.22,627.34,1154.74,668.39,1,3.0
6666,2028,car,1151.78,620.78,1177.85,664.48,0,1.0
6422,2199,car,1161.29,564.97,1201.04,591.04,1,3.0
6422,816,person,1265.74,607.58,1276.5,637.39,0,1.0
6541,2199,car,1147.97,569.67,1195.74,599.08,1,3.0
6541,2215,motorcycle,1214.24,635.54,1232.71,656.21,0,1.0
6494,2215,motorcycle,1236.09,562.61,1257.63,586.86,1,3.0
6494,816,person,1265.41,607.53,1278.24,637.34,0,1.0
6540,2215,motorcycle,1209.84,640.26,1230.65,659.04,1,3.0
6540,2199,car,1148.34,569.52,1195.9,597.81,0,1.0
6797,2217,motorcycle,1068.74,650.4,1085.15,677.04,1,3.0
6797,2022,motorcycle,1170.13,683.66,1194.2,701.68,0,1.0
6554,2217,motorcycle,1056.83,654.56,1066.91,675.76,1,3.0
6554,2023,car,1121.52,684.13,1150.68,741.72,0,1.0
6800,2217,motorcycle,1068.72,656.94,1085.01,681.44,1,3.0
6800,2248,car,1120.65,684.53,1151.94,741.35,0,1.0
6640,2217,motorcycle,1030.3,689.64,1047.63,715.47,1,3.0
6640,2253,motorcycle,1058.38,687.43,1072.69,719.36,0,1.0
6735,2217,motorcycle,1083.08,742.96,1095.7,769.92,1,3.0
6735,2295,person,1038.91,698.63,1053.99,735.59,0,1.0
6519,2231,person,1316.1,579.57,1330.25,606.65,1,3.0
6519,2222,car,1340.18,496.68,1379.96,523.15,0,1.0
6578,2246,person,1058.39,687.29,1072.06,714.0,1,3.0
6578,2023,car,1121.31,684.49,1151.16,741.99,0,1.0
6586,2246,person,1063.44,701.35,1077.06,728.76,1,3.0
6586,2248,car,1121.25,684.3,1150.75,740.74,0,1.0
6614,2246,person,1074.51,751.77,1087.73,779.71,1,3.0
6614,2253,motorcycle,1045.43,661.02,1060.73,693.65,0,1.0
6616,2246,person,1075.56,754.92,1088.12,783.74,1,3.0
6616,2254,motorcycle,1135.73,731.26,1153.75,754.31,0,1.0
7522,2248,car,1121.16,690.81,1150.7,748.04,1,3.0
7522,2336,car,1153.2,627.74,1176.45,661.36,0,1.0
6617,2253,motorcycle,1045.68,662.66,1061.59,692.93,1,3.0
6617,2023,car,1121.09,684.02,1150.74,741.39,0,1.0
6656,2253,motorcycle,1066.33,704.2,1083.43,737.33,1,3.0
6656,2217,motorcycle,1042.98,676.88,1059.86,703.39,0,1.0
6614,2253,motorcycle,1045.43,661.02,1060.73,693.65,1,3.0
6614,2248,car,1121.18,684.11,1150.81,741.1,0,1.0
6794,2254,motorcycle,1160.68,716.57,1183.11,736.87,1,3.0
6794,2022,motorcycle,1170.14,683.67,1194.24,701.65,0,1.0
6684,2254,motorcycle,1188.2,668.39,1209.75,689.89,1,3.0
6684,2028,car,1152.51,621.25,1177.07,656.74,0,1.0
6696,2254,motorcycle,1173.98,692.19,1195.46,712.03,1,3.0
6696,2190,car,1128.33,628.94,1154.35,675.74,0,1.0
6600,2254,motorcycle,1068.84,724.47,1083.08,752.97,1,3.0
6600,2248,car,1121.18,683.8,1150.88,740.89,0,1.0
6616,2254,motorcycle,1135.73,731.26,1153.75,754.31,1,3.0
6616,2253,motorcycle,1045.38,662.78,1061.23,694.53,0,1.0
6714,2290,person,1243.69,595.18,1257.41,621.22,1,3.0
6714,816,person,1264.76,606.67,1277.16,636.88,0,1.0
6735,2294,person,1236.95,599.05,1250.9,625.94,1,3.0
6735,816,person,1264.81,606.6,1277.35,636.68,0,1.0
6767,2294,person,1224.98,603.48,1238.91,627.62,1,3.0
6767,2298,person,1248.98,610.05,1261.67,631.77,0,1.0
6743,2295,person,1044.29,703.16,1056.13,734.48,1,3.0
6743,2023,car,1121.43,685.06,1150.75,741.58,0,1.0
6744,2295,person,1045.37,704.13,1056.49,734.51,1,3.0
6744,2248,car,1121.35,684.93,1150.68,742.01,0,1.0
6940,2298,person,1248.5,611.6,1262.04,632.7,1,3.0
6940,816,person,1263.96,608.14,1276.74,637.85,0,1.0
6786,2299,motorcycle,1406.16,495.1,1435.48,514.1,1,3.0
6786,2249,motorcycle,1433.65,590.42,1457.63,609.34,0,1.0
6959,2323,car,1053.71,643.43,1084.32,688.92,1,3.0
6959,2248,car,1119.83,685.25,1149.6,742.51,0,1.0
6984,2336,car,1151.75,623.33,1175.68,655.45,1,3.0
6984,2375,person,1218.39,591.01,1230.17,614.62,0,1.0
7355,2336,car,1149.42,628.08,1177.44,670.69,1,3.0
7355,2399,motorcycle,1111.8,584.1,1136.54,611.93,0,1.0
7174,2336,car,1152.56,625.49,1178.92,663.43,1,3.0
7174,2406,motorcycle,1190.21,672.02,1210.85,693.52,0,1.0
7149,2336,car,1153.42,625.43,1177.75,660.29,1,3.0
7149,2420,motorcycle,1187.42,635.38,1207.36,654.62,0,1.0
8006,2336,car,1153.25,614.77,1175.96,650.0,1,3.0
8006,2423,car,1113.8,577.52,1152.07,614.88,0,1.0
7073,2367,motorcycle,1472.83,474.89,1496.42,498.6,1,3.0
7073,2406,motorcycle,1468.05,591.96,1488.04,614.96,0,1.0
7022,2393,person,1386.14,471.91,1397.81,494.95,1,3.0
7022,2367,motorcycle,1404.13,485.25,1428.72,510.54,0,1.0
7041,2394,person,1158.1,667.21,1169.9,689.44,1,3.0
7041,2022,motorcycle,1170.33,685.42,1195.51,703.83,0,1.0
7016,2394,person,1163.41,654.13,1175.52,682.44,1,3.0
7016,2336,car,1152.52,623.13,1176.44,652.28,0,1.0
7052,2399,motorcycle,1244.09,583.93,1267.12,606.57,1,3.0
7052,816,person,1264.2,609.03,1277.38,638.48,0,1.0
7248,2399,motorcycle,1151.31,574.63,1174.06,595.62,1,3.0
7248,2022,motorcycle,1216.1,639.55,1233.17,660.68,0,1.0
7396,2399,motorcycle,1053.03,652.68,1069.56,680.57,1,3.0
7396,2248,car,1120.48,691.22,1149.93,750.24,0,1.0
7471,2399,motorcycle,1066.01,639.37,1081.19,666.29,1,3.0
7471,2336,car,1152.82,626.91,1178.92,665.33,0,1.0
7118,2399,motorcycle,1234.04,609.84,1248.22,636.64,1,3.0
7118,2407,motorcycle,1251.36,585.78,1272.49,606.47,0,1.0
7395,2399,motorcycle,1053.33,652.12,1069.96,679.53,1,3.0
7395,2412,motorcycle,1158.12,727.9,1178.23,756.18,0,1.0
7132,2399,motorcycle,1235.9,615.49,1250.29,641.99,1,3.0
7132,2420,motorcycle,1201.93,560.43,1226.19,583.0,0,1.0
7282,2399,motorcycle,1138.56,571.23,1161.09,593.97,1,3.0
7282,2423,car,1157.16,591.98,1194.58,627.6,0,1.0
7231,2399,motorcycle,1255.28,605.95,1269.87,621.65,1,3.0
7231,2442,person,1265.72,613.29,1277.55,642.8,0,1.0
7617,2399,motorcycle,1079.0,728.84,1092.02,751.02,1,3.0
7617,2615,car,1100.64,731.42,1126.27,777.26,0,1.0
7642,2399,motorcycle,1068.07,716.4,1083.55,749.05,1,3.0
7642,2617,car,1100.49,730.97,1126.25,777.03,0,1.0
7853,2399,motorcycle,1096.25,602.35,1115.98,626.98,1,3.0
7853,2625,car,1132.33,626.05,1156.13,673.3,0,1.0
7837,2399,motorcycle,1053.63,651.19,1073.75,676.01,1,3.0
7837,2693,car,1125.33,682.7,1154.56,739.63,0,1.0
7211,2406,motorcycle,1175.21,697.71,1196.66,717.89,1,3.0
7211,2022,motorcycle,1171.93,689.73,1196.38,708.77,0,1.0
7149,2406,motorcycle,1188.9,672.68,1209.76,694.43,1,3.0
7149,2336,car,1153.42,625.43,1177.75,660.29,0,1.0
7139,2406,motorcycle,1243.58,618.49,1261.6,642.45,1,3.0
7139,2399,motorcycle,1259.54,601.28,1273.56,620.84,0,1.0
7140,2406,motorcycle,1216.84,634.8,1234.52,656.95,1,3.0
7140,2407,motorcycle,1222.18,594.14,1242.7,614.76,0,1.0
7138,2406,motorcycle,1280.55,612.06,1300.29,632.94,1,3.0
7138,2412,motorcycle,1287.93,571.81,1316.29,594.87,0,1.0
7141,2406,motorcycle,1191.15,663.78,1210.62,686.14,1,3.0
7141,2420,motorcycle,1187.04,637.67,1206.36,655.84,0,1.0
7415,2406,motorcycle,1201.42,653.19,1221.91,673.79,1,3.0
7415,2423,car,1156.38,590.76,1194.01,625.78,0,1.0
7131,2406,motorcycle,1422.98,567.2,1450.21,588.46,1,3.0
7131,2435,person,1435.49,475.43,1448.15,495.77,0,1.0
7212,2406,motorcycle,1169.76,706.78,1191.82,726.17,1,3.0
7212,2468,car,1129.86,634.5,1155.51,681.13,0,1.0
7425,2406,motorcycle,1391.07,572.74,1412.26,594.9,1,3.0
7425,2493,motorcycle,1434.36,595.18,1458.1,613.95,0,1.0
7175,2407,motorcycle,1200.58,569.11,1221.75,590.49,1,3.0
7175,2399,motorcycle,1239.01,622.26,1254.3,646.64,0,1.0
7139,2407,motorcycle,1223.45,594.96,1242.38,614.24,1,3.0
7139,2406,motorcycle,1243.58,618.49,1261.6,642.45,0,1.0
7181,2407,motorcycle,1158.92,562.46,1184.03,581.24,1,3.0
7181,2412,motorcycle,1238.63,619.54,1256.54,645.34,0,1.0
7118,2407,motorcycle,1251.36,585.78,1272.49,606.47,1,3.0
7118,2420,motorcycle,1241.98,567.66,1265.11,587.94,0,1.0
7176,2407,motorcycle,1201.78,566.37,1222.73,587.29,1,3.0
7176,2442,person,1265.32,611.15,1278.86,641.36,0,1.0
7379,2412,motorcycle,1155.29,730.68,1175.49,757.29,1,3.0
7379,2248,car,1119.83,692.1,1149.37,750.71,0,1.0
7369,2412,motorcycle,1186.64,676.04,1206.76,697.18,1,3.0
7369,2336,car,1150.03,628.73,1177.29,673.71,0,1.0
7176,2412,motorcycle,1248.46,570.18,1276.03,593.59,1,3.0
7176,2399,motorcycle,1285.33,609.17,1305.8,631.86,0,1.0
7137,2412,motorcycle,1289.35,571.69,1317.8,595.03,1,3.0
7137,2406,motorcycle,1301.7,600.31,1328.07,622.31,0,1.0
7362,2412,motorcycle,1204.45,654.86,1222.15,675.47,1,3.0
7362,2423,car,1155.32,592.96,1192.39,627.58,0,1.0
7180,2412,motorcycle,1240.35,606.63,1260.76,631.78,1,3.0
7180,2442,person,1265.49,610.96,1278.68,641.38,0,1.0
7353,2412,motorcycle,1306.31,606.02,1329.24,627.65,1,3.0
7353,2450,car,1325.4,494.44,1397.58,532.42,0,1.0
7416,2412,motorcycle,1100.69,799.79,1116.46,819.56,1,3.0
7416,2481,car,1070.85,763.81,1101.17,823.43,0,1.0
7357,2412,motorcycle,1305.51,606.21,1327.94,627.89,1,3.0
7357,2485,motorcycle,1351.15,476.11,1373.06,497.49,0,1.0
7415,2412,motorcycle,1113.89,788.98,1138.18,814.7,1,3.0
7415,2509,car,1099.23,731.65,1124.86,777.36,0,1.0
7227,2419,car,1110.12,827.47,1135.91,873.87,1,3.0
7227,2425,motorcycle,1153.96,788.74,1174.95,804.47,0,1.0
7229,2420,motorcycle,1255.52,568.85,1281.53,592.84,1,3.0
7229,2399,motorcycle,1304.94,588.08,1327.66,614.71,0,1.0
7117,2420,motorcycle,1242.95,567.8,1266.2,588.11,1,3.0
7117,2407,motorcycle,1253.16,585.51,1273.7,604.98,0,1.0
7214,2420,motorcycle,1217.28,638.92,1235.61,661.52,1,3.0
7214,2412,motorcycle,1239.3,621.02,1256.65,647.81,0,1.0
7134,2420,motorcycle,1187.22,633.4,1207.15,652.42,1,3.0
7134,2423,car,1157.07,591.04,1192.99,624.97,0,1.0
7218,2420,motorcycle,1257.28,604.17,1270.47,620.05,1,3.0
7218,2442,person,1265.93,612.3,1277.96,642.71,0,1.0
8007,2423,car,1113.13,578.35,1150.56,615.08,1,3.0
8007,2336,car,1153.4,614.71,1175.97,648.58,0,1.0
7132,2423,car,1157.12,590.12,1193.89,625.1,1,3.0
7132,2399,motorcycle,1235.9,615.49,1250.29,641.99,0,1.0
7170,2423,car,1159.46,589.81,1203.41,626.68,1,3.0
7170,2407,motorcycle,1185.46,605.59,1205.58,629.36,0,1.0
7199,2423,car,1157.56,585.93,1196.86,623.03,1,3.0
7199,2412,motorcycle,1217.01,637.83,1234.62,660.51,0,1.0
7758,2423,car,1154.82,584.62,1193.91,624.11,1,3.0
7758,2628,person,1264.16,609.41,1276.57,639.29,0,1.0
7115,2425,motorcycle,1076.79,680.53,1089.08,707.33,1,3.0
7115,2248,car,1121.29,688.12,1151.58,746.88,0,1.0
7326,2425,motorcycle,1102.99,594.59,1124.48,619.72,1,3.0
7326,2336,car,1153.17,628.14,1177.54,664.72,0,1.0
7228,2425,motorcycle,1156.18,767.29,1178.14,782.3,1,3.0
7228,2446,car,1153.86,755.88,1176.27,770.71,0,1.0
7178,2425,motorcycle,1075.36,769.07,1087.17,795.87,1,3.0
7178,2447,car,1091.16,769.26,1114.4,814.62,0,1.0
7208,2425,motorcycle,1086.37,750.88,1098.86,775.09,1,3.0
7208,2467,car,1100.14,731.67,1125.45,778.43,0,1.0
7263,2425,motorcycle,1043.3,674.24,1056.63,701.48,1,3.0
7263,2481,car,1055.97,653.74,1084.83,711.04,0,1.0
7107,2431,car,1146.2,550.35,1184.86,583.02,1,3.0
7107,2399,motorcycle,1232.7,603.14,1248.25,627.83,0,1.0
7148,2442,person,1265.46,611.44,1277.64,641.05,1,3.0
7148,2412,motorcycle,1275.84,570.51,1304.2,593.02,0,1.0
7154,2447,car,1087.86,753.39,1111.62,799.0,1,3.0
7154,2425,motorcycle,1079.02,691.2,1093.75,723.01,0,1.0
7202,2447,car,1094.04,784.56,1116.45,829.83,1,3.0
7202,2467,car,1100.09,731.58,1126.19,777.5,0,1.0
7355,2450,car,1329.27,494.61,1401.71,532.28,1,3.0
7355,2485,motorcycle,1351.14,476.3,1373.44,497.62,0,1.0
7378,2450,car,1371.72,493.04,1446.21,539.85,1,3.0
7378,2486,motorcycle,1395.86,478.45,1423.62,498.01,0,1.0
7385,2450,car,1387.78,490.02,1460.67,535.28,1,3.0
7385,2493,motorcycle,1433.4,597.89,1457.35,616.32,0,1.0
7418,2450,car,1457.7,480.61,1529.65,518.27,1,3.0
7418,2495,motorcycle,1468.55,591.75,1491.12,617.21,0,1.0
7358,2450,car,1334.7,495.21,1407.29,532.98,1,3.0
7358,2516,person,1387.51,480.04,1398.8,496.15,0,1.0
7180,2455,car,1135.62,576.61,1173.17,609.13,1,3.0
7180,2420,motorcycle,1187.82,637.17,1206.74,655.09,0,1.0
7172,2455,car,1140.93,576.25,1178.16,607.93,1,3.0
7172,2423,car,1159.43,589.84,1203.64,627.72,0,1.0
7235,2467,car,1099.86,734.87,1122.68,779.19,1,3.0
7235,2248,car,1121.7,690.07,1151.8,748.54,0,1.0
7376,2470,motorcycle,1058.88,686.08,1066.31,702.89,1,3.0
7376,2248,car,1119.87,692.03,1149.44,750.64,0,1.0
7251,2481,car,1056.03,643.72,1083.29,699.83,1,3.0
7251,2248,car,1121.34,690.87,1150.9,749.26,0,1.0
7452,2481,car,1078.99,786.16,1105.38,832.33,1,3.0
7452,2399,motorcycle,1059.71,720.14,1072.67,750.76,0,1.0
7239,2481,car,1055.72,636.02,1083.58,691.66,1,3.0
7239,2406,motorcycle,1160.03,727.47,1182.12,749.02,0,1.0
7415,2481,car,1070.7,763.17,1101.17,821.71,1,3.0
7415,2412,motorcycle,1113.89,788.98,1138.18,814.7,0,1.0
7338,2481,car,1062.36,708.99,1092.83,767.64,1,3.0
7338,2509,car,1097.61,733.56,1125.93,779.59,0,1.0
7474,2481,car,1078.46,802.24,1106.28,856.43,1,3.0
7474,2579,car,1099.8,732.79,1126.01,776.15,0,1.0
7228,2482,person,1090.34,858.95,1101.54,879.35,1,3.0
7228,2447,car,1094.78,801.53,1115.68,846.39,0,1.0
7295,2485,motorcycle,1354.07,471.58,1376.02,496.9,1,3.0
7295,2493,motorcycle,1434.9,596.05,1458.59,615.81,0,1.0
7353,2485,motorcycle,1352.37,475.48,1373.83,495.12,1,3.0
7353,2516,person,1388.92,479.41,1401.26,497.55,0,1.0
7378,2486,motorcycle,1395.86,478.45,1423.62,498.01,1,3.0
7378,2493,motorcycle,1433.32,598.08,1457.06,616.3,0,1.0
7419,2495,motorcycle,1468.54,593.16,1489.73,617.21,1,3.0
7419,2450,car,1458.58,482.36,1531.78,517.85,0,1.0
7363,2509,car,1097.92,733.26,1124.69,780.26,1,3.0
7363,2248,car,1120.12,692.22,1149.91,750.15,0,1.0
7349,2516,person,1391.6,477.62,1403.99,499.98,1,3.0
7349,2493,motorcycle,1433.47,597.56,1457.62,616.88,0,1.0
7373,2520,car,1363.15,482.98,1436.48,532.97,1,3.0
7373,2493,motorcycle,1433.33,597.95,1457.18,616.63,0,1.0
7359,2520,car,1336.11,493.75,1409.83,528.6,1,3.0
7359,2516,person,1387.2,480.02,1398.54,496.33,0,1.0
7721,2538,car,1023.22,663.12,1066.78,717.77,1,3.0
7721,2248,car,1121.04,688.53,1150.56,745.94,0,1.0
7760,2538,car,1052.1,712.35,1092.13,769.53,1,3.0
7760,2617,car,1098.77,729.45,1124.87,775.35,0,1.0
7819,2538,car,1088.07,814.8,1117.92,871.71,1,3.0
7819,2626,car,985.76,779.07,1019.06,838.4,0,1.0
7394,2543,person,1369.04,482.98,1381.14,504.21,1,3.0
7394,2493,motorcycle,1433.45,596.75,1457.45,615.78,0,1.0
7438,2564,motorcycle,1370.65,490.06,1396.61,515.27,1,3.0
7438,2406,motorcycle,1390.84,582.3,1405.23,596.92,0,1.0
7456,2564,motorcycle,1420.83,490.76,1444.08,510.83,1,3.0
7456,2493,motorcycle,1434.78,595.79,1458.31,613.89,0,1.0
7459,2564,motorcycle,1428.91,491.29,1451.98,511.3,1,3.0
7459,2495,motorcycle,1469.34,594.41,1490.49,617.21,0,1.0
7684,2574,car,968.35,815.49,1007.64,874.79,1,3.0
7684,2399,motorcycle,1092.93,832.03,1106.32,858.38,0,1.0
7558,2574,car,1013.6,912.57,1046.57,966.98,1,3.0
7558,2583,car,967.9,846.08,993.64,890.24,0,1.0
7500,2579,car,1099.87,733.02,1126.02,770.34,1,3.0
7500,2248,car,1121.31,690.77,1150.93,749.18,0,1.0
7502,2579,car,1099.85,733.05,1125.84,767.25,1,3.0
7502,2399,motorcycle,1061.07,657.39,1074.69,684.57,0,1.0
7519,2583,car,983.05,874.5,1007.55,924.32,1,3.0
7519,2481,car,1085.16,848.85,1109.3,881.42,0,1.0
7549,2602,person,1336.37,595.18,1350.72,619.45,1,3.0
7549,2595,person,1316.46,480.76,1331.04,502.75,0,1.0
7898,2617,car,1105.17,722.99,1130.21,763.41,1,3.0
7898,2694,car,1099.11,682.89,1120.78,715.33,0,1.0
7595,2620,car,1091.04,967.79,1119.54,1016.55,1,3.0
7595,2574,car,1004.46,888.0,1040.29,949.44,0,1.0
7610,2620,car,1090.46,994.91,1120.49,1053.63,1,3.0
7610,2626,car,1042.17,1007.1,1073.97,1061.59,0,1.0
7604,2620,car,1091.5,984.81,1119.43,1032.04,1,3.0
7604,2707,car,1026.07,950.26,1056.95,1005.43,0,1.0
7819,2625,car,1134.77,625.39,1155.84,660.89,1,3.0
7819,2336,car,1152.8,618.47,1177.37,663.25,0,1.0
7817,2626,car,986.19,783.78,1018.94,841.12,1,3.0
7817,2538,car,1086.32,811.46,1116.97,869.14,0,1.0
7840,2626,car,982.27,749.93,1019.63,805.9,1,3.0
7840,2617,car,1103.74,724.37,1129.28,770.6,0,1.0
7609,2626,car,1042.56,1007.79,1073.9,1063.37,1,3.0
7609,2620,car,1090.69,992.88,1119.99,1050.49,0,1.0
7616,2626,car,1042.57,1002.84,1071.74,1055.89,1,3.0
7616,2707,car,1027.99,943.89,1053.77,997.99,0,1.0
7675,2650,bus,1033.14,966.01,1062.87,1024.34,1,3.0
7675,2707,car,1007.66,896.91,1038.68,950.78,0,1.0
7677,2653,motorcycle,1232.03,579.2,1253.67,599.88,1,3.0
7677,2628,person,1266.03,611.17,1277.05,639.5,0,1.0
7706,2659,car,1001.74,960.39,1026.15,999.89,1,3.0
7706,2626,car,1026.95,940.2,1056.41,998.16,0,1.0
7890,2666,car,1045.57,688.61,1080.57,732.18,1,3.0
7890,2694,car,1099.13,682.76,1121.12,718.12,0,1.0
7914,2666,car,1054.46,698.28,1085.43,743.68,1,3.0
7914,2710,car,1103.06,723.68,1129.72,767.34,0,1.0
7779,2683,car,973.24,859.87,1004.88,923.85,1,3.0
7779,2626,car,999.31,844.78,1031.25,902.98,0,1.0
7984,2694,car,1099.85,681.15,1119.63,715.23,1,3.0
7984,2248,car,1123.57,679.68,1153.84,736.0,0,1.0
7846,2694,car,1098.75,683.41,1121.67,720.67,1,3.0
7846,2399,motorcycle,1061.76,659.63,1080.95,684.55,0,1.0
8264,2694,car,1100.87,679.51,1122.92,714.49,1,3.0
8264,2693,car,1126.46,678.63,1156.94,737.38,0,1.0
8401,2694,car,1098.27,679.82,1120.85,714.89,1,3.0
8401,2786,car,1053.96,638.92,1079.12,685.97,0,1.0
8864,2694,car,1099.57,680.5,1121.59,717.38,1,3.0
8864,2795,car,1125.11,680.14,1154.88,737.07,0,1.0
8630,2694,car,1098.48,681.88,1122.45,715.94,1,3.0
8630,2939,car,1061.06,638.97,1089.19,682.89,0,1.0
8953,2694,car,1097.72,679.93,1119.6,714.78,1,3.0
8953,3039,car,1057.53,635.01,1086.96,681.25,0,1.0
7857,2701,car,1001.29,866.75,1028.89,915.43,1,3.0
7857,2538,car,1085.98,869.35,1123.09,927.38,0,1.0
7757,2707,car,976.62,791.85,1007.11,845.76,1,3.0
7757,2399,motorcycle,1072.56,798.83,1086.07,826.88,0,1.0
7695,2707,car,1000.84,874.42,1032.53,928.85,1,3.0
7695,2574,car,963.63,806.16,1003.15,870.03,0,1.0
7899,2710,car,1106.29,722.71,1130.08,756.11,1,3.0
7899,2694,car,1099.19,682.85,1120.74,715.2,0,1.0
7873,2722,car,1038.64,955.95,1059.71,1004.07,1,3.0
7873,2715,person,989.57,973.74,998.91,995.24,0,1.0
8097,2757,car,1103.69,948.63,1143.13,1012.84,1,3.0
8097,2791,car,1158.45,902.07,1202.88,939.5,0,1.0
8184,2770,car,1034.71,658.82,1067.11,704.33,1,3.0
8184,2694,car,1096.03,681.3,1122.51,727.44,0,1.0
8218,2770,car,1065.37,697.92,1093.13,743.38,1,3.0
8218,2797,car,1105.26,721.02,1131.79,767.56,0,1.0
8403,2786,car,1054.63,640.94,1079.74,687.49,1,3.0
8403,2693,car,1124.94,678.18,1154.49,735.34,0,1.0
8405,2786,car,1055.43,642.66,1080.34,689.04,1,3.0
8405,2694,car,1098.91,679.84,1120.7,713.42,0,1.0
8399,2786,car,1053.26,636.82,1078.73,684.2,1,3.0
8399,2795,car,1125.11,678.23,1154.69,734.03,0,1.0
8461,2786,car,1071.21,691.86,1096.64,736.72,1,3.0
8461,2880,car,1105.76,720.26,1130.51,751.65,0,1.0
8131,2789,car,990.44,870.94,1014.42,919.93,1,3.0
8131,2798,car,994.03,809.45,1024.38,859.2,0,1.0
8216,2791,car,1120.23,917.53,1157.83,960.0,1,3.0
8216,2666,car,1124.42,860.57,1152.79,906.7,0,1.0
8177,2797,car,1107.31,720.57,1131.98,756.51,1,3.0
8177,2694,car,1096.69,681.49,1122.67,726.01,0,1.0
8184,2797,car,1105.65,721.45,1131.87,765.93,1,3.0
8184,2770,car,1034.71,658.82,1067.11,704.33,0,1.0
8179,2802,car,1107.25,720.67,1131.86,754.95,1,3.0
8179,2694,car,1096.44,681.47,1122.62,726.13,0,1.0
8137,2808,car,1110.07,649.37,1134.83,691.79,1,3.0
8137,2336,car,1153.16,614.67,1177.26,661.18,0,1.0
8285,2838,car,1345.15,474.11,1396.44,505.63,1,3.0
8285,2833,car,1430.93,468.88,1469.6,499.85,0,1.0
8338,2840,motorcycle,1393.45,471.42,1419.21,495.38,1,3.0
8338,2838,car,1443.12,465.59,1492.8,495.24,0,1.0
8301,2847,car,1077.22,677.68,1095.9,713.46,1,3.0
8301,2694,car,1100.05,679.13,1122.01,712.59,0,1.0
8331,2847,car,1079.4,700.06,1100.51,742.69,1,3.0
8331,2797,car,1106.52,718.53,1131.41,759.74,0,1.0
8698,2880,car,1106.57,723.18,1131.84,756.03,1,3.0
8698,2694,car,1097.92,682.04,1122.5,720.84,0,1.0
8462,2880,car,1103.54,720.68,1130.29,757.59,1,3.0
8462,2786,car,1071.41,692.54,1096.79,737.97,0,1.0
8565,2924,car,1096.81,775.94,1116.55,809.26,1,3.0
8565,2880,car,1104.2,721.53,1130.55,768.12,0,1.0
8564,2924,car,1096.97,775.15,1116.03,808.42,1,3.0
8564,2925,car,1104.34,721.76,1130.53,767.74,0,1.0
8844,2939,car,1059.81,636.77,1088.84,677.25,1,3.0
8844,2693,car,1125.34,680.2,1155.07,736.7,0,1.0
8688,2969,car,1007.02,920.71,1032.42,969.85,1,3.0
8688,2962,car,991.51,877.44,1023.95,922.24,0,1.0
8705,2977,person,1234.18,599.2,1247.14,621.74,1,3.0
8705,2956,person,1267.74,599.6,1280.68,628.95,0,1.0
8709,2978,car,1394.06,536.68,1431.88,562.33,1,3.0
8709,2916,car,1353.83,459.25,1485.79,517.44,0,1.0
8784,2984,car,1233.91,558.0,1274.46,592.11,1,3.0
8784,2956,person,1267.34,599.56,1279.49,628.5,0,1.0
8745,2984,car,1311.06,546.58,1352.21,581.08,1,3.0
8745,2990,car,1353.66,491.05,1378.11,507.83,0,1.0
8836,3008,person,992.06,962.33,1002.07,987.71,1,3.0
8836,3007,car,996.19,888.96,1024.2,933.3,0,1.0
8840,3010,motorcycle,1482.29,474.46,1507.11,497.04,1,3.0
8840,3011,motorcycle,1470.11,575.38,1491.63,599.24,0,1.0
8844,3011,motorcycle,1445.66,576.88,1468.55,598.33,1,3.0
8844,3010,motorcycle,1487.68,474.24,1512.69,496.2,0,1.0
8854,3017,motorcycle,1364.37,490.85,1386.11,508.68,1,3.0
8854,3010,motorcycle,1436.13,482.94,1459.37,500.94,0,1.0
8847,3017,motorcycle,1401.74,488.23,1423.46,504.65,1,3.0
8847,3011,motorcycle,1433.61,577.61,1457.23,597.52,0,1.0
8884,3018,car,1118.85,590.37,1157.05,626.71,1,3.0
8884,3031,motorcycle,1163.99,557.62,1185.15,579.75,0,1.0
8870,3031,motorcycle,1201.81,566.04,1226.73,588.88,1,3.0
8870,2956,person,1266.06,598.58,1278.89,628.21,0,1.0
8887,3036,car,1040.66,677.34,1058.04,702.47,1,3.0
8887,2694,car,1093.22,681.53,1121.11,728.06,0,1.0
8899,3036,car,1054.43,699.93,1070.63,724.68,1,3.0
8899,2880,car,1102.98,721.89,1129.7,767.81,0,1.0
9027,3039,car,1054.04,633.93,1084.45,680.3,1,3.0
9027,2693,car,1121.25,677.73,1150.92,733.83,0,1.0
8943,3044,person,1170.12,661.42,1179.42,681.69,1,3.0
8943,3018,car,1108.66,590.67,1145.34,626.85,0,1.0
693,22,car,1101.71,708.88,1130.37,766.09,1,3.0
693,664,car,565.0,447.0,620.0,494.0,0,1.0
687,93,car,1009.72,669.06,1043.87,726.12,1,3.0
687,664,car,565.0,445.0,617.0,488.0,0,1.0
1833,324,car,1082.01,681.36,1112.52,725.78,1,3.0
1833,730,motorcycle,1072.95,589.97,1096.41,614.03,0,1.0
1928,790,motorcycle,1070.19,618.0,1088.42,639.88,1,3.0
1928,795,car,1113.71,922.38,1147.65,956.17,0,1.0
4241,1480,motorcycle,977.57,575.29,1003.23,611.98,1,3.0
4241,1538,car,1151.97,621.24,1181.08,668.87,0,1.0
4407,1480,motorcycle,1076.38,728.44,1092.22,756.31,1,3.0
4407,1592,car,1111.96,774.39,1134.86,808.31,0,1.0
6231,2139,motorcycle,1159.79,566.95,1181.48,588.75,1,3.0
6231,2140,car,1017.45,642.34,1045.69,688.02,0,1.0
7092,2399,motorcycle,1230.83,597.46,1250.04,623.6,1,3.0
7092,2423,car,1156.68,588.78,1193.59,624.49,0,1.0
7061,2406,motorcycle,1467.83,591.24,1489.29,614.39,1,3.0
7061,2407,motorcycle,1293.56,564.42,1317.1,588.05,0,1.0
7092,2407,motorcycle,1283.13,578.5,1305.63,602.22,1,3.0
7092,2423,car,1156.68,588.78,1193.59,624.49,0,1.0
8128,2789,car,991.67,873.6,1015.56,922.6,1,3.0
8128,2795,car,1125.67,679.35,1154.93,737.52,0,1.0
2764,1060,motorcycle,1231.87,572.95,1256.21,598.64,1,3.0
2764,816,person,1258.98,626.38,1270.4,656.73,0,1.0
2800,1080,car,1065.97,934.39,1088.68,983.5,1,3.0
2800,1037,car,1070.21,775.05,1094.28,820.1,0,1.0
2989,1123,car,1058.15,928.74,1090.67,985.68,1,3.0
2989,1118,car,998.02,993.82,1028.95,1057.56,0,1.0
3648,1319,bus,1073.02,916.83,1099.59,971.44,1,3.0
3648,1304,car,1099.16,780.6,1122.98,814.79,0,1.0
4518,1371,car,1073.24,762.12,1102.39,814.05,1,3.0
4518,1226,car,1124.55,687.75,1153.31,743.98,0,1.0
4507,1629,car,1093.29,922.9,1117.94,971.51,1,3.0
4507,1621,person,947.84,909.45,961.11,933.96,0,1.0
7866,2538,car,1095.26,876.1,1124.33,940.35,1,3.0
7866,2701,car,994.56,852.65,1021.57,902.28,0,1.0
8740,2984,car,1321.91,544.03,1365.62,577.53,1,3.0
8740,2956,person,1267.5,599.08,1279.54,628.38,0,1.0
450,62,car,835.29,799.25,872.95,840.1,0,1.0
450,154,car,880.86,946.94,915.17,982.07,0,1.0
450,75,motorcycle,725.9,462.59,749.22,494.47,0,1.0
450,232,person,761.22,513.01,775.13,546.32,0,1.0
450,82,car,569.24,470.33,633.11,518.09,0,1.0
450,221,car,598.86,405.75,631.77,446.97,0,1.0
450,135,car,621.43,698.99,672.33,759.58,0,1.0
450,185,person,725.96,637.63,738.47,663.72,0,1.0
450,144,car,630.73,125.01,655.33,188.93,0,1.0
450,164,car,649.55,83.5,680.46,125.13,0,1.0
450,148,car,1075.36,690.19,1107.05,736.32,0,1.0
450,153,car,1126.49,779.73,1148.27,794.6,0,1.0
450,149,car,779.06,473.59,818.74,510.45,0,1.0
450,232,person,761.22,513.01,775.13,546.32,0,1.0
450,150,car,643.95,185.61,666.25,226.04,0,1.0
450,144,car,630.73,125.01,655.33,188.93,0,1.0
450,164,car,649.55,83.5,680.46,125.13,0,1.0
450,165,car,641.13,40.18,670.98,81.64,0,1.0
450,165,car,641.13,40.18,670.98,81.64,0,1.0
450,196,car,683.8,151.79,706.09,180.66,0,1.0
450,168,car,600.12,356.65,640.09,412.9,0,1.0
450,221,car,598.86,405.75,631.77,446.97,0,1.0
450,172,car,624.7,232.18,647.69,270.84,0,1.0
450,150,car,643.95,185.61,666.25,226.04,0,1.0
450,185,person,725.96,637.63,738.47,663.72,0,1.0
450,212,person,766.13,665.21,778.5,699.83,0,1.0
450,196,car,683.8,151.79,706.09,180.66,0,1.0
450,164,car,649.55,83.5,680.46,125.13,0,1.0
450,205,person,1326.52,632.59,1337.6,655.83,0,1.0
450,224,person,1314.53,869.76,1325.31,897.86,0,1.0
450,211,person,803.65,731.06,812.84,754.36,0,1.0
450,212,person,766.13,665.21,778.5,699.83,0,1.0
450,213,person,630.93,517.42,642.49,540.56,0,1.0
450,75,motorcycle,725.9,462.59,749.22,494.47,0,1.0
450,219,car,657.62,391.95,676.77,442.86,0,1.0
450,221,car,598.86,405.75,631.77,446.97,0,1.0
450,223,car,680.59,178.33,708.4,213.42,0,1.0
450,144,car,630.73,125.01,655.33,188.93,0,1.0
450,224,person,1314.53,869.76,1325.31,897.86,0,1.0
450,153,car,1126.49,779.73,1148.27,794.6,0,1.0
450,229,person,610.54,605.98,625.81,629.95,0,1.0
450,135,car,621.43,698.99,672.33,759.58,0,1.0
3586,398,car,671.27,611.14,715.9,662.18,0,1.0
3586,1271,person,735.16,698.01,744.35,723.94,0,1.0
3586,758,car,623.49,136.0,647.38,176.32,0,1.0
3586,872,car,625.49,52.9,656.05,95.93,0,1.0
3586,788,car,607.81,358.32,643.64,418.17,0,1.0
3586,878,car,600.81,419.83,638.29,492.95,0,1.0
3586,906,car,765.08,241.19,791.24,282.74,0,1.0
3586,1195,car,767.99,296.55,798.93,325.4,0,1.0
3586,1032,car,688.61,312.31,719.35,381.97,0,1.0
3586,1084,car,622.2,293.42,656.24,356.46,0,1.0
3586,1059,car,379.85,760.35,415.98,820.11,0,1.0
3586,1274,car,352.81,615.76,372.48,633.71,0,1.0
3586,1084,car,622.2,293.42,656.24,356.46,0,1.0
3586,1085,car,620.27,246.69,641.86,282.53,0,1.0
3586,1085,car,620.27,246.69,641.86,282.53,0,1.0
3586,1300,car,637.83,192.59,659.37,238.69,0,1.0
3586,1154,person,1334.56,844.79,1345.75,870.2,0,1.0
3586,1240,car,1143.82,764.3,1165.71,779.03,0,1.0
3586,1239,car,679.72,199.88,700.1,222.94,0,1.0
3586,758,car,623.49,136.0,647.38,176.32,0,1.0
3586,1244,car,948.74,468.16,987.09,505.29,0,1.0
3586,1260,car,1014.8,482.41,1053.41,515.57,0,1.0
3586,1257,person,660.03,608.94,669.24,631.42,0,1.0
3586,1271,person,735.16,698.01,744.35,723.94,0,1.0
3586,1259,car,635.7,320.74,669.84,379.98,0,1.0
3586,1032,car,688.61,312.31,719.35,381.97,0,1.0
3586,1261,motorcycle,793.54,618.68,810.5,645.54,0,1.0
3586,1292,person,782.92,657.99,794.52,682.28,0,1.0
3586,1273,car,603.97,463.34,643.62,507.06,0,1.0
3586,788,car,607.81,358.32,643.64,418.17,0,1.0
3586,1274,car,352.81,615.76,372.48,633.71,0,1.0
3586,1283,car,316.94,497.01,370.11,532.48,0,1.0
3586,1281,car,747.55,244.64,764.42,277.03,0,1.0
3586,1195,car,767.99,296.55,798.93,325.4,0,1.0
3586,1289,person,763.43,494.55,774.47,512.1,0,1.0
3586,1261,motorcycle,793.54,618.68,810.5,645.54,0,1.0
3586,1291,car,677.98,220.15,701.28,280.9,0,1.0
3586,1300,car,637.83,192.59,659.37,238.69,0,1.0
3586,1296,person,895.24,470.92,909.69,501.38,0,1.0
3586,1244,car,948.74,468.16,987.09,505.29,0,1.0
3586,1300,car,637.83,192.59,659.37,238.69,0,1.0
3586,758,car,623.49,136.0,647.38,176.32,0,1.0
3586,1301,car,870.49,704.19,900.1,752.69,0,1.0
3586,1303,person,777.88,718.99,786.45,736.53,0,1.0
3586,1303,person,777.88,718.99,786.45,736.53,0,1.0
3586,1271,person,735.16,698.01,744.35,723.94,0,1.0
342,48,car,366.69,538.19,416.02,573.95,0,1.0
342,82,car,534.49,480.41,598.9,524.66,0,1.0
342,62,car,834.95,801.47,873.43,852.22,0,1.0
342,181,person,861.21,774.57,871.79,797.61,0,1.0
342,75,motorcycle,749.0,567.33,762.55,594.74,0,1.0
342,149,car,665.51,484.03,703.76,518.11,0,1.0
342,81,car,633.12,390.06,658.42,449.45,0,1.0
342,168,car,599.78,358.55,639.47,411.87,0,1.0
342,82,car,534.49,480.41,598.9,524.66,0,1.0
342,171,car,598.13,409.06,631.79,454.21,0,1.0
342,135,car,622.34,699.69,672.46,761.61,0,1.0
342,167,person,668.87,681.91,681.35,703.55,0,1.0
342,144,car,631.36,127.04,655.85,182.67,0,1.0
342,150,car,632.28,231.65,678.96,294.26,0,1.0
342,148,car,1073.96,694.46,1106.99,739.12,0,1.0
342,153,car,1126.91,781.9,1149.53,797.16,0,1.0
342,150,car,632.28,231.65,678.96,294.26,0,1.0
342,190,car,624.78,283.04,658.59,325.76,0,1.0
342,152,car,658.48,394.91,685.73,445.32,0,1.0
342,149,car,665.51,484.03,703.76,518.11,0,1.0
342,154,car,881.53,947.16,920.14,982.45,0,1.0
342,62,car,834.95,801.47,873.43,852.22,0,1.0
342,163,person,835.64,782.44,845.45,801.49,0,1.0
342,154,car,881.53,947.16,920.14,982.45,0,1.0
342,164,car,649.88,85.66,680.34,130.58,0,1.0
342,144,car,631.36,127.04,655.85,182.67,0,1.0
342,165,car,639.65,42.87,671.48,107.89,0,1.0
342,144,car,631.36,127.04,655.85,182.67,0,1.0
342,170,person,726.76,643.24,741.31,672.92,0,1.0
342,75,motorcycle,749.0,567.33,762.55,594.74,0,1.0
342,171,car,598.13,409.06,631.79,454.21,0,1.0
342,168,car,599.78,358.55,639.47,411.87,0,1.0
342,172,car,622.79,236.41,647.72,299.88,0,1.0
342,187,car,631.16,319.67,668.6,353.72,0,1.0
342,185,person,694.43,593.96,709.8,618.54,0,1.0
342,75,motorcycle,749.0,567.33,762.55,594.74,0,1.0
6734,788,car,608.97,355.24,639.07,418.04,0,1.0
6734,2050,car,601.58,422.61,634.54,470.3,0,1.0
6734,872,car,603.41,65.1,631.54,111.33,0,1.0
6734,2257,car,603.98,150.21,627.24,195.33,0,1.0
6734,1059,car,394.97,780.88,426.36,843.44,0,1.0
6734,2276,motorcycle,275.77,640.64,301.79,662.08,0,1.0
6734,1507,car,616.46,606.03,660.56,634.8,0,1.0
6734,2293,person,596.86,494.45,608.34,518.56,0,1.0
6734,2050,car,601.58,422.61,634.54,470.3,0,1.0
6734,2074,car,629.37,385.89,657.03,442.91,0,1.0
6734,2104,car,676.05,621.17,719.7,673.12,0,1.0
6734,2229,person,706.41,672.59,717.03,699.79,0,1.0
6734,2136,car,636.66,685.99,676.71,737.16,0,1.0
6734,2262,person,682.53,651.37,693.58,679.26,0,1.0
6734,2170,person,1383.03,465.28,1393.49,487.31,0,1.0
6734,2172,person,1339.17,455.66,1348.02,473.63,0,1.0
6734,2171,person,1393.34,438.18,1408.49,477.64,0,1.0
6734,2172,person,1339.17,455.66,1348.02,473.63,0,1.0
6734,2182,person,1328.41,444.58,1339.87,467.78,0,1.0
6734,2171,person,1393.34,438.18,1408.49,477.64,0,1.0
6734,2189,person,798.09,718.9,808.71,741.04,0,1.0
6734,2271,person,822.84,782.5,831.15,804.16,0,1.0
6734,2212,person,753.8,708.85,762.72,732.74,0,1.0
6734,2189,person,798.09,718.9,808.71,741.04,0,1.0
6734,2229,person,706.41,672.59,717.03,699.79,0,1.0
6734,2212,person,753.8,708.85,762.72,732.74,0,1.0
6734,2242,person,768.97,682.48,779.87,705.32,0,1.0
6734,2189,person,798.09,718.9,808.71,741.04,0,1.0
6734,2249,motorcycle,1468.79,588.72,1490.2,611.81,0,1.0
6734,2170,person,1383.03,465.28,1393.49,487.31,0,1.0
6734,2250,motorcycle,898.49,754.02,915.5,779.07,0,1.0
6734,2271,person,822.84,782.5,831.15,804.16,0,1.0
6734,2258,person,832.71,457.46,845.04,487.65,0,1.0
6734,2288,motorcycle,1032.03,546.24,1047.02,573.96,0,1.0
6734,2261,car,359.41,641.3,377.96,659.37,0,1.0
6734,2282,person,402.19,617.51,416.41,644.56,0,1.0
6734,2262,person,682.53,651.37,693.58,679.26,0,1.0
6734,2212,person,753.8,708.85,762.72,732.74,0,1.0
6734,2265,car,503.44,561.91,560.36,611.6,0,1.0
6734,2269,car,485.27,529.79,524.43,565.2,0,1.0
6734,2276,motorcycle,275.77,640.64,301.79,662.08,0,1.0
6734,2261,car,359.41,641.3,377.96,659.37,0,1.0
6734,2280,car,611.65,304.76,642.84,367.89,0,1.0
6734,788,car,608.97,355.24,639.07,418.04,0,1.0
6734,2282,person,402.19,617.51,416.41,644.56,0,1.0
6734,2265,car,503.44,561.91,560.36,611.6,0,1.0
6734,2287,person,567.74,494.98,580.79,523.65,0,1.0
6734,2269,car,485.27,529.79,524.43,565.2,0,1.0
6734,2291,car,828.22,807.48,850.81,832.85,0,1.0
6734,2189,person,798.09,718.9,808.71,741.04,0,1.0
6734,2293,person,596.86,494.45,608.34,518.56,0,1.0
6734,2050,car,601.58,422.61,634.54,470.3,0,1.0
3870,398,car,670.98,610.02,721.58,661.43,0,1.0
3870,1394,person,636.32,656.46,644.39,679.54,0,1.0
3870,758,car,621.84,136.62,647.24,198.38,0,1.0
3870,1300,car,636.37,192.81,658.56,232.19,0,1.0
3870,788,car,608.31,356.32,643.83,418.37,0,1.0
3870,1259,car,654.63,266.19,677.1,306.73,0,1.0
3870,872,car,625.28,52.32,654.36,93.74,0,1.0
3870,758,car,621.84,136.62,647.24,198.38,0,1.0
3870,878,car,602.9,418.2,636.88,458.22,0,1.0
3870,1375,person,564.63,483.66,576.82,509.88,0,1.0
3870,906,car,764.08,239.02,790.58,281.42,0,1.0
3870,1353,car,762.43,293.55,784.54,329.83,0,1.0
3870,1032,car,674.78,135.29,698.68,190.54,0,1.0
3870,872,car,625.28,52.32,654.36,93.74,0,1.0
3870,1059,car,380.92,761.37,414.97,819.33,0,1.0
3870,1274,car,359.35,615.52,373.36,633.01,0,1.0
3870,1085,car,619.22,243.93,643.84,306.64,0,1.0
3870,788,car,608.31,356.32,643.83,418.37,0,1.0
3870,1225,person,1399.52,461.81,1412.83,490.27,0,1.0
3870,1392,person,1448.99,601.25,1464.7,624.22,0,1.0
3870,1244,car,948.97,467.58,987.74,504.39,0,1.0
3870,1337,car,1015.0,480.48,1049.31,511.81,0,1.0
3870,1259,car,654.63,266.19,677.1,306.73,0,1.0
3870,1306,motorcycle,673.26,216.86,686.18,244.83,0,1.0
3870,1273,car,667.0,396.85,687.77,448.73,0,1.0
3870,788,car,608.31,356.32,643.83,418.37,0,1.0
3870,1274,car,359.35,615.52,373.36,633.01,0,1.0
3870,1376,person,422.07,595.19,431.61,613.22,0,1.0
3870,1283,car,616.44,455.21,663.92,505.48,0,1.0
3870,1273,car,667.0,396.85,687.77,448.73,0,1.0
3870,1300,car,636.37,192.81,658.56,232.19,0,1.0
3870,1085,car,619.22,243.93,643.84,306.64,0,1.0
3870,1306,motorcycle,673.26,216.86,686.18,244.83,0,1.0
3870,1032,car,674.78,135.29,698.68,190.54,0,1.0
3870,1345,person,1344.93,476.61,1354.66,495.4,0,1.0
3870,1392,person,1448.99,601.25,1464.7,624.22,0,1.0
3870,1353,car,762.43,293.55,784.54,329.83,0,1.0
3870,1403,motorcycle,840.88,429.49,856.95,455.12,0,1.0
3870,1354,car,716.01,503.02,754.43,541.18,0,1.0
3870,1362,motorcycle,761.01,570.73,774.99,599.76,0,1.0
3870,1376,person,422.07,595.19,431.61,613.22,0,1.0
3870,1375,person,564.63,483.66,576.82,509.88,0,1.0
3870,1385,person,668.11,632.6,676.31,654.74,0,1.0
3870,1394,person,636.32,656.46,644.39,679.54,0,1.0
3870,1397,person,1333.8,460.52,1347.03,488.06,0,1.0
3870,1225,person,1399.52,461.81,1412.83,490.27,0,1.0
3870,1399,person,698.63,591.57,711.57,616.13,0,1.0
3870,1354,car,716.01,503.02,754.43,541.18,0,1.0
3870,1402,car,992.76,590.26,1047.82,646.65,0,1.0
3870,1244,car,948.97,467.58,987.74,504.39,0,1.0
3870,1403,motorcycle,840.88,429.49,856.95,455.12,0,1.0
3870,1244,car,948.97,467.58,987.74,504.39,0,1.0
3870,1405,car,697.07,718.38,725.58,751.2,0,1.0
3870,398,car,670.98,610.02,721.58,661.43,0,1.0
3198,398,car,665.92,608.87,713.03,661.62,0,1.0
3198,1032,car,743.54,481.54,783.29,545.73,0,1.0
3198,758,car,619.89,135.1,647.27,198.62,0,1.0
3198,872,car,625.43,51.65,654.03,95.95,0,1.0
3198,788,car,598.71,370.03,637.2,427.07,0,1.0
3198,1172,car,630.54,324.4,667.09,360.76,0,1.0
3198,878,car,599.91,421.65,631.57,463.14,0,1.0
3198,788,car,598.71,370.03,637.2,427.07,0,1.0
3198,906,car,761.66,240.13,788.17,282.01,0,1.0
3198,982,car,665.78,166.77,696.15,232.59,0,1.0
3198,982,car,665.78,166.77,696.15,232.59,0,1.0
3198,758,car,619.89,135.1,647.27,198.62,0,1.0
3198,998,person,1342.43,477.67,1351.95,494.93,0,1.0
3198,1159,person,1378.3,494.56,1396.71,522.08,0,1.0
3198,1022,person,1330.52,460.44,1344.21,488.53,0,1.0
3198,1159,person,1378.3,494.56,1396.71,522.08,0,1.0
3198,1032,car,743.54,481.54,783.29,545.73,0,1.0
3198,1182,car,793.87,408.64,838.76,462.62,0,1.0
3198,1053,car,1010.06,479.23,1052.86,523.6,0,1.0
3198,1160,person,1063.34,460.44,1072.53,480.83,0,1.0
3198,1059,car,378.45,757.65,412.86,818.77,0,1.0
3198,1180,person,370.63,591.23,386.27,615.87,0,1.0
3198,1084,car,620.36,292.93,651.69,349.72,0,1.0
3198,788,car,598.71,370.03,637.2,427.07,0,1.0
3198,1085,car,618.52,243.35,642.75,282.6,0,1.0
3198,1179,motorcycle,671.61,241.89,682.92,269.79,0,1.0
3198,1091,car,635.11,191.32,656.6,231.35,0,1.0
3198,758,car,619.89,135.1,647.27,198.62,0,1.0
3198,1137,car,1144.89,634.47,1169.69,679.4,0,1.0
3198,1183,person,1059.76,477.74,1068.46,500.48,0,1.0
3198,1140,car,606.12,541.75,626.75,575.88,0,1.0
3198,398,car,665.92,608.87,713.03,661.62,0,1.0
3198,1153,car,677.09,356.08,709.73,434.05,0,1.0
3198,1156,car,675.31,308.52,692.38,340.24,0,1.0
3198,1156,car,675.31,308.52,692.38,340.24,0,1.0
3198,1179,motorcycle,671.61,241.89,682.92,269.79,0,1.0
3198,1179,motorcycle,671.61,241.89,682.92,269.79,0,1.0
3198,982,car,665.78,166.77,696.15,232.59,0,1.0
3198,1183,person,1059.76,477.74,1068.46,500.48,0,1.0
3198,1188,person,1005.02,460.08,1016.0,483.41,0,1.0
3198,1184,car,1121.1,639.58,1149.2,687.42,0,1.0
3198,1183,person,1059.76,477.74,1068.46,500.48,0,1.0
3198,1188,person,1005.02,460.08,1016.0,483.41,0,1.0
3198,1160,person,1063.34,460.44,1072.53,480.83,0,1.0
3198,1193,person,804.17,379.05,820.86,409.62,0,1.0
3198,1182,car,793.87,408.64,838.76,462.62,0,1.0
3198,1194,person,777.09,334.69,788.87,361.73,0,1.0
3198,1193,person,804.17,379.05,820.86,409.62,0,1.0
2119,398,car,669.45,604.76,712.97,659.87,0,1.0
2119,857,motorcycle,638.44,642.4,657.82,663.74,0,1.0
2119,758,car,621.39,136.95,646.51,199.16,0,1.0
2119,786,person,586.07,206.33,595.15,230.83,0,1.0
2119,787,car,595.55,420.4,632.75,488.68,0,1.0
2119,788,car,600.36,368.44,638.11,412.1,0,1.0
2119,791,person,667.01,560.18,679.85,583.92,0,1.0
2119,398,car,669.45,604.76,712.97,659.87,0,1.0
2119,794,car,724.05,445.89,749.33,492.42,0,1.0
2119,853,car,766.68,562.02,792.4,591.51,0,1.0
2119,803,car,1157.99,957.12,1303.9,1079.68,0,1.0
2119,832,person,1331.43,846.34,1343.11,869.62,0,1.0
2119,808,motorcycle,765.49,629.53,782.92,648.88,0,1.0
2119,812,person,755.64,668.47,770.77,692.96,0,1.0
2119,823,car,834.06,677.76,864.52,725.41,0,1.0
2119,834,person,852.71,648.82,865.45,673.71,0,1.0
2119,829,motorcycle,706.7,480.19,719.55,504.67,0,1.0
2119,787,car,595.55,420.4,632.75,488.68,0,1.0
2119,834,person,852.71,648.82,865.45,673.71,0,1.0
2119,808,motorcycle,765.49,629.53,782.92,648.88,0,1.0
2119,848,person,1342.61,479.37,1353.78,497.66,0,1.0
2119,849,motorcycle,1465.64,620.59,1488.26,643.35,0,1.0
2119,850,car,979.63,617.81,1011.63,642.63,0,1.0
2119,855,car,971.9,528.18,1001.84,558.3,0,1.0
2119,853,car,766.68,562.02,792.4,591.51,0,1.0
2119,829,motorcycle,706.7,480.19,719.55,504.67,0,1.0
2119,854,car,619.65,243.7,641.83,281.83,0,1.0
2119,788,car,600.36,368.44,638.11,412.1,0,1.0
2119,857,motorcycle,638.44,642.4,657.82,663.74,0,1.0
2119,791,person,667.01,560.18,679.85,583.92,0,1.0
2119,858,person,962.42,452.47,974.29,478.22,0,1.0
2119,855,car,971.9,528.18,1001.84,558.3,0,1.0
2119,859,person,987.28,488.1,998.87,513.17,0,1.0
2119,858,person,962.42,452.47,974.29,478.22,0,1.0
5269,788,car,608.59,355.81,637.83,396.37,0,1.0
5269,1700,car,599.28,428.44,629.12,468.76,0,1.0
5269,1059,car,391.31,786.16,427.07,845.43,0,1.0
5269,1846,motorcycle,404.33,646.06,427.85,660.92,0,1.0
5269,1507,car,615.12,608.14,659.38,638.43,0,1.0
5269,1821,car,675.61,620.56,717.89,657.76,0,1.0
5269,1587,car,1121.51,686.47,1150.25,744.53,0,1.0
5269,1854,motorcycle,931.37,757.08,948.69,786.22,0,1.0
5269,1601,person,1392.9,438.89,1405.43,469.39,0,1.0
5269,1615,person,1329.05,441.68,1340.67,469.23,0,1.0
5269,1613,car,754.2,227.31,775.39,265.74,0,1.0
5269,1663,car,611.15,306.4,641.38,361.53,0,1.0
5269,1622,car,717.51,617.5,759.22,673.64,0,1.0
5269,1844,motorcycle,753.35,587.29,770.32,610.78,0,1.0
5269,1663,car,611.15,306.4,641.38,361.53,0,1.0
5269,788,car,608.59,355.81,637.83,396.37,0,1.0
5269,1700,car,599.28,428.44,629.12,468.76,0,1.0
5269,1507,car,615.12,608.14,659.38,638.43,0,1.0
5269,1778,car,775.06,687.39,818.55,733.56,0,1.0
5269,1854,motorcycle,931.37,757.08,948.69,786.22,0,1.0
5269,1811,person,1470.7,435.41,1484.31,471.25,0,1.0
5269,1601,person,1392.9,438.89,1405.43,469.39,0,1.0
5269,1819,car,619.93,200.73,642.86,242.96,0,1.0
5269,1613,car,754.2,227.31,775.39,265.74,0,1.0
5269,1826,motorcycle,938.67,514.24,961.46,536.53,0,1.0
5269,1855,car,957.09,469.74,994.66,506.54,0,1.0
5269,1841,motorcycle,971.17,508.7,992.99,529.97,0,1.0
5269,1852,car,1010.88,476.88,1048.95,512.45,0,1.0
5269,1848,person,917.0,870.72,924.35,891.46,0,1.0
5269,1854,motorcycle,931.37,757.08,948.69,786.22,0,1.0
5269,1850,person,943.33,884.48,952.88,903.91,0,1.0
5269,1854,motorcycle,931.37,757.08,948.69,786.22,0,1.0
5269,1855,car,957.09,469.74,994.66,506.54,0,1.0
5269,1852,car,1010.88,476.88,1048.95,512.45,0,1.0
4523,398,car,675.22,623.72,721.44,674.7,0,1.0
4523,1507,car,620.01,607.6,661.86,638.09,0,1.0
4523,758,car,601.91,152.17,627.93,215.95,0,1.0
4523,872,car,605.55,68.07,632.25,114.5,0,1.0
4523,788,car,601.79,373.93,635.82,422.13,0,1.0
4523,878,car,600.68,430.39,631.36,492.39,0,1.0
4523,878,car,600.68,430.39,631.36,492.39,0,1.0
4523,1526,motorcycle,678.19,489.16,693.69,515.58,0,1.0
4523,906,car,736.84,372.99,766.12,426.91,0,1.0
4523,1634,person,796.08,443.39,808.82,468.6,0,1.0
4523,1085,car,602.23,261.06,630.84,322.33,0,1.0
4523,1409,car,612.21,307.15,643.73,373.25,0,1.0
4523,1259,car,622.77,202.12,644.73,241.79,0,1.0
4523,1085,car,602.23,261.06,630.84,322.33,0,1.0
4523,1283,car,669.34,295.29,696.92,350.74,0,1.0
4523,1085,car,602.23,261.06,630.84,322.33,0,1.0
4523,1337,car,1011.39,477.78,1051.02,513.23,0,1.0
4523,1450,car,1105.58,499.22,1172.94,541.79,0,1.0
4523,1409,car,612.21,307.15,643.73,373.25,0,1.0
4523,1626,car,659.05,347.21,678.78,401.59,0,1.0
4523,1440,car,660.33,187.34,679.29,236.54,0,1.0
4523,758,car,601.91,152.17,627.93,215.95,0,1.0
4523,1450,car,1105.58,499.22,1172.94,541.79,0,1.0
4523,1585,car,1132.14,631.41,1156.52,678.39,0,1.0
4523,1491,car,727.77,509.76,763.07,568.59,0,1.0
4523,1634,person,796.08,443.39,808.82,468.6,0,1.0
4523,1518,car,802.66,380.04,834.71,426.04,0,1.0
4523,1634,person,796.08,443.39,808.82,468.6,0,1.0
4523,1526,motorcycle,678.19,489.16,693.69,515.58,0,1.0
4523,1491,car,727.77,509.76,763.07,568.59,0,1.0
4523,1543,car,959.53,470.97,997.14,508.33,0,1.0
4523,1604,person,1012.53,457.49,1021.6,480.66,0,1.0
4523,1589,car,1102.07,656.8,1134.32,703.77,0,1.0
4523,1618,motorcycle,1040.53,538.17,1060.88,565.84,0,1.0
4523,1596,motorcycle,616.76,557.57,636.76,582.69,0,1.0
4523,1507,car,620.01,607.6,661.86,638.09,0,1.0
4523,1597,car,993.22,532.92,1025.8,580.17,0,1.0
4523,1618,motorcycle,1040.53,538.17,1060.88,565.84,0,1.0
4523,1601,person,1396.26,439.95,1408.46,468.59,0,1.0
4523,1615,person,1331.76,441.98,1343.01,469.23,0,1.0
4523,1604,person,1012.53,457.49,1021.6,480.66,0,1.0
4523,1618,motorcycle,1040.53,538.17,1060.88,565.84,0,1.0
4523,1607,car,1415.83,824.58,1442.77,870.69,0,1.0
4523,1632,car,1476.36,831.35,1504.31,870.38,0,1.0
4523,1613,car,755.34,222.85,780.0,266.16,0,1.0
4523,1518,car,802.66,380.04,834.71,426.04,0,1.0
4523,1618,motorcycle,1040.53,538.17,1060.88,565.84,0,1.0
4523,1450,car,1105.58,499.22,1172.94,541.79,0,1.0
4523,1619,motorcycle,1426.28,501.59,1448.07,516.53,0,1.0
4523,1601,person,1396.26,439.95,1408.46,468.59,0,1.0
4523,1622,car,758.46,643.83,802.88,689.58,0,1.0
4523,398,car,675.22,623.72,721.44,674.7,0,1.0
4523,1626,car,659.05,347.21,678.78,401.59,0,1.0
4523,1283,car,669.34,295.29,696.92,350.74,0,1.0
4523,1630,car,688.61,359.25,715.43,410.92,0,1.0
4523,1283,car,669.34,295.29,696.92,350.74,0,1.0
4523,1635,person,208.04,616.77,223.34,640.19,0,1.0
4523,1636,car,328.96,536.52,382.58,564.84,0,1.0
4523,1637,car,645.78,67.74,660.9,97.74,0,1.0
4523,758,car,601.91,152.17,627.93,215.95,0,1.0
4523,1638,car,653.55,719.21,700.46,780.41,0,1.0
4523,398,car,675.22,623.72,721.44,674.7,0,1.0
887,164,car,652.69,78.37,684.89,136.89,0,1.0
887,358,car,643.74,178.26,669.21,239.91,0,1.0
887,165,car,643.88,38.42,672.74,78.1,0,1.0
887,164,car,652.69,78.37,684.89,136.89,0,1.0
887,225,motorcycle,387.26,595.19,411.16,610.77,0,1.0
887,227,car,340.14,589.45,360.6,606.91,0,1.0
887,227,car,340.14,589.45,360.6,606.91,0,1.0
887,376,car,375.58,553.06,413.98,608.86,0,1.0
887,271,motorcycle,318.82,582.58,360.68,607.59,0,1.0
887,225,motorcycle,387.26,595.19,411.16,610.77,0,1.0
887,272,car,836.85,796.0,871.33,842.62,0,1.0
887,370,person,813.58,772.31,824.33,802.75,0,1.0
887,277,car,825.54,648.13,871.61,707.73,0,1.0
887,286,car,780.19,587.07,814.62,630.98,0,1.0
887,290,car,516.21,482.06,588.0,529.02,0,1.0
887,337,person,622.07,544.89,632.14,567.13,0,1.0
887,297,car,611.06,470.64,661.26,515.68,0,1.0
887,372,car,635.9,384.67,660.41,444.25,0,1.0
887,307,car,650.96,647.81,667.61,679.03,0,1.0
887,366,car,727.51,599.09,749.84,620.36,0,1.0
887,331,car,1001.8,614.15,1046.19,653.5,0,1.0
887,356,car,964.37,625.33,989.0,672.67,0,1.0
887,338,person,670.77,649.92,681.38,672.08,0,1.0
887,374,car,632.53,550.64,653.69,575.39,0,1.0
887,350,person,627.32,448.55,638.39,470.96,0,1.0
887,290,car,516.21,482.06,588.0,529.02,0,1.0
887,355,motorcycle,943.56,654.54,960.12,687.41,0,1.0
887,378,car,877.45,739.79,916.93,794.79,0,1.0
887,358,car,643.74,178.26,669.21,239.91,0,1.0
887,363,person,614.27,216.25,625.33,241.83,0,1.0
887,360,car,750.69,248.71,777.86,304.14,0,1.0
887,367,car,687.96,284.95,713.93,309.36,0,1.0
887,363,person,614.27,216.25,625.33,241.83,0,1.0
887,367,car,687.96,284.95,713.93,309.36,0,1.0
887,365,person,633.2,214.05,643.43,230.16,0,1.0
887,367,car,687.96,284.95,713.93,309.36,0,1.0
887,366,car,727.51,599.09,749.84,620.36,0,1.0
887,338,person,670.77,649.92,681.38,672.08,0,1.0
887,369,car,753.4,612.28,770.7,644.97,0,1.0
887,286,car,780.19,587.07,814.62,630.98,0,1.0
887,372,car,635.9,384.67,660.41,444.25,0,1.0
887,350,person,627.32,448.55,638.39,470.96,0,1.0
887,374,car,632.53,550.64,653.69,575.39,0,1.0
887,290,car,516.21,482.06,588.0,529.02,0,1.0
1460,372,car,634.8,393.65,659.6,451.87,0,1.0
1460,520,car,603.28,360.84,640.44,398.92,0,1.0
1460,375,car,685.58,328.33,722.41,392.58,0,1.0
1460,520,car,603.28,360.84,640.44,398.92,0,1.0
1460,396,car,623.73,239.39,645.61,276.19,0,1.0
1460,520,car,603.28,360.84,640.44,398.92,0,1.0
1460,398,car,664.56,600.49,709.44,657.51,0,1.0
1460,616,person,679.66,526.55,689.69,550.49,0,1.0
1460,420,car,576.01,572.44,620.33,610.43,0,1.0
1460,615,person,582.09,532.54,591.78,554.11,0,1.0
1460,520,car,603.28,360.84,640.44,398.92,0,1.0
1460,599,car,599.53,417.39,632.35,457.52,0,1.0
1460,563,car,634.85,47.9,660.91,90.69,0,1.0
1460,601,person,597.38,215.61,608.27,238.74,0,1.0
1460,565,car,974.42,608.02,1005.68,632.64,0,1.0
1460,609,motorcycle,983.37,521.75,994.74,546.55,0,1.0
1460,591,person,815.93,770.59,830.29,799.24,0,1.0
1460,623,car,896.08,726.95,923.99,774.81,0,1.0
1460,593,person,795.93,761.02,805.88,783.48,0,1.0
1460,604,car,823.71,673.6,856.59,718.97,0,1.0
1460,601,person,597.38,215.61,608.27,238.74,0,1.0
1460,396,car,623.73,239.39,645.61,276.19,0,1.0
1460,604,car,823.71,673.6,856.59,718.97,0,1.0
1460,624,car,825.02,611.19,861.69,654.96,0,1.0
1460,608,car,663.56,25.56,686.96,85.84,0,1.0
1460,601,person,597.38,215.61,608.27,238.74,0,1.0
1460,610,person,265.72,584.7,284.25,610.29,0,1.0
1460,611,person,315.03,450.45,328.12,475.21,0,1.0
1460,615,person,582.09,532.54,591.78,554.11,0,1.0
1460,599,car,599.53,417.39,632.35,457.52,0,1.0
1460,618,person,919.15,443.92,930.04,466.42,0,1.0
1460,621,car,759.54,544.54,787.55,595.78,0,1.0
1460,621,car,759.54,544.54,787.55,595.78,0,1.0
1460,616,person,679.66,526.55,689.69,550.49,0,1.0
1460,623,car,896.08,726.95,923.99,774.81,0,1.0
1460,604,car,823.71,673.6,856.59,718.97,0,1.0
1460,624,car,825.02,611.19,861.69,654.96,0,1.0
1460,621,car,759.54,544.54,787.55,595.78,0,1.0
1460,625,person,920.05,615.88,934.03,644.42,0,1.0
1460,565,car,974.42,608.02,1005.68,632.64,0,1.0
2421,398,car,669.26,611.63,712.19,662.07,0,1.0
2421,876,car,716.93,518.51,743.6,561.31,0,1.0
2421,758,car,620.23,133.93,645.42,178.51,0,1.0
2421,948,bus,624.07,52.07,653.71,95.61,0,1.0
2421,788,car,598.92,368.12,637.44,405.39,0,1.0
2421,878,car,598.65,420.4,631.24,461.64,0,1.0
2421,853,car,730.78,486.59,752.29,517.64,0,1.0
2421,953,motorcycle,700.86,455.65,715.09,484.72,0,1.0
2421,854,car,618.2,243.84,639.64,279.79,0,1.0
2421,950,car,620.68,290.92,651.2,333.09,0,1.0
2421,869,car,655.35,414.05,700.37,475.84,0,1.0
2421,788,car,598.92,368.12,637.44,405.39,0,1.0
2421,877,person,761.62,664.41,780.54,696.33,0,1.0
2421,961,car,693.26,718.7,721.99,748.9,0,1.0
2421,890,motorcycle,396.15,618.44,420.7,634.79,0,1.0
2421,928,car,392.38,490.66,456.18,533.81,0,1.0
2421,893,car,635.57,191.54,655.73,229.47,0,1.0
2421,854,car,618.2,243.84,639.64,279.79,0,1.0
2421,906,car,762.72,242.47,788.81,285.6,0,1.0
2421,956,car,636.9,289.33,658.04,320.12,0,1.0
2421,926,car,628.45,326.51,664.49,361.99,0,1.0
2421,854,car,618.2,243.84,639.64,279.79,0,1.0
2421,952,motorcycle,698.85,499.01,714.51,530.26,0,1.0
2421,398,car,669.26,611.63,712.19,662.07,0,1.0
2421,953,motorcycle,700.86,455.65,715.09,484.72,0,1.0
2421,878,car,598.65,420.4,631.24,461.64,0,1.0
2421,954,car,318.4,463.76,362.21,498.85,0,1.0
2421,928,car,392.38,490.66,456.18,533.81,0,1.0
2421,956,car,636.9,289.33,658.04,320.12,0,1.0
2421,854,car,618.2,243.84,639.64,279.79,0,1.0
2421,958,motorcycle,1416.41,612.98,1435.2,636.31,0,1.0
2421,959,motorcycle,1530.78,515.44,1554.75,538.79,0,1.0
2421,963,person,831.52,766.42,845.42,801.05,0,1.0
2421,961,car,693.26,718.7,721.99,748.9,0,1.0
3580,398,car,670.87,610.98,715.91,662.17,0,1.0
3580,1292,person,786.24,661.53,796.59,684.96,0,1.0
3580,758,car,623.34,136.49,647.23,183.04,0,1.0
3580,872,car,625.6,53.03,655.91,95.71,0,1.0
3580,788,car,608.31,358.34,643.58,418.27,0,1.0
3580,1084,car,622.23,292.7,654.51,354.61,0,1.0
3580,878,car,599.41,421.4,638.24,504.94,0,1.0
3580,1289,person,762.53,492.95,773.62,512.23,0,1.0
3580,906,car,765.1,241.11,791.3,282.78,0,1.0
3580,1239,car,679.55,205.19,700.21,229.3,0,1.0
3580,1032,car,687.03,312.67,719.7,384.44,0,1.0
3580,1084,car,622.23,292.7,654.51,354.61,0,1.0
3580,1059,car,379.98,760.66,415.86,820.12,0,1.0
3580,1274,car,352.84,615.77,372.44,633.67,0,1.0
3580,1085,car,619.77,247.67,642.98,301.13,0,1.0
3580,1084,car,622.23,292.7,654.51,354.61,0,1.0
3580,1154,person,1334.66,844.61,1345.72,870.38,0,1.0
3580,1240,car,1143.79,764.28,1165.75,779.02,0,1.0
3580,1195,car,767.95,296.45,800.08,325.76,0,1.0
3580,906,car,765.1,241.11,791.3,282.78,0,1.0
3580,1239,car,679.55,205.19,700.21,229.3,0,1.0
3580,758,car,623.34,136.49,647.23,183.04,0,1.0
3580,1244,car,948.71,468.51,987.13,505.36,0,1.0
3580,1296,person,893.17,465.81,907.92,495.44,0,1.0
3580,1257,person,660.14,608.65,669.24,631.34,0,1.0
3580,1289,person,762.53,492.95,773.62,512.23,0,1.0
3580,1259,car,635.6,320.87,669.78,380.11,0,1.0
3580,1085,car,619.77,247.67,642.98,301.13,0,1.0
3580,1260,car,1014.39,481.22,1053.35,518.16,0,1.0
3580,1244,car,948.71,468.51,987.13,505.36,0,1.0
3580,1261,motorcycle,830.68,638.21,847.79,661.57,0,1.0
3580,1292,person,786.24,661.53,796.59,684.96,0,1.0
3580,1271,person,736.03,699.36,745.9,724.48,0,1.0
3580,1303,person,779.9,718.75,790.07,736.8,0,1.0
3580,1274,car,352.84,615.77,372.44,633.67,0,1.0
3580,1283,car,304.83,496.55,357.44,531.87,0,1.0
3580,1281,car,747.51,244.56,764.19,277.21,0,1.0
3580,1195,car,767.95,296.45,800.08,325.76,0,1.0
3580,1289,person,762.53,492.95,773.62,512.23,0,1.0
3580,1296,person,893.17,465.81,907.92,495.44,0,1.0
3580,1291,car,678.31,235.49,701.07,286.95,0,1.0
3580,1032,car,687.03,312.67,719.7,384.44,0,1.0
3580,1292,person,786.24,661.53,796.59,684.96,0,1.0
3580,1271,person,736.03,699.36,745.9,724.48,0,1.0
3580,1300,car,637.15,193.04,659.55,248.75,0,1.0
3580,1085,car,619.77,247.67,642.98,301.13,0,1.0
3580,1301,car,873.21,707.6,902.6,756.2,0,1.0
3580,1261,motorcycle,830.68,638.21,847.79,661.57,0,1.0
6590,788,car,608.48,354.61,639.11,418.05,0,1.0
6590,2050,car,602.78,421.97,634.83,464.72,0,1.0
6590,872,car,603.99,66.58,631.6,111.25,0,1.0
6590,2232,car,612.42,303.8,642.57,349.83,0,1.0
6590,1059,car,395.12,781.76,426.38,843.5,0,1.0
6590,2213,person,365.59,619.89,380.76,652.64,0,1.0
6590,1507,car,617.24,606.56,660.27,634.7,0,1.0
6590,2104,car,676.04,620.51,719.95,668.14,0,1.0
6590,2032,car,924.05,452.13,958.41,474.89,0,1.0
6590,2218,car,1012.78,475.14,1049.11,510.25,0,1.0
6590,2050,car,602.78,421.97,634.83,464.72,0,1.0
6590,2074,car,634.54,383.93,657.81,442.2,0,1.0
6590,2053,person,1393.52,437.96,1405.7,464.37,0,1.0
6590,2172,person,1339.36,455.39,1347.95,473.3,0,1.0
6590,2074,car,634.54,383.93,657.81,442.2,0,1.0
6590,2232,car,612.42,303.8,642.57,349.83,0,1.0
6590,2124,car,523.39,583.43,568.07,615.34,0,1.0
6590,2244,car,567.8,491.04,607.91,511.85,0,1.0
6590,2132,person,714.56,654.81,724.09,675.23,0,1.0
6590,2141,person,667.95,656.32,677.77,679.07,0,1.0
6590,2136,car,636.87,685.76,676.82,736.39,0,1.0
6590,2141,person,667.95,656.32,677.77,679.07,0,1.0
6590,2141,person,667.95,656.32,677.77,679.07,0,1.0
6590,1507,car,617.24,606.56,660.27,634.7,0,1.0
6590,2170,person,1383.23,463.92,1395.59,486.6,0,1.0
6590,2220,person,1470.13,433.07,1482.88,468.29,0,1.0
6590,2171,person,1400.33,454.51,1414.44,474.96,0,1.0
6590,2220,person,1470.13,433.07,1482.88,468.29,0,1.0
6590,2172,person,1339.36,455.39,1347.95,473.3,0,1.0
6590,2170,person,1383.23,463.92,1395.59,486.6,0,1.0
6590,2182,person,1328.96,445.2,1339.7,467.85,0,1.0
6590,2053,person,1393.52,437.96,1405.7,464.37,0,1.0
6590,2189,person,732.92,689.95,744.07,713.87,0,1.0
6590,2132,person,714.56,654.81,724.09,675.23,0,1.0
6590,2205,person,988.58,642.97,1002.94,670.14,0,1.0
6590,2206,person,983.11,699.12,993.88,720.05,0,1.0
6590,2206,person,983.11,699.12,993.88,720.05,0,1.0
6590,2250,motorcycle,940.19,782.45,953.88,812.18,0,1.0
6590,2208,person,1070.11,439.69,1078.3,459.22,0,1.0
6590,2032,car,924.05,452.13,958.41,474.89,0,1.0
6590,2212,person,695.93,660.51,703.87,680.98,0,1.0
6590,1507,car,617.24,606.56,660.27,634.7,0,1.0
6590,2218,car,1012.78,475.14,1049.11,510.25,0,1.0
6590,2208,person,1070.11,439.69,1078.3,459.22,0,1.0
6590,2220,person,1470.13,433.07,1482.88,468.29,0,1.0
6590,2236,person,1510.21,457.86,1525.11,478.9,0,1.0
6590,2222,car,1504.87,487.1,1545.72,510.79,0,1.0
6590,2249,motorcycle,1469.2,588.53,1490.31,611.34,0,1.0
6590,2229,person,651.19,662.45,659.6,682.27,0,1.0
6590,2212,person,695.93,660.51,703.87,680.98,0,1.0
6590,2232,car,612.42,303.8,642.57,349.83,0,1.0
6590,788,car,608.48,354.61,639.11,418.05,0,1.0
6590,2239,motorcycle,694.38,503.85,706.18,525.19,0,1.0
6590,1507,car,617.24,606.56,660.27,634.7,0,1.0
6590,2241,person,1364.73,456.26,1380.79,480.98,0,1.0
6590,2220,person,1470.13,433.07,1482.88,468.29,0,1.0
6590,2244,car,567.8,491.04,607.91,511.85,0,1.0
6590,2050,car,602.78,421.97,634.83,464.72,0,1.0
8359,1507,car,618.86,612.57,662.6,641.05,0,1.0
8359,2104,car,678.24,625.36,722.44,674.62,0,1.0
8359,2702,car,973.41,567.81,1007.79,608.16,0,1.0
8359,2863,car,1054.87,475.5,1091.83,510.98,0,1.0
8359,2762,car,919.09,486.91,1043.39,547.48,0,1.0
8359,2702,car,973.41,567.81,1007.79,608.16,0,1.0
8359,2764,car,676.57,509.72,713.6,548.9,0,1.0
8359,2869,car,608.26,414.6,641.21,473.8,0,1.0
8359,2795,car,1126.12,677.87,1155.32,733.42,0,1.0
8359,2868,car,1155.19,759.85,1178.65,786.12,0,1.0
8359,2798,car,765.4,578.63,801.88,619.65,0,1.0
8359,2854,person,779.47,520.38,792.84,549.2,0,1.0
8359,2800,car,661.4,355.57,684.87,412.35,0,1.0
8359,2869,car,608.26,414.6,641.21,473.8,0,1.0
8359,2819,car,868.02,612.36,902.48,654.12,0,1.0
8359,2860,car,824.54,667.3,854.9,702.74,0,1.0
8359,2820,person,717.93,664.94,726.39,685.28,0,1.0
8359,1507,car,618.86,612.57,662.6,641.05,0,1.0
8359,2836,person,845.77,782.39,854.15,802.71,0,1.0
8359,2862,car,834.54,699.7,865.26,728.73,0,1.0
8359,2857,person,972.84,440.3,984.34,466.42,0,1.0
8359,2762,car,919.09,486.91,1043.39,547.48,0,1.0
8359,2860,car,824.54,667.3,854.9,702.74,0,1.0
8359,2861,person,790.62,668.29,801.58,689.81,0,1.0
8359,2861,person,790.62,668.29,801.58,689.81,0,1.0
8359,2798,car,765.4,578.63,801.88,619.65,0,1.0
8359,2862,car,834.54,699.7,865.26,728.73,0,1.0
8359,2861,person,790.62,668.29,801.58,689.81,0,1.0
8359,2863,car,1054.87,475.5,1091.83,510.98,0,1.0
8359,2762,car,919.09,486.91,1043.39,547.48,0,1.0
8291,788,car,605.57,361.46,634.01,402.2,0,1.0
8291,2800,car,662.12,384.39,695.58,452.72,0,1.0
8291,1507,car,618.89,612.92,663.24,640.88,0,1.0
8291,2832,person,640.92,544.79,659.42,580.52,0,1.0
8291,2074,car,636.61,350.04,662.67,394.11,0,1.0
8291,2280,car,606.08,304.34,637.03,369.35,0,1.0
8291,2104,car,678.26,625.91,722.68,677.22,0,1.0
8291,2820,person,755.56,664.8,766.65,686.1,0,1.0
8291,2280,car,606.08,304.34,637.03,369.35,0,1.0
8291,2732,car,645.77,276.61,670.66,326.22,0,1.0
8291,2702,car,959.31,558.09,994.57,598.88,0,1.0
8291,2775,car,1014.59,468.71,1047.31,493.57,0,1.0
8291,2728,person,835.15,786.15,843.01,807.35,0,1.0
8291,2834,person,767.91,733.68,777.43,755.87,0,1.0
8291,2762,truck,857.47,444.94,979.45,538.5,0,1.0
8291,2702,car,959.31,558.09,994.57,598.88,0,1.0
8291,2764,car,717.7,555.72,757.84,591.63,0,1.0
8291,2832,person,640.92,544.79,659.42,580.52,0,1.0
8291,2775,car,1014.59,468.71,1047.31,493.57,0,1.0
8291,2781,car,1063.68,474.66,1105.29,510.97,0,1.0
8291,2781,car,1063.68,474.66,1105.29,510.97,0,1.0
8291,2843,person,1052.05,447.26,1059.39,463.37,0,1.0
8291,2782,person,1032.15,446.4,1041.41,466.55,0,1.0
8291,2762,truck,857.47,444.94,979.45,538.5,0,1.0
8291,2784,car,1159.75,742.36,1180.44,757.32,0,1.0
8291,2795,car,1126.33,678.31,1160.87,735.28,0,1.0
8291,2798,car,854.68,646.49,894.42,698.52,0,1.0
8291,2820,person,755.56,664.8,766.65,686.1,0,1.0
8291,2800,car,662.12,384.39,695.58,452.72,0,1.0
8291,2074,car,636.61,350.04,662.67,394.11,0,1.0
8291,2819,car,926.37,598.98,960.86,638.12,0,1.0
8291,2798,car,854.68,646.49,894.42,698.52,0,1.0
8291,2836,person,854.91,785.37,863.25,806.51,0,1.0
8291,2834,person,767.91,733.68,777.43,755.87,0,1.0
8291,2843,person,1052.05,447.26,1059.39,463.37,0,1.0
8291,2762,truck,857.47,444.94,979.45,538.5,0,1.0
322,48,car,409.42,542.96,459.34,576.74,0,1.0
322,82,car,523.57,481.54,588.78,525.59,0,1.0
322,62,car,835.15,802.09,872.24,852.07,0,1.0
322,181,person,858.74,769.72,866.94,790.16,0,1.0
322,75,motorcycle,755.95,514.59,769.18,545.83,0,1.0
322,152,car,658.16,395.0,677.16,446.38,0,1.0
322,81,car,633.68,391.65,658.48,450.62,0,1.0
322,168,car,599.72,359.9,639.42,417.97,0,1.0
322,82,car,523.57,481.54,588.78,525.59,0,1.0
322,171,car,598.86,409.66,631.97,450.6,0,1.0
322,135,car,622.25,699.98,672.86,762.81,0,1.0
322,167,person,672.69,680.2,683.78,704.17,0,1.0
322,148,car,1074.74,694.84,1107.65,739.87,0,1.0
322,153,car,1127.12,782.88,1150.4,797.64,0,1.0
322,150,car,653.27,244.89,683.33,306.82,0,1.0
322,164,car,649.4,87.77,680.57,146.27,0,1.0
322,152,car,658.16,395.0,677.16,446.38,0,1.0
322,171,car,598.86,409.66,631.97,450.6,0,1.0
322,154,car,881.85,947.79,917.29,983.15,0,1.0
322,62,car,835.15,802.09,872.24,852.07,0,1.0
322,161,person,815.52,693.66,827.35,715.46,0,1.0
322,170,person,721.91,638.51,735.07,666.57,0,1.0
322,163,person,843.67,779.7,853.31,800.36,0,1.0
322,161,person,815.52,693.66,827.35,715.46,0,1.0
322,164,car,649.4,87.77,680.57,146.27,0,1.0
322,165,car,640.34,45.54,671.53,108.85,0,1.0
322,165,car,640.34,45.54,671.53,108.85,0,1.0
322,172,car,622.96,235.92,648.04,298.39,0,1.0
322,168,car,599.72,359.9,639.42,417.97,0,1.0
322,171,car,598.86,409.66,631.97,450.6,0,1.0
322,172,car,622.96,235.92,648.04,298.39,0,1.0
322,187,car,630.33,320.33,668.53,371.75,0,1.0
322,177,person,1063.48,485.35,1073.7,504.82,0,1.0
322,182,person,1135.72,499.28,1147.51,521.24,0,1.0
322,182,person,1135.72,499.28,1147.51,521.24,0,1.0
322,148,car,1074.74,694.84,1107.65,739.87,0,1.0
322,185,person,692.25,585.25,703.71,610.58,0,1.0
322,170,person,721.91,638.51,735.07,666.57,0,1.0
322,187,car,630.33,320.33,668.53,371.75,0,1.0
322,168,car,599.72,359.9,639.42,417.97,0,1.0
284,48,car,485.37,533.55,536.16,582.92,0,1.0
284,167,person,677.06,676.2,688.05,699.49,0,1.0
284,62,car,835.22,805.02,871.66,852.39,0,1.0
284,125,person,806.01,751.53,815.77,771.47,0,1.0
284,67,car,891.87,508.9,917.43,540.3,0,1.0
284,161,person,830.99,700.73,844.01,723.35,0,1.0
284,75,motorcycle,673.12,447.93,683.57,470.39,0,1.0
284,81,car,634.05,392.46,662.62,451.87,0,1.0
284,81,car,634.05,392.46,662.62,451.87,0,1.0
284,168,car,602.29,360.06,640.61,400.04,0,1.0
284,125,person,806.01,751.53,815.77,771.47,0,1.0
284,161,person,830.99,700.73,844.01,723.35,0,1.0
284,135,car,623.04,702.03,673.84,763.14,0,1.0
284,167,person,677.06,676.2,688.05,699.49,0,1.0
284,136,car,679.51,716.0,731.97,759.99,0,1.0
284,125,person,806.01,751.53,815.77,771.47,0,1.0
284,144,car,631.4,130.0,656.53,193.13,0,1.0
284,164,car,650.39,88.6,681.1,148.44,0,1.0
284,148,car,1075.53,696.49,1107.57,740.64,0,1.0
284,159,car,1074.85,760.03,1098.59,804.93,0,1.0
284,150,car,660.69,270.72,689.22,332.49,0,1.0
284,144,car,631.4,130.0,656.53,193.13,0,1.0
284,152,car,658.87,396.96,676.75,447.71,0,1.0
284,168,car,602.29,360.06,640.61,400.04,0,1.0
284,153,car,1127.44,784.19,1151.32,798.19,0,1.0
284,159,car,1074.85,760.03,1098.59,804.93,0,1.0
284,154,car,881.63,949.04,917.46,987.02,0,1.0
284,62,car,835.22,805.02,871.66,852.39,0,1.0
284,163,person,856.97,781.01,867.1,801.39,0,1.0
284,125,person,806.01,751.53,815.77,771.47,0,1.0
284,165,car,640.76,46.85,671.66,104.94,0,1.0
284,164,car,650.39,88.6,681.1,148.44,0,1.0
284,167,person,677.06,676.2,688.05,699.49,0,1.0
284,170,person,710.69,625.6,723.11,651.43,0,1.0
284,170,person,710.69,625.6,723.11,651.43,0,1.0
284,136,car,679.51,716.0,731.97,759.99,0,1.0
1977,398,car,668.39,604.76,713.05,660.25,0,1.0
1977,808,motorcycle,643.94,637.17,653.91,657.61,0,1.0
1977,758,car,621.11,132.7,646.85,197.53,0,1.0
1977,784,bus,623.82,50.9,656.03,116.24,0,1.0
1977,762,car,725.99,524.76,750.74,579.41,0,1.0
1977,791,person,607.0,511.86,619.32,539.12,0,1.0
1977,786,person,575.17,217.58,584.34,241.62,0,1.0
1977,758,car,621.11,132.7,646.85,197.53,0,1.0
1977,787,car,599.27,419.7,632.23,458.99,0,1.0
1977,788,car,601.59,367.14,638.35,402.36,0,1.0
1977,794,car,736.92,350.37,758.75,398.79,0,1.0
1977,788,car,601.59,367.14,638.35,402.36,0,1.0
1977,799,person,757.63,710.64,766.45,732.64,0,1.0
1977,398,car,668.39,604.76,713.05,660.25,0,1.0
1977,801,person,768.48,715.48,776.27,735.52,0,1.0
1977,806,person,833.47,778.37,843.22,800.11,0,1.0
1977,804,car,670.88,310.56,687.99,365.86,0,1.0
1977,794,car,736.92,350.37,758.75,398.79,0,1.0
1977,807,person,924.29,438.27,937.25,464.14,0,1.0
1977,794,car,736.92,350.37,758.75,398.79,0,1.0
8287,788,car,605.82,361.71,633.91,402.59,0,1.0
8287,2280,car,607.61,304.75,637.02,369.03,0,1.0
8287,1507,car,619.05,613.05,663.26,640.97,0,1.0
8287,2832,person,643.17,546.04,660.66,582.03,0,1.0
8287,2074,car,636.09,350.91,662.71,407.08,0,1.0
8287,2800,car,661.77,386.65,694.55,454.62,0,1.0
8287,2104,car,678.2,625.84,722.89,676.76,0,1.0
8287,2136,car,641.69,691.39,680.96,743.69,0,1.0
8287,2702,car,958.09,558.03,993.3,598.65,0,1.0
8287,2819,car,929.96,597.94,964.54,637.12,0,1.0
8287,2728,person,836.42,786.07,843.22,807.08,0,1.0
8287,2834,person,767.36,733.07,775.83,755.48,0,1.0
8287,2732,car,646.95,279.29,672.03,324.78,0,1.0
8287,2280,car,607.61,304.75,637.02,369.03,0,1.0
8287,2762,truck,853.12,427.84,975.72,540.51,0,1.0
8287,2775,car,1013.0,469.09,1047.56,498.2,0,1.0
8287,2764,car,721.78,559.1,762.51,594.96,0,1.0
8287,2832,person,643.17,546.04,660.66,582.03,0,1.0
8287,2775,car,1013.0,469.09,1047.56,498.2,0,1.0
8287,2702,car,958.09,558.03,993.3,598.65,0,1.0
8287,2781,car,1064.2,474.53,1105.05,511.03,0,1.0
8287,2843,person,1053.83,447.18,1061.82,464.18,0,1.0
8287,2782,person,1033.97,446.26,1044.04,466.62,0,1.0
8287,2762,truck,853.12,427.84,975.72,540.51,0,1.0
8287,2784,car,1159.86,742.49,1180.71,757.39,0,1.0
8287,2795,car,1126.63,678.61,1163.48,736.72,0,1.0
8287,2798,car,860.29,650.08,900.29,701.48,0,1.0
8287,2820,person,757.85,665.38,768.31,686.62,0,1.0
8287,2819,car,929.96,597.94,964.54,637.12,0,1.0
8287,2798,car,860.29,650.08,900.29,701.48,0,1.0
8287,2820,person,757.85,665.38,768.31,686.62,0,1.0
8287,2104,car,678.2,625.84,722.89,676.76,0,1.0
8287,2836,person,855.75,785.96,863.34,806.68,0,1.0
8287,2834,person,767.36,733.07,775.83,755.48,0,1.0
8059,788,car,603.74,362.65,632.53,403.43,0,1.0
8059,2772,person,667.99,419.04,676.16,438.11,0,1.0
8059,1507,car,616.98,614.6,660.69,642.07,0,1.0
8059,2104,car,676.61,627.21,726.61,675.78,0,1.0
8059,2074,car,633.03,359.23,658.26,402.24,0,1.0
8059,2280,car,607.21,306.12,635.75,367.67,0,1.0
8059,2104,car,676.61,627.21,726.61,675.78,0,1.0
8059,2780,car,709.04,732.68,737.24,771.1,0,1.0
8059,2280,car,607.21,306.12,635.75,367.67,0,1.0
8059,2778,car,594.42,240.71,617.67,276.19,0,1.0
8059,2507,car,397.65,798.82,431.84,857.15,0,1.0
8059,2750,motorcycle,404.57,655.96,429.18,674.84,0,1.0
8059,2557,car,359.98,656.3,378.63,674.43,0,1.0
8059,2750,motorcycle,404.57,655.96,429.18,674.84,0,1.0
8059,2693,car,1123.95,679.87,1155.22,738.28,0,1.0
8059,2759,car,921.27,727.89,950.88,767.82,0,1.0
8059,2699,car,917.81,451.82,953.93,488.06,0,1.0
8059,2775,car,1004.28,460.88,1046.26,509.45,0,1.0
8059,2702,car,767.06,485.78,805.25,521.24,0,1.0
8059,2699,car,917.81,451.82,953.93,488.06,0,1.0
8059,2711,car,596.31,431.12,635.09,493.18,0,1.0
8059,788,car,603.74,362.65,632.53,403.43,0,1.0
8059,2723,person,623.69,472.36,633.81,493.54,0,1.0
8059,788,car,603.74,362.65,632.53,403.43,0,1.0
8059,2728,person,857.79,770.61,866.45,796.15,0,1.0
8059,2759,car,921.27,727.89,950.88,767.82,0,1.0
8059,2755,car,585.32,15.67,610.6,81.1,0,1.0
8059,2777,car,591.96,76.52,618.14,118.41,0,1.0
8059,2756,motorcycle,720.48,492.94,736.45,519.57,0,1.0
8059,2772,person,667.99,419.04,676.16,438.11,0,1.0
8059,2759,car,921.27,727.89,950.88,767.82,0,1.0
8059,2764,car,889.88,592.7,926.25,647.52,0,1.0
8059,2762,bus,720.22,298.94,797.98,421.81,0,1.0
8059,2772,person,667.99,419.04,676.16,438.11,0,1.0
8059,2772,person,667.99,419.04,676.16,438.11,0,1.0
8059,2074,car,633.03,359.23,658.26,402.24,0,1.0
8059,2774,car,1043.3,514.47,1088.64,566.99,0,1.0
8059,2775,car,1004.28,460.88,1046.26,509.45,0,1.0
8059,2777,car,591.96,76.52,618.14,118.41,0,1.0
8059,2778,car,594.42,240.71,617.67,276.19,0,1.0
8059,2780,car,709.04,732.68,737.24,771.1,0,1.0
8059,2728,person,857.79,770.61,866.45,796.15,0,1.0
6397,788,car,609.86,355.91,639.39,419.05,0,1.0
6397,2050,car,599.17,425.56,632.95,487.94,0,1.0
6397,872,car,605.33,69.54,632.05,119.15,0,1.0
6397,2024,car,649.14,144.04,670.64,191.67,0,1.0
6397,1059,car,394.2,785.9,427.92,844.96,0,1.0
6397,2119,motorcycle,279.87,643.32,302.83,663.23,0,1.0
6397,1507,car,617.95,607.9,661.25,637.27,0,1.0
6397,1778,car,593.04,552.3,637.84,584.74,0,1.0
6397,1663,car,612.91,305.36,643.02,354.11,0,1.0
6397,2160,car,601.41,233.01,626.54,286.71,0,1.0
6397,1778,car,593.04,552.3,637.84,584.74,0,1.0
6397,2050,car,599.17,425.56,632.95,487.94,0,1.0
6397,1982,car,662.84,378.87,686.58,425.76,0,1.0
6397,1663,car,612.91,305.36,643.02,354.11,0,1.0
6397,2024,car,649.14,144.04,670.64,191.67,0,1.0
6397,2155,car,599.62,108.93,634.27,153.75,0,1.0
6397,2032,car,924.96,453.5,958.24,475.38,0,1.0
6397,2184,motorcycle,902.7,488.61,921.36,516.45,0,1.0
6397,2053,person,1394.29,438.59,1406.48,466.22,0,1.0
6397,2173,person,1437.23,463.08,1451.63,484.4,0,1.0
6397,2074,car,634.92,384.84,657.52,444.98,0,1.0
6397,2050,car,599.17,425.56,632.95,487.94,0,1.0
6397,2098,car,962.69,469.7,996.68,490.78,0,1.0
6397,2180,person,1096.85,457.74,1109.74,485.57,0,1.0
6397,2104,car,677.11,622.34,720.22,671.96,0,1.0
6397,2124,car,641.5,573.14,685.02,621.88,0,1.0
6397,2119,motorcycle,279.87,643.32,302.83,663.23,0,1.0
6397,2145,motorcycle,337.95,639.61,361.08,662.8,0,1.0
6397,2124,car,641.5,573.14,685.02,621.88,0,1.0
6397,1778,car,593.04,552.3,637.84,584.74,0,1.0
6397,2126,person,1470.66,433.44,1484.11,470.36,0,1.0
6397,2053,person,1394.29,438.59,1406.48,466.22,0,1.0
6397,2132,person,758.7,652.71,771.18,675.87,0,1.0
6397,2141,person,740.3,688.33,751.07,710.81,0,1.0
6397,2135,person,620.12,585.54,630.19,610.12,0,1.0
6397,2189,person,650.32,650.84,662.17,672.9,0,1.0
6397,2136,car,637.55,687.63,677.45,738.14,0,1.0
6397,2189,person,650.32,650.84,662.17,672.9,0,1.0
6397,2141,person,740.3,688.33,751.07,710.81,0,1.0
6397,2104,car,677.11,622.34,720.22,671.96,0,1.0
6397,2142,motorcycle,404.96,644.33,429.98,659.68,0,1.0
6397,2145,motorcycle,337.95,639.61,361.08,662.8,0,1.0
6397,2164,car,622.52,186.2,647.7,248.13,0,1.0
6397,2160,car,601.41,233.01,626.54,286.71,0,1.0
6397,2170,person,1383.72,464.45,1397.08,486.9,0,1.0
6397,2172,person,1339.61,456.32,1348.48,473.99,0,1.0
6397,2171,person,1399.87,454.68,1415.1,476.17,0,1.0
6397,2126,person,1470.66,433.44,1484.11,470.36,0,1.0
6397,2172,person,1339.61,456.32,1348.48,473.99,0,1.0
6397,2053,person,1394.29,438.59,1406.48,466.22,0,1.0
6397,2174,person,665.97,627.62,672.74,652.86,0,1.0
6397,2136,car,637.55,687.63,677.45,738.14,0,1.0
6397,2175,car,604.22,152.13,627.71,215.01,0,1.0
6397,2155,car,599.62,108.93,634.27,153.75,0,1.0
6397,2178,motorcycle,661.92,431.09,673.98,454.6,0,1.0
6397,2050,car,599.17,425.56,632.95,487.94,0,1.0
6397,2179,motorcycle,688.37,446.55,700.43,469.66,0,1.0
6397,2074,car,634.92,384.84,657.52,444.98,0,1.0
6397,2180,person,1096.85,457.74,1109.74,485.57,0,1.0
6397,2183,person,970.56,443.85,981.68,468.08,0,1.0
6397,2182,person,1329.96,445.26,1340.57,467.81,0,1.0
6397,2170,person,1383.72,464.45,1397.08,486.9,0,1.0
6397,2183,person,970.56,443.85,981.68,468.08,0,1.0
6397,2184,motorcycle,902.7,488.61,921.36,516.45,0,1.0
6397,2184,motorcycle,902.7,488.61,921.36,516.45,0,1.0
6397,2098,car,962.69,469.7,996.68,490.78,0,1.0
6397,2187,car,706.09,726.38,749.02,767.66,0,1.0
6397,2136,car,637.55,687.63,677.45,738.14,0,1.0
6397,2188,person,1421.26,454.3,1434.42,472.91,0,1.0
6397,2172,person,1339.61,456.32,1348.48,473.99,0,1.0
6397,2192,car,686.32,398.33,717.29,433.89,0,1.0
6397,2074,car,634.92,384.84,657.52,444.98,0,1.0
2763,398,car,667.25,610.67,711.42,662.83,0,1.0
2763,1040,car,692.28,719.83,720.54,750.41,0,1.0
2763,758,car,618.32,137.2,642.82,186.29,0,1.0
2763,876,car,659.07,277.11,679.21,330.26,0,1.0
2763,788,car,597.86,371.27,635.16,408.95,0,1.0
2763,878,car,596.11,423.08,629.84,482.51,0,1.0
2763,872,car,623.47,53.25,651.61,96.2,0,1.0
2763,758,car,618.32,137.2,642.82,186.29,0,1.0
2763,876,car,659.07,277.11,679.21,330.26,0,1.0
2763,906,car,760.07,241.32,786.83,283.29,0,1.0
2763,878,car,596.11,423.08,629.84,482.51,0,1.0
2763,1013,car,540.01,491.0,605.87,533.16,0,1.0
2763,982,car,670.71,369.65,716.41,445.17,0,1.0
2763,876,car,659.07,277.11,679.21,330.26,0,1.0
2763,998,person,1341.33,478.65,1350.58,496.67,0,1.0
2763,1021,person,1420.91,475.41,1438.55,502.69,0,1.0
2763,1022,person,1330.78,461.74,1342.16,489.73,0,1.0
2763,1021,person,1420.91,475.41,1438.55,502.69,0,1.0
2763,1032,car,877.36,652.13,927.2,712.6,0,1.0
2763,1058,person,988.96,616.95,1000.13,638.78,0,1.0
2763,1050,person,1331.54,609.49,1343.45,633.56,0,1.0
2763,998,person,1341.33,478.65,1350.58,496.67,0,1.0
2763,1053,car,1011.47,479.33,1047.22,515.21,0,1.0
2763,1057,person,902.72,454.71,913.22,476.9,0,1.0
2763,1056,motorcycle,740.81,585.42,751.85,614.44,0,1.0
2763,398,car,667.25,610.67,711.42,662.83,0,1.0
2763,1058,person,988.96,616.95,1000.13,638.78,0,1.0
2763,1053,car,1011.47,479.33,1047.22,515.21,0,1.0
5313,788,car,607.82,356.09,637.79,418.79,0,1.0
5313,1700,car,599.02,428.06,629.08,469.6,0,1.0
5313,872,car,601.81,68.71,630.82,118.05,0,1.0
5313,1819,car,619.15,199.9,642.81,239.62,0,1.0
5313,1507,car,615.19,608.73,658.68,638.24,0,1.0
5313,1821,car,674.44,620.25,717.5,662.09,0,1.0
5313,1587,car,1120.98,686.82,1150.42,744.31,0,1.0
5313,1866,car,1049.76,646.12,1084.82,681.37,0,1.0
5313,1622,car,716.98,616.64,757.95,661.35,0,1.0
5313,1821,car,674.44,620.25,717.5,662.09,0,1.0
5313,1663,car,610.81,305.92,641.41,368.16,0,1.0
5313,788,car,607.82,356.09,637.79,418.79,0,1.0
5313,1700,car,599.02,428.06,629.08,469.6,0,1.0
5313,1868,motorcycle,611.92,525.73,633.99,550.82,0,1.0
5313,1819,car,619.15,199.9,642.81,239.62,0,1.0
5313,1663,car,610.81,305.92,641.41,368.16,0,1.0
5313,1844,motorcycle,764.96,588.05,779.22,617.4,0,1.0
5313,1869,motorcycle,730.69,472.57,748.12,496.19,0,1.0
5313,1848,person,917.13,870.71,924.67,891.75,0,1.0
5313,1859,car,927.37,937.14,962.93,976.2,0,1.0
5313,1852,car,1011.06,476.9,1049.07,511.94,0,1.0
5313,1872,person,1065.47,494.47,1077.31,511.22,0,1.0
5313,1854,motorcycle,934.94,745.54,951.41,771.07,0,1.0
5313,1848,person,917.13,870.71,924.67,891.75,0,1.0
5313,1855,car,956.92,470.76,994.66,507.46,0,1.0
5313,1852,car,1011.06,476.9,1049.07,511.94,0,1.0
5313,1857,car,901.71,750.76,931.81,798.45,0,1.0
5313,1848,person,917.13,870.71,924.67,891.75,0,1.0
5313,1861,person,893.9,446.82,904.84,471.7,0,1.0
5313,1855,car,956.92,470.76,994.66,507.46,0,1.0
5313,1862,car,601.51,232.74,624.55,266.87,0,1.0
5313,1663,car,610.81,305.92,641.41,368.16,0,1.0
5313,1865,car,552.67,494.86,610.02,546.42,0,1.0
5313,1868,motorcycle,611.92,525.73,633.99,550.82,0,1.0
5313,1867,person,766.28,389.17,776.29,413.62,0,1.0
5313,1869,motorcycle,730.69,472.57,748.12,496.19,0,1.0
2747,398,car,668.23,610.82,711.49,662.32,0,1.0
2747,1055,person,848.45,729.82,856.95,752.94,0,1.0
2747,758,car,618.54,137.29,642.84,175.01,0,1.0
2747,876,car,660.78,287.97,680.62,337.17,0,1.0
2747,788,car,597.69,370.85,634.82,408.19,0,1.0
2747,878,car,595.92,422.38,629.85,481.23,0,1.0
2747,872,car,622.54,52.99,651.49,96.55,0,1.0
2747,758,car,618.54,137.29,642.84,175.01,0,1.0
2747,876,car,660.78,287.97,680.62,337.17,0,1.0
2747,788,car,597.69,370.85,634.82,408.19,0,1.0
2747,906,car,759.97,240.92,786.36,283.13,0,1.0
2747,876,car,660.78,287.97,680.62,337.17,0,1.0
2747,982,car,669.21,380.76,718.26,451.14,0,1.0
2747,878,car,595.92,422.38,629.85,481.23,0,1.0
2747,998,person,1340.8,478.31,1350.06,496.3,0,1.0
2747,1021,person,1420.42,474.79,1443.13,501.27,0,1.0
2747,1009,motorcycle,1076.66,477.69,1090.49,500.08,0,1.0
2747,1053,car,1011.07,479.47,1047.99,517.61,0,1.0
2747,1013,car,514.65,491.49,582.38,533.64,0,1.0
2747,878,car,595.92,422.38,629.85,481.23,0,1.0
2747,1021,person,1420.42,474.79,1443.13,501.27,0,1.0
2747,1048,motorcycle,1504.99,623.77,1521.4,643.57,0,1.0
2747,1022,person,1330.45,461.8,1342.36,489.64,0,1.0
2747,1050,person,1331.43,609.24,1343.28,633.11,0,1.0
2747,1032,car,884.09,658.46,932.65,718.83,0,1.0
2747,1055,person,848.45,729.82,856.95,752.94,0,1.0
2747,1050,person,1331.43,609.24,1343.28,633.11,0,1.0
2747,998,person,1340.8,478.31,1350.06,496.3,0,1.0
2747,1052,person,347.97,624.37,355.06,639.3,0,1.0
2747,1013,car,514.65,491.49,582.38,533.64,0,1.0
1749,398,car,665.62,602.46,709.92,650.96,0,1.0
1749,725,person,662.39,664.38,670.25,684.53,0,1.0
1749,651,person,627.66,585.35,638.42,609.86,0,1.0
1749,398,car,665.62,602.46,709.92,650.96,0,1.0
1749,657,car,634.41,44.37,665.8,104.97,0,1.0
1749,665,car,627.4,131.25,653.33,195.63,0,1.0
1749,707,person,743.25,633.11,754.79,657.35,0,1.0
1749,398,car,665.62,602.46,709.92,650.96,0,1.0
1749,709,car,1000.14,492.0,1043.7,536.15,0,1.0
1749,727,car,1053.89,607.98,1084.62,631.19,0,1.0
1749,718,car,687.02,712.94,716.6,744.1,0,1.0
1749,722,motorcycle,686.59,671.32,705.12,700.41,0,1.0
1749,719,person,848.29,773.94,857.71,798.8,0,1.0
1749,718,car,687.02,712.94,716.6,744.1,0,1.0
1749,721,person,727.17,477.23,739.16,512.23,0,1.0
1749,651,person,627.66,585.35,638.42,609.86,0,1.0
1749,729,person,827.6,781.2,837.1,806.77,0,1.0
1749,707,person,743.25,633.11,754.79,657.35,0,1.0
6963,788,car,606.89,356.06,637.39,419.09,0,1.0
6963,2050,car,597.62,428.56,631.93,483.43,0,1.0
6963,1059,car,391.01,786.55,425.3,844.94,0,1.0
6963,2261,car,359.38,642.99,376.43,660.78,0,1.0
6963,1507,car,614.77,607.82,659.21,647.17,0,1.0
6963,2136,car,635.16,687.25,675.0,737.3,0,1.0
6963,2050,car,597.62,428.56,631.93,483.43,0,1.0
6963,2074,car,631.6,383.77,656.14,442.72,0,1.0
6963,2104,car,674.54,622.36,718.0,672.44,0,1.0
6963,2136,car,635.16,687.25,675.0,737.3,0,1.0
6963,2136,car,635.16,687.25,675.0,737.3,0,1.0
6963,2359,person,622.18,637.55,629.57,658.67,0,1.0
6963,2170,person,1382.91,466.81,1393.86,488.47,0,1.0
6963,2348,person,1467.98,433.88,1481.9,471.15,0,1.0
6963,2171,person,1391.85,439.5,1407.18,476.63,0,1.0
6963,2348,person,1467.98,433.88,1481.9,471.15,0,1.0
6963,2229,person,785.45,705.48,796.49,726.71,0,1.0
6963,2352,person,833.1,775.49,842.38,794.14,0,1.0
6963,2269,car,800.56,492.76,837.2,526.74,0,1.0
6963,2296,car,849.69,468.43,913.84,528.47,0,1.0
6963,2280,car,611.21,305.68,641.28,351.23,0,1.0
6963,788,car,606.89,356.06,637.39,419.09,0,1.0
6963,2296,car,849.69,468.43,913.84,528.47,0,1.0
6963,2303,car,957.41,469.86,995.01,507.39,0,1.0
6963,2301,car,794.77,356.67,833.09,408.25,0,1.0
6963,2269,car,800.56,492.76,837.2,526.74,0,1.0
6963,2312,person,567.04,558.53,576.18,581.05,0,1.0
6963,2359,person,622.18,637.55,629.57,658.67,0,1.0
6963,2340,person,1011.45,647.47,1021.74,670.42,0,1.0
6963,2366,car,1127.65,630.01,1153.27,676.84,0,1.0
6963,2345,motorcycle,579.33,561.22,599.2,585.24,0,1.0
6963,2359,person,622.18,637.55,629.57,658.67,0,1.0
6963,2346,car,918.56,807.94,947.73,859.51,0,1.0
6963,2349,car,1109.53,815.71,1134.9,861.55,0,1.0
6963,2349,car,1109.53,815.71,1134.9,861.55,0,1.0
6963,2366,car,1127.65,630.01,1153.27,676.84,0,1.0
6963,2355,person,838.63,696.06,848.9,717.63,0,1.0
6963,2229,person,785.45,705.48,796.49,726.71,0,1.0
6963,2358,person,701.17,497.15,713.98,523.13,0,1.0
6963,2074,car,631.6,383.77,656.14,442.72,0,1.0
6963,2359,person,622.18,637.55,629.57,658.67,0,1.0
6963,2369,person,560.16,590.64,571.91,614.1,0,1.0
6963,2364,person,677.61,506.24,689.08,528.05,0,1.0
6963,2345,motorcycle,579.33,561.22,599.2,585.24,0,1.0
2498,398,car,666.12,608.69,711.96,664.39,0,1.0
2498,983,motorcycle,688.49,585.68,714.34,610.43,0,1.0
2498,758,car,619.95,134.91,644.96,179.15,0,1.0
2498,872,car,622.94,52.32,653.75,96.96,0,1.0
2498,788,car,597.65,371.42,637.33,428.47,0,1.0
2498,878,car,597.72,421.99,631.6,477.5,0,1.0
2498,853,car,721.31,465.06,742.99,497.5,0,1.0
2498,952,motorcycle,697.09,433.97,714.44,462.36,0,1.0
2498,860,motorcycle,328.46,606.79,351.73,633.26,0,1.0
2498,890,motorcycle,396.03,619.54,420.94,635.59,0,1.0
2498,869,car,676.55,327.79,703.84,389.81,0,1.0
2498,992,person,685.94,267.62,696.87,291.39,0,1.0
2498,876,car,701.48,477.24,726.92,511.53,0,1.0
2498,952,motorcycle,697.09,433.97,714.44,462.36,0,1.0
2498,878,car,597.72,421.99,631.6,477.5,0,1.0
2498,928,car,527.92,486.67,591.17,528.26,0,1.0
2498,890,motorcycle,396.03,619.54,420.94,635.59,0,1.0
2498,978,person,353.12,637.68,361.68,650.87,0,1.0
2498,906,car,763.15,244.88,789.92,287.26,0,1.0
2498,992,person,685.94,267.62,696.87,291.39,0,1.0
2498,952,motorcycle,697.09,433.97,714.44,462.36,0,1.0
2498,878,car,597.72,421.99,631.6,477.5,0,1.0
2498,953,motorcycle,762.18,427.05,775.29,456.85,0,1.0
2498,853,car,721.31,465.06,742.99,497.5,0,1.0
2498,954,car,318.3,464.32,363.31,495.78,0,1.0
2498,928,car,527.92,486.67,591.17,528.26,0,1.0
2498,964,car,1086.71,684.15,1114.92,727.48,0,1.0
2498,991,car,1137.57,779.31,1160.92,798.76,0,1.0
2498,966,motorcycle,724.51,527.18,744.05,558.3,0,1.0
2498,983,motorcycle,688.49,585.68,714.34,610.43,0,1.0
2498,972,person,834.09,777.92,843.4,801.92,0,1.0
2498,398,car,666.12,608.69,711.96,664.39,0,1.0
2498,973,person,819.34,766.17,828.74,787.45,0,1.0
2498,398,car,666.12,608.69,711.96,664.39,0,1.0
2498,975,person,742.64,456.66,753.97,481.39,0,1.0
2498,966,motorcycle,724.51,527.18,744.05,558.3,0,1.0
2498,980,person,348.63,622.42,357.18,640.84,0,1.0
2498,890,motorcycle,396.03,619.54,420.94,635.59,0,1.0
2498,984,person,674.73,257.76,683.22,280.3,0,1.0
2498,987,car,618.05,245.63,640.37,282.53,0,1.0
2498,987,car,618.05,245.63,640.37,282.53,0,1.0
2498,989,car,619.33,291.93,651.74,354.93,0,1.0
2498,989,car,619.33,291.93,651.74,354.93,0,1.0
2498,788,car,597.65,371.42,637.33,428.47,0,1.0
2498,992,person,685.94,267.62,696.87,291.39,0,1.0
2498,987,car,618.05,245.63,640.37,282.53,0,1.0
2498,993,person,792.16,380.17,803.86,402.78,0,1.0
2498,953,motorcycle,762.18,427.05,775.29,456.85,0,1.0
2498,994,car,635.26,192.07,655.65,233.33,0,1.0
2498,758,car,619.95,134.91,644.96,179.15,0,1.0
1952,398,car,668.88,606.39,713.03,663.21,0,1.0
1952,785,person,633.48,630.81,646.76,660.7,0,1.0
1952,751,person,931.89,501.92,946.73,530.36,0,1.0
1952,774,motorcycle,959.64,594.34,980.57,621.48,0,1.0
1952,758,car,621.75,132.0,647.3,197.68,0,1.0
1952,784,bus,625.83,50.82,656.37,115.81,0,1.0
1952,762,car,730.18,537.6,756.38,592.13,0,1.0
1952,791,person,597.7,505.72,610.54,531.43,0,1.0
1952,772,person,1260.46,626.88,1273.56,656.68,0,1.0
1952,779,person,1342.97,479.39,1353.99,497.11,0,1.0
1952,779,person,1342.97,479.39,1353.99,497.11,0,1.0
1952,800,person,1452.13,487.6,1474.4,517.29,0,1.0
1952,783,car,932.89,796.59,965.93,849.21,0,1.0
1952,795,car,1125.48,924.84,1160.32,955.31,0,1.0
1952,787,car,598.96,419.38,632.95,473.8,0,1.0
1952,788,car,600.67,366.88,638.26,423.39,0,1.0
1952,788,car,600.67,366.88,638.26,423.39,0,1.0
1952,794,car,737.18,327.01,756.29,372.81,0,1.0
1952,791,person,597.7,505.72,610.54,531.43,0,1.0
1952,785,person,633.48,630.81,646.76,660.7,0,1.0
1952,798,person,1238.26,639.42,1251.25,662.62,0,1.0
1952,779,person,1342.97,479.39,1353.99,497.11,0,1.0
1952,799,person,751.4,710.44,761.66,739.96,0,1.0
1952,785,person,633.48,630.81,646.76,660.7,0,1.0
1952,801,person,760.84,710.91,768.21,731.28,0,1.0
1952,783,car,932.89,796.59,965.93,849.21,0,1.0
1525,372,car,635.19,394.29,659.6,453.25,0,1.0
1525,520,car,603.96,361.31,640.76,400.28,0,1.0
1525,375,car,679.16,236.7,709.12,301.94,0,1.0
1525,396,car,624.31,240.29,645.67,277.85,0,1.0
1525,398,car,665.13,605.79,709.44,658.0,0,1.0
1525,616,person,651.72,548.81,664.72,576.92,0,1.0
1525,420,car,547.32,572.85,592.07,612.17,0,1.0
1525,615,person,575.16,513.45,587.69,537.92,0,1.0
1525,553,person,1331.32,473.88,1344.22,501.5,0,1.0
1525,639,person,1329.81,621.49,1340.98,644.64,0,1.0
1525,599,car,599.62,417.77,632.64,472.35,0,1.0
1525,615,person,575.16,513.45,587.69,537.92,0,1.0
1525,604,car,793.33,639.76,825.52,688.36,0,1.0
1525,633,car,739.76,603.2,775.33,645.48,0,1.0
1525,609,motorcycle,921.04,477.88,933.39,498.83,0,1.0
1525,656,car,954.18,611.06,984.04,636.29,0,1.0
1525,616,person,651.72,548.81,664.72,576.92,0,1.0
1525,420,car,547.32,572.85,592.07,612.17,0,1.0
1525,621,car,720.4,462.92,746.56,513.42,0,1.0
1525,372,car,635.19,394.29,659.6,453.25,0,1.0
1525,623,car,844.48,671.14,876.88,719.45,0,1.0
1525,604,car,793.33,639.76,825.52,688.36,0,1.0
1525,624,car,813.4,610.74,843.64,638.13,0,1.0
1525,604,car,793.33,639.76,825.52,688.36,0,1.0
1525,633,car,739.76,603.2,775.33,645.48,0,1.0
1525,398,car,665.13,605.79,709.44,658.0,0,1.0
1525,634,person,358.01,589.07,371.55,606.76,0,1.0
1525,420,car,547.32,572.85,592.07,612.17,0,1.0
1525,636,car,701.29,495.93,724.07,518.43,0,1.0
1525,633,car,739.76,603.2,775.33,645.48,0,1.0
1525,639,person,1329.81,621.49,1340.98,644.64,0,1.0
1525,647,motorcycle,1460.97,634.72,1485.53,658.09,0,1.0
1525,640,car,1052.2,502.86,1076.21,520.82,0,1.0
1525,642,car,1106.3,522.64,1172.04,564.78,0,1.0
1525,642,car,1106.3,522.64,1172.04,564.78,0,1.0
1525,643,person,1046.98,629.11,1061.56,665.03,0,1.0
1525,643,person,1046.98,629.11,1061.56,665.03,0,1.0
1525,656,car,954.18,611.06,984.04,636.29,0,1.0
1525,646,person,825.12,781.09,833.63,808.36,0,1.0
1525,623,car,844.48,671.14,876.88,719.45,0,1.0
1525,647,motorcycle,1460.97,634.72,1485.53,658.09,0,1.0
1525,553,person,1331.32,473.88,1344.22,501.5,0,1.0
909,164,car,653.03,78.88,684.7,136.4,0,1.0
909,363,person,615.35,216.83,625.91,242.84,0,1.0
909,165,car,641.73,38.24,675.67,103.58,0,1.0
909,358,car,645.47,177.49,670.9,239.85,0,1.0
909,225,motorcycle,387.49,594.88,412.49,611.67,0,1.0
909,376,car,357.87,549.07,393.74,584.93,0,1.0
909,227,car,340.94,589.6,360.9,607.02,0,1.0
909,225,motorcycle,387.49,594.88,412.49,611.67,0,1.0
909,271,motorcycle,319.45,580.9,343.89,606.73,0,1.0
909,376,car,357.87,549.07,393.74,584.93,0,1.0
909,272,car,836.56,794.8,872.46,845.63,0,1.0
909,375,car,816.06,636.17,862.16,695.8,0,1.0
909,286,car,764.36,565.35,794.37,602.87,0,1.0
909,375,car,816.06,636.17,862.16,695.8,0,1.0
909,290,car,526.27,486.41,595.73,530.43,0,1.0
909,383,person,582.17,465.74,595.35,489.49,0,1.0
909,297,car,625.45,463.36,674.6,510.81,0,1.0
909,372,car,636.45,383.92,660.46,444.31,0,1.0
909,331,car,995.54,613.55,1039.7,651.84,0,1.0
909,356,car,967.6,637.07,994.64,684.74,0,1.0
909,356,car,967.6,637.07,994.64,684.74,0,1.0
909,357,car,1003.38,675.34,1032.0,708.53,0,1.0
909,358,car,645.47,177.49,670.9,239.85,0,1.0
909,367,car,687.13,265.93,710.38,291.96,0,1.0
909,360,car,754.97,283.41,784.42,343.99,0,1.0
909,385,car,735.36,420.71,750.37,451.13,0,1.0
909,363,person,615.35,216.83,625.91,242.84,0,1.0
909,358,car,645.47,177.49,670.9,239.85,0,1.0
909,366,car,689.13,585.12,711.66,606.48,0,1.0
909,297,car,625.45,463.36,674.6,510.81,0,1.0
909,368,car,1287.6,609.1,1319.95,632.55,0,1.0
909,379,person,1125.98,521.13,1138.83,545.72,0,1.0
909,369,car,735.72,583.27,751.22,611.82,0,1.0
909,366,car,689.13,585.12,711.66,606.48,0,1.0
909,372,car,636.45,383.92,660.46,444.31,0,1.0
909,385,car,735.36,420.71,750.37,451.13,0,1.0
909,375,car,816.06,636.17,862.16,695.8,0,1.0
909,356,car,967.6,637.07,994.64,684.74,0,1.0
909,376,car,357.87,549.07,393.74,584.93,0,1.0
909,387,person,327.55,554.61,340.68,582.49,0,1.0
909,379,person,1125.98,521.13,1138.83,545.72,0,1.0
909,331,car,995.54,613.55,1039.7,651.84,0,1.0
909,381,car,603.49,353.16,643.16,404.09,0,1.0
909,372,car,636.45,383.92,660.46,444.31,0,1.0
909,386,person,1328.73,631.14,1340.47,653.75,0,1.0
909,379,person,1125.98,521.13,1138.83,545.72,0,1.0
3307,398,car,666.53,607.64,714.56,658.93,0,1.0
3307,1221,car,656.38,571.14,680.14,595.92,0,1.0
3307,758,car,620.99,133.04,645.72,197.38,0,1.0
3307,1091,car,636.61,189.31,658.01,237.44,0,1.0
3307,788,car,600.5,368.25,636.39,404.91,0,1.0
3307,1172,car,634.9,316.92,670.6,365.84,0,1.0
3307,872,car,626.84,49.63,654.7,93.99,0,1.0
3307,982,car,670.22,113.64,698.92,172.42,0,1.0
3307,878,car,598.22,418.97,632.37,482.42,0,1.0
3307,1140,car,607.97,539.16,626.11,571.56,0,1.0
3307,906,car,762.45,238.41,789.22,279.79,0,1.0
3307,1179,motorcycle,662.29,207.27,672.69,226.32,0,1.0
3307,982,car,670.22,113.64,698.92,172.42,0,1.0
3307,758,car,620.99,133.04,645.72,197.38,0,1.0
3307,1032,car,727.73,435.07,769.38,500.71,0,1.0
3307,1153,car,678.78,352.14,706.16,411.12,0,1.0
3307,1053,car,1013.31,479.51,1050.81,514.99,0,1.0
3307,1160,person,1062.54,460.48,1073.42,483.05,0,1.0
3307,1059,car,380.22,758.28,413.0,816.75,0,1.0
3307,1206,car,351.65,613.08,371.41,630.72,0,1.0
3307,1084,car,622.29,289.81,652.74,330.84,0,1.0
3307,788,car,600.5,368.25,636.39,404.91,0,1.0
3307,1085,car,618.35,243.42,641.24,305.08,0,1.0
3307,1091,car,636.61,189.31,658.01,237.44,0,1.0
3307,1137,car,1145.65,632.79,1171.19,678.05,0,1.0
3307,1217,person,1069.05,555.21,1082.81,580.6,0,1.0
3307,1153,car,678.78,352.14,706.16,411.12,0,1.0
3307,1220,person,786.6,366.23,801.37,391.97,0,1.0
3307,1154,person,1332.88,842.25,1344.12,869.7,0,1.0
3307,1196,person,1333.96,606.01,1344.52,630.24,0,1.0
3307,1156,car,670.01,264.53,687.72,296.84,0,1.0
3307,1179,motorcycle,662.29,207.27,672.69,226.32,0,1.0
3307,1179,motorcycle,662.29,207.27,672.69,226.32,0,1.0
3307,758,car,620.99,133.04,645.72,197.38,0,1.0
3307,1182,car,917.98,526.03,963.21,577.21,0,1.0
3307,1053,car,1013.31,479.51,1050.81,514.99,0,1.0
3307,1183,person,1096.21,465.98,1110.54,504.14,0,1.0
3307,1217,person,1069.05,555.21,1082.81,580.6,0,1.0
3307,1184,car,1122.54,638.41,1149.55,685.75,0,1.0
3307,1217,person,1069.05,555.21,1082.81,580.6,0,1.0
3307,1192,car,812.14,437.7,848.58,458.83,0,1.0
3307,1220,person,786.6,366.23,801.37,391.97,0,1.0
3307,1195,car,758.3,285.79,787.87,315.65,0,1.0
3307,1220,person,786.6,366.23,801.37,391.97,0,1.0
3307,1196,person,1333.96,606.01,1344.52,630.24,0,1.0
3307,1210,motorcycle,1372.54,492.66,1398.41,518.91,0,1.0
3307,1204,person,1025.76,651.99,1037.29,675.26,0,1.0
3307,1184,car,1122.54,638.41,1149.55,685.75,0,1.0
3307,1221,car,656.38,571.14,680.14,595.92,0,1.0
3307,1140,car,607.97,539.16,626.11,571.56,0,1.0
6417,788,car,608.13,355.74,639.22,419.36,0,1.0
6417,1663,car,610.6,305.53,642.39,354.67,0,1.0
6417,872,car,605.23,68.84,632.15,120.1,0,1.0
6417,2175,car,604.15,151.05,628.11,214.77,0,1.0
6417,1059,car,394.25,785.94,428.04,844.66,0,1.0
6417,2142,motorcycle,404.73,643.77,429.73,659.37,0,1.0
6417,1507,car,618.38,607.92,660.03,634.78,0,1.0
6417,2189,person,658.53,655.3,668.23,678.65,0,1.0
6417,1778,car,573.66,557.3,617.92,594.81,0,1.0
6417,2195,person,556.34,596.34,565.32,614.03,0,1.0
6417,1982,car,661.56,371.01,684.83,418.62,0,1.0
6417,1663,car,610.6,305.53,642.39,354.67,0,1.0
6417,2023,car,1121.83,684.59,1151.4,742.84,0,1.0
6417,2193,car,1128.99,502.23,1167.48,532.46,0,1.0
6417,2032,car,923.97,453.42,958.18,477.15,0,1.0
6417,2184,motorcycle,886.64,506.25,902.31,531.2,0,1.0
6417,2050,car,601.96,425.32,633.1,484.72,0,1.0
6417,1778,car,573.66,557.3,617.92,594.81,0,1.0
6417,2053,person,1394.08,438.18,1406.33,465.03,0,1.0
6417,2172,person,1339.27,456.18,1348.17,474.14,0,1.0
6417,2074,car,634.99,384.1,656.98,434.54,0,1.0
6417,1663,car,610.6,305.53,642.39,354.67,0,1.0
6417,2098,car,958.89,470.09,995.87,507.0,0,1.0
6417,2032,car,923.97,453.42,958.18,477.15,0,1.0
6417,2104,car,677.51,622.32,720.25,671.51,0,1.0
6417,2132,person,753.44,650.82,765.69,675.22,0,1.0
6417,2119,motorcycle,334.35,641.75,356.68,661.99,0,1.0
6417,2142,motorcycle,404.73,643.77,429.73,659.37,0,1.0
6417,2124,car,618.35,572.09,676.71,633.26,0,1.0
6417,2189,person,658.53,655.3,668.23,678.65,0,1.0
6417,2126,person,1470.25,433.43,1484.09,470.01,0,1.0
6417,2188,person,1421.02,454.63,1432.67,473.25,0,1.0
6417,2141,person,732.3,683.22,743.57,708.09,0,1.0
6417,2104,car,677.51,622.32,720.25,671.51,0,1.0
6417,2155,car,598.84,108.62,633.93,154.14,0,1.0
6417,2175,car,604.15,151.05,628.11,214.77,0,1.0
6417,2160,car,602.4,231.49,627.2,278.72,0,1.0
6417,2164,car,622.87,184.3,648.04,228.12,0,1.0
6417,2164,car,622.87,184.3,648.04,228.12,0,1.0
6417,2155,car,598.84,108.62,633.93,154.14,0,1.0
6417,2170,person,1383.82,464.23,1397.2,487.3,0,1.0
6417,2172,person,1339.27,456.18,1348.17,474.14,0,1.0
6417,2171,person,1400.05,454.69,1415.28,476.07,0,1.0
6417,2126,person,1470.25,433.43,1484.09,470.01,0,1.0
6417,2172,person,1339.27,456.18,1348.17,474.14,0,1.0
6417,2193,car,1128.99,502.23,1167.48,532.46,0,1.0
6417,2173,person,1444.97,461.75,1459.22,483.51,0,1.0
6417,2053,person,1394.08,438.18,1406.33,465.03,0,1.0
6417,2174,person,668.44,633.43,677.12,658.75,0,1.0
6417,2141,person,732.3,683.22,743.57,708.09,0,1.0
6417,2175,car,604.15,151.05,628.11,214.77,0,1.0
6417,2160,car,602.4,231.49,627.2,278.72,0,1.0
6417,2178,motorcycle,686.13,440.42,699.88,463.5,0,1.0
6417,1982,car,661.56,371.01,684.83,418.62,0,1.0
6417,2179,motorcycle,697.41,449.16,709.78,481.51,0,1.0
6417,2197,car,678.91,357.67,714.49,421.02,0,1.0
6417,2180,person,1103.49,458.15,1118.15,486.22,0,1.0
6417,2193,car,1128.99,502.23,1167.48,532.46,0,1.0
6417,2182,person,1329.77,445.24,1340.76,467.81,0,1.0
6417,2170,person,1383.82,464.23,1397.2,487.3,0,1.0
6417,2184,motorcycle,886.64,506.25,902.31,531.2,0,1.0
6417,2098,car,958.89,470.09,995.87,507.0,0,1.0
6417,2188,person,1421.02,454.63,1432.67,473.25,0,1.0
6417,2172,person,1339.27,456.18,1348.17,474.14,0,1.0
6417,2189,person,658.53,655.3,668.23,678.65,0,1.0
6417,2141,person,732.3,683.22,743.57,708.09,0,1.0
6417,2191,bus,1531.92,823.61,1558.69,870.2,0,1.0
6417,2194,car,1473.97,829.0,1501.29,871.11,0,1.0
6417,2196,person,1455.34,482.54,1475.64,512.64,0,1.0
6417,2126,person,1470.25,433.43,1484.09,470.01,0,1.0
6417,2197,car,678.91,357.67,714.49,421.02,0,1.0
6417,1663,car,610.6,305.53,642.39,354.67,0,1.0
6417,2198,motorcycle,661.41,426.01,673.05,448.13,0,1.0
6417,1982,car,661.56,371.01,684.83,418.62,0,1.0
1207,290,car,793.21,487.82,865.2,535.08,0,1.0
1207,486,car,940.26,504.6,984.12,539.81,0,1.0
1207,297,car,675.51,114.06,701.03,159.81,0,1.0
1207,358,car,639.13,186.29,659.14,224.85,0,1.0
1207,360,car,703.1,455.37,749.59,508.82,0,1.0
1207,526,car,661.28,392.59,690.42,443.62,0,1.0
1207,372,car,633.3,391.96,657.49,451.73,0,1.0
1207,360,car,703.1,455.37,749.59,508.82,0,1.0
1207,375,car,738.16,517.62,779.34,579.96,0,1.0
1207,360,car,703.1,455.37,749.59,508.82,0,1.0
1207,396,car,620.29,239.35,643.24,275.67,0,1.0
1207,358,car,639.13,186.29,659.14,224.85,0,1.0
1207,398,car,662.08,597.1,707.2,656.88,0,1.0
1207,478,motorcycle,723.24,554.44,742.94,583.99,0,1.0
1207,409,motorcycle,941.94,558.0,963.45,582.73,0,1.0
1207,417,car,941.29,607.39,971.22,632.94,0,1.0
1207,418,person,813.44,771.43,821.9,793.32,0,1.0
1207,481,car,961.6,700.0,997.65,741.67,0,1.0
1207,420,car,756.23,608.85,799.25,636.55,0,1.0
1207,478,motorcycle,723.24,554.44,742.94,583.99,0,1.0
1207,478,motorcycle,723.24,554.44,742.94,583.99,0,1.0
1207,360,car,703.1,455.37,749.59,508.82,0,1.0
1207,480,person,793.78,759.91,803.47,784.33,0,1.0
1207,420,car,756.23,608.85,799.25,636.55,0,1.0
1207,481,car,961.6,700.0,997.65,741.67,0,1.0
1207,417,car,941.29,607.39,971.22,632.94,0,1.0
1207,486,car,940.26,504.6,984.12,539.81,0,1.0
1207,495,car,999.55,498.13,1034.94,535.39,0,1.0
1207,495,car,999.55,498.13,1034.94,535.39,0,1.0
1207,508,person,1046.81,528.68,1060.46,552.07,0,1.0
1207,508,person,1046.81,528.68,1060.46,552.07,0,1.0
1207,417,car,941.29,607.39,971.22,632.94,0,1.0
1207,519,person,589.56,550.9,598.87,574.45,0,1.0
1207,398,car,662.08,597.1,707.2,656.88,0,1.0
1207,520,car,600.18,360.23,638.3,412.6,0,1.0
1207,372,car,633.3,391.96,657.49,451.73,0,1.0
1207,525,person,267.77,584.47,280.89,600.06,0,1.0
1207,534,person,414.93,467.56,429.92,498.05,0,1.0
1207,527,person,492.4,503.91,503.95,525.72,0,1.0
1207,533,person,430.03,469.55,440.44,494.5,0,1.0
1207,529,person,1526.42,628.99,1537.75,656.17,0,1.0
1207,536,car,1537.19,537.68,1564.71,556.53,0,1.0
1207,534,person,414.93,467.56,429.92,498.05,0,1.0
1207,527,person,492.4,503.91,503.95,525.72,0,1.0
1207,535,person,1398.25,609.3,1416.25,635.99,0,1.0
1207,529,person,1526.42,628.99,1537.75,656.17,0,1.0
8341,1507,car,618.73,612.37,662.85,641.6,0,1.0
8341,2832,person,624.9,523.87,640.69,558.42,0,1.0
8341,2104,car,678.49,625.47,722.42,674.79,0,1.0
8341,2861,person,796.6,672.23,807.01,696.24,0,1.0
8341,2693,car,1126.37,677.96,1155.63,733.5,0,1.0
8341,2702,car,971.05,565.04,1006.29,605.86,0,1.0
8341,2702,car,971.05,565.04,1006.29,605.86,0,1.0
8341,2863,car,1055.98,475.88,1093.32,510.91,0,1.0
8341,2728,person,830.08,786.85,836.07,808.77,0,1.0
8341,2862,car,847.09,711.01,870.1,753.43,0,1.0
8341,2759,car,839.97,679.44,870.0,716.22,0,1.0
8341,2861,person,796.6,672.23,807.01,696.24,0,1.0
8341,2762,car,905.82,453.29,1040.64,535.03,0,1.0
8341,2857,person,973.32,439.41,984.61,466.12,0,1.0
8341,2764,car,684.16,518.26,722.03,556.67,0,1.0
8341,2832,person,624.9,523.87,640.69,558.42,0,1.0
8341,2775,car,1014.73,470.7,1047.87,488.75,0,1.0
8341,2863,car,1055.98,475.88,1093.32,510.91,0,1.0
8341,2798,car,783.9,600.45,822.29,657.06,0,1.0
8341,2854,person,784.27,504.51,798.11,532.72,0,1.0
8341,2819,car,883.72,611.15,917.38,650.81,0,1.0
8341,2759,car,839.97,679.44,870.0,716.22,0,1.0
8341,2832,person,624.9,523.87,640.69,558.42,0,1.0
8341,2866,car,539.47,601.15,559.01,618.02,0,1.0
8341,2836,person,847.88,782.24,856.4,805.52,0,1.0
8341,2865,person,777.83,734.32,785.4,759.2,0,1.0
8341,2843,person,1033.03,446.09,1040.94,463.23,0,1.0
8341,2857,person,973.32,439.41,984.61,466.12,0,1.0
8341,2854,person,784.27,504.51,798.11,532.72,0,1.0
8341,2764,car,684.16,518.26,722.03,556.67,0,1.0
8341,2858,car,980.53,847.9,1001.79,899.62,0,1.0
8341,2836,person,847.88,782.24,856.4,805.52,0,1.0
8341,2861,person,796.6,672.23,807.01,696.24,0,1.0
8341,2865,person,777.83,734.32,785.4,759.2,0,1.0
8341,2862,car,847.09,711.01,870.1,753.43,0,1.0
8341,2861,person,796.6,672.23,807.01,696.24,0,1.0
8341,2865,person,777.83,734.32,785.4,759.2,0,1.0
8341,2862,car,847.09,711.01,870.1,753.43,0,1.0
8341,2866,car,539.47,601.15,559.01,618.02,0,1.0
8341,1507,car,618.73,612.37,662.85,641.6,0,1.0
1457,360,car,328.35,542.18,380.14,580.33,0,1.0
1457,610,person,264.71,584.67,284.19,610.44,0,1.0
1457,372,car,635.84,394.6,659.43,451.58,0,1.0
1457,615,person,582.28,533.79,591.67,555.19,0,1.0
1457,375,car,688.0,332.82,723.62,397.37,0,1.0
1457,520,car,603.23,360.7,640.47,399.09,0,1.0
1457,396,car,623.77,239.36,645.49,276.11,0,1.0
1457,601,person,596.85,215.19,608.06,238.64,0,1.0
1457,398,car,664.6,600.36,709.44,657.5,0,1.0
1457,420,car,577.08,572.35,621.45,609.67,0,1.0
1457,420,car,577.08,572.35,621.45,609.67,0,1.0
1457,615,person,582.28,533.79,591.67,555.19,0,1.0
1457,563,car,634.71,48.2,661.19,94.34,0,1.0
1457,601,person,596.85,215.19,608.06,238.64,0,1.0
1457,565,car,974.02,607.93,1006.42,632.76,0,1.0
1457,624,car,825.73,610.99,860.69,663.52,0,1.0
1457,591,person,815.63,770.69,830.01,799.24,0,1.0
1457,623,car,897.88,728.54,925.82,777.8,0,1.0
1457,593,person,795.89,761.28,805.83,783.66,0,1.0
1457,604,car,825.36,676.02,858.07,722.63,0,1.0
1457,599,car,598.98,417.41,632.42,463.07,0,1.0
1457,520,car,603.23,360.7,640.47,399.09,0,1.0
1457,604,car,825.36,676.02,858.07,722.63,0,1.0
1457,624,car,825.73,610.99,860.69,663.52,0,1.0
1457,608,car,663.53,26.96,687.03,86.88,0,1.0
1457,601,person,596.85,215.19,608.06,238.64,0,1.0
1457,609,motorcycle,971.98,491.77,995.63,511.83,0,1.0
1457,565,car,974.02,607.93,1006.42,632.76,0,1.0
1457,611,person,314.33,451.49,327.05,474.8,0,1.0
1457,360,car,328.35,542.18,380.14,580.33,0,1.0
1457,615,person,582.28,533.79,591.67,555.19,0,1.0
1457,599,car,598.98,417.41,632.42,463.07,0,1.0
1457,618,person,920.35,443.61,930.25,467.1,0,1.0
1457,621,car,761.66,548.37,789.6,599.93,0,1.0
1457,621,car,761.66,548.37,789.6,599.93,0,1.0
1457,398,car,664.6,600.36,709.44,657.5,0,1.0
1457,623,car,897.88,728.54,925.82,777.8,0,1.0
1457,604,car,825.36,676.02,858.07,722.63,0,1.0
7012,788,car,607.1,356.2,637.62,419.6,0,1.0
7012,2050,car,598.65,428.64,632.08,468.77,0,1.0
7012,1059,car,391.11,786.88,425.27,845.55,0,1.0
7012,2261,car,359.34,643.82,376.59,660.9,0,1.0
7012,1507,car,615.52,608.36,659.24,636.15,0,1.0
7012,2364,person,671.43,528.73,681.17,549.82,0,1.0
7012,2050,car,598.65,428.64,632.08,468.77,0,1.0
7012,2364,person,671.43,528.73,681.17,549.82,0,1.0
7012,2074,car,631.75,384.09,656.52,442.41,0,1.0
7012,2280,car,610.67,305.98,641.56,368.63,0,1.0
7012,2104,car,675.27,622.76,718.64,673.33,0,1.0
7012,2338,person,733.94,664.23,742.95,686.15,0,1.0
7012,2136,car,635.18,687.73,675.31,738.15,0,1.0
7012,2373,person,658.39,650.92,667.67,674.34,0,1.0
7012,2171,person,1392.15,440.13,1408.74,472.66,0,1.0
7012,2348,person,1468.28,433.76,1481.99,471.16,0,1.0
7012,2229,person,799.87,717.23,809.07,738.04,0,1.0
7012,2391,person,852.5,687.53,864.47,718.18,0,1.0
7012,2269,car,834.15,492.51,871.55,524.96,0,1.0
7012,2296,car,876.93,482.76,942.92,539.74,0,1.0
7012,2296,car,876.93,482.76,942.92,539.74,0,1.0
7012,2303,car,957.22,470.18,994.88,506.86,0,1.0
7012,2340,person,1004.18,650.33,1013.78,672.98,0,1.0
7012,2391,person,852.5,687.53,864.47,718.18,0,1.0
7012,2346,car,917.71,808.18,947.79,859.18,0,1.0
7012,2229,person,799.87,717.23,809.07,738.04,0,1.0
7012,2351,person,735.1,664.94,748.19,704.82,0,1.0
7012,2104,car,675.27,622.76,718.64,673.33,0,1.0
7012,2366,car,1128.09,630.32,1153.84,676.72,0,1.0
7012,2340,person,1004.18,650.33,1013.78,672.98,0,1.0
7012,2369,person,566.33,601.03,575.13,617.45,0,1.0
7012,1507,car,615.52,608.36,659.24,636.15,0,1.0
7012,2373,person,658.39,650.92,667.67,674.34,0,1.0
7012,2338,person,733.94,664.23,742.95,686.15,0,1.0
7012,2374,car,971.08,608.89,1007.63,645.37,0,1.0
7012,2391,person,852.5,687.53,864.47,718.18,0,1.0
7012,2378,person,1356.67,431.8,1367.58,460.43,0,1.0
7012,2348,person,1468.28,433.76,1481.99,471.16,0,1.0
7012,2379,car,596.06,10.62,624.42,51.66,0,1.0
7012,2392,car,602.08,70.42,630.28,109.66,0,1.0
7012,2383,car,1044.65,497.7,1081.68,532.17,0,1.0
7012,2366,car,1128.09,630.32,1153.84,676.72,0,1.0
7012,2385,car,1472.44,829.88,1499.78,870.97,0,1.0
7012,2386,car,1369.1,806.04,1406.33,869.17,0,1.0
7012,2388,car,1094.24,570.2,1589.38,1079.43,0,1.0
7012,2386,car,1369.1,806.04,1406.33,869.17,0,1.0
7012,2389,person,565.59,558.64,576.84,585.25,0,1.0
7012,1507,car,615.52,608.36,659.24,636.15,0,1.0
7012,2390,car,919.63,453.59,957.04,489.08,0,1.0
7012,2303,car,957.22,470.18,994.88,506.86,0,1.0
2405,398,car,668.97,612.3,712.21,662.18,0,1.0
2405,876,car,722.69,529.95,749.17,561.71,0,1.0
2405,758,car,619.82,135.23,644.83,184.8,0,1.0
2405,872,car,623.45,51.49,653.47,96.67,0,1.0
2405,788,car,597.4,368.79,637.32,427.55,0,1.0
2405,878,car,597.91,421.55,630.82,461.28,0,1.0
2405,794,car,498.37,556.49,534.13,593.99,0,1.0
2405,890,motorcycle,396.01,618.6,420.83,634.75,0,1.0
2405,853,car,732.94,491.83,753.85,521.6,0,1.0
2405,953,motorcycle,703.94,462.14,717.4,491.11,0,1.0
2405,854,car,618.01,244.53,639.25,283.03,0,1.0
2405,893,car,635.1,191.25,655.31,230.4,0,1.0
2405,860,motorcycle,328.38,611.24,351.43,633.84,0,1.0
2405,890,motorcycle,396.01,618.6,420.83,634.75,0,1.0
2405,869,car,649.61,430.44,694.74,487.66,0,1.0
2405,788,car,597.4,368.79,637.32,427.55,0,1.0
2405,876,car,722.69,529.95,749.17,561.71,0,1.0
2405,952,motorcycle,715.39,486.69,729.83,513.66,0,1.0
2405,893,car,635.1,191.25,655.31,230.4,0,1.0
2405,758,car,619.82,135.23,644.83,184.8,0,1.0
2405,906,car,762.45,242.42,789.08,284.84,0,1.0
2405,944,motorcycle,680.39,266.35,693.13,287.97,0,1.0
2405,926,car,628.44,327.25,664.43,362.86,0,1.0
2405,956,car,636.91,289.64,658.33,320.08,0,1.0
2405,928,car,352.03,492.51,415.29,534.01,0,1.0
2405,890,motorcycle,396.01,618.6,420.83,634.75,0,1.0
2405,944,motorcycle,680.39,266.35,693.13,287.97,0,1.0
2405,893,car,635.1,191.25,655.31,230.4,0,1.0
2405,950,car,619.18,292.33,652.01,354.36,0,1.0
2405,854,car,618.01,244.53,639.25,283.03,0,1.0
2405,952,motorcycle,715.39,486.69,729.83,513.66,0,1.0
2405,869,car,649.61,430.44,694.74,487.66,0,1.0
2405,953,motorcycle,703.94,462.14,717.4,491.11,0,1.0
2405,869,car,649.61,430.44,694.74,487.66,0,1.0
2405,954,car,317.76,463.04,361.48,499.67,0,1.0
2405,928,car,352.03,492.51,415.29,534.01,0,1.0
2405,958,motorcycle,1416.26,613.62,1436.56,637.29,0,1.0
2405,959,motorcycle,1508.26,517.2,1532.52,540.15,0,1.0
2045,398,car,670.22,606.59,713.74,660.37,0,1.0
2045,829,motorcycle,744.45,566.13,761.15,597.0,0,1.0
2045,758,car,621.8,133.12,647.6,198.81,0,1.0
2045,833,car,628.23,52.45,656.22,94.82,0,1.0
2045,762,car,706.61,474.61,731.12,528.55,0,1.0
2045,794,car,733.08,412.65,755.44,457.32,0,1.0
2045,772,person,1261.45,626.8,1274.33,656.67,0,1.0
2045,830,person,1424.52,476.22,1440.84,511.9,0,1.0
2045,786,person,582.71,215.51,591.57,238.11,0,1.0
2045,758,car,621.8,133.12,647.6,198.81,0,1.0
2045,787,car,600.08,420.3,641.12,476.52,0,1.0
2045,762,car,706.61,474.61,731.12,528.55,0,1.0
2045,788,car,601.96,367.87,638.99,409.41,0,1.0
2045,787,car,600.08,420.3,641.12,476.52,0,1.0
2045,791,person,635.16,536.96,646.88,562.17,0,1.0
2045,398,car,670.22,606.59,713.74,660.37,0,1.0
2045,803,car,1156.07,958.21,1308.87,1080.2,0,1.0
2045,832,person,1332.32,846.13,1343.68,870.78,0,1.0
2045,806,person,834.9,778.43,843.82,800.56,0,1.0
2045,823,car,879.61,736.43,914.91,785.2,0,1.0
2045,807,person,904.49,427.38,918.14,455.82,0,1.0
2045,794,car,733.08,412.65,755.44,457.32,0,1.0
2045,808,motorcycle,731.26,494.38,745.02,523.44,0,1.0
2045,794,car,733.08,412.65,755.44,457.32,0,1.0
2045,809,car,1006.74,671.24,1039.72,713.66,0,1.0
2045,823,car,879.61,736.43,914.91,785.2,0,1.0
2045,812,person,725.38,658.03,736.59,682.19,0,1.0
2045,824,car,782.16,577.45,810.67,611.09,0,1.0
2045,820,car,1002.52,478.7,1033.08,507.25,0,1.0
2045,807,person,904.49,427.38,918.14,455.82,0,1.0
2045,822,person,990.01,460.22,1001.08,483.15,0,1.0
2045,807,person,904.49,427.38,918.14,455.82,0,1.0
2045,824,car,782.16,577.45,810.67,611.09,0,1.0
2045,829,motorcycle,744.45,566.13,761.15,597.0,0,1.0
4869,398,car,677.08,621.89,720.39,654.98,0,1.0
4869,1507,car,617.55,600.26,663.39,640.0,0,1.0
4869,758,car,604.74,149.52,628.2,214.25,0,1.0
4869,1613,car,756.17,224.96,785.38,266.47,0,1.0
4869,788,car,609.76,354.46,639.84,418.15,0,1.0
4869,1700,car,601.47,427.17,631.35,473.83,0,1.0
4869,1059,car,394.78,786.13,427.32,845.7,0,1.0
4869,1747,person,341.37,627.03,355.13,644.37,0,1.0
4869,1085,car,607.29,258.57,630.03,296.81,0,1.0
4869,1663,car,612.74,306.65,643.23,364.46,0,1.0
4869,1259,car,622.89,199.94,645.73,243.45,0,1.0
4869,758,car,604.74,149.52,628.2,214.25,0,1.0
4869,1491,car,694.62,401.67,724.68,455.16,0,1.0
4869,1705,car,650.09,320.14,673.48,371.38,0,1.0
4869,1543,car,959.39,468.75,997.66,498.02,0,1.0
4869,1736,car,1012.07,476.18,1050.35,511.76,0,1.0
4869,1587,car,1124.03,686.41,1153.73,744.28,0,1.0
4869,1743,car,1087.62,509.44,1125.22,545.91,0,1.0
4869,1601,person,1395.86,438.25,1408.36,468.85,0,1.0
4869,1690,person,1341.9,455.54,1351.53,474.56,0,1.0
4869,1613,car,756.17,224.96,785.38,266.47,0,1.0
4869,1665,car,662.43,233.11,686.55,295.04,0,1.0
4869,1615,person,1331.68,441.43,1342.64,468.28,0,1.0
4869,1601,person,1395.86,438.25,1408.36,468.85,0,1.0
4869,1622,car,734.4,628.24,774.63,661.98,0,1.0
4869,398,car,677.08,621.89,720.39,654.98,0,1.0
4869,1636,car,669.63,508.67,718.83,539.26,0,1.0
4869,1507,car,617.55,600.26,663.39,640.0,0,1.0
4869,1643,person,1472.35,433.24,1486.94,470.29,0,1.0
4869,1601,person,1395.86,438.25,1408.36,468.85,0,1.0
4869,1665,car,662.43,233.11,686.55,295.04,0,1.0
4869,1259,car,622.89,199.94,645.73,243.45,0,1.0
4869,1694,person,271.87,671.45,281.43,687.56,0,1.0
4869,1747,person,341.37,627.03,355.13,644.37,0,1.0
4869,1702,person,1109.54,448.84,1118.89,471.59,0,1.0
4869,1736,car,1012.07,476.18,1050.35,511.76,0,1.0
4869,1705,car,650.09,320.14,673.48,371.38,0,1.0
4869,1665,car,662.43,233.11,686.55,295.04,0,1.0
4869,1707,car,621.95,462.93,679.39,515.27,0,1.0
4869,1491,car,694.62,401.67,724.68,455.16,0,1.0
4869,1743,car,1087.62,509.44,1125.22,545.91,0,1.0
4869,1702,person,1109.54,448.84,1118.89,471.59,0,1.0
519,75,motorcycle,719.53,493.0,737.26,516.48,0,1.0
519,213,person,637.1,501.29,648.52,524.45,0,1.0
519,82,car,586.86,463.69,652.72,513.41,0,1.0
519,75,motorcycle,719.53,493.0,737.26,516.48,0,1.0
519,148,car,1074.75,690.7,1105.97,736.05,0,1.0
519,153,car,1126.2,778.78,1148.15,793.33,0,1.0
519,149,car,855.88,477.21,895.0,512.01,0,1.0
519,75,motorcycle,719.53,493.0,737.26,516.48,0,1.0
519,150,car,644.18,182.2,666.77,241.94,0,1.0
519,172,car,624.21,233.37,647.45,270.0,0,1.0
519,164,car,649.9,84.32,680.41,128.81,0,1.0
519,165,car,641.3,40.17,670.88,85.3,0,1.0
519,205,person,1326.25,632.87,1337.28,655.1,0,1.0
519,251,person,1525.78,647.72,1537.84,674.96,0,1.0
519,213,person,637.1,501.29,648.52,524.45,0,1.0
519,229,person,640.01,610.21,652.54,635.59,0,1.0
519,237,person,615.2,187.36,623.38,210.62,0,1.0
519,172,car,624.21,233.37,647.45,270.0,0,1.0
519,241,car,623.25,281.72,662.33,344.17,0,1.0
519,172,car,624.21,233.37,647.45,270.0,0,1.0
519,244,person,848.46,910.53,857.52,928.52,0,1.0
519,245,person,817.84,767.87,834.13,796.85,0,1.0
519,245,person,817.84,767.87,834.13,796.85,0,1.0
519,250,car,678.48,708.1,729.89,752.97,0,1.0
7940,788,car,603.66,362.77,633.45,426.13,0,1.0
7940,2280,car,607.04,306.35,636.63,367.49,0,1.0
7940,1507,car,617.33,614.5,661.15,642.72,0,1.0
7940,2686,person,674.43,542.93,685.5,566.82,0,1.0
7940,2074,car,629.35,383.01,653.71,443.52,0,1.0
7940,2280,car,607.04,306.35,636.63,367.49,0,1.0
7940,2104,car,677.75,628.48,720.63,678.44,0,1.0
7940,2732,car,713.93,543.1,741.85,578.78,0,1.0
7940,2136,car,639.35,693.02,679.33,744.59,0,1.0
7940,1507,car,617.33,614.5,661.15,642.72,0,1.0
7940,2507,car,397.81,799.18,432.2,856.92,0,1.0
7940,2557,car,359.56,656.17,379.14,674.65,0,1.0
7940,2686,person,674.43,542.93,685.5,566.82,0,1.0
7940,2702,car,654.21,493.51,692.16,527.69,0,1.0
7940,2699,car,921.39,452.72,954.2,474.54,0,1.0
7940,2735,car,974.33,472.46,1007.83,494.4,0,1.0
7940,2702,car,654.21,493.51,692.16,527.69,0,1.0
7940,2720,motorcycle,722.97,486.38,734.7,515.23,0,1.0
7940,2711,car,597.15,434.53,632.93,496.78,0,1.0
7940,788,car,603.66,362.77,633.45,426.13,0,1.0
7940,2716,car,592.52,76.99,618.68,116.73,0,1.0
7940,2744,person,633.37,295.38,643.89,319.59,0,1.0
7940,2720,motorcycle,722.97,486.38,734.7,515.23,0,1.0
7940,2723,person,682.66,463.97,694.92,488.26,0,1.0
7940,2723,person,682.66,463.97,694.92,488.26,0,1.0
7940,2711,car,597.15,434.53,632.93,496.78,0,1.0
7940,2725,person,1056.89,450.27,1065.08,471.92,0,1.0
7940,2699,car,921.39,452.72,954.2,474.54,0,1.0
7940,2726,person,1059.36,461.6,1070.19,482.92,0,1.0
7940,2735,car,974.33,472.46,1007.83,494.4,0,1.0
7940,2727,person,1093.34,458.33,1104.98,482.54,0,1.0
7940,2735,car,974.33,472.46,1007.83,494.4,0,1.0
7940,2728,person,858.58,770.42,866.65,795.09,0,1.0
7940,2731,person,692.81,658.4,700.39,681.97,0,1.0
7940,2729,person,827.17,787.52,833.07,807.6,0,1.0
7940,2731,person,692.81,658.4,700.39,681.97,0,1.0
7940,2731,person,692.81,658.4,700.39,681.97,0,1.0
7940,2732,car,713.93,543.1,741.85,578.78,0,1.0
7940,2732,car,713.93,543.1,741.85,578.78,0,1.0
7940,2720,motorcycle,722.97,486.38,734.7,515.23,0,1.0
7940,2734,person,868.39,444.46,880.0,466.51,0,1.0
7940,2699,car,921.39,452.72,954.2,474.54,0,1.0
7940,2736,person,1066.57,436.7,1074.45,456.65,0,1.0
7940,2735,car,974.33,472.46,1007.83,494.4,0,1.0
7940,2737,car,884.57,436.04,916.62,459.25,0,1.0
7940,2699,car,921.39,452.72,954.2,474.54,0,1.0
7940,2739,person,1265.51,599.47,1276.85,628.98,0,1.0
7940,2727,person,1093.34,458.33,1104.98,482.54,0,1.0
7940,2742,person,963.96,527.73,975.79,554.03,0,1.0
7940,2726,person,1059.36,461.6,1070.19,482.92,0,1.0
7940,2743,person,657.19,469.15,673.04,495.17,0,1.0
7940,2720,motorcycle,722.97,486.38,734.7,515.23,0,1.0
7940,2744,person,633.37,295.38,643.89,319.59,0,1.0
7940,2074,car,629.35,383.01,653.71,443.52,0,1.0
7756,788,car,606.8,358.37,637.49,421.94,0,1.0
7756,2280,car,612.01,302.14,641.87,366.61,0,1.0
7756,1507,car,615.1,609.3,658.57,638.05,0,1.0
7756,2104,car,675.33,618.72,718.34,663.8,0,1.0
7756,2074,car,633.95,380.48,657.76,426.97,0,1.0
7756,2280,car,612.01,302.14,641.87,366.61,0,1.0
7756,2136,car,635.13,688.76,675.25,740.93,0,1.0
7756,2609,person,682.73,674.83,693.56,697.28,0,1.0
7756,2392,car,603.34,71.95,629.53,114.27,0,1.0
7756,2511,car,653.59,175.76,670.68,206.84,0,1.0
7756,2507,car,391.32,790.43,425.42,848.21,0,1.0
7756,2557,car,358.99,646.03,376.23,664.97,0,1.0
7756,2582,car,928.58,938.11,960.41,971.64,0,1.0
7756,2648,car,868.54,800.95,905.85,846.83,0,1.0
7756,2589,car,1006.87,478.86,1048.65,513.72,0,1.0
7756,2663,person,899.17,463.96,912.13,491.2,0,1.0
7756,2607,person,852.52,772.97,860.93,798.82,0,1.0
7756,2648,car,868.54,800.95,905.85,846.83,0,1.0
7756,2623,person,720.76,702.4,732.72,725.76,0,1.0
7756,2609,person,682.73,674.83,693.56,697.28,0,1.0
7756,2628,person,1264.19,609.38,1277.13,639.23,0,1.0
7756,2675,person,1129.37,463.72,1141.84,491.24,0,1.0
7756,2635,person,1093.98,465.47,1104.75,487.36,0,1.0
7756,2673,car,986.36,601.55,1007.51,624.34,0,1.0
7756,2639,person,824.26,774.56,833.64,799.28,0,1.0
7756,2623,person,720.76,702.4,732.72,725.76,0,1.0
7756,2640,motorcycle,653.93,267.41,662.43,287.56,0,1.0
7756,2511,car,653.59,175.76,670.68,206.84,0,1.0
7756,2654,car,721.26,659.27,755.22,694.07,0,1.0
7756,2609,person,682.73,674.83,693.56,697.28,0,1.0
7756,2670,person,906.38,426.19,916.14,446.91,0,1.0
7756,2589,car,1006.87,478.86,1048.65,513.72,0,1.0
7756,2673,car,986.36,601.55,1007.51,624.34,0,1.0
7756,2589,car,1006.87,478.86,1048.65,513.72,0,1.0
7756,2674,motorcycle,663.81,422.89,682.48,452.17,0,1.0
7756,2074,car,633.95,380.48,657.76,426.97,0,1.0
4118,398,car,668.13,603.12,714.07,659.65,0,1.0
4118,1463,car,707.9,575.26,759.17,636.38,0,1.0
4118,758,car,618.24,132.7,646.02,197.55,0,1.0
4118,872,car,622.15,51.55,653.09,116.5,0,1.0
4118,788,car,606.65,355.9,642.15,415.72,0,1.0
4118,878,car,602.04,415.7,634.36,455.02,0,1.0
4118,878,car,602.04,415.7,634.36,455.02,0,1.0
4118,1283,car,646.68,432.69,695.83,483.82,0,1.0
4118,906,car,765.91,254.12,786.47,294.8,0,1.0
4118,1450,car,732.49,292.2,762.42,354.84,0,1.0
4118,1059,car,380.01,758.88,414.04,818.49,0,1.0
4118,1274,car,351.41,614.27,371.15,632.27,0,1.0
4118,1085,car,617.14,242.55,642.61,305.34,0,1.0
4118,1409,car,619.97,290.05,652.12,356.6,0,1.0
4118,1244,car,945.87,439.97,986.47,501.93,0,1.0
4118,1476,person,907.64,424.11,919.79,450.73,0,1.0
4118,1259,car,641.63,245.34,670.53,285.68,0,1.0
4118,1461,motorcycle,685.49,284.07,697.21,307.48,0,1.0
4118,1283,car,646.68,432.69,695.83,483.82,0,1.0
4118,1440,car,708.02,448.38,732.5,499.55,0,1.0
4118,1300,car,635.51,185.71,658.72,246.41,0,1.0
4118,758,car,618.24,132.7,646.02,197.55,0,1.0
4118,1337,car,1010.37,476.16,1052.26,515.32,0,1.0
4118,1473,car,976.42,509.78,1014.63,545.92,0,1.0
4118,1362,motorcycle,742.34,507.11,763.62,531.18,0,1.0
4118,1481,person,741.42,446.35,755.66,479.78,0,1.0
4118,1429,person,1062.52,460.33,1073.61,483.72,0,1.0
4118,1337,car,1010.37,476.16,1052.26,515.32,0,1.0
4118,1450,car,732.49,292.2,762.42,354.84,0,1.0
4118,1452,car,667.04,353.23,688.19,408.35,0,1.0
4118,1452,car,667.04,353.23,688.19,408.35,0,1.0
4118,1409,car,619.97,290.05,652.12,356.6,0,1.0
4118,1461,motorcycle,685.49,284.07,697.21,307.48,0,1.0
4118,1409,car,619.97,290.05,652.12,356.6,0,1.0
4118,1469,motorcycle,670.43,479.73,682.48,512.86,0,1.0
4118,1362,motorcycle,742.34,507.11,763.62,531.18,0,1.0
4118,1473,car,976.42,509.78,1014.63,545.92,0,1.0
4118,1483,person,1009.59,568.24,1028.25,594.23,0,1.0
4118,1476,person,907.64,424.11,919.79,450.73,0,1.0
4118,1481,person,741.42,446.35,755.66,479.78,0,1.0
4118,1481,person,741.42,446.35,755.66,479.78,0,1.0
4118,1283,car,646.68,432.69,695.83,483.82,0,1.0
3998,398,car,670.11,608.76,715.47,659.5,0,1.0
3998,1427,person,685.99,680.57,695.4,702.99,0,1.0
3998,758,car,616.83,133.9,648.01,197.78,0,1.0
3998,1306,motorcycle,664.12,181.32,675.73,207.37,0,1.0
3998,788,car,607.62,355.73,643.16,416.3,0,1.0
3998,878,car,600.35,415.47,635.56,478.91,0,1.0
3998,872,car,625.1,51.55,652.53,90.65,0,1.0
3998,758,car,616.83,133.9,648.01,197.78,0,1.0
3998,878,car,600.35,415.47,635.56,478.91,0,1.0
3998,1362,motorcycle,608.98,497.13,628.76,525.56,0,1.0
3998,906,car,763.63,242.61,790.26,285.3,0,1.0
3998,1353,car,764.38,298.82,785.09,331.0,0,1.0
3998,1059,car,380.41,757.91,419.94,817.97,0,1.0
3998,1407,car,342.45,638.13,442.33,700.34,0,1.0
3998,1085,car,617.61,242.66,641.53,297.13,0,1.0
3998,1409,car,622.53,288.67,653.75,330.86,0,1.0
3998,1154,person,1334.31,841.58,1344.89,868.92,0,1.0
3998,1431,car,1143.86,760.27,1166.25,774.98,0,1.0
3998,1225,person,1398.36,460.9,1411.35,488.61,0,1.0
3998,1397,person,1333.54,464.99,1344.68,486.15,0,1.0
3998,1244,car,948.02,465.23,986.66,503.12,0,1.0
3998,1408,person,903.62,454.07,917.86,478.97,0,1.0
3998,1259,car,646.45,251.48,679.31,292.02,0,1.0
3998,1306,motorcycle,664.12,181.32,675.73,207.37,0,1.0
3998,1274,car,359.1,614.71,372.97,631.39,0,1.0
3998,1407,car,342.45,638.13,442.33,700.34,0,1.0
3998,1283,car,628.74,445.38,678.84,492.72,0,1.0
3998,1362,motorcycle,608.98,497.13,628.76,525.56,0,1.0
3998,1300,car,631.75,190.83,657.22,229.75,0,1.0
3998,1085,car,617.61,242.66,641.53,297.13,0,1.0
3998,1337,car,1011.54,479.58,1052.85,515.61,0,1.0
3998,1244,car,948.02,465.23,986.66,503.12,0,1.0
3998,1345,person,1343.96,475.0,1353.39,493.46,0,1.0
3998,1225,person,1398.36,460.9,1411.35,488.61,0,1.0
3998,1354,car,838.27,493.62,875.45,521.59,0,1.0
3998,1448,motorcycle,905.92,462.62,913.87,479.02,0,1.0
3998,1385,person,667.61,632.65,676.36,654.48,0,1.0
3998,1430,person,691.51,587.03,702.16,610.22,0,1.0
3998,1394,person,639.94,652.56,651.52,679.78,0,1.0
3998,1427,person,685.99,680.57,695.4,702.99,0,1.0
3998,1406,car,785.31,306.64,826.26,348.47,0,1.0
3998,906,car,763.63,242.61,790.26,285.3,0,1.0
3998,1427,person,685.99,680.57,695.4,702.99,0,1.0
3998,1385,person,667.61,632.65,676.36,654.48,0,1.0
3998,1429,person,1063.19,459.24,1074.56,483.47,0,1.0
3998,1244,car,948.02,465.23,986.66,503.12,0,1.0
3998,1430,person,691.51,587.03,702.16,610.22,0,1.0
3998,1436,motorcycle,617.35,544.48,632.82,569.56,0,1.0
3998,1435,person,660.03,603.91,668.49,628.16,0,1.0
3998,1394,person,639.94,652.56,651.52,679.78,0,1.0
3998,1436,motorcycle,617.35,544.48,632.82,569.56,0,1.0
3998,1362,motorcycle,608.98,497.13,628.76,525.56,0,1.0
3998,1440,car,751.37,535.5,779.08,573.27,0,1.0
3998,1354,car,838.27,493.62,875.45,521.59,0,1.0
3998,1446,car,524.61,492.12,560.17,525.92,0,1.0
3998,1362,motorcycle,608.98,497.13,628.76,525.56,0,1.0
3998,1447,car,666.18,332.28,689.06,363.84,0,1.0
3998,1259,car,646.45,251.48,679.31,292.02,0,1.0
3998,1448,motorcycle,905.92,462.62,913.87,479.02,0,1.0
3998,1244,car,948.02,465.23,986.66,503.12,0,1.0
13,32,car,682.32,314.75,708.76,362.91,0,1.0
13,33,car,568.16,331.34,602.81,383.1,0,1.0
1204,272,car,845.26,795.58,877.48,834.53,0,1.0
1204,418,person,813.41,771.56,821.72,791.8,0,1.0
1204,290,car,790.33,487.74,862.13,535.58,0,1.0
1204,486,car,937.98,505.42,982.21,547.19,0,1.0
1204,297,car,673.72,117.78,702.25,164.33,0,1.0
1204,358,car,639.05,186.56,659.07,224.61,0,1.0
1204,358,car,639.05,186.56,659.07,224.61,0,1.0
1204,396,car,620.18,240.02,643.1,277.5,0,1.0
1204,360,car,704.06,454.24,751.16,507.88,0,1.0
1204,478,motorcycle,725.71,556.17,744.67,585.23,0,1.0
1204,372,car,633.27,391.86,657.33,451.78,0,1.0
1204,360,car,704.06,454.24,751.16,507.88,0,1.0
1204,375,car,738.88,518.23,779.82,580.46,0,1.0
1204,360,car,704.06,454.24,751.16,507.88,0,1.0
1204,398,car,662.13,597.58,707.13,656.82,0,1.0
1204,478,motorcycle,725.71,556.17,744.67,585.23,0,1.0
1204,409,motorcycle,939.15,556.25,960.75,581.41,0,1.0
1204,417,car,942.79,607.33,971.75,633.02,0,1.0
1204,420,car,759.3,609.84,801.82,637.46,0,1.0
1204,478,motorcycle,725.71,556.17,744.67,585.23,0,1.0
1204,480,person,793.76,760.03,803.42,784.1,0,1.0
1204,272,car,845.26,795.58,877.48,834.53,0,1.0
1204,481,car,960.29,700.49,996.1,742.41,0,1.0
1204,417,car,942.79,607.33,971.75,633.02,0,1.0
1204,486,car,937.98,505.42,982.21,547.19,0,1.0
1204,495,car,997.0,497.91,1032.24,535.66,0,1.0
1204,495,car,997.0,497.91,1032.24,535.66,0,1.0
1204,508,person,1046.16,527.7,1060.0,551.13,0,1.0
1204,519,person,589.23,550.06,598.6,573.39,0,1.0
1204,398,car,662.13,597.58,707.13,656.82,0,1.0
1204,520,car,600.27,360.38,638.26,411.65,0,1.0
1204,396,car,620.18,240.02,643.1,277.5,0,1.0
1204,525,person,267.75,584.36,280.83,599.9,0,1.0
1204,534,person,413.31,468.67,427.9,498.27,0,1.0
1204,526,car,660.83,393.7,688.51,444.0,0,1.0
1204,360,car,704.06,454.24,751.16,507.88,0,1.0
1204,527,person,493.59,504.73,504.49,526.48,0,1.0
1204,533,person,429.21,469.21,438.84,494.62,0,1.0
1204,534,person,413.31,468.67,427.9,498.27,0,1.0
1204,527,person,493.59,504.73,504.49,526.48,0,1.0
2930,398,car,666.88,611.89,711.64,664.71,0,1.0
2930,1083,motorcycle,731.71,494.59,745.64,525.85,0,1.0
2930,758,car,617.54,139.03,642.61,202.9,0,1.0
2930,1091,car,633.19,193.55,654.28,233.94,0,1.0
2930,788,car,598.12,373.23,635.35,409.36,0,1.0
2930,1084,car,618.29,295.51,652.46,354.86,0,1.0
2930,872,car,623.8,55.82,651.17,97.92,0,1.0
2930,758,car,617.54,139.03,642.61,202.9,0,1.0
2930,878,car,595.68,424.69,629.62,488.65,0,1.0
2930,788,car,598.12,373.23,635.35,409.36,0,1.0
2930,906,car,759.99,242.83,786.04,285.25,0,1.0
2930,1091,car,633.19,193.55,654.28,233.94,0,1.0
2930,982,car,670.42,314.15,699.0,391.09,0,1.0
2930,788,car,598.12,373.23,635.35,409.36,0,1.0
2930,1013,car,641.79,429.07,697.89,505.39,0,1.0
2930,878,car,595.68,424.69,629.62,488.65,0,1.0
2930,1032,car,816.17,618.18,873.3,678.55,0,1.0
2930,398,car,666.88,611.89,711.64,664.71,0,1.0
2930,1040,car,691.96,721.38,720.31,751.15,0,1.0
2930,398,car,666.88,611.89,711.64,664.71,0,1.0
2930,1053,car,1012.64,481.07,1048.04,514.55,0,1.0
2930,1064,person,1057.5,460.25,1072.1,487.46,0,1.0
2930,1064,person,1057.5,460.25,1072.1,487.46,0,1.0
2930,1069,person,967.0,458.34,976.87,482.43,0,1.0
2930,1069,person,967.0,458.34,976.87,482.43,0,1.0
2930,1053,car,1012.64,481.07,1048.04,514.55,0,1.0
2930,1083,motorcycle,731.71,494.59,745.64,525.85,0,1.0
2930,1013,car,641.79,429.07,697.89,505.39,0,1.0
2930,1085,car,616.5,249.38,637.96,284.46,0,1.0
2930,1084,car,618.29,295.51,652.46,354.86,0,1.0
2930,1086,car,791.44,494.75,822.88,543.91,0,1.0
2930,1083,motorcycle,731.71,494.59,745.64,525.85,0,1.0
2930,1091,car,633.19,193.55,654.28,233.94,0,1.0
2930,1085,car,616.5,249.38,637.96,284.46,0,1.0
2930,1099,motorcycle,319.23,614.83,343.31,643.62,0,1.0
2930,1104,car,398.36,564.41,450.38,634.44,0,1.0
2930,1102,car,478.47,511.64,514.9,538.1,0,1.0
2930,1113,person,511.45,568.0,532.37,601.0,0,1.0
2930,1108,motorcycle,894.98,745.83,913.21,776.17,0,1.0
2930,1032,car,816.17,618.18,873.3,678.55,0,1.0
8098,788,car,604.8,362.64,631.84,403.4,0,1.0
8098,2732,car,662.99,435.62,685.1,471.9,0,1.0
8098,1507,car,617.85,614.52,661.21,641.0,0,1.0
8098,2104,car,677.81,627.54,720.92,676.48,0,1.0
8098,2074,car,634.14,353.38,660.42,409.56,0,1.0
8098,2732,car,662.99,435.62,685.1,471.9,0,1.0
8098,2136,car,640.48,692.15,679.74,744.08,0,1.0
8098,2104,car,677.81,627.54,720.92,676.48,0,1.0
8098,2280,car,607.59,306.83,636.2,369.69,0,1.0
8098,788,car,604.8,362.64,631.84,403.4,0,1.0
8098,2507,car,399.26,798.02,432.1,856.33,0,1.0
8098,2557,car,359.77,655.78,379.37,674.8,0,1.0
8098,2693,car,1125.01,679.89,1154.44,737.48,0,1.0
8098,2784,car,1157.97,744.04,1180.23,757.9,0,1.0
8098,2699,car,918.88,452.26,955.03,488.03,0,1.0
8098,2788,person,999.0,461.28,1009.19,481.13,0,1.0
8098,2702,car,819.94,488.94,857.71,524.06,0,1.0
8098,2699,car,918.88,452.26,955.03,488.03,0,1.0
8098,2711,car,602.06,427.36,638.29,485.19,0,1.0
8098,788,car,604.8,362.64,631.84,403.4,0,1.0
8098,2728,person,857.67,771.59,867.08,795.4,0,1.0
8098,2759,car,894.1,714.81,927.01,755.44,0,1.0
8098,2762,bus,731.47,330.31,823.02,453.2,0,1.0
8098,2702,car,819.94,488.94,857.71,524.06,0,1.0
8098,2764,car,872.17,606.42,915.47,660.4,0,1.0
8098,2759,car,894.1,714.81,927.01,755.44,0,1.0
8098,2774,car,1073.6,495.48,1122.18,542.48,0,1.0
8098,2782,person,1116.28,458.18,1123.65,477.75,0,1.0
8098,2775,car,1006.38,470.86,1047.43,510.56,0,1.0
8098,2783,person,1056.66,456.74,1068.18,477.26,0,1.0
8098,2781,car,1043.11,477.27,1076.17,513.74,0,1.0
8098,2785,person,1067.57,435.69,1074.97,455.52,0,1.0
8098,2782,person,1116.28,458.18,1123.65,477.75,0,1.0
8098,2783,person,1056.66,456.74,1068.18,477.26,0,1.0
8098,2785,person,1067.57,435.69,1074.97,455.52,0,1.0
8098,2782,person,1116.28,458.18,1123.65,477.75,0,1.0
8098,2787,person,701.35,461.33,714.48,497.4,0,1.0
8098,2732,car,662.99,435.62,685.1,471.9,0,1.0
8098,2790,person,631.23,494.54,644.13,519.47,0,1.0
8098,2711,car,602.06,427.36,638.29,485.19,0,1.0
531,75,motorcycle,724.53,454.04,740.56,482.76,0,1.0
531,258,person,678.3,474.87,686.85,495.46,0,1.0
531,82,car,589.04,461.5,654.33,514.74,0,1.0
531,258,person,678.3,474.87,686.85,495.46,0,1.0
531,148,car,1074.69,691.32,1105.47,735.5,0,1.0
531,153,car,1125.56,779.06,1147.66,794.01,0,1.0
531,149,car,865.61,479.24,905.27,514.38,0,1.0
531,185,person,753.08,666.19,765.84,690.48,0,1.0
531,150,car,645.12,180.19,666.37,221.57,0,1.0
531,255,car,632.72,124.02,655.66,164.48,0,1.0
531,164,car,650.11,84.45,680.3,121.87,0,1.0
531,253,motorcycle,621.44,133.69,631.83,158.27,0,1.0
531,165,car,641.83,40.61,670.4,83.65,0,1.0
531,256,car,693.1,37.17,717.56,64.84,0,1.0
531,172,car,624.93,233.28,647.46,269.94,0,1.0
531,259,motorcycle,673.76,250.07,685.88,280.6,0,1.0
531,185,person,753.08,666.19,765.84,690.48,0,1.0
531,245,person,818.09,768.12,834.29,796.73,0,1.0
531,205,person,1326.16,632.49,1337.1,655.07,0,1.0
531,251,person,1525.9,647.69,1536.93,674.55,0,1.0
531,229,person,644.73,608.79,654.13,634.57,0,1.0
531,258,person,678.3,474.87,686.85,495.46,0,1.0
531,237,person,614.58,190.24,623.71,213.76,0,1.0
531,255,car,632.72,124.02,655.66,164.48,0,1.0
531,241,car,624.0,281.18,668.01,352.19,0,1.0
531,259,motorcycle,673.76,250.07,685.88,280.6,0,1.0
531,244,person,848.0,911.15,856.2,929.68,0,1.0
531,245,person,818.09,768.12,834.29,796.73,0,1.0
531,253,motorcycle,621.44,133.69,631.83,158.27,0,1.0
531,237,person,614.58,190.24,623.71,213.76,0,1.0
531,255,car,632.72,124.02,655.66,164.48,0,1.0
531,164,car,650.11,84.45,680.3,121.87,0,1.0
531,257,person,615.86,235.39,626.25,259.82,0,1.0
531,237,person,614.58,190.24,623.71,213.76,0,1.0
531,259,motorcycle,673.76,250.07,685.88,280.6,0,1.0
531,150,car,645.12,180.19,666.37,221.57,0,1.0
1623,396,car,624.13,239.52,645.94,276.97,0,1.0
1623,666,car,642.66,186.06,663.3,227.49,0,1.0
1623,398,car,664.84,604.96,709.43,657.23,0,1.0
1623,651,person,638.1,580.44,651.02,607.49,0,1.0
1623,420,car,522.87,574.22,563.39,592.89,0,1.0
1623,615,person,576.01,482.95,587.2,506.87,0,1.0
1623,520,car,603.64,360.96,640.61,400.34,0,1.0
1623,599,car,599.75,417.25,633.02,456.62,0,1.0
1623,556,car,906.8,487.6,950.47,526.87,0,1.0
1623,669,person,950.78,441.6,960.24,466.03,0,1.0
1623,615,person,576.01,482.95,587.2,506.87,0,1.0
1623,599,car,599.75,417.25,633.02,456.62,0,1.0
1623,616,person,623.93,584.84,635.62,607.27,0,1.0
1623,398,car,664.84,604.96,709.43,657.23,0,1.0
1623,633,car,611.96,553.41,649.08,591.56,0,1.0
1623,420,car,522.87,574.22,563.39,592.89,0,1.0
1623,644,car,761.01,678.46,803.72,715.22,0,1.0
1623,679,car,794.91,591.44,820.39,625.46,0,1.0
1623,651,person,638.1,580.44,651.02,607.49,0,1.0
1623,615,person,576.01,482.95,587.2,506.87,0,1.0
1623,656,car,908.61,613.21,940.31,638.8,0,1.0
1623,679,car,794.91,591.44,820.39,625.46,0,1.0
1623,657,car,633.87,47.94,664.62,101.2,0,1.0
1623,675,car,733.48,227.26,760.43,279.01,0,1.0
1623,665,car,627.76,139.51,650.77,179.99,0,1.0
1623,666,car,642.66,186.06,663.3,227.49,0,1.0
1623,675,car,733.48,227.26,760.43,279.01,0,1.0
1623,396,car,624.13,239.52,645.94,276.97,0,1.0
1623,677,car,740.63,560.02,768.77,614.01,0,1.0
1623,651,person,638.1,580.44,651.02,607.49,0,1.0
1623,679,car,794.91,591.44,820.39,625.46,0,1.0
1623,677,car,740.63,560.02,768.77,614.01,0,1.0
1623,681,person,1065.56,843.16,1082.37,886.32,0,1.0
1623,686,truck,1143.93,963.61,1297.15,1080.0,0,1.0
1623,687,person,785.81,664.96,795.17,687.47,0,1.0
1623,679,car,794.91,591.44,820.39,625.46,0,1.0
7302,788,car,607.18,361.51,638.37,424.29,0,1.0
7302,2050,car,596.67,436.25,632.07,499.21,0,1.0
7302,1059,car,391.11,792.73,425.94,850.92,0,1.0
7302,2261,car,359.88,649.23,376.5,666.07,0,1.0
7302,1507,car,615.52,612.99,659.68,641.77,0,1.0
7302,2469,person,690.22,668.6,696.6,685.92,0,1.0
7302,2050,car,596.67,436.25,632.07,499.21,0,1.0
7302,2472,person,575.53,510.63,587.55,537.05,0,1.0
7302,2074,car,632.75,388.18,657.0,447.38,0,1.0
7302,2050,car,596.67,436.25,632.07,499.21,0,1.0
7302,2104,car,672.02,627.34,719.01,674.71,0,1.0
7302,2492,person,782.75,707.83,792.83,728.7,0,1.0
7302,2136,car,634.46,690.28,675.66,743.74,0,1.0
7302,1507,car,615.52,612.99,659.68,641.77,0,1.0
7302,2280,car,611.29,309.53,642.43,374.32,0,1.0
7302,788,car,607.18,361.51,638.37,424.29,0,1.0
7302,2303,car,1004.8,508.19,1038.27,539.82,0,1.0
7302,2496,person,870.17,441.87,880.15,464.04,0,1.0
7302,2374,car,726.3,547.21,754.58,591.76,0,1.0
7302,2479,car,742.16,516.69,780.27,551.38,0,1.0
7302,2392,car,604.19,75.9,630.77,116.25,0,1.0
7302,2491,car,598.49,14.29,624.91,57.52,0,1.0
7302,2418,car,789.08,596.87,819.42,647.64,0,1.0
7302,2374,car,726.3,547.21,754.58,591.76,0,1.0
7302,2460,car,917.92,592.96,950.39,631.54,0,1.0
7302,2418,car,789.08,596.87,819.42,647.64,0,1.0
7302,2464,person,585.99,602.34,597.03,626.32,0,1.0
7302,1507,car,615.52,612.99,659.68,641.77,0,1.0
7302,2469,person,690.22,668.6,696.6,685.92,0,1.0
7302,2136,car,634.46,690.28,675.66,743.74,0,1.0
7302,2475,person,375.87,633.24,389.29,654.9,0,1.0
7302,2464,person,585.99,602.34,597.03,626.32,0,1.0
7302,2476,person,914.42,723.45,925.67,746.37,0,1.0
7302,2492,person,782.75,707.83,792.83,728.7,0,1.0
7302,2479,car,742.16,516.69,780.27,551.38,0,1.0
7302,2418,car,789.08,596.87,819.42,647.64,0,1.0
7302,2492,person,782.75,707.83,792.83,728.7,0,1.0
7302,2469,person,690.22,668.6,696.6,685.92,0,1.0
7302,2494,car,650.62,723.27,697.79,783.97,0,1.0
7302,2136,car,634.46,690.28,675.66,743.74,0,1.0
7302,2496,person,870.17,441.87,880.15,464.04,0,1.0
7302,2499,car,761.6,486.69,799.54,522.63,0,1.0
7302,2497,motorcycle,673.18,535.73,691.27,559.3,0,1.0
7302,2374,car,726.3,547.21,754.58,591.76,0,1.0
8463,1507,car,617.15,613.21,661.08,649.93,0,1.0
8463,2892,motorcycle,718.27,527.8,731.42,557.86,0,1.0
8463,2104,car,677.26,626.78,721.25,675.45,0,1.0
8463,2136,car,639.87,692.82,679.46,743.95,0,1.0
8463,2136,car,639.87,692.82,679.46,743.95,0,1.0
8463,2901,person,643.19,642.09,652.04,665.53,0,1.0
8463,2693,car,1124.84,678.99,1154.34,733.18,0,1.0
8463,2702,car,1001.09,591.14,1035.81,633.16,0,1.0
8463,2759,car,753.55,604.62,786.82,649.99,0,1.0
8463,2892,motorcycle,718.27,527.8,731.42,557.86,0,1.0
8463,2762,truck,1003.65,478.56,1188.91,555.31,0,1.0
8463,2702,car,1001.09,591.14,1035.81,633.16,0,1.0
8463,2764,car,655.84,459.6,683.51,503.7,0,1.0
8463,2869,car,607.36,415.49,639.63,477.83,0,1.0
8463,2775,car,1010.91,470.96,1044.64,496.28,0,1.0
8463,2863,car,1054.78,475.13,1099.82,495.38,0,1.0
8463,2798,car,718.25,480.34,747.92,542.96,0,1.0
8463,2895,person,788.13,389.21,801.44,424.11,0,1.0
8463,2820,person,661.22,658.71,671.48,680.91,0,1.0
8463,1507,car,617.15,613.21,661.08,649.93,0,1.0
8463,2863,car,1054.78,475.13,1099.82,495.38,0,1.0
8463,2702,car,1001.09,591.14,1035.81,633.16,0,1.0
8463,2869,car,607.36,415.49,639.63,477.83,0,1.0
8463,2879,car,603.03,362.39,633.08,425.29,0,1.0
8463,2875,car,607.09,304.94,635.96,368.96,0,1.0
8463,2879,car,603.03,362.39,633.08,425.29,0,1.0
8463,2876,car,584.14,15.37,610.32,80.83,0,1.0
8463,2877,car,591.35,76.72,617.84,126.74,0,1.0
8463,2877,car,591.35,76.72,617.84,126.74,0,1.0
8463,2898,bus,649.99,227.68,673.3,293.07,0,1.0
8463,2878,car,634.14,351.21,660.93,401.6,0,1.0
8463,2869,car,607.36,415.49,639.63,477.83,0,1.0
8463,2887,car,409.76,551.68,449.87,575.17,0,1.0
8463,1507,car,617.15,613.21,661.08,649.93,0,1.0
8463,2888,car,922.4,796.63,954.92,843.34,0,1.0
8463,2893,person,841.01,769.33,848.22,793.24,0,1.0
8463,2889,car,773.3,642.5,804.58,689.09,0,1.0
8463,2759,car,753.55,604.62,786.82,649.99,0,1.0
8463,2892,motorcycle,718.27,527.8,731.42,557.86,0,1.0
8463,2896,person,699.34,455.48,714.22,488.55,0,1.0
8463,2895,person,788.13,389.21,801.44,424.11,0,1.0
8463,2896,person,699.34,455.48,714.22,488.55,0,1.0
8463,2896,person,699.34,455.48,714.22,488.55,0,1.0
8463,2869,car,607.36,415.49,639.63,477.83,0,1.0
8463,2898,bus,649.99,227.68,673.3,293.07,0,1.0
8463,2878,car,634.14,351.21,660.93,401.6,0,1.0
4590,398,car,674.79,624.97,720.2,673.19,0,1.0
4590,1507,car,620.05,610.52,664.34,649.11,0,1.0
4590,758,car,601.74,152.0,628.21,217.56,0,1.0
4590,872,car,601.33,70.76,631.82,114.21,0,1.0
4590,788,car,603.02,374.36,634.89,416.32,0,1.0
4590,878,car,600.23,431.68,630.76,491.6,0,1.0
4590,878,car,600.23,431.68,630.76,491.6,0,1.0
4590,1648,person,602.77,574.92,614.38,599.38,0,1.0
4590,906,car,721.5,392.84,758.48,431.24,0,1.0
4590,1641,person,743.9,473.02,754.97,494.65,0,1.0
4590,1085,car,606.33,261.34,630.92,318.66,0,1.0
4590,788,car,603.02,374.36,634.89,416.32,0,1.0
4590,1259,car,619.7,202.75,645.15,244.74,0,1.0
4590,758,car,601.74,152.0,628.21,217.56,0,1.0
4590,1283,car,665.06,255.92,691.79,313.49,0,1.0
4590,1259,car,619.7,202.75,645.15,244.74,0,1.0
4590,1337,car,1011.41,477.9,1049.41,514.04,0,1.0
4590,1654,car,1101.44,465.37,1143.94,500.5,0,1.0
4590,1491,car,720.79,491.8,755.27,553.48,0,1.0
4590,1641,person,743.9,473.02,754.97,494.65,0,1.0
4590,1518,car,832.05,406.9,860.82,435.76,0,1.0
4590,1655,person,945.45,491.78,954.11,511.71,0,1.0
4590,1526,motorcycle,693.75,526.44,712.72,548.71,0,1.0
4590,1641,person,743.9,473.02,754.97,494.65,0,1.0
4590,1543,car,959.18,471.71,996.46,509.49,0,1.0
4590,1337,car,1011.41,477.9,1049.41,514.04,0,1.0
4590,1585,car,1132.07,632.43,1156.19,679.27,0,1.0
4590,1587,car,1123.61,688.8,1153.13,746.48,0,1.0
4590,1601,person,1395.57,440.74,1407.89,470.92,0,1.0
4590,1658,person,1452.11,466.31,1466.76,489.72,0,1.0
4590,1613,car,754.64,228.83,778.69,269.65,0,1.0
4590,1283,car,665.06,255.92,691.79,313.49,0,1.0
4590,1615,person,1330.49,441.83,1342.3,469.83,0,1.0
4590,1601,person,1395.57,440.74,1407.89,470.92,0,1.0
4590,1620,person,911.26,875.36,918.57,895.13,0,1.0
4590,1624,car,776.46,690.29,819.62,733.08,0,1.0
4590,1622,car,741.16,636.64,782.96,667.2,0,1.0
4590,398,car,674.79,624.97,720.2,673.19,0,1.0
4590,1624,car,776.46,690.29,819.62,733.08,0,1.0
4590,1622,car,741.16,636.64,782.96,667.2,0,1.0
4590,1636,car,464.28,526.16,517.32,560.71,0,1.0
4590,1648,person,602.77,574.92,614.38,599.38,0,1.0
4590,1643,person,1471.68,435.83,1486.01,469.71,0,1.0
4590,1601,person,1395.57,440.74,1407.89,470.92,0,1.0
4590,1648,person,602.77,574.92,614.38,599.38,0,1.0
4590,1507,car,620.05,610.52,664.34,649.11,0,1.0
4590,1652,car,345.59,525.94,407.17,563.3,0,1.0
4590,1636,car,464.28,526.16,517.32,560.71,0,1.0
4590,1654,car,1101.44,465.37,1143.94,500.5,0,1.0
4590,1585,car,1132.07,632.43,1156.19,679.27,0,1.0
4590,1655,person,945.45,491.78,954.11,511.71,0,1.0
4590,1337,car,1011.41,477.9,1049.41,514.04,0,1.0
4590,1656,person,223.04,635.37,234.74,657.72,0,1.0
4590,1652,car,345.59,525.94,407.17,563.3,0,1.0
5768,788,car,608.83,358.22,639.4,421.22,0,1.0
5768,1663,car,612.72,309.01,643.06,360.56,0,1.0
5768,872,car,604.0,69.89,632.23,118.53,0,1.0
5768,1951,motorcycle,668.29,214.97,679.34,234.41,0,1.0
5768,1059,car,393.2,788.43,426.11,847.91,0,1.0
5768,1965,car,357.31,645.48,376.96,663.46,0,1.0
5768,1507,car,616.53,609.13,660.22,639.99,0,1.0
5768,1935,person,678.26,669.82,686.74,691.51,0,1.0
5768,1601,person,1395.08,441.51,1407.62,473.79,0,1.0
5768,1885,person,1340.91,459.06,1350.42,478.04,0,1.0
5768,1778,car,776.73,689.27,819.14,725.28,0,1.0
5768,1977,person,845.08,715.28,852.19,736.52,0,1.0
5768,1855,car,959.51,472.43,997.34,509.35,0,1.0
5768,1998,car,852.85,659.05,906.56,731.85,0,1.0
5768,1874,car,718.94,618.2,759.88,674.36,0,1.0
5768,1979,person,727.1,698.96,739.34,725.64,0,1.0
5768,1881,car,679.97,386.4,717.06,455.61,0,1.0
5768,788,car,608.83,358.22,639.4,421.22,0,1.0
5768,1896,car,740.23,391.32,776.63,439.46,0,1.0
5768,1928,car,800.58,371.9,833.81,418.2,0,1.0
5768,1898,car,601.15,430.08,630.65,471.47,0,1.0
5768,788,car,608.83,358.22,639.4,421.22,0,1.0
5768,1904,car,707.11,450.2,744.52,516.46,0,1.0
5768,1898,car,601.15,430.08,630.65,471.47,0,1.0
5768,1912,car,604.65,153.34,628.42,217.31,0,1.0
5768,1991,car,589.07,104.23,627.91,155.09,0,1.0
5768,1927,car,622.11,192.33,647.61,255.8,0,1.0
5768,1912,car,604.65,153.34,628.42,217.31,0,1.0
5768,1928,car,800.58,371.9,833.81,418.2,0,1.0
5768,1983,motorcycle,754.54,476.05,769.39,506.7,0,1.0
5768,1931,motorcycle,668.99,273.25,679.87,292.38,0,1.0
5768,1951,motorcycle,668.29,214.97,679.34,234.41,0,1.0
5768,1943,car,668.6,323.67,694.01,362.7,0,1.0
5768,1949,motorcycle,660.04,279.7,670.16,297.11,0,1.0
5768,1948,car,604.15,235.44,627.91,273.78,0,1.0
5768,1912,car,604.65,153.34,628.42,217.31,0,1.0
5768,1951,motorcycle,668.29,214.97,679.34,234.41,0,1.0
5768,1912,car,604.65,153.34,628.42,217.31,0,1.0
5768,1955,car,549.86,505.02,615.11,544.87,0,1.0
5768,1898,car,601.15,430.08,630.65,471.47,0,1.0
5768,1972,car,1122.39,688.7,1153.0,747.7,0,1.0
5768,1982,car,924.48,740.09,963.28,788.21,0,1.0
5768,1976,motorcycle,655.6,232.4,665.89,257.29,0,1.0
5768,1912,car,604.65,153.34,628.42,217.31,0,1.0
5768,1977,person,845.08,715.28,852.19,736.52,0,1.0
5768,1998,car,852.85,659.05,906.56,731.85,0,1.0
5768,1979,person,727.1,698.96,739.34,725.64,0,1.0
5768,1935,person,678.26,669.82,686.74,691.51,0,1.0
5768,1982,car,924.48,740.09,963.28,788.21,0,1.0
5768,1998,car,852.85,659.05,906.56,731.85,0,1.0
5768,1983,motorcycle,754.54,476.05,769.39,506.7,0,1.0
5768,1874,car,718.94,618.2,759.88,674.36,0,1.0
5768,1984,car,786.51,632.17,817.6,681.01,0,1.0
5768,1874,car,718.94,618.2,759.88,674.36,0,1.0
5768,1992,car,669.56,300.2,687.44,318.64,0,1.0
5768,1976,motorcycle,655.6,232.4,665.89,257.29,0,1.0
5768,1995,motorcycle,656.2,220.56,664.87,233.87,0,1.0
5768,1912,car,604.65,153.34,628.42,217.31,0,1.0
5768,1997,car,706.38,731.14,734.52,761.93,0,1.0
5768,1778,car,776.73,689.27,819.14,725.28,0,1.0
5768,1999,motorcycle,783.63,392.04,803.29,419.98,0,1.0
5768,1983,motorcycle,754.54,476.05,769.39,506.7,0,1.0
5768,2000,car,676.53,624.07,719.9,673.52,0,1.0
5768,1874,car,718.94,618.2,759.88,674.36,0,1.0
1213,290,car,799.71,487.86,872.01,535.28,0,1.0
1213,543,person,895.08,487.87,914.31,511.94,0,1.0
1213,297,car,677.29,106.88,699.86,152.93,0,1.0
1213,358,car,639.17,186.35,659.48,225.94,0,1.0
1213,358,car,639.17,186.35,659.48,225.94,0,1.0
1213,396,car,620.35,238.98,643.41,279.07,0,1.0
1213,360,car,697.76,457.87,746.04,511.3,0,1.0
1213,526,car,662.71,390.64,695.56,441.92,0,1.0
1213,372,car,631.84,391.73,657.28,451.64,0,1.0
1213,520,car,600.0,360.17,638.55,414.53,0,1.0
1213,375,car,737.9,516.29,779.06,576.53,0,1.0
1213,290,car,799.71,487.86,872.01,535.28,0,1.0
1213,398,car,662.25,595.83,707.29,656.73,0,1.0
1213,478,motorcycle,720.14,551.62,739.45,581.25,0,1.0
1213,409,motorcycle,902.85,485.02,922.58,507.63,0,1.0
1213,290,car,799.71,487.86,872.01,535.28,0,1.0
1213,417,car,938.87,607.68,969.91,632.86,0,1.0
1213,486,car,942.81,504.72,987.11,543.45,0,1.0
1213,418,person,813.43,770.92,821.99,794.53,0,1.0
1213,420,car,749.72,607.31,793.15,642.03,0,1.0
1213,420,car,749.72,607.31,793.15,642.03,0,1.0
1213,398,car,662.25,595.83,707.29,656.73,0,1.0
1213,478,motorcycle,720.14,551.62,739.45,581.25,0,1.0
1213,360,car,697.76,457.87,746.04,511.3,0,1.0
1213,480,person,793.63,760.12,803.97,784.19,0,1.0
1213,420,car,749.72,607.31,793.15,642.03,0,1.0
1213,495,car,1004.51,500.83,1039.84,536.58,0,1.0
1213,538,person,1074.76,476.04,1085.27,498.46,0,1.0
1213,508,person,1049.47,531.55,1062.14,554.84,0,1.0
1213,537,person,1095.44,483.89,1107.25,511.91,0,1.0
1213,519,person,590.05,554.14,598.98,576.41,0,1.0
1213,398,car,662.25,595.83,707.29,656.73,0,1.0
1213,525,person,268.08,584.48,280.87,599.76,0,1.0
1213,533,person,431.06,468.79,443.11,493.81,0,1.0
1213,527,person,490.53,502.62,500.81,523.32,0,1.0
1213,533,person,431.06,468.79,443.11,493.81,0,1.0
1213,529,person,1526.45,629.24,1537.55,656.14,0,1.0
1213,535,person,1391.87,607.88,1412.32,634.87,0,1.0
1213,535,person,1391.87,607.88,1412.32,634.87,0,1.0
1213,536,car,1553.03,538.3,1579.82,556.61,0,1.0
1213,536,car,1553.03,538.3,1579.82,556.61,0,1.0
1213,529,person,1526.45,629.24,1537.55,656.14,0,1.0
1213,538,person,1074.76,476.04,1085.27,498.46,0,1.0
1213,508,person,1049.47,531.55,1062.14,554.84,0,1.0
1213,539,car,643.78,87.0,674.04,126.31,0,1.0
1213,396,car,620.35,238.98,643.41,279.07,0,1.0
1213,540,car,622.95,286.15,654.16,325.75,0,1.0
1213,520,car,600.0,360.17,638.55,414.53,0,1.0
1213,541,person,989.88,470.87,1001.42,492.23,0,1.0
1213,486,car,942.81,504.72,987.11,543.45,0,1.0
1213,542,person,886.27,430.92,896.78,456.35,0,1.0
1213,409,motorcycle,902.85,485.02,922.58,507.63,0,1.0
1213,543,person,895.08,487.87,914.31,511.94,0,1.0
1213,486,car,942.81,504.72,987.11,543.45,0,1.0
6008,788,car,608.81,355.06,640.59,418.06,0,1.0
6008,1970,car,634.61,384.07,706.57,479.18,0,1.0
6008,872,car,604.79,67.47,631.72,114.18,0,1.0
6008,1912,car,603.98,149.19,627.68,205.0,0,1.0
6008,1507,car,616.72,605.65,660.61,636.43,0,1.0
6008,2065,person,691.43,655.97,698.57,683.94,0,1.0
6008,1663,car,611.8,304.87,643.09,368.94,0,1.0
6008,788,car,608.81,355.06,640.59,418.06,0,1.0
6008,1778,car,770.65,678.95,813.54,715.53,0,1.0
6008,2070,motorcycle,734.06,664.02,745.17,690.22,0,1.0
6008,1874,car,718.62,614.23,758.35,665.36,0,1.0
6008,2065,person,691.43,655.97,698.57,683.94,0,1.0
6008,1912,car,603.98,149.19,627.68,205.0,0,1.0
6008,2029,car,592.91,102.95,630.39,156.91,0,1.0
6008,1927,car,622.69,187.75,649.07,251.15,0,1.0
6008,2006,car,669.14,282.68,698.15,359.55,0,1.0
6008,1948,car,600.82,231.27,627.2,291.72,0,1.0
6008,1927,car,622.69,187.75,649.07,251.15,0,1.0
6008,1982,car,751.46,582.61,788.93,630.14,0,1.0
6008,1874,car,718.62,614.23,758.35,665.36,0,1.0
6008,1984,car,712.54,500.81,738.79,537.98,0,1.0
6008,2024,car,710.84,403.77,755.98,448.38,0,1.0
6008,1998,car,747.21,516.37,794.61,600.76,0,1.0
6008,1984,car,712.54,500.81,738.79,537.98,0,1.0
6008,2000,car,676.48,621.14,719.89,670.19,0,1.0
6008,1507,car,616.72,605.65,660.61,636.43,0,1.0
6008,2006,car,669.14,282.68,698.15,359.55,0,1.0
6008,1663,car,611.8,304.87,643.09,368.94,0,1.0
6008,2024,car,710.84,403.77,755.98,448.38,0,1.0
6008,1970,car,634.61,384.07,706.57,479.18,0,1.0
6008,2030,car,960.47,469.56,996.52,501.88,0,1.0
6008,2032,car,924.59,452.53,958.17,474.02,0,1.0
6008,2050,car,600.86,426.83,630.39,473.06,0,1.0
6008,788,car,608.81,355.06,640.59,418.06,0,1.0
6008,2063,person,964.82,444.46,973.97,468.91,0,1.0
6008,1998,car,747.21,516.37,794.61,600.76,0,1.0
6008,2065,person,691.43,655.97,698.57,683.94,0,1.0
6008,2070,motorcycle,734.06,664.02,745.17,690.22,0,1.0
6965,788,car,606.81,356.2,637.31,419.22,0,1.0
6965,2050,car,597.54,428.72,631.76,482.99,0,1.0
6965,1059,car,390.77,786.71,425.43,844.96,0,1.0
6965,2261,car,359.52,643.38,376.27,660.69,0,1.0
6965,1507,car,614.84,608.41,659.27,651.0,0,1.0
6965,2136,car,635.01,687.14,675.04,737.82,0,1.0
6965,2050,car,597.54,428.72,631.76,482.99,0,1.0
6965,2364,person,676.71,507.48,688.04,529.03,0,1.0
6965,2074,car,630.31,383.58,656.02,442.63,0,1.0
6965,2050,car,597.54,428.72,631.76,482.99,0,1.0
6965,2104,car,674.58,622.47,718.01,672.8,0,1.0
6965,2136,car,635.01,687.14,675.04,737.82,0,1.0
6965,2136,car,635.01,687.14,675.04,737.82,0,1.0
6965,2229,person,786.59,707.18,796.1,727.52,0,1.0
6965,2170,person,1382.98,468.07,1392.63,488.25,0,1.0
6965,2348,person,1467.75,434.01,1481.69,471.26,0,1.0
6965,2171,person,1391.74,439.71,1407.12,476.63,0,1.0
6965,2348,person,1467.75,434.01,1481.69,471.26,0,1.0
6965,2229,person,786.59,707.18,796.1,727.52,0,1.0
6965,2352,person,832.77,774.81,841.57,793.72,0,1.0
6965,2269,car,803.02,492.52,839.03,520.99,0,1.0
6965,2296,car,850.6,469.2,914.93,530.95,0,1.0
6965,2280,car,610.61,306.75,641.2,361.65,0,1.0
6965,788,car,606.81,356.2,637.31,419.22,0,1.0
6965,2296,car,850.6,469.2,914.93,530.95,0,1.0
6965,2303,car,957.34,470.13,995.02,507.4,0,1.0
6965,2301,car,794.55,356.64,832.94,408.63,0,1.0
6965,2269,car,803.02,492.52,839.03,520.99,0,1.0
6965,2312,person,567.09,559.11,576.11,581.04,0,1.0
6965,1507,car,614.84,608.41,659.27,651.0,0,1.0
6965,2340,person,1010.66,647.29,1021.56,670.69,0,1.0
6965,2371,person,816.83,652.72,825.41,669.14,0,1.0
6965,2345,motorcycle,575.51,563.22,595.5,586.79,0,1.0
6965,2359,person,621.91,637.62,629.35,658.94,0,1.0
6965,2346,car,918.85,808.02,947.67,859.53,0,1.0
6965,2352,person,832.77,774.81,841.57,793.72,0,1.0
6965,2349,car,1109.45,815.91,1135.23,861.78,0,1.0
6965,2346,car,918.85,808.02,947.67,859.53,0,1.0
6965,2358,person,700.69,495.56,713.63,521.34,0,1.0
6965,2074,car,630.31,383.58,656.02,442.63,0,1.0
6965,2359,person,621.91,637.62,629.35,658.94,0,1.0
6965,2136,car,635.01,687.14,675.04,737.82,0,1.0
6965,2364,person,676.71,507.48,688.04,529.03,0,1.0
6965,2345,motorcycle,575.51,563.22,595.5,586.79,0,1.0
6965,2366,car,1127.57,630.27,1153.14,676.92,0,1.0
6965,2340,person,1010.66,647.29,1021.56,670.69,0,1.0
6965,2369,person,559.55,591.76,571.18,614.42,0,1.0
6965,2359,person,621.91,637.62,629.35,658.94,0,1.0
6965,2371,person,816.83,652.72,825.41,669.14,0,1.0
6965,2229,person,786.59,707.18,796.1,727.52,0,1.0
7726,788,car,606.98,359.3,637.52,422.39,0,1.0
7726,2664,car,663.88,367.7,689.09,419.43,0,1.0
7726,1507,car,615.33,610.91,659.03,639.83,0,1.0
7726,2660,person,728.51,611.31,738.36,635.19,0,1.0
7726,2074,car,633.4,381.61,656.54,441.55,0,1.0
7726,2280,car,612.67,301.28,641.88,358.16,0,1.0
7726,2104,car,676.53,624.21,718.5,657.8,0,1.0
7726,2660,person,728.51,611.31,738.36,635.19,0,1.0
7726,2136,car,635.64,690.97,675.35,741.73,0,1.0
7726,2609,person,696.3,683.44,705.47,705.33,0,1.0
7726,2280,car,612.67,301.28,641.88,358.16,0,1.0
7726,2511,car,656.92,217.52,675.53,253.55,0,1.0
7726,2392,car,603.32,72.33,629.26,114.59,0,1.0
7726,2511,car,656.92,217.52,675.53,253.55,0,1.0
7726,2507,car,390.97,790.1,425.8,849.26,0,1.0
7726,2557,car,359.01,647.24,376.45,664.93,0,1.0
7726,2557,car,359.01,647.24,376.45,664.93,0,1.0
7726,2667,person,222.82,624.17,232.33,642.23,0,1.0
7726,2582,car,928.32,940.03,962.13,975.9,0,1.0
7726,2648,car,868.64,809.65,903.58,847.58,0,1.0
7726,2589,car,1007.39,479.59,1048.69,513.91,0,1.0
7726,2635,person,1080.47,465.4,1092.36,488.88,0,1.0
7726,2607,person,851.41,775.79,862.63,800.2,0,1.0
7726,2648,car,868.64,809.65,903.58,847.58,0,1.0
7726,2609,person,696.3,683.44,705.47,705.33,0,1.0
7726,2652,person,652.49,672.46,661.17,695.26,0,1.0
7726,2623,person,715.45,703.32,724.49,723.15,0,1.0
7726,2654,car,747.17,662.47,780.65,698.35,0,1.0
7726,2628,person,1264.26,610.18,1276.68,639.34,0,1.0
7726,2661,car,1152.98,753.38,1174.68,768.57,0,1.0
7726,2639,person,832.71,789.95,842.27,813.8,0,1.0
7726,2648,car,868.64,809.65,903.58,847.58,0,1.0
7726,2641,person,855.67,781.87,865.03,804.27,0,1.0
7726,2654,car,747.17,662.47,780.65,698.35,0,1.0
7726,2648,car,868.64,809.65,903.58,847.58,0,1.0
7726,2641,person,855.67,781.87,865.03,804.27,0,1.0
7726,2654,car,747.17,662.47,780.65,698.35,0,1.0
7726,2609,person,696.3,683.44,705.47,705.33,0,1.0
7726,2657,person,782.98,459.25,797.31,490.73,0,1.0
7726,2664,car,663.88,367.7,689.09,419.43,0,1.0
7726,2663,person,884.25,455.27,902.42,483.17,0,1.0
7726,2657,person,782.98,459.25,797.31,490.73,0,1.0
7726,2664,car,663.88,367.7,689.09,419.43,0,1.0
7726,2280,car,612.67,301.28,641.88,358.16,0,1.0
7726,2665,person,819.84,779.8,827.75,799.99,0,1.0
7726,2654,car,747.17,662.47,780.65,698.35,0,1.0
1021,164,car,647.59,81.32,678.74,131.12,0,1.0
1021,419,car,628.6,132.16,654.49,176.57,0,1.0
1021,272,car,837.18,795.07,877.24,841.17,0,1.0
1021,418,person,799.48,773.72,811.62,795.59,0,1.0
1021,286,car,712.29,457.26,738.02,506.03,0,1.0
1021,297,car,687.24,378.81,715.75,438.99,0,1.0
1021,290,car,605.37,490.84,677.11,527.32,0,1.0
1021,409,motorcycle,679.41,482.35,703.3,508.62,0,1.0
1021,297,car,687.24,378.81,715.75,438.99,0,1.0
1021,410,car,630.43,316.95,667.23,375.09,0,1.0
1021,337,person,568.14,526.7,578.38,549.62,0,1.0
1021,425,person,634.9,628.47,644.75,651.69,0,1.0
1021,358,car,642.18,180.69,665.21,241.71,0,1.0
1021,396,car,622.01,233.66,645.7,296.22,0,1.0
1021,360,car,746.27,392.92,778.77,456.81,0,1.0
1021,412,motorcycle,729.98,444.15,745.61,473.6,0,1.0
1021,372,car,635.27,387.37,658.88,446.36,0,1.0
1021,381,car,600.68,356.28,641.0,412.67,0,1.0
1021,375,car,768.57,574.84,814.96,636.2,0,1.0
1021,286,car,712.29,457.26,738.02,506.03,0,1.0
1021,381,car,600.68,356.28,641.0,412.67,0,1.0
1021,410,car,630.43,316.95,667.23,375.09,0,1.0
1021,394,motorcycle,671.05,254.55,681.88,280.43,0,1.0
1021,406,car,623.47,280.94,657.09,343.18,0,1.0
1021,396,car,622.01,233.66,645.7,296.22,0,1.0
1021,406,car,623.47,280.94,657.09,343.18,0,1.0
1021,409,motorcycle,679.41,482.35,703.3,508.62,0,1.0
1021,412,motorcycle,729.98,444.15,745.61,473.6,0,1.0
1021,412,motorcycle,729.98,444.15,745.61,473.6,0,1.0
1021,297,car,687.24,378.81,715.75,438.99,0,1.0
1021,414,car,344.43,595.67,362.17,612.89,0,1.0
1021,337,person,568.14,526.7,578.38,549.62,0,1.0
1021,420,car,934.86,612.29,977.72,653.55,0,1.0
1021,375,car,768.57,574.84,814.96,636.2,0,1.0
1021,425,person,634.9,628.47,644.75,651.69,0,1.0
1021,433,car,628.16,696.22,677.97,756.93,0,1.0
1021,429,car,1023.09,595.42,1054.88,621.91,0,1.0
1021,420,car,934.86,612.29,977.72,653.55,0,1.0
1021,430,car,651.59,649.41,671.35,682.51,0,1.0
1021,433,car,628.16,696.22,677.97,756.93,0,1.0
1021,432,car,708.4,710.04,735.86,752.45,0,1.0
1021,418,person,799.48,773.72,811.62,795.59,0,1.0
1021,433,car,628.16,696.22,677.97,756.93,0,1.0
1021,432,car,708.4,710.04,735.86,752.45,0,1.0
1021,434,person,575.55,442.15,586.14,464.16,0,1.0
1021,337,person,568.14,526.7,578.38,549.62,0,1.0
1021,438,car,636.8,39.63,671.76,105.25,0,1.0
1021,419,car,628.6,132.16,654.49,176.57,0,1.0
1021,442,person,1062.52,483.11,1077.61,511.4,0,1.0
1021,429,car,1023.09,595.42,1054.88,621.91,0,1.0
1118,272,car,850.27,796.77,886.37,843.54,0,1.0
1118,418,person,818.82,771.54,828.14,790.67,0,1.0
1118,290,car,686.57,493.45,757.16,536.21,0,1.0
1118,409,motorcycle,786.4,484.17,811.3,509.42,0,1.0
1118,297,car,672.68,231.81,699.16,290.63,0,1.0
1118,358,car,633.39,190.88,654.34,230.44,0,1.0
1118,360,car,730.1,432.33,766.98,491.75,0,1.0
1118,372,car,628.51,396.52,655.78,455.93,0,1.0
1118,372,car,628.51,396.52,655.78,455.93,0,1.0
1118,381,car,598.36,366.21,635.47,404.18,0,1.0
1118,375,car,750.3,542.12,792.6,604.1,0,1.0
1118,290,car,686.57,493.45,757.16,536.21,0,1.0
1118,381,car,598.36,366.21,635.47,404.18,0,1.0
1118,406,car,618.32,290.05,650.96,332.86,0,1.0
1118,398,car,665.98,604.81,710.82,660.26,0,1.0
1118,478,motorcycle,727.24,559.92,741.57,590.52,0,1.0
1118,406,car,618.32,290.05,650.96,332.86,0,1.0
1118,297,car,672.68,231.81,699.16,290.63,0,1.0
1118,409,motorcycle,786.4,484.17,811.3,509.42,0,1.0
1118,486,car,906.92,496.02,950.44,539.32,0,1.0
1118,412,motorcycle,684.23,300.53,694.95,331.1,0,1.0
1118,297,car,672.68,231.81,699.16,290.63,0,1.0
1118,417,car,984.97,596.37,1015.3,624.04,0,1.0
1118,420,car,844.39,618.12,886.09,656.85,0,1.0
1118,418,person,818.82,771.54,828.14,790.67,0,1.0
1118,433,car,634.95,703.85,684.38,764.28,0,1.0
1118,420,car,844.39,618.12,886.09,656.85,0,1.0
1118,375,car,750.3,542.12,792.6,604.1,0,1.0
1118,430,car,658.22,657.11,675.84,688.48,0,1.0
1118,398,car,665.98,604.81,710.82,660.26,0,1.0
1118,433,car,634.95,703.85,684.38,764.28,0,1.0
1118,430,car,658.22,657.11,675.84,688.48,0,1.0
1118,478,motorcycle,727.24,559.92,741.57,590.52,0,1.0
1118,290,car,686.57,493.45,757.16,536.21,0,1.0
1118,481,car,929.92,728.62,958.35,776.54,0,1.0
1118,420,car,844.39,618.12,886.09,656.85,0,1.0
1118,484,car,393.25,616.37,417.51,632.34,0,1.0
1118,489,car,373.73,757.95,409.0,816.6,0,1.0
1118,486,car,906.92,496.02,950.44,539.32,0,1.0
1118,417,car,984.97,596.37,1015.3,624.04,0,1.0
2084,398,car,669.49,600.77,713.03,660.6,0,1.0
2084,812,person,740.7,665.57,752.57,688.84,0,1.0
2084,758,car,621.4,135.68,646.8,199.36,0,1.0
2084,833,car,624.99,52.78,655.91,111.56,0,1.0
2084,762,car,695.09,443.67,719.24,497.9,0,1.0
2084,787,car,600.68,420.05,632.72,459.48,0,1.0
2084,787,car,600.68,420.05,632.72,459.48,0,1.0
2084,808,motorcycle,664.64,446.97,681.44,475.18,0,1.0
2084,788,car,600.58,368.51,638.45,415.62,0,1.0
2084,787,car,600.68,420.05,632.72,459.48,0,1.0
2084,791,person,652.56,550.46,665.68,576.65,0,1.0
2084,398,car,669.49,600.77,713.03,660.6,0,1.0
2084,794,car,728.09,431.92,752.1,478.22,0,1.0
2084,808,motorcycle,664.64,446.97,681.44,475.18,0,1.0
2084,803,car,1155.56,956.83,1303.32,1079.58,0,1.0
2084,832,person,1331.47,846.32,1343.19,869.74,0,1.0
2084,806,person,834.75,778.63,843.08,801.49,0,1.0
2084,823,car,857.7,704.43,888.21,751.89,0,1.0
2084,812,person,740.7,665.57,752.57,688.84,0,1.0
2084,824,car,772.99,570.12,798.41,603.79,0,1.0
2084,823,car,857.7,704.43,888.21,751.89,0,1.0
2084,834,person,871.67,646.47,882.97,672.26,0,1.0
2084,824,car,772.99,570.12,798.41,603.79,0,1.0
2084,398,car,669.49,600.77,713.03,660.6,0,1.0
2084,829,motorcycle,721.48,521.74,738.42,555.52,0,1.0
2084,762,car,695.09,443.67,719.24,497.9,0,1.0
2084,836,car,733.26,210.64,754.2,259.0,0,1.0
2084,758,car,621.4,135.68,646.8,199.36,0,1.0
4533,398,car,673.93,623.92,721.44,673.05,0,1.0
4533,1507,car,620.4,607.15,662.68,637.36,0,1.0
4533,758,car,602.45,151.93,628.06,215.9,0,1.0
4533,872,car,605.14,67.79,632.09,114.06,0,1.0
4533,788,car,602.15,373.41,635.97,425.04,0,1.0
4533,1409,car,612.15,307.2,643.66,374.46,0,1.0
4533,878,car,601.47,429.19,631.54,470.64,0,1.0
4533,788,car,602.15,373.41,635.97,425.04,0,1.0
4533,906,car,735.42,377.84,764.9,430.28,0,1.0
4533,1641,person,722.2,476.38,733.02,499.1,0,1.0
4533,1059,car,393.53,790.0,426.97,847.84,0,1.0
4533,1605,car,462.9,583.93,498.26,612.44,0,1.0
4533,1085,car,602.99,260.27,630.93,322.53,0,1.0
4533,1259,car,622.38,201.98,645.06,243.33,0,1.0
4533,1259,car,622.38,201.98,645.06,243.33,0,1.0
4533,758,car,602.45,151.93,628.06,215.9,0,1.0
4533,1283,car,668.37,288.41,695.08,344.57,0,1.0
4533,1085,car,602.99,260.27,630.93,322.53,0,1.0
4533,1337,car,1012.45,474.1,1051.23,512.99,0,1.0
4533,1597,car,1003.86,524.78,1032.5,559.37,0,1.0
4533,1440,car,659.02,176.88,678.22,208.67,0,1.0
4533,758,car,602.45,151.93,628.06,215.9,0,1.0
4533,1450,car,1119.93,496.46,1194.71,538.19,0,1.0
4533,1585,car,1132.21,631.31,1156.34,678.25,0,1.0
4533,1491,car,727.19,507.02,762.19,568.37,0,1.0
4533,1641,person,722.2,476.38,733.02,499.1,0,1.0
4533,1518,car,806.9,384.09,839.3,430.34,0,1.0
4533,1634,person,801.07,440.16,810.75,465.93,0,1.0
4533,1526,motorcycle,684.9,487.86,700.11,514.59,0,1.0
4533,1491,car,727.19,507.02,762.19,568.37,0,1.0
4533,1543,car,959.63,470.86,997.3,508.33,0,1.0
4533,1337,car,1012.45,474.1,1051.23,512.99,0,1.0
4533,1585,car,1132.21,631.31,1156.34,678.25,0,1.0
4533,1640,car,1156.5,752.35,1177.65,766.07,0,1.0
4533,1589,car,1105.21,656.84,1134.46,703.96,0,1.0
4533,1640,car,1156.5,752.35,1177.65,766.07,0,1.0
4533,1596,motorcycle,601.23,550.39,623.76,589.56,0,1.0
4533,1507,car,620.4,607.15,662.68,637.36,0,1.0
4533,1601,person,1395.32,440.55,1408.37,469.43,0,1.0
4533,1619,motorcycle,1441.98,492.38,1465.99,515.96,0,1.0
4533,1605,car,462.9,583.93,498.26,612.44,0,1.0
4533,1636,car,352.79,535.17,406.64,564.31,0,1.0
4533,1607,car,1416.75,824.58,1443.0,870.93,0,1.0
4533,1632,car,1476.88,831.29,1504.44,870.67,0,1.0
4533,1613,car,755.57,227.37,777.88,266.76,0,1.0
4533,1283,car,668.37,288.41,695.08,344.57,0,1.0
4533,1615,person,1331.83,441.91,1342.85,469.06,0,1.0
4533,1601,person,1395.32,440.55,1408.37,469.43,0,1.0
4533,1620,person,912.28,873.81,919.82,894.3,0,1.0
4533,1624,car,778.28,688.83,820.23,721.92,0,1.0
4533,1622,car,753.4,641.35,797.27,688.91,0,1.0
4533,398,car,673.93,623.92,721.44,673.05,0,1.0
4533,1624,car,778.28,688.83,820.23,721.92,0,1.0
4533,1622,car,753.4,641.35,797.27,688.91,0,1.0
4533,1626,car,657.7,338.72,676.86,393.41,0,1.0
4533,1283,car,668.37,288.41,695.08,344.57,0,1.0
4533,1630,car,687.01,352.5,710.86,388.65,0,1.0
4533,1283,car,668.37,288.41,695.08,344.57,0,1.0
4533,1634,person,801.07,440.16,810.75,465.93,0,1.0
4533,1491,car,727.19,507.02,762.19,568.37,0,1.0
4533,1635,person,210.54,617.92,223.7,642.63,0,1.0
4533,1636,car,352.79,535.17,406.64,564.31,0,1.0
4533,1637,car,645.55,56.46,661.63,89.76,0,1.0
4533,1440,car,659.02,176.88,678.22,208.67,0,1.0
4533,1638,car,653.73,719.56,700.48,779.7,0,1.0
4533,1624,car,778.28,688.83,820.23,721.92,0,1.0
4533,1639,car,711.1,359.83,740.7,409.77,0,1.0
4533,1626,car,657.7,338.72,676.86,393.41,0,1.0
4533,1641,person,722.2,476.38,733.02,499.1,0,1.0
4533,1634,person,801.07,440.16,810.75,465.93,0,1.0
8472,1507,car,617.46,613.43,661.09,648.75,0,1.0
8472,2820,person,657.35,658.59,665.52,679.75,0,1.0
8472,2104,car,677.45,627.07,721.29,675.89,0,1.0
8472,1507,car,617.46,613.43,661.09,648.75,0,1.0
8472,2693,car,1125.1,678.99,1154.19,733.27,0,1.0
8472,2702,car,1010.49,594.3,1042.44,622.94,0,1.0
8472,2764,car,655.7,456.86,682.72,498.28,0,1.0
8472,2869,car,607.45,415.9,639.68,476.38,0,1.0
8472,2775,car,1011.83,471.31,1045.41,496.15,0,1.0
8472,2863,car,1055.31,477.42,1092.67,495.94,0,1.0
8472,2798,car,716.14,472.08,745.34,513.61,0,1.0
8472,2895,person,785.46,390.42,799.68,425.77,0,1.0
8472,2860,car,749.07,599.44,778.2,644.6,0,1.0
8472,2104,car,677.45,627.07,721.29,675.89,0,1.0
8472,2869,car,607.45,415.9,639.68,476.38,0,1.0
8472,2890,person,593.42,475.53,604.72,502.24,0,1.0
8472,2875,car,607.13,305.22,635.83,369.05,0,1.0
8472,2879,car,603.21,362.51,633.32,425.17,0,1.0
8472,2876,car,584.25,15.01,610.14,81.81,0,1.0
8472,2877,car,591.78,76.36,618.0,123.26,0,1.0
8472,2878,car,634.14,351.49,660.91,411.47,0,1.0
8472,2869,car,607.45,415.9,639.68,476.38,0,1.0
8472,2887,car,421.43,550.99,462.22,574.03,0,1.0
8472,2890,person,593.42,475.53,604.72,502.24,0,1.0
8472,2888,car,922.89,797.13,954.79,838.63,0,1.0
8472,2893,person,841.12,769.41,848.09,793.35,0,1.0
8472,2890,person,593.42,475.53,604.72,502.24,0,1.0
8472,2764,car,655.7,456.86,682.72,498.28,0,1.0
8472,2892,motorcycle,712.1,514.12,725.15,543.92,0,1.0
8472,2896,person,697.12,449.45,712.02,483.29,0,1.0
8472,2895,person,785.46,390.42,799.68,425.77,0,1.0
8472,2896,person,697.12,449.45,712.02,483.29,0,1.0
8472,2896,person,697.12,449.45,712.02,483.29,0,1.0
8472,2878,car,634.14,351.49,660.91,411.47,0,1.0
8472,2898,bus,648.96,220.06,672.19,277.59,0,1.0
8472,2875,car,607.13,305.22,635.83,369.05,0,1.0
8472,2901,person,645.83,644.2,654.06,667.29,0,1.0
8472,2104,car,677.45,627.07,721.29,675.89,0,1.0
8472,2904,car,644.99,41.33,664.05,86.97,0,1.0
8472,2876,car,584.25,15.01,610.14,81.81,0,1.0
8472,2906,car,784.37,595.34,817.76,638.51,0,1.0
8472,2892,motorcycle,712.1,514.12,725.15,543.92,0,1.0
5873,788,car,609.14,356.75,638.75,418.66,0,1.0
5873,1985,car,600.48,428.0,630.61,468.58,0,1.0
5873,872,car,604.28,69.26,631.61,118.35,0,1.0
5873,1912,car,603.91,151.25,627.53,215.69,0,1.0
5873,1507,car,616.83,607.1,660.54,635.94,0,1.0
5873,2021,person,670.71,637.25,679.78,669.27,0,1.0
5873,1663,car,612.5,306.2,645.82,358.55,0,1.0
5873,2001,motorcycle,632.65,274.16,643.64,299.24,0,1.0
5873,1778,car,775.31,686.28,818.19,727.99,0,1.0
5873,1982,car,840.27,666.66,879.61,702.07,0,1.0
5873,1874,car,719.58,615.46,758.64,653.16,0,1.0
5873,2009,person,779.26,664.88,797.9,692.53,0,1.0
5873,1904,car,673.83,326.82,704.41,386.18,0,1.0
5873,1663,car,612.5,306.2,645.82,358.55,0,1.0
5873,1927,car,621.73,190.41,646.38,252.94,0,1.0
5873,2001,motorcycle,632.65,274.16,643.64,299.24,0,1.0
5873,1935,person,656.34,657.24,666.17,679.37,0,1.0
5873,1507,car,616.83,607.1,660.54,635.94,0,1.0
5873,1948,car,603.21,233.38,627.14,270.46,0,1.0
5873,1912,car,603.91,151.25,627.53,215.69,0,1.0
5873,1955,car,649.08,420.01,699.84,478.96,0,1.0
5873,1990,car,717.49,402.78,761.18,435.34,0,1.0
5873,1970,car,564.76,477.96,650.35,565.48,0,1.0
5873,1985,car,600.48,428.0,630.61,468.58,0,1.0
5873,1972,car,1121.38,686.71,1151.05,744.33,0,1.0
5873,2015,car,1153.22,751.83,1175.15,766.65,0,1.0
5873,1979,person,682.18,676.58,692.51,704.16,0,1.0
5873,1507,car,616.83,607.1,660.54,635.94,0,1.0
5873,1982,car,840.27,666.66,879.61,702.07,0,1.0
5873,2009,person,779.26,664.88,797.9,692.53,0,1.0
5873,1984,car,743.84,562.83,771.07,613.83,0,1.0
5873,1507,car,616.83,607.1,660.54,635.94,0,1.0
5873,1990,car,717.49,402.78,761.18,435.34,0,1.0
5873,2019,car,772.48,345.85,800.75,395.25,0,1.0
5873,2021,person,670.71,637.25,679.78,669.27,0,1.0
5873,1874,car,719.58,615.46,758.64,653.16,0,1.0
8750,1059,car,402.13,795.69,433.7,857.47,0,1.0
8750,2964,car,360.26,656.76,381.07,675.82,0,1.0
8750,1507,car,618.09,615.19,663.29,659.53,0,1.0
8750,2104,car,677.17,627.69,722.56,677.6,0,1.0
8750,2104,car,677.17,627.69,722.56,677.6,0,1.0
8750,2950,motorcycle,753.15,539.78,766.1,562.05,0,1.0
8750,2693,car,1126.26,680.25,1155.61,736.64,0,1.0
8750,2956,person,1267.43,599.84,1279.09,628.44,0,1.0
8750,2764,car,661.91,383.25,686.95,423.75,0,1.0
8750,2967,motorcycle,685.74,341.44,696.39,373.33,0,1.0
8750,2860,car,672.4,461.37,696.38,511.3,0,1.0
8750,2935,car,658.04,531.64,694.61,564.99,0,1.0
8750,2863,car,1056.22,475.67,1095.15,503.32,0,1.0
8750,2988,person,1067.44,435.81,1075.49,456.77,0,1.0
8750,2869,car,609.77,414.36,642.32,477.41,0,1.0
8750,2764,car,661.91,383.25,686.95,423.75,0,1.0
8750,2875,car,608.9,306.93,637.04,370.9,0,1.0
8750,2879,car,605.82,363.27,633.88,402.85,0,1.0
8750,2876,car,586.4,16.47,612.41,74.86,0,1.0
8750,2877,car,592.39,78.08,618.43,117.41,0,1.0
8750,2878,car,635.77,351.54,663.94,413.13,0,1.0
8750,2875,car,608.9,306.93,637.04,370.9,0,1.0
8750,2879,car,605.82,363.27,633.88,402.85,0,1.0
8750,2869,car,609.77,414.36,642.32,477.41,0,1.0
8750,2906,car,698.78,454.29,724.47,500.78,0,1.0
8750,2764,car,661.91,383.25,686.95,423.75,0,1.0
8750,2916,car,1410.57,455.8,1587.98,527.63,0,1.0
8750,2990,car,1361.49,489.95,1385.83,507.63,0,1.0
8750,2918,person,729.37,363.41,737.23,387.01,0,1.0
8750,2967,motorcycle,685.74,341.44,696.39,373.33,0,1.0
8750,2926,car,519.78,568.55,550.29,584.35,0,1.0
8750,2970,car,580.85,510.57,618.87,541.82,0,1.0
8750,2935,car,658.04,531.64,694.61,564.99,0,1.0
8750,2950,motorcycle,753.15,539.78,766.1,562.05,0,1.0
8750,2941,person,973.49,441.75,985.45,469.46,0,1.0
8750,2863,car,1056.22,475.67,1095.15,503.32,0,1.0
8750,2950,motorcycle,753.15,539.78,766.1,562.05,0,1.0
8750,2979,person,735.96,466.65,756.05,502.81,0,1.0
8750,2963,person,828.78,412.25,835.76,432.66,0,1.0
8750,2972,car,772.26,342.05,796.31,383.99,0,1.0
8750,2967,motorcycle,685.74,341.44,696.39,373.33,0,1.0
8750,2991,car,661.44,270.68,686.52,309.49,0,1.0
8750,2970,car,580.85,510.57,618.87,541.82,0,1.0
8750,2935,car,658.04,531.64,694.61,564.99,0,1.0
8750,2979,person,735.96,466.65,756.05,502.81,0,1.0
8750,2860,car,672.4,461.37,696.38,511.3,0,1.0
8750,2983,car,572.51,373.13,599.06,412.82,0,1.0
8750,2869,car,609.77,414.36,642.32,477.41,0,1.0
8750,2986,person,722.62,435.94,739.58,466.88,0,1.0
8750,2764,car,661.91,383.25,686.95,423.75,0,1.0
8750,2991,car,661.44,270.68,686.52,309.49,0,1.0
8750,2875,car,608.9,306.93,637.04,370.9,0,1.0
2434,398,car,669.13,610.5,712.16,661.85,0,1.0
2434,968,person,633.88,616.38,645.94,638.83,0,1.0
2434,758,car,619.94,136.2,644.87,188.34,0,1.0
2434,906,car,762.92,244.28,789.44,286.52,0,1.0
2434,788,car,598.26,369.4,637.36,414.05,0,1.0
2434,869,car,661.99,400.73,700.65,461.98,0,1.0
2434,853,car,729.59,483.18,751.19,512.01,0,1.0
2434,869,car,661.99,400.73,700.65,461.98,0,1.0
2434,876,car,713.83,509.74,739.9,556.9,0,1.0
2434,953,motorcycle,711.74,476.48,726.35,504.53,0,1.0
2434,878,car,599.04,421.78,631.19,461.8,0,1.0
2434,869,car,661.99,400.73,700.65,461.98,0,1.0
2434,890,motorcycle,395.86,618.58,420.63,634.88,0,1.0
2434,928,car,421.84,472.04,488.1,530.82,0,1.0
2434,906,car,762.92,244.28,789.44,286.52,0,1.0
2434,869,car,661.99,400.73,700.65,461.98,0,1.0
2434,928,car,421.84,472.04,488.1,530.82,0,1.0
2434,878,car,599.04,421.78,631.19,461.8,0,1.0
2434,948,bus,623.8,52.61,653.7,95.82,0,1.0
2434,758,car,619.94,136.2,644.87,188.34,0,1.0
2434,952,motorcycle,682.43,487.06,700.39,522.52,0,1.0
2434,869,car,661.99,400.73,700.65,461.98,0,1.0
2434,953,motorcycle,711.74,476.48,726.35,504.53,0,1.0
2434,869,car,661.99,400.73,700.65,461.98,0,1.0
2434,954,car,318.28,463.38,362.21,491.46,0,1.0
2434,928,car,421.84,472.04,488.1,530.82,0,1.0
2434,958,motorcycle,1416.47,613.42,1435.92,637.62,0,1.0
2434,959,motorcycle,1549.41,516.69,1572.87,540.18,0,1.0
2434,966,motorcycle,772.87,582.61,789.76,614.59,0,1.0
2434,876,car,713.83,509.74,739.9,556.9,0,1.0
2434,968,person,633.88,616.38,645.94,638.83,0,1.0
2434,952,motorcycle,682.43,487.06,700.39,522.52,0,1.0
2434,972,person,834.24,773.57,843.82,801.61,0,1.0
2434,966,motorcycle,772.87,582.61,789.76,614.59,0,1.0
2011,398,car,670.37,604.22,714.2,659.93,0,1.0
2011,762,car,718.13,502.32,742.96,554.51,0,1.0
2011,758,car,622.47,132.64,647.97,191.85,0,1.0
2011,786,person,579.22,216.26,588.83,240.2,0,1.0
2011,762,car,718.13,502.32,742.96,554.51,0,1.0
2011,791,person,621.9,526.17,634.79,551.28,0,1.0
2011,787,car,600.4,420.8,633.31,464.27,0,1.0
2011,788,car,602.29,367.43,639.67,403.49,0,1.0
2011,791,person,621.9,526.17,634.79,551.28,0,1.0
2011,398,car,670.37,604.22,714.2,659.93,0,1.0
2011,794,car,737.17,387.0,757.93,431.81,0,1.0
2011,762,car,718.13,502.32,742.96,554.51,0,1.0
2011,806,person,835.15,777.9,844.58,800.36,0,1.0
2011,809,car,985.86,644.2,1016.12,688.1,0,1.0
2011,807,person,916.61,433.06,929.48,459.02,0,1.0
2011,819,motorcycle,786.91,379.54,797.91,397.45,0,1.0
2011,809,car,985.86,644.2,1016.12,688.1,0,1.0
2011,813,person,1032.95,493.88,1044.11,512.51,0,1.0
2011,812,person,712.08,654.18,723.44,676.41,0,1.0
2011,762,car,718.13,502.32,742.96,554.51,0,1.0
2011,813,person,1032.95,493.88,1044.11,512.51,0,1.0
2011,814,person,945.84,439.46,960.89,471.56,0,1.0
2011,814,person,945.84,439.46,960.89,471.56,0,1.0
2011,820,car,993.94,480.49,1026.28,512.12,0,1.0
2011,819,motorcycle,786.91,379.54,797.91,397.45,0,1.0
2011,794,car,737.17,387.0,757.93,431.81,0,1.0
3955,398,car,670.12,609.25,716.28,660.04,0,1.0
3955,1362,motorcycle,699.9,480.21,724.45,513.76,0,1.0
3955,758,car,620.95,135.85,646.32,197.59,0,1.0
3955,872,car,625.05,51.84,652.45,92.06,0,1.0
3955,788,car,607.77,355.65,643.81,415.93,0,1.0
3955,1409,car,623.31,290.56,652.99,331.44,0,1.0
3955,878,car,601.57,417.03,635.7,476.57,0,1.0
3955,1375,person,596.11,486.06,603.76,510.14,0,1.0
3955,906,car,764.46,239.01,790.69,280.63,0,1.0
3955,1406,car,785.97,306.6,829.07,349.67,0,1.0
3955,1059,car,381.11,759.32,417.3,818.24,0,1.0
3955,1407,car,343.88,636.53,441.64,699.72,0,1.0
3955,1085,car,619.95,241.73,642.76,282.55,0,1.0
3955,1300,car,635.96,191.67,659.03,243.05,0,1.0
3955,1154,person,1334.61,841.33,1345.57,869.58,0,1.0
3955,1431,car,1144.06,759.96,1166.96,776.15,0,1.0
3955,1225,person,1399.15,460.9,1412.33,488.98,0,1.0
3955,1432,person,1499.0,480.81,1514.13,501.42,0,1.0
3955,1244,car,948.86,466.64,987.04,503.19,0,1.0
3955,1408,person,898.34,446.14,908.16,470.73,0,1.0
3955,1259,car,651.74,257.26,675.15,298.43,0,1.0
3955,1300,car,635.96,191.67,659.03,243.05,0,1.0
3955,1273,car,668.53,378.57,687.0,411.09,0,1.0
3955,788,car,607.77,355.65,643.81,415.93,0,1.0
3955,1274,car,345.81,612.09,373.28,632.72,0,1.0
3955,1415,motorcycle,270.34,597.25,298.32,632.07,0,1.0
3955,1283,car,627.67,446.82,676.23,495.77,0,1.0
3955,878,car,601.57,417.03,635.7,476.57,0,1.0
3955,1300,car,635.96,191.67,659.03,243.05,0,1.0
3955,758,car,620.95,135.85,646.32,197.59,0,1.0
3955,1306,motorcycle,674.1,237.16,686.18,266.31,0,1.0
3955,1300,car,635.96,191.67,659.03,243.05,0,1.0
3955,1337,car,1013.13,476.24,1053.38,515.33,0,1.0
3955,1429,person,1063.93,459.32,1075.2,483.7,0,1.0
3955,1345,person,1344.46,475.17,1353.97,493.98,0,1.0
3955,1225,person,1399.15,460.9,1412.33,488.98,0,1.0
3955,1353,car,763.94,298.03,785.67,330.43,0,1.0
3955,1259,car,651.74,257.26,675.15,298.43,0,1.0
3955,1354,car,792.19,496.64,830.71,535.19,0,1.0
3955,1417,car,835.35,458.65,870.46,504.59,0,1.0
3955,1362,motorcycle,699.9,480.21,724.45,513.76,0,1.0
3955,1426,person,677.27,435.28,686.37,459.04,0,1.0
3955,1375,person,596.11,486.06,603.76,510.14,0,1.0
3955,1283,car,627.67,446.82,676.23,495.77,0,1.0
3955,1385,person,667.92,633.43,676.79,654.96,0,1.0
3955,1430,person,702.8,600.8,712.23,619.71,0,1.0
3955,1394,person,637.02,652.44,652.17,681.13,0,1.0
3955,1427,person,700.35,691.47,712.56,714.43,0,1.0
3955,1397,person,1333.44,461.03,1346.43,486.44,0,1.0
3955,1225,person,1399.15,460.9,1412.33,488.98,0,1.0
3955,1402,car,891.87,612.66,941.21,660.54,0,1.0
3955,1354,car,792.19,496.64,830.71,535.19,0,1.0
3955,1407,car,343.88,636.53,441.64,699.72,0,1.0
3955,1274,car,345.81,612.09,373.28,632.72,0,1.0
3955,1409,car,623.31,290.56,652.99,331.44,0,1.0
3955,1259,car,651.74,257.26,675.15,298.43,0,1.0
3955,1417,car,835.35,458.65,870.46,504.59,0,1.0
3955,1408,person,898.34,446.14,908.16,470.73,0,1.0
3955,1424,person,238.63,509.76,251.35,531.51,0,1.0
3955,1274,car,345.81,612.09,373.28,632.72,0,1.0
1187,272,car,842.18,796.9,878.03,842.72,0,1.0
1187,418,person,813.25,771.26,821.32,790.7,0,1.0
1187,290,car,768.1,487.92,839.91,535.98,0,1.0
1187,409,motorcycle,890.82,484.48,916.53,510.08,0,1.0
1187,297,car,676.63,138.27,699.63,184.27,0,1.0
1187,358,car,638.55,186.94,662.23,228.13,0,1.0
1187,358,car,638.55,186.94,662.23,228.13,0,1.0
1187,396,car,619.97,239.23,641.92,274.11,0,1.0
1187,360,car,713.36,435.34,758.4,499.83,0,1.0
1187,522,person,712.7,527.24,727.76,559.12,0,1.0
1187,372,car,633.23,392.25,656.87,447.67,0,1.0
1187,360,car,713.36,435.34,758.4,499.83,0,1.0
1187,375,car,740.91,522.6,781.47,581.93,0,1.0
1187,522,person,712.7,527.24,727.76,559.12,0,1.0
1187,398,car,661.71,598.36,706.65,657.02,0,1.0
1187,510,car,651.86,652.68,671.54,684.29,0,1.0
1187,409,motorcycle,890.82,484.48,916.53,510.08,0,1.0
1187,486,car,927.8,500.62,973.55,543.97,0,1.0
1187,417,car,950.72,605.44,980.04,631.34,0,1.0
1187,481,car,951.93,705.02,985.85,746.68,0,1.0
1187,420,car,774.43,612.52,824.07,657.38,0,1.0
1187,375,car,740.91,522.6,781.47,581.93,0,1.0
1187,433,car,627.66,699.3,678.94,760.51,0,1.0
1187,515,car,707.3,712.44,735.85,754.86,0,1.0
1187,480,person,793.08,760.36,803.13,783.48,0,1.0
1187,504,person,848.63,784.94,857.69,806.79,0,1.0
1187,486,car,927.8,500.62,973.55,543.97,0,1.0
1187,495,car,982.49,492.46,1018.28,530.92,0,1.0
1187,495,car,982.49,492.46,1018.28,530.92,0,1.0
1187,508,person,1045.94,520.2,1055.91,540.32,0,1.0
1187,504,person,848.63,784.94,857.69,806.79,0,1.0
1187,481,car,951.93,705.02,985.85,746.68,0,1.0
1187,508,person,1045.94,520.2,1055.91,540.32,0,1.0
1187,417,car,950.72,605.44,980.04,631.34,0,1.0
1187,510,car,651.86,652.68,671.54,684.29,0,1.0
1187,433,car,627.66,699.3,678.94,760.51,0,1.0
1187,518,person,1055.59,484.34,1066.4,504.66,0,1.0
1187,495,car,982.49,492.46,1018.28,530.92,0,1.0
1187,519,person,585.64,544.22,597.54,568.36,0,1.0
1187,398,car,661.71,598.36,706.65,657.02,0,1.0
1187,520,car,600.56,360.71,637.65,399.55,0,1.0
1187,396,car,619.97,239.23,641.92,274.11,0,1.0
5213,758,car,603.01,151.37,627.31,215.99,0,1.0
5213,872,car,603.2,70.75,630.98,111.63,0,1.0
5213,788,car,607.99,356.3,638.69,419.86,0,1.0
5213,1663,car,611.21,305.91,641.94,364.29,0,1.0
5213,872,car,603.2,70.75,630.98,111.63,0,1.0
5213,1814,car,625.48,134.87,655.4,193.74,0,1.0
5213,1085,car,602.72,233.59,624.96,269.42,0,1.0
5213,1832,motorcycle,648.09,212.61,660.96,240.23,0,1.0
5213,1491,car,660.67,174.26,683.19,224.43,0,1.0
5213,1814,car,625.48,134.87,655.4,193.74,0,1.0
5213,1507,car,615.88,609.19,659.41,638.6,0,1.0
5213,1821,car,676.0,621.63,718.68,657.11,0,1.0
5213,1587,car,1121.89,686.91,1151.25,744.65,0,1.0
5213,1843,car,953.23,849.67,973.64,897.82,0,1.0
5213,1601,person,1394.07,439.59,1406.75,467.93,0,1.0
5213,1811,person,1471.33,435.22,1484.73,471.09,0,1.0
5213,1613,car,754.94,226.68,777.32,267.5,0,1.0
5213,1491,car,660.67,174.26,683.19,224.43,0,1.0
5213,1615,person,1328.77,441.43,1341.1,469.17,0,1.0
5213,1601,person,1394.07,439.59,1406.75,467.93,0,1.0
5213,1622,car,718.31,618.05,758.93,666.92,0,1.0
5213,1820,car,705.7,721.95,757.39,769.2,0,1.0
5213,1700,car,599.55,428.77,629.71,473.57,0,1.0
5213,788,car,607.99,356.3,638.69,419.86,0,1.0
5213,1780,motorcycle,643.34,255.15,653.76,284.77,0,1.0
5213,1663,car,611.21,305.91,641.94,364.29,0,1.0
5213,1814,car,625.48,134.87,655.4,193.74,0,1.0
5213,1819,car,620.39,202.69,642.84,239.24,0,1.0
5213,1819,car,620.39,202.69,642.84,239.24,0,1.0
5213,1780,motorcycle,643.34,255.15,653.76,284.77,0,1.0
5213,1826,motorcycle,870.27,436.29,886.38,461.85,0,1.0
5213,1841,motorcycle,742.69,458.27,761.38,489.63,0,1.0
5213,1832,motorcycle,648.09,212.61,660.96,240.23,0,1.0
5213,1814,car,625.48,134.87,655.4,193.74,0,1.0
5213,1839,motorcycle,872.76,478.88,892.4,503.48,0,1.0
5213,1826,motorcycle,870.27,436.29,886.38,461.85,0,1.0
5213,1841,motorcycle,742.69,458.27,761.38,489.63,0,1.0
5213,1700,car,599.55,428.77,629.71,473.57,0,1.0
6035,788,car,609.77,354.04,639.64,394.74,0,1.0
6035,2050,car,600.4,426.96,630.62,489.66,0,1.0
6035,872,car,604.9,67.01,632.0,118.77,0,1.0
6035,1912,car,604.17,149.3,627.55,188.22,0,1.0
6035,1507,car,616.84,605.26,660.51,635.96,0,1.0
6035,2000,car,676.47,621.21,719.72,670.0,0,1.0
6035,1663,car,610.94,304.22,643.1,365.53,0,1.0
6035,1948,car,600.64,229.09,627.36,290.39,0,1.0
6035,1778,car,766.3,668.53,806.52,708.34,0,1.0
6035,2073,person,726.33,670.34,733.03,689.92,0,1.0
6035,1874,car,719.59,613.22,761.97,651.6,0,1.0
6035,2000,car,676.47,621.21,719.72,670.0,0,1.0
6035,1912,car,604.17,149.3,627.55,188.22,0,1.0
6035,1927,car,622.76,187.63,647.5,250.8,0,1.0
6035,1927,car,622.76,187.63,647.5,250.8,0,1.0
6035,1948,car,600.64,229.09,627.36,290.39,0,1.0
6035,1970,car,650.91,377.9,714.31,459.52,0,1.0
6035,2024,car,710.67,403.51,756.16,448.79,0,1.0
6035,1982,car,731.76,557.06,768.83,596.99,0,1.0
6035,1984,car,708.11,494.45,734.09,528.13,0,1.0
6035,1984,car,708.11,494.45,734.09,528.13,0,1.0
6035,2024,car,710.67,403.51,756.16,448.79,0,1.0
6035,2006,car,663.88,247.53,694.76,322.52,0,1.0
6035,1927,car,622.76,187.63,647.5,250.8,0,1.0
6035,2029,car,592.85,102.8,630.33,156.97,0,1.0
6035,1927,car,622.76,187.63,647.5,250.8,0,1.0
6035,2030,car,962.85,468.74,996.54,490.34,0,1.0
6035,2032,car,924.83,451.26,957.96,475.08,0,1.0
6035,2050,car,600.4,426.96,630.62,489.66,0,1.0
6035,2074,car,634.62,384.05,657.61,430.41,0,1.0
6035,2065,person,692.19,661.89,698.85,685.8,0,1.0
6035,1507,car,616.84,605.26,660.51,635.96,0,1.0
6035,2072,person,742.26,667.23,753.37,690.28,0,1.0
6035,2077,person,847.59,636.8,859.23,659.65,0,1.0
6035,2073,person,726.33,670.34,733.03,689.92,0,1.0
6035,2000,car,676.47,621.21,719.72,670.0,0,1.0
6035,2074,car,634.62,384.05,657.61,430.41,0,1.0
6035,1663,car,610.94,304.22,643.1,365.53,0,1.0
6035,2077,person,847.59,636.8,859.23,659.65,0,1.0
6035,1778,car,766.3,668.53,806.52,708.34,0,1.0
2665,398,car,668.27,610.48,711.81,661.65,0,1.0
2665,982,car,645.42,422.5,698.66,490.63,0,1.0
2665,758,car,618.44,136.6,643.59,199.43,0,1.0
2665,1017,car,634.16,192.4,656.15,252.93,0,1.0
2665,788,car,598.1,370.12,635.71,407.83,0,1.0
2665,989,car,618.63,287.41,658.38,360.19,0,1.0
2665,869,car,671.52,127.3,696.33,178.1,0,1.0
2665,872,car,623.63,52.19,652.3,95.94,0,1.0
2665,876,car,670.5,353.55,691.67,406.19,0,1.0
2665,989,car,618.63,287.41,658.38,360.19,0,1.0
2665,906,car,760.76,240.72,786.0,281.4,0,1.0
2665,952,motorcycle,658.19,231.3,669.01,249.98,0,1.0
2665,952,motorcycle,658.19,231.3,669.01,249.98,0,1.0
2665,989,car,618.63,287.41,658.38,360.19,0,1.0
2665,973,person,799.63,759.14,808.17,783.44,0,1.0
2665,398,car,668.27,610.48,711.81,661.65,0,1.0
2665,982,car,645.42,422.5,698.66,490.63,0,1.0
2665,1033,person,776.95,485.32,791.76,514.03,0,1.0
2665,998,person,1341.36,477.91,1350.99,496.16,0,1.0
2665,1021,person,1420.42,474.6,1437.12,502.57,0,1.0
2665,1013,car,371.75,499.78,438.71,536.61,0,1.0
2665,1026,car,348.4,615.61,369.04,633.65,0,1.0
2665,1020,car,886.76,665.02,919.32,705.34,0,1.0
2665,1032,car,930.64,709.65,968.49,766.38,0,1.0
2665,1022,person,1331.2,461.06,1343.34,489.06,0,1.0
2665,1021,person,1420.42,474.6,1437.12,502.57,0,1.0
8029,788,car,603.17,361.68,632.42,410.37,0,1.0
8029,2280,car,607.43,305.17,635.44,369.63,0,1.0
8029,1059,car,397.49,798.1,431.65,856.98,0,1.0
8029,2750,motorcycle,404.34,656.5,429.33,674.31,0,1.0
8029,1507,car,616.99,614.62,660.58,643.04,0,1.0
8029,2136,car,639.29,691.38,678.92,744.13,0,1.0
8029,2074,car,632.68,363.93,657.01,407.42,0,1.0
8029,2280,car,607.43,305.17,635.44,369.63,0,1.0
8029,2104,car,677.2,627.46,720.62,674.12,0,1.0
8029,1507,car,616.99,614.62,660.58,643.04,0,1.0
8029,2136,car,639.29,691.38,678.92,744.13,0,1.0
8029,2104,car,677.2,627.46,720.62,674.12,0,1.0
8029,2280,car,607.43,305.17,635.44,369.63,0,1.0
8029,2773,person,627.51,251.14,638.05,277.3,0,1.0
8029,2557,car,359.47,656.32,379.01,674.51,0,1.0
8029,2750,motorcycle,404.34,656.5,429.33,674.31,0,1.0
8029,2693,car,1124.21,679.4,1154.53,737.52,0,1.0
8029,2759,car,944.59,750.67,973.38,795.4,0,1.0
8029,2699,car,917.57,452.0,953.78,487.56,0,1.0
8029,2737,car,883.65,436.42,916.16,465.1,0,1.0
8029,2702,car,730.39,488.18,768.01,522.48,0,1.0
8029,2737,car,883.65,436.42,916.16,465.1,0,1.0
8029,2711,car,598.56,431.26,634.79,477.51,0,1.0
8029,788,car,603.17,361.68,632.42,410.37,0,1.0
8029,2723,person,639.15,468.35,650.43,491.14,0,1.0
8029,788,car,603.17,361.68,632.42,410.37,0,1.0
8029,2728,person,857.96,769.7,866.66,794.21,0,1.0
8029,2759,car,944.59,750.67,973.38,795.4,0,1.0
8029,2732,car,682.68,496.08,709.45,532.38,0,1.0
8029,2772,person,662.93,460.7,676.59,493.17,0,1.0
8029,2760,person,1049.51,459.63,1060.59,478.94,0,1.0
8029,2699,car,917.57,452.0,953.78,487.56,0,1.0
8029,2762,bus,711.11,269.19,782.01,409.61,0,1.0
8029,2773,person,627.51,251.14,638.05,277.3,0,1.0
8029,2764,car,900.56,580.16,931.41,634.94,0,1.0
8029,2759,car,944.59,750.67,973.38,795.4,0,1.0
8029,2771,person,645.55,430.52,656.75,458.06,0,1.0
8029,2074,car,632.68,363.93,657.01,407.42,0,1.0
8029,2774,car,1022.71,537.98,1064.88,594.11,0,1.0
8029,2760,person,1049.51,459.63,1060.59,478.94,0,1.0
8029,2775,car,1003.46,472.83,1047.05,512.27,0,1.0
8029,2774,car,1022.71,537.98,1064.88,594.11,0,1.0
5939,788,car,608.51,355.1,638.77,417.47,0,1.0
5939,1663,car,611.71,303.94,643.03,364.11,0,1.0
5939,872,car,604.76,66.5,631.7,112.3,0,1.0
5939,1927,car,622.42,189.11,647.14,250.55,0,1.0
5939,1507,car,616.4,606.2,660.37,635.86,0,1.0
5939,1984,car,727.78,529.25,753.59,564.01,0,1.0
5939,1663,car,611.71,303.94,643.03,364.11,0,1.0
5939,2038,person,611.93,280.24,621.25,305.59,0,1.0
5939,1778,car,773.33,682.9,816.11,722.08,0,1.0
5939,2000,car,676.05,621.36,719.34,662.3,0,1.0
5939,1874,car,719.01,611.6,758.72,651.45,0,1.0
5939,2000,car,676.05,621.36,719.34,662.3,0,1.0
5939,1912,car,603.57,150.15,627.52,213.98,0,1.0
5939,1927,car,622.42,189.11,647.14,250.55,0,1.0
5939,1927,car,622.42,189.11,647.14,250.55,0,1.0
5939,2001,motorcycle,643.72,279.76,653.88,304.02,0,1.0
5939,1948,car,603.53,232.46,626.76,267.97,0,1.0
5939,2038,person,611.93,280.24,621.25,305.59,0,1.0
5939,1970,car,600.01,426.23,684.66,519.32,0,1.0
5939,1984,car,727.78,529.25,753.59,564.01,0,1.0
5939,1982,car,790.69,631.89,830.76,668.88,0,1.0
5939,1874,car,719.01,611.6,758.72,651.45,0,1.0
5939,1984,car,727.78,529.25,753.59,564.01,0,1.0
5939,2024,car,710.86,404.44,756.15,449.29,0,1.0
5939,2001,motorcycle,643.72,279.76,653.88,304.02,0,1.0
5939,1663,car,611.71,303.94,643.03,364.11,0,1.0
5939,2006,car,670.71,363.03,709.61,447.14,0,1.0
5939,788,car,608.51,355.1,638.77,417.47,0,1.0
5939,2024,car,710.86,404.44,756.15,449.29,0,1.0
5939,2006,car,670.71,363.03,709.61,447.14,0,1.0
5939,2029,car,592.83,102.63,630.52,156.97,0,1.0
5939,872,car,604.76,66.5,631.7,112.3,0,1.0
5939,2030,car,962.56,469.53,996.52,490.35,0,1.0
5939,2032,car,925.25,453.07,958.02,473.96,0,1.0
5939,2031,car,1011.16,475.28,1049.92,511.4,0,1.0
5939,2030,car,962.56,469.53,996.52,490.35,0,1.0
5939,2032,car,925.25,453.07,958.02,473.96,0,1.0
5939,2024,car,710.86,404.44,756.15,449.29,0,1.0
5939,2034,car,1682.17,844.26,1722.47,871.07,0,1.0
5939,2041,car,1625.92,820.77,1654.49,869.78,0,1.0
5939,2035,person,912.17,431.54,920.22,448.64,0,1.0
5939,2030,car,962.56,469.53,996.52,490.35,0,1.0
5939,2041,car,1625.92,820.77,1654.49,869.78,0,1.0
5939,2043,car,1531.91,824.25,1558.76,870.4,0,1.0
5939,2042,car,1473.49,828.99,1500.82,871.18,0,1.0
5939,2043,car,1531.91,824.25,1558.76,870.4,0,1.0
8470,1507,car,617.38,613.35,661.07,648.39,0,1.0
8470,2104,car,677.38,627.06,721.33,675.9,0,1.0
8470,2104,car,677.38,627.06,721.33,675.9,0,1.0
8470,2860,car,750.06,600.46,779.81,645.88,0,1.0
8470,2693,car,1125.06,679.01,1154.19,733.37,0,1.0
8470,2702,car,1008.21,593.22,1040.86,624.59,0,1.0
8470,2702,car,1008.21,593.22,1040.86,624.59,0,1.0
8470,2775,car,1011.76,471.3,1045.48,496.84,0,1.0
8470,2764,car,655.77,457.65,682.77,499.15,0,1.0
8470,2869,car,607.52,415.68,639.67,473.36,0,1.0
8470,2775,car,1011.76,471.3,1045.48,496.84,0,1.0
8470,2863,car,1055.53,476.6,1095.97,495.9,0,1.0
8470,2820,person,658.12,658.01,667.07,679.82,0,1.0
8470,1507,car,617.38,613.35,661.07,648.39,0,1.0
8470,2875,car,607.09,305.22,635.84,369.03,0,1.0
8470,2878,car,634.08,351.46,661.02,411.28,0,1.0
8470,2876,car,584.34,15.09,610.15,81.74,0,1.0
8470,2877,car,591.84,76.14,617.99,118.46,0,1.0
8470,2878,car,634.08,351.46,661.02,411.28,0,1.0
8470,2869,car,607.52,415.68,639.67,473.36,0,1.0
8470,2879,car,603.21,362.6,633.23,425.32,0,1.0
8470,2869,car,607.52,415.68,639.67,473.36,0,1.0
8470,2887,car,418.74,551.12,459.53,574.12,0,1.0
8470,1507,car,617.38,613.35,661.07,648.39,0,1.0
8470,2888,car,922.89,797.16,954.77,839.63,0,1.0
8470,2893,person,841.07,769.39,848.13,793.35,0,1.0
8470,2889,car,771.37,638.72,800.77,685.71,0,1.0
8470,2860,car,750.06,600.46,779.81,645.88,0,1.0
8470,2892,motorcycle,713.29,517.31,726.39,546.91,0,1.0
8470,2764,car,655.77,457.65,682.77,499.15,0,1.0
8470,2895,person,786.09,389.65,800.36,425.5,0,1.0
8470,2896,person,697.35,450.87,712.3,484.21,0,1.0
8470,2896,person,697.35,450.87,712.3,484.21,0,1.0
8470,2878,car,634.08,351.46,661.02,411.28,0,1.0
8470,2898,bus,649.03,217.41,672.64,281.03,0,1.0
8470,2875,car,607.09,305.22,635.84,369.03,0,1.0
8470,2901,person,645.39,643.69,654.47,666.85,0,1.0
8470,2104,car,677.38,627.06,721.33,675.9,0,1.0
8470,2903,car,715.38,475.03,746.75,540.03,0,1.0
8470,2896,person,697.35,450.87,712.3,484.21,0,1.0
8470,2904,car,644.99,44.95,663.96,92.33,0,1.0
8470,2876,car,584.34,15.09,610.15,81.74,0,1.0
8470,2906,car,785.34,596.75,818.56,638.03,0,1.0
8470,2889,car,771.37,638.72,800.77,685.71,0,1.0
7732,788,car,606.99,359.19,637.43,422.7,0,1.0
7732,2280,car,612.92,301.04,641.73,349.27,0,1.0
7732,1507,car,615.19,611.05,659.1,639.95,0,1.0
7732,2104,car,676.42,623.05,718.56,656.15,0,1.0
7732,2074,car,633.38,381.04,656.52,441.72,0,1.0
7732,2280,car,612.92,301.04,641.73,349.27,0,1.0
7732,2104,car,676.42,623.05,718.56,656.15,0,1.0
7732,2660,person,727.73,607.91,737.78,633.47,0,1.0
7732,2280,car,612.92,301.04,641.73,349.27,0,1.0
7732,2511,car,655.87,209.22,674.59,251.46,0,1.0
7732,2392,car,603.27,72.22,629.36,114.28,0,1.0
7732,2511,car,655.87,209.22,674.59,251.46,0,1.0
7732,2507,car,390.65,790.85,425.99,849.25,0,1.0
7732,2557,car,359.01,647.22,376.23,664.96,0,1.0
7732,2582,car,927.9,939.5,961.86,976.62,0,1.0
7732,2648,car,868.48,800.85,905.82,847.38,0,1.0
7732,2589,car,1007.18,478.44,1048.61,514.01,0,1.0
7732,2635,person,1082.49,465.32,1096.15,488.72,0,1.0
7732,2607,person,851.21,776.81,860.4,800.55,0,1.0
7732,2648,car,868.48,800.85,905.82,847.38,0,1.0
7732,2609,person,693.2,680.13,703.79,703.4,0,1.0
7732,2104,car,676.42,623.05,718.56,656.15,0,1.0
7732,2623,person,716.37,703.26,725.79,723.62,0,1.0
7732,2654,car,741.84,661.75,775.23,697.37,0,1.0
7732,2628,person,1264.17,610.16,1276.57,639.49,0,1.0
7732,2661,car,1153.03,753.59,1174.12,768.65,0,1.0
7732,2639,person,830.68,787.74,839.39,810.03,0,1.0
7732,2654,car,741.84,661.75,775.23,697.37,0,1.0
7732,2641,person,856.68,779.99,865.34,804.09,0,1.0
7732,2648,car,868.48,800.85,905.82,847.38,0,1.0
7732,2652,person,654.05,674.65,664.92,694.56,0,1.0
7732,2623,person,716.37,703.26,725.79,723.62,0,1.0
7732,2654,car,741.84,661.75,775.23,697.37,0,1.0
7732,2609,person,693.2,680.13,703.79,703.4,0,1.0
7732,2657,person,780.29,460.99,794.28,491.44,0,1.0
7732,2664,car,663.2,363.56,687.09,415.11,0,1.0
7732,2663,person,885.17,457.18,904.91,484.75,0,1.0
7732,2589,car,1007.18,478.44,1048.61,514.01,0,1.0
7732,2664,car,663.2,363.56,687.09,415.11,0,1.0
7732,2280,car,612.92,301.04,641.73,349.27,0,1.0
7732,2665,person,817.91,774.57,826.65,797.99,0,1.0
7732,2654,car,741.84,661.75,775.23,697.37,0,1.0
3542,398,car,669.59,611.06,715.56,663.4,0,1.0
3542,1273,car,567.93,477.8,608.41,515.69,0,1.0
3542,758,car,623.32,138.74,646.82,178.56,0,1.0
3542,872,car,625.92,53.66,656.14,95.63,0,1.0
3542,788,car,608.07,358.79,643.68,420.4,0,1.0
3542,1032,car,689.82,331.36,722.28,390.05,0,1.0
3542,872,car,625.92,53.66,656.14,95.63,0,1.0
3542,1156,car,664.24,157.54,681.23,186.71,0,1.0
3542,878,car,599.98,421.46,634.54,484.45,0,1.0
3542,1273,car,567.93,477.8,608.41,515.69,0,1.0
3542,906,car,764.77,241.79,791.59,283.86,0,1.0
3542,1239,car,678.33,238.55,702.96,263.84,0,1.0
3542,1032,car,689.82,331.36,722.28,390.05,0,1.0
3542,1291,car,678.35,259.7,702.56,317.22,0,1.0
3542,1059,car,379.57,759.01,416.12,820.65,0,1.0
3542,1274,car,353.22,616.21,372.26,633.97,0,1.0
3542,1084,car,622.63,292.7,654.25,348.76,0,1.0
3542,1085,car,620.37,247.26,641.88,282.68,0,1.0
3542,1085,car,620.37,247.26,641.88,282.68,0,1.0
3542,1239,car,678.33,238.55,702.96,263.84,0,1.0
3542,1154,person,1334.06,845.96,1345.28,871.12,0,1.0
3542,1240,car,1143.67,765.3,1165.67,779.43,0,1.0
3542,1156,car,664.24,157.54,681.23,186.71,0,1.0
3542,758,car,623.32,138.74,646.82,178.56,0,1.0
3542,1184,car,1125.09,642.05,1151.38,689.47,0,1.0
3542,1240,car,1143.67,765.3,1165.67,779.43,0,1.0
3542,1195,car,768.55,296.88,800.15,327.14,0,1.0
3542,1281,car,745.75,243.28,764.38,294.99,0,1.0
3542,1239,car,678.33,238.55,702.96,263.84,0,1.0
3542,1156,car,664.24,157.54,681.23,186.71,0,1.0
3542,1244,car,949.25,469.75,988.13,506.23,0,1.0
3542,1260,car,1012.99,480.92,1052.61,519.02,0,1.0
3542,1257,person,659.74,609.44,668.48,632.4,0,1.0
3542,1271,person,744.47,706.04,754.93,730.99,0,1.0
3542,1258,car,1154.99,955.58,1308.34,1078.69,0,1.0
3542,1154,person,1334.06,845.96,1345.28,871.12,0,1.0
3542,1260,car,1012.99,480.92,1052.61,519.02,0,1.0
3542,1290,person,1082.85,485.21,1095.19,511.12,0,1.0
3542,1261,motorcycle,865.85,672.94,885.22,698.29,0,1.0
3542,1292,person,801.81,673.86,812.62,696.49,0,1.0
3542,1266,person,763.57,735.61,780.4,776.9,0,1.0
3542,1271,person,744.47,706.04,754.93,730.99,0,1.0
3542,1271,person,744.47,706.04,754.93,730.99,0,1.0
3542,398,car,669.59,611.06,715.56,663.4,0,1.0
3542,1272,person,827.25,783.99,834.93,803.79,0,1.0
3542,1266,person,763.57,735.61,780.4,776.9,0,1.0
3542,1274,car,353.22,616.21,372.26,633.97,0,1.0
3542,1282,car,389.48,576.69,412.68,597.84,0,1.0
3542,1276,person,919.17,744.97,931.48,768.13,0,1.0
3542,1288,person,993.59,854.85,1002.37,874.02,0,1.0
3542,1278,person,843.11,797.22,851.53,816.4,0,1.0
3542,1266,person,763.57,735.61,780.4,776.9,0,1.0
3542,1281,car,745.75,243.28,764.38,294.99,0,1.0
3542,1239,car,678.33,238.55,702.96,263.84,0,1.0
3542,1283,car,222.06,494.93,276.39,529.36,0,1.0
3542,1274,car,353.22,616.21,372.26,633.97,0,1.0
3542,1288,person,993.59,854.85,1002.37,874.02,0,1.0
3542,1240,car,1143.67,765.3,1165.67,779.43,0,1.0
3542,1289,person,760.91,478.32,770.98,504.83,0,1.0
3542,398,car,669.59,611.06,715.56,663.4,0,1.0
3542,1291,car,678.35,259.7,702.56,317.22,0,1.0
3542,1085,car,620.37,247.26,641.88,282.68,0,1.0
3542,1292,person,801.81,673.86,812.62,696.49,0,1.0
3542,1271,person,744.47,706.04,754.93,730.99,0,1.0
7777,788,car,606.94,358.64,637.4,421.81,0,1.0
7777,2679,car,598.58,430.59,633.97,470.8,0,1.0
7777,1507,car,615.47,610.28,659.03,638.95,0,1.0
7777,2104,car,675.61,619.44,734.9,687.37,0,1.0
7777,2074,car,631.77,379.96,657.45,441.96,0,1.0
7777,2679,car,598.58,430.59,633.97,470.8,0,1.0
7777,2104,car,675.61,619.44,734.9,687.37,0,1.0
7777,2623,person,726.91,703.47,739.54,729.36,0,1.0
7777,2280,car,612.32,301.62,641.92,360.26,0,1.0
7777,788,car,606.94,358.64,637.4,421.81,0,1.0
7777,2392,car,603.04,72.15,629.42,113.99,0,1.0
7777,2640,motorcycle,650.12,236.63,658.49,263.09,0,1.0
7777,2507,car,392.5,789.67,425.91,848.73,0,1.0
7777,2557,car,359.18,646.68,376.78,664.75,0,1.0
7777,2582,car,930.91,938.56,962.5,968.23,0,1.0
7777,2648,car,869.06,801.4,903.98,847.5,0,1.0
7777,2589,car,1007.14,474.51,1048.7,513.29,0,1.0
7777,2676,person,964.47,451.14,973.19,473.66,0,1.0
7777,2623,person,726.91,703.47,739.54,729.36,0,1.0
7777,2654,car,703.48,652.17,739.71,692.46,0,1.0
7777,2628,person,1264.15,607.8,1277.17,639.09,0,1.0
7777,2682,car,1436.18,490.28,1471.26,513.57,0,1.0
7777,2635,person,1102.06,466.66,1113.87,486.87,0,1.0
7777,2589,car,1007.14,474.51,1048.7,513.29,0,1.0
7777,2639,person,819.89,767.66,829.23,790.91,0,1.0
7777,2623,person,726.91,703.47,739.54,729.36,0,1.0
7777,2663,person,907.31,471.8,920.02,497.76,0,1.0
7777,2676,person,964.47,451.14,973.19,473.66,0,1.0
7777,2670,person,906.61,427.62,915.37,446.79,0,1.0
7777,2663,person,907.31,471.8,920.02,497.76,0,1.0
7777,2674,motorcycle,695.07,430.87,711.38,455.26,0,1.0
7777,2074,car,631.77,379.96,657.45,441.96,0,1.0
7777,2675,person,1139.91,464.86,1149.04,490.52,0,1.0
7777,2628,person,1264.15,607.8,1277.17,639.09,0,1.0
7777,2678,car,1152.84,752.61,1174.64,768.63,0,1.0
7777,2628,person,1264.15,607.8,1277.17,639.09,0,1.0
7777,2679,car,598.58,430.59,633.97,470.8,0,1.0
7777,2674,motorcycle,695.07,430.87,711.38,455.26,0,1.0
7777,2680,person,803.72,418.49,810.93,438.35,0,1.0
7777,2674,motorcycle,695.07,430.87,711.38,455.26,0,1.0
7777,2681,person,698.28,495.44,711.0,522.4,0,1.0
7777,2674,motorcycle,695.07,430.87,711.38,455.26,0,1.0
1748,398,car,665.64,602.43,709.9,650.81,0,1.0
1748,725,person,662.4,664.41,670.25,684.52,0,1.0
1748,651,person,627.58,585.27,638.36,609.74,0,1.0
1748,398,car,665.64,602.43,709.9,650.81,0,1.0
1748,657,car,634.65,44.26,665.67,101.83,0,1.0
1748,665,car,627.39,131.13,653.35,195.61,0,1.0
1748,707,person,743.67,634.05,754.55,657.31,0,1.0
1748,398,car,665.64,602.43,709.9,650.81,0,1.0
1748,709,car,999.55,492.31,1043.15,536.21,0,1.0
1748,727,car,1054.15,607.94,1084.62,631.43,0,1.0
1748,718,car,687.01,712.96,716.61,744.33,0,1.0
1748,719,person,848.11,773.64,857.52,798.6,0,1.0
1748,719,person,848.11,773.64,857.52,798.6,0,1.0
1748,707,person,743.67,634.05,754.55,657.31,0,1.0
1748,721,person,727.38,478.74,739.39,513.75,0,1.0
1748,724,car,760.15,356.98,802.01,422.75,0,1.0
1748,722,motorcycle,686.43,670.85,705.0,699.58,0,1.0
1748,718,car,687.01,712.96,716.61,744.33,0,1.0
1748,725,person,662.4,664.41,670.25,684.52,0,1.0
1748,718,car,687.01,712.96,716.61,744.33,0,1.0
4636,398,car,673.44,624.12,719.84,669.02,0,1.0
4636,1622,car,736.88,633.83,778.88,665.99,0,1.0
4636,758,car,604.23,151.51,628.0,198.49,0,1.0
4636,872,car,603.95,70.95,631.6,113.79,0,1.0
4636,788,car,600.39,374.95,635.2,435.01,0,1.0
4636,1665,car,672.06,355.7,706.02,414.94,0,1.0
4636,878,car,600.72,430.8,630.7,479.99,0,1.0
4636,1636,car,523.84,521.31,577.05,554.45,0,1.0
4636,906,car,697.16,402.82,742.88,448.13,0,1.0
4636,1641,person,761.59,472.47,774.25,494.09,0,1.0
4636,1059,car,394.15,788.01,427.87,848.37,0,1.0
4636,1667,motorcycle,355.73,645.65,377.02,665.94,0,1.0
4636,1085,car,606.73,260.73,630.65,302.24,0,1.0
4636,1259,car,621.85,202.45,644.9,242.71,0,1.0
4636,1259,car,621.85,202.45,644.9,242.71,0,1.0
4636,758,car,604.23,151.51,628.0,198.49,0,1.0
4636,1283,car,662.43,228.14,688.66,284.19,0,1.0
4636,1259,car,621.85,202.45,644.9,242.71,0,1.0
4636,1337,car,1009.63,478.21,1049.8,513.42,0,1.0
4636,1543,car,960.99,471.12,996.77,497.51,0,1.0
4636,1491,car,718.29,485.2,753.09,542.55,0,1.0
4636,906,car,697.16,402.82,742.88,448.13,0,1.0
4636,1507,car,618.26,608.8,661.3,638.04,0,1.0
4636,1636,car,523.84,521.31,577.05,554.45,0,1.0
4636,1526,motorcycle,733.55,468.53,749.74,492.51,0,1.0
4636,906,car,697.16,402.82,742.88,448.13,0,1.0
4636,1585,car,1131.93,632.56,1155.99,678.87,0,1.0
4636,1673,person,1072.61,491.14,1082.8,511.73,0,1.0
4636,1601,person,1395.45,440.94,1408.15,470.01,0,1.0
4636,1615,person,1330.52,441.16,1342.93,469.52,0,1.0
4636,1613,car,754.94,229.16,775.6,266.05,0,1.0
4636,1259,car,621.85,202.45,644.9,242.71,0,1.0
4636,1620,person,910.69,874.0,917.89,894.19,0,1.0
4636,1624,car,776.06,689.13,819.88,730.41,0,1.0
4636,1624,car,776.06,689.13,819.88,730.41,0,1.0
4636,1622,car,736.88,633.83,778.88,665.99,0,1.0
4636,1636,car,523.84,521.31,577.05,554.45,0,1.0
4636,1648,person,600.21,592.37,612.66,618.27,0,1.0
4636,1641,person,761.59,472.47,774.25,494.09,0,1.0
4636,1491,car,718.29,485.2,753.09,542.55,0,1.0
4636,1643,person,1472.66,435.14,1487.42,473.77,0,1.0
4636,1601,person,1395.45,440.94,1408.15,470.01,0,1.0
4636,1648,person,600.21,592.37,612.66,618.27,0,1.0
4636,398,car,673.44,624.12,719.84,669.02,0,1.0
4636,1652,car,424.59,516.62,484.1,557.61,0,1.0
4636,1636,car,523.84,521.31,577.05,554.45,0,1.0
4636,1656,person,232.61,640.91,247.53,663.95,0,1.0
4636,1668,person,276.13,633.68,300.05,665.66,0,1.0
4636,1659,car,1088.6,1013.6,1114.95,1064.55,0,1.0
4636,1674,person,1014.71,830.56,1022.73,851.47,0,1.0
4636,1663,car,613.1,306.86,642.74,350.77,0,1.0
4636,1670,car,674.26,294.82,695.91,347.46,0,1.0
4636,1665,car,672.06,355.7,706.02,414.94,0,1.0
4636,906,car,697.16,402.82,742.88,448.13,0,1.0
4636,1666,person,1057.36,473.8,1066.14,495.87,0,1.0
4636,1585,car,1131.93,632.56,1155.99,678.87,0,1.0
4636,1667,motorcycle,355.73,645.65,377.02,665.94,0,1.0
4636,1652,car,424.59,516.62,484.1,557.61,0,1.0
4636,1670,car,674.26,294.82,695.91,347.46,0,1.0
4636,1283,car,662.43,228.14,688.66,284.19,0,1.0
4636,1673,person,1072.61,491.14,1082.8,511.73,0,1.0
4636,1677,person,1035.48,466.45,1043.49,478.96,0,1.0
4636,1674,person,1014.71,830.56,1022.73,851.47,0,1.0
4636,1675,person,920.33,863.57,928.75,884.14,0,1.0
4636,1678,motorcycle,1471.64,591.59,1492.94,615.12,0,1.0
4636,1643,person,1472.66,435.14,1487.42,473.77,0,1.0
4636,1679,car,201.97,596.51,241.38,631.07,0,1.0
4636,1656,person,232.61,640.91,247.53,663.95,0,1.0
927,164,car,653.15,78.07,685.01,135.65,0,1.0
927,358,car,646.37,177.15,669.34,239.66,0,1.0
927,225,motorcycle,315.42,583.63,339.4,606.18,0,1.0
927,376,car,337.88,543.05,376.76,579.69,0,1.0
927,271,motorcycle,335.51,586.56,362.07,607.26,0,1.0
927,290,car,533.38,485.22,603.62,530.22,0,1.0
927,272,car,836.16,797.57,873.42,840.94,0,1.0
927,370,person,824.41,758.44,847.49,801.38,0,1.0
927,277,car,807.23,625.56,854.37,684.99,0,1.0
927,286,car,753.19,545.76,782.02,586.05,0,1.0
927,290,car,533.38,485.22,603.62,530.22,0,1.0
927,337,person,605.07,538.67,616.76,561.33,0,1.0
927,297,car,636.03,455.53,685.53,505.75,0,1.0
927,385,car,722.4,399.75,737.82,425.15,0,1.0
927,331,car,989.39,613.17,1034.05,652.86,0,1.0
927,356,car,971.92,648.65,999.96,695.6,0,1.0
927,360,car,759.13,306.03,787.34,365.24,0,1.0
927,385,car,722.4,399.75,737.82,425.15,0,1.0
927,366,car,656.17,576.59,679.4,595.38,0,1.0
927,286,car,753.19,545.76,782.02,586.05,0,1.0
927,368,car,1275.64,608.15,1313.45,634.47,0,1.0
927,386,person,1328.8,630.14,1341.6,653.98,0,1.0
927,372,car,636.24,384.54,660.5,443.88,0,1.0
927,393,motorcycle,672.78,368.52,682.88,391.31,0,1.0
927,379,person,1120.61,514.78,1134.85,540.23,0,1.0
927,331,car,989.39,613.17,1034.05,652.86,0,1.0
927,381,car,602.44,352.2,642.93,406.29,0,1.0
927,372,car,636.24,384.54,660.5,443.88,0,1.0
927,385,car,722.4,399.75,737.82,425.15,0,1.0
927,393,motorcycle,672.78,368.52,682.88,391.31,0,1.0
927,386,person,1328.8,630.14,1341.6,653.98,0,1.0
927,389,person,1501.0,650.96,1517.12,674.16,0,1.0
927,387,person,332.83,562.66,344.71,575.89,0,1.0
927,290,car,533.38,485.22,603.62,530.22,0,1.0
201,33,car,589.73,382.83,624.08,430.15,0,1.0
201,132,car,670.69,246.82,690.73,293.54,0,1.0
201,52,car,908.94,519.99,946.78,564.33,0,1.0
201,115,car,958.31,470.63,997.51,510.51,0,1.0
201,67,car,870.39,464.6,897.2,497.73,0,1.0
201,52,car,908.94,519.99,946.78,564.33,0,1.0
201,74,motorcycle,1060.37,499.39,1072.34,519.73,0,1.0
201,101,person,1017.1,681.45,1034.61,709.11,0,1.0
201,75,motorcycle,916.25,472.34,935.04,497.3,0,1.0
201,52,car,908.94,519.99,946.78,564.33,0,1.0
201,81,car,624.75,364.47,651.37,423.74,0,1.0
201,132,car,670.69,246.82,690.73,293.54,0,1.0
201,82,car,390.18,448.96,460.47,496.53,0,1.0
201,33,car,589.73,382.83,624.08,430.15,0,1.0
201,101,person,1017.1,681.45,1034.61,709.11,0,1.0
201,133,person,883.48,751.46,894.54,772.76,0,1.0
201,117,person,813.39,710.43,824.82,731.2,0,1.0
201,133,person,883.48,751.46,894.54,772.76,0,1.0
201,118,person,943.0,476.59,953.85,498.83,0,1.0
201,52,car,908.94,519.99,946.78,564.33,0,1.0
201,125,person,795.97,732.49,805.18,754.55,0,1.0
201,133,person,883.48,751.46,894.54,772.76,0,1.0
201,134,car,885.73,444.11,905.28,469.13,0,1.0
201,75,motorcycle,916.25,472.34,935.04,497.3,0,1.0
201,135,car,615.28,675.24,664.67,735.5,0,1.0
201,136,car,692.82,689.52,722.5,732.07,0,1.0
201,136,car,692.82,689.52,722.5,732.07,0,1.0
201,125,person,795.97,732.49,805.18,754.55,0,1.0
6422,788,car,608.79,355.85,639.27,419.04,0,1.0
6422,1982,car,660.89,370.38,684.47,414.49,0,1.0
6422,872,car,605.27,68.8,631.9,119.9,0,1.0
6422,2175,car,604.05,150.84,627.85,214.8,0,1.0
6422,1059,car,394.71,786.1,427.16,844.67,0,1.0
6422,2142,motorcycle,404.71,644.29,429.74,659.96,0,1.0
6422,1507,car,618.13,608.28,660.02,634.78,0,1.0
6422,1778,car,568.59,558.58,613.16,596.54,0,1.0
6422,1663,car,610.23,305.34,642.08,354.64,0,1.0
6422,788,car,608.79,355.85,639.27,419.04,0,1.0
6422,1982,car,660.89,370.38,684.47,414.49,0,1.0
6422,1663,car,610.23,305.34,642.08,354.64,0,1.0
6422,2023,car,1121.85,684.77,1151.15,742.82,0,1.0
6422,2193,car,1138.28,502.43,1176.36,532.99,0,1.0
6422,2032,car,922.96,453.28,958.19,479.79,0,1.0
6422,2184,motorcycle,891.51,510.03,907.18,534.21,0,1.0
6422,2050,car,601.69,426.13,632.9,493.04,0,1.0
6422,1778,car,568.59,558.58,613.16,596.54,0,1.0
6422,2053,person,1394.03,438.72,1405.97,465.2,0,1.0
6422,2172,person,1339.22,456.19,1347.96,474.18,0,1.0
6422,2074,car,634.83,384.27,656.98,436.71,0,1.0
6422,1663,car,610.23,305.34,642.08,354.64,0,1.0
6422,2098,car,958.85,470.05,995.79,506.77,0,1.0
6422,2032,car,922.96,453.28,958.19,479.79,0,1.0
6422,2104,car,677.72,622.56,720.17,671.2,0,1.0
6422,2132,person,752.81,650.58,763.83,674.97,0,1.0
6422,2119,motorcycle,362.03,643.77,381.69,661.8,0,1.0
6422,1059,car,394.71,786.1,427.16,844.67,0,1.0
6422,2124,car,627.79,571.0,675.1,621.81,0,1.0
6422,1778,car,568.59,558.58,613.16,596.54,0,1.0
6422,2126,person,1469.86,434.19,1484.0,470.55,0,1.0
6422,2188,person,1421.08,455.4,1432.19,474.51,0,1.0
6422,2141,person,730.51,681.98,741.61,707.01,0,1.0
6422,2104,car,677.72,622.56,720.17,671.2,0,1.0
6422,2142,motorcycle,404.71,644.29,429.74,659.96,0,1.0
6422,2119,motorcycle,362.03,643.77,381.69,661.8,0,1.0
6422,2145,motorcycle,337.9,641.37,360.94,662.68,0,1.0
6422,2142,motorcycle,404.71,644.29,429.74,659.96,0,1.0
6422,2155,car,598.65,108.77,634.06,156.31,0,1.0
6422,2175,car,604.05,150.84,627.85,214.8,0,1.0
6422,2160,car,600.67,231.15,626.47,288.8,0,1.0
6422,1663,car,610.23,305.34,642.08,354.64,0,1.0
6422,2164,car,622.96,184.5,647.75,223.04,0,1.0
6422,2155,car,598.65,108.77,634.06,156.31,0,1.0
6422,2170,person,1383.6,464.62,1396.85,487.12,0,1.0
6422,2172,person,1339.22,456.19,1347.96,474.18,0,1.0
6422,2171,person,1400.24,455.18,1415.11,475.89,0,1.0
6422,2173,person,1446.6,461.84,1460.97,483.66,0,1.0
6422,2173,person,1446.6,461.84,1460.97,483.66,0,1.0
6422,2170,person,1383.6,464.62,1396.85,487.12,0,1.0
6422,2178,motorcycle,685.1,437.08,697.6,462.26,0,1.0
6422,2050,car,601.69,426.13,632.9,493.04,0,1.0
6422,2179,motorcycle,697.98,448.11,709.44,479.2,0,1.0
6422,2198,motorcycle,661.1,423.12,672.77,447.85,0,1.0
6422,2182,person,1329.66,444.93,1340.62,467.73,0,1.0
6422,2053,person,1394.03,438.72,1405.97,465.2,0,1.0
6422,2184,motorcycle,891.51,510.03,907.18,534.21,0,1.0
6422,2098,car,958.85,470.05,995.79,506.77,0,1.0
6422,2189,person,660.28,658.18,668.19,681.17,0,1.0
6422,2141,person,730.51,681.98,741.61,707.01,0,1.0
6422,2191,bus,1531.51,823.72,1558.63,870.41,0,1.0
6422,2194,car,1473.99,829.14,1501.14,871.06,0,1.0
6422,2193,car,1138.28,502.43,1176.36,532.99,0,1.0
6422,2182,person,1329.66,444.93,1340.62,467.73,0,1.0
3207,398,car,666.15,608.81,713.01,661.61,0,1.0
3207,1032,car,742.35,478.61,782.88,543.62,0,1.0
3207,758,car,619.44,135.42,646.7,198.82,0,1.0
3207,1091,car,634.02,191.57,656.35,231.18,0,1.0
3207,788,car,598.98,369.52,637.1,415.78,0,1.0
3207,1172,car,630.57,323.39,667.54,360.21,0,1.0
3207,872,car,625.4,51.68,654.07,96.09,0,1.0
3207,982,car,667.32,162.86,693.99,220.87,0,1.0
3207,878,car,600.03,421.45,631.6,461.51,0,1.0
3207,788,car,598.98,369.52,637.1,415.78,0,1.0
3207,906,car,760.42,238.91,788.67,281.9,0,1.0
3207,1195,car,735.76,183.5,756.1,232.48,0,1.0
3207,982,car,667.32,162.86,693.99,220.87,0,1.0
3207,758,car,619.44,135.42,646.7,198.82,0,1.0
3207,998,person,1342.44,477.67,1351.86,495.08,0,1.0
3207,1159,person,1378.24,494.18,1398.67,521.84,0,1.0
3207,1022,person,1331.16,461.71,1344.03,488.74,0,1.0
3207,1159,person,1378.24,494.18,1398.67,521.84,0,1.0
3207,1032,car,742.35,478.61,782.88,543.62,0,1.0
3207,1182,car,803.95,420.02,849.17,472.8,0,1.0
3207,1053,car,1010.31,478.72,1050.7,517.29,0,1.0
3207,1160,person,1062.79,460.66,1072.62,482.04,0,1.0
3207,1059,car,378.55,757.75,413.17,818.88,0,1.0
3207,1180,person,365.4,590.91,380.16,616.48,0,1.0
3207,1084,car,620.36,293.0,651.87,352.01,0,1.0
3207,788,car,598.98,369.52,637.1,415.78,0,1.0
3207,1085,car,618.48,243.12,643.48,282.07,0,1.0
3207,1179,motorcycle,669.68,235.66,681.83,264.24,0,1.0
3207,1091,car,634.02,191.57,656.35,231.18,0,1.0
3207,1179,motorcycle,669.68,235.66,681.83,264.24,0,1.0
3207,1137,car,1144.88,634.53,1169.79,679.37,0,1.0
3207,1196,person,1333.2,608.5,1343.51,631.79,0,1.0
3207,1140,car,606.49,543.09,626.26,576.55,0,1.0
3207,398,car,666.15,608.81,713.01,661.61,0,1.0
3207,1153,car,677.43,354.72,710.15,431.3,0,1.0
3207,1156,car,674.44,304.81,692.31,337.8,0,1.0
3207,1154,person,1332.08,844.02,1343.37,870.9,0,1.0
3207,1196,person,1333.2,608.5,1343.51,631.79,0,1.0
3207,1156,car,674.44,304.81,692.31,337.8,0,1.0
3207,1179,motorcycle,669.68,235.66,681.83,264.24,0,1.0
3207,1161,car,1121.07,639.89,1149.2,687.61,0,1.0
3207,1196,person,1333.2,608.5,1343.51,631.79,0,1.0
3207,1172,car,630.57,323.39,667.54,360.21,0,1.0
3207,1085,car,618.48,243.12,643.48,282.07,0,1.0
3207,1174,person,1123.14,464.01,1133.73,487.95,0,1.0
3207,1160,person,1062.79,460.66,1072.62,482.04,0,1.0
3207,1183,person,1062.51,475.45,1074.29,500.35,0,1.0
3207,1174,person,1123.14,464.01,1133.73,487.95,0,1.0
3207,1188,person,1006.32,461.4,1016.97,484.22,0,1.0
3207,1160,person,1062.79,460.66,1072.62,482.04,0,1.0
3207,1194,person,781.48,346.02,794.41,371.08,0,1.0
3207,1182,car,803.95,420.02,849.17,472.8,0,1.0
3207,1195,car,735.76,183.5,756.1,232.48,0,1.0
3207,982,car,667.32,162.86,693.99,220.87,0,1.0
4506,398,car,672.34,624.48,720.89,675.07,0,1.0
4506,1507,car,618.98,606.37,660.7,637.21,0,1.0
4506,758,car,604.41,152.63,628.08,216.75,0,1.0
4506,1259,car,621.84,202.27,644.8,241.68,0,1.0
4506,788,car,602.07,374.61,635.59,427.44,0,1.0
4506,878,car,600.5,430.71,631.69,493.7,0,1.0
4506,872,car,605.12,69.05,632.05,114.22,0,1.0
4506,758,car,604.41,152.63,628.08,216.75,0,1.0
4506,878,car,600.5,430.71,631.69,493.7,0,1.0
4506,1526,motorcycle,699.28,489.2,713.04,523.01,0,1.0
4506,906,car,741.7,365.02,766.48,422.35,0,1.0
4506,1630,car,690.56,368.58,716.0,423.9,0,1.0
4506,1085,car,606.62,261.6,630.35,323.63,0,1.0
4506,1283,car,669.51,306.6,696.94,361.45,0,1.0
4506,1337,car,1011.41,478.12,1049.88,513.27,0,1.0
4506,1618,motorcycle,1039.63,575.3,1061.02,596.92,0,1.0
4506,1409,car,612.17,307.82,643.38,374.17,0,1.0
4506,1626,car,660.98,360.14,680.69,413.6,0,1.0
4506,1440,car,662.38,202.36,683.53,241.93,0,1.0
4506,1085,car,606.62,261.6,630.35,323.63,0,1.0
4506,1450,car,1076.75,501.23,1146.05,545.75,0,1.0
4506,1628,car,1078.96,463.59,1107.08,487.36,0,1.0
4506,1491,car,727.99,513.53,764.07,570.74,0,1.0
4506,1622,car,770.34,648.37,811.71,681.86,0,1.0
4506,1518,car,795.31,375.64,828.62,416.21,0,1.0
4506,1613,car,754.18,221.46,777.06,261.52,0,1.0
4506,1526,motorcycle,699.28,489.2,713.04,523.01,0,1.0
4506,1491,car,727.99,513.53,764.07,570.74,0,1.0
4506,1543,car,959.21,471.04,996.93,508.44,0,1.0
4506,1604,person,1008.82,457.95,1017.5,480.36,0,1.0
4506,1585,car,1131.78,631.75,1156.2,679.02,0,1.0
4506,1450,car,1076.75,501.23,1146.05,545.75,0,1.0
4506,1589,car,1102.15,656.99,1134.05,704.47,0,1.0
4506,1618,motorcycle,1039.63,575.3,1061.02,596.92,0,1.0
4506,1601,person,1395.66,440.2,1408.3,468.96,0,1.0
4506,1619,motorcycle,1396.99,493.78,1429.55,518.28,0,1.0
4506,1604,person,1008.82,457.95,1017.5,480.36,0,1.0
4506,1628,car,1078.96,463.59,1107.08,487.36,0,1.0
4506,1605,car,518.12,569.71,555.81,608.65,0,1.0
4506,878,car,600.5,430.71,631.69,493.7,0,1.0
