d_t1,theta_t1,d_t2,theta_t2,d_t3,theta_t3,d_t4,theta_t4,d_t5,theta_t5,d_t6,theta_t6,d_t7,theta_t7,d_t8,theta_t8,d_t9,theta_t9,d_t10,theta_t10,d_t11,theta_t11,d_t12,theta_t12,d_t13,theta_t13,v_rel
3.1325965667477864,-2.3734633456857144,3.1325965667477864,-2.3734633456857144,3.1325965667477864,-2.3734633456857144,1.8619058757090836,0.5162016350103209,2.114498098840478,-0.11917536537488282,2.054716109344551,-0.35048827189390963,2.164927077293827,-0.5367359109583538,2.1484050572459568,-0.5965746705284666,2.2898258536404024,-0.7933653841061372,2.383940540365888,-0.900739421198234,2.8184621799839706,-0.9610150279600455,3.078505848622022,-1.1663225364931826,2.0338224602948984,2.3383231056280276,-0.34290000000000004
1.9877255067035773,-1.597815416782349,1.9877255067035773,-1.597815416782349,1.9877255067035773,-1.597815416782349,1.9750934788004353,0.5875251626671576,2.0970672139919557,-0.18129085032251552,2.065732579498132,-0.3879765725661959,2.1754452417838537,-0.5618639336731023,2.245707489857041,-0.6639058943354142,2.2895354332265736,-0.808872380214301,2.605063624942774,-0.906127167593584,2.8223566553502777,-0.9671093516455138,2.0859823704911817,-1.4171228268426344,2.04602451842592,2.32491255727129,0.3055
1.8737622581320166,-1.3469175872456998,1.8737622581320166,-1.3469175872456998,1.8737622581320166,-1.3469175872456998,2.1051068595204394,0.1807839968938924,2.074279231444021,-0.2015272598444883,2.1004661220786227,-0.4368601266273735,2.190518815258155,-0.5804056973539592,2.2145914950617858,-0.7204399279715137,2.295268308934711,-0.8467119972205823,2.7233952504181254,-0.9147223451860053,2.838714189558364,-0.9777620119262187,1.8640257616245515,-1.565538864506166,2.010174681464275,2.3257622202164954,-0.05069999999999997
1.8711264895778688,-1.3138534419062082,1.8711264895778688,-1.3138534419062082,1.8711264895778688,-1.3138534419062082,2.184326207323437,0.023945598520597425,2.060960196122189,-0.22997378692483098,2.13256072598179,-0.4682611864169899,2.2149246217422403,-0.6105188377564246,2.166567432599314,-0.7475952915119335,2.374831501391203,-0.8582924233464015,2.7539668280500367,-0.9214635969144075,2.9289939842888018,-1.1307865648737454,1.744060532206381,-1.60032941135275,1.9591923080698355,2.33345472824527,0.55
1.8562967273579911,-1.3272156794027936,1.8562967273579911,-1.3272156794027936,1.8562967273579911,-1.3272156794027936,2.16992433047791,-0.03493920190952563,2.0513257786124544,-0.26522163739351245,2.1452133926488512,-0.48731121317609605,2.242010178389028,-0.6327248563719434,2.1817221385868533,-0.7637786841047253,2.3829133618325264,-0.8720658091673902,2.7929461040270698,-0.9382014806811977,2.9031956530692193,-1.1492145447174982,1.0968925562697576,2.7474747644539788,1.8971955829592242,2.35075287413124,-0.3788
1.328446359474104,0.17653418312044875,1.328446359474104,0.17653418312044875,1.328446359474104,0.17653418312044875,2.136989770682119,-0.07362792471323426,2.0417395255027038,-0.30057666548354056,2.1495525697223643,-0.5138086000176888,2.2562308481181605,-0.6514259127501982,2.2754351539870377,-0.7757024015997033,2.3766855597659533,-0.8907656455014263,2.8242503518633026,-0.9518351657287444,2.9138556604608947,-1.1507042799216831,1.7955785947710539,2.4166014380587515,1.8504121540889191,2.363913688750061,0.5732999999999999
3.1325965667477864,-2.3734633456857144,3.1325965667477864,-2.3734633456857144,1.8619058757090836,0.5162016350103209,2.114498098840478,-0.11917536537488282,2.054716109344551,-0.35048827189390963,2.164927077293827,-0.5367359109583538,2.1484050572459568,-0.5965746705284666,2.2898258536404024,-0.7933653841061372,2.383940540365888,-0.900739421198234,2.8184621799839706,-0.9610150279600455,3.078505848622022,-1.1663225364931826,2.0338224602948984,2.3383231056280276,1.854786197921476,2.3703768547787365,-0.2825
1.9877255067035773,-1.597815416782349,1.9877255067035773,-1.597815416782349,1.9750934788004353,0.5875251626671576,2.0970672139919557,-0.18129085032251552,2.065732579498132,-0.3879765725661959,2.1754452417838537,-0.5618639336731023,2.245707489857041,-0.6639058943354142,2.2895354332265736,-0.808872380214301,2.605063624942774,-0.906127167593584,2.8223566553502777,-0.9671093516455138,2.0859823704911817,-1.4171228268426344,2.04602451842592,2.32491255727129,1.818042202480457,2.384085003280003,80.8932
1.8737622581320166,-1.3469175872456998,1.8737622581320166,-1.3469175872456998,2.1051068595204394,0.1807839968938924,2.074279231444021,-0.2015272598444883,2.1004661220786227,-0.4368601266273735,2.190518815258155,-0.5804056973539592,2.2145914950617858,-0.7204399279715137,2.295268308934711,-0.8467119972205823,2.7233952504181254,-0.9147223451860053,2.838714189558364,-0.9777620119262187,1.8640257616245515,-1.565538864506166,2.010174681464275,2.3257622202164954,1.826985560971951,2.3767861906153325,30.5312
1.8711264895778688,-1.3138534419062082,1.8711264895778688,-1.3138534419062082,2.184326207323437,0.023945598520597425,2.060960196122189,-0.22997378692483098,2.13256072598179,-0.4682611864169899,2.2149246217422403,-0.6105188377564246,2.166567432599314,-0.7475952915119335,2.374831501391203,-0.8582924233464015,2.7539668280500367,-0.9214635969144075,2.9289939842888018,-1.1307865648737454,1.744060532206381,-1.60032941135275,1.9591923080698355,2.33345472824527,1.0969896991312198,-1.5521989087871766,11.7644
1.8562967273579911,-1.3272156794027936,1.8562967273579911,-1.3272156794027936,2.16992433047791,-0.03493920190952563,2.0513257786124544,-0.26522163739351245,2.1452133926488512,-0.48731121317609605,2.242010178389028,-0.6327248563719434,2.1817221385868533,-0.7637786841047253,2.3829133618325264,-0.8720658091673902,2.7929461040270698,-0.9382014806811977,2.9031956530692193,-1.1492145447174982,1.0968925562697576,2.7474747644539788,1.8971955829592242,2.35075287413124,2.043903569153887,-1.2948891685004449,2.6611000000000002
1.328446359474104,0.17653418312044875,1.328446359474104,0.17653418312044875,2.136989770682119,-0.07362792471323426,2.0417395255027038,-0.30057666548354056,2.1495525697223643,-0.5138086000176888,2.2562308481181605,-0.6514259127501982,2.2754351539870377,-0.7757024015997033,2.3766855597659533,-0.8907656455014263,2.8242503518633026,-0.9518351657287444,2.9138556604608947,-1.1507042799216831,1.7955785947710539,2.4166014380587515,1.8504121540889191,2.363913688750061,2.423636627054474,-1.2416085400052443,-0.23459999999999998
3.1325965667477864,-2.3734633456857144,1.8619058757090836,0.5162016350103209,2.114498098840478,-0.11917536537488282,2.054716109344551,-0.35048827189390963,2.164927077293827,-0.5367359109583538,2.1484050572459568,-0.5965746705284666,2.2898258536404024,-0.7933653841061372,2.383940540365888,-0.900739421198234,2.8184621799839706,-0.9610150279600455,3.078505848622022,-1.1663225364931826,2.0338224602948984,2.3383231056280276,1.854786197921476,2.3703768547787365,2.528796055438242,-1.2156635356806929,3.2503
1.9877255067035773,-1.597815416782349,1.9750934788004353,0.5875251626671576,2.0970672139919557,-0.18129085032251552,2.065732579498132,-0.3879765725661959,2.1754452417838537,-0.5618639336731023,2.245707489857041,-0.6639058943354142,2.2895354332265736,-0.808872380214301,2.605063624942774,-0.906127167593584,2.8223566553502777,-0.9671093516455138,2.0859823704911817,-1.4171228268426344,2.04602451842592,2.32491255727129,1.818042202480457,2.384085003280003,2.533080513919761,-1.2072249319371322,1.4660000000000002
1.8737622581320166,-1.3469175872456998,2.1051068595204394,0.1807839968938924,2.074279231444021,-0.2015272598444883,2.1004661220786227,-0.4368601266273735,2.190518815258155,-0.5804056973539592,2.2145914950617858,-0.7204399279715137,2.295268308934711,-0.8467119972205823,2.7233952504181254,-0.9147223451860053,2.838714189558364,-0.9777620119262187,1.8640257616245515,-1.565538864506166,2.010174681464275,2.3257622202164954,1.826985560971951,2.3767861906153325,2.553040575470747,-1.1596710153244114,3.0606
1.8711264895778688,-1.3138534419062082,2.184326207323437,0.023945598520597425,2.060960196122189,-0.22997378692483098,2.13256072598179,-0.4682611864169899,2.2149246217422403,-0.6105188377564246,2.166567432599314,-0.7475952915119335,2.374831501391203,-0.8582924233464015,2.7539668280500367,-0.9214635969144075,2.9289939842888018,-1.1307865648737454,1.744060532206381,-1.60032941135275,1.9591923080698355,2.33345472824527,1.0969896991312198,-1.5521989087871766,2.549069014365832,-1.1342402661266235,65.1279
1.8562967273579911,-1.3272156794027936,2.16992433047791,-0.03493920190952563,2.0513257786124544,-0.26522163739351245,2.1452133926488512,-0.48731121317609605,2.242010178389028,-0.6327248563719434,2.1817221385868533,-0.7637786841047253,2.3829133618325264,-0.8720658091673902,2.7929461040270698,-0.9382014806811977,2.9031956530692193,-1.1492145447174982,1.0968925562697576,2.7474747644539788,1.8971955829592242,2.35075287413124,2.043903569153887,-1.2948891685004449,2.6010089888349066,-1.092395858969254,22.3539
1.328446359474104,0.17653418312044875,2.136989770682119,-0.07362792471323426,2.0417395255027038,-0.30057666548354056,2.1495525697223643,-0.5138086000176888,2.2562308481181605,-0.6514259127501982,2.2754351539870377,-0.7757024015997033,2.3766855597659533,-0.8907656455014263,2.8242503518633026,-0.9518351657287444,2.9138556604608947,-1.1507042799216831,1.7955785947710539,2.4166014380587515,1.8504121540889191,2.363913688750061,2.423636627054474,-1.2416085400052443,2.1270934159081967,-0.1435990900862911,6.255
1.8619058757090836,0.5162016350103209,2.114498098840478,-0.11917536537488282,2.054716109344551,-0.35048827189390963,2.164927077293827,-0.5367359109583538,2.1484050572459568,-0.5965746705284666,2.2898258536404024,-0.7933653841061372,2.383940540365888,-0.900739421198234,2.8184621799839706,-0.9610150279600455,3.078505848622022,-1.1663225364931826,2.0338224602948984,2.3383231056280276,1.854786197921476,2.3703768547787365,2.528796055438242,-1.2156635356806929,2.4154492108094505,0.175609913826289,0.5031000000000001
1.9750934788004353,0.5875251626671576,2.0970672139919557,-0.18129085032251552,2.065732579498132,-0.3879765725661959,2.1754452417838537,-0.5618639336731023,2.245707489857041,-0.6639058943354142,2.2895354332265736,-0.808872380214301,2.605063624942774,-0.906127167593584,2.8223566553502777,-0.9671093516455138,2.0859823704911817,-1.4171228268426344,2.04602451842592,2.32491255727129,1.818042202480457,2.384085003280003,2.533080513919761,-1.2072249319371322,2.5240692106200266,0.2786642749177724,-7.8853
2.1051068595204394,0.1807839968938924,2.074279231444021,-0.2015272598444883,2.1004661220786227,-0.4368601266273735,2.190518815258155,-0.5804056973539592,2.2145914950617858,-0.7204399279715137,2.295268308934711,-0.8467119972205823,2.7233952504181254,-0.9147223451860053,2.838714189558364,-0.9777620119262187,1.8640257616245515,-1.565538864506166,2.010174681464275,2.3257622202164954,1.826985560971951,2.3767861906153325,2.553040575470747,-1.1596710153244114,2.4642342116771285,0.30500309896304134,-2.2611000000000003
2.184326207323437,0.023945598520597425,2.060960196122189,-0.22997378692483098,2.13256072598179,-0.4682611864169899,2.2149246217422403,-0.6105188377564246,2.166567432599314,-0.7475952915119335,2.374831501391203,-0.8582924233464015,2.7539668280500367,-0.9214635969144075,2.9289939842888018,-1.1307865648737454,1.744060532206381,-1.60032941135275,1.9591923080698355,2.33345472824527,1.0969896991312198,-1.5521989087871766,2.549069014365832,-1.1342402661266235,2.3818828959459792,0.16711576579155893,0.09010000000000007
2.16992433047791,-0.03493920190952563,2.0513257786124544,-0.26522163739351245,2.1452133926488512,-0.48731121317609605,2.242010178389028,-0.6327248563719434,2.1817221385868533,-0.7637786841047253,2.3829133618325264,-0.8720658091673902,2.7929461040270698,-0.9382014806811977,2.9031956530692193,-1.1492145447174982,1.0968925562697576,2.7474747644539788,1.8971955829592242,2.35075287413124,2.043903569153887,-1.2948891685004449,2.6010089888349066,-1.092395858969254,2.3306255726735667,0.09091627155412811,0.9608000000000001
2.136989770682119,-0.07362792471323426,2.0417395255027038,-0.30057666548354056,2.1495525697223643,-0.5138086000176888,2.2562308481181605,-0.6514259127501982,2.2754351539870377,-0.7757024015997033,2.3766855597659533,-0.8907656455014263,2.8242503518633026,-0.9518351657287444,2.9138556604608947,-1.1507042799216831,1.7955785947710539,2.4166014380587515,1.8504121540889191,2.363913688750061,2.423636627054474,-1.2416085400052443,2.1270934159081967,-0.1435990900862911,2.2706848504360995,0.040747883891280506,1.0716
2.114498098840478,-0.11917536537488282,2.054716109344551,-0.35048827189390963,2.164927077293827,-0.5367359109583538,2.1484050572459568,-0.5965746705284666,2.2898258536404024,-0.7933653841061372,2.383940540365888,-0.900739421198234,2.8184621799839706,-0.9610150279600455,3.078505848622022,-1.1663225364931826,2.0338224602948984,2.3383231056280276,1.854786197921476,2.3703768547787365,2.528796055438242,-1.2156635356806929,2.4154492108094505,0.175609913826289,2.2200392428963975,-0.005945875875898791,-5.821400000000001
2.0970672139919557,-0.18129085032251552,2.065732579498132,-0.3879765725661959,2.1754452417838537,-0.5618639336731023,2.245707489857041,-0.6639058943354142,2.2895354332265736,-0.808872380214301,2.605063624942774,-0.906127167593584,2.8223566553502777,-0.9671093516455138,2.0859823704911817,-1.4171228268426344,2.04602451842592,2.32491255727129,1.818042202480457,2.384085003280003,2.533080513919761,-1.2072249319371322,2.5240692106200266,0.2786642749177724,2.1821537090681753,-0.01186928676665903,-4.578900000000001
2.074279231444021,-0.2015272598444883,2.1004661220786227,-0.4368601266273735,2.190518815258155,-0.5804056973539592,2.2145914950617858,-0.7204399279715137,2.295268308934711,-0.8467119972205823,2.7233952504181254,-0.9147223451860053,2.838714189558364,-0.9777620119262187,1.8640257616245515,-1.565538864506166,2.010174681464275,2.3257622202164954,1.826985560971951,2.3767861906153325,2.553040575470747,-1.1596710153244114,2.4642342116771285,0.30500309896304134,2.091461044341967,0.10427880028870207,-1.0875
2.060960196122189,-0.22997378692483098,2.13256072598179,-0.4682611864169899,2.2149246217422403,-0.6105188377564246,2.166567432599314,-0.7475952915119335,2.374831501391203,-0.8582924233464015,2.7539668280500367,-0.9214635969144075,2.9289939842888018,-1.1307865648737454,1.744060532206381,-1.60032941135275,1.9591923080698355,2.33345472824527,1.0969896991312198,-1.5521989087871766,2.549069014365832,-1.1342402661266235,2.3818828959459792,0.16711576579155893,2.0500973854917244,0.21246287336584602,-7.511700000000001
2.0513257786124544,-0.26522163739351245,2.1452133926488512,-0.48731121317609605,2.242010178389028,-0.6327248563719434,2.1817221385868533,-0.7637786841047253,2.3829133618325264,-0.8720658091673902,2.7929461040270698,-0.9382014806811977,2.9031956530692193,-1.1492145447174982,1.0968925562697576,2.7474747644539788,1.8971955829592242,2.35075287413124,2.043903569153887,-1.2948891685004449,2.6010089888349066,-1.092395858969254,2.3306255726735667,0.09091627155412811,2.0065534356203907,0.25631667618410764,-2.2583
2.0417395255027038,-0.30057666548354056,2.1495525697223643,-0.5138086000176888,2.2562308481181605,-0.6514259127501982,2.2754351539870377,-0.7757024015997033,2.3766855597659533,-0.8907656455014263,2.8242503518633026,-0.9518351657287444,2.9138556604608947,-1.1507042799216831,1.7955785947710539,2.4166014380587515,1.8504121540889191,2.363913688750061,2.423636627054474,-1.2416085400052443,2.1270934159081967,-0.1435990900862911,2.2706848504360995,0.040747883891280506,2.0003635119647605,0.10804046662984265,-5.0071
2.054716109344551,-0.35048827189390963,2.164927077293827,-0.5367359109583538,2.1484050572459568,-0.5965746705284666,2.2898258536404024,-0.7933653841061372,2.383940540365888,-0.900739421198234,2.8184621799839706,-0.9610150279600455,3.078505848622022,-1.1663225364931826,2.0338224602948984,2.3383231056280276,1.854786197921476,2.3703768547787365,2.528796055438242,-1.2156635356806929,2.4154492108094505,0.175609913826289,2.2200392428963975,-0.005945875875898791,2.0017177348467463,0.04707696911622193,-1.4481000000000002
2.065732579498132,-0.3879765725661959,2.1754452417838537,-0.5618639336731023,2.245707489857041,-0.6639058943354142,2.2895354332265736,-0.808872380214301,2.605063624942774,-0.906127167593584,2.8223566553502777,-0.9671093516455138,2.0859823704911817,-1.4171228268426344,2.04602451842592,2.32491255727129,1.818042202480457,2.384085003280003,2.533080513919761,-1.2072249319371322,2.5240692106200266,0.2786642749177724,2.1821537090681753,-0.01186928676665903,1.9679525121303127,-0.09271631421080218,1.7192999999999998
2.1004661220786227,-0.4368601266273735,2.190518815258155,-0.5804056973539592,2.2145914950617858,-0.7204399279715137,2.295268308934711,-0.8467119972205823,2.7233952504181254,-0.9147223451860053,2.838714189558364,-0.9777620119262187,1.8640257616245515,-1.565538864506166,2.010174681464275,2.3257622202164954,1.826985560971951,2.3767861906153325,2.553040575470747,-1.1596710153244114,2.4642342116771285,0.30500309896304134,2.091461044341967,0.10427880028870207,1.9326007683947548,-0.049849869431874666,-2.7908999999999997
2.13256072598179,-0.4682611864169899,2.2149246217422403,-0.6105188377564246,2.166567432599314,-0.7475952915119335,2.374831501391203,-0.8582924233464015,2.7539668280500367,-0.9214635969144075,2.9289939842888018,-1.1307865648737454,1.744060532206381,-1.60032941135275,1.9591923080698355,2.33345472824527,1.0969896991312198,-1.5521989087871766,2.549069014365832,-1.1342402661266235,2.3818828959459792,0.16711576579155893,2.0500973854917244,0.21246287336584602,1.880736890157684,-0.06304898188315472,-3.4132
4.112402307654251,-2.231694471056401,4.089855147801689,-2.225897128527659,4.173163368477201,-2.156107280975983,4.368566324321975,-2.1111333865111956,4.851763173321635,-2.1255285924562624,3.9411292924744314,-2.9203889879596248,3.9411292924744314,-2.9203889879596248,4.800921919798321,-1.8982642663295268,4.800921919798321,-1.8982642663295268,1.5987085819498195,-1.7514218932792913,1.6717169915987553,-1.9174055196625075,1.693523675653811,-2.091832050323414,1.7425158937582177,-2.1848415079555386,8.9799
4.089855147801689,-2.225897128527659,4.173163368477201,-2.156107280975983,4.368566324321975,-2.1111333865111956,4.851763173321635,-2.1255285924562624,3.9411292924744314,-2.9203889879596248,3.9411292924744314,-2.9203889879596248,4.800921919798321,-1.8982642663295268,4.800921919798321,-1.8982642663295268,1.5987085819498195,-1.7514218932792913,1.6717169915987553,-1.9174055196625075,1.693523675653811,-2.091832050323414,1.7425158937582177,-2.1848415079555386,6.636083794678905,3.085913597213707,1.8155000000000001
1.5987085819498195,-1.7514218932792913,1.6717169915987553,-1.9174055196625075,1.693523675653811,-2.091832050323414,1.7425158937582177,-2.1848415079555386,6.636083794678905,3.085913597213707,6.636083794678905,3.085913597213707,7.327203998797906,3.0707013603520688,7.757315716792764,3.054183149716401,7.654873512344926,2.827637496950868,7.654873512344926,2.827637496950868,8.455895091591428,2.8051444255288884,9.573683485994298,3.0149392979868437,9.98038308282803,2.9939482426562467,0.7275
1.6932212761479226,-2.1221649969954615,1.8228424616515813,-2.249392696376266,6.848521003107165,3.0782812314733206,6.848521003107165,3.0782812314733206,7.525503009101789,3.0630453943335634,7.722229554345043,2.823154986085074,7.966972050283596,2.7838929424248606,7.966972050283596,2.7838929424248606,9.283986853178972,2.999560026833894,9.731327174132003,2.9974444993986378,10.105551530223371,2.990026701928117,10.537025008986172,2.986775824696178,11.011537702791562,2.977878721124213,8.5373
1.8228424616515813,-2.249392696376266,6.848521003107165,3.0782812314733206,6.848521003107165,3.0782812314733206,7.525503009101789,3.0630453943335634,7.722229554345043,2.823154986085074,7.966972050283596,2.7838929424248606,7.966972050283596,2.7838929424248606,9.283986853178972,2.999560026833894,9.731327174132003,2.9974444993986378,10.105551530223371,2.990026701928117,10.537025008986172,2.986775824696178,11.011537702791562,2.977878721124213,9.888421271871465,2.9015930395910394,1.0978
6.848521003107165,3.0782812314733206,6.848521003107165,3.0782812314733206,7.525503009101789,3.0630453943335634,7.722229554345043,2.823154986085074,7.966972050283596,2.7838929424248606,7.966972050283596,2.7838929424248606,9.283986853178972,2.999560026833894,9.731327174132003,2.9974444993986378,10.105551530223371,2.990026701928117,10.537025008986172,2.986775824696178,11.011537702791562,2.977878721124213,9.888421271871465,2.9015930395910394,10.282027742133357,2.916740892683012,1.2948000000000002
7.525503009101789,3.0630453943335634,7.525503009101789,3.0630453943335634,7.722229554345043,2.823154986085074,7.966972050283596,2.7838929424248606,7.966972050283596,2.7838929424248606,9.283986853178972,2.999560026833894,9.731327174132003,2.9974444993986378,10.105551530223371,2.990026701928117,10.537025008986172,2.986775824696178,11.011537702791562,2.977878721124213,9.888421271871465,2.9015930395910394,10.282027742133357,2.916740892683012,10.603185111088083,2.9308056152107267,1.4087
2.7882173301233193,0.9208824745060495,2.7882173301233193,0.9208824745060495,2.7882173301233193,0.9208824745060495,2.8582095794395466,0.9298842542711738,2.7776552575868747,0.9397448887105729,2.7510759949517967,0.961994061162231,2.701250986117357,0.9782862892478297,1.9897427371396526,1.7117836187570095,2.204917798921313,1.7846296395400933,2.5597548085705393,1.860891081149027,3.0007214015966244,1.940293395281856,3.262766018273456,2.0031741338537876,3.6555337695061745,2.07677356478499,1.1343
2.774561307666493,0.932751963575546,2.774561307666493,0.932751963575546,2.774561307666493,0.932751963575546,2.866176144273065,0.930651612576806,2.767805320104724,0.9430917836011145,2.7449535660917848,0.9613716056127053,2.6931825225929247,0.9748331083078735,2.0433987006945094,1.7347381984073516,2.322189389347904,1.7997319099400813,2.6429418533142197,1.8652393770281999,3.00408634030382,1.9512347082343626,3.324364704721789,2.0118012697359595,3.7131677689002935,2.0927216591767377,1.7128999999999999
2.7784845653701233,0.9381790636108183,2.7784845653701233,0.9381790636108183,2.7784845653701233,0.9381790636108183,2.859898047133852,0.930847799668463,2.748092767720917,0.9423826173243128,2.6621177735028945,0.9834605009448135,2.6840381107577427,0.9774720411837428,2.080748062596718,1.7415152069401558,2.408223017081268,1.812360865231774,2.7351548731287596,1.8872978890249965,2.9849060420723443,1.9700045564715676,3.3721437365569114,2.0236086723702273,3.7553674294268493,2.106279140388492,1.6660000000000001
2.768797345419127,0.9429055173397316,2.768797345419127,0.9429055173397316,2.768797345419127,0.9429055173397316,2.8437020325624833,0.9284908428494797,2.744625316869316,0.9482978071158754,2.6916838595942125,0.9837210800139472,2.6664806655965108,0.9758351611450461,2.065369647302873,1.7461416657314184,2.4664793147318296,1.8212914836112628,2.7725369699969726,1.9078881745324001,3.074637578642398,1.9791729552228043,3.4233416247871,2.0319095836944103,3.815254268066546,2.123447234286035,0.9051
2.8257798923483053,0.9357036152880324,2.8257798923483053,0.9357036152880324,2.8257798923483053,0.9357036152880324,2.8244400312274287,0.9271465159591172,2.736470251985211,0.9513284889111706,2.7122729600834794,0.9856262582111885,2.0482892862093465,1.4198544315052437,2.0843905056394765,1.753494811852793,2.522704598243719,1.8337351151611754,2.8829063009400775,1.9234406725349722,3.1570880269640904,1.986348087030302,3.509813995071532,2.0569223697555232,3.8786799004300394,2.135550133761606,1.3458999999999999
2.852690535266661,0.9332475286562032,2.852690535266661,0.9332475286562032,2.852690535266661,0.9332475286562032,2.7924386349569073,0.9365130981010127,2.750767936413395,0.9597427611141495,2.7212542788207075,0.9849034677627949,1.982164304491429,1.6340522331918705,2.1511080400574962,1.760296498110059,2.509484397241792,1.8441642010096782,2.9384818682442124,1.9296506410763614,3.216102066166433,2.001412476072432,3.567567273367109,2.0585771805625708,3.9744632971006277,2.1494129747730293,1.2425000000000002
2.7882173301233193,0.9208824745060495,2.7882173301233193,0.9208824745060495,2.8582095794395466,0.9298842542711738,2.7776552575868747,0.9397448887105729,2.7510759949517967,0.961994061162231,2.701250986117357,0.9782862892478297,1.9897427371396526,1.7117836187570095,2.204917798921313,1.7846296395400933,2.5597548085705393,1.860891081149027,3.0007214015966244,1.940293395281856,3.262766018273456,2.0031741338537876,3.6555337695061745,2.07677356478499,4.0312053011475335,2.160346948672893,1.5496
2.774561307666493,0.932751963575546,2.774561307666493,0.932751963575546,2.866176144273065,0.930651612576806,2.767805320104724,0.9430917836011145,2.7449535660917848,0.9613716056127053,2.6931825225929247,0.9748331083078735,2.0433987006945094,1.7347381984073516,2.322189389347904,1.7997319099400813,2.6429418533142197,1.8652393770281999,3.00408634030382,1.9512347082343626,3.324364704721789,2.0118012697359595,3.7131677689002935,2.0927216591767377,4.097093546649868,2.16766700686134,1.8429000000000002
2.7784845653701233,0.9381790636108183,2.7784845653701233,0.9381790636108183,2.859898047133852,0.930847799668463,2.748092767720917,0.9423826173243128,2.6621177735028945,0.9834605009448135,2.6840381107577427,0.9774720411837428,2.080748062596718,1.7415152069401558,2.408223017081268,1.812360865231774,2.7351548731287596,1.8872978890249965,2.9849060420723443,1.9700045564715676,3.3721437365569114,2.0236086723702273,3.7553674294268493,2.106279140388492,4.160640322113892,2.1788050617338657,1.8744999999999998
2.768797345419127,0.9429055173397316,2.768797345419127,0.9429055173397316,2.8437020325624833,0.9284908428494797,2.744625316869316,0.9482978071158754,2.6916838595942125,0.9837210800139472,2.6664806655965108,0.9758351611450461,2.065369647302873,1.7461416657314184,2.4664793147318296,1.8212914836112628,2.7725369699969726,1.9078881745324001,3.074637578642398,1.9791729552228043,3.4233416247871,2.0319095836944103,3.815254268066546,2.123447234286035,4.237575714957788,2.1905410532671885,2.1912000000000003
2.8257798923483053,0.9357036152880324,2.8257798923483053,0.9357036152880324,2.8244400312274287,0.9271465159591172,2.736470251985211,0.9513284889111706,2.7122729600834794,0.9856262582111885,2.0482892862093465,1.4198544315052437,2.0843905056394765,1.753494811852793,2.522704598243719,1.8337351151611754,2.8829063009400775,1.9234406725349722,3.1570880269640904,1.986348087030302,3.509813995071532,2.0569223697555232,3.8786799004300394,2.135550133761606,4.308710600632165,2.1995175340360684,2.0744000000000002
2.852690535266661,0.9332475286562032,2.852690535266661,0.9332475286562032,2.7924386349569073,0.9365130981010127,2.750767936413395,0.9597427611141495,2.7212542788207075,0.9849034677627949,1.982164304491429,1.6340522331918705,2.1511080400574962,1.760296498110059,2.509484397241792,1.8441642010096782,2.9384818682442124,1.9296506410763614,3.216102066166433,2.001412476072432,3.567567273367109,2.0585771805625708,3.9744632971006277,2.1494129747730293,4.400623470600503,2.2098525962290934,1.0073
2.7882173301233193,0.9208824745060495,2.8582095794395466,0.9298842542711738,2.7776552575868747,0.9397448887105729,2.7510759949517967,0.961994061162231,2.701250986117357,0.9782862892478297,1.9897427371396526,1.7117836187570095,2.204917798921313,1.7846296395400933,2.5597548085705393,1.860891081149027,3.0007214015966244,1.940293395281856,3.262766018273456,2.0031741338537876,3.6555337695061745,2.07677356478499,4.0312053011475335,2.160346948672893,4.481469484443689,2.21899680430828,1.6151000000000002
2.774561307666493,0.932751963575546,2.866176144273065,0.930651612576806,2.767805320104724,0.9430917836011145,2.7449535660917848,0.9613716056127053,2.6931825225929247,0.9748331083078735,2.0433987006945094,1.7347381984073516,2.322189389347904,1.7997319099400813,2.6429418533142197,1.8652393770281999,3.00408634030382,1.9512347082343626,3.324364704721789,2.0118012697359595,3.7131677689002935,2.0927216591767377,4.097093546649868,2.16766700686134,4.5815006155188955,2.2287822793396677,1.3993000000000002
2.7784845653701233,0.9381790636108183,2.859898047133852,0.930847799668463,2.748092767720917,0.9423826173243128,2.6621177735028945,0.9834605009448135,2.6840381107577427,0.9774720411837428,2.080748062596718,1.7415152069401558,2.408223017081268,1.812360865231774,2.7351548731287596,1.8872978890249965,2.9849060420723443,1.9700045564715676,3.3721437365569114,2.0236086723702273,3.7553674294268493,2.106279140388492,4.160640322113892,2.1788050617338657,4.680478429605247,2.2378527615712547,1.3175999999999997
2.768797345419127,0.9429055173397316,2.8437020325624833,0.9284908428494797,2.744625316869316,0.9482978071158754,2.6916838595942125,0.9837210800139472,2.6664806655965108,0.9758351611450461,2.065369647302873,1.7461416657314184,2.4664793147318296,1.8212914836112628,2.7725369699969726,1.9078881745324001,3.074637578642398,1.9791729552228043,3.4233416247871,2.0319095836944103,3.815254268066546,2.123447234286035,4.237575714957788,2.1905410532671885,4.773638955765301,2.2460018344200514,1.2854999999999999
2.8257798923483053,0.9357036152880324,2.8244400312274287,0.9271465159591172,2.736470251985211,0.9513284889111706,2.7122729600834794,0.9856262582111885,2.0482892862093465,1.4198544315052437,2.0843905056394765,1.753494811852793,2.522704598243719,1.8337351151611754,2.8829063009400775,1.9234406725349722,3.1570880269640904,1.986348087030302,3.509813995071532,2.0569223697555232,3.8786799004300394,2.135550133761606,4.308710600632165,2.1995175340360684,4.864470423386287,2.2547033712866456,1.0889000000000002
2.852690535266661,0.9332475286562032,2.7924386349569073,0.9365130981010127,2.750767936413395,0.9597427611141495,2.7212542788207075,0.9849034677627949,1.982164304491429,1.6340522331918705,2.1511080400574962,1.760296498110059,2.509484397241792,1.8441642010096782,2.9384818682442124,1.9296506410763614,3.216102066166433,2.001412476072432,3.567567273367109,2.0585771805625708,3.9744632971006277,2.1494129747730293,4.400623470600503,2.2098525962290934,4.921323119853031,2.2692289912415755,2.4498
2.8582095794395466,0.9298842542711738,2.7776552575868747,0.9397448887105729,2.7510759949517967,0.961994061162231,2.701250986117357,0.9782862892478297,1.9897427371396526,1.7117836187570095,2.204917798921313,1.7846296395400933,2.5597548085705393,1.860891081149027,3.0007214015966244,1.940293395281856,3.262766018273456,2.0031741338537876,3.6555337695061745,2.07677356478499,4.0312053011475335,2.160346948672893,4.481469484443689,2.21899680430828,4.952367942711849,2.2834831834620153,1.1391
2.866176144273065,0.930651612576806,2.767805320104724,0.9430917836011145,2.7449535660917848,0.9613716056127053,2.6931825225929247,0.9748331083078735,2.0433987006945094,1.7347381984073516,2.322189389347904,1.7997319099400813,2.6429418533142197,1.8652393770281999,3.00408634030382,1.9512347082343626,3.324364704721789,2.0118012697359595,3.7131677689002935,2.0927216591767377,4.097093546649868,2.16766700686134,4.5815006155188955,2.2287822793396677,5.033291352584315,2.2905122313218893,2.0873
2.859898047133852,0.930847799668463,2.748092767720917,0.9423826173243128,2.6621177735028945,0.9834605009448135,2.6840381107577427,0.9774720411837428,2.080748062596718,1.7415152069401558,2.408223017081268,1.812360865231774,2.7351548731287596,1.8872978890249965,2.9849060420723443,1.9700045564715676,3.3721437365569114,2.0236086723702273,3.7553674294268493,2.106279140388492,4.160640322113892,2.1788050617338657,4.680478429605247,2.2378527615712547,5.084353281391843,2.2982651446166673,1.0594999999999999
2.8437020325624833,0.9284908428494797,2.744625316869316,0.9482978071158754,2.6916838595942125,0.9837210800139472,2.6664806655965108,0.9758351611450461,2.065369647302873,1.7461416657314184,2.4664793147318296,1.8212914836112628,2.7725369699969726,1.9078881745324001,3.074637578642398,1.9791729552228043,3.4233416247871,2.0319095836944103,3.815254268066546,2.123447234286035,4.237575714957788,2.1905410532671885,4.773638955765301,2.2460018344200514,5.16892856402562,2.3066528123487546,1.343
2.8244400312274287,0.9271465159591172,2.736470251985211,0.9513284889111706,2.7122729600834794,0.9856262582111885,2.0482892862093465,1.4198544315052437,2.0843905056394765,1.753494811852793,2.522704598243719,1.8337351151611754,2.8829063009400775,1.9234406725349722,3.1570880269640904,1.986348087030302,3.509813995071532,2.0569223697555232,3.8786799004300394,2.135550133761606,4.308710600632165,2.1995175340360684,4.864470423386287,2.2547033712866456,5.264622474593974,2.3137657433378602,1.1991
2.7924386349569073,0.9365130981010127,2.750767936413395,0.9597427611141495,2.7212542788207075,0.9849034677627949,1.982164304491429,1.6340522331918705,2.1511080400574962,1.760296498110059,2.509484397241792,1.8441642010096782,2.9384818682442124,1.9296506410763614,3.216102066166433,2.001412476072432,3.567567273367109,2.0585771805625708,3.9744632971006277,2.1494129747730293,4.400623470600503,2.2098525962290934,4.921323119853031,2.2692289912415755,5.350570057479858,2.321139696379665,0.6662999999999999
2.7776552575868747,0.9397448887105729,2.7510759949517967,0.961994061162231,2.701250986117357,0.9782862892478297,1.9897427371396526,1.7117836187570095,2.204917798921313,1.7846296395400933,2.5597548085705393,1.860891081149027,3.0007214015966244,1.940293395281856,3.262766018273456,2.0031741338537876,3.6555337695061745,2.07677356478499,4.0312053011475335,2.160346948672893,4.481469484443689,2.21899680430828,4.952367942711849,2.2834831834620153,5.441540094495306,2.3251843867400708,1.1381
2.767805320104724,0.9430917836011145,2.7449535660917848,0.9613716056127053,2.6931825225929247,0.9748331083078735,2.0433987006945094,1.7347381984073516,2.322189389347904,1.7997319099400813,2.6429418533142197,1.8652393770281999,3.00408634030382,1.9512347082343626,3.324364704721789,2.0118012697359595,3.7131677689002935,2.0927216591767377,4.097093546649868,2.16766700686134,4.5815006155188955,2.2287822793396677,5.033291352584315,2.2905122313218893,5.500110369801682,2.3317137851261647,2.4475999999999996
2.748092767720917,0.9423826173243128,2.6621177735028945,0.9834605009448135,2.6840381107577427,0.9774720411837428,2.080748062596718,1.7415152069401558,2.408223017081268,1.812360865231774,2.7351548731287596,1.8872978890249965,2.9849060420723443,1.9700045564715676,3.3721437365569114,2.0236086723702273,3.7553674294268493,2.106279140388492,4.160640322113892,2.1788050617338657,4.680478429605247,2.2378527615712547,5.084353281391843,2.2982651446166673,5.578277198203761,2.334389907894017,71.42569999999999
2.744625316869316,0.9482978071158754,2.6916838595942125,0.9837210800139472,2.6664806655965108,0.9758351611450461,2.065369647302873,1.7461416657314184,2.4664793147318296,1.8212914836112628,2.7725369699969726,1.9078881745324001,3.074637578642398,1.9791729552228043,3.4233416247871,2.0319095836944103,3.815254268066546,2.123447234286035,4.237575714957788,2.1905410532671885,4.773638955765301,2.2460018344200514,5.16892856402562,2.3066528123487546,5.723343627635861,2.343715833820759,23.3574
2.736470251985211,0.9513284889111706,2.7122729600834794,0.9856262582111885,2.0482892862093465,1.4198544315052437,2.0843905056394765,1.753494811852793,2.522704598243719,1.8337351151611754,2.8829063009400775,1.9234406725349722,3.1570880269640904,1.986348087030302,3.509813995071532,2.0569223697555232,3.8786799004300394,2.135550133761606,4.308710600632165,2.1995175340360684,4.864470423386287,2.2547033712866456,5.264622474593974,2.3137657433378602,5.221596495325927,1.914387097773022,5.6383
2.750767936413395,0.9597427611141495,2.7212542788207075,0.9849034677627949,1.982164304491429,1.6340522331918705,2.1511080400574962,1.760296498110059,2.509484397241792,1.8441642010096782,2.9384818682442124,1.9296506410763614,3.216102066166433,2.001412476072432,3.567567273367109,2.0585771805625708,3.9744632971006277,2.1494129747730293,4.400623470600503,2.2098525962290934,4.921323119853031,2.2692289912415755,5.350570057479858,2.321139696379665,5.29155570035883,1.7663498995279285,0.9155
2.7510759949517967,0.961994061162231,2.701250986117357,0.9782862892478297,1.9897427371396526,1.7117836187570095,2.204917798921313,1.7846296395400933,2.5597548085705393,1.860891081149027,3.0007214015966244,1.940293395281856,3.262766018273456,2.0031741338537876,3.6555337695061745,2.07677356478499,4.0312053011475335,2.160346948672893,4.481469484443689,2.21899680430828,4.952367942711849,2.2834831834620153,5.441540094495306,2.3251843867400708,5.329782664424506,1.731626642428887,2.8426
2.7449535660917848,0.9613716056127053,2.6931825225929247,0.9748331083078735,2.0433987006945094,1.7347381984073516,2.322189389347904,1.7997319099400813,2.6429418533142197,1.8652393770281999,3.00408634030382,1.9512347082343626,3.324364704721789,2.0118012697359595,3.7131677689002935,2.0927216591767377,4.097093546649868,2.16766700686134,4.5815006155188955,2.2287822793396677,5.033291352584315,2.2905122313218893,5.500110369801682,2.3317137851261647,5.324300451702554,1.7406290782578926,3.2731000000000003
2.6621177735028945,0.9834605009448135,2.6840381107577427,0.9774720411837428,2.080748062596718,1.7415152069401558,2.408223017081268,1.812360865231774,2.7351548731287596,1.8872978890249965,2.9849060420723443,1.9700045564715676,3.3721437365569114,2.0236086723702273,3.7553674294268493,2.106279140388492,4.160640322113892,2.1788050617338657,4.680478429605247,2.2378527615712547,5.084353281391843,2.2982651446166673,5.578277198203761,2.334389907894017,5.325079067957582,1.7622329556968481,2.7313
2.6916838595942125,0.9837210800139472,2.6664806655965108,0.9758351611450461,2.065369647302873,1.7461416657314184,2.4664793147318296,1.8212914836112628,2.7725369699969726,1.9078881745324001,3.074637578642398,1.9791729552228043,3.4233416247871,2.0319095836944103,3.815254268066546,2.123447234286035,4.237575714957788,2.1905410532671885,4.773638955765301,2.2460018344200514,5.16892856402562,2.3066528123487546,5.723343627635861,2.343715833820759,5.323301640899191,1.7902762198732167,2.0232
2.7122729600834794,0.9856262582111885,2.0482892862093465,1.4198544315052437,2.0843905056394765,1.753494811852793,2.522704598243719,1.8337351151611754,2.8829063009400775,1.9234406725349722,3.1570880269640904,1.986348087030302,3.509813995071532,2.0569223697555232,3.8786799004300394,2.135550133761606,4.308710600632165,2.1995175340360684,4.864470423386287,2.2547033712866456,5.264622474593974,2.3137657433378602,5.221596495325927,1.914387097773022,5.33368731179472,1.818034970704412,2.7125
2.7212542788207075,0.9849034677627949,1.982164304491429,1.6340522331918705,2.1511080400574962,1.760296498110059,2.509484397241792,1.8441642010096782,2.9384818682442124,1.9296506410763614,3.216102066166433,2.001412476072432,3.567567273367109,2.0585771805625708,3.9744632971006277,2.1494129747730293,4.400623470600503,2.2098525962290934,4.921323119853031,2.2692289912415755,5.350570057479858,2.321139696379665,5.29155570035883,1.7663498995279285,5.312026883403358,1.839080856557848,2.9304
2.701250986117357,0.9782862892478297,1.9897427371396526,1.7117836187570095,2.204917798921313,1.7846296395400933,2.5597548085705393,1.860891081149027,3.0007214015966244,1.940293395281856,3.262766018273456,2.0031741338537876,3.6555337695061745,2.07677356478499,4.0312053011475335,2.160346948672893,4.481469484443689,2.21899680430828,4.952367942711849,2.2834831834620153,5.441540094495306,2.3251843867400708,5.329782664424506,1.731626642428887,5.348644962044126,1.855190214118075,0.9491
2.6931825225929247,0.9748331083078735,2.0433987006945094,1.7347381984073516,2.322189389347904,1.7997319099400813,2.6429418533142197,1.8652393770281999,3.00408634030382,1.9512347082343626,3.324364704721789,2.0118012697359595,3.7131677689002935,2.0927216591767377,4.097093546649868,2.16766700686134,4.5815006155188955,2.2287822793396677,5.033291352584315,2.2905122313218893,5.500110369801682,2.3317137851261647,5.324300451702554,1.7406290782578926,5.360887061858327,1.8746548797754998,2.9836
2.6840381107577427,0.9774720411837428,2.080748062596718,1.7415152069401558,2.408223017081268,1.812360865231774,2.7351548731287596,1.8872978890249965,2.9849060420723443,1.9700045564715676,3.3721437365569114,2.0236086723702273,3.7553674294268493,2.106279140388492,4.160640322113892,2.1788050617338657,4.680478429605247,2.2378527615712547,5.084353281391843,2.2982651446166673,5.578277198203761,2.334389907894017,5.325079067957582,1.7622329556968481,5.352548331402529,1.8853036279370767,3.3278
2.6664806655965108,0.9758351611450461,2.065369647302873,1.7461416657314184,2.4664793147318296,1.8212914836112628,2.7725369699969726,1.9078881745324001,3.074637578642398,1.9791729552228043,3.4233416247871,2.0319095836944103,3.815254268066546,2.123447234286035,4.237575714957788,2.1905410532671885,4.773638955765301,2.2460018344200514,5.16892856402562,2.3066528123487546,5.723343627635861,2.343715833820759,5.323301640899191,1.7902762198732167,5.385127788641603,1.9088724406958777,1.8876000000000002
2.0482892862093465,1.4198544315052437,2.0843905056394765,1.753494811852793,2.522704598243719,1.8337351151611754,2.8829063009400775,1.9234406725349722,3.1570880269640904,1.986348087030302,3.509813995071532,2.0569223697555232,3.8786799004300394,2.135550133761606,4.308710600632165,2.1995175340360684,4.864470423386287,2.2547033712866456,5.264622474593974,2.3137657433378602,5.221596495325927,1.914387097773022,5.33368731179472,1.818034970704412,5.3979508454597855,1.9337950999803433,2.4554
1.982164304491429,1.6340522331918705,2.1511080400574962,1.760296498110059,2.509484397241792,1.8441642010096782,2.9384818682442124,1.9296506410763614,3.216102066166433,2.001412476072432,3.567567273367109,2.0585771805625708,3.9744632971006277,2.1494129747730293,4.400623470600503,2.2098525962290934,4.921323119853031,2.2692289912415755,5.350570057479858,2.321139696379665,5.29155570035883,1.7663498995279285,5.312026883403358,1.839080856557848,5.473056509848953,1.9540509564238462,2.4752
1.9897427371396526,1.7117836187570095,2.204917798921313,1.7846296395400933,2.5597548085705393,1.860891081149027,3.0007214015966244,1.940293395281856,3.262766018273456,2.0031741338537876,3.6555337695061745,2.07677356478499,4.0312053011475335,2.160346948672893,4.481469484443689,2.21899680430828,4.952367942711849,2.2834831834620153,5.441540094495306,2.3251843867400708,5.329782664424506,1.731626642428887,5.348644962044126,1.855190214118075,5.5094859233870475,1.970363842158656,2.0774
2.0433987006945094,1.7347381984073516,2.322189389347904,1.7997319099400813,2.6429418533142197,1.8652393770281999,3.00408634030382,1.9512347082343626,3.324364704721789,2.0118012697359595,3.7131677689002935,2.0927216591767377,4.097093546649868,2.16766700686134,4.5815006155188955,2.2287822793396677,5.033291352584315,2.2905122313218893,5.500110369801682,2.3317137851261647,5.324300451702554,1.7406290782578926,5.360887061858327,1.8746548797754998,5.5507969923246145,1.987012204542097,2.0751
2.080748062596718,1.7415152069401558,2.408223017081268,1.812360865231774,2.7351548731287596,1.8872978890249965,2.9849060420723443,1.9700045564715676,3.3721437365569114,2.0236086723702273,3.7553674294268493,2.106279140388492,4.160640322113892,2.1788050617338657,4.680478429605247,2.2378527615712547,5.084353281391843,2.2982651446166673,5.578277198203761,2.334389907894017,5.325079067957582,1.7622329556968481,5.352548331402529,1.8853036279370767,5.613056095390458,2.0041074613468464,2.3602000000000003
6.994076477991933,0.49856051077468955,6.526035863370658,0.5049746638303289,6.251828872418057,0.5523937437899367,6.251828872418057,0.5523937437899367,5.262520845564412,0.6269493497257447,5.262520845564412,0.6269493497257447,5.011373514317207,0.6857575909343582,4.765863969942914,0.7233995307767715,4.498203161263394,0.764269232695561,4.253761423728415,0.8055965965995555,4.040440234677406,0.8537567626017724,3.8250099555425945,0.9141602339765129,3.7964482585701074,1.0029802322296506,1.8680999999999999
6.468665955202817,0.526075906597332,6.468665955202817,0.526075906597332,6.143365632127065,0.5622934803319771,5.836299310350697,0.594731708446073,5.473832244415244,0.611788574178947,5.473832244415244,0.611788574178947,4.924339319137139,0.6957471083388654,4.678985466957553,0.7359604948353047,4.418767140277932,0.775924627844277,4.181744731568392,0.8206784322310511,3.964678106731993,0.8732064516749161,3.7739813632290207,0.9346244136110353,3.9084232281061912,1.0489431935883466,2.2456
6.526035863370658,0.5049746638303289,6.251828872418057,0.5523937437899367,6.251828872418057,0.5523937437899367,5.262520845564412,0.6269493497257447,5.262520845564412,0.6269493497257447,5.011373514317207,0.6857575909343582,4.765863969942914,0.7233995307767715,4.498203161263394,0.764269232695561,4.253761423728415,0.8055965965995555,4.040440234677406,0.8537567626017724,3.8250099555425945,0.9141602339765129,3.7964482585701074,1.0029802322296506,3.551788745125474,1.044983598083186,0.8374999999999999
6.500289053572923,0.5171368395461539,6.196158539772849,0.5573898261430038,6.196158539772849,0.5573898261430038,5.229123569012303,0.6404986890988896,5.229123569012303,0.6404986890988896,4.9629121420794835,0.6902931386581589,4.721172673181953,0.7289184900869584,4.457267407279937,0.7701997399127379,4.214732524134838,0.8127649090568669,4.001134089230206,0.8635200644194551,3.7984375906417105,0.9242518567329217,3.8745132778195526,1.0333601746138281,3.533377590917791,1.0514044864326335,0.9605999999999999
6.468665955202817,0.526075906597332,6.143365632127065,0.5622934803319771,5.836299310350697,0.594731708446073,5.473832244415244,0.611788574178947,5.473832244415244,0.611788574178947,4.924339319137139,0.6957471083388654,4.678985466957553,0.7359604948353047,4.418767140277932,0.775924627844277,4.181744731568392,0.8206784322310511,3.964678106731993,0.8732064516749161,3.7739813632290207,0.9346244136110353,3.9084232281061912,1.0489431935883466,3.519281040212615,1.0627594567594305,1.4037
6.251828872418057,0.5523937437899367,6.251828872418057,0.5523937437899367,5.262520845564412,0.6269493497257447,5.262520845564412,0.6269493497257447,5.011373514317207,0.6857575909343582,4.765863969942914,0.7233995307767715,4.498203161263394,0.764269232695561,4.253761423728415,0.8055965965995555,4.040440234677406,0.8537567626017724,3.8250099555425945,0.9141602339765129,3.7964482585701074,1.0029802322296506,3.551788745125474,1.044983598083186,3.443577559748,1.1155773085543725,0.6484
6.196158539772849,0.5573898261430038,6.196158539772849,0.5573898261430038,5.229123569012303,0.6404986890988896,5.229123569012303,0.6404986890988896,4.9629121420794835,0.6902931386581589,4.721172673181953,0.7289184900869584,4.457267407279937,0.7701997399127379,4.214732524134838,0.8127649090568669,4.001134089230206,0.8635200644194551,3.7984375906417105,0.9242518567329217,3.8745132778195526,1.0333601746138281,3.533377590917791,1.0514044864326335,3.4124797215514717,1.1244091735187802,0.6039000000000001
6.143365632127065,0.5622934803319771,5.836299310350697,0.594731708446073,5.473832244415244,0.611788574178947,5.473832244415244,0.611788574178947,4.924339319137139,0.6957471083388654,4.678985466957553,0.7359604948353047,4.418767140277932,0.775924627844277,4.181744731568392,0.8206784322310511,3.964678106731993,0.8732064516749161,3.7739813632290207,0.9346244136110353,3.9084232281061912,1.0489431935883466,3.519281040212615,1.0627594567594305,3.380661226742486,1.1343103394985954,0.8351
5.262520845564412,0.6269493497257447,5.262520845564412,0.6269493497257447,5.262520845564412,0.6269493497257447,5.011373514317207,0.6857575909343582,4.765863969942914,0.7233995307767715,4.498203161263394,0.764269232695561,4.253761423728415,0.8055965965995555,4.040440234677406,0.8537567626017724,3.8250099555425945,0.9141602339765129,3.7964482585701074,1.0029802322296506,3.551788745125474,1.044983598083186,3.443577559748,1.1155773085543725,3.2686334820533176,1.172677534166747,1.8639999999999999
5.229123569012303,0.6404986890988896,5.229123569012303,0.6404986890988896,5.229123569012303,0.6404986890988896,4.9629121420794835,0.6902931386581589,4.721172673181953,0.7289184900869584,4.457267407279937,0.7701997399127379,4.214732524134838,0.8127649090568669,4.001134089230206,0.8635200644194551,3.7984375906417105,0.9242518567329217,3.8745132778195526,1.0333601746138281,3.533377590917791,1.0514044864326335,3.4124797215514717,1.1244091735187802,3.1717275308575923,1.1743293421124914,0.22699999999999998
5.836299310350697,0.594731708446073,5.473832244415244,0.611788574178947,5.473832244415244,0.611788574178947,4.924339319137139,0.6957471083388654,4.678985466957553,0.7359604948353047,4.418767140277932,0.775924627844277,4.181744731568392,0.8206784322310511,3.964678106731993,0.8732064516749161,3.7739813632290207,0.9346244136110353,3.9084232281061912,1.0489431935883466,3.519281040212615,1.0627594567594305,3.380661226742486,1.1343103394985954,3.192889827413403,1.1965595329382521,1.5106000000000002
5.646232947727179,0.5992270480160031,5.646232947727179,0.5992270480160031,4.804778522471146,0.7148907227672487,4.804778522471146,0.7148907227672487,4.542831064435481,0.757314611358464,4.297747229654157,0.7973268447975714,4.076246177551103,0.8445512601808327,3.862793436102944,0.9032843788984642,3.6756500010202307,0.9624418166524185,3.5999648734397374,1.0386708646752227,3.4693042299573573,1.1069940307787216,3.303799704885271,1.1632456593749272,3.121199782135069,1.2304835983139368,1.2145000000000001
5.262520845564412,0.6269493497257447,5.262520845564412,0.6269493497257447,5.011373514317207,0.6857575909343582,4.765863969942914,0.7233995307767715,4.498203161263394,0.764269232695561,4.253761423728415,0.8055965965995555,4.040440234677406,0.8537567626017724,3.8250099555425945,0.9141602339765129,3.7964482585701074,1.0029802322296506,3.551788745125474,1.044983598083186,3.443577559748,1.1155773085543725,3.2686334820533176,1.172677534166747,3.1441383954908897,1.254326085404967,1.3062
5.229123569012303,0.6404986890988896,5.229123569012303,0.6404986890988896,4.9629121420794835,0.6902931386581589,4.721172673181953,0.7289184900869584,4.457267407279937,0.7701997399127379,4.214732524134838,0.8127649090568669,4.001134089230206,0.8635200644194551,3.7984375906417105,0.9242518567329217,3.8745132778195526,1.0333601746138281,3.533377590917791,1.0514044864326335,3.4124797215514717,1.1244091735187802,3.1717275308575923,1.1743293421124914,3.146541355202567,1.2702528861116256,1.2973000000000001
5.473832244415244,0.611788574178947,5.473832244415244,0.611788574178947,4.924339319137139,0.6957471083388654,4.678985466957553,0.7359604948353047,4.418767140277932,0.775924627844277,4.181744731568392,0.8206784322310511,3.964678106731993,0.8732064516749161,3.7739813632290207,0.9346244136110353,3.9084232281061912,1.0489431935883466,3.519281040212615,1.0627594567594305,3.380661226742486,1.1343103394985954,3.192889827413403,1.1965595329382521,3.1460076191897564,1.2885190612842148,1.2684
4.892379286196033,0.701615984435308,4.892379286196033,0.701615984435308,4.892379286196033,0.701615984435308,4.641326010958504,0.7425441817187015,4.3826663117330735,0.7824940089290247,4.154055630344879,0.8279662246022883,3.930502606537741,0.8828435153136831,3.7374416169353117,0.9440026107531354,3.76884185128535,1.0405426666794453,3.492256612850783,1.0754488981958499,3.3506083402868785,1.142526271758346,3.147748560479378,1.2019118452828135,3.1414222718380294,1.3057196736245107,1.7342
4.804778522471146,0.7148907227672487,4.804778522471146,0.7148907227672487,4.804778522471146,0.7148907227672487,4.542831064435481,0.757314611358464,4.297747229654157,0.7973268447975714,4.076246177551103,0.8445512601808327,3.862793436102944,0.9032843788984642,3.6756500010202307,0.9624418166524185,3.5999648734397374,1.0386708646752227,3.4693042299573573,1.1069940307787216,3.303799704885271,1.1632456593749272,3.121199782135069,1.2304835983139368,3.121667222815396,1.3380548150400717,1.4062
5.262520845564412,0.6269493497257447,5.011373514317207,0.6857575909343582,4.765863969942914,0.7233995307767715,4.498203161263394,0.764269232695561,4.253761423728415,0.8055965965995555,4.040440234677406,0.8537567626017724,3.8250099555425945,0.9141602339765129,3.7964482585701074,1.0029802322296506,3.551788745125474,1.044983598083186,3.443577559748,1.1155773085543725,3.2686334820533176,1.172677534166747,3.1441383954908897,1.254326085404967,3.123641184579305,1.353967752473762,1.7851
5.229123569012303,0.6404986890988896,4.9629121420794835,0.6902931386581589,4.721172673181953,0.7289184900869584,4.457267407279937,0.7701997399127379,4.214732524134838,0.8127649090568669,4.001134089230206,0.8635200644194551,3.7984375906417105,0.9242518567329217,3.8745132778195526,1.0333601746138281,3.533377590917791,1.0514044864326335,3.4124797215514717,1.1244091735187802,3.1717275308575923,1.1743293421124914,3.146541355202567,1.2702528861116256,3.1285830227117226,1.372541978361767,1.3062
4.924339319137139,0.6957471083388654,4.924339319137139,0.6957471083388654,4.678985466957553,0.7359604948353047,4.418767140277932,0.775924627844277,4.181744731568392,0.8206784322310511,3.964678106731993,0.8732064516749161,3.7739813632290207,0.9346244136110353,3.9084232281061912,1.0489431935883466,3.519281040212615,1.0627594567594305,3.380661226742486,1.1343103394985954,3.192889827413403,1.1965595329382521,3.1460076191897564,1.2885190612842148,3.146497940568212,1.3944506170535216,1.3549
4.892379286196033,0.701615984435308,4.892379286196033,0.701615984435308,4.641326010958504,0.7425441817187015,4.3826663117330735,0.7824940089290247,4.154055630344879,0.8279662246022883,3.930502606537741,0.8828435153136831,3.7374416169353117,0.9440026107531354,3.76884185128535,1.0405426666794453,3.492256612850783,1.0754488981958499,3.3506083402868785,1.142526271758346,3.147748560479378,1.2019118452828135,3.1414222718380294,1.3057196736245107,3.1479415401179254,1.4127345437952745,1.2106
4.8526955849300935,0.7072449463962392,4.8526955849300935,0.7072449463962392,4.8526955849300935,0.7072449463962392,4.339558201015396,0.7898954444671585,4.108954263556606,0.8370134302732527,3.901062779551235,0.8897940816042356,3.6995256304018254,0.9517440310836435,3.6668544367072973,1.036877894855134,3.4774998202731826,1.0917158595401777,3.3104102978331853,1.15064890496829,3.076387001012713,1.2085140956951632,3.0928371990778984,1.3179522079542718,3.155298390010046,1.4305083209246847,1.2569000000000001
4.804778522471146,0.7148907227672487,4.804778522471146,0.7148907227672487,4.542831064435481,0.757314611358464,4.297747229654157,0.7973268447975714,4.076246177551103,0.8445512601808327,3.862793436102944,0.9032843788984642,3.6756500010202307,0.9624418166524185,3.5999648734397374,1.0386708646752227,3.4693042299573573,1.1069940307787216,3.303799704885271,1.1632456593749272,3.121199782135069,1.2304835983139368,3.121667222815396,1.3380548150400717,3.1566363886263487,1.4475690508697878,1.0589
5.011373514317207,0.6857575909343582,4.765863969942914,0.7233995307767715,4.498203161263394,0.764269232695561,4.253761423728415,0.8055965965995555,4.040440234677406,0.8537567626017724,3.8250099555425945,0.9141602339765129,3.7964482585701074,1.0029802322296506,3.551788745125474,1.044983598083186,3.443577559748,1.1155773085543725,3.2686334820533176,1.172677534166747,3.1441383954908897,1.254326085404967,3.123641184579305,1.353967752473762,3.1603398693811378,1.46539105172751,0.9961000000000001
4.9629121420794835,0.6902931386581589,4.721172673181953,0.7289184900869584,4.457267407279937,0.7701997399127379,4.214732524134838,0.8127649090568669,4.001134089230206,0.8635200644194551,3.7984375906417105,0.9242518567329217,3.8745132778195526,1.0333601746138281,3.533377590917791,1.0514044864326335,3.4124797215514717,1.1244091735187802,3.1717275308575923,1.1743293421124914,3.146541355202567,1.2702528861116256,3.1285830227117226,1.372541978361767,3.156178860584427,1.482918911401339,0.9282
4.924339319137139,0.6957471083388654,4.678985466957553,0.7359604948353047,4.418767140277932,0.775924627844277,4.181744731568392,0.8206784322310511,3.964678106731993,0.8732064516749161,3.7739813632290207,0.9346244136110353,3.9084232281061912,1.0489431935883466,3.519281040212615,1.0627594567594305,3.380661226742486,1.1343103394985954,3.192889827413403,1.1965595329382521,3.1460076191897564,1.2885190612842148,3.146497940568212,1.3944506170535216,3.1566654447375293,1.5001885429762796,1.1477000000000002
4.892379286196033,0.701615984435308,4.641326010958504,0.7425441817187015,4.3826663117330735,0.7824940089290247,4.154055630344879,0.8279662246022883,3.930502606537741,0.8828435153136831,3.7374416169353117,0.9440026107531354,3.76884185128535,1.0405426666794453,3.492256612850783,1.0754488981958499,3.3506083402868785,1.142526271758346,3.147748560479378,1.2019118452828135,3.1414222718380294,1.3057196736245107,3.1479415401179254,1.4127345437952745,3.1499047255432995,1.519120975468436,1.0158
4.8526955849300935,0.7072449463962392,4.8526955849300935,0.7072449463962392,4.339558201015396,0.7898954444671585,4.108954263556606,0.8370134302732527,3.901062779551235,0.8897940816042356,3.6995256304018254,0.9517440310836435,3.6668544367072973,1.036877894855134,3.4774998202731826,1.0917158595401777,3.3104102978331853,1.15064890496829,3.076387001012713,1.2085140956951632,3.0928371990778984,1.3179522079542718,3.155298390010046,1.4305083209246847,3.147435263829899,1.537588587792286,1.0709
4.804778522471146,0.7148907227672487,4.542831064435481,0.757314611358464,4.297747229654157,0.7973268447975714,4.076246177551103,0.8445512601808327,3.862793436102944,0.9032843788984642,3.6756500010202307,0.9624418166524185,3.5999648734397374,1.0386708646752227,3.4693042299573573,1.1069940307787216,3.303799704885271,1.1632456593749272,3.121199782135069,1.2304835983139368,3.121667222815396,1.3380548150400717,3.1566363886263487,1.4475690508697878,3.149068898896944,1.5554896174875905,1.1886
4.721172673181953,0.7289184900869584,4.457267407279937,0.7701997399127379,4.214732524134838,0.8127649090568669,4.001134089230206,0.8635200644194551,3.7984375906417105,0.9242518567329217,3.8745132778195526,1.0333601746138281,3.533377590917791,1.0514044864326335,3.4124797215514717,1.1244091735187802,3.1717275308575923,1.1743293421124914,3.146541355202567,1.2702528861116256,3.1285830227117226,1.372541978361767,3.156178860584427,1.482918911401339,3.157603852607226,1.5867901485105387,1.1259000000000001
4.498203161263394,0.764269232695561,4.253761423728415,0.8055965965995555,4.040440234677406,0.8537567626017724,3.8250099555425945,0.9141602339765129,3.7964482585701074,1.0029802322296506,3.551788745125474,1.044983598083186,3.443577559748,1.1155773085543725,3.2686334820533176,1.172677534166747,3.1441383954908897,1.254326085404967,3.123641184579305,1.353967752473762,3.1603398693811378,1.46539105172751,3.15280045832273,1.5713355299905472,3.15280045832273,1.5713355299905472,1.245
4.457267407279937,0.7701997399127379,4.214732524134838,0.8127649090568669,4.001134089230206,0.8635200644194551,3.7984375906417105,0.9242518567329217,3.8745132778195526,1.0333601746138281,3.533377590917791,1.0514044864326335,3.4124797215514717,1.1244091735187802,3.1717275308575923,1.1743293421124914,3.146541355202567,1.2702528861116256,3.1285830227117226,1.372541978361767,3.156178860584427,1.482918911401339,3.157603852607226,1.5867901485105387,3.157603852607226,1.5867901485105387,1.345
4.339558201015396,0.7898954444671585,4.108954263556606,0.8370134302732527,3.901062779551235,0.8897940816042356,3.6995256304018254,0.9517440310836435,3.6668544367072973,1.036877894855134,3.4774998202731826,1.0917158595401777,3.3104102978331853,1.15064890496829,3.076387001012713,1.2085140956951632,3.0928371990778984,1.3179522079542718,3.155298390010046,1.4305083209246847,3.147435263829899,1.537588587792286,3.147435263829899,1.537588587792286,3.147435263829899,1.537588587792286,1.1961
4.297747229654157,0.7973268447975714,4.076246177551103,0.8445512601808327,3.862793436102944,0.9032843788984642,3.6756500010202307,0.9624418166524185,3.5999648734397374,1.0386708646752227,3.4693042299573573,1.1069940307787216,3.303799704885271,1.1632456593749272,3.121199782135069,1.2304835983139368,3.121667222815396,1.3380548150400717,3.1566363886263487,1.4475690508697878,3.149068898896944,1.5554896174875905,3.149068898896944,1.5554896174875905,3.149068898896944,1.5554896174875905,1.3193
4.253761423728415,0.8055965965995555,4.040440234677406,0.8537567626017724,3.8250099555425945,0.9141602339765129,3.7964482585701074,1.0029802322296506,3.551788745125474,1.044983598083186,3.443577559748,1.1155773085543725,3.2686334820533176,1.172677534166747,3.1441383954908897,1.254326085404967,3.123641184579305,1.353967752473762,3.1603398693811378,1.46539105172751,3.15280045832273,1.5713355299905472,3.15280045832273,1.5713355299905472,3.234892370697983,1.7591161632178243,0.9963
4.214732524134838,0.8127649090568669,4.001134089230206,0.8635200644194551,3.7984375906417105,0.9242518567329217,3.8745132778195526,1.0333601746138281,3.533377590917791,1.0514044864326335,3.4124797215514717,1.1244091735187802,3.1717275308575923,1.1743293421124914,3.146541355202567,1.2702528861116256,3.1285830227117226,1.372541978361767,3.156178860584427,1.482918911401339,3.157603852607226,1.5867901485105387,3.157603852607226,1.5867901485105387,3.2496465177000418,1.7774557426254929,1.0189
4.181744731568392,0.8206784322310511,3.964678106731993,0.8732064516749161,3.7739813632290207,0.9346244136110353,3.9084232281061912,1.0489431935883466,3.519281040212615,1.0627594567594305,3.380661226742486,1.1343103394985954,3.192889827413403,1.1965595329382521,3.1460076191897564,1.2885190612842148,3.146497940568212,1.3944506170535216,3.1566654447375293,1.5001885429762796,3.1566654447375293,1.5001885429762796,3.2014659845139692,1.6984909832491106,3.271289360481581,1.7930859945222164,1.1753
4.154055630344879,0.8279662246022883,3.930502606537741,0.8828435153136831,3.7374416169353117,0.9440026107531354,3.76884185128535,1.0405426666794453,3.492256612850783,1.0754488981958499,3.3506083402868785,1.142526271758346,3.147748560479378,1.2019118452828135,3.1414222718380294,1.3057196736245107,3.1479415401179254,1.4127345437952745,3.1499047255432995,1.519120975468436,3.1695893487958346,1.6183914354502902,3.2264575388496928,1.7127591290594442,3.292161703197458,1.8069343992265816,1.2047999999999999
4.076246177551103,0.8445512601808327,3.862793436102944,0.9032843788984642,3.6756500010202307,0.9624418166524185,3.5999648734397374,1.0386708646752227,3.4693042299573573,1.1069940307787216,3.303799704885271,1.1632456593749272,3.121199782135069,1.2304835983139368,3.121667222815396,1.3380548150400717,3.1566363886263487,1.4475690508697878,3.149068898896944,1.5554896174875905,3.149068898896944,1.5554896174875905,3.3321894814070845,1.8375905838899929,3.3321894814070845,1.8375905838899929,1.0273
4.001134089230206,0.8635200644194551,3.7984375906417105,0.9242518567329217,3.8745132778195526,1.0333601746138281,3.533377590917791,1.0514044864326335,3.4124797215514717,1.1244091735187802,3.1717275308575923,1.1743293421124914,3.146541355202567,1.2702528861116256,3.1285830227117226,1.372541978361767,3.156178860584427,1.482918911401339,3.157603852607226,1.5867901485105387,3.157603852607226,1.5867901485105387,3.2496465177000418,1.7774557426254929,3.366439830146977,1.8603496677607856,0.8294999999999999
3.964678106731993,0.8732064516749161,3.7739813632290207,0.9346244136110353,3.9084232281061912,1.0489431935883466,3.519281040212615,1.0627594567594305,3.380661226742486,1.1343103394985954,3.192889827413403,1.1965595329382521,3.1460076191897564,1.2885190612842148,3.146497940568212,1.3944506170535216,3.1566654447375293,1.5001885429762796,3.1566654447375293,1.5001885429762796,3.2014659845139692,1.6984909832491106,3.271289360481581,1.7930859945222164,3.271289360481581,1.7930859945222164,1.0601
3.901062779551235,0.8897940816042356,3.6995256304018254,0.9517440310836435,3.6668544367072973,1.036877894855134,3.4774998202731826,1.0917158595401777,3.3104102978331853,1.15064890496829,3.076387001012713,1.2085140956951632,3.0928371990778984,1.3179522079542718,3.155298390010046,1.4305083209246847,3.147435263829899,1.537588587792286,3.147435263829899,1.537588587792286,3.314052825469143,1.822288411521609,3.314052825469143,1.822288411521609,3.4037959427674265,1.9026364748828737,1.0070999999999999
3.8250099555425945,0.9141602339765129,3.7964482585701074,1.0029802322296506,3.551788745125474,1.044983598083186,3.443577559748,1.1155773085543725,3.2686334820533176,1.172677534166747,3.1441383954908897,1.254326085404967,3.123641184579305,1.353967752473762,3.1603398693811378,1.46539105172751,3.15280045832273,1.5713355299905472,3.15280045832273,1.5713355299905472,3.234892370697983,1.7591161632178243,3.234892370697983,1.7591161632178243,3.4502794321619814,1.9297298237350395,0.8817
3.7374416169353117,0.9440026107531354,3.76884185128535,1.0405426666794453,3.492256612850783,1.0754488981958499,3.3506083402868785,1.142526271758346,3.147748560479378,1.2019118452828135,3.1414222718380294,1.3057196736245107,3.1479415401179254,1.4127345437952745,3.1499047255432995,1.519120975468436,3.1695893487958346,1.6183914354502902,3.2264575388496928,1.7127591290594442,3.292161703197458,1.8069343992265816,3.3865605752739785,1.8873457440523929,3.3865605752739785,1.8873457440523929,0.7575
7.1340033319308125,-2.257391773267419,7.267741449721501,-2.256008866771189,7.385179923332944,-2.258088291771134,7.5899073518719575,-2.2523255099480504,7.763972726639374,-2.248242764946777,7.672591539369212,-2.239986497372489,7.830283592565468,-2.2556793945826863,7.814344044128079,-2.2525082763135367,7.789266720301724,-2.259472377593096,7.792669632417374,-2.253112881669644,7.860094664188215,-2.241249483371364,7.923720520689762,-2.2340167234799733,7.846064147073998,-2.2433198806559282,0.6964
7.1165772735213055,-2.2615315154431688,7.296936988216362,-2.255446856470302,7.400730688925247,-2.2586887128679085,7.615012426122494,-2.2533039796846768,7.778819731167446,-2.2492815998626785,7.6733556792318725,-2.2430684799576293,7.788353413270355,-2.256496025598743,7.8164480449882126,-2.2499528953154426,7.758253628233609,-2.262398968579824,7.827910542411686,-2.2503634074177064,7.83574407953705,-2.241335814054094,7.921553549651733,-2.2322292227725624,7.904446688415323,-2.2400781867526587,0.5517000000000001
7.15684129277714,-2.2612320114750157,7.305271101061206,-2.2569727331922684,7.421642741334294,-2.2591462088332395,7.6488373560953695,-2.25109302831145,7.749415893472234,-2.2532418264561493,7.690666036176577,-2.247450182317882,7.816785852254107,-2.2563962217072957,7.79585253067296,-2.2535745667501716,7.753569170388562,-2.2614260866880382,7.824008932126804,-2.2500105073624295,7.861634214970829,-2.2372692348550722,7.880056946494738,-2.234303701720668,7.865028301284115,-2.2440817700234295,1.758
7.149322760933372,-2.2613206140558035,7.3065601160874625,-2.2586337737771824,7.4426743909699535,-2.259831752976355,7.676995879248598,-2.2503036713374915,7.726529748858796,-2.257139599364357,7.767495477951696,-2.252594556095165,7.837526939666621,-2.251718480235391,7.807222319109404,-2.2542890235169724,7.739554297890801,-2.2612631395899694,7.840691492464168,-2.2508993188075133,7.819873823150856,-2.2405463975540556,7.87003066067725,-2.234654543741766,7.809295892716575,-2.2483070569705776,-0.09549999999999992
7.1750160369158715,-2.2614534810017792,7.323960847792677,-2.2594386205745023,7.4936799664784175,-2.2562704511152827,7.687516500144892,-2.2505693758218084,7.699137256861971,-2.2466833480119783,7.8397128365776245,-2.252609230550678,7.841516475784511,-2.24838928279534,7.824939842580257,-2.255247213198816,7.743013587099016,-2.2564976684055407,7.857733874343161,-2.2468927557265435,7.876675301166097,-2.2372532987506557,7.914085777270809,-2.2396625290098706,7.762265510145863,-2.2412799464881794,1.3549
7.218116270883977,-2.2602397052910694,7.369237513474509,-2.2574414685767583,7.5363782601459155,-2.2535943242094776,7.729335061957141,-2.2483276286460105,7.785289266302181,-2.2548773922049157,7.8568602437615,-2.25434703582915,7.844896789633375,-2.2469308076670305,7.798854014533161,-2.259008641493661,7.737407798481351,-2.257224214951487,7.830864935624929,-2.2483692299848745,7.90631915685169,-2.235512438229349,7.870331675984182,-2.2357543404308604,7.768429164895565,-2.2325157685219374,-0.11390000000000011
7.267741449721501,-2.256008866771189,7.385179923332944,-2.258088291771134,7.5899073518719575,-2.2523255099480504,7.763972726639374,-2.248242764946777,7.672591539369212,-2.239986497372489,7.830283592565468,-2.2556793945826863,7.814344044128079,-2.2525082763135367,7.789266720301724,-2.259472377593096,7.792669632417374,-2.253112881669644,7.860094664188215,-2.241249483371364,7.923720520689762,-2.2340167234799733,7.846064147073998,-2.2433198806559282,7.724419248720253,-2.231014033909346,1.2086000000000001
7.296936988216362,-2.255446856470302,7.400730688925247,-2.2586887128679085,7.615012426122494,-2.2533039796846768,7.778819731167446,-2.2492815998626785,7.6733556792318725,-2.2430684799576293,7.788353413270355,-2.256496025598743,7.8164480449882126,-2.2499528953154426,7.758253628233609,-2.262398968579824,7.827910542411686,-2.2503634074177064,7.83574407953705,-2.241335814054094,7.921553549651733,-2.2322292227725624,7.904446688415323,-2.2400781867526587,7.732945266843678,-2.2336315067931665,0.9134
7.305271101061206,-2.2569727331922684,7.421642741334294,-2.2591462088332395,7.6488373560953695,-2.25109302831145,7.749415893472234,-2.2532418264561493,7.690666036176577,-2.247450182317882,7.816785852254107,-2.2563962217072957,7.79585253067296,-2.2535745667501716,7.753569170388562,-2.2614260866880382,7.824008932126804,-2.2500105073624295,7.861634214970829,-2.2372692348550722,7.880056946494738,-2.234303701720668,7.865028301284115,-2.2440817700234295,7.703810845289489,-2.228984201628812,1.0163
7.3065601160874625,-2.2586337737771824,7.4426743909699535,-2.259831752976355,7.676995879248598,-2.2503036713374915,7.726529748858796,-2.257139599364357,7.767495477951696,-2.252594556095165,7.837526939666621,-2.251718480235391,7.807222319109404,-2.2542890235169724,7.739554297890801,-2.2612631395899694,7.840691492464168,-2.2508993188075133,7.819873823150856,-2.2405463975540556,7.87003066067725,-2.234654543741766,7.809295892716575,-2.2483070569705776,7.676959700949328,-2.226372821742397,-5.8307
7.323960847792677,-2.2594386205745023,7.4936799664784175,-2.2562704511152827,7.687516500144892,-2.2505693758218084,7.699137256861971,-2.2466833480119783,7.8397128365776245,-2.252609230550678,7.841516475784511,-2.24838928279534,7.824939842580257,-2.255247213198816,7.743013587099016,-2.2564976684055407,7.857733874343161,-2.2468927557265435,7.876675301166097,-2.2372532987506557,7.914085777270809,-2.2396625290098706,7.762265510145863,-2.2412799464881794,7.643435761488415,-2.2254549532422314,-3.2924
7.369237513474509,-2.2574414685767583,7.5363782601459155,-2.2535943242094776,7.729335061957141,-2.2483276286460105,7.785289266302181,-2.2548773922049157,7.8568602437615,-2.25434703582915,7.844896789633375,-2.2469308076670305,7.798854014533161,-2.259008641493661,7.737407798481351,-2.257224214951487,7.830864935624929,-2.2483692299848745,7.90631915685169,-2.235512438229349,7.870331675984182,-2.2357543404308604,7.768429164895565,-2.2325157685219374,7.802379639571513,-2.208314609753441,0.6132
7.385179923332944,-2.258088291771134,7.5899073518719575,-2.2523255099480504,7.763972726639374,-2.248242764946777,7.672591539369212,-2.239986497372489,7.830283592565468,-2.2556793945826863,7.814344044128079,-2.2525082763135367,7.789266720301724,-2.259472377593096,7.792669632417374,-2.253112881669644,7.860094664188215,-2.241249483371364,7.923720520689762,-2.2340167234799733,7.846064147073998,-2.2433198806559282,7.724419248720253,-2.231014033909346,7.595327198350308,-2.2235795916468346,-3.6334
7.400730688925247,-2.2586887128679085,7.615012426122494,-2.2533039796846768,7.778819731167446,-2.2492815998626785,7.6733556792318725,-2.2430684799576293,7.788353413270355,-2.256496025598743,7.8164480449882126,-2.2499528953154426,7.758253628233609,-2.262398968579824,7.827910542411686,-2.2503634074177064,7.83574407953705,-2.241335814054094,7.921553549651733,-2.2322292227725624,7.904446688415323,-2.2400781867526587,7.732945266843678,-2.2336315067931665,7.571814563233835,-2.220686964649126,0.1411
7.421642741334294,-2.2591462088332395,7.6488373560953695,-2.25109302831145,7.749415893472234,-2.2532418264561493,7.690666036176577,-2.247450182317882,7.816785852254107,-2.2563962217072957,7.79585253067296,-2.2535745667501716,7.753569170388562,-2.2614260866880382,7.824008932126804,-2.2500105073624295,7.861634214970829,-2.2372692348550722,7.880056946494738,-2.234303701720668,7.865028301284115,-2.2440817700234295,7.703810845289489,-2.228984201628812,7.671101697279217,-2.2091482176384334,1.2121
7.4426743909699535,-2.259831752976355,7.676995879248598,-2.2503036713374915,7.726529748858796,-2.257139599364357,7.767495477951696,-2.252594556095165,7.837526939666621,-2.251718480235391,7.807222319109404,-2.2542890235169724,7.739554297890801,-2.2612631395899694,7.840691492464168,-2.2508993188075133,7.819873823150856,-2.2405463975540556,7.87003066067725,-2.234654543741766,7.809295892716575,-2.2483070569705776,7.676959700949328,-2.226372821742397,7.664043718560067,-2.2070061808440498,1.1965
7.4936799664784175,-2.2562704511152827,7.687516500144892,-2.2505693758218084,7.699137256861971,-2.2466833480119783,7.8397128365776245,-2.252609230550678,7.841516475784511,-2.24838928279534,7.824939842580257,-2.255247213198816,7.743013587099016,-2.2564976684055407,7.857733874343161,-2.2468927557265435,7.876675301166097,-2.2372532987506557,7.914085777270809,-2.2396625290098706,7.762265510145863,-2.2412799464881794,7.643435761488415,-2.2254549532422314,7.590628233552216,-2.210732505718896,1.5153
7.5363782601459155,-2.2535943242094776,7.729335061957141,-2.2483276286460105,7.785289266302181,-2.2548773922049157,7.8568602437615,-2.25434703582915,7.844896789633375,-2.2469308076670305,7.798854014533161,-2.259008641493661,7.737407798481351,-2.257224214951487,7.830864935624929,-2.2483692299848745,7.90631915685169,-2.235512438229349,7.870331675984182,-2.2357543404308604,7.768429164895565,-2.2325157685219374,7.802379639571513,-2.208314609753441,7.548321700881595,-2.2118995492681917,0.8467
7.5899073518719575,-2.2523255099480504,7.763972726639374,-2.248242764946777,7.672591539369212,-2.239986497372489,7.830283592565468,-2.2556793945826863,7.814344044128079,-2.2525082763135367,7.789266720301724,-2.259472377593096,7.792669632417374,-2.253112881669644,7.860094664188215,-2.241249483371364,7.923720520689762,-2.2340167234799733,7.846064147073998,-2.2433198806559282,7.724419248720253,-2.231014033909346,7.595327198350308,-2.2235795916468346,7.499788439682816,-2.2100253020848304,0.6706999999999999
7.615012426122494,-2.2533039796846768,7.778819731167446,-2.2492815998626785,7.6733556792318725,-2.2430684799576293,7.788353413270355,-2.256496025598743,7.8164480449882126,-2.2499528953154426,7.758253628233609,-2.262398968579824,7.827910542411686,-2.2503634074177064,7.83574407953705,-2.241335814054094,7.921553549651733,-2.2322292227725624,7.904446688415323,-2.2400781867526587,7.732945266843678,-2.2336315067931665,7.571814563233835,-2.220686964649126,7.473076994116951,-2.2078154551068416,-4.4542
7.6488373560953695,-2.25109302831145,7.749415893472234,-2.2532418264561493,7.690666036176577,-2.247450182317882,7.816785852254107,-2.2563962217072957,7.79585253067296,-2.2535745667501716,7.753569170388562,-2.2614260866880382,7.824008932126804,-2.2500105073624295,7.861634214970829,-2.2372692348550722,7.880056946494738,-2.234303701720668,7.865028301284115,-2.2440817700234295,7.703810845289489,-2.228984201628812,7.671101697279217,-2.2091482176384334,7.449910458522307,-2.205776424691657,0.0129999999999999
7.676995879248598,-2.2503036713374915,7.726529748858796,-2.257139599364357,7.767495477951696,-2.252594556095165,7.837526939666621,-2.251718480235391,7.807222319109404,-2.2542890235169724,7.739554297890801,-2.2612631395899694,7.840691492464168,-2.2508993188075133,7.819873823150856,-2.2405463975540556,7.87003066067725,-2.234654543741766,7.809295892716575,-2.2483070569705776,7.676959700949328,-2.226372821742397,7.664043718560067,-2.2070061808440498,7.570000276089819,-2.1914235792079446,0.3555999999999999
7.687516500144892,-2.2505693758218084,7.699137256861971,-2.2466833480119783,7.8397128365776245,-2.252609230550678,7.841516475784511,-2.24838928279534,7.824939842580257,-2.255247213198816,7.743013587099016,-2.2564976684055407,7.857733874343161,-2.2468927557265435,7.876675301166097,-2.2372532987506557,7.914085777270809,-2.2396625290098706,7.762265510145863,-2.2412799464881794,7.643435761488415,-2.2254549532422314,7.590628233552216,-2.210732505718896,7.567725054466502,-2.1900473492078287,0.4666999999999999
7.729335061957141,-2.2483276286460105,7.785289266302181,-2.2548773922049157,7.8568602437615,-2.25434703582915,7.844896789633375,-2.2469308076670305,7.798854014533161,-2.259008641493661,7.737407798481351,-2.257224214951487,7.830864935624929,-2.2483692299848745,7.90631915685169,-2.235512438229349,7.870331675984182,-2.2357543404308604,7.768429164895565,-2.2325157685219374,7.802379639571513,-2.208314609753441,7.548321700881595,-2.2118995492681917,7.554880352460915,-2.1889839409938903,1.1255000000000002
7.763972726639374,-2.248242764946777,7.672591539369212,-2.239986497372489,7.830283592565468,-2.2556793945826863,7.814344044128079,-2.2525082763135367,7.789266720301724,-2.259472377593096,7.792669632417374,-2.253112881669644,7.860094664188215,-2.241249483371364,7.923720520689762,-2.2340167234799733,7.846064147073998,-2.2433198806559282,7.724419248720253,-2.231014033909346,7.595327198350308,-2.2235795916468346,7.499788439682816,-2.2100253020848304,7.538863923032436,-2.188216278992325,0.5535000000000001
7.778819731167446,-2.2492815998626785,7.6733556792318725,-2.2430684799576293,7.788353413270355,-2.256496025598743,7.8164480449882126,-2.2499528953154426,7.758253628233609,-2.262398968579824,7.827910542411686,-2.2503634074177064,7.83574407953705,-2.241335814054094,7.921553549651733,-2.2322292227725624,7.904446688415323,-2.2400781867526587,7.732945266843678,-2.2336315067931665,7.571814563233835,-2.220686964649126,7.473076994116951,-2.2078154551068416,7.500916377350171,-2.1878842580266857,1.3101999999999998
7.749415893472234,-2.2532418264561493,7.690666036176577,-2.247450182317882,7.816785852254107,-2.2563962217072957,7.79585253067296,-2.2535745667501716,7.753569170388562,-2.2614260866880382,7.824008932126804,-2.2500105073624295,7.861634214970829,-2.2372692348550722,7.880056946494738,-2.234303701720668,7.865028301284115,-2.2440817700234295,7.703810845289489,-2.228984201628812,7.671101697279217,-2.2091482176384334,7.449910458522307,-2.205776424691657,7.482614699421587,-2.1871618786290643,0.8903
7.726529748858796,-2.257139599364357,7.767495477951696,-2.252594556095165,7.837526939666621,-2.251718480235391,7.807222319109404,-2.2542890235169724,7.739554297890801,-2.2612631395899694,7.840691492464168,-2.2508993188075133,7.819873823150856,-2.2405463975540556,7.87003066067725,-2.234654543741766,7.809295892716575,-2.2483070569705776,7.676959700949328,-2.226372821742397,7.664043718560067,-2.2070061808440498,7.570000276089819,-2.1914235792079446,7.4403919661533955,-2.188728792339891,-0.9584999999999999
7.699137256861971,-2.2466833480119783,7.8397128365776245,-2.252609230550678,7.841516475784511,-2.24838928279534,7.824939842580257,-2.255247213198816,7.743013587099016,-2.2564976684055407,7.857733874343161,-2.2468927557265435,7.876675301166097,-2.2372532987506557,7.914085777270809,-2.2396625290098706,7.762265510145863,-2.2412799464881794,7.643435761488415,-2.2254549532422314,7.590628233552216,-2.210732505718896,7.567725054466502,-2.1900473492078287,7.413579033773092,-2.187014379546624,-0.27760000000000007
7.785289266302181,-2.2548773922049157,7.8568602437615,-2.25434703582915,7.844896789633375,-2.2469308076670305,7.798854014533161,-2.259008641493661,7.737407798481351,-2.257224214951487,7.830864935624929,-2.2483692299848745,7.90631915685169,-2.235512438229349,7.870331675984182,-2.2357543404308604,7.768429164895565,-2.2325157685219374,7.802379639571513,-2.208314609753441,7.548321700881595,-2.2118995492681917,7.554880352460915,-2.1889839409938903,7.442813818711309,-2.1821992228955116,0.41180000000000005
7.672591539369212,-2.239986497372489,7.830283592565468,-2.2556793945826863,7.814344044128079,-2.2525082763135367,7.789266720301724,-2.259472377593096,7.792669632417374,-2.253112881669644,7.860094664188215,-2.241249483371364,7.923720520689762,-2.2340167234799733,7.846064147073998,-2.2433198806559282,7.724419248720253,-2.231014033909346,7.595327198350308,-2.2235795916468346,7.499788439682816,-2.2100253020848304,7.538863923032436,-2.188216278992325,7.454228258512074,-2.180455146044168,0.25960000000000005
7.6733556792318725,-2.2430684799576293,7.788353413270355,-2.256496025598743,7.8164480449882126,-2.2499528953154426,7.758253628233609,-2.262398968579824,7.827910542411686,-2.2503634074177064,7.83574407953705,-2.241335814054094,7.921553549651733,-2.2322292227725624,7.904446688415323,-2.2400781867526587,7.732945266843678,-2.2336315067931665,7.571814563233835,-2.220686964649126,7.473076994116951,-2.2078154551068416,7.500916377350171,-2.1878842580266857,7.44158420297721,-2.1785124704371883,0.9966
7.690666036176577,-2.247450182317882,7.816785852254107,-2.2563962217072957,7.79585253067296,-2.2535745667501716,7.753569170388562,-2.2614260866880382,7.824008932126804,-2.2500105073624295,7.861634214970829,-2.2372692348550722,7.880056946494738,-2.234303701720668,7.865028301284115,-2.2440817700234295,7.703810845289489,-2.228984201628812,7.671101697279217,-2.2091482176384334,7.449910458522307,-2.205776424691657,7.482614699421587,-2.1871618786290643,7.432277704714754,-2.17704047783882,-0.24570000000000003
7.767495477951696,-2.252594556095165,7.837526939666621,-2.251718480235391,7.807222319109404,-2.2542890235169724,7.739554297890801,-2.2612631395899694,7.840691492464168,-2.2508993188075133,7.819873823150856,-2.2405463975540556,7.87003066067725,-2.234654543741766,7.809295892716575,-2.2483070569705776,7.676959700949328,-2.226372821742397,7.664043718560067,-2.2070061808440498,7.570000276089819,-2.1914235792079446,7.4403919661533955,-2.188728792339891,7.384262390381316,-2.17232831863583,0.9251999999999998
7.8397128365776245,-2.252609230550678,7.841516475784511,-2.24838928279534,7.824939842580257,-2.255247213198816,7.743013587099016,-2.2564976684055407,7.857733874343161,-2.2468927557265435,7.876675301166097,-2.2372532987506557,7.914085777270809,-2.2396625290098706,7.762265510145863,-2.2412799464881794,7.643435761488415,-2.2254549532422314,7.590628233552216,-2.210732505718896,7.567725054466502,-2.1900473492078287,7.413579033773092,-2.187014379546624,7.394252628900366,-2.17181112630023,0.9728
7.8568602437615,-2.25434703582915,7.844896789633375,-2.2469308076670305,7.798854014533161,-2.259008641493661,7.737407798481351,-2.257224214951487,7.830864935624929,-2.2483692299848745,7.90631915685169,-2.235512438229349,7.870331675984182,-2.2357543404308604,7.768429164895565,-2.2325157685219374,7.802379639571513,-2.208314609753441,7.548321700881595,-2.2118995492681917,7.554880352460915,-2.1889839409938903,7.442813818711309,-2.1821992228955116,7.363019318866411,-2.168860218770919,0.7169999999999999
7.830283592565468,-2.2556793945826863,7.814344044128079,-2.2525082763135367,7.789266720301724,-2.259472377593096,7.792669632417374,-2.253112881669644,7.860094664188215,-2.241249483371364,7.923720520689762,-2.2340167234799733,7.846064147073998,-2.2433198806559282,7.724419248720253,-2.231014033909346,7.595327198350308,-2.2235795916468346,7.499788439682816,-2.2100253020848304,7.538863923032436,-2.188216278992325,7.454228258512074,-2.180455146044168,7.33309313864211,-2.165209753545789,0.6516
7.788353413270355,-2.256496025598743,7.8164480449882126,-2.2499528953154426,7.758253628233609,-2.262398968579824,7.827910542411686,-2.2503634074177064,7.83574407953705,-2.241335814054094,7.921553549651733,-2.2322292227725624,7.904446688415323,-2.2400781867526587,7.732945266843678,-2.2336315067931665,7.571814563233835,-2.220686964649126,7.473076994116951,-2.2078154551068416,7.500916377350171,-2.1878842580266857,7.44158420297721,-2.1785124704371883,7.308181794400027,-2.16186914107597,0.9713
7.816785852254107,-2.2563962217072957,7.79585253067296,-2.2535745667501716,7.753569170388562,-2.2614260866880382,7.824008932126804,-2.2500105073624295,7.861634214970829,-2.2372692348550722,7.880056946494738,-2.234303701720668,7.865028301284115,-2.2440817700234295,7.703810845289489,-2.228984201628812,7.671101697279217,-2.2091482176384334,7.449910458522307,-2.205776424691657,7.482614699421587,-2.1871618786290643,7.432277704714754,-2.17704047783882,7.28721197990013,-2.1599178897755897,0.871
7.837526939666621,-2.251718480235391,7.807222319109404,-2.2542890235169724,7.739554297890801,-2.2612631395899694,7.840691492464168,-2.2508993188075133,7.819873823150856,-2.2405463975540556,7.87003066067725,-2.234654543741766,7.809295892716575,-2.2483070569705776,7.676959700949328,-2.226372821742397,7.664043718560067,-2.2070061808440498,7.570000276089819,-2.1914235792079446,7.4403919661533955,-2.188728792339891,7.384262390381316,-2.17232831863583,7.259545639363389,-2.1565868657622747,1.2987
7.841516475784511,-2.24838928279534,7.824939842580257,-2.255247213198816,7.743013587099016,-2.2564976684055407,7.857733874343161,-2.2468927557265435,7.876675301166097,-2.2372532987506557,7.914085777270809,-2.2396625290098706,7.762265510145863,-2.2412799464881794,7.643435761488415,-2.2254549532422314,7.590628233552216,-2.210732505718896,7.567725054466502,-2.1900473492078287,7.413579033773092,-2.187014379546624,7.394252628900366,-2.17181112630023,7.232692101838701,-2.1544887444375287,2.1029
7.844896789633375,-2.2469308076670305,7.798854014533161,-2.259008641493661,7.737407798481351,-2.257224214951487,7.830864935624929,-2.2483692299848745,7.90631915685169,-2.235512438229349,7.870331675984182,-2.2357543404308604,7.768429164895565,-2.2325157685219374,7.802379639571513,-2.208314609753441,7.548321700881595,-2.2118995492681917,7.554880352460915,-2.1889839409938903,7.442813818711309,-2.1821992228955116,7.363019318866411,-2.168860218770919,7.189432289131037,-2.154262204477196,1.9406
7.814344044128079,-2.2525082763135367,7.789266720301724,-2.259472377593096,7.792669632417374,-2.253112881669644,7.860094664188215,-2.241249483371364,7.923720520689762,-2.2340167234799733,7.846064147073998,-2.2433198806559282,7.724419248720253,-2.231014033909346,7.595327198350308,-2.2235795916468346,7.499788439682816,-2.2100253020848304,7.538863923032436,-2.188216278992325,7.454228258512074,-2.180455146044168,7.33309313864211,-2.165209753545789,7.1239045508765795,-2.1583044899180606,0.8378999999999999
7.8164480449882126,-2.2499528953154426,7.758253628233609,-2.262398968579824,7.827910542411686,-2.2503634074177064,7.83574407953705,-2.241335814054094,7.921553549651733,-2.2322292227725624,7.904446688415323,-2.2400781867526587,7.732945266843678,-2.2336315067931665,7.571814563233835,-2.220686964649126,7.473076994116951,-2.2078154551068416,7.500916377350171,-2.1878842580266857,7.44158420297721,-2.1785124704371883,7.308181794400027,-2.16186914107597,7.074829759789278,-2.166000468067764,1.0072
7.79585253067296,-2.2535745667501716,7.753569170388562,-2.2614260866880382,7.824008932126804,-2.2500105073624295,7.861634214970829,-2.2372692348550722,7.880056946494738,-2.234303701720668,7.865028301284115,-2.2440817700234295,7.703810845289489,-2.228984201628812,7.671101697279217,-2.2091482176384334,7.449910458522307,-2.205776424691657,7.482614699421587,-2.1871618786290643,7.432277704714754,-2.17704047783882,7.28721197990013,-2.1599178897755897,7.054036716660895,-2.1696272989475567,0.11630000000000007
7.807222319109404,-2.2542890235169724,7.739554297890801,-2.2612631395899694,7.840691492464168,-2.2508993188075133,7.819873823150856,-2.2405463975540556,7.87003066067725,-2.234654543741766,7.809295892716575,-2.2483070569705776,7.676959700949328,-2.226372821742397,7.664043718560067,-2.2070061808440498,7.570000276089819,-2.1914235792079446,7.4403919661533955,-2.188728792339891,7.384262390381316,-2.17232831863583,7.259545639363389,-2.1565868657622747,7.031778811225513,-2.163141550126074,0.02279999999999993
7.824939842580257,-2.255247213198816,7.743013587099016,-2.2564976684055407,7.857733874343161,-2.2468927557265435,7.876675301166097,-2.2372532987506557,7.914085777270809,-2.2396625290098706,7.762265510145863,-2.2412799464881794,7.643435761488415,-2.2254549532422314,7.590628233552216,-2.210732505718896,7.567725054466502,-2.1900473492078287,7.413579033773092,-2.187014379546624,7.394252628900366,-2.17181112630023,7.232692101838701,-2.1544887444375287,7.064633259412689,-2.153966134537432,-0.3591
7.798854014533161,-2.259008641493661,7.737407798481351,-2.257224214951487,7.830864935624929,-2.2483692299848745,7.90631915685169,-2.235512438229349,7.870331675984182,-2.2357543404308604,7.768429164895565,-2.2325157685219374,7.802379639571513,-2.208314609753441,7.548321700881595,-2.2118995492681917,7.554880352460915,-2.1889839409938903,7.442813818711309,-2.1821992228955116,7.363019318866411,-2.168860218770919,7.189432289131037,-2.154262204477196,7.085252764016256,-2.1464680371690013,-0.5434
7.789266720301724,-2.259472377593096,7.792669632417374,-2.253112881669644,7.860094664188215,-2.241249483371364,7.923720520689762,-2.2340167234799733,7.846064147073998,-2.2433198806559282,7.724419248720253,-2.231014033909346,7.595327198350308,-2.2235795916468346,7.499788439682816,-2.2100253020848304,7.538863923032436,-2.188216278992325,7.454228258512074,-2.180455146044168,7.33309313864211,-2.165209753545789,7.1239045508765795,-2.1583044899180606,7.13606087698248,-2.1498363121702884,-0.08879999999999999
7.758253628233609,-2.262398968579824,7.827910542411686,-2.2503634074177064,7.83574407953705,-2.241335814054094,7.921553549651733,-2.2322292227725624,7.904446688415323,-2.2400781867526587,7.732945266843678,-2.2336315067931665,7.571814563233835,-2.220686964649126,7.473076994116951,-2.2078154551068416,7.500916377350171,-2.1878842580266857,7.44158420297721,-2.1785124704371883,7.308181794400027,-2.16186914107597,7.074829759789278,-2.166000468067764,7.153924563482621,-2.149389568880167,1.0460000000000003
7.753569170388562,-2.2614260866880382,7.824008932126804,-2.2500105073624295,7.861634214970829,-2.2372692348550722,7.880056946494738,-2.234303701720668,7.865028301284115,-2.2440817700234295,7.703810845289489,-2.228984201628812,7.671101697279217,-2.2091482176384334,7.449910458522307,-2.205776424691657,7.482614699421587,-2.1871618786290643,7.432277704714754,-2.17704047783882,7.28721197990013,-2.1599178897755897,7.054036716660895,-2.1696272989475567,7.157244018475269,-2.1472857648873362,2.595
7.739554297890801,-2.2612631395899694,7.840691492464168,-2.2508993188075133,7.819873823150856,-2.2405463975540556,7.87003066067725,-2.234654543741766,7.809295892716575,-2.2483070569705776,7.676959700949328,-2.226372821742397,7.664043718560067,-2.2070061808440498,7.570000276089819,-2.1914235792079446,7.4403919661533955,-2.188728792339891,7.384262390381316,-2.17232831863583,7.259545639363389,-2.1565868657622747,7.031778811225513,-2.163141550126074,6.94618042524091,-2.1249930732796045,0.347
7.743013587099016,-2.2564976684055407,7.857733874343161,-2.2468927557265435,7.876675301166097,-2.2372532987506557,7.914085777270809,-2.2396625290098706,7.762265510145863,-2.2412799464881794,7.643435761488415,-2.2254549532422314,7.590628233552216,-2.210732505718896,7.567725054466502,-2.1900473492078287,7.413579033773092,-2.187014379546624,7.394252628900366,-2.17181112630023,7.232692101838701,-2.1544887444375287,7.064633259412689,-2.153966134537432,6.96505456834331,-2.137377988677783,-0.9748
7.737407798481351,-2.257224214951487,7.830864935624929,-2.2483692299848745,7.90631915685169,-2.235512438229349,7.870331675984182,-2.2357543404308604,7.768429164895565,-2.2325157685219374,7.802379639571513,-2.208314609753441,7.548321700881595,-2.2118995492681917,7.554880352460915,-2.1889839409938903,7.442813818711309,-2.1821992228955116,7.363019318866411,-2.168860218770919,7.189432289131037,-2.154262204477196,7.085252764016256,-2.1464680371690013,6.921740310788899,-2.131660590163884,-0.45609999999999995
7.792669632417374,-2.253112881669644,7.860094664188215,-2.241249483371364,7.923720520689762,-2.2340167234799733,7.846064147073998,-2.2433198806559282,7.724419248720253,-2.231014033909346,7.595327198350308,-2.2235795916468346,7.499788439682816,-2.2100253020848304,7.538863923032436,-2.188216278992325,7.454228258512074,-2.180455146044168,7.33309313864211,-2.165209753545789,7.1239045508765795,-2.1583044899180606,7.13606087698248,-2.1498363121702884,6.9518479758982075,-2.1291120346588253,1.2915999999999999
7.827910542411686,-2.2503634074177064,7.83574407953705,-2.241335814054094,7.921553549651733,-2.2322292227725624,7.904446688415323,-2.2400781867526587,7.732945266843678,-2.2336315067931665,7.571814563233835,-2.220686964649126,7.473076994116951,-2.2078154551068416,7.500916377350171,-2.1878842580266857,7.44158420297721,-2.1785124704371883,7.308181794400027,-2.16186914107597,7.074829759789278,-2.166000468067764,7.153924563482621,-2.149389568880167,6.967066810358575,-2.1278665936686907,0.9710000000000001
7.824008932126804,-2.2500105073624295,7.861634214970829,-2.2372692348550722,7.880056946494738,-2.234303701720668,7.865028301284115,-2.2440817700234295,7.703810845289489,-2.228984201628812,7.671101697279217,-2.2091482176384334,7.449910458522307,-2.205776424691657,7.482614699421587,-2.1871618786290643,7.432277704714754,-2.17704047783882,7.28721197990013,-2.1599178897755897,7.054036716660895,-2.1696272989475567,7.157244018475269,-2.1472857648873362,6.919284957999633,-2.1297342024627977,-1.0555
7.840691492464168,-2.2508993188075133,7.819873823150856,-2.2405463975540556,7.87003066067725,-2.234654543741766,7.809295892716575,-2.2483070569705776,7.676959700949328,-2.226372821742397,7.664043718560067,-2.2070061808440498,7.570000276089819,-2.1914235792079446,7.4403919661533955,-2.188728792339891,7.384262390381316,-2.17232831863583,7.259545639363389,-2.1565868657622747,7.031778811225513,-2.163141550126074,6.94618042524091,-2.1249930732796045,6.887113904967747,-2.129110908049323,5.255700000000001
7.857733874343161,-2.2468927557265435,7.876675301166097,-2.2372532987506557,7.914085777270809,-2.2396625290098706,7.762265510145863,-2.2412799464881794,7.643435761488415,-2.2254549532422314,7.590628233552216,-2.210732505718896,7.567725054466502,-2.1900473492078287,7.413579033773092,-2.187014379546624,7.394252628900366,-2.17181112630023,7.232692101838701,-2.1544887444375287,7.064633259412689,-2.153966134537432,6.96505456834331,-2.137377988677783,6.922157401417569,-2.1296620903317147,3.1132
7.830864935624929,-2.2483692299848745,7.90631915685169,-2.235512438229349,7.870331675984182,-2.2357543404308604,7.768429164895565,-2.2325157685219374,7.802379639571513,-2.208314609753441,7.548321700881595,-2.2118995492681917,7.554880352460915,-2.1889839409938903,7.442813818711309,-2.1821992228955116,7.363019318866411,-2.168860218770919,7.189432289131037,-2.154262204477196,7.085252764016256,-2.1464680371690013,6.921740310788899,-2.131660590163884,6.7919448797822275,-2.111657707173577,5.871
7.860094664188215,-2.241249483371364,7.923720520689762,-2.2340167234799733,7.846064147073998,-2.2433198806559282,7.724419248720253,-2.231014033909346,7.595327198350308,-2.2235795916468346,7.499788439682816,-2.2100253020848304,7.538863923032436,-2.188216278992325,7.454228258512074,-2.180455146044168,7.33309313864211,-2.165209753545789,7.1239045508765795,-2.1583044899180606,7.13606087698248,-2.1498363121702884,6.9518479758982075,-2.1291120346588253,6.9252228303499335,-2.13470696572691,0.5816999999999999
7.83574407953705,-2.241335814054094,7.921553549651733,-2.2322292227725624,7.904446688415323,-2.2400781867526587,7.732945266843678,-2.2336315067931665,7.571814563233835,-2.220686964649126,7.473076994116951,-2.2078154551068416,7.500916377350171,-2.1878842580266857,7.44158420297721,-2.1785124704371883,7.308181794400027,-2.16186914107597,7.074829759789278,-2.166000468067764,7.153924563482621,-2.149389568880167,6.967066810358575,-2.1278665936686907,6.782280091532642,-2.0998620466111575,-3.1331
7.861634214970829,-2.2372692348550722,7.880056946494738,-2.234303701720668,7.865028301284115,-2.2440817700234295,7.703810845289489,-2.228984201628812,7.671101697279217,-2.2091482176384334,7.449910458522307,-2.205776424691657,7.482614699421587,-2.1871618786290643,7.432277704714754,-2.17704047783882,7.28721197990013,-2.1599178897755897,7.054036716660895,-2.1696272989475567,7.157244018475269,-2.1472857648873362,6.919284957999633,-2.1297342024627977,6.63850773367027,-2.0952730482784987,-0.19629999999999992
7.819873823150856,-2.2405463975540556,7.87003066067725,-2.234654543741766,7.809295892716575,-2.2483070569705776,7.676959700949328,-2.226372821742397,7.664043718560067,-2.2070061808440498,7.570000276089819,-2.1914235792079446,7.4403919661533955,-2.188728792339891,7.384262390381316,-2.17232831863583,7.259545639363389,-2.1565868657622747,7.031778811225513,-2.163141550126074,6.94618042524091,-2.1249930732796045,6.887113904967747,-2.129110908049323,6.744748678045758,-2.0965922500589795,0.29790000000000005
7.876675301166097,-2.2372532987506557,7.914085777270809,-2.2396625290098706,7.762265510145863,-2.2412799464881794,7.643435761488415,-2.2254549532422314,7.590628233552216,-2.210732505718896,7.567725054466502,-2.1900473492078287,7.413579033773092,-2.187014379546624,7.394252628900366,-2.17181112630023,7.232692101838701,-2.1544887444375287,7.064633259412689,-2.153966134537432,6.96505456834331,-2.137377988677783,6.922157401417569,-2.1296620903317147,6.750723968582926,-2.0970549005048342,-0.21649999999999991
7.90631915685169,-2.235512438229349,7.870331675984182,-2.2357543404308604,7.768429164895565,-2.2325157685219374,7.802379639571513,-2.208314609753441,7.548321700881595,-2.2118995492681917,7.554880352460915,-2.1889839409938903,7.442813818711309,-2.1821992228955116,7.363019318866411,-2.168860218770919,7.189432289131037,-2.154262204477196,7.085252764016256,-2.1464680371690013,6.921740310788899,-2.131660590163884,6.7919448797822275,-2.111657707173577,6.741685033431922,-2.0960157175867082,0.46120000000000005
7.923720520689762,-2.2340167234799733,7.846064147073998,-2.2433198806559282,7.724419248720253,-2.231014033909346,7.595327198350308,-2.2235795916468346,7.499788439682816,-2.2100253020848304,7.538863923032436,-2.188216278992325,7.454228258512074,-2.180455146044168,7.33309313864211,-2.165209753545789,7.1239045508765795,-2.1583044899180606,7.13606087698248,-2.1498363121702884,6.9518479758982075,-2.1291120346588253,6.9252228303499335,-2.13470696572691,6.748695235376982,-2.0938737340014972,-1.5312
7.921553549651733,-2.2322292227725624,7.904446688415323,-2.2400781867526587,7.732945266843678,-2.2336315067931665,7.571814563233835,-2.220686964649126,7.473076994116951,-2.2078154551068416,7.500916377350171,-2.1878842580266857,7.44158420297721,-2.1785124704371883,7.308181794400027,-2.16186914107597,7.074829759789278,-2.166000468067764,7.153924563482621,-2.149389568880167,6.967066810358575,-2.1278665936686907,6.782280091532642,-2.0998620466111575,6.733176748756859,-2.0927001323950534,-1.9134
7.880056946494738,-2.234303701720668,7.865028301284115,-2.2440817700234295,7.703810845289489,-2.228984201628812,7.671101697279217,-2.2091482176384334,7.449910458522307,-2.205776424691657,7.482614699421587,-2.1871618786290643,7.432277704714754,-2.17704047783882,7.28721197990013,-2.1599178897755897,7.054036716660895,-2.1696272989475567,7.157244018475269,-2.1472857648873362,6.919284957999633,-2.1297342024627977,6.63850773367027,-2.0952730482784987,6.555998856009664,-2.0875396910111346,1.5525
7.87003066067725,-2.234654543741766,7.809295892716575,-2.2483070569705776,7.676959700949328,-2.226372821742397,7.664043718560067,-2.2070061808440498,7.570000276089819,-2.1914235792079446,7.4403919661533955,-2.188728792339891,7.384262390381316,-2.17232831863583,7.259545639363389,-2.1565868657622747,7.031778811225513,-2.163141550126074,6.94618042524091,-2.1249930732796045,6.887113904967747,-2.129110908049323,6.744748678045758,-2.0965922500589795,6.6176624226383725,-2.0900155386753623,-0.8661999999999999
7.914085777270809,-2.2396625290098706,7.762265510145863,-2.2412799464881794,7.643435761488415,-2.2254549532422314,7.590628233552216,-2.210732505718896,7.567725054466502,-2.1900473492078287,7.413579033773092,-2.187014379546624,7.394252628900366,-2.17181112630023,7.232692101838701,-2.1544887444375287,7.064633259412689,-2.153966134537432,6.96505456834331,-2.137377988677783,6.922157401417569,-2.1296620903317147,6.750723968582926,-2.0970549005048342,6.565977682721744,-2.0895325167398107,-2.4327999999999994
7.870331675984182,-2.2357543404308604,7.768429164895565,-2.2325157685219374,7.802379639571513,-2.208314609753441,7.548321700881595,-2.2118995492681917,7.554880352460915,-2.1889839409938903,7.442813818711309,-2.1821992228955116,7.363019318866411,-2.168860218770919,7.189432289131037,-2.154262204477196,7.085252764016256,-2.1464680371690013,6.921740310788899,-2.131660590163884,6.7919448797822275,-2.111657707173577,6.741685033431922,-2.0960157175867082,6.447127258709882,-2.085130808577021,0.6860999999999999
7.846064147073998,-2.2433198806559282,7.724419248720253,-2.231014033909346,7.595327198350308,-2.2235795916468346,7.499788439682816,-2.2100253020848304,7.538863923032436,-2.188216278992325,7.454228258512074,-2.180455146044168,7.33309313864211,-2.165209753545789,7.1239045508765795,-2.1583044899180606,7.13606087698248,-2.1498363121702884,6.9518479758982075,-2.1291120346588253,6.9252228303499335,-2.13470696572691,6.748695235376982,-2.0938737340014972,6.536528978747057,-2.080238153173162,0.49649999999999994
7.904446688415323,-2.2400781867526587,7.732945266843678,-2.2336315067931665,7.571814563233835,-2.220686964649126,7.473076994116951,-2.2078154551068416,7.500916377350171,-2.1878842580266857,7.44158420297721,-2.1785124704371883,7.308181794400027,-2.16186914107597,7.074829759789278,-2.166000468067764,7.153924563482621,-2.149389568880167,6.967066810358575,-2.1278665936686907,6.782280091532642,-2.0998620466111575,6.733176748756859,-2.0927001323950534,6.517629633540098,-2.076133361837865,0.3106
7.865028301284115,-2.2440817700234295,7.703810845289489,-2.228984201628812,7.671101697279217,-2.2091482176384334,7.449910458522307,-2.205776424691657,7.482614699421587,-2.1871618786290643,7.432277704714754,-2.17704047783882,7.28721197990013,-2.1599178897755897,7.054036716660895,-2.1696272989475567,7.157244018475269,-2.1472857648873362,6.919284957999633,-2.1297342024627977,6.63850773367027,-2.0952730482784987,6.555998856009664,-2.0875396910111346,6.502063555518354,-2.070891784689084,-1.6320000000000001
7.809295892716575,-2.2483070569705776,7.676959700949328,-2.226372821742397,7.664043718560067,-2.2070061808440498,7.570000276089819,-2.1914235792079446,7.4403919661533955,-2.188728792339891,7.384262390381316,-2.17232831863583,7.259545639363389,-2.1565868657622747,7.031778811225513,-2.163141550126074,6.94618042524091,-2.1249930732796045,6.887113904967747,-2.129110908049323,6.744748678045758,-2.0965922500589795,6.6176624226383725,-2.0900155386753623,6.490483461191471,-2.068392059799053,1.0105
7.762265510145863,-2.2412799464881794,7.643435761488415,-2.2254549532422314,7.590628233552216,-2.210732505718896,7.567725054466502,-2.1900473492078287,7.413579033773092,-2.187014379546624,7.394252628900366,-2.17181112630023,7.232692101838701,-2.1544887444375287,7.064633259412689,-2.153966134537432,6.96505456834331,-2.137377988677783,6.922157401417569,-2.1296620903317147,6.750723968582926,-2.0970549005048342,6.565977682721744,-2.0895325167398107,6.340051130708648,-2.0787067829412487,1.2821
7.768429164895565,-2.2325157685219374,7.802379639571513,-2.208314609753441,7.548321700881595,-2.2118995492681917,7.554880352460915,-2.1889839409938903,7.442813818711309,-2.1821992228955116,7.363019318866411,-2.168860218770919,7.189432289131037,-2.154262204477196,7.085252764016256,-2.1464680371690013,6.921740310788899,-2.131660590163884,6.7919448797822275,-2.111657707173577,6.741685033431922,-2.0960157175867082,6.447127258709882,-2.085130808577021,6.308738580730702,-2.0840716977819707,1.2019000000000002
7.724419248720253,-2.231014033909346,7.595327198350308,-2.2235795916468346,7.499788439682816,-2.2100253020848304,7.538863923032436,-2.188216278992325,7.454228258512074,-2.180455146044168,7.33309313864211,-2.165209753545789,7.1239045508765795,-2.1583044899180606,7.13606087698248,-2.1498363121702884,6.9518479758982075,-2.1291120346588253,6.9252228303499335,-2.13470696572691,6.748695235376982,-2.0938737340014972,6.536528978747057,-2.080238153173162,6.273452409957376,-2.080019028707575,0.9647
7.732945266843678,-2.2336315067931665,7.571814563233835,-2.220686964649126,7.473076994116951,-2.2078154551068416,7.500916377350171,-2.1878842580266857,7.44158420297721,-2.1785124704371883,7.308181794400027,-2.16186914107597,7.074829759789278,-2.166000468067764,7.153924563482621,-2.149389568880167,6.967066810358575,-2.1278665936686907,6.782280091532642,-2.0998620466111575,6.733176748756859,-2.0927001323950534,6.517629633540098,-2.076133361837865,6.233356839616997,-2.078962203004967,1.1665
7.703810845289489,-2.228984201628812,7.671101697279217,-2.2091482176384334,7.449910458522307,-2.205776424691657,7.482614699421587,-2.1871618786290643,7.432277704714754,-2.17704047783882,7.28721197990013,-2.1599178897755897,7.054036716660895,-2.1696272989475567,7.157244018475269,-2.1472857648873362,6.919284957999633,-2.1297342024627977,6.63850773367027,-2.0952730482784987,6.555998856009664,-2.0875396910111346,6.502063555518354,-2.070891784689084,6.203504304020429,-2.080886898189187,1.5261
7.676959700949328,-2.226372821742397,7.664043718560067,-2.2070061808440498,7.570000276089819,-2.1914235792079446,7.4403919661533955,-2.188728792339891,7.384262390381316,-2.17232831863583,7.259545639363389,-2.1565868657622747,7.031778811225513,-2.163141550126074,6.94618042524091,-2.1249930732796045,6.887113904967747,-2.129110908049323,6.744748678045758,-2.0965922500589795,6.6176624226383725,-2.0900155386753623,6.490483461191471,-2.068392059799053,6.16940019207702,-2.08394513466235,0.6991999999999998
7.643435761488415,-2.2254549532422314,7.590628233552216,-2.210732505718896,7.567725054466502,-2.1900473492078287,7.413579033773092,-2.187014379546624,7.394252628900366,-2.17181112630023,7.232692101838701,-2.1544887444375287,7.064633259412689,-2.153966134537432,6.96505456834331,-2.137377988677783,6.922157401417569,-2.1296620903317147,6.750723968582926,-2.0970549005048342,6.565977682721744,-2.0895325167398107,6.340051130708648,-2.0787067829412487,6.126842411062977,-2.077566674914186,1.5125999999999997
7.802379639571513,-2.208314609753441,7.548321700881595,-2.2118995492681917,7.554880352460915,-2.1889839409938903,7.442813818711309,-2.1821992228955116,7.363019318866411,-2.168860218770919,7.189432289131037,-2.154262204477196,7.085252764016256,-2.1464680371690013,6.921740310788899,-2.131660590163884,6.7919448797822275,-2.111657707173577,6.741685033431922,-2.0960157175867082,6.447127258709882,-2.085130808577021,6.308738580730702,-2.0840716977819707,6.103871479643061,-2.078213083588841,1.2026999999999999
7.595327198350308,-2.2235795916468346,7.499788439682816,-2.2100253020848304,7.538863923032436,-2.188216278992325,7.454228258512074,-2.180455146044168,7.33309313864211,-2.165209753545789,7.1239045508765795,-2.1583044899180606,7.13606087698248,-2.1498363121702884,6.9518479758982075,-2.1291120346588253,6.9252228303499335,-2.13470696572691,6.748695235376982,-2.0938737340014972,6.536528978747057,-2.080238153173162,6.273452409957376,-2.080019028707575,6.064843279096334,-2.067484880191103,0.3823000000000001
7.571814563233835,-2.220686964649126,7.473076994116951,-2.2078154551068416,7.500916377350171,-2.1878842580266857,7.44158420297721,-2.1785124704371883,7.308181794400027,-2.16186914107597,7.074829759789278,-2.166000468067764,7.153924563482621,-2.149389568880167,6.967066810358575,-2.1278665936686907,6.782280091532642,-2.0998620466111575,6.733176748756859,-2.0927001323950534,6.517629633540098,-2.076133361837865,6.233356839616997,-2.078962203004967,6.0492370593323574,-2.073858257210797,1.073
7.671101697279217,-2.2091482176384334,7.449910458522307,-2.205776424691657,7.482614699421587,-2.1871618786290643,7.432277704714754,-2.17704047783882,7.28721197990013,-2.1599178897755897,7.054036716660895,-2.1696272989475567,7.157244018475269,-2.1472857648873362,6.919284957999633,-2.1297342024627977,6.63850773367027,-2.0952730482784987,6.555998856009664,-2.0875396910111346,6.502063555518354,-2.070891784689084,6.203504304020429,-2.080886898189187,6.045157610021432,-2.0774240630343725,0.39639999999999986
7.664043718560067,-2.2070061808440498,7.570000276089819,-2.1914235792079446,7.4403919661533955,-2.188728792339891,7.384262390381316,-2.17232831863583,7.259545639363389,-2.1565868657622747,7.031778811225513,-2.163141550126074,6.94618042524091,-2.1249930732796045,6.887113904967747,-2.129110908049323,6.744748678045758,-2.0965922500589795,6.6176624226383725,-2.0900155386753623,6.490483461191471,-2.068392059799053,6.16940019207702,-2.08394513466235,6.0118809569052525,-2.07971724095723,7.445799999999999
7.590628233552216,-2.210732505718896,7.567725054466502,-2.1900473492078287,7.413579033773092,-2.187014379546624,7.394252628900366,-2.17181112630023,7.232692101838701,-2.1544887444375287,7.064633259412689,-2.153966134537432,6.96505456834331,-2.137377988677783,6.922157401417569,-2.1296620903317147,6.750723968582926,-2.0970549005048342,6.565977682721744,-2.0895325167398107,6.340051130708648,-2.0787067829412487,6.126842411062977,-2.077566674914186,6.003349905677659,-2.0821903860616975,1.6405999999999998
7.548321700881595,-2.2118995492681917,7.554880352460915,-2.1889839409938903,7.442813818711309,-2.1821992228955116,7.363019318866411,-2.168860218770919,7.189432289131037,-2.154262204477196,7.085252764016256,-2.1464680371690013,6.921740310788899,-2.131660590163884,6.7919448797822275,-2.111657707173577,6.741685033431922,-2.0960157175867082,6.447127258709882,-2.085130808577021,6.308738580730702,-2.0840716977819707,6.103871479643061,-2.078213083588841,5.894934086993679,-2.039572368298856,0.09240000000000004
7.499788439682816,-2.2100253020848304,7.538863923032436,-2.188216278992325,7.454228258512074,-2.180455146044168,7.33309313864211,-2.165209753545789,7.1239045508765795,-2.1583044899180606,7.13606087698248,-2.1498363121702884,6.9518479758982075,-2.1291120346588253,6.9252228303499335,-2.13470696572691,6.748695235376982,-2.0938737340014972,6.536528978747057,-2.080238153173162,6.273452409957376,-2.080019028707575,6.064843279096334,-2.067484880191103,5.8399852397073735,-2.0352250300880184,1.2307000000000001
7.473076994116951,-2.2078154551068416,7.500916377350171,-2.1878842580266857,7.44158420297721,-2.1785124704371883,7.308181794400027,-2.16186914107597,7.074829759789278,-2.166000468067764,7.153924563482621,-2.149389568880167,6.967066810358575,-2.1278665936686907,6.782280091532642,-2.0998620466111575,6.733176748756859,-2.0927001323950534,6.517629633540098,-2.076133361837865,6.233356839616997,-2.078962203004967,6.0492370593323574,-2.073858257210797,5.824769180834549,-2.0258600602058587,0.3515999999999999
7.449910458522307,-2.205776424691657,7.482614699421587,-2.1871618786290643,7.432277704714754,-2.17704047783882,7.28721197990013,-2.1599178897755897,7.054036716660895,-2.1696272989475567,7.157244018475269,-2.1472857648873362,6.919284957999633,-2.1297342024627977,6.63850773367027,-2.0952730482784987,6.555998856009664,-2.0875396910111346,6.502063555518354,-2.070891784689084,6.203504304020429,-2.080886898189187,6.045157610021432,-2.0774240630343725,5.78348975792298,-2.0221565398643624,0.9213
7.570000276089819,-2.1914235792079446,7.4403919661533955,-2.188728792339891,7.384262390381316,-2.17232831863583,7.259545639363389,-2.1565868657622747,7.031778811225513,-2.163141550126074,6.94618042524091,-2.1249930732796045,6.887113904967747,-2.129110908049323,6.744748678045758,-2.0965922500589795,6.6176624226383725,-2.0900155386753623,6.490483461191471,-2.068392059799053,6.16940019207702,-2.08394513466235,6.0118809569052525,-2.07971724095723,5.7733395968018355,-2.025822324508903,1.1176
7.567725054466502,-2.1900473492078287,7.413579033773092,-2.187014379546624,7.394252628900366,-2.17181112630023,7.232692101838701,-2.1544887444375287,7.064633259412689,-2.153966134537432,6.96505456834331,-2.137377988677783,6.922157401417569,-2.1296620903317147,6.750723968582926,-2.0970549005048342,6.565977682721744,-2.0895325167398107,6.340051130708648,-2.0787067829412487,6.126842411062977,-2.077566674914186,6.003349905677659,-2.0821903860616975,5.74230142799906,-2.0258302404105657,1.0741999999999998
7.554880352460915,-2.1889839409938903,7.442813818711309,-2.1821992228955116,7.363019318866411,-2.168860218770919,7.189432289131037,-2.154262204477196,7.085252764016256,-2.1464680371690013,6.921740310788899,-2.131660590163884,6.7919448797822275,-2.111657707173577,6.741685033431922,-2.0960157175867082,6.447127258709882,-2.085130808577021,6.308738580730702,-2.0840716977819707,6.103871479643061,-2.078213083588841,5.894934086993679,-2.039572368298856,5.6975207186986205,-2.0210448366358547,0.8743
7.538863923032436,-2.188216278992325,7.454228258512074,-2.180455146044168,7.33309313864211,-2.165209753545789,7.1239045508765795,-2.1583044899180606,7.13606087698248,-2.1498363121702884,6.9518479758982075,-2.1291120346588253,6.9252228303499335,-2.13470696572691,6.748695235376982,-2.0938737340014972,6.536528978747057,-2.080238153173162,6.273452409957376,-2.080019028707575,6.064843279096334,-2.067484880191103,5.8399852397073735,-2.0352250300880184,5.653664380735739,-2.0163128679828097,-0.36319999999999997
7.500916377350171,-2.1878842580266857,7.44158420297721,-2.1785124704371883,7.308181794400027,-2.16186914107597,7.074829759789278,-2.166000468067764,7.153924563482621,-2.149389568880167,6.967066810358575,-2.1278665936686907,6.782280091532642,-2.0998620466111575,6.733176748756859,-2.0927001323950534,6.517629633540098,-2.076133361837865,6.233356839616997,-2.078962203004967,6.0492370593323574,-2.073858257210797,5.824769180834549,-2.0258600602058587,5.617195162178362,-2.0121180050418768,1.7590000000000001
7.482614699421587,-2.1871618786290643,7.432277704714754,-2.17704047783882,7.28721197990013,-2.1599178897755897,7.054036716660895,-2.1696272989475567,7.157244018475269,-2.1472857648873362,6.919284957999633,-2.1297342024627977,6.63850773367027,-2.0952730482784987,6.555998856009664,-2.0875396910111346,6.502063555518354,-2.070891784689084,6.203504304020429,-2.080886898189187,6.045157610021432,-2.0774240630343725,5.78348975792298,-2.0221565398643624,5.611778814244197,-2.0194054980413134,1.9490999999999998
7.4403919661533955,-2.188728792339891,7.384262390381316,-2.17232831863583,7.259545639363389,-2.1565868657622747,7.031778811225513,-2.163141550126074,6.94618042524091,-2.1249930732796045,6.887113904967747,-2.129110908049323,6.744748678045758,-2.0965922500589795,6.6176624226383725,-2.0900155386753623,6.490483461191471,-2.068392059799053,6.16940019207702,-2.08394513466235,6.0118809569052525,-2.07971724095723,5.7733395968018355,-2.025822324508903,5.554672563707066,-2.0163842821922326,2.4486
7.413579033773092,-2.187014379546624,7.394252628900366,-2.17181112630023,7.232692101838701,-2.1544887444375287,7.064633259412689,-2.153966134537432,6.96505456834331,-2.137377988677783,6.922157401417569,-2.1296620903317147,6.750723968582926,-2.0970549005048342,6.565977682721744,-2.0895325167398107,6.340051130708648,-2.0787067829412487,6.126842411062977,-2.077566674914186,6.003349905677659,-2.0821903860616975,5.74230142799906,-2.0258302404105657,5.490922554544,-2.01395883789665,1.2736999999999998
7.442813818711309,-2.1821992228955116,7.363019318866411,-2.168860218770919,7.189432289131037,-2.154262204477196,7.085252764016256,-2.1464680371690013,6.921740310788899,-2.131660590163884,6.7919448797822275,-2.111657707173577,6.741685033431922,-2.0960157175867082,6.447127258709882,-2.085130808577021,6.308738580730702,-2.0840716977819707,6.103871479643061,-2.078213083588841,5.894934086993679,-2.039572368298856,5.6975207186986205,-2.0210448366358547,5.408605151977725,-2.011769609868009,0.9208999999999999
7.454228258512074,-2.180455146044168,7.33309313864211,-2.165209753545789,7.1239045508765795,-2.1583044899180606,7.13606087698248,-2.1498363121702884,6.9518479758982075,-2.1291120346588253,6.9252228303499335,-2.13470696572691,6.748695235376982,-2.0938737340014972,6.536528978747057,-2.080238153173162,6.273452409957376,-2.080019028707575,6.064843279096334,-2.067484880191103,5.8399852397073735,-2.0352250300880184,5.653664380735739,-2.0163128679828097,5.354226162574759,-2.0043702780311334,0.7460000000000001
7.44158420297721,-2.1785124704371883,7.308181794400027,-2.16186914107597,7.074829759789278,-2.166000468067764,7.153924563482621,-2.149389568880167,6.967066810358575,-2.1278665936686907,6.782280091532642,-2.0998620466111575,6.733176748756859,-2.0927001323950534,6.517629633540098,-2.076133361837865,6.233356839616997,-2.078962203004967,6.0492370593323574,-2.073858257210797,5.824769180834549,-2.0258600602058587,5.617195162178362,-2.0121180050418768,5.321505989849117,-1.997206090531745,0.8468
7.432277704714754,-2.17704047783882,7.28721197990013,-2.1599178897755897,7.054036716660895,-2.1696272989475567,7.157244018475269,-2.1472857648873362,6.919284957999633,-2.1297342024627977,6.63850773367027,-2.0952730482784987,6.555998856009664,-2.0875396910111346,6.502063555518354,-2.070891784689084,6.203504304020429,-2.080886898189187,6.045157610021432,-2.0774240630343725,5.78348975792298,-2.0221565398643624,5.611778814244197,-2.0194054980413134,5.295663025533254,-1.9920040051425754,0.475
7.384262390381316,-2.17232831863583,7.259545639363389,-2.1565868657622747,7.031778811225513,-2.163141550126074,6.94618042524091,-2.1249930732796045,6.887113904967747,-2.129110908049323,6.744748678045758,-2.0965922500589795,6.6176624226383725,-2.0900155386753623,6.490483461191471,-2.068392059799053,6.16940019207702,-2.08394513466235,6.0118809569052525,-2.07971724095723,5.7733395968018355,-2.025822324508903,5.554672563707066,-2.0163842821922326,5.264844873308235,-1.988447880091462,0.7981
7.394252628900366,-2.17181112630023,7.232692101838701,-2.1544887444375287,7.064633259412689,-2.153966134537432,6.96505456834331,-2.137377988677783,6.922157401417569,-2.1296620903317147,6.750723968582926,-2.0970549005048342,6.565977682721744,-2.0895325167398107,6.340051130708648,-2.0787067829412487,6.126842411062977,-2.077566674914186,6.003349905677659,-2.0821903860616975,5.74230142799906,-2.0258302404105657,5.490922554544,-2.01395883789665,5.245393877489089,-1.9902401419981246,0.5979000000000001
7.363019318866411,-2.168860218770919,7.189432289131037,-2.154262204477196,7.085252764016256,-2.1464680371690013,6.921740310788899,-2.131660590163884,6.7919448797822275,-2.111657707173577,6.741685033431922,-2.0960157175867082,6.447127258709882,-2.085130808577021,6.308738580730702,-2.0840716977819707,6.103871479643061,-2.078213083588841,5.894934086993679,-2.039572368298856,5.6975207186986205,-2.0210448366358547,5.408605151977725,-2.011769609868009,5.217334409447032,-1.987204942796563,0.1459999999999999
7.33309313864211,-2.165209753545789,7.1239045508765795,-2.1583044899180606,7.13606087698248,-2.1498363121702884,6.9518479758982075,-2.1291120346588253,6.9252228303499335,-2.13470696572691,6.748695235376982,-2.0938737340014972,6.536528978747057,-2.080238153173162,6.273452409957376,-2.080019028707575,6.064843279096334,-2.067484880191103,5.8399852397073735,-2.0352250300880184,5.653664380735739,-2.0163128679828097,5.354226162574759,-2.0043702780311334,5.197354108582561,-1.9845938232648213,0.7744
7.308181794400027,-2.16186914107597,7.074829759789278,-2.166000468067764,7.153924563482621,-2.149389568880167,6.967066810358575,-2.1278665936686907,6.782280091532642,-2.0998620466111575,6.733176748756859,-2.0927001323950534,6.517629633540098,-2.076133361837865,6.233356839616997,-2.078962203004967,6.0492370593323574,-2.073858257210797,5.824769180834549,-2.0258600602058587,5.617195162178362,-2.0121180050418768,5.321505989849117,-1.997206090531745,5.189759267056614,-1.9808622038131458,0.5458000000000001
7.28721197990013,-2.1599178897755897,7.054036716660895,-2.1696272989475567,7.157244018475269,-2.1472857648873362,6.919284957999633,-2.1297342024627977,6.63850773367027,-2.0952730482784987,6.555998856009664,-2.0875396910111346,6.502063555518354,-2.070891784689084,6.203504304020429,-2.080886898189187,6.045157610021432,-2.0774240630343725,5.78348975792298,-2.0221565398643624,5.611778814244197,-2.0194054980413134,5.295663025533254,-1.9920040051425754,5.1637664722564685,-1.9776257600472869,0.16179999999999994
7.259545639363389,-2.1565868657622747,7.031778811225513,-2.163141550126074,6.94618042524091,-2.1249930732796045,6.887113904967747,-2.129110908049323,6.744748678045758,-2.0965922500589795,6.6176624226383725,-2.0900155386753623,6.490483461191471,-2.068392059799053,6.16940019207702,-2.08394513466235,6.0118809569052525,-2.07971724095723,5.7733395968018355,-2.025822324508903,5.554672563707066,-2.0163842821922326,5.264844873308235,-1.988447880091462,5.143994130051083,-1.9725560477536757,0.05600000000000005
7.232692101838701,-2.1544887444375287,7.064633259412689,-2.153966134537432,6.96505456834331,-2.137377988677783,6.922157401417569,-2.1296620903317147,6.750723968582926,-2.0970549005048342,6.565977682721744,-2.0895325167398107,6.340051130708648,-2.0787067829412487,6.126842411062977,-2.077566674914186,6.003349905677659,-2.0821903860616975,5.74230142799906,-2.0258302404105657,5.490922554544,-2.01395883789665,5.245393877489089,-1.9902401419981246,5.135670988293546,-1.9681711878525245,-0.33489999999999975
7.189432289131037,-2.154262204477196,7.085252764016256,-2.1464680371690013,6.921740310788899,-2.131660590163884,6.7919448797822275,-2.111657707173577,6.741685033431922,-2.0960157175867082,6.447127258709882,-2.085130808577021,6.308738580730702,-2.0840716977819707,6.103871479643061,-2.078213083588841,5.894934086993679,-2.039572368298856,5.6975207186986205,-2.0210448366358547,5.408605151977725,-2.011769609868009,5.217334409447032,-1.987204942796563,5.1319703896261935,-1.9630483080656513,0.1189
7.1239045508765795,-2.1583044899180606,7.13606087698248,-2.1498363121702884,6.9518479758982075,-2.1291120346588253,6.9252228303499335,-2.13470696572691,6.748695235376982,-2.0938737340014972,6.536528978747057,-2.080238153173162,6.273452409957376,-2.080019028707575,6.064843279096334,-2.067484880191103,5.8399852397073735,-2.0352250300880184,5.653664380735739,-2.0163128679828097,5.354226162574759,-2.0043702780311334,5.197354108582561,-1.9845938232648213,5.141923886056657,-1.9650264472267103,0.8090999999999999
7.074829759789278,-2.166000468067764,7.153924563482621,-2.149389568880167,6.967066810358575,-2.1278665936686907,6.782280091532642,-2.0998620466111575,6.733176748756859,-2.0927001323950534,6.517629633540098,-2.076133361837865,6.233356839616997,-2.078962203004967,6.0492370593323574,-2.073858257210797,5.824769180834549,-2.0258600602058587,5.617195162178362,-2.0121180050418768,5.321505989849117,-1.997206090531745,5.189759267056614,-1.9808622038131458,5.128227324329528,-1.956332354426132,0.8524
7.054036716660895,-2.1696272989475567,7.157244018475269,-2.1472857648873362,6.919284957999633,-2.1297342024627977,6.63850773367027,-2.0952730482784987,6.555998856009664,-2.0875396910111346,6.502063555518354,-2.070891784689084,6.203504304020429,-2.080886898189187,6.045157610021432,-2.0774240630343725,5.78348975792298,-2.0221565398643624,5.611778814244197,-2.0194054980413134,5.295663025533254,-1.9920040051425754,5.1637664722564685,-1.9776257600472869,5.100875035716913,-1.9546373718578813,1.1886999999999999
7.031778811225513,-2.163141550126074,6.94618042524091,-2.1249930732796045,6.887113904967747,-2.129110908049323,6.744748678045758,-2.0965922500589795,6.6176624226383725,-2.0900155386753623,6.490483461191471,-2.068392059799053,6.16940019207702,-2.08394513466235,6.0118809569052525,-2.07971724095723,5.7733395968018355,-2.025822324508903,5.554672563707066,-2.0163842821922326,5.264844873308235,-1.988447880091462,5.143994130051083,-1.9725560477536757,5.059114298965778,-1.946898076670729,3.5570999999999997
7.064633259412689,-2.153966134537432,6.96505456834331,-2.137377988677783,6.922157401417569,-2.1296620903317147,6.750723968582926,-2.0970549005048342,6.565977682721744,-2.0895325167398107,6.340051130708648,-2.0787067829412487,6.126842411062977,-2.077566674914186,6.003349905677659,-2.0821903860616975,5.74230142799906,-2.0258302404105657,5.490922554544,-2.01395883789665,5.245393877489089,-1.9902401419981246,5.135670988293546,-1.9681711878525245,4.983020293958275,-1.94317870949614,1.7143000000000002
7.085252764016256,-2.1464680371690013,6.921740310788899,-2.131660590163884,6.7919448797822275,-2.111657707173577,6.741685033431922,-2.0960157175867082,6.447127258709882,-2.085130808577021,6.308738580730702,-2.0840716977819707,6.103871479643061,-2.078213083588841,5.894934086993679,-2.039572368298856,5.6975207186986205,-2.0210448366358547,5.408605151977725,-2.011769609868009,5.217334409447032,-1.987204942796563,5.1319703896261935,-1.9630483080656513,4.864828639325339,-1.9450998778279798,0.272
7.13606087698248,-2.1498363121702884,6.9518479758982075,-2.1291120346588253,6.9252228303499335,-2.13470696572691,6.748695235376982,-2.0938737340014972,6.536528978747057,-2.080238153173162,6.273452409957376,-2.080019028707575,6.064843279096334,-2.067484880191103,5.8399852397073735,-2.0352250300880184,5.653664380735739,-2.0163128679828097,5.354226162574759,-2.0043702780311334,5.197354108582561,-1.9845938232648213,5.141923886056657,-1.9650264472267103,4.807730857691599,-1.945586273320061,-0.15359999999999974
7.153924563482621,-2.149389568880167,6.967066810358575,-2.1278665936686907,6.782280091532642,-2.0998620466111575,6.733176748756859,-2.0927001323950534,6.517629633540098,-2.076133361837865,6.233356839616997,-2.078962203004967,6.0492370593323574,-2.073858257210797,5.824769180834549,-2.0258600602058587,5.617195162178362,-2.0121180050418768,5.321505989849117,-1.997206090531745,5.189759267056614,-1.9808622038131458,5.128227324329528,-1.956332354426132,4.826737851800112,-1.9356631074314004,4.4715
7.157244018475269,-2.1472857648873362,6.919284957999633,-2.1297342024627977,6.63850773367027,-2.0952730482784987,6.555998856009664,-2.0875396910111346,6.502063555518354,-2.070891784689084,6.203504304020429,-2.080886898189187,6.045157610021432,-2.0774240630343725,5.78348975792298,-2.0221565398643624,5.611778814244197,-2.0194054980413134,5.295663025533254,-1.9920040051425754,5.1637664722564685,-1.9776257600472869,5.100875035716913,-1.9546373718578813,4.693653853875463,-1.9369606007266544,0.2920999999999998
6.94618042524091,-2.1249930732796045,6.887113904967747,-2.129110908049323,6.744748678045758,-2.0965922500589795,6.6176624226383725,-2.0900155386753623,6.490483461191471,-2.068392059799053,6.16940019207702,-2.08394513466235,6.0118809569052525,-2.07971724095723,5.7733395968018355,-2.025822324508903,5.554672563707066,-2.0163842821922326,5.264844873308235,-1.988447880091462,5.143994130051083,-1.9725560477536757,5.059114298965778,-1.946898076670729,4.54206840107016,-1.9432812888067599,1.4034999999999997
6.96505456834331,-2.137377988677783,6.922157401417569,-2.1296620903317147,6.750723968582926,-2.0970549005048342,6.565977682721744,-2.0895325167398107,6.340051130708648,-2.0787067829412487,6.126842411062977,-2.077566674914186,6.003349905677659,-2.0821903860616975,5.74230142799906,-2.0258302404105657,5.490922554544,-2.01395883789665,5.245393877489089,-1.9902401419981246,5.135670988293546,-1.9681711878525245,4.983020293958275,-1.94317870949614,4.532463026876226,-1.9415516721608712,0.32599999999999996
6.921740310788899,-2.131660590163884,6.7919448797822275,-2.111657707173577,6.741685033431922,-2.0960157175867082,6.447127258709882,-2.085130808577021,6.308738580730702,-2.0840716977819707,6.103871479643061,-2.078213083588841,5.894934086993679,-2.039572368298856,5.6975207186986205,-2.0210448366358547,5.408605151977725,-2.011769609868009,5.217334409447032,-1.987204942796563,5.1319703896261935,-1.9630483080656513,4.864828639325339,-1.9450998778279798,4.483146833419578,-1.9398454717009708,-0.7614
6.9518479758982075,-2.1291120346588253,6.9252228303499335,-2.13470696572691,6.748695235376982,-2.0938737340014972,6.536528978747057,-2.080238153173162,6.273452409957376,-2.080019028707575,6.064843279096334,-2.067484880191103,5.8399852397073735,-2.0352250300880184,5.653664380735739,-2.0163128679828097,5.354226162574759,-2.0043702780311334,5.197354108582561,-1.9845938232648213,5.141923886056657,-1.9650264472267103,4.807730857691599,-1.945586273320061,4.544437396422134,-1.9355292722043378,-1.2121
6.967066810358575,-2.1278665936686907,6.782280091532642,-2.0998620466111575,6.733176748756859,-2.0927001323950534,6.517629633540098,-2.076133361837865,6.233356839616997,-2.078962203004967,6.0492370593323574,-2.073858257210797,5.824769180834549,-2.0258600602058587,5.617195162178362,-2.0121180050418768,5.321505989849117,-1.997206090531745,5.189759267056614,-1.9808622038131458,5.128227324329528,-1.956332354426132,4.826737851800112,-1.9356631074314004,4.58609315212851,-1.9340688960500658,0.0535000000000001
6.919284957999633,-2.1297342024627977,6.63850773367027,-2.0952730482784987,6.555998856009664,-2.0875396910111346,6.502063555518354,-2.070891784689084,6.203504304020429,-2.080886898189187,6.045157610021432,-2.0774240630343725,5.78348975792298,-2.0221565398643624,5.611778814244197,-2.0194054980413134,5.295663025533254,-1.9920040051425754,5.1637664722564685,-1.9776257600472869,5.100875035716913,-1.9546373718578813,4.693653853875463,-1.9369606007266544,4.628882806898445,-1.9350386911422344,0.5884
6.887113904967747,-2.129110908049323,6.744748678045758,-2.0965922500589795,6.6176624226383725,-2.0900155386753623,6.490483461191471,-2.068392059799053,6.16940019207702,-2.08394513466235,6.0118809569052525,-2.07971724095723,5.7733395968018355,-2.025822324508903,5.554672563707066,-2.0163842821922326,5.264844873308235,-1.988447880091462,5.143994130051083,-1.9725560477536757,5.059114298965778,-1.946898076670729,4.54206840107016,-1.9432812888067599,4.622682040763781,-1.937403271652074,-0.8050999999999999
6.922157401417569,-2.1296620903317147,6.750723968582926,-2.0970549005048342,6.565977682721744,-2.0895325167398107,6.340051130708648,-2.0787067829412487,6.126842411062977,-2.077566674914186,6.003349905677659,-2.0821903860616975,5.74230142799906,-2.0258302404105657,5.490922554544,-2.01395883789665,5.245393877489089,-1.9902401419981246,5.135670988293546,-1.9681711878525245,4.983020293958275,-1.94317870949614,4.532463026876226,-1.9415516721608712,4.5940430233074645,-1.9386546681295584,6.1253
6.7919448797822275,-2.111657707173577,6.741685033431922,-2.0960157175867082,6.447127258709882,-2.085130808577021,6.308738580730702,-2.0840716977819707,6.103871479643061,-2.078213083588841,5.894934086993679,-2.039572368298856,5.6975207186986205,-2.0210448366358547,5.408605151977725,-2.011769609868009,5.217334409447032,-1.987204942796563,5.1319703896261935,-1.9630483080656513,4.864828639325339,-1.9450998778279798,4.483146833419578,-1.9398454717009708,4.613940516521641,-1.9431285319494798,1.2094999999999998
6.9252228303499335,-2.13470696572691,6.748695235376982,-2.0938737340014972,6.536528978747057,-2.080238153173162,6.273452409957376,-2.080019028707575,6.064843279096334,-2.067484880191103,5.8399852397073735,-2.0352250300880184,5.653664380735739,-2.0163128679828097,5.354226162574759,-2.0043702780311334,5.197354108582561,-1.9845938232648213,5.141923886056657,-1.9650264472267103,4.807730857691599,-1.945586273320061,4.544437396422134,-1.9355292722043378,4.408155388595096,-1.9580680958191503,0.19120000000000004
6.782280091532642,-2.0998620466111575,6.733176748756859,-2.0927001323950534,6.517629633540098,-2.076133361837865,6.233356839616997,-2.078962203004967,6.0492370593323574,-2.073858257210797,5.824769180834549,-2.0258600602058587,5.617195162178362,-2.0121180050418768,5.321505989849117,-1.997206090531745,5.189759267056614,-1.9808622038131458,5.128227324329528,-1.956332354426132,4.826737851800112,-1.9356631074314004,4.58609315212851,-1.9340688960500658,4.353903105260843,-1.960472650108698,2.5151
6.63850773367027,-2.0952730482784987,6.555998856009664,-2.0875396910111346,6.502063555518354,-2.070891784689084,6.203504304020429,-2.080886898189187,6.045157610021432,-2.0774240630343725,5.78348975792298,-2.0221565398643624,5.611778814244197,-2.0194054980413134,5.295663025533254,-1.9920040051425754,5.1637664722564685,-1.9776257600472869,5.100875035716913,-1.9546373718578813,4.693653853875463,-1.9369606007266544,4.628882806898445,-1.9350386911422344,4.361500619053036,-1.9578253964437842,1.0324
6.744748678045758,-2.0965922500589795,6.6176624226383725,-2.0900155386753623,6.490483461191471,-2.068392059799053,6.16940019207702,-2.08394513466235,6.0118809569052525,-2.07971724095723,5.7733395968018355,-2.025822324508903,5.554672563707066,-2.0163842821922326,5.264844873308235,-1.988447880091462,5.143994130051083,-1.9725560477536757,5.059114298965778,-1.946898076670729,4.54206840107016,-1.9432812888067599,4.622682040763781,-1.937403271652074,4.279135507319206,-1.9625206827824182,-0.12440000000000007
6.750723968582926,-2.0970549005048342,6.565977682721744,-2.0895325167398107,6.340051130708648,-2.0787067829412487,6.126842411062977,-2.077566674914186,6.003349905677659,-2.0821903860616975,5.74230142799906,-2.0258302404105657,5.490922554544,-2.01395883789665,5.245393877489089,-1.9902401419981246,5.135670988293546,-1.9681711878525245,4.983020293958275,-1.94317870949614,4.532463026876226,-1.9415516721608712,4.5940430233074645,-1.9386546681295584,4.237277826624066,-1.958178776079938,0.05339999999999989
6.741685033431922,-2.0960157175867082,6.447127258709882,-2.085130808577021,6.308738580730702,-2.0840716977819707,6.103871479643061,-2.078213083588841,5.894934086993679,-2.039572368298856,5.6975207186986205,-2.0210448366358547,5.408605151977725,-2.011769609868009,5.217334409447032,-1.987204942796563,5.1319703896261935,-1.9630483080656513,4.864828639325339,-1.9450998778279798,4.483146833419578,-1.9398454717009708,4.613940516521641,-1.9431285319494798,4.284643262863316,-1.9522388424943953,0.3518000000000001
6.748695235376982,-2.0938737340014972,6.536528978747057,-2.080238153173162,6.273452409957376,-2.080019028707575,6.064843279096334,-2.067484880191103,5.8399852397073735,-2.0352250300880184,5.653664380735739,-2.0163128679828097,5.354226162574759,-2.0043702780311334,5.197354108582561,-1.9845938232648213,5.141923886056657,-1.9650264472267103,4.807730857691599,-1.945586273320061,4.544437396422134,-1.9355292722043378,4.408155388595096,-1.9580680958191503,4.283272170899252,-1.952820081059805,0.6481
6.733176748756859,-2.0927001323950534,6.517629633540098,-2.076133361837865,6.233356839616997,-2.078962203004967,6.0492370593323574,-2.073858257210797,5.824769180834549,-2.0258600602058587,5.617195162178362,-2.0121180050418768,5.321505989849117,-1.997206090531745,5.189759267056614,-1.9808622038131458,5.128227324329528,-1.956332354426132,4.826737851800112,-1.9356631074314004,4.58609315212851,-1.9340688960500658,4.353903105260843,-1.960472650108698,4.271924067677234,-1.9501551277972418,0.6736000000000001
6.555998856009664,-2.0875396910111346,6.502063555518354,-2.070891784689084,6.203504304020429,-2.080886898189187,6.045157610021432,-2.0774240630343725,5.78348975792298,-2.0221565398643624,5.611778814244197,-2.0194054980413134,5.295663025533254,-1.9920040051425754,5.1637664722564685,-1.9776257600472869,5.100875035716913,-1.9546373718578813,4.693653853875463,-1.9369606007266544,4.628882806898445,-1.9350386911422344,4.361500619053036,-1.9578253964437842,4.250461331432155,-1.9495595407144135,0.5321
6.6176624226383725,-2.0900155386753623,6.490483461191471,-2.068392059799053,6.16940019207702,-2.08394513466235,6.0118809569052525,-2.07971724095723,5.7733395968018355,-2.025822324508903,5.554672563707066,-2.0163842821922326,5.264844873308235,-1.988447880091462,5.143994130051083,-1.9725560477536757,5.059114298965778,-1.946898076670729,4.54206840107016,-1.9432812888067599,4.622682040763781,-1.937403271652074,4.279135507319206,-1.9625206827824182,4.205666274206739,-1.950574169318164,0.4688
6.565977682721744,-2.0895325167398107,6.340051130708648,-2.0787067829412487,6.126842411062977,-2.077566674914186,6.003349905677659,-2.0821903860616975,5.74230142799906,-2.0258302404105657,5.490922554544,-2.01395883789665,5.245393877489089,-1.9902401419981246,5.135670988293546,-1.9681711878525245,4.983020293958275,-1.94317870949614,4.532463026876226,-1.9415516721608712,4.5940430233074645,-1.9386546681295584,4.237277826624066,-1.958178776079938,4.180487427322323,-1.9501966570780949,0.8068000000000001
6.447127258709882,-2.085130808577021,6.308738580730702,-2.0840716977819707,6.103871479643061,-2.078213083588841,5.894934086993679,-2.039572368298856,5.6975207186986205,-2.0210448366358547,5.408605151977725,-2.011769609868009,5.217334409447032,-1.987204942796563,5.1319703896261935,-1.9630483080656513,4.864828639325339,-1.9450998778279798,4.483146833419578,-1.9398454717009708,4.613940516521641,-1.9431285319494798,4.284643262863316,-1.9522388424943953,4.166154574664747,-1.9458871357930845,0.6797
6.536528978747057,-2.080238153173162,6.273452409957376,-2.080019028707575,6.064843279096334,-2.067484880191103,5.8399852397073735,-2.0352250300880184,5.653664380735739,-2.0163128679828097,5.354226162574759,-2.0043702780311334,5.197354108582561,-1.9845938232648213,5.141923886056657,-1.9650264472267103,4.807730857691599,-1.945586273320061,4.544437396422134,-1.9355292722043378,4.408155388595096,-1.9580680958191503,4.283272170899252,-1.952820081059805,4.139119695055942,-1.9443308617152308,0.29429999999999995
6.517629633540098,-2.076133361837865,6.233356839616997,-2.078962203004967,6.0492370593323574,-2.073858257210797,5.824769180834549,-2.0258600602058587,5.617195162178362,-2.0121180050418768,5.321505989849117,-1.997206090531745,5.189759267056614,-1.9808622038131458,5.128227324329528,-1.956332354426132,4.826737851800112,-1.9356631074314004,4.58609315212851,-1.9340688960500658,4.353903105260843,-1.960472650108698,4.271924067677234,-1.9501551277972418,4.115519320814813,-1.9402659432180926,0.5423
6.502063555518354,-2.070891784689084,6.203504304020429,-2.080886898189187,6.045157610021432,-2.0774240630343725,5.78348975792298,-2.0221565398643624,5.611778814244197,-2.0194054980413134,5.295663025533254,-1.9920040051425754,5.1637664722564685,-1.9776257600472869,5.100875035716913,-1.9546373718578813,4.693653853875463,-1.9369606007266544,4.628882806898445,-1.9350386911422344,4.361500619053036,-1.9578253964437842,4.250461331432155,-1.9495595407144135,4.105438969221197,-1.9366743012703762,1.262
6.490483461191471,-2.068392059799053,6.16940019207702,-2.08394513466235,6.0118809569052525,-2.07971724095723,5.7733395968018355,-2.025822324508903,5.554672563707066,-2.0163842821922326,5.264844873308235,-1.988447880091462,5.143994130051083,-1.9725560477536757,5.059114298965778,-1.946898076670729,4.54206840107016,-1.9432812888067599,4.622682040763781,-1.937403271652074,4.279135507319206,-1.9625206827824182,4.205666274206739,-1.950574169318164,4.089051998935693,-1.934203948074509,1.2029999999999998
6.340051130708648,-2.0787067829412487,6.126842411062977,-2.077566674914186,6.003349905677659,-2.0821903860616975,5.74230142799906,-2.0258302404105657,5.490922554544,-2.01395883789665,5.245393877489089,-1.9902401419981246,5.135670988293546,-1.9681711878525245,4.983020293958275,-1.94317870949614,4.532463026876226,-1.9415516721608712,4.5940430233074645,-1.9386546681295584,4.237277826624066,-1.958178776079938,4.180487427322323,-1.9501966570780949,4.025320018333946,-1.9244553728500178,0.25459999999999994
6.308738580730702,-2.0840716977819707,6.103871479643061,-2.078213083588841,5.894934086993679,-2.039572368298856,5.6975207186986205,-2.0210448366358547,5.408605151977725,-2.011769609868009,5.217334409447032,-1.987204942796563,5.1319703896261935,-1.9630483080656513,4.864828639325339,-1.9450998778279798,4.483146833419578,-1.9398454717009708,4.613940516521641,-1.9431285319494798,4.284643262863316,-1.9522388424943953,4.166154574664747,-1.9458871357930845,3.9753818998933936,-1.9170098736449055,-0.4991
6.273452409957376,-2.080019028707575,6.064843279096334,-2.067484880191103,5.8399852397073735,-2.0352250300880184,5.653664380735739,-2.0163128679828097,5.354226162574759,-2.0043702780311334,5.197354108582561,-1.9845938232648213,5.141923886056657,-1.9650264472267103,4.807730857691599,-1.945586273320061,4.544437396422134,-1.9355292722043378,4.408155388595096,-1.9580680958191503,4.283272170899252,-1.952820081059805,4.139119695055942,-1.9443308617152308,3.9420932929092363,-1.9276816745483272,0.6541000000000001
6.233356839616997,-2.078962203004967,6.0492370593323574,-2.073858257210797,5.824769180834549,-2.0258600602058587,5.617195162178362,-2.0121180050418768,5.321505989849117,-1.997206090531745,5.189759267056614,-1.9808622038131458,5.128227324329528,-1.956332354426132,4.826737851800112,-1.9356631074314004,4.58609315212851,-1.9340688960500658,4.353903105260843,-1.960472650108698,4.271924067677234,-1.9501551277972418,4.115519320814813,-1.9402659432180926,3.96016380090521,-1.9265465100267682,-0.35560000000000014
6.203504304020429,-2.080886898189187,6.045157610021432,-2.0774240630343725,5.78348975792298,-2.0221565398643624,5.611778814244197,-2.0194054980413134,5.295663025533254,-1.9920040051425754,5.1637664722564685,-1.9776257600472869,5.100875035716913,-1.9546373718578813,4.693653853875463,-1.9369606007266544,4.628882806898445,-1.9350386911422344,4.361500619053036,-1.9578253964437842,4.250461331432155,-1.9495595407144135,4.105438969221197,-1.9366743012703762,3.9383861161648444,-1.9262445131989898,0.35350000000000004
6.16940019207702,-2.08394513466235,6.0118809569052525,-2.07971724095723,5.7733395968018355,-2.025822324508903,5.554672563707066,-2.0163842821922326,5.264844873308235,-1.988447880091462,5.143994130051083,-1.9725560477536757,5.059114298965778,-1.946898076670729,4.54206840107016,-1.9432812888067599,4.622682040763781,-1.937403271652074,4.279135507319206,-1.9625206827824182,4.205666274206739,-1.950574169318164,4.089051998935693,-1.934203948074509,3.9486227902903046,-1.9220707167363964,0.5347999999999999
6.126842411062977,-2.077566674914186,6.003349905677659,-2.0821903860616975,5.74230142799906,-2.0258302404105657,5.490922554544,-2.01395883789665,5.245393877489089,-1.9902401419981246,5.135670988293546,-1.9681711878525245,4.983020293958275,-1.94317870949614,4.532463026876226,-1.9415516721608712,4.5940430233074645,-1.9386546681295584,4.237277826624066,-1.958178776079938,4.180487427322323,-1.9501966570780949,4.025320018333946,-1.9244553728500178,3.871474810714905,-1.9210657491856789,0.008199999999999985
6.103871479643061,-2.078213083588841,5.894934086993679,-2.039572368298856,5.6975207186986205,-2.0210448366358547,5.408605151977725,-2.011769609868009,5.217334409447032,-1.987204942796563,5.1319703896261935,-1.9630483080656513,4.864828639325339,-1.9450998778279798,4.483146833419578,-1.9398454717009708,4.613940516521641,-1.9431285319494798,4.284643262863316,-1.9522388424943953,4.166154574664747,-1.9458871357930845,3.9753818998933936,-1.9170098736449055,3.8552524236423213,-1.9177722985667676,0.5593
6.064843279096334,-2.067484880191103,5.8399852397073735,-2.0352250300880184,5.653664380735739,-2.0163128679828097,5.354226162574759,-2.0043702780311334,5.197354108582561,-1.9845938232648213,5.141923886056657,-1.9650264472267103,4.807730857691599,-1.945586273320061,4.544437396422134,-1.9355292722043378,4.408155388595096,-1.9580680958191503,4.283272170899252,-1.952820081059805,4.139119695055942,-1.9443308617152308,3.9420932929092363,-1.9276816745483272,3.8536211295351808,-1.9112001782523318,0.16610000000000014
6.0492370593323574,-2.073858257210797,5.824769180834549,-2.0258600602058587,5.617195162178362,-2.0121180050418768,5.321505989849117,-1.997206090531745,5.189759267056614,-1.9808622038131458,5.128227324329528,-1.956332354426132,4.826737851800112,-1.9356631074314004,4.58609315212851,-1.9340688960500658,4.353903105260843,-1.960472650108698,4.271924067677234,-1.9501551277972418,4.115519320814813,-1.9402659432180926,3.96016380090521,-1.9265465100267682,3.833483538506457,-1.906257309525533,0.11680000000000001
6.045157610021432,-2.0774240630343725,5.78348975792298,-2.0221565398643624,5.611778814244197,-2.0194054980413134,5.295663025533254,-1.9920040051425754,5.1637664722564685,-1.9776257600472869,5.100875035716913,-1.9546373718578813,4.693653853875463,-1.9369606007266544,4.628882806898445,-1.9350386911422344,4.361500619053036,-1.9578253964437842,4.250461331432155,-1.9495595407144135,4.105438969221197,-1.9366743012703762,3.9383861161648444,-1.9262445131989898,3.8209102632749685,-1.8979926751041953,0.05069999999999997
6.0118809569052525,-2.07971724095723,5.7733395968018355,-2.025822324508903,5.554672563707066,-2.0163842821922326,5.264844873308235,-1.988447880091462,5.143994130051083,-1.9725560477536757,5.059114298965778,-1.946898076670729,4.54206840107016,-1.9432812888067599,4.622682040763781,-1.937403271652074,4.279135507319206,-1.9625206827824182,4.205666274206739,-1.950574169318164,4.089051998935693,-1.934203948074509,3.9486227902903046,-1.9220707167363964,3.8107071850248486,-1.891011676389575,-0.27639999999999987
6.003349905677659,-2.0821903860616975,5.74230142799906,-2.0258302404105657,5.490922554544,-2.01395883789665,5.245393877489089,-1.9902401419981246,5.135670988293546,-1.9681711878525245,4.983020293958275,-1.94317870949614,4.532463026876226,-1.9415516721608712,4.5940430233074645,-1.9386546681295584,4.237277826624066,-1.958178776079938,4.180487427322323,-1.9501966570780949,4.025320018333946,-1.9244553728500178,3.871474810714905,-1.9210657491856789,3.80548436470313,-1.883447535377529,0.007900000000000018
5.894934086993679,-2.039572368298856,5.6975207186986205,-2.0210448366358547,5.408605151977725,-2.011769609868009,5.217334409447032,-1.987204942796563,5.1319703896261935,-1.9630483080656513,4.864828639325339,-1.9450998778279798,4.483146833419578,-1.9398454717009708,4.613940516521641,-1.9431285319494798,4.284643262863316,-1.9522388424943953,4.166154574664747,-1.9458871357930845,3.9753818998933936,-1.9170098736449055,3.8552524236423213,-1.9177722985667676,3.817053115952147,-1.8804593484285101,0.9617
5.8399852397073735,-2.0352250300880184,5.653664380735739,-2.0163128679828097,5.354226162574759,-2.0043702780311334,5.197354108582561,-1.9845938232648213,5.141923886056657,-1.9650264472267103,4.807730857691599,-1.945586273320061,4.544437396422134,-1.9355292722043378,4.408155388595096,-1.9580680958191503,4.283272170899252,-1.952820081059805,4.139119695055942,-1.9443308617152308,3.9420932929092363,-1.9276816745483272,3.8536211295351808,-1.9112001782523318,3.819630381332727,-1.8782650950934883,0.8226
5.824769180834549,-2.0258600602058587,5.617195162178362,-2.0121180050418768,5.321505989849117,-1.997206090531745,5.189759267056614,-1.9808622038131458,5.128227324329528,-1.956332354426132,4.826737851800112,-1.9356631074314004,4.58609315212851,-1.9340688960500658,4.353903105260843,-1.960472650108698,4.271924067677234,-1.9501551277972418,4.115519320814813,-1.9402659432180926,3.96016380090521,-1.9265465100267682,3.833483538506457,-1.906257309525533,3.786806587350351,-1.8781914028124627,3.4126
5.78348975792298,-2.0221565398643624,5.611778814244197,-2.0194054980413134,5.295663025533254,-1.9920040051425754,5.1637664722564685,-1.9776257600472869,5.100875035716913,-1.9546373718578813,4.693653853875463,-1.9369606007266544,4.628882806898445,-1.9350386911422344,4.361500619053036,-1.9578253964437842,4.250461331432155,-1.9495595407144135,4.105438969221197,-1.9366743012703762,3.9383861161648444,-1.9262445131989898,3.8209102632749685,-1.8979926751041953,3.759650415929651,-1.8763548158878054,0.15860000000000007
5.7733395968018355,-2.025822324508903,5.554672563707066,-2.0163842821922326,5.264844873308235,-1.988447880091462,5.143994130051083,-1.9725560477536757,5.059114298965778,-1.946898076670729,4.54206840107016,-1.9432812888067599,4.622682040763781,-1.937403271652074,4.279135507319206,-1.9625206827824182,4.205666274206739,-1.950574169318164,4.089051998935693,-1.934203948074509,3.9486227902903046,-1.9220707167363964,3.8107071850248486,-1.891011676389575,3.649557608806853,-1.8851643835607148,-1.0375999999999999
5.74230142799906,-2.0258302404105657,5.490922554544,-2.01395883789665,5.245393877489089,-1.9902401419981246,5.135670988293546,-1.9681711878525245,4.983020293958275,-1.94317870949614,4.532463026876226,-1.9415516721608712,4.5940430233074645,-1.9386546681295584,4.237277826624066,-1.958178776079938,4.180487427322323,-1.9501966570780949,4.025320018333946,-1.9244553728500178,3.871474810714905,-1.9210657491856789,3.80548436470313,-1.883447535377529,3.6784378668124864,-1.882041404349934,-0.4896999999999999
5.6975207186986205,-2.0210448366358547,5.408605151977725,-2.011769609868009,5.217334409447032,-1.987204942796563,5.1319703896261935,-1.9630483080656513,4.864828639325339,-1.9450998778279798,4.483146833419578,-1.9398454717009708,4.613940516521641,-1.9431285319494798,4.284643262863316,-1.9522388424943953,4.166154574664747,-1.9458871357930845,3.9753818998933936,-1.9170098736449055,3.8552524236423213,-1.9177722985667676,3.817053115952147,-1.8804593484285101,3.7159990958018274,-1.8822667422568575,0.16190000000000004
5.653664380735739,-2.0163128679828097,5.354226162574759,-2.0043702780311334,5.197354108582561,-1.9845938232648213,5.141923886056657,-1.9650264472267103,4.807730857691599,-1.945586273320061,4.544437396422134,-1.9355292722043378,4.408155388595096,-1.9580680958191503,4.283272170899252,-1.952820081059805,4.139119695055942,-1.9443308617152308,3.9420932929092363,-1.9276816745483272,3.8536211295351808,-1.9112001782523318,3.819630381332727,-1.8782650950934883,3.7402648689631603,-1.8805155683504147,0.006299999999999972
5.617195162178362,-2.0121180050418768,5.321505989849117,-1.997206090531745,5.189759267056614,-1.9808622038131458,5.128227324329528,-1.956332354426132,4.826737851800112,-1.9356631074314004,4.58609315212851,-1.9340688960500658,4.353903105260843,-1.960472650108698,4.271924067677234,-1.9501551277972418,4.115519320814813,-1.9402659432180926,3.96016380090521,-1.9265465100267682,3.833483538506457,-1.906257309525533,3.786806587350351,-1.8781914028124627,3.768746680263876,-1.8732300723795117,-0.364
5.611778814244197,-2.0194054980413134,5.295663025533254,-1.9920040051425754,5.1637664722564685,-1.9776257600472869,5.100875035716913,-1.9546373718578813,4.693653853875463,-1.9369606007266544,4.628882806898445,-1.9350386911422344,4.361500619053036,-1.9578253964437842,4.250461331432155,-1.9495595407144135,4.105438969221197,-1.9366743012703762,3.9383861161648444,-1.9262445131989898,3.8209102632749685,-1.8979926751041953,3.759650415929651,-1.8763548158878054,3.766219963039864,-1.8765006278976626,-0.1552
5.554672563707066,-2.0163842821922326,5.264844873308235,-1.988447880091462,5.143994130051083,-1.9725560477536757,5.059114298965778,-1.946898076670729,4.54206840107016,-1.9432812888067599,4.622682040763781,-1.937403271652074,4.279135507319206,-1.9625206827824182,4.205666274206739,-1.950574169318164,4.089051998935693,-1.934203948074509,3.9486227902903046,-1.9220707167363964,3.8107071850248486,-1.891011676389575,3.649557608806853,-1.8851643835607148,3.783595266409982,-1.8717844540724202,-0.3726999999999999
5.490922554544,-2.01395883789665,5.245393877489089,-1.9902401419981246,5.135670988293546,-1.9681711878525245,4.983020293958275,-1.94317870949614,4.532463026876226,-1.9415516721608712,4.5940430233074645,-1.9386546681295584,4.237277826624066,-1.958178776079938,4.180487427322323,-1.9501966570780949,4.025320018333946,-1.9244553728500178,3.871474810714905,-1.9210657491856789,3.80548436470313,-1.883447535377529,3.6784378668124864,-1.882041404349934,3.7855426083984347,-1.865628443710892,0.1865
5.408605151977725,-2.011769609868009,5.217334409447032,-1.987204942796563,5.1319703896261935,-1.9630483080656513,4.864828639325339,-1.9450998778279798,4.483146833419578,-1.9398454717009708,4.613940516521641,-1.9431285319494798,4.284643262863316,-1.9522388424943953,4.166154574664747,-1.9458871357930845,3.9753818998933936,-1.9170098736449055,3.8552524236423213,-1.9177722985667676,3.817053115952147,-1.8804593484285101,3.7159990958018274,-1.8822667422568575,3.8002946333146332,-1.864917187295891,-0.03420000000000001
5.354226162574759,-2.0043702780311334,5.197354108582561,-1.9845938232648213,5.141923886056657,-1.9650264472267103,4.807730857691599,-1.945586273320061,4.544437396422134,-1.9355292722043378,4.408155388595096,-1.9580680958191503,4.283272170899252,-1.952820081059805,4.139119695055942,-1.9443308617152308,3.9420932929092363,-1.9276816745483272,3.8536211295351808,-1.9112001782523318,3.819630381332727,-1.8782650950934883,3.7402648689631603,-1.8805155683504147,3.8002807475237925,-1.8600553226136587,-0.10240000000000005
5.321505989849117,-1.997206090531745,5.189759267056614,-1.9808622038131458,5.128227324329528,-1.956332354426132,4.826737851800112,-1.9356631074314004,4.58609315212851,-1.9340688960500658,4.353903105260843,-1.960472650108698,4.271924067677234,-1.9501551277972418,4.115519320814813,-1.9402659432180926,3.96016380090521,-1.9265465100267682,3.833483538506457,-1.906257309525533,3.786806587350351,-1.8781914028124627,3.768746680263876,-1.8732300723795117,3.808932461989843,-1.854097909529057,-0.12880000000000003
5.295663025533254,-1.9920040051425754,5.1637664722564685,-1.9776257600472869,5.100875035716913,-1.9546373718578813,4.693653853875463,-1.9369606007266544,4.628882806898445,-1.9350386911422344,4.361500619053036,-1.9578253964437842,4.250461331432155,-1.9495595407144135,4.105438969221197,-1.9366743012703762,3.9383861161648444,-1.9262445131989898,3.8209102632749685,-1.8979926751041953,3.759650415929651,-1.8763548158878054,3.766219963039864,-1.8765006278976626,3.8207527700703166,-1.8491391272139404,-0.22750000000000004
5.264844873308235,-1.988447880091462,5.143994130051083,-1.9725560477536757,5.059114298965778,-1.946898076670729,4.54206840107016,-1.9432812888067599,4.622682040763781,-1.937403271652074,4.279135507319206,-1.9625206827824182,4.205666274206739,-1.950574169318164,4.089051998935693,-1.934203948074509,3.9486227902903046,-1.9220707167363964,3.8107071850248486,-1.891011676389575,3.649557608806853,-1.8851643835607148,3.783595266409982,-1.8717844540724202,3.8708266675220675,-1.8434856030695752,0.8482000000000001
5.245393877489089,-1.9902401419981246,5.135670988293546,-1.9681711878525245,4.983020293958275,-1.94317870949614,4.532463026876226,-1.9415516721608712,4.5940430233074645,-1.9386546681295584,4.237277826624066,-1.958178776079938,4.180487427322323,-1.9501966570780949,4.025320018333946,-1.9244553728500178,3.871474810714905,-1.9210657491856789,3.80548436470313,-1.883447535377529,3.6784378668124864,-1.882041404349934,3.7855426083984347,-1.865628443710892,3.8792302393645035,-1.8419432599235275,1.7769
5.217334409447032,-1.987204942796563,5.1319703896261935,-1.9630483080656513,4.864828639325339,-1.9450998778279798,4.483146833419578,-1.9398454717009708,4.613940516521641,-1.9431285319494798,4.284643262863316,-1.9522388424943953,4.166154574664747,-1.9458871357930845,3.9753818998933936,-1.9170098736449055,3.8552524236423213,-1.9177722985667676,3.817053115952147,-1.8804593484285101,3.7159990958018274,-1.8822667422568575,3.8002946333146332,-1.864917187295891,3.8487826568929573,-1.838885084391166,0.21450000000000002
5.197354108582561,-1.9845938232648213,5.141923886056657,-1.9650264472267103,4.807730857691599,-1.945586273320061,4.544437396422134,-1.9355292722043378,4.408155388595096,-1.9580680958191503,4.283272170899252,-1.952820081059805,4.139119695055942,-1.9443308617152308,3.9420932929092363,-1.9276816745483272,3.8536211295351808,-1.9112001782523318,3.819630381332727,-1.8782650950934883,3.7402648689631603,-1.8805155683504147,3.8002807475237925,-1.8600553226136587,3.7881020313608222,-1.8376735060998555,321.479
5.189759267056614,-1.9808622038131458,5.128227324329528,-1.956332354426132,4.826737851800112,-1.9356631074314004,4.58609315212851,-1.9340688960500658,4.353903105260843,-1.960472650108698,4.271924067677234,-1.9501551277972418,4.115519320814813,-1.9402659432180926,3.96016380090521,-1.9265465100267682,3.833483538506457,-1.906257309525533,3.786806587350351,-1.8781914028124627,3.768746680263876,-1.8732300723795117,3.808932461989843,-1.854097909529057,3.780330083471549,-1.831795743390811,319.037
12.019489408872577,2.8865205184813036,12.019489408872577,2.8865205184813036,12.019489408872577,2.8865205184813036,11.917273249363715,2.888861986887238,11.856056022556574,2.88486953656868,11.77602335001082,2.8790511210953285,11.645131752796962,2.887935182370795,11.589275140836026,2.8920140894568895,11.580270119474758,2.884545841970597,11.524465848359307,2.8876948820163415,11.549263893426284,2.8857021251840425,11.523276284546862,2.8895504062345774,11.526301221554117,2.8880140476093086,0.39699999999999996
11.992327056914345,2.889005560337847,11.992327056914345,2.889005560337847,11.992327056914345,2.889005560337847,11.904607923405123,2.886408849388067,11.80090958951893,2.8873303912064423,11.738706989272716,2.881636135704607,11.660871124405757,2.882043705363647,11.594606955390946,2.8874915377992596,11.56590410689973,2.8862840436987636,11.51475544681692,2.888525699232908,11.55794271875406,2.885737600436584,11.497108995308345,2.890823282453146,11.530584472610224,2.885726518108751,-0.0693
11.966214539694668,2.8900388849097864,11.966214539694668,2.8900388849097864,11.966214539694668,2.8900388849097864,11.889783145204957,2.8854924126247767,11.797164180005293,2.8843565226160646,11.71592761414989,2.8835738347822044,11.631954849465329,2.88730397143408,11.594349065385257,2.8859349269585186,11.54755800072032,2.887677011562128,11.532334856394003,2.8856945192063934,11.547113589551286,2.888758412010042,11.51083728188354,2.889218283412265,11.53053151420176,2.884308666877394,-0.11019999999999999
11.94277632420535,2.8908139519291556,11.94277632420535,2.8908139519291556,11.94277632420535,2.8908139519291556,11.886588497125663,2.8845609726747634,11.79706669176707,2.8815046232381114,11.699240924521556,2.8852656601136273,11.596750331450616,2.8943134371592256,11.586182351836177,2.8866873141208536,11.539897339664682,2.888373077031767,11.542874739422583,2.8845004389794577,11.538806129318576,2.8904070025685207,11.519632897362658,2.8877564103132234,11.528833755415157,2.8836420226334183,0.009599999999999997
12.017621457260168,2.886325195496321,12.017621457260168,2.886325195496321,11.926251613143162,2.890580178756939,11.887978521599042,2.884678680432728,11.789073480982292,2.8797701472117647,11.618269496357883,2.895136014030245,11.576302885204761,2.8975190756646523,11.586777451043064,2.8857730417034055,11.516892047770524,2.8885019280220674,11.554504988964267,2.884075995578942,11.530485563496448,2.890776940690493,11.522059931279651,2.8879814112369813,11.524180742248012,2.883777803384876,0.1529
10.83907582222765,2.5918790289042306,10.83907582222765,2.5918790289042306,10.921195073800304,2.617951324950017,11.004867797479443,2.6456486360193043,11.084937315564757,2.670045556282408,11.109730737061094,2.6965798036026585,11.257703912432591,2.71211131882206,11.39796585097534,2.728781823984047,11.635237790436426,2.3016055003602065,11.789544116716304,2.366774709591192,11.789544116716304,2.366774709591192,12.075903644862361,2.4632150345645596,12.334546539698978,2.5038785754090966,-2.5627
10.853090448807661,2.594645374986715,10.853090448807661,2.594645374986715,10.940653195307856,2.621223271320691,11.004842554530256,2.6504866349138023,11.093749636619716,2.67242224336739,11.166696490009924,2.6958278189389913,11.29097258166895,2.7135285188557248,11.31373267228813,2.4015224137295887,11.58890402842305,2.319247091506688,11.58890402842305,2.319247091506688,11.92850952340652,2.424518939149306,12.11207728880558,2.470900454950019,12.387947979387059,2.510592730134759,-2.7443
12.007140635888298,2.8896249818400124,12.007140635888298,2.8896249818400124,11.909707306646963,2.887631074237705,11.828580751721653,2.885361046176701,11.757752554804002,2.879919201331933,11.659188714914942,2.8839306092279946,11.594679328467866,2.888464310525462,11.569145322365,2.8853833366879473,11.52161903770473,2.8877831988216203,11.552057493797372,2.885291136711931,11.508439735255164,2.890761543988455,11.508439735255164,2.890761543988455,11.532786404421088,2.884144922418676,-0.030200000000000005
10.877192737558708,2.59725193867718,10.877192737558708,2.59725193867718,10.950060599832316,2.6251005312701414,11.021051897618483,2.6539042490361275,11.105847152738962,2.6747195480896253,11.207538674035433,2.697143522025918,11.32067468837436,2.7156567404743375,11.537782903573802,2.2971968248129486,11.606058776776894,2.3316450763113097,11.606058776776894,2.3316450763113097,11.949487348417923,2.4322302385128447,12.164675800447787,2.4772740322965467,12.435906912244075,2.517436736646161,-2.3038000000000003
10.902093277898514,2.608226899908851,10.902093277898514,2.608226899908851,10.981260279221141,2.6371352512959505,11.045036547246006,2.6619670083912097,11.160474517241639,2.681739796243344,11.256035396621668,2.7019647465559453,11.367430614259321,2.723739004670494,11.709200335633511,2.2708215669235945,11.709200335633511,2.2708215669235945,11.833975998370116,2.403685508617376,12.014329648382386,2.4474053450476463,12.277496937894139,2.489654871646087,12.537861366676541,2.531031347621081,-2.4154
10.916395828752268,2.6130361913720437,10.916395828752268,2.6130361913720437,10.995876438010752,2.640836416941416,11.088955508973786,2.667870529830739,11.187203191146573,2.684557033877397,11.248277740614338,2.708595623020111,11.37857691849029,2.729014134871751,11.705293211192958,2.2829493753096712,11.70928495852757,2.3614603963947327,11.70928495852757,2.3614603963947327,12.044409887578555,2.455291824999533,12.30236583304203,2.4971177482068136,12.595206734309684,2.5377964418610435,-3.2453
10.83907582222765,2.5918790289042306,10.921195073800304,2.617951324950017,11.004867797479443,2.6456486360193043,11.084937315564757,2.670045556282408,11.109730737061094,2.6965798036026585,11.257703912432591,2.71211131882206,11.39796585097534,2.728781823984047,11.635237790436426,2.3016055003602065,11.789544116716304,2.366774709591192,11.789544116716304,2.366774709591192,12.075903644862361,2.4632150345645596,12.334546539698978,2.5038785754090966,12.646804963309902,2.543758471835754,-2.4804000000000004
10.853090448807661,2.594645374986715,10.940653195307856,2.621223271320691,11.004842554530256,2.6504866349138023,11.093749636619716,2.67242224336739,11.166696490009924,2.6958278189389913,11.29097258166895,2.7135285188557248,11.31373267228813,2.4015224137295887,11.58890402842305,2.319247091506688,11.58890402842305,2.319247091506688,11.92850952340652,2.424518939149306,12.11207728880558,2.470900454950019,12.387947979387059,2.510592730134759,12.69599499566694,2.551958192001063,-3.0351999999999997
10.877192737558708,2.59725193867718,10.950060599832316,2.6251005312701414,11.021051897618483,2.6539042490361275,11.105847152738962,2.6747195480896253,11.207538674035433,2.697143522025918,11.32067468837436,2.7156567404743375,11.537782903573802,2.2971968248129486,11.606058776776894,2.3316450763113097,11.606058776776894,2.3316450763113097,11.949487348417923,2.4322302385128447,12.164675800447787,2.4772740322965467,12.435906912244075,2.517436736646161,12.741621953660376,2.557610472348788,-2.9261999999999997
10.89623152654164,2.6014155378748804,10.960864663884871,2.630708550851195,11.029209223239894,2.658294165491975,11.127747666531624,2.677812420727115,11.236139510080854,2.6990054992026176,11.336833226258559,2.721217050086758,11.664955024773993,2.2688845455126057,11.59233958267269,2.3449096645441747,11.59233958267269,2.3449096645441747,12.230603545614583,2.4830500191477416,12.230603545614583,2.4830500191477416,12.491148549673083,2.5252565192626437,12.795677180204258,2.56493731132501,-2.872
10.902093277898514,2.608226899908851,10.981260279221141,2.6371352512959505,11.045036547246006,2.6619670083912097,11.160474517241639,2.681739796243344,11.256035396621668,2.7019647465559453,11.367430614259321,2.723739004670494,11.709200335633511,2.2708215669235945,11.709200335633511,2.2708215669235945,11.833975998370116,2.403685508617376,12.014329648382386,2.4474053450476463,12.277496937894139,2.489654871646087,12.537861366676541,2.531031347621081,12.852703401619445,2.5716786593409897,-1.5268
10.916395828752268,2.6130361913720437,10.995876438010752,2.640836416941416,11.088955508973786,2.667870529830739,11.187203191146573,2.684557033877397,11.248277740614338,2.708595623020111,11.37857691849029,2.729014134871751,11.705293211192958,2.2829493753096712,11.70928495852757,2.3614603963947327,11.70928495852757,2.3614603963947327,12.044409887578555,2.455291824999533,12.30236583304203,2.4971177482068136,12.595206734309684,2.5377964418610435,12.926614799706842,2.5765389792579967,-3.1834000000000002
10.921195073800304,2.617951324950017,11.004867797479443,2.6456486360193043,11.084937315564757,2.670045556282408,11.109730737061094,2.6965798036026585,11.257703912432591,2.71211131882206,11.39796585097534,2.728781823984047,11.635237790436426,2.3016055003602065,11.789544116716304,2.366774709591192,11.789544116716304,2.366774709591192,12.075903644862361,2.4632150345645596,12.334546539698978,2.5038785754090966,12.646804963309902,2.543758471835754,12.966806030784912,2.582756271857367,-3.2489
10.940653195307856,2.621223271320691,11.004842554530256,2.6504866349138023,11.093749636619716,2.67242224336739,11.166696490009924,2.6958278189389913,11.29097258166895,2.7135285188557248,11.31373267228813,2.4015224137295887,11.58890402842305,2.319247091506688,11.58890402842305,2.319247091506688,11.92850952340652,2.424518939149306,12.11207728880558,2.470900454950019,12.387947979387059,2.510592730134759,12.69599499566694,2.551958192001063,13.050834928846509,2.587813805148489,-3.2512000000000003
10.950060599832316,2.6251005312701414,11.021051897618483,2.6539042490361275,11.105847152738962,2.6747195480896253,11.207538674035433,2.697143522025918,11.32067468837436,2.7156567404743375,11.537782903573802,2.2971968248129486,11.606058776776894,2.3316450763113097,11.606058776776894,2.3316450763113097,11.949487348417923,2.4322302385128447,12.164675800447787,2.4772740322965467,12.435906912244075,2.517436736646161,12.741621953660376,2.557610472348788,13.094220056574578,2.5954116307034467,-80.73360000000001
10.960864663884871,2.630708550851195,11.029209223239894,2.658294165491975,11.127747666531624,2.677812420727115,11.236139510080854,2.6990054992026176,11.336833226258559,2.721217050086758,11.664955024773993,2.2688845455126057,11.59233958267269,2.3449096645441747,11.59233958267269,2.3449096645441747,12.230603545614583,2.4830500191477416,12.230603545614583,2.4830500191477416,12.491148549673083,2.5252565192626437,12.795677180204258,2.56493731132501,13.160557476414139,2.602594863757822,-28.971999999999998
11.889783145204957,2.8854924126247767,11.797164180005293,2.8843565226160646,11.71592761414989,2.8835738347822044,11.631954849465329,2.88730397143408,11.594349065385257,2.8859349269585186,11.54755800072032,2.887677011562128,11.532334856394003,2.8856945192063934,11.547113589551286,2.888758412010042,11.51083728188354,2.889218283412265,11.53053151420176,2.884308666877394,11.555809434652339,2.8853493859696617,11.555809434652339,2.8853493859696617,11.57389042673206,2.882470712398797,-0.5246999999999999
10.981260279221141,2.6371352512959505,11.045036547246006,2.6619670083912097,11.160474517241639,2.681739796243344,11.256035396621668,2.7019647465559453,11.367430614259321,2.723739004670494,11.709200335633511,2.2708215669235945,11.709200335633511,2.2708215669235945,11.833975998370116,2.403685508617376,12.014329648382386,2.4474053450476463,12.277496937894139,2.489654871646087,12.537861366676541,2.531031347621081,12.852703401619445,2.5716786593409897,10.510761468133511,2.5586722564086757,-7.3249
11.886588497125663,2.8845609726747634,11.79706669176707,2.8815046232381114,11.699240924521556,2.8852656601136273,11.596750331450616,2.8943134371592256,11.586182351836177,2.8866873141208536,11.539897339664682,2.888373077031767,11.542874739422583,2.8845004389794577,11.538806129318576,2.8904070025685207,11.519632897362658,2.8877564103132234,11.528833755415157,2.8836420226334183,11.528833755415157,2.8836420226334183,11.577098726796796,2.879486852481203,11.577098726796796,2.879486852481203,-0.3426
10.995876438010752,2.640836416941416,11.088955508973786,2.667870529830739,11.187203191146573,2.684557033877397,11.248277740614338,2.708595623020111,11.37857691849029,2.729014134871751,11.705293211192958,2.2829493753096712,11.70928495852757,2.3614603963947327,11.70928495852757,2.3614603963947327,12.044409887578555,2.455291824999533,12.30236583304203,2.4971177482068136,12.595206734309684,2.5377964418610435,12.926614799706842,2.5765389792579967,9.572944126547489,2.5353509832630654,-2.9015999999999997
11.887978521599042,2.884678680432728,11.789073480982292,2.8797701472117647,11.618269496357883,2.895136014030245,11.576302885204761,2.8975190756646523,11.586777451043064,2.8857730417034055,11.516892047770524,2.8885019280220674,11.554504988964267,2.884075995578942,11.530485563496448,2.890776940690493,11.522059931279651,2.8879814112369813,11.524180742248012,2.883777803384876,11.524180742248012,2.883777803384876,11.577976977866218,2.87727986372486,11.577976977866218,2.87727986372486,-0.07900000000000001
11.004867797479443,2.6456486360193043,11.084937315564757,2.670045556282408,11.109730737061094,2.6965798036026585,11.257703912432591,2.71211131882206,11.39796585097534,2.728781823984047,11.635237790436426,2.3016055003602065,11.789544116716304,2.366774709591192,11.789544116716304,2.366774709591192,12.075903644862361,2.4632150345645596,12.334546539698978,2.5038785754090966,12.646804963309902,2.543758471835754,12.966806030784912,2.582756271857367,9.362283414851316,2.5217653316944655,-0.5590999999999999
11.856056022556574,2.88486953656868,11.77602335001082,2.8790511210953285,11.645131752796962,2.887935182370795,11.589275140836026,2.8920140894568895,11.580270119474758,2.884545841970597,11.524465848359307,2.8876948820163415,11.549263893426284,2.8857021251840425,11.523276284546862,2.8895504062345774,11.526301221554117,2.8880140476093086,11.528358915734712,2.883900279191521,11.528358915734712,2.883900279191521,11.56897499089699,2.8757257254069506,11.56897499089699,2.8757257254069506,-0.16879999999999998
11.77602335001082,2.8790511210953285,11.645131752796962,2.887935182370795,11.589275140836026,2.8920140894568895,11.580270119474758,2.884545841970597,11.524465848359307,2.8876948820163415,11.549263893426284,2.8857021251840425,11.523276284546862,2.8895504062345774,11.526301221554117,2.8880140476093086,11.528358915734712,2.883900279191521,11.528358915734712,2.883900279191521,11.56897499089699,2.8757257254069506,11.56897499089699,2.8757257254069506,11.552733559205805,2.872506589483036,-0.07290000000000002
11.71592761414989,2.8835738347822044,11.631954849465329,2.88730397143408,11.594349065385257,2.8859349269585186,11.54755800072032,2.887677011562128,11.532334856394003,2.8856945192063934,11.547113589551286,2.888758412010042,11.51083728188354,2.889218283412265,11.53053151420176,2.884308666877394,11.555809434652339,2.8853493859696617,11.555809434652339,2.8853493859696617,11.57389042673206,2.882470712398797,11.556645328554477,2.87310254470387,11.556645328554477,2.87310254470387,-0.15340000000000004
11.577098726796796,2.879486852481203,11.577098726796796,2.879486852481203,11.54386811861605,2.872456547879576,11.54386811861605,2.872456547879576,11.501907739153536,2.876723839107805,11.471895442776663,2.8858568748153837,11.522102258268674,2.879392462777385,11.530991728815005,2.8746218285355427,11.534987388376285,2.872900652073251,11.533713473552224,2.8694692917093167,11.556295811807518,2.870194183146952,11.551564601386254,2.8807131168335576,11.537022217626177,2.871870230698412,0.0824
11.54386811861605,2.872456547879576,11.54386811861605,2.872456547879576,11.54386811861605,2.872456547879576,11.501907739153536,2.876723839107805,11.471895442776663,2.8858568748153837,11.522102258268674,2.879392462777385,11.530991728815005,2.8746218285355427,11.534987388376285,2.872900652073251,11.533713473552224,2.8694692917093167,11.556295811807518,2.870194183146952,11.551564601386254,2.8807131168335576,11.537022217626177,2.871870230698412,11.4791753297003,2.855317527374592,-2.9595000000000002
11.54386811861605,2.872456547879576,11.54386811861605,2.872456547879576,11.501907739153536,2.876723839107805,11.471895442776663,2.8858568748153837,11.522102258268674,2.879392462777385,11.530991728815005,2.8746218285355427,11.534987388376285,2.872900652073251,11.533713473552224,2.8694692917093167,11.556295811807518,2.870194183146952,11.551564601386254,2.8807131168335576,11.537022217626177,2.871870230698412,11.4791753297003,2.855317527374592,11.47005021784996,2.8720831873406545,-0.5456
11.553197770747284,2.8718082841831607,11.553197770747284,2.8718082841831607,11.503622485547758,2.8777368896058144,11.503622485547758,2.8777368896058144,11.498924562323205,2.880598129823851,11.539272805944055,2.8733803993909626,11.536827928854624,2.8726478857143958,11.539872668708263,2.8689434387925443,11.563295368535735,2.869761163580577,11.549207786250971,2.876740196936658,11.526514351268556,2.872923207508363,11.49456186637838,2.852173245934289,11.487102399212779,2.873513510943059,-0.9464
11.4942214303536,2.8811191579363546,11.4942214303536,2.8811191579363546,11.4942214303536,2.8811191579363546,11.5274954838421,2.8782873422011974,11.491697057005982,2.8821141465928246,11.544795596284931,2.872523633441338,11.532430901592257,2.8715532334887195,11.550182108521055,2.869642444071617,11.561054307025806,2.87537777738332,11.566680865745367,2.8686488880547127,11.495653711294548,2.8712092320053153,11.474080164004434,2.865809381136035,11.485241584311582,2.8778186160370383,-1.8546
11.476550984507499,2.886269131092253,11.476550984507499,2.886269131092253,11.476550984507499,2.886269131092253,11.544994323515278,2.8764976077460975,11.522369384809707,2.875946502586001,11.537073882921963,2.872635779741182,11.532460765161963,2.869988092134811,11.562861094469657,2.869831496818765,11.558074850510353,2.881893123166713,11.544308453952535,2.871505468057727,11.484279051381506,2.863861130129749,11.46691343998026,2.870197665015779,11.512820055920274,2.881567678732629,-1.1084
11.501907739153536,2.876723839107805,11.501907739153536,2.876723839107805,11.471895442776663,2.8858568748153837,11.522102258268674,2.879392462777385,11.530991728815005,2.8746218285355427,11.534987388376285,2.872900652073251,11.533713473552224,2.8694692917093167,11.556295811807518,2.870194183146952,11.551564601386254,2.8807131168335576,11.537022217626177,2.871870230698412,11.4791753297003,2.855317527374592,11.47005021784996,2.8720831873406545,11.511161644247723,2.8800188081231153,-0.5332
11.503622485547758,2.8777368896058144,11.503622485547758,2.8777368896058144,11.503622485547758,2.8777368896058144,11.498924562323205,2.880598129823851,11.539272805944055,2.8733803993909626,11.536827928854624,2.8726478857143958,11.539872668708263,2.8689434387925443,11.563295368535735,2.869761163580577,11.549207786250971,2.876740196936658,11.526514351268556,2.872923207508363,11.49456186637838,2.852173245934289,11.487102399212779,2.873513510943059,11.524150128317485,2.876734868479223,-0.41490000000000005
11.49522218532552,2.881637488093013,11.49522218532552,2.881637488093013,11.49522218532552,2.881637488093013,11.495330410649359,2.88143294920619,11.542045063159302,2.8729971294372336,11.535509078059796,2.8719868641320923,11.541919081331319,2.8691459476833208,11.565034046210156,2.8698659007376484,11.563333656433164,2.8677595044429403,11.522753426590363,2.8731933897219664,11.481060338662106,2.8607003710223924,11.49140751779346,2.8750780535184166,11.532681708085066,2.8751383119967175,-0.1683
11.4942214303536,2.8811191579363546,11.4942214303536,2.8811191579363546,11.5274954838421,2.8782873422011974,11.491697057005982,2.8821141465928246,11.544795596284931,2.872523633441338,11.532430901592257,2.8715532334887195,11.550182108521055,2.869642444071617,11.561054307025806,2.87537777738332,11.566680865745367,2.8686488880547127,11.495653711294548,2.8712092320053153,11.474080164004434,2.865809381136035,11.485241584311582,2.8778186160370383,11.537166200588427,2.8739144644549612,-0.1461
11.547951067180703,2.8753914904245956,11.547951067180703,2.8753914904245956,11.547951067180703,2.8753914904245956,11.508052628051365,2.8785788812852213,11.540553972838566,2.8724222804289523,11.532613591463125,2.870522803163804,11.556332274991057,2.8704734933602207,11.557879781343981,2.8781088558841024,11.547026208076257,2.8713369890605813,11.493870785770994,2.865699881246746,11.472526266258884,2.868768275119143,11.489563389876913,2.886582724866367,11.543438226109238,2.8734076994007207,-0.16860000000000003
11.476550984507499,2.886269131092253,11.476550984507499,2.886269131092253,11.544994323515278,2.8764976077460975,11.522369384809707,2.875946502586001,11.537073882921963,2.872635779741182,11.532460765161963,2.869988092134811,11.562861094469657,2.869831496818765,11.558074850510353,2.881893123166713,11.544308453952535,2.871505468057727,11.484279051381506,2.863861130129749,11.46691343998026,2.870197665015779,11.512820055920274,2.881567678732629,11.547245843923132,2.872698925738817,-0.03910000000000001
11.501907739153536,2.876723839107805,11.471895442776663,2.8858568748153837,11.522102258268674,2.879392462777385,11.530991728815005,2.8746218285355427,11.534987388376285,2.872900652073251,11.533713473552224,2.8694692917093167,11.556295811807518,2.870194183146952,11.551564601386254,2.8807131168335576,11.537022217626177,2.871870230698412,11.4791753297003,2.855317527374592,11.47005021784996,2.8720831873406545,11.511161644247723,2.8800188081231153,11.551098637359132,2.8721083209940588,0.0286
11.503622485547758,2.8777368896058144,11.503622485547758,2.8777368896058144,11.498924562323205,2.880598129823851,11.539272805944055,2.8733803993909626,11.536827928854624,2.8726478857143958,11.539872668708263,2.8689434387925443,11.563295368535735,2.869761163580577,11.549207786250971,2.876740196936658,11.526514351268556,2.872923207508363,11.49456186637838,2.852173245934289,11.487102399212779,2.873513510943059,11.524150128317485,2.876734868479223,11.552718158511443,2.8719584558642897,-4.2193000000000005
11.49522218532552,2.881637488093013,11.49522218532552,2.881637488093013,11.495330410649359,2.88143294920619,11.542045063159302,2.8729971294372336,11.535509078059796,2.8719868641320923,11.541919081331319,2.8691459476833208,11.565034046210156,2.8698659007376484,11.563333656433164,2.8677595044429403,11.522753426590363,2.8731933897219664,11.481060338662106,2.8607003710223924,11.49140751779346,2.8750780535184166,11.532681708085066,2.8751383119967175,11.552425190409156,2.8720502335843046,-1.4566999999999999
11.4942214303536,2.8811191579363546,11.5274954838421,2.8782873422011974,11.491697057005982,2.8821141465928246,11.544795596284931,2.872523633441338,11.532430901592257,2.8715532334887195,11.550182108521055,2.869642444071617,11.561054307025806,2.87537777738332,11.566680865745367,2.8686488880547127,11.495653711294548,2.8712092320053153,11.474080164004434,2.865809381136035,11.485241584311582,2.8778186160370383,11.537166200588427,2.8739144644549612,11.589204093897042,2.860294318016398,-0.8014
11.476550984507499,2.886269131092253,11.544994323515278,2.8764976077460975,11.522369384809707,2.875946502586001,11.537073882921963,2.872635779741182,11.532460765161963,2.869988092134811,11.562861094469657,2.869831496818765,11.558074850510353,2.881893123166713,11.544308453952535,2.871505468057727,11.484279051381506,2.863861130129749,11.46691343998026,2.870197665015779,11.512820055920274,2.881567678732629,11.547245843923132,2.872698925738817,11.567714919118647,2.8668600950194305,-2.1942000000000004
11.471895442776663,2.8858568748153837,11.522102258268674,2.879392462777385,11.530991728815005,2.8746218285355427,11.534987388376285,2.872900652073251,11.533713473552224,2.8694692917093167,11.556295811807518,2.870194183146952,11.551564601386254,2.8807131168335576,11.537022217626177,2.871870230698412,11.4791753297003,2.855317527374592,11.47005021784996,2.8720831873406545,11.511161644247723,2.8800188081231153,11.551098637359132,2.8721083209940588,11.551098637359132,2.8721083209940588,-2.3668
11.498924562323205,2.880598129823851,11.498924562323205,2.880598129823851,11.539272805944055,2.8733803993909626,11.536827928854624,2.8726478857143958,11.539872668708263,2.8689434387925443,11.563295368535735,2.869761163580577,11.549207786250971,2.876740196936658,11.526514351268556,2.872923207508363,11.49456186637838,2.852173245934289,11.487102399212779,2.873513510943059,11.524150128317485,2.876734868479223,11.552718158511443,2.8719584558642897,11.581128204540349,2.8551635648895055,-1.0944999999999998
11.49522218532552,2.881637488093013,11.495330410649359,2.88143294920619,11.542045063159302,2.8729971294372336,11.535509078059796,2.8719868641320923,11.541919081331319,2.8691459476833208,11.565034046210156,2.8698659007376484,11.563333656433164,2.8677595044429403,11.522753426590363,2.8731933897219664,11.481060338662106,2.8607003710223924,11.49140751779346,2.8750780535184166,11.532681708085066,2.8751383119967175,11.552425190409156,2.8720502335843046,11.564634728775486,2.8627668151240737,-0.7958000000000001
11.5274954838421,2.8782873422011974,11.491697057005982,2.8821141465928246,11.544795596284931,2.872523633441338,11.532430901592257,2.8715532334887195,11.550182108521055,2.869642444071617,11.561054307025806,2.87537777738332,11.566680865745367,2.8686488880547127,11.495653711294548,2.8712092320053153,11.474080164004434,2.865809381136035,11.485241584311582,2.8778186160370383,11.537166200588427,2.8739144644549612,11.589204093897042,2.860294318016398,11.551963036644464,2.8669434379470493,-0.1901
11.547951067180703,2.8753914904245956,11.508052628051365,2.8785788812852213,11.540553972838566,2.8724222804289523,11.532613591463125,2.870522803163804,11.556332274991057,2.8704734933602207,11.557879781343981,2.8781088558841024,11.547026208076257,2.8713369890605813,11.493870785770994,2.865699881246746,11.472526266258884,2.868768275119143,11.489563389876913,2.886582724866367,11.543438226109238,2.8734076994007207,11.578213873046224,2.8645754619147894,11.544528585438211,2.8697217043719823,-0.1612
11.544994323515278,2.8764976077460975,11.522369384809707,2.875946502586001,11.537073882921963,2.872635779741182,11.532460765161963,2.869988092134811,11.562861094469657,2.869831496818765,11.558074850510353,2.881893123166713,11.544308453952535,2.871505468057727,11.484279051381506,2.863861130129749,11.46691343998026,2.870197665015779,11.512820055920274,2.881567678732629,11.547245843923132,2.872698925738817,11.567714919118647,2.8668600950194305,11.539550844378647,2.870689871113997,-3.8683
11.522102258268674,2.879392462777385,11.530991728815005,2.8746218285355427,11.534987388376285,2.872900652073251,11.533713473552224,2.8694692917093167,11.556295811807518,2.870194183146952,11.551564601386254,2.8807131168335576,11.537022217626177,2.871870230698412,11.4791753297003,2.855317527374592,11.47005021784996,2.8720831873406545,11.511161644247723,2.8800188081231153,11.551098637359132,2.8721083209940588,11.551098637359132,2.8721083209940588,11.538080253664381,2.871149168799344,-3.1633
11.498924562323205,2.880598129823851,11.539272805944055,2.8733803993909626,11.536827928854624,2.8726478857143958,11.539872668708263,2.8689434387925443,11.563295368535735,2.869761163580577,11.549207786250971,2.876740196936658,11.526514351268556,2.872923207508363,11.49456186637838,2.852173245934289,11.487102399212779,2.873513510943059,11.524150128317485,2.876734868479223,11.552718158511443,2.8719584558642897,11.581128204540349,2.8551635648895055,11.511911897248002,2.8822028212886437,-2.5425
11.495330410649359,2.88143294920619,11.542045063159302,2.8729971294372336,11.535509078059796,2.8719868641320923,11.541919081331319,2.8691459476833208,11.565034046210156,2.8698659007376484,11.563333656433164,2.8677595044429403,11.522753426590363,2.8731933897219664,11.481060338662106,2.8607003710223924,11.49140751779346,2.8750780535184166,11.532681708085066,2.8751383119967175,11.552425190409156,2.8720502335843046,11.564634728775486,2.8627668151240737,11.496173894387644,2.891843924066742,-2.1723999999999997
11.491697057005982,2.8821141465928246,11.544795596284931,2.872523633441338,11.532430901592257,2.8715532334887195,11.550182108521055,2.869642444071617,11.561054307025806,2.87537777738332,11.566680865745367,2.8686488880547127,11.495653711294548,2.8712092320053153,11.474080164004434,2.865809381136035,11.485241584311582,2.8778186160370383,11.537166200588427,2.8739144644549612,11.589204093897042,2.860294318016398,11.551963036644464,2.8669434379470493,11.50731692489609,2.884496731163427,-0.8507
11.508052628051365,2.8785788812852213,11.540553972838566,2.8724222804289523,11.532613591463125,2.870522803163804,11.556332274991057,2.8704734933602207,11.557879781343981,2.8781088558841024,11.547026208076257,2.8713369890605813,11.493870785770994,2.865699881246746,11.472526266258884,2.868768275119143,11.489563389876913,2.886582724866367,11.543438226109238,2.8734076994007207,11.578213873046224,2.8645754619147894,11.544528585438211,2.8697217043719823,11.494637568884022,2.8907861669731956,-0.16060000000000002
11.522369384809707,2.875946502586001,11.537073882921963,2.872635779741182,11.532460765161963,2.869988092134811,11.562861094469657,2.869831496818765,11.558074850510353,2.881893123166713,11.544308453952535,2.871505468057727,11.484279051381506,2.863861130129749,11.46691343998026,2.870197665015779,11.512820055920274,2.881567678732629,11.547245843923132,2.872698925738817,11.567714919118647,2.8668600950194305,11.539550844378647,2.870689871113997,11.489789159510275,2.8936059823779194,-0.02560000000000001
11.530991728815005,2.8746218285355427,11.534987388376285,2.872900652073251,11.533713473552224,2.8694692917093167,11.556295811807518,2.870194183146952,11.551564601386254,2.8807131168335576,11.537022217626177,2.871870230698412,11.4791753297003,2.855317527374592,11.47005021784996,2.8720831873406545,11.511161644247723,2.8800188081231153,11.551098637359132,2.8721083209940588,11.551098637359132,2.8721083209940588,11.538080253664381,2.871149168799344,11.499470382587191,2.8918811466333536,-0.0010999999999999899
11.539272805944055,2.8733803993909626,11.536827928854624,2.8726478857143958,11.539872668708263,2.8689434387925443,11.563295368535735,2.869761163580577,11.549207786250971,2.876740196936658,11.526514351268556,2.872923207508363,11.49456186637838,2.852173245934289,11.487102399212779,2.873513510943059,11.524150128317485,2.876734868479223,11.552718158511443,2.8719584558642897,11.581128204540349,2.8551635648895055,11.511911897248002,2.8822028212886437,11.504634555256416,2.890721660798809,-0.5598
11.542045063159302,2.8729971294372336,11.535509078059796,2.8719868641320923,11.541919081331319,2.8691459476833208,11.565034046210156,2.8698659007376484,11.563333656433164,2.8677595044429403,11.522753426590363,2.8731933897219664,11.481060338662106,2.8607003710223924,11.49140751779346,2.8750780535184166,11.532681708085066,2.8751383119967175,11.552425190409156,2.8720502335843046,11.564634728775486,2.8627668151240737,11.496173894387644,2.891843924066742,11.509505315607617,2.890785266125357,-0.8128
11.544795596284931,2.872523633441338,11.532430901592257,2.8715532334887195,11.550182108521055,2.869642444071617,11.561054307025806,2.87537777738332,11.566680865745367,2.8686488880547127,11.495653711294548,2.8712092320053153,11.474080164004434,2.865809381136035,11.485241584311582,2.8778186160370383,11.537166200588427,2.8739144644549612,11.589204093897042,2.860294318016398,11.551963036644464,2.8669434379470493,11.50731692489609,2.884496731163427,11.505356167020647,2.8925138730431716,-0.5607
11.540553972838566,2.8724222804289523,11.532613591463125,2.870522803163804,11.556332274991057,2.8704734933602207,11.557879781343981,2.8781088558841024,11.547026208076257,2.8713369890605813,11.493870785770994,2.865699881246746,11.472526266258884,2.868768275119143,11.489563389876913,2.886582724866367,11.543438226109238,2.8734076994007207,11.578213873046224,2.8645754619147894,11.544528585438211,2.8697217043719823,11.494637568884022,2.8907861669731956,11.504326133242225,2.895136133063291,-0.4899
11.537073882921963,2.872635779741182,11.532460765161963,2.869988092134811,11.562861094469657,2.869831496818765,11.558074850510353,2.881893123166713,11.544308453952535,2.871505468057727,11.484279051381506,2.863861130129749,11.46691343998026,2.870197665015779,11.512820055920274,2.881567678732629,11.547245843923132,2.872698925738817,11.567714919118647,2.8668600950194305,11.539550844378647,2.870689871113997,11.489789159510275,2.8936059823779194,11.501185474984746,2.8969408526166767,-0.05239999999999999
11.534987388376285,2.872900652073251,11.533713473552224,2.8694692917093167,11.556295811807518,2.870194183146952,11.551564601386254,2.8807131168335576,11.537022217626177,2.871870230698412,11.4791753297003,2.855317527374592,11.47005021784996,2.8720831873406545,11.511161644247723,2.8800188081231153,11.551098637359132,2.8721083209940588,11.551098637359132,2.8721083209940588,11.538080253664381,2.871149168799344,11.499470382587191,2.8918811466333536,11.489965711437081,2.899064686571172,-0.8900000000000001
11.536827928854624,2.8726478857143958,11.539872668708263,2.8689434387925443,11.563295368535735,2.869761163580577,11.549207786250971,2.876740196936658,11.526514351268556,2.872923207508363,11.49456186637838,2.852173245934289,11.487102399212779,2.873513510943059,11.524150128317485,2.876734868479223,11.552718158511443,2.8719584558642897,11.581128204540349,2.8551635648895055,11.511911897248002,2.8822028212886437,11.504634555256416,2.890721660798809,11.487730575705543,2.8997069882910465,-0.5073
11.535509078059796,2.8719868641320923,11.541919081331319,2.8691459476833208,11.565034046210156,2.8698659007376484,11.563333656433164,2.8677595044429403,11.522753426590363,2.8731933897219664,11.481060338662106,2.8607003710223924,11.49140751779346,2.8750780535184166,11.532681708085066,2.8751383119967175,11.552425190409156,2.8720502335843046,11.564634728775486,2.8627668151240737,11.496173894387644,2.891843924066742,11.509505315607617,2.890785266125357,11.492009915154092,2.9030150950537874,-3.6724
11.532430901592257,2.8715532334887195,11.550182108521055,2.869642444071617,11.561054307025806,2.87537777738332,11.566680865745367,2.8686488880547127,11.495653711294548,2.8712092320053153,11.474080164004434,2.865809381136035,11.485241584311582,2.8778186160370383,11.537166200588427,2.8739144644549612,11.589204093897042,2.860294318016398,11.551963036644464,2.8669434379470493,11.50731692489609,2.884496731163427,11.505356167020647,2.8925138730431716,11.49531772940618,2.901249379313981,-0.716
11.532613591463125,2.870522803163804,11.556332274991057,2.8704734933602207,11.557879781343981,2.8781088558841024,11.547026208076257,2.8713369890605813,11.493870785770994,2.865699881246746,11.472526266258884,2.868768275119143,11.489563389876913,2.886582724866367,11.543438226109238,2.8734076994007207,11.578213873046224,2.8645754619147894,11.544528585438211,2.8697217043719823,11.494637568884022,2.8907861669731956,11.504326133242225,2.895136133063291,11.499944891172305,2.9125060915093646,-1.2783
11.532460765161963,2.869988092134811,11.562861094469657,2.869831496818765,11.558074850510353,2.881893123166713,11.544308453952535,2.871505468057727,11.484279051381506,2.863861130129749,11.46691343998026,2.870197665015779,11.512820055920274,2.881567678732629,11.547245843923132,2.872698925738817,11.567714919118647,2.8668600950194305,11.539550844378647,2.870689871113997,11.489789159510275,2.8936059823779194,11.501185474984746,2.8969408526166767,11.504548540903292,2.91034072681864,-1.6578
11.533713473552224,2.8694692917093167,11.556295811807518,2.870194183146952,11.551564601386254,2.8807131168335576,11.537022217626177,2.871870230698412,11.4791753297003,2.855317527374592,11.47005021784996,2.8720831873406545,11.511161644247723,2.8800188081231153,11.551098637359132,2.8721083209940588,11.551098637359132,2.8721083209940588,11.538080253664381,2.871149168799344,11.499470382587191,2.8918811466333536,11.489965711437081,2.899064686571172,11.494378603908954,2.914090205291802,-1.5078
11.539872668708263,2.8689434387925443,11.563295368535735,2.869761163580577,11.549207786250971,2.876740196936658,11.526514351268556,2.872923207508363,11.49456186637838,2.852173245934289,11.487102399212779,2.873513510943059,11.524150128317485,2.876734868479223,11.552718158511443,2.8719584558642897,11.581128204540349,2.8551635648895055,11.511911897248002,2.8822028212886437,11.504634555256416,2.890721660798809,11.487730575705543,2.8997069882910465,11.503742358467521,2.9090112257413776,-0.312
11.541919081331319,2.8691459476833208,11.565034046210156,2.8698659007376484,11.563333656433164,2.8677595044429403,11.522753426590363,2.8731933897219664,11.481060338662106,2.8607003710223924,11.49140751779346,2.8750780535184166,11.532681708085066,2.8751383119967175,11.552425190409156,2.8720502335843046,11.564634728775486,2.8627668151240737,11.496173894387644,2.891843924066742,11.509505315607617,2.890785266125357,11.492009915154092,2.9030150950537874,11.506625810375517,2.913462361157505,-0.515
11.550182108521055,2.869642444071617,11.561054307025806,2.87537777738332,11.566680865745367,2.8686488880547127,11.495653711294548,2.8712092320053153,11.474080164004434,2.865809381136035,11.485241584311582,2.8778186160370383,11.537166200588427,2.8739144644549612,11.589204093897042,2.860294318016398,11.551963036644464,2.8669434379470493,11.50731692489609,2.884496731163427,11.505356167020647,2.8925138730431716,11.49531772940618,2.901249379313981,11.510579346409981,2.912560949812614,-2.4412000000000003
11.556332274991057,2.8704734933602207,11.557879781343981,2.8781088558841024,11.547026208076257,2.8713369890605813,11.493870785770994,2.865699881246746,11.472526266258884,2.868768275119143,11.489563389876913,2.886582724866367,11.543438226109238,2.8734076994007207,11.578213873046224,2.8645754619147894,11.544528585438211,2.8697217043719823,11.494637568884022,2.8907861669731956,11.504326133242225,2.895136133063291,11.499944891172305,2.9125060915093646,11.508134685517021,2.9110657214950817,-0.2623
11.562861094469657,2.869831496818765,11.558074850510353,2.881893123166713,11.544308453952535,2.871505468057727,11.484279051381506,2.863861130129749,11.46691343998026,2.870197665015779,11.512820055920274,2.881567678732629,11.547245843923132,2.872698925738817,11.567714919118647,2.8668600950194305,11.539550844378647,2.870689871113997,11.489789159510275,2.8936059823779194,11.501185474984746,2.8969408526166767,11.504548540903292,2.91034072681864,11.51933101616582,2.9040653044202647,-2.6694
11.556295811807518,2.870194183146952,11.551564601386254,2.8807131168335576,11.537022217626177,2.871870230698412,11.4791753297003,2.855317527374592,11.47005021784996,2.8720831873406545,11.511161644247723,2.8800188081231153,11.551098637359132,2.8721083209940588,11.551098637359132,2.8721083209940588,11.538080253664381,2.871149168799344,11.499470382587191,2.8918811466333536,11.489965711437081,2.899064686571172,11.494378603908954,2.914090205291802,11.516280974776535,2.9032416960701006,-0.27849999999999997
11.563295368535735,2.869761163580577,11.549207786250971,2.876740196936658,11.526514351268556,2.872923207508363,11.49456186637838,2.852173245934289,11.487102399212779,2.873513510943059,11.524150128317485,2.876734868479223,11.552718158511443,2.8719584558642897,11.581128204540349,2.8551635648895055,11.511911897248002,2.8822028212886437,11.504634555256416,2.890721660798809,11.487730575705543,2.8997069882910465,11.503742358467521,2.9090112257413776,11.524208660467753,2.8954985654327894,-0.42110000000000003
11.565034046210156,2.8698659007376484,11.563333656433164,2.8677595044429403,11.522753426590363,2.8731933897219664,11.481060338662106,2.8607003710223924,11.49140751779346,2.8750780535184166,11.532681708085066,2.8751383119967175,11.552425190409156,2.8720502335843046,11.564634728775486,2.8627668151240737,11.496173894387644,2.891843924066742,11.509505315607617,2.890785266125357,11.492009915154092,2.9030150950537874,11.506625810375517,2.913462361157505,11.52868765861926,2.8945943819418996,-0.0944
11.561054307025806,2.87537777738332,11.566680865745367,2.8686488880547127,11.495653711294548,2.8712092320053153,11.474080164004434,2.865809381136035,11.485241584311582,2.8778186160370383,11.537166200588427,2.8739144644549612,11.589204093897042,2.860294318016398,11.551963036644464,2.8669434379470493,11.50731692489609,2.884496731163427,11.505356167020647,2.8925138730431716,11.49531772940618,2.901249379313981,11.510579346409981,2.912560949812614,11.524702412210049,2.8932720621796633,-3.3855
11.557879781343981,2.8781088558841024,11.547026208076257,2.8713369890605813,11.493870785770994,2.865699881246746,11.472526266258884,2.868768275119143,11.489563389876913,2.886582724866367,11.543438226109238,2.8734076994007207,11.578213873046224,2.8645754619147894,11.544528585438211,2.8697217043719823,11.494637568884022,2.8907861669731956,11.504326133242225,2.895136133063291,11.499944891172305,2.9125060915093646,11.508134685517021,2.9110657214950817,11.522899125654103,2.893500965130588,-1.2933
11.558074850510353,2.881893123166713,11.544308453952535,2.871505468057727,11.484279051381506,2.863861130129749,11.46691343998026,2.870197665015779,11.512820055920274,2.881567678732629,11.547245843923132,2.872698925738817,11.567714919118647,2.8668600950194305,11.539550844378647,2.870689871113997,11.489789159510275,2.8936059823779194,11.501185474984746,2.8969408526166767,11.504548540903292,2.91034072681864,11.51933101616582,2.9040653044202647,11.555158942221436,2.883589711790885,-2.8158
11.551564601386254,2.8807131168335576,11.537022217626177,2.871870230698412,11.4791753297003,2.855317527374592,11.47005021784996,2.8720831873406545,11.511161644247723,2.8800188081231153,11.551098637359132,2.8721083209940588,11.551098637359132,2.8721083209940588,11.538080253664381,2.871149168799344,11.499470382587191,2.8918811466333536,11.489965711437081,2.899064686571172,11.494378603908954,2.914090205291802,11.516280974776535,2.9032416960701006,11.549579747332805,2.8878297784911284,-1.5409
11.549207786250971,2.876740196936658,11.526514351268556,2.872923207508363,11.49456186637838,2.852173245934289,11.487102399212779,2.873513510943059,11.524150128317485,2.876734868479223,11.552718158511443,2.8719584558642897,11.581128204540349,2.8551635648895055,11.511911897248002,2.8822028212886437,11.504634555256416,2.890721660798809,11.487730575705543,2.8997069882910465,11.503742358467521,2.9090112257413776,11.524208660467753,2.8954985654327894,11.575391906108408,2.879903440636547,-2.0025
11.563333656433164,2.8677595044429403,11.522753426590363,2.8731933897219664,11.481060338662106,2.8607003710223924,11.49140751779346,2.8750780535184166,11.532681708085066,2.8751383119967175,11.552425190409156,2.8720502335843046,11.564634728775486,2.8627668151240737,11.496173894387644,2.891843924066742,11.509505315607617,2.890785266125357,11.492009915154092,2.9030150950537874,11.506625810375517,2.913462361157505,11.52868765861926,2.8945943819418996,11.562465342650757,2.8842125922576827,-0.9956999999999999
11.566680865745367,2.8686488880547127,11.495653711294548,2.8712092320053153,11.474080164004434,2.865809381136035,11.485241584311582,2.8778186160370383,11.537166200588427,2.8739144644549612,11.589204093897042,2.860294318016398,11.551963036644464,2.8669434379470493,11.50731692489609,2.884496731163427,11.505356167020647,2.8925138730431716,11.49531772940618,2.901249379313981,11.510579346409981,2.912560949812614,11.524702412210049,2.8932720621796633,11.551112835134104,2.889947478549103,-0.3895
11.547026208076257,2.8713369890605813,11.493870785770994,2.865699881246746,11.472526266258884,2.868768275119143,11.489563389876913,2.886582724866367,11.543438226109238,2.8734076994007207,11.578213873046224,2.8645754619147894,11.544528585438211,2.8697217043719823,11.494637568884022,2.8907861669731956,11.504326133242225,2.895136133063291,11.499944891172305,2.9125060915093646,11.508134685517021,2.9110657214950817,11.522899125654103,2.893500965130588,11.546299928981579,2.886753856234288,-3.1789
11.544308453952535,2.871505468057727,11.484279051381506,2.863861130129749,11.46691343998026,2.870197665015779,11.512820055920274,2.881567678732629,11.547245843923132,2.872698925738817,11.567714919118647,2.8668600950194305,11.539550844378647,2.870689871113997,11.489789159510275,2.8936059823779194,11.501185474984746,2.8969408526166767,11.504548540903292,2.91034072681864,11.51933101616582,2.9040653044202647,11.555158942221436,2.883589711790885,11.541857237897199,2.887924769923932,-1.0815
11.537022217626177,2.871870230698412,11.4791753297003,2.855317527374592,11.47005021784996,2.8720831873406545,11.511161644247723,2.8800188081231153,11.551098637359132,2.8721083209940588,11.551098637359132,2.8721083209940588,11.538080253664381,2.871149168799344,11.499470382587191,2.8918811466333536,11.489965711437081,2.899064686571172,11.494378603908954,2.914090205291802,11.516280974776535,2.9032416960701006,11.549579747332805,2.8878297784911284,11.52830141564663,2.897045275201948,-2.67
11.526514351268556,2.872923207508363,11.49456186637838,2.852173245934289,11.487102399212779,2.873513510943059,11.524150128317485,2.876734868479223,11.552718158511443,2.8719584558642897,11.581128204540349,2.8551635648895055,11.511911897248002,2.8822028212886437,11.504634555256416,2.890721660798809,11.487730575705543,2.8997069882910465,11.503742358467521,2.9090112257413776,11.524208660467753,2.8954985654327894,11.575391906108408,2.879903440636547,11.535524906999246,2.8938050327105014,-4.5103
11.522753426590363,2.8731933897219664,11.481060338662106,2.8607003710223924,11.49140751779346,2.8750780535184166,11.532681708085066,2.8751383119967175,11.552425190409156,2.8720502335843046,11.564634728775486,2.8627668151240737,11.496173894387644,2.891843924066742,11.509505315607617,2.890785266125357,11.492009915154092,2.9030150950537874,11.506625810375517,2.913462361157505,11.52868765861926,2.8945943819418996,11.562465342650757,2.8842125922576827,11.56086819793392,2.8864117185799367,-3.1075999999999997
11.495653711294548,2.8712092320053153,11.474080164004434,2.865809381136035,11.485241584311582,2.8778186160370383,11.537166200588427,2.8739144644549612,11.589204093897042,2.860294318016398,11.551963036644464,2.8669434379470493,11.50731692489609,2.884496731163427,11.505356167020647,2.8925138730431716,11.49531772940618,2.901249379313981,11.510579346409981,2.912560949812614,11.524702412210049,2.8932720621796633,11.551112835134104,2.889947478549103,11.521372283282922,2.8989969582260686,-4.6201
11.493870785770994,2.865699881246746,11.472526266258884,2.868768275119143,11.489563389876913,2.886582724866367,11.543438226109238,2.8734076994007207,11.578213873046224,2.8645754619147894,11.544528585438211,2.8697217043719823,11.494637568884022,2.8907861669731956,11.504326133242225,2.895136133063291,11.499944891172305,2.9125060915093646,11.508134685517021,2.9110657214950817,11.522899125654103,2.893500965130588,11.546299928981579,2.886753856234288,11.495271293014357,2.907710040252245,-1.8053
11.484279051381506,2.863861130129749,11.46691343998026,2.870197665015779,11.512820055920274,2.881567678732629,11.547245843923132,2.872698925738817,11.567714919118647,2.8668600950194305,11.539550844378647,2.870689871113997,11.489789159510275,2.8936059823779194,11.501185474984746,2.8969408526166767,11.504548540903292,2.91034072681864,11.51933101616582,2.9040653044202647,11.555158942221436,2.883589711790885,11.541857237897199,2.887924769923932,11.528819153755512,2.894194694634325,-3.3026
11.4791753297003,2.855317527374592,11.47005021784996,2.8720831873406545,11.511161644247723,2.8800188081231153,11.551098637359132,2.8721083209940588,11.551098637359132,2.8721083209940588,11.538080253664381,2.871149168799344,11.499470382587191,2.8918811466333536,11.489965711437081,2.899064686571172,11.494378603908954,2.914090205291802,11.516280974776535,2.9032416960701006,11.549579747332805,2.8878297784911284,11.52830141564663,2.897045275201948,11.523620756081831,2.888393008164918,-1.6766999999999999
11.49456186637838,2.852173245934289,11.487102399212779,2.873513510943059,11.524150128317485,2.876734868479223,11.552718158511443,2.8719584558642897,11.581128204540349,2.8551635648895055,11.511911897248002,2.8822028212886437,11.504634555256416,2.890721660798809,11.487730575705543,2.8997069882910465,11.503742358467521,2.9090112257413776,11.524208660467753,2.8954985654327894,11.575391906108408,2.879903440636547,11.535524906999246,2.8938050327105014,11.554071414440887,2.877006807783212,-0.9897999999999999
11.481060338662106,2.8607003710223924,11.49140751779346,2.8750780535184166,11.532681708085066,2.8751383119967175,11.552425190409156,2.8720502335843046,11.564634728775486,2.8627668151240737,11.496173894387644,2.891843924066742,11.509505315607617,2.890785266125357,11.492009915154092,2.9030150950537874,11.506625810375517,2.913462361157505,11.52868765861926,2.8945943819418996,11.562465342650757,2.8842125922576827,11.56086819793392,2.8864117185799367,11.586387508192535,2.869779096607962,-0.2834
11.474080164004434,2.865809381136035,11.485241584311582,2.8778186160370383,11.537166200588427,2.8739144644549612,11.589204093897042,2.860294318016398,11.551963036644464,2.8669434379470493,11.50731692489609,2.884496731163427,11.505356167020647,2.8925138730431716,11.49531772940618,2.901249379313981,11.510579346409981,2.912560949812614,11.524702412210049,2.8932720621796633,11.551112835134104,2.889947478549103,11.521372283282922,2.8989969582260686,11.600233208862653,2.866638136961297,0.009800000000000031
11.472526266258884,2.868768275119143,11.489563389876913,2.886582724866367,11.543438226109238,2.8734076994007207,11.578213873046224,2.8645754619147894,11.544528585438211,2.8697217043719823,11.494637568884022,2.8907861669731956,11.504326133242225,2.895136133063291,11.499944891172305,2.9125060915093646,11.508134685517021,2.9110657214950817,11.522899125654103,2.893500965130588,11.546299928981579,2.886753856234288,11.495271293014357,2.907710040252245,11.61279259437625,2.8636762342184485,-0.07659999999999999
11.46691343998026,2.870197665015779,11.512820055920274,2.881567678732629,11.547245843923132,2.872698925738817,11.567714919118647,2.8668600950194305,11.539550844378647,2.870689871113997,11.489789159510275,2.8936059823779194,11.501185474984746,2.8969408526166767,11.504548540903292,2.91034072681864,11.51933101616582,2.9040653044202647,11.555158942221436,2.883589711790885,11.541857237897199,2.887924769923932,11.528819153755512,2.894194694634325,11.617137997372676,2.862305693843685,0.1048
11.47005021784996,2.8720831873406545,11.511161644247723,2.8800188081231153,11.551098637359132,2.8721083209940588,11.551098637359132,2.8721083209940588,11.538080253664381,2.871149168799344,11.499470382587191,2.8918811466333536,11.489965711437081,2.899064686571172,11.494378603908954,2.914090205291802,11.516280974776535,2.9032416960701006,11.549579747332805,2.8878297784911284,11.52830141564663,2.897045275201948,11.523620756081831,2.888393008164918,11.618273141908832,2.861715831902797,-0.9696
11.487102399212779,2.873513510943059,11.524150128317485,2.876734868479223,11.552718158511443,2.8719584558642897,11.581128204540349,2.8551635648895055,11.511911897248002,2.8822028212886437,11.504634555256416,2.890721660798809,11.487730575705543,2.8997069882910465,11.503742358467521,2.9090112257413776,11.524208660467753,2.8954985654327894,11.575391906108408,2.879903440636547,11.535524906999246,2.8938050327105014,11.554071414440887,2.877006807783212,11.620832059710697,2.861510507418016,-0.099
11.49140751779346,2.8750780535184166,11.532681708085066,2.8751383119967175,11.552425190409156,2.8720502335843046,11.564634728775486,2.8627668151240737,11.496173894387644,2.891843924066742,11.509505315607617,2.890785266125357,11.492009915154092,2.9030150950537874,11.506625810375517,2.913462361157505,11.52868765861926,2.8945943819418996,11.562465342650757,2.8842125922576827,11.56086819793392,2.8864117185799367,11.586387508192535,2.869779096607962,11.616260191645159,2.8643879761496236,-2.3912
11.485241584311582,2.8778186160370383,11.537166200588427,2.8739144644549612,11.589204093897042,2.860294318016398,11.551963036644464,2.8669434379470493,11.50731692489609,2.884496731163427,11.505356167020647,2.8925138730431716,11.49531772940618,2.901249379313981,11.510579346409981,2.912560949812614,11.524702412210049,2.8932720621796633,11.551112835134104,2.889947478549103,11.521372283282922,2.8989969582260686,11.600233208862653,2.866638136961297,11.618396272291625,2.8648429483581546,-2.572
11.489563389876913,2.886582724866367,11.543438226109238,2.8734076994007207,11.578213873046224,2.8645754619147894,11.544528585438211,2.8697217043719823,11.494637568884022,2.8907861669731956,11.504326133242225,2.895136133063291,11.499944891172305,2.9125060915093646,11.508134685517021,2.9110657214950817,11.522899125654103,2.893500965130588,11.546299928981579,2.886753856234288,11.495271293014357,2.907710040252245,11.61279259437625,2.8636762342184485,11.61058965083169,2.8716739093843713,-1.0475
11.512820055920274,2.881567678732629,11.547245843923132,2.872698925738817,11.567714919118647,2.8668600950194305,11.539550844378647,2.870689871113997,11.489789159510275,2.8936059823779194,11.501185474984746,2.8969408526166767,11.504548540903292,2.91034072681864,11.51933101616582,2.9040653044202647,11.555158942221436,2.883589711790885,11.541857237897199,2.887924769923932,11.528819153755512,2.894194694634325,11.617137997372676,2.862305693843685,11.597380411110086,2.8789918130528513,-1.1358
11.511161644247723,2.8800188081231153,11.551098637359132,2.8721083209940588,11.551098637359132,2.8721083209940588,11.538080253664381,2.871149168799344,11.499470382587191,2.8918811466333536,11.489965711437081,2.899064686571172,11.494378603908954,2.914090205291802,11.516280974776535,2.9032416960701006,11.549579747332805,2.8878297784911284,11.52830141564663,2.897045275201948,11.523620756081831,2.888393008164918,11.618273141908832,2.861715831902797,11.595675639219994,2.882014075293943,-0.5831
11.524150128317485,2.876734868479223,11.552718158511443,2.8719584558642897,11.581128204540349,2.8551635648895055,11.511911897248002,2.8822028212886437,11.504634555256416,2.890721660798809,11.487730575705543,2.8997069882910465,11.503742358467521,2.9090112257413776,11.524208660467753,2.8954985654327894,11.575391906108408,2.879903440636547,11.535524906999246,2.8938050327105014,11.554071414440887,2.877006807783212,11.620832059710697,2.861510507418016,11.56321894629692,2.884033003607333,-0.7304
11.532681708085066,2.8751383119967175,11.552425190409156,2.8720502335843046,11.564634728775486,2.8627668151240737,11.496173894387644,2.891843924066742,11.509505315607617,2.890785266125357,11.492009915154092,2.9030150950537874,11.506625810375517,2.913462361157505,11.52868765861926,2.8945943819418996,11.562465342650757,2.8842125922576827,11.56086819793392,2.8864117185799367,11.586387508192535,2.869779096607962,11.616260191645159,2.8643879761496236,11.54760012903114,2.8860135175411616,-1.9912999999999998
11.537166200588427,2.8739144644549612,11.589204093897042,2.860294318016398,11.551963036644464,2.8669434379470493,11.50731692489609,2.884496731163427,11.505356167020647,2.8925138730431716,11.49531772940618,2.901249379313981,11.510579346409981,2.912560949812614,11.524702412210049,2.8932720621796633,11.551112835134104,2.889947478549103,11.521372283282922,2.8989969582260686,11.600233208862653,2.866638136961297,11.618396272291625,2.8648429483581546,11.529402440716519,2.888047916476455,-2.7116
11.543438226109238,2.8734076994007207,11.578213873046224,2.8645754619147894,11.544528585438211,2.8697217043719823,11.494637568884022,2.8907861669731956,11.504326133242225,2.895136133063291,11.499944891172305,2.9125060915093646,11.508134685517021,2.9110657214950817,11.522899125654103,2.893500965130588,11.546299928981579,2.886753856234288,11.495271293014357,2.907710040252245,11.61279259437625,2.8636762342184485,11.61058965083169,2.8716739093843713,11.543058863663477,2.8823362709639353,-2.1918
11.547245843923132,2.872698925738817,11.567714919118647,2.8668600950194305,11.539550844378647,2.870689871113997,11.489789159510275,2.8936059823779194,11.501185474984746,2.8969408526166767,11.504548540903292,2.91034072681864,11.51933101616582,2.9040653044202647,11.555158942221436,2.883589711790885,11.541857237897199,2.887924769923932,11.528819153755512,2.894194694634325,11.617137997372676,2.862305693843685,11.597380411110086,2.8789918130528513,11.553677487709269,2.8910678567141064,-1.2876
11.551098637359132,2.8721083209940588,11.551098637359132,2.8721083209940588,11.538080253664381,2.871149168799344,11.499470382587191,2.8918811466333536,11.489965711437081,2.899064686571172,11.494378603908954,2.914090205291802,11.516280974776535,2.9032416960701006,11.549579747332805,2.8878297784911284,11.52830141564663,2.897045275201948,11.523620756081831,2.888393008164918,11.618273141908832,2.861715831902797,11.595675639219994,2.882014075293943,11.551751218321831,2.884165394274116,-1.5211000000000001
11.552718158511443,2.8719584558642897,11.581128204540349,2.8551635648895055,11.511911897248002,2.8822028212886437,11.504634555256416,2.890721660798809,11.487730575705543,2.8997069882910465,11.503742358467521,2.9090112257413776,11.524208660467753,2.8954985654327894,11.575391906108408,2.879903440636547,11.535524906999246,2.8938050327105014,11.554071414440887,2.877006807783212,11.620832059710697,2.861510507418016,11.56321894629692,2.884033003607333,11.54809989781869,2.879422834406442,-0.3098
11.552425190409156,2.8720502335843046,11.564634728775486,2.8627668151240737,11.496173894387644,2.891843924066742,11.509505315607617,2.890785266125357,11.492009915154092,2.9030150950537874,11.506625810375517,2.913462361157505,11.52868765861926,2.8945943819418996,11.562465342650757,2.8842125922576827,11.56086819793392,2.8864117185799367,11.586387508192535,2.869779096607962,11.616260191645159,2.8643879761496236,11.54760012903114,2.8860135175411616,11.551272124316002,2.8743391219108876,-0.41759999999999997
11.589204093897042,2.860294318016398,11.551963036644464,2.8669434379470493,11.50731692489609,2.884496731163427,11.505356167020647,2.8925138730431716,11.49531772940618,2.901249379313981,11.510579346409981,2.912560949812614,11.524702412210049,2.8932720621796633,11.551112835134104,2.889947478549103,11.521372283282922,2.8989969582260686,11.600233208862653,2.866638136961297,11.618396272291625,2.8648429483581546,11.529402440716519,2.888047916476455,11.550547384864496,2.8728674914463443,-0.5443
11.578213873046224,2.8645754619147894,11.544528585438211,2.8697217043719823,11.494637568884022,2.8907861669731956,11.504326133242225,2.895136133063291,11.499944891172305,2.9125060915093646,11.508134685517021,2.9110657214950817,11.522899125654103,2.893500965130588,11.546299928981579,2.886753856234288,11.495271293014357,2.907710040252245,11.61279259437625,2.8636762342184485,11.61058965083169,2.8716739093843713,11.543058863663477,2.8823362709639353,11.540865692399334,2.8714138882353293,-1.5776
11.567714919118647,2.8668600950194305,11.539550844378647,2.870689871113997,11.489789159510275,2.8936059823779194,11.501185474984746,2.8969408526166767,11.504548540903292,2.91034072681864,11.51933101616582,2.9040653044202647,11.555158942221436,2.883589711790885,11.541857237897199,2.887924769923932,11.528819153755512,2.894194694634325,11.617137997372676,2.862305693843685,11.597380411110086,2.8789918130528513,11.553677487709269,2.8910678567141064,11.524791262317937,2.8722249893630973,-0.24050000000000002
11.538080253664381,2.871149168799344,11.538080253664381,2.871149168799344,11.499470382587191,2.8918811466333536,11.489965711437081,2.899064686571172,11.494378603908954,2.914090205291802,11.516280974776535,2.9032416960701006,11.549579747332805,2.8878297784911284,11.52830141564663,2.897045275201948,11.523620756081831,2.888393008164918,11.618273141908832,2.861715831902797,11.595675639219994,2.882014075293943,11.551751218321831,2.884165394274116,11.47251720678596,2.8778802300673014,-2.0244
11.581128204540349,2.8551635648895055,11.511911897248002,2.8822028212886437,11.504634555256416,2.890721660798809,11.487730575705543,2.8997069882910465,11.503742358467521,2.9090112257413776,11.524208660467753,2.8954985654327894,11.575391906108408,2.879903440636547,11.535524906999246,2.8938050327105014,11.554071414440887,2.877006807783212,11.620832059710697,2.861510507418016,11.56321894629692,2.884033003607333,11.54809989781869,2.879422834406442,11.471120096137083,2.8765287608449235,-0.04140000000000005
11.564634728775486,2.8627668151240737,11.496173894387644,2.891843924066742,11.509505315607617,2.890785266125357,11.492009915154092,2.9030150950537874,11.506625810375517,2.913462361157505,11.52868765861926,2.8945943819418996,11.562465342650757,2.8842125922576827,11.56086819793392,2.8864117185799367,11.586387508192535,2.869779096607962,11.616260191645159,2.8643879761496236,11.54760012903114,2.8860135175411616,11.551272124316002,2.8743391219108876,11.431294807675984,2.882141498251427,-0.779
11.551963036644464,2.8669434379470493,11.50731692489609,2.884496731163427,11.505356167020647,2.8925138730431716,11.49531772940618,2.901249379313981,11.510579346409981,2.912560949812614,11.524702412210049,2.8932720621796633,11.551112835134104,2.889947478549103,11.521372283282922,2.8989969582260686,11.600233208862653,2.866638136961297,11.618396272291625,2.8648429483581546,11.529402440716519,2.888047916476455,11.550547384864496,2.8728674914463443,11.424055684825769,2.881629115089926,-0.8388
11.504326133242225,2.895136133063291,11.499944891172305,2.9125060915093646,11.508134685517021,2.9110657214950817,11.522899125654103,2.893500965130588,11.546299928981579,2.886753856234288,11.495271293014357,2.907710040252245,11.61279259437625,2.8636762342184485,11.61058965083169,2.8716739093843713,11.543058863663477,2.8823362709639353,11.540865692399334,2.8714138882353293,11.397804259154473,2.883812102111779,11.397804259154473,2.883812102111779,11.397804259154473,2.883812102111779,-0.4678
11.494378603908954,2.914090205291802,11.516280974776535,2.9032416960701006,11.549579747332805,2.8878297784911284,11.52830141564663,2.897045275201948,11.523620756081831,2.888393008164918,11.618273141908832,2.861715831902797,11.595675639219994,2.882014075293943,11.551751218321831,2.884165394274116,11.47251720678596,2.8778802300673014,11.47251720678596,2.8778802300673014,11.027243544059411,2.8767277050955826,11.027243544059411,2.8767277050955826,33.45585876419853,0.6149252436825594,0.11250000000000002
11.516280974776535,2.9032416960701006,11.549579747332805,2.8878297784911284,11.52830141564663,2.897045275201948,11.523620756081831,2.888393008164918,11.618273141908832,2.861715831902797,11.595675639219994,2.882014075293943,11.551751218321831,2.884165394274116,11.47251720678596,2.8778802300673014,11.47251720678596,2.8778802300673014,11.027243544059411,2.8767277050955826,11.027243544059411,2.8767277050955826,33.45585876419853,0.6149252436825594,33.461832478810834,0.6143748558973593,0.194
11.549579747332805,2.8878297784911284,11.52830141564663,2.897045275201948,11.523620756081831,2.888393008164918,11.618273141908832,2.861715831902797,11.595675639219994,2.882014075293943,11.551751218321831,2.884165394274116,11.47251720678596,2.8778802300673014,11.47251720678596,2.8778802300673014,11.027243544059411,2.8767277050955826,11.027243544059411,2.8767277050955826,33.45585876419853,0.6149252436825594,33.461832478810834,0.6143748558973593,33.46829311751647,0.616046005805088,0.2313
11.52830141564663,2.897045275201948,11.523620756081831,2.888393008164918,11.618273141908832,2.861715831902797,11.595675639219994,2.882014075293943,11.551751218321831,2.884165394274116,11.47251720678596,2.8778802300673014,11.47251720678596,2.8778802300673014,11.027243544059411,2.8767277050955826,11.027243544059411,2.8767277050955826,33.45585876419853,0.6149252436825594,33.461832478810834,0.6143748558973593,33.46829311751647,0.616046005805088,10.492567987866462,2.856926689067349,0.1608
11.523620756081831,2.888393008164918,11.618273141908832,2.861715831902797,11.595675639219994,2.882014075293943,11.551751218321831,2.884165394274116,11.47251720678596,2.8778802300673014,11.47251720678596,2.8778802300673014,11.027243544059411,2.8767277050955826,11.027243544059411,2.8767277050955826,33.45585876419853,0.6149252436825594,33.461832478810834,0.6143748558973593,33.46829311751647,0.616046005805088,10.492567987866462,2.856926689067349,10.266867666917697,2.8595455240548335,0.0384
11.618273141908832,2.861715831902797,11.595675639219994,2.882014075293943,11.551751218321831,2.884165394274116,11.47251720678596,2.8778802300673014,11.47251720678596,2.8778802300673014,11.027243544059411,2.8767277050955826,11.027243544059411,2.8767277050955826,33.45585876419853,0.6149252436825594,33.461832478810834,0.6143748558973593,33.46829311751647,0.616046005805088,10.492567987866462,2.856926689067349,10.266867666917697,2.8595455240548335,10.074258240188207,2.859224357034308,-1214.6801
11.595675639219994,2.882014075293943,11.551751218321831,2.884165394274116,11.47251720678596,2.8778802300673014,11.47251720678596,2.8778802300673014,11.027243544059411,2.8767277050955826,11.027243544059411,2.8767277050955826,33.45585876419853,0.6149252436825594,33.461832478810834,0.6143748558973593,33.46829311751647,0.616046005805088,10.492567987866462,2.856926689067349,10.266867666917697,2.8595455240548335,10.074258240188207,2.859224357034308,9.852381144170176,2.8588204295080075,-1210.1898
11.551751218321831,2.884165394274116,11.47251720678596,2.8778802300673014,11.47251720678596,2.8778802300673014,11.027243544059411,2.8767277050955826,11.027243544059411,2.8767277050955826,33.45585876419853,0.6149252436825594,33.461832478810834,0.6143748558973593,33.46829311751647,0.616046005805088,10.492567987866462,2.856926689067349,10.266867666917697,2.8595455240548335,10.074258240188207,2.859224357034308,9.852381144170176,2.8588204295080075,9.600770785723407,2.86765957913045,0.0636
11.47251720678596,2.8778802300673014,11.47251720678596,2.8778802300673014,11.027243544059411,2.8767277050955826,11.027243544059411,2.8767277050955826,33.45585876419853,0.6149252436825594,33.461832478810834,0.6143748558973593,33.46829311751647,0.616046005805088,10.492567987866462,2.856926689067349,10.266867666917697,2.8595455240548335,10.074258240188207,2.859224357034308,9.852381144170176,2.8588204295080075,9.600770785723407,2.86765957913045,9.368286734510212,2.862001246222119,-1.627
4.5362075933537245,-0.6189450909858557,4.52171789699446,-0.6681889247655529,4.242639331831073,-0.7488900423464943,4.227683519375592,-0.7814174525043261,4.087417430358684,-0.8225143222983594,4.021759719326855,-0.8441911543863151,3.923212802028458,-0.8840212507765065,3.860414311961865,-0.9153739353784744,3.762972188310721,-0.9202953748501238,3.7645195244546183,-0.9422246365907523,3.7962731250530415,-0.9609767183036768,3.6834865467380196,-0.9699253607961964,3.5286780711762336,-0.9806322527240372,-0.018299999999999983
1.8694901550957692,-2.3278987296128943,1.828775079117174,-2.335042832112305,1.767635550672137,-2.3277085207134283,1.7529296905466534,-2.3275501881215512,1.7618807820054092,-2.2996964149389423,1.7595618659200367,-2.300950107749349,1.7649000906566925,-2.300675983302051,1.7319367424937957,-2.3186243359920864,1.735691637359587,-2.327102602345725,1.7886705929264886,-2.308618908398595,1.8227083365146453,-2.3158374733199953,1.8284939841301082,-2.323511220572185,1.8307034385721832,-2.3541087458240924,1.3867
1.7438456152997064,-2.341393673176177,1.7293880218158066,-2.3697287281550934,1.729440802687387,-2.3861687391471635,1.740969321958316,-2.391131094104182,1.7050934343900328,-2.4004992271238366,1.7270382537743636,-2.4014523061224398,1.7373788562083985,-2.418219790328979,1.748623427156345,-2.4212240363885704,1.7267261653197923,-2.4289461763545988,1.6986956878734956,-2.433196248901186,1.6795733803558581,-2.4333990610132914,1.6659270242120439,-2.426839677383547,1.6581341923981927,-2.43859201715008,1.4445000000000001
3.8383169605961402,-0.15089831850018418,3.6897865371861296,-0.14036010969945645,3.5296571221578987,-0.1045062058824923,3.431527543237852,-0.1382209036100814,3.295890151385511,-0.11478850142659633,3.1841453374492854,-0.10167801222836118,3.0689268303431407,-0.10963888059399993,2.9064045451381966,-0.04622475534082289,2.772867771820354,-0.06394853498175465,2.7252121825648783,-0.1014504528546922,2.6967206937315567,-0.1663374475438289,2.5588757550924566,-0.17963678553362597,2.4556770329178055,-0.1793217263780992,1.2750000000000001
9.19208525036621,-1.9452926752598416,7.599479948654382,-1.8574901121691128,7.808523820159606,-1.882604515977985,9.184065056389791,-1.9796741835400566,8.070318100917708,-1.89515262361393,4.622520777670984,-2.168813056246307,4.588350067289984,-2.1216217610251196,5.697851480163377,-1.8089728660172095,8.85934052229623,-1.9066715767665554,8.851079312716616,-1.908960874795471,8.908657288839883,-1.9120322424063705,9.072916272621498,-1.9126206696341614,3.4179544247985563,-1.9972761176615506,1.7145000000000001
23.93707384665051,-2.722292196771862,24.030953390159116,-2.7104846105397935,24.08190146147102,-2.7063803528764026,24.12069450285377,-2.700412652501207,24.18462610544145,-2.6912242873631165,24.28267350046119,-2.6785086043117836,24.362611154184606,-2.6666830604394454,24.440008086946293,-2.6580460266776202,24.5090715764592,-2.6556254571474436,17.04642264670215,1.7165801835507233,24.70816289265554,-2.645136833833954,24.354358515263755,-2.6382489916321585,24.56656707804328,-2.632983839110997,1.1138
3.2027123130246986,-0.28335198393832606,3.107092692534299,-0.2915184486594835,2.9957658002587593,-0.3162509423573963,2.825766488937119,-0.3858621779097287,2.6093818769969275,-0.3967397109148545,2.3860193398210288,-0.4290034611570627,2.2229646196014876,-0.5057265353840613,2.0354101625962295,-0.5734628814195336,1.7683155402811994,-0.6719500956977537,1.6358946329149695,-0.7873432657639352,1.4052733826554895,-1.000399483922818,1.0099989752470042,-1.3152515479263247,0.9887630504827712,-1.6233102854159187,-1.1746
3.4641191723149514,-0.553440242388353,3.360434269555055,-0.5738227863460468,3.2450999429909655,-0.599506762838318,3.1555700879555815,-0.6391342136165283,3.034268796596644,-0.6748284411939297,2.9643981412758946,-0.678139010413939,2.915905336254932,-0.6983520622901714,2.9129012015514726,-0.7298040541840551,2.782116685187734,-0.7834919514478017,2.6475556443633104,-0.8344802988021955,2.4004020496575116,-0.7653654870747547,2.4056652842820796,-0.7338192757241996,2.352298044466303,-0.8933133917088475,0.6025999999999999
2.0681159155134403,-1.5277486944518475,2.05316232675354,-1.5997800708518164,2.0480149852967386,-1.6310373934552524,2.041028574028303,-1.6423900324615317,2.049860065955722,-1.7373324664271266,2.0611522651177396,-1.7973115302412723,2.0888726576792567,-1.8380812599290521,2.1042680532669764,-1.897446003427777,2.164874241151201,-2.0360139229374314,2.1572254263289232,-2.0333866565080894,2.2008725406074703,-2.056533389178568,2.2780810894259216,-2.0678623789474733,2.3081243662333284,-2.108176864767148,0.6619999999999999
5.693766265838458,-1.440496360699243,5.6999677349964,-1.4271972433068891,5.766161712092367,-1.39851413881776,5.76758016849354,-1.3728907190447384,5.814691365842213,-1.3525825300441425,5.840579701536485,-1.331029194078005,5.869109957225201,-1.307274482059384,5.902025629392,-1.29551058556629,5.909801286845436,-1.2876621383002747,5.946306340073639,-1.2635273388640236,5.979008218760028,-1.2520287541572748,6.058482338837008,-1.228348631677688,6.051797082685439,-1.2103005366358695,0.9870000000000001
3.023504742843971,0.8662884022593963,3.1239939644627994,0.8686315010681813,3.222967058472673,0.8291597355779057,3.2780764191824443,0.7856354420228193,3.3403267055783674,0.8052981404009942,3.441405946702595,0.7633494116120004,3.5959635259551748,0.7390534194648463,3.6075892573850483,0.735297841096547,3.6814263540100836,0.7165813194030399,3.772097061317486,0.6958991324010915,3.8914573105714516,0.6856571886383857,4.056786582998914,0.6535930113627789,4.16870617098399,0.6387945951580937,0.19569999999999999
1.4045257491409706,-0.21328630125837467,1.4045257491409706,-0.21328630125837467,1.194491209678835,-0.24264364198993119,1.180848212091628,-0.23460623035843348,1.1823893182873375,-0.22908093600981771,1.1964186725390038,-0.23691039837308744,1.1766910214665558,-0.2420105788424536,1.1624736556154722,-0.24414411293463115,1.1576832813857152,-0.3019727936831469,1.221588756497046,-0.297854950789998,1.2510864438558993,-0.3045871364236629,1.307708300807178,-0.35536962726660015,0.9779703165229496,-0.31877571999804916,-0.7177000000000007
3.392654070193425,-1.807568022238267,3.4086616508536007,-1.840431913574797,3.40223764308139,-1.8762990315476282,3.452162546868269,-1.8865468615888301,3.5690088161841222,-1.8831636004061694,3.5272255385784415,-1.9427739015488534,3.526187750248133,-1.9599024792596416,3.536776957909556,-1.9549517478809812,3.5517007883547844,-1.9677727501285094,3.6353326175193326,-1.9910539572995574,3.6937111270374134,-2.04121204244711,3.6558543638936176,-2.0469461898796926,3.646836045121854,-2.0521159212399254,0.16210000000000002
12.170678569825105,-0.07090178315700102,12.097410129445061,-0.08667245742846147,11.936132543248668,-0.40902698071280863,12.197953902191959,-0.5929957634755453,12.190331904013112,-0.6226420837084554,12.347430544044371,-0.6539228988954847,12.219174543724298,-0.6944480256882708,12.29964499812901,-0.7293390367944719,12.29964499812901,-0.7293390367944719,5.952687665248361,-1.172270621617632,6.007958010838621,-1.167307658797329,6.030656107754773,-1.1665163663091334,3.3666950634115924,-1.5783111856262686,1.2857999999999998
7.428379403342291,-0.18864089916156498,6.709540792036369,-0.14492802539560298,8.1428826001607,0.3158010176120104,8.088570556037697,0.27520212690646634,8.084636799510536,0.2493016145827963,8.109125492308038,0.2114593811802139,7.402735722690632,-0.5643856563620216,7.510718600107452,-0.6110324652522104,7.729079784812679,-0.6571486939390748,7.821994125541135,-0.7056352209474783,7.962859658439296,-0.7574933909577664,7.962859658439296,-0.7574933909577664,2.597702184623944,-1.7996033896829353,0.8411000000000001
13.483706395869053,0.9018454616837339,13.25218742887377,0.895811440171938,11.367251038839598,0.9095432920916938,11.437111667287335,0.9061711812284574,12.691754225874375,0.8580516687735809,9.344479714783478,0.6981294964133634,8.310626080506806,0.579479049234454,7.958685997700875,0.5720516635080805,7.666880414484111,0.6677845574948345,10.899605902967318,0.8519956718209728,10.65606136337437,0.8322635258447194,10.5295675599713,0.8191026217757884,10.473586217241927,0.8097391257845219,41.205
3.6582099447680685,0.37796831149627386,3.6384968022522677,0.3812157814508702,3.6370301071066238,0.3796894672563037,3.6527394924905336,0.38115709433468475,3.6538775376304002,0.3853700086223964,3.6518063379648145,0.3847727277056496,3.6419998091707795,0.3893629678907945,3.6194345552862313,0.3973095777937192,3.586836167153444,0.3890435758596093,3.565018723653499,0.38912707773417704,3.563007518936779,0.38759963956731974,3.5649048486600634,0.4001403008194291,3.5957424184721627,0.4304712201695079,1.2518
4.464920121345959,-1.2889095317001202,4.544847778529003,-1.2958968021776804,4.425284605536688,-1.3085636314502285,4.673671629457938,-1.31831890700527,4.714260430862934,-1.3104549174833882,4.643307392365925,-1.31084179473065,4.599926303757482,-1.3156413737763903,4.618272838410478,-1.3241423858470007,4.567798621874657,-1.3510944460901624,4.607073519057407,-1.3756185867767907,4.577943560158863,-1.383639550940683,4.514854433976807,-1.39041189848201,4.4215711517513725,-1.3935523346780319,0.39449999999999996
4.684599229389858,-0.1645766533186473,4.445841905646219,-0.16494529761489438,4.265378881178084,-0.16985089752729335,3.9680574189393982,-0.17303714487340421,3.6747386696199293,-0.2027057734213329,3.4147399842447745,-0.22456434733675865,3.1925652522697163,-0.22555219716815955,2.807898676946876,-0.23349901366540918,2.566535542321596,-0.2374848042792753,2.3046095113923335,-0.30679352521455316,1.9459792213690306,-0.32469186577089204,1.7986514086948555,-0.3752410400043049,1.547029960925125,-0.47338971933356105,0.5284
2.401445000411214,-0.5980044644916064,2.354890368998107,-0.6023835763172609,2.2459579715569022,-0.6493160322095033,2.106538971868311,-0.521807530292822,1.9506818910319508,-0.6203686726524213,1.8789405365790506,-0.644256853910031,1.9173278097393744,-0.9202332474428689,1.8933533637438071,-0.9332318097850736,1.8339207316566346,-1.016676491344654,1.8101677380839611,-1.0299410141407235,1.708685207988881,-1.0172281424245972,1.5343903316952918,-1.073857822743899,1.5912407863048283,-1.179553485735638,1.2026999999999999
2.585826947032612,-0.4830189963545504,2.592098983449518,-0.47553517296267883,2.5430376521003373,-0.48336257144029277,2.603547543257085,-0.49056735367448123,2.5604618723972443,-0.4969092530016272,2.5421484004676045,-0.48892994124155953,2.5249681186106128,-0.4640018420713602,2.554719188090935,-0.49777223960853123,2.5200875480824068,-0.49674985959369544,2.5424438263214384,-0.5641318834505228,2.6435556529038693,-0.5791266313816004,2.5658156948619704,-0.5131856029896623,2.575835408173432,-0.5264173125154147,-2.9136000000000006
6.745091536814013,-2.4137585122766003,6.681042353555318,-2.4029388972398515,6.57664585408094,-2.387239878443661,6.44269202119735,-2.373360751116683,6.3291455260564184,-2.3599595410554635,6.229370697751098,-2.347147480151908,6.105960278285471,-2.3301351928902814,5.980339751218153,-2.317662832338967,5.86395981739302,-2.3030879248297036,5.739630470683632,-2.297741065089894,5.5699860583308505,-2.2999643325494614,5.326261023457257,-2.3137919744446784,5.233723525368915,-2.314596907342164,2.4001
6.062331493740671,-1.9076120477169856,6.062331493740671,-1.9076120477169856,5.810534685379655,-1.9406156145924311,5.50114918267084,-1.9752513120193371,5.247645241439249,-2.0104005591222682,4.895476591711981,-2.078700354603341,4.6234388165087665,-2.117599626688447,4.301185569119284,-2.1692387953149694,3.985060300673003,-2.21748936259548,3.6524824010527386,-2.278231776837847,3.3637486662947915,-2.380098088778525,3.086191557567354,-2.5113574746860126,2.774816911077196,-2.666888647466617,-0.6713
16.72842717591824,-2.864495936574396,6.290335833641955,-2.339242007365341,16.700466496478473,-2.866515537027694,16.71733331007072,-2.8511156105946456,16.687588838714834,-2.8405273657036605,16.70624250063431,-2.827320905697546,16.703067955618216,-2.8210518745009665,16.6779321032315,-2.8255265925852022,16.699532905144377,-2.821347537521107,16.681166408258154,-2.8215823686001458,16.627681163950676,-2.8357400420391716,16.616112595309406,-2.8368074965885923,16.600104705995083,-2.834501403204373,2.0962
2.05316232675354,1.541812582737977,2.0480149852967386,1.5105552601345407,2.041028574028303,1.4992026211282616,2.049860065955722,1.4042601871626668,2.0611522651177396,1.344281123348521,2.0888726576792567,1.3035113936607412,2.1042680532669764,1.2441466501620164,2.164874241151201,1.1055787306523617,2.1572254263289232,1.108205997081704,2.2008725406074703,1.0850592644112254,2.2780810894259216,1.07373027464232,2.3081243662333284,1.0334157888226454,2.38055289376229,1.0609560017145663,0.6411999999999999
6.040916259144799,1.2297544670817335,6.040916259144799,1.2297544670817335,5.7636733460528475,1.197152485970349,5.45540659712913,1.160811508337882,5.199356491913211,1.1248167603445396,4.847758314932788,1.0536356872982888,4.576694113658894,1.018816409622575,4.2596292843391925,0.9640014893810275,3.9312934118429785,0.9146679948512808,3.5955920360908586,0.8500851941178788,3.3150460026973967,0.743151751811467,3.034958622452704,0.6034107466826004,2.724791265399978,0.44536276958762905,1.9675000000000002
18.551173858815506,0.16391952903542487,7.284745976353605,0.44070399714910463,18.532180876518552,0.1763370167688085,18.526111585813148,0.18479055826236476,18.517943167101468,0.18896746032371725,18.502470703395268,0.19555867298881552,18.47343038555644,0.1949485419804598,18.502510167542134,0.20113716877792917,18.52077175983765,0.20533526263334942,18.50587092492542,0.20549744417566995,18.490423335878496,0.20541193458603121,18.48238474683394,0.20502174199545176,18.459456472225828,0.20617653717502193,-0.0663
6.615532175116374,0.6728665345981537,8.171413530717924,0.6147652831326509,7.771504355013892,0.6017750704495177,7.347759381607427,0.5817178175416673,7.11469566741965,0.671233185954619,6.494778383440036,0.5208648998540334,6.11239383057081,0.4860453031807001,5.743694009955612,0.440333713693217,5.358593765158917,0.3888753540554435,4.999762532360908,0.32918865329732855,4.603723547303859,0.2411591732317482,4.327425324601225,0.16493213428223794,3.458845506812929,0.6230188544491455,2.1571
4.883259161666517,0.6406996973915239,4.931142286529557,0.6317185762756181,7.160922446863946,0.43384737148891106,5.963673053580314,0.5471631166077429,5.5719883147759734,0.5127951770825121,5.184767180886724,0.5014709457589059,4.778478312182656,0.41973083574364206,4.368679381689617,0.37361609062737045,4.06376023406893,0.30187490116064347,3.7191091742512707,0.21231400135514128,3.4004143997460057,0.08547599293623516,3.160616080766538,-0.06015112830388083,2.035283631339867,0.23126228209038718,2.9446000000000003
15.809591919464584,-2.877652859619479,16.358851273240425,-2.790923233118694,16.478520138046377,-2.7853157260235233,15.037623195837833,-2.7759781435195863,15.037623195837833,-2.7759781435195863,16.414197711128008,-2.6971407027052456,17.10960300942135,-2.6990688651879076,17.762751051850046,-2.6459571885609225,8.37650876439582,0.6685547390974902,20.116054023590216,-2.2683084344678397,20.273132719192663,-2.278702997529461,20.41109371934782,-2.289776114706934,6.598261599088054,0.5242235009574094,2.4908
3.7561585283371595,-0.2683745536515683,3.7364063229258138,-0.27402413839052314,3.7185320463860507,-0.2715212162773997,3.738898567760298,-0.2659001842815615,3.743153945538439,-0.2686373261747741,3.734088275603558,-0.2718069603637824,3.7172191676036497,-0.26720998462430706,3.740671688346899,-0.2653001195530202,3.755125164358706,-0.26706951948150237,3.7438509492232797,-0.27141295811854843,3.7598950636952666,-0.27196477978811734,3.782102231563821,-0.2710685676846637,3.7656422347323373,-0.2712084071642074,1.3553
9.105529736374491,-0.8484195796412414,9.101804641388433,-0.8487178605164739,9.097921426897464,-0.8503181377981912,9.110214153904401,-0.8504948714000614,8.888239772305877,-0.8297648094487474,9.097255984086628,-0.848570431449412,9.054753264446251,-0.8470833607108523,9.10270929394101,-0.8512181082087148,9.03814055268007,-0.8448219782515063,9.040514052309186,-0.8455428983496107,9.17102107401352,-0.6523748282373013,9.124149768608579,-0.8417693325405298,7.6420019850821825,-0.878914673478096,-119.6345
3.9023141646976542,-0.23747066209783524,3.8859202307818985,-0.23928648028791202,3.8137974041629445,-0.22718404999071665,3.82253007574826,-0.25729442100884886,3.7726898732867036,-0.2682141437521785,3.8322035710541225,-0.2542569366110289,3.7816473923410596,-0.2706354429284976,3.782188300441954,-0.2704585767288565,3.8107376569372966,-0.2619918784161974,3.7858017829780746,-0.2691525659841024,3.8096422850446237,-0.26193309782592356,3.755377809222402,-0.2410519732846362,3.6955572962680527,-0.2637102670195147,1.1045
3.766534419064823,-0.2723552280521785,3.770140035860741,-0.27005095098701815,3.7766075371952503,-0.26779176353965134,3.7612812418110897,-0.2667044196348384,3.762864240176623,-0.27133093990629475,3.7630946161370913,-0.2714518260851084,3.7731052741740387,-0.2734650327149334,3.7688569261780134,-0.27455297949795815,3.779966863611371,-0.27474205438514054,3.769705655618217,-0.2747651648927766,3.7589474830063825,-0.2763738789224621,3.7753135088360503,-0.2756399940423848,3.695198263963652,-0.27083530786582777,0.9827999999999999
7.674882311801263,-0.07466332821969965,7.977748045657996,-0.09757573903418383,8.034166182622803,-0.1054958613998728,8.031888087492256,-0.10458694010689673,8.02346593997881,-0.10473472286446883,8.017009264058508,-0.10565975602108751,8.022670324150186,-0.10474514765768896,8.032254229044296,-0.10502030229926511,12.560887072177666,-0.03113340405178516,7.842882665193963,-0.1206179150498325,7.996837908198468,-0.10676986554144129,8.173756205074872,-0.13937097730854997,0.4078317545263028,-0.48656780208651346,-1.2595999999999998
13.582186431131035,-0.49778253452693666,13.582186431131035,-0.49778253452693666,8.289470145310853,-0.41435007959927095,7.986458372144692,-0.214283580917227,7.357497749914708,-0.47987140533346245,7.978676584496953,-0.21214903097441754,6.241420378407465,-0.5393204003268288,5.768201086994113,-0.5585092701190503,5.332470650645909,-0.6401105538656685,4.8965227917370076,-0.6996725240926006,4.415339435422832,-0.7618382463649083,3.9296015586825077,-0.8879477441419582,3.524417070949466,-0.9860280478681145,-0.9630000000000001
7.800861955579011,0.029359948237799638,7.800861955579011,0.029359948237799638,7.823741576125839,0.059277463246790923,7.859558771330618,0.08098361711172518,7.9510715818687,0.1226936203314045,8.02359478351194,0.14747561292053474,8.06801876299256,0.18347643937707409,8.125705045717568,0.2123430929773665,8.20104550225153,0.23127080321759289,8.265498668561987,0.259762271927848,2.74160987013105,-0.44364766561668467,2.96277610527694,-0.4392677205316454,3.1956115909165232,-0.5085574344470587,96.0015
6.589082194054034,-0.13401576581660932,6.589082194054034,-0.13401576581660932,6.5742108187979476,-0.09949156758306892,6.591818371284211,-0.0567674845671928,6.638179741465281,-0.03191175301498549,6.700713599311642,0.0020147121545812793,6.639910605572936,0.048197017198886936,6.692021097545934,0.08279003946183094,6.749258940802313,0.11523042237968918,6.793607969996503,0.13705712362180816,2.669831575212184,-1.0690820947112971,2.912519129550909,-1.0420595286062713,3.1527563004456898,-1.0680879073562886,34.3172
27.353807778808417,-2.948986411562054,27.45288625190437,-2.9560316808356593,27.498613624144767,-2.964699048224737,27.565586375950723,-2.9680436942524473,27.75865723733769,-2.957399218493384,27.799556295919547,-2.9664768156206884,27.82114378903211,-2.9340834687246793,27.937855893751045,-2.9231096734719375,28.041624578472625,-2.923109372102128,28.096950337358678,-2.924111550466866,28.11449849348197,-2.9289896500022703,28.167435457456897,-2.9267725232785833,28.279829648708986,-2.9657217297539664,67.5104
9.722056173978832,-0.16120866076970686,9.652455825332739,-0.1355617753136085,6.146237437652407,-0.8520367331092955,6.34448385449912,-0.8380948662974124,6.639898873476914,-0.8553042431924359,4.4026041032552525,-1.6522700856040196,3.745323751026072,-1.7022715851806973,3.482215791705049,-1.7489520091841633,3.501747041121046,-1.7434238433455105,3.499749133866599,-1.7396090238895592,3.5016401414194425,-1.7380107677643204,3.5021997558677302,-1.738099626984309,2.868752427449949,-1.8396440098087976,2.2484
3.4050958635550903,-1.1908025743854065,3.4050958635550903,-1.1908025743854065,3.0039230566044837,-1.055733895490619,2.6478104161740865,-0.8736402603384529,2.4788228516777826,-0.6450179583895804,2.520074768732071,-0.4864000013278901,2.5072168015550655,-0.2528432999521174,2.6199802632844365,-0.05716897072402461,2.829279491319299,0.06224684019378708,3.042740672485903,0.1923939257386115,3.51355349041394,-2.3250156312602033,3.242241022811229,-2.2561634316008483,3.2567102557642467,-2.1707305016723812,0.3327999999999999
8.73951256592723,-0.32392519555354793,8.73951256592723,-0.32392519555354793,8.671429439832856,-0.29561112110377163,8.606003831047255,-0.26361659289505057,8.576277761943114,-0.2402276348339673,8.578984147321876,-0.2157989509723934,8.53925211947745,-0.18252654525094836,8.54369061354635,-0.1687719824293025,8.498801244881538,-0.13259507472174226,5.669037682005649,-0.5803019426326185,5.258654022656361,-0.9563143198972811,5.511487062490492,-0.9555962589927914,4.265971036001064,-1.5618416221790865,10.454899999999999
5.585501135081796,2.2042641478161022,5.499747676030237,2.2101335961684887,5.5084627846614325,2.2095229456896766,5.499309637581794,2.207431065224956,5.504055662872603,2.2090540052865713,5.504311540964956,2.209969905401865,5.508348436691348,2.21010378880379,5.495214398911111,2.20633041920462,1.994910449117958,3.0589384772246366,1.9134383319041133,-3.0861666226155857,1.9531513868617585,-3.100468018102001,1.955224559993051,3.1365804206043726,1.9906589687839567,3.082633289252619,70.5371
3.6122754518447238,-1.3222792695778425,3.6208559057217373,-1.3144102191736189,3.611509745245053,-1.3152202014691197,3.6137540646812183,-1.3137233195750035,3.6743346186758803,-1.3179428231526926,3.775089255898463,-1.3196949502929596,3.727268839244096,-1.3175666177863274,3.873706092361683,-1.3179098441351198,3.838189166781652,-1.3200926077340902,3.902418901143241,-1.3225609940129541,3.891050043368758,-1.3246832271346398,3.8891082898268605,-1.3250880190160355,3.6574925905598175,-1.3216930459748897,0.9528
7.382302942849199,-2.174236888272321,6.932523422246767,-2.1962943602062124,6.6227736402507364,-2.20396321281067,6.3472500770018545,-2.211218932200571,6.042361502757018,-2.216965269863667,5.756442804371462,-2.2226916069717397,5.475686719490072,-2.235976780050096,5.222096944714836,-2.249290522422472,4.920206518023408,-2.2593229532023966,4.6416814765772125,-2.275749194700959,4.348857065942732,-2.2942057205165876,4.1014686698791145,-2.311268316167058,3.968028812899424,-2.2994247975152677,-0.031400000000000095
4.853121149322356,-2.299442456770015,4.832705091354116,-2.2732841266076593,4.55346150527267,-2.321091754396893,4.341100391605797,-2.345622957458635,4.154078729393562,-2.3605010664583936,3.9778502146259855,-2.4188250891812006,3.718016290980985,-2.4372635593492045,3.5156806581372035,-2.4450698551179975,3.299566827630555,-2.491727030036728,3.182038315294143,-2.506715055068736,2.9457924655345273,-2.584900462470125,2.75534366096137,-2.6440649385437185,2.68994632846085,-2.6087282392548867,-0.16800000000000015
4.538328319987437,-2.128977559503906,4.346381541006262,-2.139226625088345,4.1466408019021825,-2.156932824113802,3.948279468325408,-2.170193047624415,3.7612818240594508,-2.1851117512866063,3.7228155581495077,-2.1582029295786325,3.5666077132199474,-2.16247712830431,3.3228964744632052,-2.1825306461384297,3.0589888263934513,-2.2186387530850884,2.8600414559932568,-2.2458266777428677,2.5532200629792956,-2.3189919195036333,2.274825428466989,-2.387625591141406,2.1199213405218593,-2.443127874138032,-0.16959999999999997
2.0470191108047833,-1.7114636416461648,2.0470191108047833,-1.7114636416461648,1.84499392952931,-1.7901119510031467,1.6275245773873865,-1.8522187338044587,1.6296104135651635,-1.851784853785615,1.6434714783043878,-1.844039403046275,1.6835807227454191,-1.8317086335161317,1.678114668310838,-1.8347382835746227,1.7543814437003127,-1.8157749899217608,1.884074929507848,-1.7882620700808367,1.8714403784251294,-1.7933137035674678,1.7483307753397224,-1.819589912109677,1.655805571315667,-1.8415136488019122,1.0015999999999998
8.793334453436868,-2.1799897246202655,8.459294667996856,-2.1793181199924416,8.09327412670546,-2.181644771976278,7.745666507150951,-2.197394276327791,7.411468962358268,-2.2106625206392665,6.91113229651987,-2.1905277460876516,6.587176177999185,-2.197081317635751,6.2481610486606405,-2.213718065086312,5.908749621535844,-2.2324139343913068,5.568822364737449,-2.2536085080956902,5.191454934794294,-2.2672437500824865,4.850453409733978,-2.286658964565412,4.513079464179643,-2.292461158164406,-0.040100000000000025
3.848358829423263,-1.770597247193255,3.5676765240139163,-1.8167607203008664,3.488063775219712,-1.8435709190542835,3.4662123607765283,-1.843417200843653,3.4672193022651445,-1.841988649779029,3.5369890995025663,-1.812469851545085,3.516108378591305,-1.8220589659766093,3.353859306828482,-1.8579835484732636,3.153990318628135,-1.8968682194829496,3.078951751814248,-1.9189762909395476,2.9953384750308296,-1.9434974823424636,2.9775408191996275,-1.9555996888858769,2.9633475732691217,-1.9551001540077149,1.0492
4.284146822880843,0.2555653705791147,4.746868598349868,-1.022482605463444,4.991530319451135,-1.0605785910997263,5.441398964420821,-1.109647212673223,3.382163936003105,-0.1813503106766365,3.4335233055856795,-0.4128807245162931,3.6448808403019144,-0.5776461543830205,3.876770079589449,-0.7163063762921525,4.100994635451255,-0.8255835930819514,4.508445703343893,-0.9218964353964637,4.963206578412794,-1.0211991582278515,5.484790377033564,-1.0817227279256698,5.939656566671173,-1.1252501043824419,103.9342
6.228489584160829,-0.5392905839595952,7.029703052049923,-0.8078312644075473,7.329218504042571,-0.8584969303994288,6.144455621940807,-0.48354786949939277,5.899562977882342,-0.3328838983633264,6.068270700949325,-0.4475146268739987,6.176423163126051,-0.553167514932462,6.4575451876080585,-0.6283089930840393,6.679822719204459,-0.689620476277228,6.993448958847127,-0.7683906617675909,7.337118442549499,-0.8280854930848429,7.763852148257334,-0.8815777540266025,1.185561208879573,-1.051556053545484,3.7862
8.255518874668029,1.0071059810587069,7.75126288355646,1.0043214033228494,7.257807961774682,0.9919575761272543,6.789819606587499,0.9862086171046879,6.226596555101356,0.9817113327888363,5.701314886936171,0.9607744520449772,1.721288183309229,-0.23841251025895188,1.7908501724041543,-0.47266267331393075,1.9991084262740766,-0.6925927003428383,3.8006434507856697,0.8619017913646612,3.2305706152319265,0.7736221558053866,2.719920870172512,0.6276691044974003,2.2309059011979877,0.475615522570458,3.0538000000000003
1.785684991816862,0.4610930802590671,1.785684991816862,0.4610930802590671,1.5399680646039344,0.7917347486205524,1.5399680646039344,0.7917347486205524,1.4952582653173951,0.8620830073136906,1.3344523520905505,0.996262042059926,1.2521747641603471,0.9957736782805547,1.1907601311767202,1.0823210005528592,1.1462854138477032,1.1483202844944078,1.0807257607737497,1.1957368183899661,1.007692542395749,1.2475394658741548,0.9735853737603077,1.3356828144781543,0.7833173558654237,1.4231941271858262,1.2204
9.279740552946508,0.7677876684696993,8.99457475870872,0.7678897508176169,8.702953523948057,0.767213621887678,10.375955795009927,1.0670584022643148,7.745430891177062,0.6772512807766915,7.3512195756894645,0.6316116449745828,7.1220585879365,0.6269236816236172,6.872963416896674,0.615870500088173,6.628426603651886,0.5993254324374557,6.406044152985523,0.5819672348437079,6.210335501404087,0.5611322518260037,6.04751164860391,0.5359671951922598,5.887023771822223,0.5090833063990597,0.8248
8.59028062056182,0.86886341542122,8.273632465851989,0.8542005550676107,7.951433964386551,0.8517249781790236,7.587475586781155,0.8438267284022827,7.3760646695917735,0.8342224541486504,7.155530094269747,0.819685408074993,6.710897252230885,0.7908667354049953,6.370954108294927,0.7623658784411819,5.943531550349504,0.7303701892100039,5.592803039621545,0.6918033701297921,6.649233905496185,0.6358640645346054,4.839450556623136,0.5937393905606466,4.494981906526431,0.5315830711049876,1.4981
9.112007591085515,2.290822874746541,8.91140341023792,2.309345851126298,9.077204572444098,2.295028872655995,8.951819677585114,2.3050022274817197,9.114657694614758,2.2905387000797877,9.03651925577542,2.2972851947201605,9.136346019060355,2.2876463144859884,9.072504996967496,2.4782544873086234,9.224869686884468,2.2953564230631374,9.022746870548902,2.290183080337335,1.9537262576932284,1.4530566467329695,2.1309990356637942,1.3104750546822501,2.3819537694925956,1.1091388770080517,2.6249
1.8889216315135968,-0.8346443231737625,1.8767539769506256,-0.8431893462275944,1.8719036139716176,-0.8435284510516625,1.8603438526251046,-0.8605375458414134,1.8183219544404123,-0.8622774269683396,1.921586607467901,-0.8385227628456972,1.8190468630576853,-0.7984985296524783,1.711205098753501,-0.7694058086844849,1.6834353833753175,-0.7798116293367905,1.8655398387598179,-0.8846029153097649,1.6548094301157428,-0.8339162067487605,1.8386287118393476,-0.9473223508367808,1.589593356805445,-0.850924759516594,0.6484999999999999
2.8695696158134933,-0.12743688199325445,2.931786699267189,-0.20732934018290936,2.931786699267189,-0.20732934018290936,2.338766240991165,-0.13432029675176238,2.338766240991165,-0.13432029675176238,2.172838293569023,-0.11693398050013623,2.014347956535818,-0.15174725802933106,1.9934447898048255,-0.1839858930830437,1.8080131857926305,-0.07595742102533132,1.6708755190019455,-0.08388675858928368,1.6407383856057025,-0.25974652000732656,1.4721536095122738,-0.19413173343224263,1.4174327109249247,-0.39313590538209015,0.5095
2.3727407549077104,-0.3805455080915579,2.355392079888179,-0.3615682619067084,2.39982039744645,-0.3685201065197772,2.4486599457662646,-0.35638076597179863,2.440202272353674,-0.34392535763483134,2.3774873564332606,-0.3835993681630388,2.409178386919498,-0.38755909865228044,2.3176149917533753,-0.3327346251529191,2.3600416712422736,-0.3964403742465227,2.393784261373609,-0.3886051876652941,2.3806106443515658,-0.43907348290388654,2.3492694566609438,-0.38454552960543414,2.339105856946205,-0.3981947937191791,3.2885000000000004
6.285755289541582,1.9611108873187062,6.294577915158412,1.9579079900938614,6.308034051905555,1.9572609721285588,6.3050625096029,1.9567336395463102,6.038572773429169,1.9756141813929953,6.281826207401791,1.9588732779430684,6.229987246375393,1.9607843560881075,6.288953699940873,1.956469990923003,6.202613038067107,1.9604369889550823,6.213806231288516,1.9641712447957256,5.833790611600667,2.248693521671983,6.273347155227424,1.970319326530449,5.084130171425592,1.8367378598089634,121.04570000000001
5.0074679210155715,0.9762856702571379,5.0074679210155715,0.9762856702571379,4.720088373113369,0.9694255356830158,4.5594286418366075,0.9784686959240237,4.07416023371688,0.9269564978857543,3.7780472588362395,0.8953526527131299,3.4438467939210007,0.8571591203340317,3.147334117948078,0.8130583805784626,2.9605970918042845,0.8214229134450227,2.7294029108946134,0.769982879834513,2.5122275872221445,0.7507990829237909,2.1227108917608204,0.6162024327608212,1.843899739682176,0.45722033878597734,2.0311
6.6920278936956015,-1.5113323678246904,6.673991720851924,-1.5076737272930936,6.673825967913757,-1.5110048787493564,6.7362018920160045,-1.5239129808540668,6.6491732252965114,-1.5061869675423094,6.646419509028904,-1.5056022958144428,6.655640826396808,-1.5067617413247267,6.658614235710008,-1.5080243409948322,6.665295427811131,-1.5069147564894356,6.674224530984853,-1.50665502098389,6.540942516182205,-1.4907529862951678,6.451635160949511,-1.5000575896547133,6.553989301181381,-1.524609554409045,2.1403
5.475686719490072,0.9056158735396971,5.222096944714836,0.892302131167321,4.920206518023408,0.8822697003873967,4.6416814765772125,0.865843458888834,4.348857065942732,0.8473869330732056,4.1014686698791145,0.8303243374227351,3.968028812899424,0.8421678560745256,3.622106726754472,0.7758712953312579,3.353499856865958,0.7228807069624866,3.097983011573819,0.6625662804851474,2.85378631470543,0.6065663310279543,2.6241615803909646,0.5270869569764385,2.431056908013472,0.43093395210609875,1.4399000000000002
6.2297413180645025,0.5114687066194786,6.103830844641752,0.4892721248818529,5.993959215743801,0.47228763753987907,5.851297355287965,0.450111474764644,5.733611054998412,0.4355956359996963,5.613869127437868,0.42011435827456517,5.481310339690684,0.40401981325937064,5.351874394079143,0.3834591176063192,5.300002371697583,0.4040147586928047,5.056555732907534,0.3237893003055648,4.914776097646768,0.2969311994570468,4.778222917570926,0.2506585744323685,4.656132895440157,0.22907506900213373,0.9946
4.820196229408093,0.8398054608296397,4.833592979347766,0.869276823338011,4.493824502581293,0.8093807208621133,4.287212035810687,0.7766235650863957,4.119475535793355,0.7720605854926428,3.9306500734611327,0.7231140123768193,3.6922590767712946,0.7048190832676028,3.4686655935676423,0.6855469514243496,3.2877640806481248,0.6450766482833494,3.192636352608925,0.6504170784118335,2.910128294422778,0.5465425342181689,2.7354508312159505,0.499148326929691,2.6381461540255917,0.5047164432381926,0.7955000000000001
9.59927788221593,-0.4818040491042145,9.59927788221593,-0.4818040491042145,8.968996278291128,-0.4994962128750529,8.385184642570485,-0.5172630750866831,7.776896134705673,-0.5373961228927339,7.228846583653579,-0.5610349158215414,6.668024463812349,-0.5793301368131519,6.114104226295134,-0.6162852591289935,5.547684670202519,-0.6536316343423308,5.04964282796318,-0.6898496910797307,4.571947096150607,-0.7452525747105417,4.12063453608786,-0.8044470741859499,3.7419004115556063,-0.8939476906331619,-3.3586
3.948279468325408,0.9713996059653783,3.7612818240594508,0.9564809023031869,3.7228155581495077,0.9833897240111605,3.5666077132199474,0.9791155252854833,3.3228964744632052,0.9590620074513633,3.0589888263934513,0.9229539005047049,2.8600414559932568,0.8957659758469255,2.5532200629792956,0.8226007340861597,2.274825428466989,0.7539670624483874,2.1199213405218593,0.6984647794517614,1.9564479701745183,0.6207129440601578,1.7767683304246515,0.5435468428289278,1.633774920238401,0.4196723609831935,0.7126999999999999
2.6839035172673396,-2.310784370286832,2.6839035172673396,-2.310784370286832,2.6839035172673396,-2.310784370286832,2.745069605674873,-2.2947976128365397,2.8157451038757015,-2.2861484107597576,2.839051942110251,-2.2771837995439883,2.8428162550541365,-2.2648815411246237,2.8665549009220106,-2.256520928689709,3.053556172727138,-2.193566022459778,2.8806914603962754,-2.2303567703423717,2.8287240940042166,-2.236924407791128,2.8562185788206094,-2.232217191315445,2.8961539220145034,-2.2111967666903953,0.17789999999999995
5.143765571057846,2.396414928911156,5.143765571057846,2.396414928911156,5.143765571057846,2.396414928911156,4.6086674017550875,2.333761176203266,4.104520436055836,2.258341178179381,3.6384825655759307,2.161123851641565,3.1890259484676533,2.044751403295366,2.7299970201448924,1.8875312274826863,2.5780624856663192,1.6869193320477298,2.4087648473854797,1.4854623957076238,2.398322649269695,1.2530936926946514,2.460087904933481,1.0399275679084328,2.714775189587528,0.8669884857748741,-0.28970000000000073
4.272386368295825,2.4566602177098567,4.272386368295825,2.4566602177098567,4.272386368295825,2.4566602177098567,3.89139021430645,2.389526382653544,3.4573240316753604,2.3157694788972933,3.1826233456065776,2.220606738022632,2.885089130338953,2.1173444470200278,2.635638799228759,1.990584720126858,2.4505326788271953,1.842857207563876,2.2702744327503694,1.6612169413889453,2.0983756193779945,1.4666228157874237,2.185914293836796,1.3137566868492307,2.2330718304613546,1.1316640185310365,49.753
0.948093502772808,-1.4225895959352541,0.9472038481763094,-1.4253308981880106,0.9094961517235776,-1.415137603095774,0.892070070117814,-1.4130930067262135,0.9150132731277767,-1.4039048648426644,0.890583342534539,-1.4072536437168723,0.8888706148816048,-1.4113812133478971,0.8975153090616317,-1.4235261143138147,0.9035162920501224,-1.4417188820092164,1.0389686617025542,-1.4266941740851158,1.2013405220835651,-1.421070837141743,1.1453600350981326,-1.4267631828838634,0.9877354554737868,-1.4324643960407966,0.9838
2.703558597478513,-1.751165926545853,2.703558597478513,-1.751165926545853,2.703558597478513,-1.751165926545853,3.015384169554514,-2.054111196257183,3.549384402963416,-2.2876491434873727,1.6821937878853335,-1.145733331063219,1.738613887555254,-0.9899723508307953,1.6936124999538744,-1.0720480716493492,1.7109126482670023,-1.1041688797884635,1.728127645748428,-1.0396062343709183,1.738484731022966,-1.043102802339215,1.7070356645366267,-1.0646423455925191,1.7220053716524797,-1.0675333273124872,1.027
6.83184596503756,0.8819390679295503,6.4828273345817236,0.8759988001168522,6.118182383682268,0.8635599571171948,5.753501384374566,0.8505814472940764,5.422847621868054,0.8353467917711157,5.063963579055441,0.8189308215377114,4.705374718340721,0.7932426720181265,4.337069114044647,0.7698437174414723,3.994245371781761,0.7416043050655147,3.62628547414568,0.7085335485369608,3.312380298214564,0.667329130191036,3.004402116894472,0.6104369265660239,2.6905212320292144,0.5466024913410613,1.5999999999999999
4.825498636410541,-1.9690785236526085,4.804960944690393,-1.9596736522783231,4.731007243706145,-1.95477639769645,4.6909775580362805,-1.94509167741503,4.603621322393923,-1.9190922357667868,4.506669467578027,-1.9239806806325832,4.384435366156056,-1.9119208905567113,4.32551189225044,-1.9031549919967699,4.276191792939129,-1.8934712662120339,4.2303082677270725,-1.8913657852645986,4.200207637724591,-1.8943989818880893,4.200207637724591,-1.8943989818880893,4.189006201952915,-1.8928790368697548,0.32020000000000004
2.4957792370319942,-0.27053934365856386,2.363998530033387,-0.2877535128784477,2.2227013407113407,-0.2794120399695245,2.1214460822750154,-0.31080915864656744,1.987251312743312,-0.3335899706268612,1.8517855707397661,-0.3530063896191098,1.7494020950027438,-0.4001556156169848,1.6324839049742499,-0.4355095689471996,1.5004303016135077,-0.47619613356602264,1.342734240272436,-0.5155619664222612,1.2569651864709708,-0.5831924023420653,1.1804002033208945,-0.6551584362105589,1.0611801826268703,-0.7187147565034824,3.3573000000000004
1.615385984834586,-0.6629651784069595,1.6138175423510552,-0.6533041088030118,1.60150708084604,-0.6511689614574628,1.6189819331913458,-0.6679015786606008,1.6323694097844406,-0.6841648772430042,1.6112190664214494,-0.6721044719054496,1.6144029856265762,-0.6593590285404074,1.536832863391463,-0.6722004263742765,1.525789385859006,-0.6876893433098091,1.5145356549120914,-0.6804845682236391,1.5184463704721347,-0.6897886146962297,1.5424510656743713,-0.704948525464407,1.3924472162347818,-0.5919862494401416,0.5922999999999998
1.737484460362158,0.1269606425618652,1.7392241316173125,0.12932574929044777,1.7311032002743212,0.11433806090771105,1.736159652796945,0.13780793074026526,1.789859910719269,0.0856420734364933,1.8040824925706718,0.10038566430378229,1.80713986730413,0.09782409328588908,1.8320258977427133,0.1107596943948735,1.8170041276783104,0.13691577575515,1.8158815655212743,0.1400590790722281,1.826737619364094,0.15898391579743468,1.8358774033142824,0.14044885200533258,1.858929955646526,0.14016250375179024,4.4475999999999996
5.581122278717783,-2.04479687662765,5.504215316464279,-2.0131143794633246,5.419451069065941,-1.98014379181845,5.369163399450604,-1.9498674041022483,5.316759713396869,-1.9007846130639763,5.271860675321379,-1.8564045972330367,5.1847373106069705,-1.8191196780870285,5.835217905100033,-1.6838002507011294,5.800862073864535,-1.9651578021181402,5.683443378797749,-1.9171200540316249,5.683443378797749,-1.9171200540316249,5.4340722888088235,-1.8347984612493617,4.953380309445255,-1.4520529203291574,0.8029
5.724209193417025,1.0777766667635986,5.546846761899953,1.1026337117895535,5.465543970182656,1.1369534928008278,5.41335000992916,1.1685605799820222,5.3520042498114675,1.2095129451481144,5.310659162476917,1.25576259589105,5.240329215803143,1.294446856797932,5.148864139788501,1.3369298876249047,5.921162596990559,1.2729741069069016,5.751520011266588,1.1958755097580773,5.637359624859851,1.2432791730183885,5.535115935551848,1.2788498138491435,5.353827447723735,1.3178762530831367,36.1937
3.958715675569539,-1.2969449999805946,3.951811545354867,-1.2964279078350815,3.9449046743869443,-1.2996730782651658,3.9118250088673414,-1.299073602864747,3.869606296511313,-1.3045873417210245,3.7426064420400875,-1.3165570489769758,3.706110021302659,-1.3187367692062109,3.7790963708272938,-1.3176990314347197,3.6761559052902015,-1.3187450485681844,3.6621653608213838,-1.3169430779623146,3.6508336500037912,-1.3178921305546114,3.697236888542578,-1.3162466004600797,3.8128285904299473,-1.3157606868590568,1.3141
9.093861022140155,-1.9982856572333618,8.718122615563512,-1.994416452942857,8.382406829186953,-1.9942594766089288,8.056462579196898,-1.9816516868063923,7.692503161520315,-1.9727163257268048,7.340551251779393,-1.9732017040423722,6.994857013549308,-1.9530548338745788,6.649999044360833,-1.9581553353638999,6.458965589008811,-1.9324300757220565,6.013691212558223,-1.929469684829735,5.718790946520078,-1.903600829200045,5.477855647970289,-1.8793844290908024,5.201000750817093,-1.8508311506293051,-0.27570000000000006
1.6669742919433428,-0.6317910025127075,1.7677744567676013,-0.7189896445698999,0.8760511857191877,0.39140177841178314,0.8554361928279606,0.39123017581007913,0.7872884731786681,0.11034863115956568,0.7649694438341994,-0.05035007896071597,0.6177917205660757,-0.17736331368725342,0.7022878184903961,-0.29130676924748017,0.8543817530823095,-0.5913462041372326,1.0123230413262385,-0.7160514804130326,1.201745339079794,-0.8935212440031955,1.194437311038131,-0.9413106442643525,1.586970425055244,2.865110655068936,-55.333600000000004
7.1030011072785255,-2.308840567250706,6.8285106963378235,-2.3128443503773397,6.572231907807273,-2.314598940935276,6.4596017005694675,-2.28716515319519,6.104647839965873,-2.3017850466697096,5.779273366090241,-2.318109280819014,5.515950755762783,-2.308334559342113,5.224897247793488,-2.3107742833732927,4.949689624612837,-2.310463732440167,4.629657754089384,-2.3166260243946466,4.2901297101602935,-2.3328041479546946,3.9820763742047958,-2.357703855999881,3.5283712786496793,-2.415830577795845,-0.44089999999999985
1.792852445127598,-1.136612139656076,4.739095800888607,-0.890799143556306,4.936658190517143,-0.9048976283673922,4.88756138989578,-0.9072552537030408,4.999771450776522,-0.9212469046592413,5.008579239664675,-0.9224315441182154,5.07860661993031,-0.9289098348003824,6.023339095551572,-1.0305476605915194,6.144522058712135,-1.0494438558357881,5.81380211565547,-1.0302116347854013,2.7509100821364534,-0.9932994871530014,2.6496490484590565,-1.0088605700739228,2.826475250201208,-1.011165693492139,0.5188
1.7224926705214172,-1.8927304684852362,1.7224926705214172,-1.8927304684852362,1.7441826882525797,-1.8982579966883086,1.757011306167384,-1.8971004034712422,1.7490606050105797,-1.8948972655815803,1.77114555584797,-1.8881546797542368,1.7638254703909908,-1.8939990916556968,1.7677789567703275,-1.8908653686981478,1.7539098180921358,-1.8772389185804819,1.755837771549527,-1.8731307963561448,1.7742600063124927,-1.8658269061087132,2.020250524068733,-1.8037094458520135,2.1704074502267954,-1.7812943357971327,-2.3377
7.928662718264668,-2.0986483482286435,7.928331876252412,-2.098526679919527,7.938936079853524,-2.099541726202801,7.93123691992617,-2.1017750052470308,11.235674705152341,-2.4349434495007625,7.87146113120048,-2.0819075933016333,7.895793245773343,-2.1006074591132857,7.707259936579278,-2.1455990420381057,8.274552454966974,-1.1286123747075711,8.133984170749292,-1.1589969207917257,8.10525815319907,-1.1627503652342703,8.088013714132787,-1.164320033650325,7.568926968203616,-1.2816857189950701,3.7545
7.941929378306005,0.7892711796905597,7.661465306976206,0.7824170648808835,7.325481502263179,0.7678486532791581,7.006029980666654,0.7514090566846225,6.669060432324782,0.7447889021538138,6.339894833512621,0.7316133836140688,5.992054343044635,0.7092688757608893,5.714352416503553,0.6956636520766808,5.371045577911257,0.6885354969972004,5.043085612995283,0.6742609397829845,4.7083900624311035,0.6661732204134815,4.367963802505695,0.6468024241990875,4.100937719595366,0.6201531075446762,1.9979
10.55752707787198,-0.8379319420751097,10.540219861558867,-0.8258959535198194,10.501838959915542,-0.8202965391468202,10.325310410830275,-0.806314353720253,10.3677759977731,-0.793227874215797,10.402107245169121,-0.7857924315337472,10.517734389591704,-0.7706272057615241,7.476090709053764,-0.7439308038432196,4.966021068219505,-0.455587625038398,4.493779649693568,-0.6256043048869179,4.565857935810091,-0.6567038304145504,4.496480161192745,-0.6171574586082306,2.6863457893577314,-0.4049308896450175,0.8871000000000001
2.590147727447223,2.772270610250578,2.5854096870708903,2.772183364393095,2.5842638971281553,2.7717211919545113,2.598200873681634,2.7773036981690815,2.569299416183329,2.778512588032379,2.583330021503254,2.7755638489529963,2.5361673801230062,2.771769114440258,2.578107369757906,2.779022154146207,2.541976679672731,2.7729501266097323,2.5904181477128345,2.780865586854446,2.5841223906773516,2.7679202268291334,2.582663983177065,2.7642858629129914,2.5805898724903993,2.761589985895211,84.9979
5.722599080837309,2.189501964618986,5.862845344199352,2.175617147838553,5.9253801295781825,2.169667762273808,5.857330342400026,2.171872897349804,1.8577459460324544,2.2929684245666198,1.6115008780636788,2.353825034337049,1.7291407808504198,2.3442532943434156,1.6629375033355893,2.418401106479851,1.6420480200042908,2.450901233590647,1.6566695325260234,2.5014838995594233,1.7090236803508598,2.475304634035161,1.7471775210321379,2.414384691354985,0.8866834215208946,-2.6268809449915462,0.9580000000000001
8.447120070769685,0.4759729885643161,8.12362438139529,0.4556816459486117,7.805227603343796,0.4394259357780933,7.44799795179886,0.41963256430490803,7.114036880702827,0.40063550320020214,6.810142380303072,0.3777523593815939,6.498539592862388,0.35647254415860735,6.498539592862388,0.35647254415860735,5.931598277867442,0.30254091369400726,5.707578080061633,0.26874757997287013,5.490165964704533,0.23954494238489177,5.29766410128087,0.21277030581979114,5.060454809599626,0.1794434435387721,1.3753
6.4596017005694675,0.8544275003946028,6.104647839965873,0.8398076069200838,5.779273366090241,0.8234833727707793,5.515950755762783,0.8332580942476805,5.224897247793488,0.8308183702165007,4.949689624612837,0.831128921149626,4.629657754089384,0.8249666291951466,4.2901297101602935,0.8087885056350987,3.9820763742047958,0.7838887975899123,3.5283712786496793,0.7257620757939484,3.0504816160731054,0.6445304546309892,2.6810685724166037,0.5797370465234953,2.348441610941185,0.47968249709765404,1.9274
5.343507975103999,0.39511646057643485,4.725399184195978,0.3094836535492371,4.35315434369148,0.198702053736375,4.086597611705858,0.07470367682692569,3.6625865423222477,-0.09606350297069259,3.513175613316245,-0.26988943165785145,3.5879204966108205,-0.442855452979487,3.5879204966108205,-0.442855452979487,3.8475623243815043,-1.8860045804777086,3.871036131321949,-1.8447314171331548,3.679634756331124,-1.8668995771967067,3.4048003436325036,-1.8409586712107997,3.757780195807093,-1.8578689731791498,19.752499999999998
12.01495063368968,0.8927447151371083,12.01495063368968,0.8927447151371083,11.623222190941716,0.8913163637481641,9.437738409703881,0.8184228771878657,8.070349424901005,0.7576372583685511,7.396401147855628,0.7285611767389625,7.27562297607566,0.8578377666661524,6.72513316819823,0.8785958939373466,6.007682036359785,0.8335444696389354,5.33937050409503,0.7837559982731453,4.525586622748483,0.7452945790028142,3.915394270057618,0.6279362750980484,3.4348474260147266,0.4904197151618001,3.5687
6.29180322165276,-0.4544143463807234,6.29180322165276,-0.4544143463807234,5.078721048649942,-1.2649303021538452,4.9610059967712195,-1.3109794910402472,4.924452507639808,-1.2874562782305403,4.890460152173819,-1.2867527523062694,4.705836798062593,-1.2724130088274876,2.983854862422099,-1.2601102691383095,2.120241198543226,-1.2246727278420744,1.136716763314414,-1.3535586776534898,4.46441634259172,-0.9361833949571388,4.23865546252582,-0.9091799924987093,1.1087514284094488,-1.2616809424011586,1.8001999999999998
2.619328879694188,2.7354977518145853,2.6263908791343273,2.7335861732738493,2.6257567061706233,2.7326102765286824,2.582313571199287,2.7674791592763435,2.604616964161911,2.722962905457587,2.5619315467045567,2.7653192701925007,2.5820379547946235,2.7413794336562596,2.686049902738215,2.6549334192965217,2.6659478952147544,2.6524274526924967,2.643137688430178,2.64589345696459,2.585180852474349,2.6434437505648845,2.5749931145539056,2.6381454475197037,2.298235797301924,-2.2544868985722184,5.5852
4.890460152173819,1.8548399012835237,4.705836798062593,1.8691796447623055,2.983854862422099,1.8814823844514836,2.120241198543226,1.916919925747719,1.136716763314414,1.7880339759363033,4.46441634259172,2.2054092586326544,4.23865546252582,2.2324126610910837,1.1087514284094488,1.8799117111886345,1.129700442595296,1.75300129172379,1.1265963119059097,1.764623270929344,1.2199760038623664,1.7281695093465383,1.1862151069683784,1.6748437051177905,1.2179274198407724,1.682033846757568,48.7817
9.330578852890106,0.7282639863801988,8.99384725743105,0.7123491831970538,8.644982355678927,0.6969865184657654,8.281523803020795,0.6769190539080442,7.841816718720222,0.6509356790162775,7.500840532233707,0.6310595154553942,7.173327881116269,0.6029816269293208,6.729384138983302,0.5787456313759967,6.342300204972958,0.5501406913904117,5.941050517374854,0.5105235684515859,5.5504573955666086,0.4706010619423792,5.1898107807510705,0.4187975613505689,4.819124005459919,0.3611192069185694,2.3356
3.794784959651862,-2.2246908335007496,3.9077588321184757,-2.2042096409497836,4.063200965987282,-2.170362265273234,4.155421636849864,-2.15541499531976,5.855157769010151,-2.174407488088948,6.045834283206911,-2.139966302755632,6.1062228857125715,-2.1144990712243192,6.16833164153809,-2.085550771675077,6.266689966800652,-2.062829053580409,6.26752008692433,-2.034814977406692,4.287478834933184,-1.971651653539944,4.431504824548879,-1.937168199787887,4.443612480853837,-1.9063390118796826,0.8698999999999999
6.195383301297825,-0.32024480048780835,5.803293124597447,-0.3449167886793752,5.483957429630539,-0.39593431459418094,5.22227197778898,-0.41896509322758063,4.750705699156708,-0.43871774910234623,4.347236047191369,-0.48936871692831097,4.071904283010593,-0.531343046115628,3.7235076151392534,-0.5841888985914948,3.4036000058761315,-0.6434423474818001,3.1247464297123386,-0.7196127429777889,2.845955565359377,-0.7950882641075023,2.60174580810655,-0.881348355574518,2.328707796182254,-0.9908926409737313,-0.33929999999999993
4.77499570680436,2.3721883869447966,4.77499570680436,2.3721883869447966,4.437889364326241,2.312379548728385,4.080832547409909,2.2274421907581545,3.652011196587441,2.1374037375465496,3.2732022012090844,2.035291034280082,3.1247904777760693,1.9152884072831475,3.080371175686461,1.7712351451337476,3.0274174769925626,1.6525742311414102,3.0240553781304977,1.5578001672000386,2.997685648963212,1.4008489585628146,3.100359284018547,1.2568282323969402,3.250612634565984,1.1480896832962681,2.6885
3.436995794294778,2.510759923588449,3.183658224433015,2.435279693725072,2.9441181667861085,2.3662820569321,2.637688579040369,2.2663209724232165,2.355401479578376,2.1565852159721373,2.2666812413747106,2.0685832674757108,2.1036326984528446,1.952547362704523,1.9734215211150383,1.8434927311780414,1.881621943962178,1.6968190741279627,1.8578502469251927,1.4934795079470957,1.8675685395722441,1.3068689265196414,1.8883493453278188,1.12218784914108,1.9578834337110047,0.9569949167462704,0.9979
8.327484988878702,-2.3882289282058187,8.327484988878702,-2.3882289282058187,7.952337655054642,-2.391235393372985,7.575264925400296,-2.3956613138413587,7.220105878032535,-2.3992701775779866,6.8875557703731145,-2.407415620903814,6.544722231691738,-2.411075105966101,6.218842684133441,-2.418145894169893,5.897118353908122,-2.428489529664432,5.605715001674631,-2.4406828569787966,5.278572195205824,-2.472032306992703,4.945459533754171,-2.516735988508053,4.712699494981617,-2.5052127889342257,0.06380000000000008
2.5335664842273244,-1.07392239928332,2.435168285765896,-1.0692898378870923,2.4505893678868373,-1.0758461832572295,2.4310296686795105,-1.080379258271217,2.443376600117143,-1.0726222170533843,2.4557629954863325,-1.0668737960616486,2.5225565860848427,-1.0825389573957211,2.564695367875098,-1.0840247988073581,2.5285376584104906,-1.0858523819507544,2.7049332505627537,-1.1049497926959462,2.7340782797864405,-1.1183698655953644,2.7674500645901476,-1.1130147483421162,2.599960988168861,-1.0852847832505097,1.0806
4.652260376419186,-1.8902425968464207,4.564857336215451,-1.8994743768840683,4.441940644583176,-1.9083306595851288,4.589832783446474,-1.8883854633150694,4.538156662126151,-1.887118627875227,4.487291754499585,-1.8821802859027341,4.601041322353019,-1.8588286197123196,4.59424467023688,-1.8585858803375042,4.625946187538286,-1.8582031101838319,4.62631061322087,-1.8520769834455901,4.495897824684187,-1.857406340017182,4.521140546366591,-1.8490838330644273,4.4016633083415195,-1.864481403762866,1.4601
4.8801887258588685,0.19361805008914748,4.871016756284052,0.19038994103319054,4.87582026432476,0.19170409022274498,4.855844117143788,0.19212494705587946,4.854277760903263,0.19283834707686925,4.855058362162084,0.19301681599186213,4.8435499677406035,0.19526982461073167,4.848973190274409,0.19164426631514803,4.8442337897752195,0.19212850870001785,4.840763266262873,0.19395190778157,4.839093974082339,0.19218775908929306,4.804751237056922,0.1931546477786319,4.7837776380178845,0.19490709516992077,1.3883
2.0989513286400867,-1.2822874647821936,1.92250208062306,-1.2803857915571157,2.0314843932454933,-1.2904952370030822,1.9655085168983608,-1.271620349774311,1.9407762905600465,-1.2627167638230512,1.9327266464764232,-1.2643773261750955,1.9041458820163992,-1.267613832854218,1.8847679777627826,-1.2711778587824392,2.1643810616432617,-1.297922877646632,2.2241667968027925,-1.3040395338837476,2.0502622003051174,-1.2980976115054028,2.0762359331251368,-1.294342489764643,1.891674784417235,-1.2767825240769266,1.022
4.204952329099585,-0.3910610769958975,4.222174881503606,-0.3997448392268395,4.284538066116349,-0.4176840171036666,4.264439998405421,-0.40556918865091,4.290966078868488,-0.43074917285819153,4.310350338429578,-0.433305453033951,4.315911790108783,-0.4219907945416688,4.376729527855245,-0.4139882267296406,4.438807791513394,-0.3950025416827652,4.377084153863158,-0.3314822732630404,4.37975132170766,-0.3075840050974205,4.522158012498011,-0.3436189420388051,4.4586704969082485,-0.33061619912301676,1.9030999999999998
2.9101201968303623,-1.8912211696694932,2.9004140273416117,-1.8907697158452283,2.908013839375598,-1.8806826808927686,2.8833308828505944,-1.8821495547743092,2.866969120866149,-1.8796634411165352,2.8886284375114784,-1.8869089749745156,2.3358444211890492,-1.4527922064093624,2.574821547214484,-1.4598817716071224,2.8613845756905865,-1.9087823428915933,2.7279060724299136,-1.5918763263275428,2.931033537849747,-1.4543971525397892,2.9607586949969473,-1.457270855664152,2.857709091212747,-1.7667850317242006,2.8146
4.469975643110376,-0.7851608779474994,4.475783673280023,-0.7832969610613816,7.975199203781691,-0.5497007545879583,7.853484205115583,-0.5524040760518334,7.864588768015773,-0.5553901719811105,8.349880321298029,-0.6055249700965587,10.092867289824035,-0.5948396340995221,9.131166118848128,-0.7055746618303951,8.344518762636948,-0.6500467696748905,8.281484507019258,-0.644544400193523,8.244824998142768,-0.6379945965938078,5.559850087907049,-0.8527277225795892,3.637340304398255,-1.8398285645296912,2.8491
15.522424063270531,-0.3034551918141529,14.41770442823683,-0.3310811135207387,11.804357372597627,-0.6227666012226643,1.4175958380300095,-0.9201845277229709,0.9339677938772807,-0.7299500537571919,1.1014197383377455,-0.7293868522937145,1.129442490789149,-0.7056780145769874,1.1336855295892205,-0.7214853306087122,1.1314376430011515,-0.7252404347131769,1.117862375250195,-0.7326821168744283,1.0991585599903155,-0.7114781348876562,1.1120141770679037,-0.7223407458908607,1.1123464568199946,-0.736303226630729,20.737000000000002
4.521316456520159,-0.7911847738164566,4.541264046496311,-0.7914396332894604,4.534399767334151,-0.7912460499513372,1.2584881246956579,-0.5224576867736774,1.4046807929205845,-0.5803415825339183,1.4507144791446673,-0.5672578984153037,2.852902187247228,1.1555900286749148,3.2063597708304683,1.0816076934830838,3.574455754377164,1.550232306543015,3.5065152573459586,1.072132408600201,3.659444834944227,1.306629405482027,3.8097783728190806,1.1738144863483346,4.011201571848513,1.056242158998261,2.1147
4.5161263689139615,-1.638760820905991,4.473543366281369,-1.5970648805316545,4.421492115790779,-1.6173585227977245,4.419423349261756,-1.6343541833096913,4.535366716154274,-1.6367704878685698,4.583007646731566,-1.6470209844940542,5.668663447409805,-1.5935196876365387,5.520612243220851,-1.5984598306089643,4.476816084004342,-1.6535387310722212,4.572224413783731,-1.643034071704882,4.573597298626108,-1.645621289079772,4.563534527096298,-1.6469732721505872,4.55955328184681,-1.6473478622356243,51.6045
6.230070408109367,-0.7518756295566014,6.477982303927665,-0.779667473274583,6.4426076040684,-0.7757615472767337,5.619173821835377,-0.6766864542463571,5.642324702638091,-0.682565868183344,5.637357625696634,-0.6809742391523866,5.611042371966192,-0.6809895561853289,3.0240348361088696,-0.4096724499048489,2.5127164782362486,-0.4244997807006499,2.5863082453566926,-0.43568347739529684,2.606189158522464,-0.43606851489864984,3.5662388100069804,0.8045331603133414,3.7395711037497357,0.7020653564186244,42.2194
2.0149464236053505,-1.2832184851248114,2.005067003867947,-1.2935516714745188,2.016495239270353,-1.3203811696762868,2.023584070405773,-1.318063000818322,2.0104724942162213,-1.3056218023219373,2.0242011214303766,-1.3149259968378992,1.997736839526165,-1.3111999579498796,1.9807115085241458,-1.3128867165502573,1.9099230979282877,-1.3238874583138454,1.8619224178251905,-1.3185490433877425,1.9772734863948354,-1.3171331097998495,1.951324229850079,-1.3278063503758002,1.840133147356465,-1.32990357740047,0.7806000000000002
3.227401298258397,-1.3563854773773436,3.1936089303482387,-1.3456403612283805,3.2294512753717144,-1.3384875729353256,3.2196769527392064,-1.3385034378453229,3.241567350835084,-1.343648328854277,3.228166304576018,-1.3446917118500483,3.365038701114743,-1.344839439375285,3.379419503405874,-1.3458782847384947,3.3877694490623154,-1.3327048240639205,3.4058194682043847,-1.3380664546112273,3.409785805589552,-1.3499897484274983,3.3569338882378967,-1.3524084849091047,3.1246577156546267,-1.355022422090387,0.7599
5.079860085671657,1.7760792971575532,4.388760303320289,1.4758662231567963,4.429821419651131,1.507320000091237,4.429873587361153,1.5111656136637281,4.442004488966669,1.5115090716145232,4.456402443675842,1.5143306689521994,4.461538063269212,1.5100175288625468,4.465028807297893,1.5044322625870332,4.482413306467841,1.5063220884565367,4.5153666218813235,1.5144477187465386,4.564428238016235,1.5125962782849716,4.611299556524163,1.5122544415959658,2.570905373598958,0.783142817642272,-0.0959000000000001
4.8813884582155564,0.1864352453217366,4.8614963015516075,0.18616044018201142,4.862498667351999,0.18725179278032866,4.851700256611078,0.18790429751537582,4.846167149407868,0.18885664525905663,4.86439119417836,0.18786858269698734,4.87421559740642,0.18748541250766415,4.806204083265708,0.1902342584758726,4.8155040317707085,0.1907083036064039,4.812015799018119,0.18725134061305354,4.850074591178985,0.1892274587070076,4.865451002733455,0.19151057180060166,4.895835932708532,0.19378234361399727,1.0479
2.1687345734321637,-0.989648449436562,2.178055153112518,-0.9875689320804907,2.1868519588668947,-0.9929526756629659,2.1975063708667597,-1.0017391701291045,2.1839396923907928,-0.9971065833557983,2.170496947705754,-0.9933742571779209,2.145999797297289,-1.0012115364996979,2.1308475402993916,-0.9913322916689432,2.1395409624496495,-0.9853215237277985,2.167213667361846,-0.9827681281615912,2.1670875224595805,-0.9946068176408216,2.169897693440865,-1.0035015784395565,2.0550086958453493,-0.9923627445823077,1.6728
5.4963437165082745,0.41182704452117824,5.4963437165082745,0.41182704452117824,5.4963437165082745,0.41182704452117824,5.78103024814782,0.3700538520848923,6.0481595126120755,0.3402134219733393,6.3212845482544155,0.30607180403403517,6.5844452416281785,0.2742921786487537,6.843232371474759,0.24720440222224893,3.5066208035657356,-0.6177697960544843,3.5359040513000353,-0.574377459321769,3.5416703319196743,-0.5643427836074718,3.53561654312229,-0.5601433151479627,2.9150040308719976,-0.5180610775470398,2.2062
5.814963017079297,1.4663928579607926,5.814963017079297,1.4663928579607926,5.7469579335505845,1.4024351605744003,5.741847223672886,1.350036222949732,5.712752142356608,1.2907510324534566,5.70300458092048,1.2342125334786125,5.710769391246684,1.1762422760562112,2.1792023976675523,2.3187732560124212,2.1747278312469405,2.282579711411337,2.175261945145918,2.2614908795940454,2.188812703270888,2.2625980974603492,2.1691575968564356,2.2507067071737223,3.0557227050241376,2.319277150121203,29.9229
3.3435879201839436,1.6836994437745156,3.3435879201839436,1.6836994437745156,3.2307022224278104,1.578751337591723,3.1473922920411437,1.4887316230027636,3.095207833086499,1.378742142935658,3.0557506737297793,1.2719389007085613,3.050417684514695,1.1699379049176408,2.325528658176459,-2.8639958845877076,2.5306938534718078,-2.7955730787044892,2.4734613358611415,-2.8132195101187323,2.4616729961552566,-2.8111580596392467,2.438173236257018,-2.808674813716021,3.0228808411844517,-3.057899228506323,83.51960000000001
4.393792894527461,0.6750963840227594,4.30004760206209,0.6505755080919849,4.180844644327268,0.6331345967725712,4.046580939509312,0.6168136854500815,3.9393344475939043,0.612815984138694,3.8306619636819996,0.602483640735685,3.7446353801138024,0.6106909604184595,3.68338576448354,0.6004947998539687,3.505372660645372,0.5549554794504103,3.395671986514598,0.5403992982503849,3.246420719808205,0.510943062801364,3.146103229393464,0.4843032428447848,3.043140603061259,0.46815923227077566,0.9784999999999999
2.525045306524218,-1.3465087385340162,2.4558187249876564,-1.325827539626001,2.3483843233167767,-1.3048094434410777,2.3718473517492678,-1.3033092173324117,2.4299478368886853,-1.2970980790596782,2.4360606499018047,-1.3089114708796135,2.523781505994526,-1.315842309088081,2.5869861885986225,-1.3142202575836655,2.658728216647954,-1.3143781225582718,2.712942330754565,-1.3159209800298335,2.737841794187531,-1.308923428210471,1.2972757339902727,-0.631352274683136,1.249193739977912,-0.5842281987358786,1.7135
4.5317968500364225,-2.061851776321375,4.152757894460016,-2.083010013671533,3.7338791865833088,-2.1466539589679,3.333791289208126,-2.2224684039395557,3.0511590256818755,-2.2768061997481603,2.7830692589297845,-2.3353588780868226,2.6365886444419044,-2.315418307204166,2.3532173805239522,-2.3466389183072582,2.0716666334137845,-2.4488939043608418,1.810657477271726,-2.536816441403645,1.5973931670067938,-2.6654302987175136,2.961304469317538,-2.466640758707148,0.45776296267828664,-0.3668758366815393,-8.2852
2.168637574607614,1.1531104219667612,2.1056114788820803,1.1631856307851525,2.0307025877759672,1.1728232791240285,1.0518422933120735,1.5417955194163777,0.7475456507799362,1.942484152235631,0.8336648847108754,1.7740730647204068,0.8426652597562098,1.7395152331043238,0.8709787827496113,1.7436461619373191,0.8709787827496113,1.7436461619373191,0.9665833124982061,1.7277639406666847,0.9722515775250817,1.7498954638451227,0.9155966852277203,1.6997030869175684,1.1179137936352683,1.8267313750965284,44.7627
2.3150520426115673,-0.33494614920976734,3.124136274236451,0.032366595206588473,2.927274654008395,-0.09123515435818734,2.8463748172017,-0.2014744700917321,2.799401945058982,-0.2849729326960077,2.7542405777273653,-0.37820055595619284,2.82286622601922,-0.48766720301882605,2.881655754943672,-0.5706869418762182,2.985289140100167,-0.6596476501091499,3.138480409370114,-0.7519570730053952,3.354942696977105,-0.8294624489289333,2.54454574334988,-0.7423673325842486,2.7454692513302676,0.00710267068090177,5.6557
1.2647262628727205,-0.34640665433634077,1.250930293821364,-0.34172261401669174,1.243720840864218,-0.32853933362311116,1.2450195500473091,-0.3340441841698068,1.2502607488040272,-0.32777031171031096,1.2401439432582053,-0.3403661033291609,1.246367317446992,-0.34004475502038123,1.2381420677773614,-0.3437682506552445,1.2313581769737028,-0.34548222646484517,1.2338846015734166,-0.34181912172656553,1.230514201462133,-0.3540338936289199,1.200042615909955,-0.3645055142562626,1.2175091170089807,-0.3650096541318741,5.1288
5.588859841685068,-0.4831254050654689,5.592659586457952,-0.5390855748723439,5.680586821799319,-0.5929143376576681,5.744664232137504,-0.6369245238416165,5.850118087697033,-0.6856597539252893,6.036693686116593,-0.7375420549869514,6.157318788238919,-0.7792656664310634,6.316539585880861,-0.8158295867398093,6.514362412393097,-0.852769231319383,4.9926778636319025,0.03275381313604979,4.952616368143203,-0.10234680492926598,4.972681588438979,-0.19720625405228556,5.159377305450726,0.11766924263814348,5.2755
3.949869847222814,-1.1903839757368742,3.969242874907003,-1.188699307749195,3.9964631726064956,-1.189198023865663,3.971543060323021,-1.1891490915411023,3.9556645181309302,-1.189581092844839,3.9374744862665483,-1.1881394052212593,3.9474209618433136,-1.1892079790357044,3.9643974699820403,-1.1949693573670095,3.9777501278989384,-1.1950236752832677,3.985996769943499,-1.1951117152494373,4.000496755404259,-1.1990909293588428,4.038697964691094,-1.2022447773024278,4.054562440017421,-1.2056836374299107,0.7973
1.0083150747658185,-1.335367070294983,1.0232949623642231,-1.3538127189901328,1.0038855761489955,-1.3432135165318173,0.9965340837121375,-1.3382059796209913,0.996755988193703,-1.3364024976932343,1.0048308763170077,-1.3383209346369738,0.9976985717139213,-1.3628251832477896,0.9953709258361948,-1.3826218170631093,0.9769768881606122,-1.3478641506875808,0.985392576590671,-1.3375091508211197,0.9821870392140157,-1.3452032168624428,0.9861710247213732,-1.3748524910917281,0.9805824085715591,-1.3752807647301297,24.0961
7.133293369124811,-0.933410243641945,5.079860085671657,-1.3655133564322401,4.388760303320289,-1.665726430432997,4.429821419651131,-1.6342726534985563,4.429873587361153,-1.6304270399260652,4.442004488966669,-1.6300835819752701,4.456402443675842,-1.627261984637594,4.461538063269212,-1.6315751247272463,4.465028807297893,-1.63716039100276,4.482413306467841,-1.6352705651332564,4.5153666218813235,-1.6271449348432547,4.564428238016235,-1.6289963753048218,4.611299556524163,-1.6293382119938276,44.713899999999995
4.2607804449419815,-1.9519564410117787,4.261638539341408,-1.919471101739855,4.2522540116977945,-1.9136984593341244,4.261386051509533,-1.9109662801609733,4.276244905287812,-1.9078033317518877,4.271476083276128,-1.9109745966427822,4.26950700315622,-1.9091755938955477,4.28290129001358,-1.910253425369559,4.285454152129031,-1.912493899793593,4.279515656005943,-1.9153449557912008,4.262731196076052,-1.9151379246509037,3.2068352124797403,-2.778887553458247,3.1814594198260635,-2.729247004709614,42.575
0.7526182631321164,0.040536293077022625,0.753172974820526,0.031472070407341526,0.7590627180938359,0.03491857181946919,0.7516814484873207,0.04258409410616392,0.7518333924480886,0.04417308378606917,0.7374762708046969,0.03594109694562117,0.7290188612100552,0.03773088389151815,0.731552274277103,0.031034890027405646,0.7265233994855177,0.03414180292802242,0.7529668053772367,0.031214944084156017,0.7539381539622418,0.0340942815703317,0.7504475597934922,0.05025784273416097,0.7368444069136977,0.06682093522893523,1.0316
6.708373312510272,0.7271808435914385,6.468591241530109,0.7246588276459545,6.210799125716437,0.7189284520998096,5.962922119229799,0.7147344938402358,5.707439356664242,0.710484882413617,5.479568627182253,0.7116211819067586,5.268610284505769,0.7067363783220006,5.065773484868823,0.7016889275824725,4.859345752259253,0.695173027847059,4.6405426277537885,0.6781332923547901,4.458269831448067,0.6649954064104655,4.275018770719022,0.6502987921165515,4.111892822046799,0.636093260410971,1.0154999999999998
3.4469584331697423,-1.8898496895155608,3.934754076178078,-1.1433906040664652,3.0939436905024618,-1.5895437260485306,3.0438448219316294,-1.6289463789441443,3.697050546043429,-1.442150319442105,3.7050390672704143,-1.5537376496418733,3.7554616893266277,-1.6506316211235497,2.871548580470123,-1.9083504004786827,3.0314483881471626,-1.9587209109239023,3.0038529424723857,-2.0441957296901077,3.2800864455071945,-2.1148496269962256,3.143589841248381,-2.1194482715399907,3.217411022856734,-2.1838521081707825,0.20940000000000003
15.824284168328123,-0.12234526525860921,15.812618323351762,-0.12256341595073078,15.830785241421221,-0.1233003988260982,15.825039254611664,-0.12117437809765119,15.82717594297858,-0.11923596113406965,14.257891966556624,-0.13622643914040658,8.538725047687157,-0.2652947420655221,2.540813007680809,0.9774340391718827,2.6160080829385866,0.8821270955220575,2.499888895531159,0.7788075875910102,2.5268837032993843,0.7908549442712814,2.4983600901391254,0.7825112700249077,2.514398522509913,0.8003316615483463,1.2031999999999998
6.565022615345663,-0.5015385676023315,6.565022615345663,-0.5015385676023315,6.565022615345663,-0.5015385676023315,6.287862406255402,-0.5310096434350562,6.050281356267652,-0.5451787369823038,5.912059669861257,-0.5776863395389571,5.723155510730074,-0.6170930257006538,5.495747400490675,-0.6276845841622478,4.658965039576921,-0.830064737018835,4.323506246092402,-0.9552252573049154,1.5523688028300493,0.21296047162844395,1.5819643801299728,0.1362650741021702,1.609063544425758,0.008887273778348154,1.0221
2.1098787121538547,-1.35358223566843,2.090515785637603,-1.3772939880459671,2.0923054485423487,-1.4246477753018274,2.0734611763908206,-1.4727353128074154,2.0821803500177434,-1.5371233314943882,2.0778210534114843,-1.6337885381089783,1.9700653009481701,-1.7311216624115635,2.044969029105333,-1.8211832275323665,2.145708957431085,-1.8251003362162512,2.3979003920096438,-1.8572360869326456,2.6366762751615895,-1.9490419692508363,2.6149412689389395,-2.0528127771448115,2.3338358639801524,-2.2478793731688675,-0.04760000000000009
4.466793680034931,2.356447774974012,7.96407382813595,2.592537900957912,7.8491303569248965,2.5868394731272972,7.868184263221083,2.5905188407623307,8.54155805108178,2.4528548600100053,10.074695577534838,2.548180500973,8.521419103060241,2.4729217176581697,8.376616121083734,2.4891331536491346,8.270022665627948,2.4988944447378847,8.232515079245221,2.503820080666988,5.568794616431817,1.8715687138719985,3.5586216348468382,1.1788044795363672,3.6462817074384146,1.1315828730121356,44.6926
6.257439978138026,1.6570085836250774,6.402649864704459,1.6227825999704906,6.244792400872911,1.601755063113514,6.2902920790691415,1.5490150117784922,6.2296463053691875,1.5218976628573986,6.183958005193759,1.4965036965131084,6.1192046648236875,1.4571054486306527,6.066668611354998,1.4201947582875898,6.008456231845248,1.3803302987742456,5.894261430408391,1.3280849069090075,4.78713624623323,0.7544923602610861,4.732569945600382,0.7194144008121557,4.6115013824133255,0.6582473831378477,1.1203999999999998
5.268465530873289,-0.18268017341776194,5.307638646328519,-0.21801500392277343,5.253451027657917,-0.5392703981863058,5.588696538549929,-0.32282564027226396,6.19587592274087,-0.02325950289213068,6.2184493308219535,-0.05151471845703921,6.153390995215565,-0.11277849319797349,6.139660449894599,-0.15186175732376864,6.057228201083397,-0.20023828250863845,6.646382123381108,-0.7350652117808552,6.048394497715899,-0.26326490569097366,7.563262489825407,0.2824840921558645,5.0007646305340225,-0.16842958535180566,4.0494
5.615660205176237,0.36560895789498693,5.9288485467247405,0.3583640065348238,5.702007289542871,0.3412567305264802,6.167145530956764,0.3169305732636284,6.2497440019571995,0.30286100539809835,8.570888220015473,0.1439826811960532,9.788520791723329,0.09158203012221042,5.696270106833067,0.799860400998137,5.926056605365832,0.7838827780145327,6.010217474434682,0.7101837121169682,6.78134588485206,0.752556901415915,6.638353521770287,0.6873935510201552,6.611905435651657,0.6462748967272165,1.8680000000000003
7.488548973599625,3.1004114903604076,6.999914065901093,3.059255786453295,6.971303993515122,3.078880353621635,6.98301124802188,3.087506515074922,4.061920727931555,-3.058778539779315,1.6402434240075447,2.190018165884705,1.5589518562162235,2.2103973694064667,1.8202550865194698,0.6765684349768856,1.9657486716261574,0.586535253170027,2.1228268747121173,0.5090201887186848,2.3821756946119703,0.4355214593106016,2.6529269213455495,0.3555500694893349,2.783912335185868,0.32855471597333213,10.206199999999999
1.2733269218861276,-0.2567121284798602,1.2953893970540291,-0.29877703728188143,1.3048233596927958,-0.31157155550626087,1.329303953202577,-0.311330795428563,2.444872244106018,2.889342437510492,2.3474122198710656,2.899042022804364,2.3738468231964713,2.929590184238238,2.1783686786216943,2.619628041468535,3.8984909747234253,2.856563194279036,2.656118508274808,2.557453574628183,2.757047696359281,2.541920559655777,2.6544792332960583,2.578041697540344,2.5999544015232243,2.6049659861023766,21.7068
5.877730910819247,-0.008864080894995423,6.3323267548350675,0.025301457086989772,6.476859233455676,-0.004276777284233359,6.665774320362187,-0.013127134053618454,5.33362184636294,0.11065722117389536,5.14303622775496,0.07336880911121749,4.96283496904743,0.03258795119513529,4.718715983188645,-0.05050129762241589,4.425992175772566,-0.07270311145477497,4.202475596597798,-0.12724448602255692,4.031936042399477,-0.2037918536777653,3.8732942168133877,-0.28486399973525683,5.102374108197084,0.005389674013833559,101.6495
7.841780336760273,2.5603242169714906,0.6890265960033801,2.281311616746489,1.034001088007162,2.405794309988398,1.1007890351924823,2.425625526973981,1.1335849063921035,2.4262397895219228,1.133067094218169,2.4193918615607086,1.1143224398709712,2.4299975869526,1.097329777231984,2.4369597178185205,1.0998051145543912,2.4336172882017566,1.114787127661592,2.403276763823466,1.7254559078689937,2.1650035412100173,2.002506988751845,2.101760815917645,1.9875027396207494,2.1088342628391463,35.295899999999996
15.789247238548132,3.0189234814415715,15.822741326331537,3.008020412613984,15.790516004551597,3.019775617001909,15.797509695518466,3.0193897670429726,15.821730089974356,3.0199407280704715,15.818781558640987,3.018453011092933,15.826112263597777,3.018465771637725,15.825483442220646,3.0198233054585066,15.820188004255826,3.021635287367906,14.673907914390082,3.010083198514217,11.28002398446031,2.7675988153845013,2.4078169780944743,-2.400670989616518,2.573608991280533,-2.2582809988665686,0.036699999999999955
11.482799307224694,-3.1148712500591342,11.56822739230173,-3.121968681603142,11.751508945663106,-3.1403587691800254,11.872196253431792,3.1286376536137777,11.887369862589457,3.1181370389973764,11.914206307597668,3.110641462658719,11.985961027802485,3.094019074485159,11.951363387078475,3.095012085568142,11.984845291033176,3.070769092430668,11.96642686184979,3.0593702609845166,11.939487602489478,3.050053910053963,9.994500422232225,2.8875817243906843,2.3734383939761354,-3.1359046724611996,57.389599999999994
9.03715460640128,-2.9976549834982142,9.326820913902017,-3.0045689641150575,9.63026635197594,-3.00803242280868,8.70940962063445,-3.0644385747461587,9.109827450616184,-3.069707224258437,9.480619871084375,-3.071740848734348,9.835367613871895,-3.069331158586703,10.188626484467859,-3.0811158526404583,10.604245354102288,-3.0969919515751783,11.034113497694326,-3.1088519590408215,11.435568077275391,-3.114918318752926,7.876063182199589,2.909840406477404,2.9673370216407875,-2.830605831413072,45.763299999999994
1.6234373686717944,-3.0995090070339164,1.6234373686717944,-3.0995090070339164,1.608902809370403,-3.119215289062547,4.401309606242205,-2.9282221609979504,6.475083404096041,-2.932981280305243,6.737966272548417,-2.949706912388492,7.074759690618479,-2.974478091269851,7.435110690500846,-2.9846229886939586,7.801755804945445,-2.997407986918582,8.102962128135612,-3.0100890739351045,8.40294616072244,-3.0165129006208065,7.0681843382866,-3.000351866648659,1.459202007948181,-2.635239652740268,38.156400000000005
4.5225415564702125,-1.6618665989136774,4.522578256923813,-1.664352911416649,4.511316341158085,-1.6664352510888027,4.522315080796564,-1.6674681896830168,4.514414080476008,-1.6704870206223774,4.541984611378603,-1.666959765374725,4.517951474949682,-1.657959381422526,4.514630766740506,-1.65920215890274,4.501883243710348,-1.659207842727975,4.502046566840462,-1.6603642457287424,4.491433095349411,-1.6614259778513643,4.524197587418125,-1.658016239251357,4.52832945908312,-1.6578034502701273,67.6502
13.938761725490545,-0.33936106273926836,13.948689891885907,-0.34010585357191847,13.946939054860747,-0.3396863590644518,13.951537131800206,-0.33960790391551315,13.946582565273827,-0.3401517156464859,13.933292647468507,-0.33949963235813635,13.951315243015626,-0.33960592094462444,13.94915340585227,-0.3406720928603793,13.929911440493795,-0.3403848991733704,13.96030993495489,-0.34191665669728666,13.952305322418944,-0.34098745126699154,8.096896598697555,-0.04740628108499707,3.0684115711553437,0.25278025964385115,4.6968000000000005
2.458428050604701,2.6800552066319496,2.266815056417263,2.5412933312367674,1.9523094887850148,2.3854636130969893,1.6629457267150967,2.187305905292516,1.477024647729344,1.9287587371402057,1.4038069454166384,1.639449420121085,1.5645875271137788,0.2702489110835185,1.8274459581612807,0.17729371995514528,1.7083701296850118,0.7858120706585803,1.984292289457378,0.5836556556397533,2.274789001204292,0.44850916664579477,2.635522545910018,0.3332815359170967,2.8345877460399795,0.27730140869825365,16.8433
8.986255921683952,0.14596206646648394,9.276450265591903,0.13882819066584046,9.56017094460136,0.13436598706747452,8.748110598294915,0.08299314168360268,9.059010491770065,0.07236684974098681,9.429383348872816,0.07148653854136376,9.78528305569133,0.053657304286037044,10.093898474325957,0.07178814371260067,10.545954874263403,0.04661294311925355,10.970876731145975,0.034096862765372125,11.375748239126954,0.0256714607974616,9.6417232510584,-0.11548489231066356,3.9050796253085616,0.11064590959649659,-56.434999999999995
2.6764189003218415,-0.16355776966590874,2.8425809293668345,-0.21897802005335262,2.952638326988254,-0.23395498311460347,3.0861939926064266,-0.24901806086350445,3.225714843255682,-0.26216000733388717,3.4536360810021725,-0.28357752587751195,3.395405863810684,-0.3234828478618647,3.597728206799392,-0.368660547084112,3.7378293767907556,-0.3821507856297622,3.904561856341891,-0.41444592487587195,4.09396766596904,-0.45441693388224474,4.086061568307554,-0.4752165809132677,4.145331240082024,0.10384532654814363,-18.053700000000003
7.099166989161475,2.507391361486436,7.176618204279786,2.5139130269740266,6.985271432091959,2.492975042698476,7.275791685445649,2.51765080098638,7.1066606180399505,2.4859871113320247,7.08848930590997,2.4837466706064166,7.145348696879665,2.48663768957659,7.244540184856456,2.4881197321772706,10.533149763484808,2.6211783009913754,10.440847400474736,2.6202511584047845,3.3005750907985716,2.6310599209243763,3.60341027916611,2.6299711470750373,1.1995091037587007,-2.897665408479358,6.688700000000001
4.325503583399279,2.9826771483331025,4.341558338891696,2.978719746047282,4.355771171675573,2.969593604933129,4.221826230436302,2.9602519108714334,4.185670374026125,2.9626024530964927,4.4802851516393485,2.999607216263419,4.205751596326158,2.9534067399463253,4.20475198436246,2.9756620085125265,4.409310188680309,2.9498457962694857,4.404820006538289,2.9598832166178664,7.90491745244693,2.9327770859101654,5.119394776728981,2.8021006701844704,2.3900217655912632,-2.2726060904786904,1.3335
5.166409593712064,2.798497102502087,4.775588026620385,2.756031297564273,4.604859808940989,2.6924258062797026,4.281534996937432,2.6405217121276325,4.092568544325193,2.5805586838701826,3.8955683397933067,2.5196869915789923,2.234699595023907,2.477810023629671,1.9509424517396723,2.3402825407517307,3.28044056949672,2.2602342509993405,3.072839107405401,2.187550249450427,2.9369598107566963,2.083936963808068,2.8861967950921192,1.97703475430485,2.7790466152981304,1.8945154497845966,-74.3832
1.6271269557105985,0.04038889866628135,1.6271269557105985,0.04038889866628135,1.6119385844379952,0.03412703063186929,4.40583451005595,0.2156334747885327,6.432480184967536,0.21101515656319914,6.684391893059525,0.1957760235382411,7.035513232167222,0.17024738354627114,7.394153652717801,0.15821617137837127,7.759218416825235,0.1464135315655335,8.030597529449475,0.13567352892735804,8.348294676159913,0.12610817968780033,7.453502280807325,0.1366697453994337,3.7138140839304192,-0.32313848446650695,-29.1789
3.864098219507368,-2.8015176790076937,3.9338054095239623,-2.792104944368894,3.954212176907056,-2.7901359877357454,3.928807190484155,-2.7958378221174423,3.863565090690203,-2.8028413060208117,3.7600675791799283,-2.8046191184387537,4.096297747967063,-2.8414747872493122,3.8074491670933757,-2.8184633854274375,3.832221712009892,-2.822688978493035,3.8726569948809035,-2.832727857604769,3.895019554508034,-2.8339935915293615,7.244371377835352,-3.0967842642096692,5.079875047675875,-3.077669605228913,101.1697
5.891370081738203,-1.600335348146698,5.837512901912938,-1.5495870748225773,5.93472082241448,-1.473756643986007,5.996281200877757,-1.402735978540249,6.144609758967613,-1.349451320280226,6.353500793263504,-1.2652373792925329,6.386967453338088,-1.1773661519314886,6.503734696311035,-1.126747308517167,6.592183117147157,-1.0903914575646176,7.419710464701429,-0.960502076948186,7.894789740075416,-0.9108329847521509,7.991376207512696,-0.8821111542662037,6.22303354402015,-1.0517777744999384,4.0692
10.080790065267701,2.576700052553651,10.079246878611515,2.5630945464955595,13.665933985644747,2.6343321015995245,11.916482370229899,2.525885203168995,6.6661785942172305,2.5899072056679766,7.016677810046576,2.561985740210796,4.247082896530279,2.8271166747051617,4.354810976380029,2.8607506859883887,4.264524373244921,2.8111438291259736,4.588244946599954,2.7198984439143175,4.719717029653366,2.665569814037698,4.606185242692694,2.665148259932379,3.6797883553269783,-3.134662851755299,26.934700000000003
9.393503952200161,-0.9207055100171597,9.425896245981061,-0.9219185150481333,9.499208608089416,-0.9209935987142602,9.380514511475367,-0.9255362517436092,9.388263137556377,-0.9242637687151161,9.433414466671126,-0.9149875926391969,11.406302260154252,-0.8748176767646969,11.184392491324681,-0.9032522575164394,11.30438874287327,-0.8520711809891927,11.342491537576741,-0.8825917361757508,11.14979647033971,-0.889089711246466,10.222108014005721,-0.926043029771212,6.8487971418344715,-1.2422629441050033,1.7184
9.211472590199675,2.4008551070511173,9.268673523757323,2.4122435534096005,12.447249876177468,2.550622078187092,12.364860200584559,2.549160010182766,5.323594283000913,2.4424650861781996,5.5856255021259695,2.457834508057539,2.762092730159505,2.581458272772528,2.9219122659655605,2.922871737873255,2.9703858065914566,2.8981490340021443,2.9414372762307917,2.904282362103515,2.9609497884969245,2.897809897594939,2.9600757591656364,2.91066641076204,2.7651612412298823,-2.703307258183549,52.6056
6.91679699571991,-1.8503907919476321,6.840399702502771,-1.8435657107013936,6.705089047134271,-1.8418397751272915,6.532840577421126,-1.8470732676415085,3.9154836942579623,-2.1359741740095046,3.3664070772858135,-2.251800206091267,2.995749739213872,-2.3183723994301997,2.580877999828744,-2.4199378027250305,2.218191646364217,-2.562305052904341,1.905891195740195,-2.763814383900428,6.009440933231642,-1.8135794531407956,5.845338335802298,-1.8073893291651448,3.418348261953429,-1.0034523432964884,-0.5792000000000002
2.576287221953332,-0.24588242195370108,2.5753901529671186,-0.23266035010226016,2.5675168723885786,-0.22846576131633833,2.576676588165467,-0.23341957257569043,6.347551535040899,-0.25859306425867146,6.2288094600814325,-0.2548028073566534,6.228872091317971,-0.25285965954922823,6.252594943701378,-0.2420655604285387,7.782096624946264,-0.2749459925923034,6.549410136798585,-0.3749066329836232,3.5463113639385977,-0.4044437692533841,2.799184182936163,-0.24733541233547177,2.8561385540621056,-0.23714920644222964,11.543999999999999
6.019390013115948,-0.5613305867055723,5.646853223699028,-0.5893631135136386,5.426229587844585,-0.6290117198465558,5.264177916826142,-0.6397056352575344,4.965289559532254,-0.6931137330785047,4.780531428617539,-0.7383145837725215,4.574556223285487,-0.7775457309676883,2.529332627394035,-0.193146535254288,2.5291018741837945,-0.21233880359324853,2.5274296983299047,-0.22415353987072287,1.3662054384315694,0.12409171003306713,2.6209262370391193,-0.2417675843361872,1.7192666837928365,-0.4512136097260335,3.2266000000000004
3.8374874970480346,-0.247873303734196,3.8374874970480346,-0.247873303734196,3.860231579840769,-0.24729078320801498,3.861335096828562,-0.2510399943875265,3.8693824481433734,-0.2576091612790389,3.8792270686310664,-0.2580335516681234,3.8710592917184847,-0.2607554826854912,3.8634260197394754,-0.26047901009015134,3.8762849288977703,-0.25970170218215644,3.8879064096245908,-0.2617290304892962,3.8681482249262387,-0.26114360915067497,3.868059421725576,-0.2568171047372158,0.8086496212822962,0.8204699607879601,0.9453999999999999
2.112077517516817,1.785017936001634,2.088665901957517,1.7571589524813058,2.0927743810549684,1.7101052170751774,2.0595720186485345,1.6582560279850602,2.082650169855706,1.5915886426126613,2.071741125237415,1.4913108434651485,1.9784019434887345,1.3952603552176404,2.0674973010865068,1.3188025399583612,2.225183605907613,1.3334474423651879,2.439867055804474,1.26544199559783,2.6162744905686024,1.1740000056605313,2.623806633500268,1.067936418449294,2.434272985924131,0.8934634702374729,0.6924999999999999
5.77143117259488,-0.13656012574075693,5.4478711236592146,-0.1645300542170115,5.075197976434025,-0.14961578889785737,4.656850043752754,-0.14151137517453535,4.230784751083419,-0.12905748969222694,3.823469457181529,-0.1192845441865229,3.4285585221780908,-0.09742524789929062,3.0054607367257358,-0.07593486637491732,2.6569900507905597,-0.059425481752490926,2.2494569033435616,0.007112887956265932,1.8490001325040497,0.0947876235542066,1.4391817953267712,0.23921513531819671,0.9956789141083554,0.49217278359262434,0.48439999999999994
6.961456218349721,-0.1809481732272103,6.673229786242943,-0.17841533455987055,6.606636106976082,-0.19540965085591377,6.083386360408153,-0.2062127637529368,5.807736327520384,-0.22372082281274094,5.5150287252198416,-0.22808181164985541,5.1894378240807555,-0.24481508573752261,4.826936983222376,-0.2746685267700669,4.431352855505868,-0.3186320539692979,4.269060328690615,-0.3342472184314468,3.6809398596010796,0.3978108380141972,3.726162676266296,0.3804017224730573,3.7626741687262815,0.39914769133230554,-8.699399999999999
7.169546212278716,-1.5426178718856598,5.99496838440371,-1.0130085905108657,6.339085165857929,-0.20642946441101634,4.536669916359355,0.09386290006128484,5.404780582040313,0.4260149939308135,5.55407345018051,0.3960237565457146,5.0348797900247835,-0.09218833310826721,6.086013830086165,-0.13270897311119803,10.85313690413974,0.31399420928474325,10.962933215613418,0.2888697799095117,8.882465879472885,0.642350527142467,6.7109303632208865,0.9763423598308295,4.223286667987386,0.8787926366851946,9.138
4.769823381426191,0.6080122621834954,4.653812558537353,0.5906725218137989,4.542955179175778,0.5790402568227824,4.458432824435062,0.5508247718604238,4.298019461333329,-0.23835941981659262,4.37518115967785,-0.3393293816303212,4.480323748346763,-0.4408274050629737,4.64878463687016,-0.5491775494767018,4.87235057133618,-0.6470435542405902,3.643227670623952,-0.008371795296846823,3.884026844654911,0.42167763977415834,3.708775610629467,0.4158425408392157,1.614213765273979,-1.5353536992028611,32.783300000000004
5.980529737406209,-0.2714758253216398,5.581508249568384,-0.2992220925037351,5.182100828814511,-0.31631947336098865,4.79575426392971,-0.3338308930961462,4.401669279943693,-0.3496075684641986,3.9209912687992556,-0.39814388882736623,5.39156590333458,-0.5622069877044809,5.044863749398986,-0.6186019271302241,4.668059633295187,-0.5898385104380655,3.693070252513477,-0.7649670484393223,3.3408855487729623,-0.8543456660407972,2.8660831425483826,-1.037234231182012,1.4088017958534846,-1.5136244300606494,2.4321
4.79542069583055,-0.6137600217022128,4.6154235656112865,-0.7374725604399199,4.22605995461494,-0.7962407490954058,3.719098412249932,-0.8829365914451167,3.414419180475649,-0.9716569874024154,2.8364234169108116,-1.1912850654291132,2.5816158680175447,-1.3790451024917119,2.8951114831729696,-1.4702856198894965,3.0287634572544593,-1.6256977821974523,3.0601992435134,-1.8113287783153287,2.408190625760346,-1.5582139343590717,2.408190625760346,-1.5582139343590717,1.7511930219139191,-1.5559487600312298,0.0524
9.018436956590651,0.5240189852983883,8.611399203962153,0.5472007113617982,8.119868030947293,0.5878113245079358,7.766050558681678,0.627368657251352,7.230083184168764,0.7334720305956454,6.935803737851874,0.7866521515460105,6.634791864105462,0.7837568987515899,6.29351708427013,0.8396134331242463,6.29351708427013,0.8396134331242463,5.584889514574122,0.9835336692799592,5.374440715088407,1.090755379551516,4.9563507240710925,1.1746471976090649,4.935243712320596,1.3116884095958716,3.8314999999999997
5.520575340487623,0.19616285651860368,5.354185586062551,0.16359194541702526,6.788286325723158,0.8669252126293496,9.079764382956201,1.116925768086716,8.287289600949155,1.0430606237988027,8.366576954764719,0.9974099770673277,7.0303359023591465,0.9913900878523536,7.049917959806341,0.9088599167104897,6.583031664058741,0.7749036672203201,5.2032914707903934,0.36322893142138424,5.088344998130537,0.30131504408045023,4.132225096724527,0.15991697658912163,3.6647638723388476,0.05099400393527747,8.466999999999999
8.024232844328486,-1.4270733953834145,5.556860892626344,-1.7571027207000722,5.5566406695052715,-1.7956999782433423,5.763952522358246,-1.7727580028105328,5.767349750101864,-1.7757001619140484,4.546066419444392,-1.7589900496914965,5.703050784448616,-1.801846833146634,7.018246166244103,-1.8757169433755079,7.559982350508504,-1.9082920302925055,7.423457482871443,-1.9057101816954527,7.378485024041181,-1.9094123386495372,7.235897269171254,-1.8913537990153801,3.9836417710431724,-1.8979131015517507,-0.7307999999999999
10.050854786534325,-0.564542216062454,10.264944580464135,-0.5834471587609226,13.60217406446484,-0.505618957790805,13.586517968191853,-0.5259155056642539,6.590728751814932,-0.5469612733345923,6.992102065187545,-0.5771576526986621,4.205910737283899,-0.4629458323448242,4.3908199621483,-0.2909354328768181,4.25833230267437,-0.32382986225696725,4.539076462233263,-0.4069948538991987,4.676024416103916,-0.4649196174196742,4.6603192218988605,-0.47938602821105514,3.8484697270473607,-0.13815615791931835,-50.3526
8.60695257393696,1.0205433907021568,8.875374338020903,1.0435361483543308,8.72903023766099,1.0318523109786895,8.624628147926149,1.0244213083267915,8.663358799564984,1.0281220768537884,8.671181166369442,1.0316386629945407,8.687929770089074,1.030524875533375,8.855159025110728,1.0428340554322464,8.875376413989438,1.044813514923654,8.829919144023908,1.0417566804235574,7.738009481126268,1.1513700636777664,7.627923865639985,1.2561763675168072,6.66367606805733,1.268997368461428,3.1284
7.562218606335047,-1.1248022926630503,7.216524755032717,-1.0814218132846725,9.94032587393391,-1.2673581374097442,9.472954040319207,-1.2358427404140393,8.994751596903601,-1.193923452073471,8.553499430057848,-1.1619439219906058,8.014450120251544,-1.1113114775688626,7.479689234186138,-1.046555932013239,7.209819807040954,-0.976142491064053,6.877196452770561,-0.9094381555506628,6.366822361272538,-0.8266135276394146,6.179168287884705,-0.752377961812955,5.863980229332296,-0.643780782318303,-27.5485
1.3879849711001875,-0.49980671911769975,1.4174516005846511,-0.49248879831604697,1.4362877323154941,-0.4850713449681987,1.4256545724683836,-0.49960423144301386,1.4068328436598345,-0.48100510003455355,1.3339159268859515,-0.40443897692909647,1.3240275676888293,-0.37503658594024364,1.2402715912250828,-0.3404151893761799,1.2120654932799653,-0.34069301993102596,1.2344554831989685,-0.34311657589982275,1.2242848565591238,-0.36849330315329115,1.2424806155429553,-0.4311036435581611,1.0828440053858144,-0.2838938465662879,2.4325
8.43969484045484,-0.9898263721011744,8.184479683522957,-0.9518123662672433,7.848400339559645,-0.905994999676997,7.98697458115399,-0.8203224782733359,7.363878538514882,-0.8131045422518336,7.0938388380340305,-0.7544528622438849,6.916048872007772,-0.6963303957045242,6.718853733338748,-0.6302067829074388,6.581090259979724,-0.5602180415614865,6.420532791754907,-0.4882587308332248,6.300582710353071,-0.41333014953974245,6.129568589223873,-0.3527253095947537,5.985135077005364,-0.2822562986979088,2.0885000000000002
3.6584034782948693,0.05729676175621539,3.4765458403421077,0.059951699409445676,3.397861487759621,0.030317828187076797,3.2490942799494134,0.07060137410198822,3.1547590209079366,0.05937380058343126,3.052663795769194,0.04177895358207627,2.9325373467357636,0.0819320255136729,2.8238155906503484,0.048464059400477266,2.7302355209761684,0.061939018399427,2.5986171187768368,0.03841448933198965,2.603601359655506,-0.1189621566759684,2.603601359655506,-0.1189621566759684,2.402540582383571,-0.1401017243966288,-0.6452
1.5513475593818393,0.31084486099314296,1.5417189692028805,0.3140792247399056,1.5089137284815175,0.3033909171971188,1.5089137284815175,0.3033909171971188,1.5232321031280847,0.3109134584198322,1.5160410449588786,0.3053756751577354,1.5218598785696407,0.3404735569828697,1.5717865567563565,0.17890318397041138,1.5852934270979617,0.09919790183549919,1.5702004362500972,0.08448459912616742,1.5771543615004864,0.1004762131034875,1.5721102060606333,0.09843443684518334,1.5307080877815957,0.25424792704145055,1.0761999999999998
5.896913301889389,-2.2425498710964753,5.612619588035518,-2.243172102106837,5.340644456430329,-2.249794988965753,5.121610990694235,-2.252572083671133,4.8701194934005425,-2.256222445788808,4.606292249738392,-2.272172356263469,4.353704209061519,-2.2812836250482373,4.082810827114086,-2.2959741674201624,3.8305026093190433,-2.3180101477709503,3.5846564633169535,-2.3509473690576934,3.3226378511658496,-2.3724329793062497,3.0450487828604613,-2.413420336356094,2.8044269717715986,-2.4636106468113286,-0.10139999999999993
2.80592655997979,-2.258867882988199,2.80592655997979,-2.258867882988199,2.80592655997979,-2.258867882988199,2.6690596190418834,-2.322674909125868,2.677131815955274,-2.3378629463731184,2.6917257011070053,-2.346605922904222,2.7076220452640736,-2.3425618203805523,2.7038652703121135,-2.3409736120647535,2.6745336658939256,-2.3444290829636247,2.669479529796024,-2.3354259633958683,2.653842655471497,-2.334290845959191,2.792109002170227,-2.2605728886599517,2.7326722983189944,-2.292314917667643,1.0311
5.84627078486791,-0.8670940120301365,7.185147843294532,-1.0906789011890239,6.579654760699835,-1.0143122869558399,6.1075250715817795,-0.9244298963302398,5.62895203212818,-0.8289265420453467,5.248335974382739,-0.7171720127736556,5.944340286356423,-0.914321168758655,6.007652627274655,-0.940358928098257,5.348449250016312,-0.8128479525534604,4.97658627776109,-0.6748570545318766,4.634435267645882,-0.5199356441113738,4.4004685773221945,-0.3471925510806116,4.380880761901646,-0.142461980700148,0.36960000000000015
3.558903158277843,-1.934578975396229,3.604155737478614,-1.9540385553732136,3.648810684318934,-1.9563155886521548,3.63577364531952,-1.956256951130872,3.754579269372272,-1.9613874347224316,3.902909873414967,-1.9558036631593585,3.92586807343293,-1.9682796519735801,3.81402122962104,-1.978566238890343,3.908222088111162,-1.9742064634507523,3.84051666966829,-1.9821124175602838,3.8756416346199996,-1.9763928154975448,3.6944837257727907,-2.0118058374661283,3.617466898259053,-2.0394631795718823,0.7306999999999999
7.140753383922454,0.6031470751805541,6.830692372666187,0.5889730276310491,6.754764968524065,0.6185353966632777,6.413859699899896,0.5880458458558144,6.061990823153728,0.5632068846686924,5.755675280972682,0.5384410159178752,5.400840497552211,0.5101342042145772,5.072799251892388,0.4829997470852042,4.738348726085917,0.5043373658720541,4.370279526529168,0.46904046100909885,3.9728529459319284,0.3627625415479995,3.59406857057569,0.38446409237537643,3.2229156116783417,0.3681183646132979,1.2697999999999998
5.7360968210099115,0.9049122763813872,5.435919576299854,0.8940730159073202,5.195131491117426,0.8896973215961423,4.965745045811352,0.8867302599253735,4.689686263493543,0.8734916785108195,4.439828745571167,0.8643638747281401,4.165748342134939,0.8512211119326872,3.9107760150640147,0.8314848231375411,3.6683248738354703,0.7977351246922437,3.415798966566971,0.7748404238590603,3.1332851593814404,0.743794103833412,2.882280614374669,0.6930724476877911,2.6823132889355064,0.653470280939788,1.3007
5.134311642274944,0.9951967910187942,5.029030988172574,1.0237815068886202,4.826904658267038,1.0189146869232075,4.5511756602003395,1.006465153879301,4.275947601409537,0.9926465478093381,4.051439645360648,0.9747430729296382,3.781814696676714,0.9504607727693518,3.519088548189715,0.9194408307603553,3.280692463489988,0.8880007172913351,3.0075039617596513,0.8513720237981576,2.6330724885578074,0.774360609765527,2.3127534001704504,0.632760457584396,2.1001179704959414,0.6136126234799657,1.6437000000000002
2.391347109894339,-1.7193761135442347,2.3646400360308526,-1.7384131050137068,2.11560410757778,-1.8097333561625337,2.1020633339649883,-1.7936087171894914,2.1372016470141513,-1.739668063930513,1.9986482031613286,-1.7599493445788585,1.9955888955393601,-1.759936708186552,2.01472039995628,-1.7593823566459748,2.0948692083278115,-1.7561149529972755,2.0256652067901033,-1.7618697812486088,1.7663159088905922,-1.8524866205291683,1.8307272462057245,-1.837503498438173,2.1224869281105154,-1.768838681224995,-2.2416
5.09014529163952,-2.1474598056311365,5.00263243203016,-2.1176779664960517,4.78166956616619,-2.126567008583072,4.51247159991063,-2.136492153224652,4.239306551784147,-2.1512359063895503,4.006675674421378,-2.170996148936155,3.7406590248243647,-2.195813008934532,3.5677053199500626,-2.1930496875168717,3.234117654013222,-2.260942212773578,2.959516786571754,-2.2971692868061515,2.552648933950772,-2.4066315136270826,2.2793373817844524,-2.5217409725187685,2.055192324333662,-2.554183834131901,3.6356
4.144662260064139,0.628565681614071,4.166888568224499,0.6245457831232394,4.163022710723541,0.6233797551382421,4.16197335166865,0.6239754759351335,4.169858266176441,0.6241803052641814,4.153342057909509,0.627344741627118,4.130322806997054,0.6272885906494184,4.120620469055605,0.6212453414266167,4.127457266889624,0.6262063062253417,4.138238471862147,0.623370411400288,4.148629562879765,0.6247468286911271,4.175345045621973,0.623381653647804,4.147443639158942,0.6240614044879049,5.0163
23.29482241808252,-2.7620468457957865,23.481961213663563,-2.750845238079133,23.657021624879157,-2.7405129057739623,23.863160839461315,-2.7273657838153067,24.046647585266435,-2.7120338872272467,24.096084929506706,-2.7055875147454627,24.055094801933333,-2.7077735051592278,24.14305430905543,-2.696912382006959,24.195639678669377,-2.6891479651875763,24.314655421165238,-2.675084966676928,24.336433106764026,-2.667238807683871,24.336433106764026,-2.667238807683871,24.520204131287326,-2.656469294979602,1.0718
7.165394245259639,-2.2706004248390546,6.4901187885893155,-2.124758832146466,7.488672425069751,-2.363493492795165,7.632927450198913,-2.405257259089911,7.862465844758886,-2.441682374720712,8.07580347581589,-2.4845221998792635,5.36980348336883,-2.424577594417505,5.105724295337537,-2.580063961215125,5.3122333853098,-2.5836099138782074,5.344227768349697,-2.59342644522074,6.256331552915017,-2.1441381083491806,6.197419082973167,-2.154440021458122,6.288016704812414,-2.134007850753845,-81.93979999999999
4.123507061955884,0.22234363985478814,4.123507061955884,0.22234363985478814,4.123507061955884,0.22234363985478814,3.8488407007825067,0.1408976207930282,3.638568291237639,0.036836001957303396,3.500723816584222,-0.08528573614708763,3.379209003598329,-0.20896241388886758,3.356516219236849,-0.3563053708505011,3.400288367183,-0.4896788031599491,3.5302666882262606,-0.6198576326021505,3.7267199908230317,-0.741497267541787,4.0064604690424686,-0.8407919156989634,4.317936508333579,-0.9300604312448635,2.2785
7.482071361594996,1.2367548779026754,7.457060312214192,1.2440417854979438,7.485144210367628,1.2484416347621548,7.4482116705958346,1.250111440075328,7.421708879361948,1.244874389691263,7.3735508766129785,1.245902167123866,7.300211433924364,1.2568083674001795,7.135659062062873,1.2603245725909105,7.219019549080052,1.2624285407414582,7.416871277027798,1.2692908588607412,7.573349763479829,1.2835258096755249,7.6798038575213665,1.280967130986577,7.636001403876241,1.2815522178005405,2.6242
6.277287218217754,-0.9867923057389604,6.277287218217754,-0.9867923057389604,6.277287218217754,-0.9867923057389604,6.225263620120836,-0.9675517755618114,6.1578079646900346,-0.945919805008557,6.150081953925495,-0.9191911722470129,6.088246720526363,-0.8959707340243961,6.021359190415403,-0.8751670979396167,5.986351763804062,-0.8554769373406231,5.8639016200819745,-0.8290763853202513,5.820889837473307,-0.8037179856862872,5.782396064781452,-0.7821575755359395,5.814214584963297,-0.7615346618447588,-1.3558000000000001
2.246630652777623,-1.0958817011042272,2.2453650772201854,-1.091831800913817,2.0454012051428943,-1.041486642014279,2.5198523151168994,-1.1360991157490348,2.0757772616540535,-1.0415636687718568,2.4229626575744008,-1.1134980732018123,2.4368161892108318,-1.1154257325089905,2.422722340673813,-1.1122988393174833,2.438885983394878,-1.1178942881971026,2.426114855071786,-1.1186329306613152,2.438134887572876,-1.121162805886297,2.4280339783454425,-1.1167266160989822,2.831595147615564,-1.1732777386203328,-0.231
4.324730828618126,0.9937667886244079,4.323242131780266,0.9939566231902629,4.312136883263334,0.9948537309452194,4.310418599161801,0.9937646160408252,4.314916482389895,0.9919533308068343,4.338671249357343,0.9832539841572127,4.310812127662255,0.9919684860736141,4.279605762216888,0.9959629664220153,4.307709099974141,0.9913312240228118,4.320352691621373,0.9977969311532829,4.346309608161848,1.0028195120298957,4.409011056915144,1.0133389888606454,4.379775899518143,1.0146390060840902,0.3265
4.478788650963561,-1.7406984656228954,4.399019099753945,-1.7305559735694145,4.472117047886828,-1.706833622587118,3.6408905133222556,-1.7564867806662194,3.746663673189788,-1.7383407872519119,3.300632278821742,-1.7563080574421657,3.2284538791811785,-1.765743814460325,3.1135050409466185,-1.7698925867020072,3.150997126307798,-1.7621235089954876,3.1881312708230816,-1.7553350128195848,2.783213340726865,-1.7834831541958154,2.6549908399088684,-1.8009207982140374,2.5555507605993664,-1.8112954389913374,0.7168
1.6179528855933967,-1.8605659236835663,1.5946377770515783,-1.8737859424666303,1.7844276617447972,-1.837795466086792,1.880785607133359,-1.8225451489112663,2.2242914782015415,-1.7844864532411162,2.166072780402357,-1.788809295356593,2.1245183783624944,-1.7984560087985626,2.1762608598235653,-1.7876311530853555,2.3325598663271214,-1.7648035511584077,2.3703822750771644,-1.760853130564565,2.340658697888267,-1.7649074409772312,2.396790163948442,-1.7521126813219927,2.2266649253985213,-1.7725516712411835,0.17370000000000002
8.925895775775112,1.333230289368849,8.925895775775112,1.333230289368849,8.311282640483357,1.3190008144211105,8.378285889130305,1.3212670035030072,8.058785580966898,1.3084274320547236,7.456273063669273,1.2967337744475382,7.10398077770485,1.2768128245110917,6.930700121921307,1.2728288603371016,6.675859682467867,1.2727324100213406,6.444627878318498,1.2650280401415142,6.10056646959936,1.2446656329791168,6.10056646959936,1.2446656329791168,5.723053109136765,1.2251125118303692,-1.7937
1.5060369351380445,-0.6967786559369631,1.5443919612585395,-0.7856270906403703,1.4698791923147951,-0.8384363404751684,1.7429705706064003,-0.9541950722004474,1.8246378517393536,-1.0088043384949903,1.838038938651736,-1.0350421032941142,2.3542192973467873,-1.1233912334238632,2.0495420195741296,-1.0850867341568924,1.8807980460432192,-1.056503999125987,1.8447487986173092,-1.0473067111161154,2.227104797713838,-1.1433215714944103,2.3942330066223736,-1.167873398165738,2.4397556926872817,-1.170834426729886,-0.6255000000000001
7.335410368888711,-1.7941496609253065,7.335410368888711,-1.7941496609253065,6.527117588185461,-1.8184355167170458,6.497506255479867,-1.8196831884807698,5.838132298946298,-1.8517052627138253,5.294992397539395,-1.867777617126674,4.98612186473616,-1.8930225431185639,4.764863298144029,-1.9057874043158303,4.362649416352406,-1.9244240472922658,4.099241983586722,-1.9433751346891934,3.7928119238897153,-1.9782534439062935,3.7928119238897153,-1.9782534439062935,3.533872946216372,-2.0069790118018203,1.62
7.232221661426037,-0.7120427087869051,7.232221661426037,-0.7120427087869051,7.232221661426037,-0.7120427087869051,7.174731889067351,-0.7552751540271769,7.235302280485591,-0.7749115319744289,7.053744119260355,-0.7898891811817575,7.210048682221224,-0.8094478342406022,7.704204873963309,-0.8775122215510461,7.3858121266384815,-0.5866507404887652,7.022530452764159,-0.5745425312491625,6.619868830271491,-0.5330904450684515,6.470053063151798,-0.611984557998929,5.779581895777584,-0.5328557340725409,-6.9531
4.8185072636657935,-1.4918517542855705,4.154146307004606,-1.495257740046834,4.0672624134668265,-1.5007903903523883,4.121761304345509,-1.5019607029948305,4.163699303504037,-1.4990918757042442,4.210857880527435,-1.4999676935562687,4.19882644199543,-1.4973287926088237,4.696150598096275,-1.4959417876836358,4.591527941764048,-1.4940144131752788,4.440908240439111,-1.4975476153104317,4.7459949357326545,-1.5068673449802614,4.530081444080228,-1.5074659563410677,4.109283210001471,-1.4983358799366244,-0.3581
2.579216030114575,1.6919821790145448,2.6262373540866393,1.6956330578228538,3.0450304497656493,1.6938641425235805,3.2145359136273437,1.6981571425966986,3.148953757996456,1.7055660111736355,3.197143489116495,1.7059211563750878,3.224458704961191,1.7025793363029769,3.1192327069329067,1.7059197565443867,3.012975701860207,1.7088726647572432,2.9186243146386617,1.7097327888192742,2.948383265452444,1.7140076427848945,3.6111689810918564,1.6865574635761347,3.5559226496086778,1.652017848017649,-6.6957
2.484266982431638,1.4461717204956017,2.4918247008969145,1.4398757423707007,2.485025402284652,1.440002528320278,2.4842523643945684,1.4338690310599387,2.487383802311175,1.448151721077869,2.478474710381368,1.4460009381238386,2.483667920636736,1.4491031450877256,2.4877808283689298,1.4521799713384693,2.4953345667465108,1.448181066053126,2.4855665933545197,1.4436418266070083,2.4880910915800487,1.439880845689649,2.4695732303375824,1.4566422411293023,2.4678691132229846,1.46320880431195,-0.0294
4.344258377444877,-2.5109364378945225,4.243474774285812,-2.5594854836424283,4.0808472514908,-2.5692495615107047,4.0138233244625985,-2.6021302380195412,4.055458357571929,-2.598530129249996,3.927159525662283,-2.607636340553509,3.8823872977847027,-2.6714713010661755,3.8064785668646506,-2.6647155678212564,3.7719815071126743,-2.6849521149389726,3.540186199905311,-2.7004074970851275,3.598208493125434,-2.752312851441816,3.527570841244723,-2.7534742946300965,3.3462798881743323,-2.799607992334978,-0.4245000000000001
8.431540519383157,-1.7785124530621794,8.424528863978093,-1.780083172715144,8.43277272609668,-1.779548242414736,8.401598600266503,-1.7836453801045995,8.396002807288713,-1.785459180934011,8.421950313911857,-1.7807551806940283,8.43094369213791,-1.782735469743155,8.461409631970312,-1.7759333205489733,8.440999346641368,-1.7813402490762642,8.467849522753694,-1.779841674124631,8.490101021778242,-1.7803332231157345,8.473813716385322,-1.7809953791220752,8.460648630572011,-1.7809527123481488,0.023299999999999998
3.062656745376473,-1.7468795436752438,3.0590627666002526,-1.7024254537539345,3.037644488744526,-1.7288118553642267,3.0134940583979923,-1.7112948859290398,3.0100682068684104,-1.6916858377242199,2.811895026490143,-1.7012562839165457,2.925480249463327,-1.6926159136674686,2.9818850967131505,-1.6854717620963446,2.970359084353271,-1.6949383581499295,3.026685456072367,-1.740708580049608,2.7619243816585564,-1.7033382886832729,2.2941671974814737,-1.7254108556428833,3.0154602202648944,-1.7341840491159444,0.4559000000000001
10.215409450922659,-2.7065580892496777,10.232328499906561,-2.7040273396238277,10.220495375959038,-2.7065088273954587,10.220580137154638,-2.703068113141177,10.211561464340312,-2.704492208966289,10.204283203145636,-2.7056729672434034,10.228039605906893,-2.7006442639412387,10.229268193766353,-2.7016735841632658,10.244942996425111,-2.701563043215649,10.241122558098796,-2.7032754343013026,10.2321090343096,-2.705667500787279,10.217696584357952,-2.707331090297758,10.210036356938199,-2.7081813581687424,0.028499999999999998
5.9584013913129406,-2.0675271363189673,6.240819777080573,-2.0381774008349693,6.184546680234536,-2.044263989796934,5.909171442765896,-2.07054417376533,5.642985153267726,-2.089757806180938,5.397506737374212,-2.1115844016184173,5.212274575461274,-2.129395642138459,4.653149738617916,-2.2163433630085887,4.483510028983989,-2.2420783528169355,4.33879185257832,-2.261004833196393,3.918861320587909,-2.3577642909634613,3.865117822266225,-2.362304915422934,3.930129203982992,-2.333414714628973,1.0638
3.5905029912256023,0.14978647610917223,3.49716629430172,0.14193344956223333,3.4004370674958837,0.17244905295315463,3.3827388740486595,0.13709343927107057,3.30610043555848,0.15096138774711054,3.2609862388547435,0.18473572439638333,3.245078225559442,0.1902943937309853,3.237739411997204,0.17066804088938375,3.2996331993117027,0.17454052881649904,3.3132089475310726,0.17115264435151875,3.3206141630728494,0.16429217837907306,3.3467422742123403,0.17366655144864107,3.3694402101832854,0.2014524153693646,-1.8724
6.364850952693235,-1.031839920721626,6.214515615074114,-1.0694384992121169,6.13126452944252,-1.105266868215004,6.027553163597977,-1.1439354172243636,5.867170101505497,-1.180617589887031,5.679505725853262,-1.2324471755485888,5.524245340315722,-1.2743616023871214,5.393610613494452,-1.3171973426094818,5.269255743461312,-1.3576378913504703,5.1676463830258355,-1.4130697199005158,5.066455081218034,-1.4598404921120571,4.930591877249628,-1.5007474572952817,4.858362712890014,-1.5396079259220343,0.721
10.089198438924669,-2.53539354391899,10.089198438924669,-2.53539354391899,9.553679306424307,-2.5026510605111034,8.999551349928506,-2.4590685856676093,8.483271909469837,-2.402496994579153,8.006524734864685,-2.3587115079010488,7.52201347645695,-2.2896650957527083,7.108200803297552,-2.229860370378458,6.687402357418012,-2.1625771767678765,6.296205703437586,-2.077493741478799,6.021967950761609,-1.9848897722516186,5.802768148047966,-1.8883179774754413,5.606952492218921,-1.7789686055321874,-3.0492999999999997
3.0951448641380286,1.0896935910950785,3.0951448641380286,1.0896935910950785,3.1026460723066682,1.0899376217198173,3.0660171199782944,1.0769654082473052,2.653397508855393,0.9792293653476553,2.596104789872704,0.9715760053835657,2.586376592841811,0.9647772683235458,2.5880592980069035,0.9675756661710244,2.9081473449603616,1.0644927135554632,2.8750779119877774,1.057664152607303,2.85599330006217,1.0461042202646131,2.875638657759351,1.062795993656788,2.859299573322111,1.0688509976354705,-0.009099999999999997
2.8960446198220087,-2.085239798008268,1.8513563946469076,-1.7938300104548872,1.8513563946469076,-1.7938300104548872,3.6123471289453897,-1.0810360371727765,3.6123471289453897,-1.0810360371727765,3.2666988551135248,-0.8393009387288289,3.8562788397624983,-0.6949308488656046,5.312060923031663,-0.5977401821446977,5.999829048397963,-0.4955477107309685,6.708556519848365,-0.4329043820518127,7.362154469990426,-0.3943794508970045,8.1051988155751,-0.35036056593729153,8.90858310226716,-0.30839264485122037,2.8914
2.524828913015695,-2.1586451416493424,2.524828913015695,-2.1586451416493424,2.524828913015695,-2.1586451416493424,2.217237526743584,-2.208479352219848,2.0681671934348076,-2.2514499809336948,2.1096175316867263,-2.221682727659221,2.1141721051040285,-2.2262929624118075,2.1327763548951886,-2.2278670197081705,2.107695967164143,-2.2431291170618866,2.0854376638969585,-2.2595791860625907,2.0983116737034107,-2.257431191111785,2.3707973342316704,-2.353331219563209,2.1929093209706605,-2.21946867109413,0.06200000000000003
2.78937337945281,-0.9161455294703464,2.78937337945281,-0.9161455294703464,2.78937337945281,-0.9161455294703464,2.8285266288299282,-0.9186121430846266,2.7994166338721373,-0.9189862484249456,2.7385965840188997,-0.9188966570292604,2.6351327442844346,-0.9198647839118398,2.5833217472858507,-0.9313984737250003,2.5750812725038394,-0.9282893615453592,2.4893991965934257,-0.9068711997034221,2.408753090293815,-0.9036542294330506,2.3334432069369053,-0.9212097527103774,2.353183855970463,-0.929105532276899,-0.3085
4.36081218238071,0.9882252378021021,4.344329459191607,0.9864135649407,4.339991930868075,0.9885963907718549,4.352748498362846,0.9872795124900241,4.3652163749349295,0.9840009149857091,4.35457002469819,0.9892330016464054,4.343947022006601,0.9892232094181568,4.339589531280573,0.9891146223003988,4.367684998943955,0.9935572626015488,4.35253064090306,0.9927153349098841,4.363226596224405,0.9931105652602364,4.349933669609232,0.9946851717860705,4.347786946252085,0.9920308054256721,0.09760000000000002
7.406092687105666,-1.8911933438180344,7.342788552042065,-1.8857509445749838,7.336009537889113,-1.8896242741600613,7.321881140799812,-1.88817609843783,7.278459263470534,-1.8916562160348367,7.292406863306516,-1.886545270697947,7.239581635011787,-1.8949711453396334,7.283629166837093,-1.8903066015175223,7.268225085259811,-1.8879219375537644,7.289787287020108,-1.8908941191977942,7.3674428813530675,-1.892491082171084,7.402861574418373,-1.8919787455493955,7.272280418135703,-1.8963908753381822,-0.11589999999999995
2.880204959720746,1.6609815638107788,2.8900488715590957,1.6628972435229619,2.868907229242521,1.6738050057115346,2.8490512455903616,1.6769960403778135,2.854882561507564,1.6694542167482729,2.853518335318701,1.6710159338114294,3.22231206744474,1.6613831630511666,3.22678661829381,1.6625953510130849,2.883406320656181,1.675551640616948,2.8716559299470426,1.6762620057533737,2.8547828726542384,1.6743164764492755,2.8572282302959264,1.6740868143543874,3.1974450956974994,1.6642254272314223,-2.4887
4.063278268836631,1.6003826681792332,4.053083904880332,1.598753991576697,4.03277119236884,1.5927432959636942,4.012025360089339,1.5934052884620695,4.037360405017119,1.5967567965080547,4.569723759703642,1.5966213270638085,4.735592448680523,1.5967305193863885,4.442059605633404,1.5972961460669475,4.373328805383834,1.59544823938069,4.435957387081169,1.585156741893417,4.406147039080743,1.5833473041931407,4.6505193527175,1.585741450556654,4.159368611940999,1.5912335434376217,-4.056
8.633160284623468,-1.9321903108012972,8.633160284623468,-1.9321903108012972,8.633160284623468,-1.9321903108012972,8.621295059328382,-1.9344475236183327,8.617445320975353,-1.9365304855348875,8.650258593244475,-1.9333960994258712,8.650879937324296,-1.9340736528487463,8.684461713313036,-1.9327395059872994,8.658971479916074,-1.932792099053262,8.743899878772629,-1.9289700053858536,8.694841577050155,-1.9316359522038318,10.015511126747356,-2.2088039289620496,10.08723812200346,-2.223182045822627,-0.41159999999999997
2.028210955497481,-0.8781286501338608,2.0087312264212946,-0.8810106824437607,2.010974810881526,-0.8067433542200412,1.993028795577225,-0.8054806299573027,1.9938667583366765,-0.8069265313711045,2.005918694763074,-0.8075728716169173,2.2850335249181803,-0.9204506260302565,2.2939209249666845,-0.9263971921566654,1.9841980269116275,-0.8449826839885882,1.9549694217557478,-0.8509846898860849,1.9662225840428114,-0.8330667952407645,1.9331867835261027,-0.8625796354692072,2.202209556332,-0.9553979685677725,2.2766
1.9303421795111866,1.9943069090361405,1.9474268997834043,1.931219758981002,1.949984443527693,1.864114758543705,1.8409184908626484,1.7987392692321125,1.8108176992729037,1.7001036409322638,1.7028524569087016,1.6335558110930288,1.66327057329828,1.5527585959878614,1.6116486620848873,1.495647215862662,1.7011861861654023,1.478848534908736,1.7395893912070177,1.4480456089466927,1.8500302186721176,1.36005409064173,1.9558366521772714,1.2915977095596092,2.0604759183256682,1.23441925800804,-0.19530000000000003
2.3270471267252004,-2.9024089123065417,2.3691410848659893,-2.903309222116032,2.368875260540328,-2.901630841994508,2.3766263904955762,-2.9006960169786162,2.3853242630720035,-2.902023300373697,2.3927838347832435,-2.9044188880314055,2.3836845428873366,-2.9027189207228683,2.384954926198819,-2.9058682772709385,2.401255192602412,-2.901714698714294,2.39706088575154,-2.901845041987529,2.3956318769794374,-2.9020000256715477,2.353541843690052,-2.897191077961598,2.325933326645459,-2.889127008626555,0.44289999999999996
2.942295607174782,3.008308948487401,2.942295607174782,3.008308948487401,2.880940875825127,3.0144865336711852,2.86907672431394,3.0217553750544077,2.855342580146906,3.0164123079131384,2.843998793951928,3.02087061280555,2.8348410114149276,3.018524017674054,2.841994597109571,3.0237973317192073,2.8434084001423385,3.023785345506658,2.833432414934222,3.0259271921106308,2.8498982437974845,3.024549506451416,2.869711222405485,3.025817336568498,2.887971111351363,3.0248095951268694,-0.007700000000000002
3.38567172950953,0.010072026847574907,3.38567172950953,0.010072026847574907,3.3314921491728002,0.024405902205815948,3.3242711231185753,0.03264453143568976,3.3073078175458637,0.028123254768867456,3.2915133358380975,0.03032504736016939,3.2974410017466584,0.03518605463837242,3.3015360803722835,0.03050568516011916,3.3076255607308434,0.029360624533301315,3.2882182485352214,0.02722174983322601,3.2976430385958935,0.02122887687294474,3.314018038574927,0.019313105134750545,3.337083188954092,0.02427507833408907,0.033299999999999996
4.862630835257798,0.936154735622928,4.73248824615551,0.9575672170569194,4.609116281891786,0.9622548089882386,4.438213282391914,0.9945486236091472,4.262469951800245,1.0139402704036318,4.169063688647609,1.0262220790254941,4.069458194895238,1.0505224736866419,3.9651906297175645,1.0851990154011817,3.866621617122623,1.0984278405363432,3.7003559828751618,1.114883637257876,3.6017501634622024,1.1597944290135207,3.5130979391414625,1.1529159278379448,3.409861095411368,1.1945159286096547,0.8225
2.3764625496733625,0.3938686107363602,2.412238506035416,0.36480170855935673,2.3040521109558227,0.3845280840476366,2.4050654419370767,0.36491702691727784,2.4382438536782973,0.29247423598725264,2.3471836165924493,0.31209051616950517,2.359882547924788,0.2963679476413901,2.388290436693161,0.2664687163650508,2.2815724270774314,0.28318225044349826,2.2815724270774314,0.28318225044349826,2.1934704488549652,0.29203320104270847,2.1934704488549652,0.29203320104270847,2.2586655219398892,0.20903081740072227,-0.7124
2.3148695384405586,0.3675025934520608,2.33018438969967,0.38967100070299293,2.4303507977244787,0.404729702975681,2.426335189127837,0.4562011538232695,2.4476958164771982,0.5367410627931625,2.5734513187546413,0.5666725918757258,2.6221587003840954,0.6164590224568945,2.726664812550306,0.650396033638069,2.824146189558889,0.6073407094728084,2.824146189558889,0.6073407094728084,2.8781607495065296,0.5973789248567989,2.8781607495065296,0.5973789248567989,2.8775056090301514,0.6477200531373994,-0.23549999999999993
2.1317167471312914,1.1874588481485666,2.1980504566547108,1.1616213358207315,2.230647764663891,1.1668287165819018,2.250022119891267,1.121280998896229,2.27352864288093,1.0909788931235926,2.192775068263956,1.0633877586279459,2.266389701706216,1.050249178012308,2.304293184471108,1.009878559035068,2.264295053653568,1.001523309483048,2.2453050416368843,0.978865635242493,2.2577287569590787,0.9350996005318821,2.259493414462635,0.9773804748687099,2.2875315691810663,0.9340099298906973,-1.0812
7.709646716938456,-2.2003793575944353,7.690949936776341,-2.196413125665603,7.689163327696978,-2.1926392899593856,7.673404116166433,-2.191786619591545,7.666649887662806,-2.1917433001932323,7.663393830412209,-2.19148571991376,7.667171883426116,-2.1906046062352496,7.6739717917125585,-2.190836766214884,7.657235140701893,-2.190134927952975,7.667417073565262,-2.1903574919044604,7.674483398900541,-2.190773161523614,7.679339256081869,-2.1981651396513784,7.696780101445023,-2.20245064619952,-0.3792
6.594200379879277,-3.1114252093631185,6.224928889553677,3.0751655437854124,5.952093991193349,2.984498160647039,5.647467037531074,-3.054985468086924,5.477853230052813,-3.0863604682822077,5.30156841793068,-3.1298034163549944,5.147564434759414,3.1169377203916735,5.009949753241049,3.0719348383926546,4.874690769679654,3.030609213978911,4.710931615933306,2.9690735910140336,4.564312461915809,2.93102723878903,4.425223287021801,2.8774137277274203,4.3188339965782445,2.8546069367826536,3.4093
2.8843493633746937,1.3575236883474067,2.4545783018677563,1.3141776431431,2.515342123847172,1.323792789374407,2.7159992433725013,1.331023810484365,2.5021178249634852,1.317054886440006,2.3554113228903364,1.2967246641739378,2.5607016889907346,1.3139496560215485,2.663172052271501,1.3395788059780096,2.5146194702181073,1.3229820231202365,3.1153782900315656,1.3629066449652723,2.5466539792441374,1.3099409927010413,2.703594326077786,1.3318820012752646,2.378983396327096,1.2979819179319636,0.5254000000000001
4.231591881313698,-1.0947516105238004,4.71789166153696,-1.1415077305633898,4.575654935634897,-1.1257785846379476,4.803294412171713,-1.1509316460111036,4.9370959419480585,-1.1626226024852673,4.911384665244618,-1.160779396565281,4.982923826429619,-1.1668584570768679,5.041444845478326,-1.165844636096493,5.122729277445763,-1.164405060684742,5.163190883552532,-1.1726337018226494,5.258022092954727,-1.1848723603843276,5.311180985430641,-1.1927268799842918,5.399038456058636,-1.1941077095997692,-0.2354
4.180024316914914,1.6315989808024423,4.575983296516718,1.6268354727806187,4.000020416197898,1.6167372509319802,4.625245111342751,1.6248089133930834,4.82709118206814,1.6294159004481743,4.833637194701315,1.6316162015302016,4.344823241513973,1.638053438208858,3.7880262789479167,1.6453633084676755,3.874024688873318,1.6472771929318821,3.766176295661157,1.6417500322874798,4.525408626853491,1.6324873409007303,4.3616669118583555,1.6300974093974794,4.695892218737564,1.6261495388328526,-0.23900000000000005
1.899793299282847,1.7816948135260593,1.9339478095336482,1.7908786120904194,1.969880689280444,1.788931172925555,2.0517381241279318,1.7830368388828797,2.0575987777018163,1.7484893924709177,2.152561460214318,1.7943429386429335,2.2123768621100695,1.7902840163269274,2.294974965005064,1.7505445987109498,2.3859977745169827,1.6780008170812828,2.4365783878217426,1.6640126128142945,2.4582121836814665,1.6597178411269993,2.521407642567936,1.6392639738422436,2.57312847133601,1.6441970725697326,0.5557000000000001
7.309457452506308,-1.9087495174333675,7.109720548657311,-1.917697522302754,6.553159931666554,-1.9642246273221704,6.79496383581252,-1.9425547786310111,7.000196303676062,-1.9086340821630534,6.8415056486127375,-1.918239870454741,5.7894556721681525,-1.9880718584406805,5.6981572108884455,-1.9867861705509178,5.493454040037105,-1.9952438678177322,5.050125988527417,-2.052908689671568,5.388158408955699,-2.023753417083879,5.3900323598286475,-2.0167868992507705,5.1665344951911445,-2.0419141060386803,1.0423
8.422371844676531,-1.759727635995687,8.44411525856913,-1.7624552345992588,8.431847276842719,-1.7655171011922748,8.42326621804155,-1.7629113523474704,8.474741603730463,-1.764038019879419,8.48740595529635,-1.764178238150164,8.493055227066405,-1.7615530739302796,8.487669362669589,-1.7645203341188598,8.493325688445019,-1.765709642709857,8.482694703925162,-1.7600722093614338,8.470931057445812,-1.7571297967921753,8.474692575545145,-1.7561696468307433,8.455163022083017,-1.7577702573585192,0.0162
6.196370218119638,1.6202324881100587,6.2048391711630995,1.6194388459080564,6.216285028857668,1.6211692435846694,6.190880651409782,1.6179476398903643,6.159282059623507,1.6200915125313373,5.8558699661109275,1.6188862831044406,6.134726911607395,1.6203379466605725,5.953775985876525,1.6228876790889524,5.850726664270003,1.6244735545699822,5.684779263964431,1.6257425496872526,5.849834267737847,1.6169678836412185,5.629069443522615,1.6187444663395967,5.612857679471306,1.6195073622396157,0.017799999999999996
3.369013677621385,0.25033475203187655,3.3245527729305127,0.16110860504442123,3.4805023459265163,0.3051593173930431,3.338838950892958,0.19815915163793998,3.5829873485682366,0.3508621977161522,3.657209652180197,0.3659841761608013,3.667765892201956,0.35817713035290755,3.3538639045137173,0.2088276097659119,3.3221922114772346,0.19032935318879643,3.3055966556735217,0.19786425512208125,3.268342466755892,0.20152389969233206,3.2534831335047696,0.18907698628627365,3.221661366438134,0.16482209016109914,-0.26349999999999996
1.6162087055822931,-0.5851711111060338,1.4242393513732203,-0.441288824193147,1.6341219813710353,-0.668777311222966,1.6320239857306007,-0.6889327350886791,1.6829226601362308,-0.7562345133105858,1.8620881396969389,-0.8832228870805093,1.9646598942310591,-0.9616590724614894,2.091838545394937,-1.0385753802217128,2.2131712269953274,-1.1064212688438442,2.440600198721618,-1.135206318427211,2.499830430249219,-1.2070861649926021,2.66845282888793,-1.2586449086998004,2.8091480025089455,-1.3132551850728726,-1.1627
3.7232921736012083,-2.2574877047500013,3.68842743998035,-2.2492082902838675,3.6357848588716055,-2.2680173157094248,3.5706699343400516,-2.2911148635725485,3.379158583138705,-2.3988745985701265,3.3754417325736763,-2.415156976832674,3.3947518745852405,-2.4160731603110834,3.493912640579328,-2.4068522557609078,3.346765752185238,-2.480366041778823,3.3920691104398215,-2.447564001361938,3.1969070208562527,-2.4959957675777757,3.1784145182779397,-2.5233584016783652,3.135311354554759,-2.5272347217680378,0.5284
1.2965826198125585,-0.7348215541464829,1.5807795323826799,-0.5629981631117693,1.675233744884577,-0.5222780221766545,1.833902532851731,-0.4742556734533854,1.9864813339168312,-0.41294946450122066,2.071382890727837,-0.40008675195016613,2.3064592517536484,-0.3543051002949314,2.4303246367512306,-0.3475687346157544,2.6433170714085756,-0.32670337794536636,2.7745107550701618,-0.30108522637640084,2.82151504337652,-0.319979732254089,2.973582771674601,-0.285159465942338,3.138230358020266,-0.31614792050170315,-0.7195
2.9079578538899096,-0.7702242308188231,2.7010409567424163,-0.8119730239420591,2.6430829063803536,-0.8634627328703735,2.663598588376261,-0.8834607649882659,2.3363303041308177,-0.7283769504849728,2.4227424213068915,-0.6248269694856464,3.0917302809268477,-0.9080879632199571,2.9874230534023813,-0.8747508618002596,3.1913770601419094,-0.932114472901392,3.0399441195521963,-0.9063919957773776,3.323844281851964,-0.9788969455215021,3.383480054618318,-0.9785311744683358,3.394128545002383,-0.9909244226172326,-0.5505
2.6811680924552284,1.871952398040261,2.726314048307714,1.8642064976770258,2.614654686569528,1.8676418607183585,2.2535627104653653,1.931805442720167,2.5004385095418753,1.8815185675326045,2.9558650172157734,1.8353867550194205,2.5212417932439553,1.8843690538157245,2.944955989484393,1.8350887386944372,3.0751676588439856,1.8258309663117351,2.7618977768918267,1.8723139604296197,2.9875349186243843,1.853192627618171,3.243597128189626,1.825196610321431,3.2384974370840567,1.8189429016765526,-0.053099999999999994
4.192460928857896,-1.5989458044344447,4.167473172079216,-1.5973863138064435,3.9488976246542533,-1.5943747113843842,3.7951280729377244,-1.58581614750016,3.485353246085682,-1.6112623796390029,3.419742004888673,-1.5998376870822073,3.851322964904398,-1.5742496924452494,3.509805300867842,-1.5690583377761216,3.4282328158980087,-1.5664208807073765,3.672596688992681,-1.5527699571649183,3.644000950878033,-1.5119808796486967,3.4133528502046193,-1.4975476680864959,3.4006471810524532,-1.473307563172942,0.10470000000000002
6.270834203676572,-0.7948815223474099,6.354393964808919,-0.8250681885136698,6.330689824181881,-0.837281453957175,6.391397832242956,-0.8673036540333625,6.484882816211871,-0.8967610089801035,6.621466419155198,-0.9286876592519008,6.765085119937517,-0.949079371927971,6.831746372634161,-0.9679548847411852,6.875353785806226,-0.9768314719002539,6.958856909723034,-0.9858267465010855,6.963127016649919,-0.9954524346326625,7.0016404570643305,-1.0014085519917295,7.110662929713373,-1.0169568855231677,-0.6584
4.153938912646646,-1.4988748316631122,4.172420550471872,-1.4967908963039391,4.15418571804391,-1.4964171729746987,4.155715105730901,-1.4983024724496135,4.138379801323219,-1.4956479250490986,4.133872263386957,-1.4940374227549602,4.135761749665954,-1.4969823209524358,4.577234720876787,-1.4961842955706721,4.7701233202088185,-1.4980296042950798,4.723232038551567,-1.4959259227606019,4.711004110590437,-1.4956247884183786,4.700292408989041,-1.4947277150419644,4.6754842241205345,-1.5016146249215032,0.10550000000000001
2.7669394247073797,-1.0020103659329986,2.7669394247073797,-1.0020103659329986,2.690873835764136,-0.9977395229883459,2.699337164935122,-0.9872940781718564,2.7495084087887434,-0.9962202714614603,2.759691174751261,-0.9947234050328566,2.831723265080826,-1.0135333685751464,2.7747367316558176,-1.0025662023905508,2.7747367316558176,-1.0025662023905508,2.611429319357504,-0.9619651729311572,2.552616579120332,-0.9308993706946402,3.0178359962065526,-1.032911372833733,3.250381728351302,-1.0732542983093603,1.8506
2.2997750498690084,-1.5234696868008122,2.5855046025872794,-1.5304450896689774,2.635297586611424,-1.5299546700867384,2.641887401082795,-1.5310415428448694,2.5929880234972176,-1.5297124633626473,2.6013614435522054,-1.5319607421451675,2.5386673767943657,-1.5267037971203488,2.629441754441422,-1.521907165013924,2.5101422449733777,-1.5223737745301917,2.5558830352737205,-1.521674170534935,2.587778833285411,-1.5261486232409316,2.517125574936621,-1.5209569659377027,2.2118020887954692,-1.5186885232133014,-0.9799000000000001
4.822793146092832,-2.882482184047732,4.863893219428238,-2.8601300121505893,4.923251967957769,-2.831673814073152,4.960371608055187,-2.8010408742276525,5.041833073397018,-2.760699551833618,4.9789189077549745,-2.747991165299961,5.198784655090067,-2.689197053764513,5.190761135902908,-2.6945221581313046,5.35630446483394,-2.6323253800215047,5.463089166396608,-2.6019705162015505,5.541616443782447,-2.5825572208664838,5.516256560385855,-2.5861562792743387,5.442430660100318,-2.5993738516639184,-2.7909
4.668338620965707,-2.1240960123689923,4.560158440229899,-2.140065189362049,4.4511330164352545,-2.1528046724488448,4.29691357255414,-2.1807787331091086,4.15416176141469,-2.2049428247177754,4.093001954556093,-2.215274713557047,3.839068329686257,-2.26319335860344,3.5424520010862515,-2.343818390360261,3.1737203027362053,-2.4611927128523297,3.0544413957383476,-2.497135559702527,2.9659562859219597,-2.5200693628314914,3.0075721005488782,-2.515042906188068,3.0733789938762834,-2.478021081198235,2.6471999999999998
2.2477316654796633,0.5257238776011253,2.2258794419285137,0.5286694766361486,2.245159702560152,0.5233005799006756,2.267262111005251,0.5167718353695232,2.25989055708456,0.5176587225070293,2.265082870448673,0.5161507668285268,2.290894711679256,0.5064710189111006,2.323882959617371,0.49504011904938733,2.323349739062115,0.49687690388355216,2.321692720839687,0.4979992128104995,2.312778469719913,0.49788014348455406,2.2829441276562115,0.49860210195842486,2.278495611143459,0.5050736547607306,-0.2195
2.9621561083102925,0.6170510729470287,2.9367758733005225,0.6199288602590387,2.9575531271644167,0.6121524969450827,2.9637584398867522,0.6067759614370842,2.958785901345345,0.6085607524280353,2.990352169895713,0.6106629539706565,3.0159574168081353,0.6021558554929025,3.022158132858038,0.5909117863650432,3.0250458988253364,0.5912665808076336,3.028872068939194,0.5911342606938116,3.026985156884645,0.5910354239431503,2.99457922586796,0.5892899855594911,3.0023067198405973,0.596279856632037,-0.1503
2.162696347155564,-0.5933760000713942,2.110466038580103,-0.5695638212626672,2.165873828273473,-0.5739673590321777,2.183450052096451,-0.5602062192841402,2.178706611730909,-0.552542026933782,2.2666579472871526,-0.5915510744292622,2.274088989023953,-0.584709651416517,2.1921374135760723,-0.5543924582824011,2.2105466518488135,-0.5671108704090077,2.2491482343322775,-0.5438050271158815,2.280689268620343,-0.5803290624021739,2.3295453655166303,-0.6210828399155085,2.454428994695104,-0.7483119378839755,3.9324
4.418787998987959,1.7918143629523393,4.136501527861437,1.8078711749622534,4.123257772684118,1.8078987285387278,4.053162720641744,1.808702007196026,4.071393530475777,1.8061005628167948,4.053511032426085,1.8092650625584386,4.101455762287339,1.8064494175713763,3.7938203291668966,1.8174499338557846,3.492463269670851,1.9307030707868147,3.500786980094618,1.8520858536859612,3.4880717782178734,1.8291604661990852,3.7153115360626203,1.8140842365030188,4.1526485235329025,1.793602618070933,-0.1684000000000001
3.351346577123888,-1.774874761371582,3.337639621049582,-1.7771938764055273,3.357528217305106,-1.7778707184732332,3.3507606972148865,-1.783848990920124,3.355015685507297,-1.7826599074895213,3.364347795635878,-1.7727095682571181,3.3650100267309755,-1.7812005717988726,2.924291192750818,-1.8189681183813708,2.7522586887863567,-1.8328451266707486,2.6674281133706326,-1.8338063739679935,2.4123246568403687,-1.8565553469187812,2.308022777183968,-1.8728980371087578,2.3049881778438697,-1.8519266447871223,0.023499999999999993
5.463638943048852,0.840559257675037,5.313988980041264,0.8122805629394858,5.25367944301896,0.7972829765747733,5.162059437860049,0.7815352747459154,5.321320694151031,0.813559543302057,5.347454946981788,0.820063216658654,5.335238634775393,0.8157136009394538,5.286203292534257,0.8041931939127754,5.25028693025438,0.799391835247099,5.260838116688253,0.8037192073266972,5.3089134952455215,0.813372209877483,5.289042020063746,0.8092913381785473,5.28259649130993,0.8086510310426247,0.047299999999999995
2.988506640447702,-1.572904404649209,2.988506640447702,-1.572904404649209,2.969198755556794,-1.496465439627231,2.969198755556794,-1.496465439627231,2.8918196503239977,-1.494923527438473,2.4501697267740483,-1.509047082270479,2.4650272067464076,-1.512223933929491,2.3798744252586084,-1.5122724436325534,2.3980376748500003,-1.5113377118810283,2.40675795625568,-1.511303660052629,2.750867174183441,-1.4763219630134563,2.8683685153759435,-1.4655598996850552,3.346068839698309,-1.4939740084999438,-1.0534999999999999
4.908788291421821,1.025034926074754,4.6851861222367654,1.054721179517921,4.575795030374501,1.0771983522562003,4.339995061057095,1.0601326993215254,4.275457974299361,1.0887694346512944,3.9943297660558787,1.0812601858436977,3.6444018782236443,1.087145249423656,3.714345736465576,1.1419518388265286,3.604904428691556,1.136666162039791,3.4904069590808464,1.159486655292288,3.2170016925702725,1.163786167685183,3.2976928495540645,1.21208954181465,3.176615258415789,1.2748317306805952,0.2763
9.614720926787214,-0.9898755739585849,9.571844257508587,-0.9945262199429614,9.575071225844752,-0.9900555262221452,9.60921039940328,-0.9830101953262647,9.621198583336689,-0.9839900431982656,9.639885411144679,-0.982537660462877,9.637890248908212,-0.9821376063454597,9.638291715859195,-0.9771421149693623,9.627186881431152,-0.975937115872466,9.678255188307439,-0.9750533807906533,9.641773690042717,-0.9820573272913933,9.606608721604095,-0.9854296267190362,9.622778244353338,-0.9870911336064985,0.1078
8.067937830697506,1.6151592603016103,8.55801403656245,1.568985157941004,9.171418610553115,1.552008596770918,9.78339539934884,1.521478523740353,10.417121746432645,1.4975628807099057,11.109895293836034,1.479869148820745,11.812514175229591,1.461244120933138,11.422001576343787,1.1514617122867716,11.73412737019673,1.1962165353641059,13.008131891244028,1.261760248167406,11.10970608297087,1.4081040833429759,4.473018986098761,1.6608348333149412,3.294375644943968,1.6945037335089466,16.566399999999998
4.9029167339452195,-1.5451149116001939,4.9029167339452195,-1.5451149116001939,4.647483710568548,-1.5042596514184503,4.368715850224183,-1.5404165953495483,4.119567166584372,-1.557445012970484,3.8731308382237724,-1.5305854551912759,3.571978916511133,-1.5114947082413062,3.320261977615622,-1.484128434356575,3.1605065037110727,-1.4596359539772035,2.99617814724025,-1.4340299981065288,2.790314822739546,-1.396421003524018,2.4449790039998347,-1.3628366781035228,2.138910584853889,-1.3549975992596432,0.8793000000000001
9.381812236449841,-2.352591798472926,9.381812236449841,-2.352591798472926,8.431083278559166,-2.4245590558807746,8.431083278559166,-2.4245590558807746,7.9756023998190875,-2.453179525581211,8.029062221704349,-2.400630821014179,7.698651066907762,-2.4140819579312964,7.356616398861638,-2.4366169796275017,6.979870791067697,-2.462217857415968,6.621634234839615,-2.481656795454218,6.196910244629982,-2.5693583095317627,5.901581066121182,-2.625800891429876,5.430478800253251,-2.7240788167486887,1.8446999999999998
11.291910971133271,-2.3710987561879895,11.291910971133271,-2.3710987561879895,11.629464392223747,-2.335136841449694,12.028634130274309,-2.300625551205331,12.463947349856705,-2.267758618111291,12.981346414759914,-2.241510606630049,13.511192246800425,-2.2084341148341022,14.63579909161095,-2.4317465381864385,14.433579365147095,-2.382128014073578,14.97293528771162,-2.286484916941517,12.366719982679319,-2.21969258674966,6.032173944773139,-2.532994839682018,5.016073688653308,-2.670857074844543,-16.5213
3.056778948501184,1.7097879460317618,3.068336730217207,1.7072869324466275,3.0698850955695387,1.7068888674212304,3.1844199628817793,1.7079858618810955,3.088485429785932,1.7067177673825344,3.467299113142676,1.7002203380563452,3.643670042690474,1.6978507881659475,3.67253327963138,1.6959686429784413,3.668666118632222,1.6936840007300882,3.6632241550306452,1.6918872651059274,3.6745964744445088,1.6934298331095567,3.6891500592955024,1.6974510335213502,3.656940972999156,1.69493424857142,0.0435
3.178670253423593,0.34188753639220865,3.090778389014646,0.25873501531315657,3.187145108086545,0.3611907104216531,3.083349766082333,0.2536392135534384,3.191837445735608,0.37604991270000454,3.192563429283746,0.37303210959719213,3.113897829088166,0.24947282235785687,3.101558011709597,0.2595161828788204,3.091495023447391,0.2584729088766199,3.1827907958268318,0.35121372222792085,3.0822448653538244,0.25765563638764705,3.0624567409189636,0.24270572377753125,3.1104029481724735,0.2933814383514259,-1.2147000000000001
3.2419656290590213,3.1287914279711826,3.2525161859704776,3.130062862892639,3.2600285182801585,3.1235857030250047,3.2746054250855985,3.118076202721414,3.2270290810589275,3.1373472499043884,3.218005972648283,3.1396659934504236,3.237963756745908,3.1246676289425626,3.2199748974176767,3.124417762306762,3.2347327076591634,3.1295975572522035,3.226533601250722,3.120267843989782,3.209570259396097,3.122741661565623,3.2224115581346924,3.125610153631148,3.2283759523946323,3.1182971009144684,0.14350000000000002
8.25235351278652,2.569538009626662,8.258692940774589,2.5760957894242713,8.146697363962899,2.6013078816513415,8.249405890123239,2.578939346338844,8.267131962174068,2.569063248022363,8.09113397491353,2.6004312979687514,8.047483369352184,2.6079841486422226,8.0558816581427,2.6050796246094587,8.053514209958285,2.606839750105092,8.060036320017424,2.604649927387747,8.042353582130046,2.606133235472355,8.069506334962504,2.600801231520699,8.060540431013296,2.6021731402200943,-2.9295999999999998
2.5738715371983893,1.6354132710134284,2.5842319342504823,1.636239637443425,2.8328678048931257,1.6294277765582323,2.6539367437827157,1.6318001919590455,2.5621792482182038,1.6373904524586633,2.489463572740121,1.6358360934794784,2.3948911979461625,1.6366506632715467,2.332890588947537,1.6387901689409985,2.3470011951424308,1.6392775854419617,2.3431967672391494,1.643538951427133,2.3486113365135566,1.6458472404709874,2.318138688689699,1.6393100134079057,2.347201418711228,1.6405102037109427,2.8928
8.87923815707181,1.4440386492140285,8.844607949479729,1.4423085158985818,8.79997787838129,1.4423636687979238,8.712635555903853,1.4383251912636723,8.805390073131342,1.4401067130292524,8.798442835524934,1.438191469016053,8.79375869239087,1.4400475556799188,8.798688084027072,1.4404077977040983,8.801833302216076,1.4410046425612366,8.78652670228686,1.4402836894196849,8.783872649919282,1.4377979229674314,8.762436193205632,1.4368948666608148,8.811728346357484,1.4390794675144543,0.0872
3.9096502004655016,3.1233547169050806,3.8977793267449217,3.1243512133041165,3.9035570868119778,3.130115689750575,3.8811174988655006,3.1338113110316903,3.903013340996931,3.125373704337617,3.9013066951984183,3.123956622388553,3.883260743241428,3.1300041947702466,3.8828900422237016,3.1227395993639067,3.8813169324341494,3.1237627087882474,3.8850714613762274,3.1321975787942318,3.9066305737809386,3.12674555457593,3.9078175814641014,3.125316866218917,3.9076523002948957,3.132763708339074,-0.12310000000000001
6.815873406248098,0.206905325621932,6.862806831756233,0.20721180209074463,6.870983261513598,0.19950200967310255,6.851481980564497,0.19183390740565487,6.818626052952314,0.18719931591081443,6.798147141685005,0.185913617015886,6.793077144416952,0.18352308004728657,6.807578450521156,0.18849361526346387,6.81160645516166,0.19195394593495765,6.797400691440814,0.18644325960633557,6.794502622709037,0.1871977521013197,6.785952297209286,0.18536696014620765,6.763530176616352,0.16667513773084802,1.2342
3.2719342047174473,-2.724324109325636,3.2666197727926622,-2.720082900845577,3.265802005633535,-2.7206417052852645,3.170130461037845,-2.743717453062426,3.083919979506603,-2.7625314143853865,3.033779705252182,-2.772710172166572,3.127740668597701,-2.7343960951672788,3.211117613853469,-2.7086171930605967,3.2075078238408063,-2.7015940893868886,3.187458486004175,-2.688187425290638,3.107778352778717,-2.6887234666892694,3.159853395333398,-2.6934290295338847,3.1676555384069145,-2.710238811248847,0.3341
4.221458099993413,-1.5518443942361493,4.429936938603077,-1.5525557780261179,4.692120409793422,-1.554534305276966,4.749219882254347,-1.5611735452795779,4.721256690755122,-1.5554396422482146,4.7093005043212095,-1.5594992920105188,4.685170149524988,-1.5466112828567,4.674671539263481,-1.544053292555493,4.653281270243611,-1.5447257467439433,4.661083833187299,-1.5447264752125958,4.64523845781893,-1.5352255279936666,4.654276193996227,-1.525489145160306,4.651344966781115,-1.5275695587039217,-0.031
3.313548739644553,1.645529024811282,3.4360964392752438,1.626848548097162,3.0130396246979556,1.6303395171617165,3.3818513420905987,1.6215299562237522,2.848661399675292,1.6208055601099693,2.800836264403905,1.6210524758078428,2.785561178649645,1.6199264807304932,2.5815153263151474,1.625171041448585,3.2628340871089327,1.6205282087814314,3.0880436023476108,1.616634268779408,2.9959626583120156,1.6188795371960072,2.7739883002637185,1.622369511658578,3.286400809396202,1.6176123437326115,4.6035
3.0954725132037573,0.8429950142542633,3.200526088004911,0.7716556020171452,3.4979789722066683,0.8567560365625854,3.2810289437918683,0.7178695035554126,3.6856908565423656,0.8105909822277119,3.771844474524365,0.7975465027041788,3.8681932862772013,0.7580112593662205,3.756179785367041,0.6951030070466466,3.7500263052410716,0.6185600313471198,3.804194414064558,0.5921509892840588,5.020060322346733,0.41978576013516433,4.980143054170234,0.48414125453357326,4.05563667504869,0.5521331221411939,0.3165
1.8141124248513354,1.2948893518941025,1.805536623832371,1.2933715582052325,1.8287043746871707,1.2988513208883092,1.8321392223300068,1.297617330784978,1.8083847184711548,1.2878936209461624,1.839875335450746,1.2731964958655455,2.0106017109313328,1.3312700934108885,1.9233058753094892,1.3172172981445651,2.426032468867637,1.378897793272254,2.4680466952632827,1.380512683463544,2.4753647266615078,1.367324005819596,2.6735565900126392,1.3665787897678194,2.505872448868857,1.343288587810627,0.14750000000000002
3.421658662111112,1.7923816404864277,3.2726129086709914,1.7895812742591972,3.5403703591573583,1.7898084036027202,3.5797204611533564,1.7871049070287002,3.6741566773887047,1.7790116528437407,3.6641748047821086,1.7906197331114964,3.444011858283883,1.784319153154939,3.6385872230853566,1.7699058750058028,3.6108061426778364,1.7760674502826368,3.597503424598786,1.7798200936019977,3.596860699276524,1.7884490312436032,3.4358139137619195,1.817603283404962,3.589135508726301,1.8123894788434816,-0.08720000000000001
5.068845222533433,-2.300463068159397,4.943428301290511,-2.3291137543653684,4.807980683197468,-2.3543561217949134,4.660779854273317,-2.3810630211377988,4.526397810621598,-2.393664438187254,4.444669897753942,-2.430430861475716,4.356712120395379,-2.4374352499241434,4.058792861184218,-2.5183501850131584,3.9464162704914925,-2.534086397454784,3.8932855533597825,-2.5559978986950265,3.7779600911073663,-2.6054720251029955,3.8294963128327986,-2.6042945744719983,3.702333195432307,-2.6860019827332597,0.6229
1.8223731039499007,1.4532612182095028,1.8891746822356037,1.2663546978684042,1.8891746822356037,1.2663546978684042,2.192499863169894,0.8816876155653548,2.4092782757498163,0.759597249008595,2.662474037432105,0.6789642864234713,2.97572473357332,0.5662936359465152,3.3107818562992013,0.4846537736167363,3.6639417271566965,0.41542819991376817,4.126372649192028,0.3543571906419719,4.4324701070622,0.30865865499624506,4.89956169876449,0.2495427167378268,5.402037494316384,0.22406408584233872,-2.1025
5.749786678651651,-2.131102763756177,5.368825648128275,-2.1688416787815314,5.001754065325484,-2.217988149219314,4.677226778765386,-2.258102349953417,4.449097927670281,-2.2963205924509595,4.218544906718429,-2.3376715707388995,3.9569247768943026,-2.39020786614633,3.725751232973025,-2.44865856114635,3.544219977653759,-2.501449130509002,3.3467617841728745,-2.5694688353833417,3.390102607591695,-2.58099222154122,3.2571802360323843,-2.630847174953448,3.115967947524495,-2.6757921953853714,0.7031999999999999
8.16930261956307,0.847733285014569,7.948838829665623,0.8857501576426006,7.948838829665623,0.8857501576426006,7.578175538346943,0.9800817687197485,7.428720681247884,1.0255103029333008,7.274369439339742,1.067035870030701,7.1340000350434565,1.125235086745298,7.0178716502939835,1.1802745398749168,6.923638154178766,1.236343591163423,6.808139091557989,1.3036824387777821,6.783958434424551,1.357205346106311,6.830159766799021,1.4325558582764983,6.7778515216844335,1.510416038874647,2.2221
1.5235588239382138,-0.6893177968120016,1.5513333233061155,-0.6687207999157244,1.5819019849535563,-0.6487732676978303,1.662802528865047,-0.6452451532121557,1.6816447098004985,-0.6411343759796152,1.755534357396632,-0.6170445385412695,1.8688860987229812,-0.6144958095441287,1.8775072463242328,-0.5695805635764597,1.923528278970704,-0.5400272035717363,2.00683936826045,-0.5334546938627961,2.061419787428074,-0.5301032115178047,2.128301503546902,-0.5228118553389565,2.1689476457489687,-0.49771665630218653,-0.3977
2.107850170197114,1.3192245043453792,2.063001875908018,1.302690680127368,2.481578195423227,1.3574204644027856,2.0375469393366146,1.2805100516060677,2.282769040003827,1.3424247141697787,2.1723258710423723,1.3283632385731128,2.159321763887911,1.3208081582296165,2.4371200093553056,1.3626175181490223,2.3860578136331902,1.370384296416295,2.0289237368614925,1.2987387586135601,2.4711279894007925,1.3349160846062496,2.4577811212555116,1.3535307587000684,2.525524921674699,1.3730357949553527,0.5609
2.380533104159653,-3.0329580120688386,2.452893175415515,-3.044329558865232,2.390407735094579,-3.041736682955522,2.3667612067971726,-3.0397588289136475,2.391209804680466,-3.0396686129964934,2.4546491724888124,-3.0484099408595506,2.445971154776766,-3.0426155723605786,2.4677330852424078,-3.0513876953667256,2.4724804225716355,-3.0577729456226606,2.4779758876954414,-3.054111418452942,2.473839432946287,-3.0466581933508525,2.4606445273545723,-3.05165759857565,2.457648673020618,-3.044191295484707,0.0577
3.0391097940021825,0.15537365376865764,3.3944404030708832,0.1359934239007765,3.3446042292026115,0.1478801963840879,3.0081238837521296,0.16574438062927552,3.0232526010904213,0.14889976091142867,3.0271124871732145,0.16174893707660734,3.438662769158963,0.1500978397381764,3.0150135289912083,0.1616644089550122,3.0124045478653776,0.12996301270396093,3.444714319069147,0.1410595407387779,3.141102190314733,0.1561202508108458,3.0029119750668687,0.14998330944392363,3.0177650836339134,0.15815921295198784,0.5589999999999999
7.8569583357683666,0.4097700735478128,7.469393474707301,0.40443472542936876,7.080708999104542,0.4776252475984951,6.933237076575414,0.4879804875666309,6.721560783032466,0.4851264966923122,6.426776019124988,0.49183366838380477,6.098301247068728,0.5032950907243687,5.751990814491971,0.5118553315171539,5.587777168964415,0.5045485138304522,5.255187788271702,0.5283086712542825,5.081196402423354,0.5339931485260422,4.931165705996909,0.5468257452324199,4.702009431083693,0.595175294630172,1.2014
8.020448239344233,2.848320627955718,7.791715257245994,2.822175746207906,6.969933474574922,2.847557808535001,6.708294081955563,2.838741577560843,6.589817897332216,2.8216464237798173,6.238197178672697,2.8009733530566723,5.926558991522823,2.7750172637456143,5.634739025899956,2.748513442554012,5.4443003453152725,2.721083732685011,5.278595877693237,2.696805296576793,5.179046488495735,2.67791050436259,4.986101652593938,2.664141002270089,4.6941428663814655,2.656459881535868,-1.5299
2.2715453088151234,-2.188338621520212,2.26086593366347,-2.1790292988453968,2.478289985050178,-2.1175477032753505,2.2640359294852175,-2.193792790603215,2.139537641641294,-2.2412597979533913,2.485211840065147,-2.1232579499639908,2.329116615800935,-2.1622284273583112,2.2853223426904123,-2.164769950560198,2.1376910394161266,-2.2361638905954506,2.1666144857819054,-2.225439472919858,2.3232857099375446,-2.164278425676919,2.381667963843828,-2.1449290474266833,2.4927974727201536,-2.1039644921760683,0.4044
6.889699669796934,-2.4946980667069814,6.614715513912903,-2.527372876133849,6.31567805465098,-2.564683090417021,5.99389967216669,-2.6067353913757696,5.635000354924566,-2.6519902518996887,5.309812042812816,-2.7215784969690144,4.986250632489304,-2.7996668444198414,4.776749799811582,-2.8907038397768328,4.6537592041273435,-2.962348410582317,4.596723224210917,-3.056778487603217,4.535549784755977,-3.131097592109341,4.529212629144276,3.062910635540053,4.2841616262694835,2.9456711141875798,2.2824
6.1123530272719035,1.674839192366333,6.135990688552257,1.6732736645772022,6.129431547052303,1.6737117369364556,6.146318496465993,1.6732317098558616,6.151301137970733,1.6736387244837336,6.161782960312706,1.6738384129922352,6.1777084165570635,1.6740600466522366,6.248037491884953,1.6744543515910435,6.178475595160994,1.6752513732360568,6.1617528618080755,1.6750463548248182,6.136634599680839,1.6741311322731518,6.132195760084636,1.6748948124484655,6.138319207242322,1.6750362870894795,0.0218
2.7812302835256197,1.666511624665413,2.814332441272706,1.6625274594802277,2.83570380858086,1.6636049082205875,2.798052726451024,1.6640318099751759,2.8051312553960814,1.6638316597658125,3.2681406410985425,1.6654869422186713,3.4274064669951265,1.6650302028514943,3.2097778879542407,1.668403465301993,3.360222000106542,1.664438850841229,3.148706104100538,1.568827262740814,3.053564646441925,1.666469914561587,3.2364886111339883,1.6711659503853127,2.9669611557956057,1.672929969682088,-0.6984
7.941022963069681,1.853726567344849,7.967741166102223,1.8512233523927735,7.934448760941117,1.8534949595561039,7.942336809780859,1.8508081648224848,7.993502744729621,1.8460028560762676,8.087359154260431,1.8461049932007862,8.101477720144638,1.8428565048970234,8.120077970684765,1.8407477623047483,8.115262157194923,1.849194157769902,8.08909526770454,1.848807309558441,8.149109441527951,1.8484537760120876,7.821890339937016,1.8631470398154002,8.159140058854243,1.8547105467005884,0.22640000000000005
2.4030286598374135,0.8889258787503067,2.3888082802937545,0.8805603517408849,2.4004775545711734,0.8778182083682463,2.3486389335102156,0.881346064459373,2.2793896068904056,0.8639640179769082,2.2110540585883487,0.8174161430440853,2.195003528470969,0.8204223548530031,2.1875183862084437,0.8145914324557374,2.2329217138090605,0.8018659214703502,2.214737386237927,0.8081643248498784,2.194066236465982,0.8047040196709289,2.2151745958276066,0.7810249669014274,2.2376928408519348,0.759325362732983,0.214
4.137989836865232,-0.5972254184991892,4.134508421807845,-0.6329893874620354,4.229081892089577,-0.6804205801047679,4.188633821426737,-0.737047416920278,4.156290471081154,-0.8078571187864381,4.328722085096245,-0.8851594646180007,4.667928912269338,-0.9478796757577898,4.773927051181241,-0.9937800575709433,4.886931904579803,-1.0418174930817397,5.004937830782717,-1.0840664071073545,5.138813141183477,-1.1218132307233653,5.261779364435569,-1.15469462825545,5.252127806898842,-1.1781801514889096,-2.1662
2.7655650652262715,1.6437937929339022,3.0822993040910247,1.6396304944182474,3.1061647895757254,1.641973048939793,3.232706650780425,1.64206632452917,2.8956194380477545,1.6368751807663742,2.673445890606356,1.641850617583101,2.6841434853598987,1.6384672991889848,2.730690817357393,1.633642308545036,2.1730986954116904,1.6358645896482842,2.172619039316372,1.6345875278820852,2.1605272805498204,1.640372514207944,2.6479174250720137,1.6317498604380096,2.7149779078290863,1.6301318044212145,-0.0499
5.861904980464969,-1.5883683108453481,5.692486610436606,-1.6546188469277539,5.529560333335735,-1.7239928846144315,5.430392199464048,-1.7962204421039571,4.901784093572461,-1.8874374460218188,4.623073436578745,-1.979664461129756,4.537082888817437,-2.0424576431406694,4.454911395302939,-2.1058493864349543,4.351439542266442,-2.1764296502264138,4.15595553874196,-2.267296824279683,4.052775410752488,-2.3273149128089727,4.3381255606540465,-2.306296328569341,4.231116516949163,-2.3503452354229233,1.3243
12.274783004599309,-2.645834305705285,11.183135145834552,-2.612001737252918,10.454554364486318,-2.557097206527125,9.56110628013307,-2.492951949554772,8.807339899197714,-2.422366385111398,8.074215890722765,-2.350808545862816,7.348325134341842,-2.249855886727882,7.248917673694469,-2.1022727913980823,7.111702879057869,-1.9705478713530693,5.993852925289373,-1.880712833144678,6.002111969132196,-1.7281058515394412,5.69593988205634,-1.6000669668944572,5.726664059467777,-1.468113018437706,-2.7524
2.633267662050329,1.9013615637783305,2.630436150146969,1.901972171340736,2.6698161603376365,1.8925587257436367,2.600315580847834,1.8979464492827247,2.8256528449192047,1.867968274537376,2.739686969345222,1.8812696411433096,2.784668786408897,1.8830644557401643,2.780171449749097,1.8833221135747715,2.7734753451220744,1.8858083311466645,2.6909365247065953,1.8879872493593899,2.738067179599507,1.8764002493471645,2.7503843240536403,1.8723212508398537,2.6914397058080284,1.8860494224270923,-0.1091
2.7550813145894613,-1.7596426526795461,3.081175373132792,-1.7127117408027452,3.0696296405266894,-1.6996041949853788,3.127264114205899,-1.7193953423231092,3.7740418042199817,-1.7878357249531556,4.2433892986620965,-1.7903778001172839,3.8240933147610288,-1.8115510028661603,3.934437729841457,-1.8017196287577533,3.818252254631693,-1.80815250850814,4.18491595375582,-1.7869849043257677,4.2046499604604435,-1.7828148874061434,4.192536784573273,-1.78014380694727,4.222713711584057,-1.779593927537824,-0.1507
4.8342222011405305,-1.4968183226206737,4.8185072636657935,-1.4918517542855705,4.154146307004606,-1.495257740046834,4.0672624134668265,-1.5007903903523883,4.121761304345509,-1.5019607029948305,4.163699303504037,-1.4990918757042442,4.210857880527435,-1.4999676935562687,4.19882644199543,-1.4973287926088237,4.696150598096275,-1.4959417876836358,4.591527941764048,-1.4940144131752788,4.440908240439111,-1.4975476153104317,4.7459949357326545,-1.5068673449802614,4.530081444080228,-1.5074659563410677,2.8279
3.564970468320878,-1.3637075017517915,3.4628954142451374,-1.3134975989260487,3.381849412673488,-1.3512870746313805,3.364313197370306,-1.3359970434346649,3.305979747366884,-1.3559889862987535,3.293952209732253,-1.381319436345704,3.500055303848784,-1.3903065159551526,3.365796079681596,-1.3828110884674185,3.2898257947800236,-1.3836782159724095,3.3220708135137627,-1.3740796614821704,3.31202420431977,-1.3315661577155868,3.2612757825734375,-1.3819580520350274,3.347744700540948,-1.3843088712985319,-0.5817
4.543418783251221,2.95339997646085,4.3775426542753415,2.9999443560030383,4.317193733202161,3.063987566861072,4.320453019071025,3.1016093410211885,4.308378494282969,-3.1213980690599374,4.3882210381884885,-3.0645376217745137,4.415259957239207,-3.009506585601343,4.4633894497343585,-2.9596290252914565,4.5028276316110585,-2.9121271451902015,4.556155463765474,-2.8475458612242712,4.6625588511031175,-2.7879328424144156,4.765453205100219,-2.7342347980460864,4.900958531756823,-2.688201750326059,-1.2187999999999999
4.552253929648475,-2.5170019860814516,4.344258377444877,-2.5109364378945225,4.243474774285812,-2.5594854836424283,4.0808472514908,-2.5692495615107047,4.0138233244625985,-2.6021302380195412,4.055458357571929,-2.598530129249996,3.927159525662283,-2.607636340553509,3.8823872977847027,-2.6714713010661755,3.8064785668646506,-2.6647155678212564,3.7719815071126743,-2.6849521149389726,3.540186199905311,-2.7004074970851275,3.598208493125434,-2.752312851441816,3.527570841244723,-2.7534742946300965,0.0616000000000001
8.468667383360854,-1.777323154080977,8.431540519383157,-1.7785124530621794,8.424528863978093,-1.780083172715144,8.43277272609668,-1.779548242414736,8.401598600266503,-1.7836453801045995,8.396002807288713,-1.785459180934011,8.421950313911857,-1.7807551806940283,8.43094369213791,-1.782735469743155,8.461409631970312,-1.7759333205489733,8.440999346641368,-1.7813402490762642,8.467849522753694,-1.779841674124631,8.490101021778242,-1.7803332231157345,8.473813716385322,-1.7809953791220752,-0.1191
2.9398823411830626,1.4424458932291573,3.062656745376473,1.3947131099145496,3.0590627666002526,1.4391671998358586,3.037644488744526,1.4127807982255667,3.0134940583979923,1.4302977676607533,3.0100682068684104,1.4499068158655735,2.811895026490143,1.4403363696732474,2.925480249463327,1.4489767399223246,2.9818850967131505,1.4561208914934485,2.970359084353271,1.4466542954398638,3.026685456072367,1.400884073540185,2.7619243816585564,1.4382543649065205,2.2941671974814737,1.41618179794691,2.2987
10.235650195761869,-2.7032190505619083,10.215409450922659,-2.7065580892496777,10.232328499906561,-2.7040273396238277,10.220495375959038,-2.7065088273954587,10.220580137154638,-2.703068113141177,10.211561464340312,-2.704492208966289,10.204283203145636,-2.7056729672434034,10.228039605906893,-2.7006442639412387,10.229268193766353,-2.7016735841632658,10.244942996425111,-2.701563043215649,10.241122558098796,-2.7032754343013026,10.2321090343096,-2.705667500787279,10.217696584357952,-2.707331090297758,-0.007300000000000001
2.478782059802757,-1.6923241378011284,2.484266982431638,-1.6954209330941914,2.4918247008969145,-1.7017169112190924,2.485025402284652,-1.7015901252695154,2.4842523643945684,-1.7077236225298544,2.487383802311175,-1.6934409325119244,2.478474710381368,-1.6955917154659546,2.483667920636736,-1.6924895085020677,2.4877808283689298,-1.689412682251324,2.4953345667465108,-1.6934115875366673,2.4855665933545197,-1.6979508269827848,2.4880910915800487,-1.701711807900144,2.4695732303375824,-1.6849504124604908,0.0807
6.103214206465311,-2.0339236826038807,5.9584013913129406,-2.0675271363189673,6.240819777080573,-2.0381774008349693,6.184546680234536,-2.044263989796934,5.909171442765896,-2.07054417376533,5.642985153267726,-2.089757806180938,5.397506737374212,-2.1115844016184173,5.212274575461274,-2.129395642138459,4.653149738617916,-2.2163433630085887,4.483510028983989,-2.2420783528169355,4.33879185257832,-2.261004833196393,3.918861320587909,-2.3577642909634613,3.865117822266225,-2.362304915422934,-1.6601
3.678148323545423,-2.9759433795236023,3.5905029912256023,-2.991806177480621,3.49716629430172,-2.99965920402756,3.4004370674958837,-2.9691436006366385,3.3827388740486595,-3.004499214318723,3.30610043555848,-2.9906312658426826,3.2609862388547435,-2.95685692919341,3.245078225559442,-2.951298259858808,3.237739411997204,-2.9709246127004096,3.2996331993117027,-2.967052124773294,3.3132089475310726,-2.9704400092382746,3.3206141630728494,-2.97730047521072,3.3467422742123403,-2.9679261021411523,0.6185999999999999
10.089198438924669,-2.53539354391899,10.089198438924669,-2.53539354391899,10.089198438924669,-2.53539354391899,9.553679306424307,-2.5026510605111034,8.999551349928506,-2.4590685856676093,8.483271909469837,-2.402496994579153,8.006524734864685,-2.3587115079010488,7.52201347645695,-2.2896650957527083,7.108200803297552,-2.229860370378458,6.687402357418012,-2.1625771767678765,6.296205703437586,-2.077493741478799,6.021967950761609,-1.9848897722516186,5.802768148047966,-1.8883179774754413,-3.5004
3.0951448641380286,1.0896935910950785,3.0951448641380286,1.0896935910950785,3.0951448641380286,1.0896935910950785,3.1026460723066682,1.0899376217198173,3.0660171199782944,1.0769654082473052,2.653397508855393,0.9792293653476553,2.596104789872704,0.9715760053835657,2.586376592841811,0.9647772683235458,2.5880592980069035,0.9675756661710244,2.9081473449603616,1.0644927135554632,2.8750779119877774,1.057664152607303,2.85599330006217,1.0461042202646131,2.875638657759351,1.062795993656788,-0.10149999999999999
3.477836718421383,1.6692347142265835,3.4669956864697693,1.6683842080688265,3.473087705486284,1.6670842811275643,3.4694060197676504,1.6656810815396597,3.4594291913551296,1.6676979707840518,3.4000720845299757,1.6701635479352055,2.8672772956238486,1.681580645559801,2.9257391852316568,1.67877366188193,2.8506170454833124,1.6771844402826508,2.82342433934398,1.6683504449926707,2.972158187243743,1.6574749140369187,2.896883575499711,1.65630260315143,2.87207677473984,1.658650685940479,0.0975
12.091259104824445,1.5306160022462016,12.091259104824445,1.5306160022462016,12.130761101019175,1.5302684018890593,12.103134802190711,1.5298698828374584,12.177231137660154,1.53040670893657,12.156910328286544,1.5300098564581832,12.079219180062925,1.529258520077925,12.134628296326179,1.5309576226685218,12.155691714172418,1.5310678572504663,12.114785040602246,1.5312227706934989,12.064544379710323,1.5299877703918008,11.8461715693299,1.5279508156934796,11.905129398708777,1.5295418989229204,-0.10700000000000001
9.034251254531279,-1.5597492541474,9.104993478855437,-1.5855689779179818,9.076351392492471,-1.5915330171816313,8.987901357380377,-1.608244296902134,8.965320345085276,-1.6259254575933766,8.951978454509375,-1.6469984761380507,8.879810400002917,-1.6646862124895887,8.953965007749359,-1.6816558133382022,9.005305360730416,-1.6995202951189265,9.062516109778782,-1.7189791520089122,9.07674761409614,-1.7358435764327882,9.050270487118048,-1.7567782375969254,8.984271959930869,-1.7767510749517337,-2.3456
3.226720663460036,0.382117756671168,3.203871484626056,0.3871080316268211,3.214628129348713,0.3864158456100404,3.2201202539656784,0.38351084306746636,3.2265440846205693,0.3776345086768539,3.2566521168218174,0.386436524905155,3.1594602355465686,0.3474162363593176,3.2162164494946515,0.39866572510559334,3.2133270997519054,0.3932087667837278,3.142520213141039,0.3559810642536582,3.216808121414765,0.3942746019365914,3.224925228590581,0.38471558146356183,3.1991428508273883,0.3793512745665296,-0.06289999999999998
4.648111901621992,0.3177025443954172,4.558370223007341,0.3318306203574457,4.5423733003794355,0.3275984409505313,4.544758468829783,0.3346094339339951,4.540911416224725,0.33532375114942614,4.537104196511251,0.33612977812053346,4.527319741303901,0.33864079275345627,4.555651133482457,0.33726529402869193,4.541979935006314,0.3388578408995524,4.564874662025237,0.32134876437434334,4.631597444726821,0.31199373393124524,4.725342791798284,0.3111098102521772,4.727064131149478,0.3155290665666537,-0.0011000000000000038
2.7718036528585506,-1.034738855769146,2.5569546886873047,-0.9853969801225908,2.5268186836415487,-0.9750334320648542,2.5232276254828863,-0.9731097275141993,2.5204623147351377,-0.9707771342908778,2.4913344877795924,-0.9609943820568172,2.0723978093020663,-0.8164525586308524,2.111936942713966,-0.8373512362133262,2.045296127703762,-0.8115032468340795,2.0172727455651613,-0.816214286132534,2.130552426015377,-0.8718633636623002,2.0072066286259598,-0.8793495477663392,2.0391457132828923,-0.8352838290761245,-0.18309999999999998
2.8859643241038064,2.910430559523229,2.8618228736244324,2.925720786600432,2.863699879526491,2.923719101836426,2.8472860130306468,2.92539221770722,2.851089141012607,2.917814451954601,2.8545554347393565,2.9137776444551613,2.8507388586119156,2.9180383108127623,2.85386655959945,2.9209815788300673,2.8696257961622873,2.9186412162442776,2.8725744359372105,2.913695303437641,2.870202795971036,2.9117149316015216,2.874891742309608,2.9094882000387416,2.875152855067013,2.9086518442175717,0.1132
4.108010351739634,-1.7915722614371428,4.108010351739634,-1.7915722614371428,4.141537154245994,-1.7915866323968717,4.212903066769992,-1.7879076415298014,4.16832445234293,-1.7922833833925924,4.161181213309508,-1.7950355994819907,4.158716804496309,-1.7972923859559704,4.0508017428652305,-1.8024467571355318,4.101173282123055,-1.8013033899807576,4.192142411703115,-1.7952350862573456,4.225629602792939,-1.793256507157842,4.452372832546706,-1.7601399066690944,4.428300158074201,-1.7824306387105555,-0.05570000000000003
1.8564909614646619,2.722066661570199,1.8564909614646619,2.722066661570199,1.9070385260922298,2.791715084083724,1.8394630575252113,2.8969699890238982,1.9181278085675095,2.8452171947196785,2.127564638266018,2.857023949741584,2.06356920407337,2.878383751767465,2.033898289000704,2.9656530281372646,2.139090891009548,2.9476810168599976,2.103469158319178,2.961632849981408,2.252202912705694,2.97494028377,2.273151831708562,3.022312234205116,2.299352569746533,3.0733465807923275,-0.6664
2.5825598037606055,-0.6189261162116115,2.5825598037606055,-0.6189261162116115,2.5616107686375713,-0.698197103691592,2.6458528946258504,-0.7846498605813259,2.503403581127104,-0.7802291559641756,2.2720749855583504,-0.8286084317574174,2.256238092489353,-0.8592712194400445,2.3537805845065534,-0.9365400516562268,2.2824813887521618,-0.9898293570291483,2.3267527178452014,-1.0219372442008956,2.230835776116208,-1.106727732713815,2.273223836317049,-1.1548544048368126,2.30966496488127,-1.1985711674078314,-0.7523
4.215757275982575,-2.361410900717975,4.215757275982575,-2.361410900717975,4.026961924329557,-2.364236741470921,3.8112820008495794,-2.3851968797502843,3.820351566282875,-2.350327120871291,3.727345126225907,-2.2871428690100752,3.6737506461380853,-2.2787612526476817,3.485711905766167,-2.2949537654833394,3.3912629653272264,-2.2626463471904046,3.199973699891919,-2.2863102520239726,3.178320009061386,-2.2142219239972953,3.078880447500359,-2.2137582785443364,2.948637802443697,-2.207033000336244,0.6717
4.446296429614206,-0.26891106125667175,4.486857841518939,-0.27166862293460814,4.488607022228618,-0.2724852372756524,4.4809537924419685,-0.2674049003333518,4.4877343961067995,-0.2638736093377755,4.4755134375845715,-0.2658385563753402,4.499442219875703,-0.26927535513814416,4.495220993455169,-0.26669689765845855,4.490070076290578,-0.27008253498428314,4.509847639333282,-0.27054804156345647,4.536658930314255,-0.2735308696486082,4.584786200031572,-0.2821495388685497,4.5504997022305185,-0.276787348857359,0.7489
3.5125502772202473,-0.19020979400597296,3.4863106990054624,-0.19192209610087974,3.4855635541473147,-0.19202220178525645,3.4802156671677666,-0.1858262938655336,3.4873153915297164,-0.1828184147244087,3.4856308309974504,-0.18678956445225955,3.5039439393346536,-0.19088618984164585,3.49390233549823,-0.18806084359411473,3.483182065296051,-0.18908503395522797,3.50340295284456,-0.1905381086325215,3.5244371181793013,-0.19299961687922038,3.537176936484792,-0.2034833765003945,3.524738210137034,-0.19839151449673365,-0.10799999999999998
2.40627962631112,0.21824523236570895,2.3635624045072245,0.23572270876217377,2.3618063193242635,0.23895068052169086,2.3584446739323686,0.24008359733011753,2.354012848308182,0.23953861458401743,2.35624373314816,0.23441752406837224,2.3504350512192413,0.2386841812540773,2.353205715614337,0.238310240075268,2.3599987139827054,0.2427588425090917,2.350487245232365,0.2437610768207172,2.3379092561517374,0.23945964620140503,2.3181408455915657,0.24785585624628292,2.3321021096855947,0.2458106529510137,-0.8543999999999999
3.294263602081644,-0.07419691756539681,3.261701324462432,-0.0525427767811021,3.2621708309038637,-0.054653405327197035,3.2533116250983367,-0.05606457605664523,3.261137520865996,-0.06035300944222999,3.26547408502962,-0.0579106359867999,3.270939939833814,-0.05496601038781723,3.2775207977982386,-0.05424440808355118,3.2783395324462696,-0.05814143684759784,3.272205563530501,-0.06109773880895224,3.265588513576068,-0.07039767398280382,3.2782640055370824,-0.08652561376553905,3.280557832137698,-0.08469047615121486,-0.061700000000000005
1.879126459288992,-0.8401765460336826,1.879126459288992,-0.8401765460336826,1.8502983381065885,-0.8612145419999768,1.7782526479665357,-1.0402526676259274,1.7226971701375735,-1.1798230220705008,1.681252021560124,-1.231853441121808,1.6481742929678274,-1.3775654263510826,1.6528402342634336,-1.5429618516928303,1.7609046567034838,-1.6185171900930477,1.8697960797905269,-1.7380639617802347,1.9587242097855424,-1.851059558947702,1.981858534305612,-1.9218305502073205,2.042718700653617,-2.0129213979408753,0.9089
5.103750437668361,2.404136088670299,4.805814187003077,2.367671325876312,4.550673859990407,2.3337239179639004,4.358551144589223,2.2994469035095846,4.1631179000840195,2.2704339013201067,3.993591959627322,2.22357743522375,3.7982777320780543,2.1701683834691234,3.5782599472369303,2.1249284370076253,3.409503239476391,2.050486322313359,3.2182008172269185,1.9915604436281842,3.1493045867302203,1.9260103828694102,2.9377967322468024,1.8463093055245376,2.6983143423255926,1.7280975838540458,0.1545
6.659238630654407,3.0426965132536057,6.672119280258713,3.0396795384838398,6.675195303509849,3.039591133602842,6.675424817193287,3.039549476964258,6.666759426438005,3.040170271553255,6.674268371140016,3.040510669302688,6.670190870582343,3.040297974143318,6.675729179647722,3.0407285960797426,6.687446448383715,3.041537142410633,6.687878852072609,3.0431514543857134,6.691477989951098,3.0427240187722173,6.680169985861139,3.0404046710117667,6.677434612184529,3.0385264550496784,0.1452
3.0560424882517574,-0.7618646561864254,3.1781572144876695,-0.7489017749660566,3.171649693771367,-0.7411512301579195,3.1988842195365548,-0.7465945119562851,3.1941419411165786,-0.746603334889629,3.2038022723008344,-0.744113924890863,3.216033564812407,-0.7442050101293521,3.1999693639158515,-0.7493496626347231,3.2188716858551545,-0.7430980440335413,3.131867062951428,-0.7345310173111845,3.066212236620289,-0.7465070976036363,3.0185542797836202,-0.7792606842402395,3.042117371174228,-0.786699822278318,-0.1441
2.6947144858036443,1.6359327604379756,2.6947144858036443,1.6359327604379756,2.6813484014577473,1.636855925636086,2.75213765825767,1.6375941050319123,2.709016812424757,1.634626641582368,2.7209589559565184,1.631179385525863,2.718215203033046,1.6327515820936185,2.6082484716759655,1.635444088958076,2.6470556813183967,1.6344193166709275,2.7521931854432027,1.6339880112318297,2.7973747854014834,1.6356167269931903,3.0389306573201025,1.6348428805054296,2.986298084585662,1.6331211400496846,0.1413
3.1851712183177847,0.35981424656706146,3.216164016339964,0.39354979348091496,3.1308645100035823,0.3866807124968424,3.167594399540445,0.37350667903280865,3.1956074993653427,0.3698721276324753,3.19893892564394,0.3545265086438762,3.1611660886451354,0.3258720147943197,3.1843319943121466,0.3569623074519826,3.1191850169555453,0.29316720760854054,3.1921567693332333,0.3641824839440056,3.2037710108557986,0.3734060350506,3.202188217453813,0.37359969670855353,3.1986711365815665,0.3710434499857838,-0.005000000000000001
5.498167575656457,0.9726240180108146,5.231611151452294,0.9777255363878883,5.117786195221523,1.0018221649253152,4.981896907805299,1.0300876619426418,4.981896907805299,1.0300876619426418,4.166916376650724,1.0721429415036214,4.275769017381551,1.1448946732403065,4.313174582601544,1.173545834584699,4.16451369069667,1.2071635766403352,4.751525586587952,1.40529473752601,4.751525586587952,1.40529473752601,3.6503874109469527,1.3615971662405357,3.8596559147157175,1.440023685941289,8.5228
4.239894230992093,0.7636657187667458,4.167696645630537,0.7561948920500516,4.193648799077006,0.7768830669533322,4.112251181530621,0.7578824894994647,3.8343208329507306,0.6951890725731525,4.007703511987882,0.7531399038543012,3.9985282417409507,0.7564274303510453,3.886460417912422,0.736072132691203,3.7570878682830946,0.7057970578568142,3.629286106109576,0.6870827005467383,3.6035137074805204,0.6548902391191358,3.542257654378063,0.6142274591509298,3.489271719141405,0.5699581822391458,-0.47619999999999996
2.5062899951920974,-2.108437676282118,2.5366373686437735,-2.1100259148422755,2.1455686146101263,-2.2171311870216353,2.5025931051611243,-2.11118156288869,2.5502872171580986,-2.107510521404038,2.642989073000493,-2.082076939031277,2.3958531257153455,-2.152501405296567,2.3678208420402047,-2.1870200301019223,2.322120039963484,-2.2059945825105114,2.124278856459292,-2.254293432395257,2.0886326077125172,-2.261359940191784,2.162275861216602,-2.247277930156871,2.321990133484635,-2.2113430690383753,1.0682
5.842981024271768,-0.7627295216365164,5.637129806027178,-0.786564731275582,5.447552945130504,-0.8037922354273133,5.4135259979056185,-0.8349097488204356,5.422170459327151,-0.8668250079020576,5.386873483756604,-0.8949739998922064,5.331489923089043,-0.9168664244270031,5.340774273455117,-0.9397506629595203,5.363611590150797,-0.9620101471459721,5.3398286948178395,-0.9761401746524452,5.464935734297341,-1.012350242590581,5.453176116723171,-1.031068711233957,5.549185368141885,-1.058210536868886,-0.02360000000000001
6.075108738121485,0.7667041830082743,6.186055681934976,0.7863354773747022,6.078798043199,0.7833159720761991,6.076664692082329,0.7937764904018234,5.803835122571969,0.8122658814302597,5.31350649665548,0.7913467511237682,5.284846908851757,0.7861608172856303,5.294499637359508,0.7986071348022289,5.386613500150164,0.820980144397874,5.193009556124463,0.8163806852503336,5.193009556124463,0.8163806852503336,5.376579764125146,0.9485966151813856,5.527432323421064,1.0041406500079695,3.9876000000000005
2.8128518517689463,0.20786791441256433,2.860725133598122,0.14717184612742398,2.9070605858839595,0.08921171866826991,2.923623792487671,0.0884302641101518,2.9309410928914934,0.09105218577236024,2.9379330319120625,0.09350113883088082,2.9543706504093197,0.0817666835584758,2.9171573303474756,0.09750949904323297,2.8710604103710526,0.09971024146728619,2.845614285176395,0.10311294771886376,2.816616077849446,0.15279778925989,2.7621047065598416,0.15356593103756563,2.7437495603644275,0.20174854837369863,0.35109999999999997
3.501118784046039,-2.037624529768607,3.332120149394376,-2.0503891070851483,3.7909538549024835,-1.9818292526903392,3.3019123443846916,-2.0482186991031424,2.9334217903329205,-2.08947732479589,3.4373458147239093,-1.9996990877641012,3.560496650749724,-1.9830491649945017,3.276743480957887,-2.0098202548565753,3.12643172482624,-2.0287364964821224,3.1571682264333036,-2.0014476107874595,3.0888298690604525,-2.0262201035908443,2.9608297637655543,-2.063614540187021,2.6937694574703324,-2.1405122418890206,-0.5227
7.195193429644542,1.869774488959562,6.909821396389347,1.8991325079177912,6.667102942058114,1.9260489631481648,6.423225737898368,1.9577959314122908,6.138429650977523,1.989849351196544,5.890888218257072,2.0263967362895823,5.6590370647310655,2.071080889754206,5.411496488957561,2.1177601740306273,5.067703037866363,2.1866048231084365,4.887954591646697,2.242140898922453,4.687561968657056,2.3061072808147576,4.555458538939853,2.3672154658797564,4.408593827968278,2.4541586478469313,-0.8523000000000001
5.138290098855843,-2.577887542152022,4.331586723130455,-2.4761070673373005,3.692871388228949,-2.3651366718444953,3.1491486119267207,-2.163334625791563,1.9178780044622232,-1.9856430062651413,2.2616350589783494,-1.510316466342108,2.2616350589783494,-1.510316466342108,3.593185027242543,-1.10836844187993,3.2549272004147802,-0.8692213437489855,3.587040944845765,-0.732701132699561,4.931683336346728,-0.6067873418681011,5.785703010870848,-0.5317906685509478,6.494670283393919,-0.45120454745095934,1.5717999999999999
4.366047096631007,0.983714825769198,4.355506313851468,0.9823798159861965,4.350155153554868,0.9837691958510193,4.365194721888127,0.9869109134938832,4.352073365649992,0.9867640047788511,4.3448497557453045,0.9875685410972995,4.348058410371234,0.988413397581987,4.362845755925824,0.9856480612211155,4.357780253753052,0.9863642046983057,4.344116485546863,0.9893314973750066,4.351050452476968,0.9893338273525166,4.357296575859852,0.9912086004660003,4.358345447529372,0.9918047816539471,0.0983
7.37736160019285,-1.8901721792788042,7.385676966263817,-1.8902562042021838,7.405182714828855,-1.8840573087572547,7.421422959244407,-1.8924957490405387,7.349140070783796,-1.8841388725078194,7.345500468994605,-1.8873635728960851,7.337798220856171,-1.890361925975915,7.309582705599549,-1.8909332048345482,7.290646718227399,-1.8870426361375394,7.249998499999848,-1.8933974251165917,7.285667511628566,-1.8931067939776018,7.261352689409872,-1.8914668551334053,7.281152724672096,-1.8910267955002338,0.03700000000000003
3.7878330124228015,-2.219588084205582,3.618111247598667,-2.241220811171559,3.7909423419514052,-2.185403500895396,3.7121285861349187,-2.1702006210451055,3.75741894523355,-2.1782649097967033,3.8144284211399238,-2.149324572861946,3.8560877855671243,-2.1546056756747736,3.8916648211273284,-2.1446874524594555,3.9007137218719357,-2.1629868738051186,3.883748696813427,-2.1635050636068844,3.9334665449193733,-2.1707648220845637,3.9639056926218577,-2.1471768353752596,3.9811235612575553,-2.1423360429978264,0.18080000000000002
5.450776241967742,0.29393449010143996,5.450776241967742,0.29393449010143996,5.49759873763082,0.27582108926118404,5.5174624321330885,0.26752214306538796,5.455007337300289,0.2620347679233883,5.444634247587253,0.2454107574658186,5.407198198697737,0.23624992224499386,5.384736972220648,0.23246135528679965,5.348208138245932,0.23580897687478566,5.323690645595405,0.23865519857077877,5.343923956232911,0.2378304165251389,5.390021432239388,0.22413447197802755,5.3871757619368585,0.22155213420592246,-0.07100000000000001
4.107085238949881,-1.4928031430556024,4.085881667400563,-1.4977974358483304,4.085218932933705,-1.504705250566712,4.087862440200258,-1.5075916581467361,4.071575982343938,-1.5047542276797714,4.077009583015473,-1.5024823889176133,4.081779330145126,-1.4998117776650295,4.070166612068847,-1.5001015265865754,4.090870480716787,-1.4905316368989658,4.079495107240601,-1.4934547807073528,4.0755403396359595,-1.500588456167403,4.0813089824221835,-1.4997053277147403,4.091089699578831,-1.4978170042681744,-0.0157
2.8668702115721962,-1.48992323617828,2.8668702115721962,-1.48992323617828,2.8668702115721962,-1.48992323617828,2.8668571293316987,-1.4904127976262258,2.6165906252220665,-1.4971607835482803,2.8138354411727753,-1.4952046606101024,2.8269065248076366,-1.4983925232137751,2.5798135475262574,-1.501938504023615,2.8062182042742134,-1.5010731357386597,2.3585657718198156,-1.505243476994583,2.732361820842915,-1.5047247985159218,2.7457408654131923,-1.5001920584540045,2.745906469638029,-1.492527321941189,0.05689999999999999
2.6188023598584147,-1.494580885899667,2.307943051723763,-1.4837257996282303,2.2663865380821524,-1.4884135893507702,2.26155466217379,-1.4906771989085748,2.2622198345872575,-1.4892372849395878,2.551693555268736,-1.4931227225143238,2.7137439175427014,-1.4987301168940845,2.4365000082084936,-1.5120718353446332,2.2678032829149872,-1.5287609033581466,2.2289098075067995,-1.5179656698117383,2.2176604541723663,-1.5080765475181457,2.198420546665266,-1.4999134106176037,2.2786618551246254,-1.5096258154795916,-0.2332
3.921486464339766,1.1329136236053945,3.4189257786620626,1.0975736238800604,3.5671039485835028,1.1270966652258405,3.374898441434941,1.1019409836796947,3.219213146096417,1.0836968456435747,2.876796115472906,1.0491624409855729,3.4100304983973384,1.1354801537227688,3.3795575642382527,1.138529082223953,3.229868760491667,1.1229894156088915,3.1772695652084666,1.1325434798726175,3.147862795612288,1.133988766878909,3.051114829042,1.1069288570427784,2.733346271514092,1.0292223534520673,1.5025
3.5609392988367596,0.7340842134570708,3.2819742381682415,0.7691523940111991,3.0049415784670446,0.8284034050669161,2.7414816213135547,0.9013647263809038,2.4835322123942727,0.9835754529445876,2.2760602386580184,1.0977369073662087,2.0870864596369745,1.2207235764116167,1.999348143770863,1.3550569011033635,1.9396208340807228,1.5262884014253353,1.9645455174161788,1.688294632297936,2.052716492845518,1.848627570416709,2.1282028310290326,2.025134743954041,2.326552492423072,2.1598122220025773,-1.2099
8.555293855853227,0.045601613145778715,8.546146885000278,0.02840258161032595,8.217697739026423,0.036246796758922485,8.034032352436725,0.0028379311414840984,7.806131714235928,0.019152782200188526,7.276584174597314,0.00480996771552814,7.07166290556896,-0.07069288934795914,6.959597035030118,-0.06844820036587196,6.841286849708907,-0.0743234437100303,6.714216040611144,-0.10070307866754509,6.453692230808656,-0.04721532915258233,6.146365112812612,-0.020289806109198193,5.889264646795899,-0.04538627025565696,-1.5440999999999998
5.8647011671525116,2.406614092726233,5.820242665903203,2.3698383466153383,5.5296184768933205,2.352230316584304,5.435945574598777,2.3287832411292824,5.415368878479101,2.2940403922771204,5.407151471893497,2.265155736200354,5.378563839911176,2.2382577964562897,5.319637576000832,2.2203542762170168,5.35450807637826,2.1941373554348598,5.352154998689783,2.1747965289461137,5.34147245055144,2.1564571601708105,5.459957545622494,2.1233656073987026,5.559694550062977,2.0958812997579277,3.3388
10.501784096047679,3.071776374230507,10.411277389926747,3.050382313951824,10.114037508829004,3.022834805424529,10.114037508829004,3.022834805424529,8.769412626282339,2.974036876491967,8.769412626282339,2.974036876491967,8.527458102506282,2.908323716570553,8.358707991669522,2.8994227354742472,8.07372932726878,2.8909243650914433,7.840692156308648,2.86342613847916,7.4068047935665176,2.898202122334472,6.891067497129891,2.9226089082141895,6.525253136852241,2.9043637563258002,-1.6193
7.349164611709277,1.8512659703945533,7.087888605924896,1.8792823849434923,6.778499471859534,1.9108679848151668,6.581738375231879,1.9375621888228935,6.337138354967486,1.9677832950020901,6.05480422144267,2.001037800907311,5.818321493351837,2.0394400510281248,5.5753115231348245,2.085232704145362,5.318305313725415,2.135683952332629,5.013485402392231,2.202903917656705,4.795792769709713,2.2669762820305897,4.64078388744833,2.3271948025675706,4.476603288208597,2.4021126663982884,-0.5718999999999999
3.176245206214408,0.3254641602481732,3.2080421957948113,0.3396228711431364,3.199743045933532,0.34296087228196886,3.227460774354969,0.3660815896342631,3.2330565166727308,0.37261452487209107,3.225333188989937,0.36513927127459284,3.2122013837865118,0.36087305376440726,3.202464315179794,0.35435209777515714,3.2388475018129563,0.37539791597448585,3.21438221124993,0.36987646957340564,3.223506303700986,0.3817161166585233,3.1223903311405485,0.2985154141582123,3.228380175877679,0.3647453370578365,-3.3018
2.4919514541820447,-0.014206212037455526,2.4341395933676466,-0.024651863737912505,2.4313396492468917,-0.03319767560378601,2.4028904677492067,-0.023973426381596268,2.3941274172441185,-0.010317094243002123,2.3747006821913375,0.0007579903378389606,2.3710182390694494,-0.003922375498252035,2.3995638145296354,-0.007293056775000985,2.3673690544568675,0.01765764917609647,2.3725233697479116,0.02634630785178312,2.3761333464264984,0.01675068503103946,2.37924581327781,0.014374797953191586,2.3849075474743233,0.002515823448049202,-0.048900000000000006
11.840525762397547,-0.20245230415589227,11.546956704690638,-0.2036661775940995,11.272752846576564,-0.20325502409775614,10.831976566167418,-0.1767594901153515,10.537931036498577,-0.18078120472488318,10.259754477569139,-0.18552098658252464,9.940388847525028,-0.1875899795432257,9.615931273672869,-0.18877656055628225,9.26868271816443,-0.19124459733285845,9.001321925695132,-0.19655674171287968,8.58404218827005,-0.2030455528478091,8.215904693945765,-0.20947900131755315,7.80526702297878,-0.21694995850498347,2.0445
3.1594500312554374,-1.5275791533524763,3.0032218116549445,-1.5323281421792923,3.10601996130096,-1.5347294994787166,3.746135974574337,-1.5412415754027065,3.0221734447248396,-1.5454145154892396,3.0115728017100962,-1.546720201304808,2.909523679229986,-1.5518230108494093,3.3810026826372064,-1.5535520667440468,3.2960099408223877,-1.5570823460541636,3.613276503396882,-1.5584249679451914,3.9326953721334656,-1.560828443335424,4.005189226491053,-1.5522443288684111,3.9650773308978446,-1.5400228392271353,-0.0295
6.833275421055416,0.25500569379439614,6.443287230909391,0.1873815274854987,6.174141187242163,0.17447892095858933,5.925432920048963,0.15543235254592128,5.612487802213918,0.06315123553878614,5.3472772595031985,0.031048824743156872,5.163356086887675,-0.028899957380484967,4.927475285579826,-0.0866231835599145,4.736722171502142,-0.12237273018386788,4.5401815965884,-0.18368914815571716,4.393941924968963,-0.27047173659051044,4.1925678265235025,-0.3154449160563107,4.076029489589106,-0.39216035137008126,-5.611
11.895308312103555,-1.8797754636968478,11.164783255397305,-1.8761523998780778,10.87770230333594,-1.8647221607423632,10.586425623882691,-1.8561947553352727,9.929492992595343,-1.8514490821270193,9.573898985261962,-1.837940650478354,9.056044110427028,-1.8383645380336262,8.617020650433652,-1.8299836251471857,8.343766907698223,-1.8185480693401344,8.026683037220298,-1.8054559844877764,7.470143763007512,-1.8062684124140227,7.181793337321816,-1.7916838766372019,6.798015913485345,-1.7837883021780472,4.9417
3.1621542166693897,1.6664466239989928,3.099269147718539,1.6598057371477168,2.9401917029336717,1.6724955364221818,2.9642543750494834,1.6755673183578486,3.0210550872170456,1.6825794101670875,3.2553252203120935,1.6754931806620845,3.1302799938663615,1.6789205502604252,3.0285026828451067,1.685792785611589,3.4543272876205604,1.676629401171749,3.5207411151631134,1.6712280574523934,3.505615622112615,1.6702293913139188,3.489048939180994,1.671135172686267,3.4447308646685304,1.677334070484558,-1.9214
8.957813631126738,1.2910567894955087,8.57244055914067,1.2823552161755436,8.245487862461506,1.276213562363158,7.9513618638570325,1.2692146409906497,7.483773479335141,1.2553460528606253,7.099809615757314,1.2451618470513943,6.747129704548447,1.2328520021133462,6.324498596726859,1.2132377995743082,6.163366522445343,1.2060932056921632,6.029141044128924,1.200872901509218,5.119547395034056,1.1432425442807144,4.586376356122554,1.1040479223027737,4.679867439361933,1.1077220848295435,-6.4201
3.6774222411901514,-0.7720917683041213,3.518749314742388,-0.858973503169293,3.373863141859789,-0.9419673531634454,3.247258994906318,-1.0292994342315394,3.110528136828212,-1.1218573455472887,3.025670586828644,-1.2200910896463617,2.8508024361572315,-1.3117711103225917,2.8537011563932184,-1.4300936002961646,2.7053565827816475,-1.5308649154072997,2.7298143416723417,-1.6440168930940973,2.675919440117733,-1.7599320939846905,2.770972453850812,-1.869218313465827,2.840795439661221,-1.971921034521891,-3.0487
4.284001615312487,-1.7106070525409418,4.3020149476727765,-1.7096657473794552,4.305719438142714,-1.708771678310782,4.283724670190651,-1.7119835880186485,4.212444651268429,-1.7150367284378534,4.130980263811486,-1.719321196898496,4.177695721327729,-1.7176966571406522,4.20287776291436,-1.7186862500312587,4.079889549975587,-1.7284379826020249,4.0546536584522235,-1.7310511122408028,4.031443617365869,-1.729469224283252,4.034157104030529,-1.7294369027813337,4.034157104030529,-1.7294369027813337,-3.3058
7.0573621658520524,-2.1214125622834703,6.853901663286397,-2.083570460857076,6.776315923125189,-2.0350775028921504,6.562054019893467,-1.9975247158775205,6.36777865507274,-1.956901782196504,6.0014262913077605,-1.9267138181316903,6.085839321736977,-1.8663294315691608,6.063804473265939,-1.8150630384547588,5.448004846730591,-1.793050921018126,5.477631139461654,-1.7372745711514956,5.620590471649752,-1.6793610692214447,5.643310242224859,-1.6234138482661413,5.727202452332203,-1.5717217351073458,1.3989000000000003
5.231372334292407,-2.087085407571744,5.142513713156242,-2.0951908630511773,5.048372082166683,-2.101411620125579,4.966282448673254,-2.099018614591253,4.996115203835877,-2.0942200145303453,4.925772350606553,-2.0981766454793087,4.80059001582097,-2.11039416391801,4.6996704671710745,-2.1175654114757583,4.591327341847886,-2.1257017202314903,4.474300575508984,-2.134100653617247,4.396882819680324,-2.1363725366292114,4.604041195515089,-2.113000082730928,4.321291752474019,-2.14302228619051,-0.47950000000000004
6.91281359867312,-1.9464378890366965,6.562282856598002,-1.9616031282939503,6.263150358246239,-1.9745287528621238,5.990939841126764,-1.988317313151783,5.566708249046289,-2.015909089095136,5.197914181669414,-2.038367238789534,4.8619547601762,-2.0649591876751554,4.496443316667076,-2.104769963178428,4.455881880166933,-2.108017457560526,4.465610276322825,-2.10100010865265,3.6470976872027956,-2.2188435318356428,3.149459459970869,-2.3213199513963696,3.1961910987924376,-2.320391147841738,6.225
2.2846046156829867,2.249365394010643,2.2214159178325867,2.2667565184862406,2.0975435728489673,2.3099262388620687,2.111279469894977,2.309892195737581,2.176310754464997,2.289864066583648,2.3720888284379194,2.220713765470434,2.2689666039851715,2.2487516518246156,2.1714697879546927,2.2834485914164,2.5261673262078292,2.1818790193874724,2.590854565582564,2.1646331698632197,2.882719592676334,2.0978594891097506,2.5667090368797165,2.1653904365294614,2.516051231592871,2.184309449979166,-1.8235999999999999
2.129231422368176,-1.684840306384284,2.2216561930235756,-1.7349238262134705,2.289430396408677,-1.7938760403297775,2.302874625332435,-1.852191692608026,2.3506643507740494,-1.9047487806688148,2.437707466042635,-1.948369915265394,2.5142869247562047,-1.995712180458625,2.613560997948969,-2.0343070455996073,2.754179022866884,-2.0448199721017954,2.793117621941474,-2.085381798374288,2.8403853066089475,-2.1224766803165513,2.920808275118377,-2.1498254087838222,3.013874058417171,-2.1825986994774995,-0.5789
1.7537537255840694,-1.6496805121666545,1.8223514315301532,-1.7615411022281915,1.8824873253225365,-1.8505553381245325,1.9852054402504515,-1.9290010127848038,2.0581250909505013,-2.016907593062366,2.135837898811611,-2.098119225079662,2.140180013456812,-2.1926807479060835,2.2367880051538145,-2.2610869314430793,2.4014458061759365,-2.3104209087498693,2.4446983658521146,-2.397336152993082,2.471417123838065,-2.4943689756035163,2.5975523555840043,-2.5549140434601005,2.702824191470842,-2.610849677034443,-2.7514000000000003
3.8308313575515274,3.1375465234301574,3.8032167871421723,3.138621480170481,3.821839155432888,3.137066021678507,3.830303810404605,3.1342302468040275,3.8220173011120737,3.138583766804006,3.8234462203619457,3.1366756037158128,3.8421621634178975,3.1324049891617127,3.8567286980030078,3.1307023801257494,3.857142885608465,3.1329851399588717,3.856798042418092,3.134462326120533,3.8582319435202406,3.1375234209572316,3.8546247028731653,3.138012530868767,3.85174347276658,3.1368415404958268,-0.026699999999999995
2.3872336500644398,1.8875131443992446,2.4050841856367486,1.8863934363620316,2.3590809947943727,1.8713926844743185,2.407817586529344,1.8756434197792546,2.3837629160635916,1.9063703962945895,2.300357765652986,1.9080127545826806,2.1849895400207293,1.9143590237747892,2.1518211914562024,1.9586379998680425,2.1736770436290676,1.9796689789613868,2.183584037769097,1.9803484720159912,2.156438846802758,2.0026049218570696,2.1057650628690787,2.026904522530711,2.025258758776273,2.0480025766306027,-0.2964
4.630398718253099,-2.4488231563892717,4.550768921841668,-2.4395757319862645,4.477341649907905,-2.434528918042643,4.431710853609472,-2.4117965472653804,4.303235294519695,-2.391037338272247,4.237058782929501,-2.3954061139718976,4.166682422503541,-2.3852011397180846,4.057202963865621,-2.3604296113587,3.9469811679307574,-2.3510349100505668,3.8529693860709586,-2.3410900096905576,3.7408860247272933,-2.323015181524462,3.618093998226139,-2.313067882587227,3.5677219678668908,-2.3085699072215804,0.5972999999999999
2.3701052677043672,-2.92890508337168,2.3701052677043672,-2.92890508337168,2.367217879706058,-2.930154120430326,2.3705619966581746,-2.92722012195986,2.371485715748674,-2.9298072178107497,2.3694803755254052,-2.924571642870082,2.3759025842824486,-2.924822841234546,2.37109412086488,-2.922086577758247,2.378529638242923,-2.911787518387384,2.3714104431751233,-2.92440564211193,2.389473843757237,-2.928643248606237,2.3840450352289966,-2.9220092319518765,2.3777247380636717,-2.9173629380715327,0.0537
3.5368188432544874,-0.19643627700034538,3.5368188432544874,-0.19643627700034538,3.5683666529660214,-0.20019300901056344,3.5724069603000257,-0.1945683359285699,3.5528922204311235,-0.18948545915038473,3.5430538070991817,-0.19162781944925758,3.556341721488534,-0.19491401116021256,3.560571876819789,-0.1936776543905245,3.556070293174762,-0.1881688876418595,3.559537426408102,-0.18892720943314717,3.5607477782061454,-0.19143616796220322,3.5539116533757587,-0.19023272225028276,3.55806286903422,-0.19049463203873812,-0.035100000000000006
2.9027614335318663,-0.23422513161515554,2.9027614335318663,-0.23422513161515554,2.9045598444514833,-0.23577664818685598,2.8948625338692593,-0.23125483962690413,2.9029463549986576,-0.23626448699119934,2.909966709431569,-0.2349769128811475,2.8980704787841076,-0.2288678998019951,2.892150979807246,-0.22739232594647996,2.884222252185156,-0.22269284202278836,2.884132744864563,-0.2233398232595452,2.8992189189504107,-0.2262973020933128,2.897816959367864,-0.22665658840252773,2.8879905211063286,-0.22452792373199534,-0.0508
4.663732282196309,1.6423451655126133,4.315122767662584,1.6442089473479669,4.637266100840019,1.635707706365698,4.710530653758662,1.6376751600817858,4.716003074638523,1.6359398896472135,4.159596765312714,1.6470795992354967,4.130173498777019,1.6450260096053664,4.676306458092754,1.6372009066329933,4.22736776020256,1.6431740056695456,4.068243102372326,1.647440021154923,4.3375181256105435,1.646788436667654,4.690113798192962,1.6478429451294996,4.136239003007443,1.6532107518829593,-7.251
4.113058740159205,-0.028401175668094296,4.101955636035086,-0.02925851315104871,4.168073780537006,0.005950025752425201,4.1585158710770855,0.015751462932411024,4.15147350828594,0.015103645438998968,4.148084803858282,0.013621164908969075,4.227344911407163,0.012774322845566231,4.178368611072984,0.013283086599903016,4.167653750013321,0.013029282093814324,4.228502394465456,0.0010642067639106008,4.289039949685716,0.01259056277402685,4.292917321589129,0.01695897784513764,4.260394991077703,0.016712843490857845,-0.8106
4.560236955466239,0.11034967566322298,4.563512511213271,0.10784531692062715,4.6624830648486,0.13397734709976686,4.662309647588837,0.1425795448295842,4.655237507367366,0.1418211071599412,4.651383529660822,0.14361184942809854,4.713559662293459,0.14187605244094392,4.669340524099738,0.13916211498635736,4.6566765240888355,0.13863231789260216,4.708554263253219,0.1263833626144136,4.789190294820207,0.13251841678979856,4.803524360300469,0.13808735855780158,4.779457948345186,0.1398435478829374,-0.7816
3.6735130447570232,1.6943713587759597,3.661412820210254,1.6932407027825083,3.6726650187568146,1.692945981433815,3.6665812114284364,1.6963928255294325,3.668481069870743,1.6967945329867533,3.653382063239484,1.694421382073243,3.466501811625087,1.6982141756132603,3.552392536024139,1.6946066343636152,3.707809943888711,1.6940105979953188,3.187771867621647,1.7071123989103765,3.10668010744589,1.7079636592556124,3.244500429958363,1.7062074382456531,3.104665490837941,1.712834590236884,-0.05609999999999998
3.08628470008844,0.24847570191655877,3.1642572999046736,0.33486272191501326,3.15607850504388,0.32614919139891524,3.0659305944525235,0.25133888398712856,3.06428551215451,0.24158315762765703,3.0790815903447544,0.26074883464820603,3.067239556995832,0.24786482915320926,3.067568002506217,0.24602231426321777,3.062809928807206,0.2371311219149406,3.038459065052543,0.22672237678379806,3.06290091253374,0.26121228883043923,3.0280578148377564,0.2196575798395457,3.03348847698487,0.23444869660304413,-5.050800000000001
2.0386919580947027,-3.0973832496230087,2.0424993341492153,-3.100797972377183,2.048880689547341,-3.071154530041961,2.0823517570285794,-2.9575899069528186,2.0946712128637226,-2.9405924766967444,2.105338188985327,-2.9887663749518936,2.167209747578674,-2.957273626461421,2.184176705305684,-2.9573246957492536,2.1809172588615073,-2.946867830611896,2.1727791650326576,-2.919264560413146,2.1376326368204603,-2.963969331610735,2.077067781753886,-3.1288820857870143,2.0608728951587483,3.0869769863319187,0.9147999999999996
2.341854634685934,1.6396851333455547,2.3491410217353907,1.640111176305704,2.3229435916526264,1.6441311474088938,2.3320657216296454,1.6417371790053017,2.3283384826953326,1.6397843130027894,2.1118278765088796,1.6431665119477046,2.409785206195771,1.6382809338507442,2.555342548465859,1.6384317760314835,2.19247885508618,1.6427862100958326,2.19247885508618,1.6427862100958326,2.5396301955206004,1.6414164659745853,2.5396301955206004,1.6414164659745853,2.5328975857701,1.637290956910821,0.1494
5.39106776900458,1.614159398073375,5.416893288592642,1.616243915762492,5.392696342276282,1.6167635521117767,5.389135607868852,1.6161252375013309,5.2116058072344655,1.6192072285862473,5.611864952936768,1.6165189868133305,5.827195357116492,1.6138320218518876,5.820921855685748,1.6159075754915728,5.851323482768661,1.6190947782350562,5.851323482768661,1.6190947782350562,5.843225924949334,1.6273020445209514,5.843225924949334,1.6273020445209514,5.876585499250393,1.6151733867050277,0.3164
4.4603782283568725,1.6468047570515154,4.531489984541508,1.6474023508344526,4.7090285293253435,1.6443384771371274,4.475280125310594,1.6442880354168496,4.560796299989729,1.641193050710546,4.680808362879215,1.634546443724312,4.705617077493663,1.6354024004914074,4.346734255737289,1.6400991785680483,4.137631748959784,1.6467581804462614,4.137631748959784,1.6467581804462614,4.744548286191216,1.6374906714124338,4.144051265368227,1.6454787069870909,4.070590190623468,1.6478885255489162,-0.12299999999999997
4.104234219680931,-0.01454646647176519,4.126870380809167,-0.009086913961337834,4.114813012762546,-0.022189949516653887,4.1132484546888275,-0.0299807985410643,4.141158641008575,-0.013160947958200124,4.175526299761494,0.012501743739960465,4.153996135048749,0.015455612850093253,4.158643015455891,0.014596625702174654,4.181091284581098,0.013681065663110606,4.235637890566199,0.012631255090849797,4.163863260242823,0.013209271303927373,4.1468010851739665,0.0007234492805588007,4.250701204507317,-0.00075281704083738,-0.8845
3.163957548703835,0.5055973497220693,3.163957548703835,0.5055973497220693,3.2304406959422707,0.5172762470478832,3.2304406959422707,0.5172762470478832,3.173057200871114,0.5197715539273031,3.171724937632518,0.5273663714732306,3.141308658823583,0.5031500376740833,3.0767215359859947,0.47043569009799596,3.160180243277273,0.49363917966399923,3.142160078671995,0.4855392196783642,3.1829143076746536,0.49225821630785865,3.161465195127097,0.49051365805293623,3.110181867672693,0.48809437378178877,0.048100000000000004
3.5346019931528354,1.6662844957852676,3.1166559402667495,1.6802665523352855,3.490007147557153,1.673267617782518,3.5027488691026663,1.673754553239176,2.999560756177477,1.6885185777762712,3.072365194764449,1.688796868867898,3.0544548662568247,1.6955939465269578,3.0734724628667163,1.6936702355409319,3.2247148649144153,1.686912285691287,3.0927124421775773,1.690719650666947,3.674767807630844,1.677673086236599,3.6883893571584854,1.674169005769817,3.6855502289346136,1.6746308343957261,-7.0117
8.461989052817307,-1.8189392551458834,8.45664336069578,-1.8130045087330708,8.447326635687766,-1.8147040498559528,8.42549474155672,-1.8152510861377116,8.439013554912684,-1.814179929929291,8.451656716289413,-1.8137231662450566,8.460389174263796,-1.8125785922521438,8.44542826918801,-1.811674051138189,8.44307333735767,-1.809986670977509,8.435297925384742,-1.8114563559577217,8.432211307836159,-1.8124010845779952,8.430650226406025,-1.8118970109613557,8.439356440511325,-1.8119240026677845,-0.0353
4.530680516213875,1.3718338043282792,4.290515009879347,1.3624166182285962,4.225657781931703,1.3590732644885186,4.250046785624834,1.3602584449919033,4.303874533487241,1.3615529801020718,4.2748530384096215,1.358077350669027,4.281533035023788,1.358820480612499,4.278026092720801,1.3590744427504655,4.572047796119375,1.3711144830793487,4.553376361558528,1.3712257056614563,4.552504973088992,1.372397032354276,4.3386225118117805,1.3616749965858164,4.340695402812779,1.3596563317433297,3.0843000000000003
2.702838877920769,-0.9998901094667115,2.3301602369794234,-0.8951974931844531,2.6492096519528263,-0.9769833046390441,2.5771841106137536,-0.9616883656665679,2.2599350101275033,-0.8859105346521575,2.5931227506618337,-0.9731247480574954,2.5100986056328534,-0.9464111691262177,2.2821090092280842,-0.8782068595531553,2.3818289191291657,-0.908317065106661,2.29410878992257,-0.8734181795155456,2.8012535854506297,-1.0009431204964088,2.8151987656291686,-1.0038191913781604,2.8043408922597126,-1.009460398990484,6.1937
3.8536541424990407,2.1378539319234,3.8673688019117076,2.1384159877778677,3.879018643935602,2.136746521931792,3.874642446729764,2.136027102276823,3.8727458914831985,2.1364600800363864,3.8577114575872495,2.135495657428237,3.8549358334478194,2.1367814465053847,3.8451566014923277,2.136949097330609,3.838475874614824,2.1372218334604867,3.84761247139054,2.1364511268410777,3.8471221360908214,2.1387197152369706,3.8535547693006773,2.138054958609303,3.8418303827732925,2.13626584519653,-0.050100000000000006
5.679516699508853,-0.37659924019464064,5.3943464859054115,-0.3683543828175872,5.1579800048080795,-0.3589181635642305,4.978581575107509,-0.389066566384613,4.948353249314361,-0.43342118955481246,4.7276755271486195,-0.4178098302880724,4.517079769054339,-0.41469978238381155,4.090584254113338,-0.2787395529992154,3.8764061461616692,-0.23417936578843784,3.680954806840205,-0.21991833010807257,3.556587832459648,-0.2484292532875733,3.3736037852717673,-0.2085572380440512,3.2498090066956293,-0.19958012199619157,-0.8709999999999998
2.9877984419970502,1.6346995400598465,2.932523317895358,1.632181356350433,2.9172967349928594,1.632193066405768,2.837391760050062,1.6347012811279433,3.0265644714758664,1.634111683299886,2.9770723504812606,1.6330789429690293,2.969696774083173,1.628814588815368,2.9261659966584253,1.6302264311779386,2.9302012797758437,1.633187462319284,2.9674210924639612,1.6350376622212242,2.919401229704477,1.6405589747827756,2.9429068962507126,1.6403074269180744,2.965666928365355,1.6388605519168478,-0.1188
6.7681656961099925,0.09255001653672497,6.63018006467396,0.07548439642032204,6.480614626715591,0.06647783788435761,6.404031455263163,0.040423051652723196,6.193865727475856,0.060855793556934684,5.980095140547517,0.04767616404539671,5.784331070227568,0.04171095177129188,5.639222246019391,-0.06503707126647781,5.473502807161062,-0.0829121305613857,5.274025643661581,-0.03094904486248747,5.115732772536115,-0.043917895433999564,4.94538175877252,-0.08066768944962398,4.802404891301853,-0.08875958747587971,2.0999
7.81689517967332,2.0931476854142823,7.620841073005,2.051292613912981,7.412198444456271,2.014550236303967,7.237152772326972,1.976386633373145,7.053369034723761,1.9314902024522116,6.889674875493036,1.8822056986494122,6.723404837580435,1.8289565677087047,6.600190944207597,1.7776409858538589,6.508703256409838,1.7292161338046632,6.433078462136148,1.6817797058176311,6.395021452661437,1.6363160003445416,6.380724508235722,1.590387831896563,6.370956026374693,1.5494164308800094,-1.185
4.124846249255843,-1.5119237674659773,4.124846249255843,-1.5119237674659773,4.173585111148447,-1.5097077086980284,4.173585111148447,-1.5097077086980284,4.1451919774601516,-1.5016975060040492,4.160013010796961,-1.5068105665144502,4.174703402638324,-1.5162744291538706,4.616692782717949,-1.5169438908194914,4.686985164260711,-1.5099093636669756,4.274133583546495,-1.4986020522077894,4.414077960344606,-1.4961928907830833,4.663632224993733,-1.497762542210126,4.200931365780689,-1.4970076374427346,0.22090000000000004
2.3760205470491997,2.7283339253978234,2.320678400812999,2.9031145991301956,2.485682409319422,3.048849375365098,2.569240549267424,-3.091362143742124,2.702900221983787,-2.950110578092473,2.8421621505466574,-2.8518579616794226,3.0164968058991932,-2.76643586008188,3.2946119407298946,-2.6369941439891424,3.527163701899868,-2.5638517861276435,3.864260898283133,-2.475104529958757,4.3666491157408105,-2.345182789548897,4.514234102259207,-2.3226517117179095,2.165138813101829,-1.9748390726998553,-4.211
1.8854295213558088,-2.5555317951746686,2.118120284591979,-2.4323160366661876,2.365237586374782,-2.428545649192333,2.516665677041747,-2.401192922322973,2.516665677041747,-2.401192922322973,3.4098023549760192,-2.225717700577373,3.4098023549760192,-2.225717700577373,3.8640703772058855,-2.1626605246993034,3.7390206979903184,-2.2039362484517246,4.419843351296512,-2.105686519583647,4.874176172441862,-2.0553831872524695,4.898766818292131,-2.0529496890662915,2.6620789338409923,-1.5630955023158224,-3.9935000000000005
1.1094112357462402,0.33620263973830633,1.103703239100071,0.29131794174943704,1.1268883041366637,0.32610018320267853,1.123982335270443,0.3521687314291155,1.167419521851504,0.43173173214350496,1.196376834446399,0.4844701430883257,1.2413188148094756,0.5216841291410834,1.2949756522807667,0.5653196332778694,1.405032220271122,0.6476718437448641,1.624099024074577,0.734087412312795,1.7559073836623618,0.7901500606200333,2.0039965069829826,0.8390568523521802,2.8824014519147076,2.254087264672565,3.1567
4.795832892209653,0.3099539674954578,5.4727666906236765,0.21264390754351306,6.152112948410488,0.25297770402913167,6.849862854831475,0.2588269279528568,7.460581630141179,0.22953955261119668,7.861875514150551,0.1863246495335391,8.41378762983711,0.17776354314632528,8.89903379755353,0.19883463608400564,9.176734990725187,0.21022493169601703,9.508892706303927,0.18621684931092095,9.508892706303927,0.18621684931092095,10.872029306895746,0.12064718803068422,10.872029306895746,0.12064718803068422,-0.005199999999999871
11.568269468248047,1.665437419291888,11.209542006701255,1.6929604292355285,11.00620579218833,1.7220786025152943,4.966586329663462,1.654735142686933,4.831328605052653,1.7060574310465093,5.181944933130802,1.7714277293703677,6.629780486562132,1.0386753482761646,6.348832163477,1.1191379428237809,6.075299107862924,1.195745941515567,5.905235918233919,1.275422404489618,5.748996533309093,1.3401070464037892,5.65213950641702,1.4153625768742153,4.831054258647899,1.2636760007721592,-0.31970000000000004
8.697216614526736,-1.0827936501237485,8.697216614526736,-1.0827936501237485,8.697216614526736,-1.0827936501237485,8.698941702299196,-1.0820528063676147,8.633598353525603,-1.0867591350175438,8.62069219320583,-1.0874135165567993,8.616013873015762,-1.0904293609603044,8.684720129629971,-1.0870439881850964,8.681840314126953,-1.0858935210352483,8.690231198880726,-1.0832528017943077,8.664700499151717,-1.0784839391956724,8.660865597040512,-1.0777222033746456,8.676239426156938,-1.0823583636391092,0.1632
2.53366695917202,-2.101549845027522,2.5153076710414553,-2.108938547923587,2.4045341835790137,-2.121372396501963,2.2080229029609257,-2.187328866643651,2.0917970886297774,-2.250054219909681,2.462709737260972,-2.0970439862674715,2.4315880099227325,-2.082188878972244,2.4702295703031334,-2.1001004679065964,2.0912345659920604,-2.2535953470303953,2.278383325957248,-2.176779581992979,2.1019431105527073,-2.24488343153082,2.310862704705753,-2.167752553475374,2.4924153927465627,-2.1017270356485245,0.0462
6.979848160239591,-2.155973708682,6.440644765860015,-2.1562582416399554,5.985831111048823,-2.1763420469875325,5.652819830845487,-2.2072637198438625,5.301711317112616,-2.2465152494121554,4.917279363631885,-2.2929952881135245,4.549161783229964,-2.345235982180919,4.248020508425073,-2.410352320585099,3.96638879586961,-2.4776483527656388,3.70757893240319,-2.5428850703756622,3.437122088317494,-2.6413751958351113,3.231853957096454,-2.763844256154325,3.05474532653706,-2.9127400878028866,2.3804999999999996
4.501189074011442,-1.6005261848412375,4.501189074011442,-1.6005261848412375,4.501189074011442,-1.6005261848412375,4.432436265757243,-1.610175371971833,4.26211581729075,-1.655597644527251,4.145307769032353,-1.6966922904844393,4.003366984177194,-1.7272021159268738,4.008632201886323,-1.756513592604731,3.99343760186634,-1.774586000522429,3.9216026621778006,-1.826796178726042,3.78471458501166,-1.8985878668537843,3.744806136504267,-1.9358803996643135,3.7412757516654653,-1.9606837108196356,-0.5806
2.3775418671392496,-1.8862822490483395,2.4058281651024043,-1.8291228552322716,2.530223326111746,-1.7797255436187187,2.531176605849538,-1.7403031382656617,2.5941044312055004,-1.700841228379395,2.67069729471537,-1.6757555803753281,2.7474514627195883,-1.6244353663428235,2.830093461354238,-1.5789233563444014,2.871883606624753,-1.5386516058035589,2.969200143136195,-1.5001799286619233,3.011074906075903,-1.4775716719131664,3.147413002769098,-1.4411526907631058,3.368566083662306,-1.4027242947180327,-0.09889999999999999
5.434306426766899,1.8379715429866619,5.406765571023029,1.839673016289253,5.474913195658905,1.844241228732489,5.473190485448137,1.8555434451856057,5.413451560695818,1.8664323260666942,5.335797831627432,1.8812625247771109,5.2756440971695575,1.8870562513506697,5.221493611984984,1.8937823606438344,5.171632902672038,1.9006672388518666,4.749322584327159,1.9307819345378854,5.060491289390784,1.922915215600249,5.001467384678221,1.93466851603979,4.379222462949331,1.9788304372999734,3.3518
5.107580885311555,2.5991920935241577,5.107580885311555,2.5991920935241577,5.107580885311555,2.5991920935241577,5.153253500459687,2.620776135474568,5.034692095848563,2.641651491189945,4.934494856619061,2.663407469912086,4.917097706981221,2.6889412086977544,4.894554105329719,2.710377811743525,4.933243080368126,2.7254923588761453,4.835722824976634,2.7411703357975665,4.688067729886167,2.762258738904609,4.674858622461217,2.7948922750152674,4.680943118646072,2.817464110917602,0.326
10.37421617665643,-2.266210935683705,9.899760049617363,-2.2737318403900493,9.541127172928785,-2.2804468719100686,9.233848073798919,-2.274894314689351,8.873874907840426,-2.273819553848759,8.168697573052881,-2.3283349203985675,7.798421694804662,-2.3463563041576516,7.454441865760309,-2.34489676854857,6.993979696853575,-2.3670328589503304,6.771890496751996,-2.3664067411551377,6.578073839658537,-2.355678516552792,6.010259619184518,-2.4125433392537117,5.49014827577544,-2.484218979059344,1.8482
4.457548008715108,-2.4708983573458005,4.420959819993845,-2.4868403569401423,4.409513656856051,-2.4786459981039477,4.235940397361611,-2.510769116584775,4.000423063877126,-2.5760271826147862,3.970404021003405,-2.5737024810113254,3.9334997978899136,-2.5197177390383256,3.6952558680015644,-2.565434119931379,3.5322773801047904,-2.572207927501013,3.4087625085945774,-2.5759344270888724,3.2867458207168943,-2.571640855006957,3.2867458207168943,-2.571640855006957,3.2867458207168943,-2.571640855006957,0.028699999999999948
3.1043988693465248,1.5948612790446979,3.1043988693465248,1.5948612790446979,3.1043988693465248,1.5948612790446979,3.532141363252609,1.6812940977295607,3.4601649006947617,1.7200421030485897,3.2975040090953645,1.7618578509634033,2.930895680504511,1.7950608413893212,2.9032596921391667,1.8221908347883993,2.7167481296579568,1.847508380577142,2.571850129770392,1.8627745190185125,2.4553810804027947,1.9093547269902706,2.2661315076579296,1.9734457175291762,2.1870269431353595,1.9760303341414356,-1.3471
7.130566519569116,1.5751157726189309,7.130566519569116,1.5751157726189309,7.519532252740194,1.5786559391334014,7.530011221771188,1.5690699008872877,7.542800095455268,1.570637234681905,7.5450565034332255,1.5746664201305705,7.541286967752917,1.5594319741233302,7.542349573574537,1.5644985128931972,7.55006703877522,1.5792069473005919,7.547146348123905,1.5770238864087758,7.549868060436552,1.5942028465176077,7.099727195463217,1.5893896617694352,6.884205247521314,1.5720310375355129,0.1164
2.386183299748785,0.10315060516762861,2.430516441005902,0.09481322866195302,2.4519911990054135,0.09893819835968766,2.4664381707231167,0.0907002649900032,2.4617490631662706,0.089935380231388,2.4737408473807445,0.08552140444664141,2.4777679068064487,0.09239184784810897,2.4625177136418723,0.09333274374018088,2.4575453200297206,0.101085770337575,2.472091559793041,0.09390470276743226,2.489132147958402,0.0950355026185775,2.478574545984044,0.10196899408771291,2.4709793382381826,0.10134786808352936,0.0
3.845232670463515,-2.896374307857753,3.6188632607491544,-2.946624931116597,3.391093931167343,-2.9917592907753403,3.1889428499112364,-3.049740364262753,3.0182924444129027,-3.1146867790079984,2.915108889904462,3.101789462790247,2.737684994662463,3.0445336421452707,2.6369394172032132,2.971755643536634,2.5466198086875895,2.8907187083718195,2.450157207201204,2.8047926365358626,2.375253613827374,2.7267667053468116,2.296999521114447,2.6219605520172027,2.3436076890128197,2.4847783431799213,0.39590000000000014
2.343131665101218,1.2803614834798784,2.32829291112609,1.2729794673394466,2.6521674702024374,1.3025237309761966,2.8108780211883966,1.322970266384667,2.346876138614903,1.2743399412938423,2.4617135657911127,1.3002974135239722,2.7784035434040177,1.3427969991256252,2.4223577646582255,1.2963469682998379,2.3714112359521295,1.2839238769686732,2.4133811344253098,1.2970215237862412,2.4397824575154243,1.3045227087204783,2.5965691710408954,1.3028283761481998,2.7908229503141175,1.315971202304067,-3.3792
2.676036533756594,-0.9487614464684617,3.2140300138611018,-1.0533714011714457,2.7438283802016468,-0.9417937172482086,2.543811203686313,-0.8758063871077997,2.5404712574638593,-0.8726561203302527,3.270771535891797,-1.024661524387041,3.02228521652077,-0.9819035702292499,3.0984071811174223,-1.0132062378357494,3.043473712717099,-0.9824838830983144,3.1130534752875687,-1.0024755542406167,3.046735580912793,-0.9688927059546293,2.8993048287477503,-0.9588666501262533,3.0032729229958437,-0.9575335083707055,-4.9808
5.683174399048475,1.182921765158413,5.514655917643457,1.1694784964962892,5.39405285847293,1.1621946869367927,5.255685143727692,1.1544942395662667,5.335756323146702,1.1698075023136347,5.016831989413238,1.1381129007728277,4.831461572857639,1.1183397935132349,4.696413816945862,1.1133288263273153,4.570927723121423,1.098245279075151,4.620325539396549,1.0903253600570582,4.395392653677258,1.0707868617443606,4.253611627781736,1.0309977290918255,4.216242669723839,1.016973784964812,-1.0729
6.422796964718719,1.5629647676692324,6.42816907447214,1.566160464484066,6.275574117162506,1.5659361945577914,6.422877243883775,1.5658919630523906,5.931595543359308,1.5592477439285972,6.02281094589561,1.5606347836577377,6.3956058735666295,1.565042344483823,6.423909455308352,1.564958726927314,5.8338847477474225,1.5593114456512076,5.731532110177872,1.5600311089500596,5.662470573874975,1.5579040704358038,5.404679517788266,1.5527554256028269,5.320044500753728,1.5540663630042413,-0.6376999999999999
4.913003269895103,2.9956858219445444,5.004240990400041,3.0297945378931117,4.528661475535568,-3.1245006785998433,4.59475170711106,-3.094695892003255,5.27443491760018,-3.06733638882959,5.368422099649025,-3.0175888475243986,5.428344345194032,-2.983091646477488,5.494637680502693,-2.939849760596206,5.568336093484304,-2.8793082438020536,5.599118103773127,-2.8670980000305333,5.681650001540046,-2.823994178100033,5.790377745881529,-2.775274361865063,5.8102422230058535,-2.7712369466120244,-0.2485
2.584977580173571,-2.9151736488829934,2.548386785792142,-2.982985438520528,2.5294029117560495,-3.024897338291417,2.5218775327124816,-3.002437807081542,2.4938661331354584,-3.035332575362273,2.4909008209882595,-3.103565114623828,2.4861661831020054,-3.0590426553401318,2.487886237350899,3.0260572058037525,2.5330008645873017,2.945993341362852,2.563572132786593,2.976700491663076,2.5626049890687446,2.879813859814143,2.7368565070167645,2.7744870254377854,2.8030001783803042,2.74644477329154,1.1265
6.86897128033012,-2.089160562018238,6.32982384352045,-2.1410260625520054,6.2746444632345515,-2.144074804299174,6.515786652431156,-2.097376080681132,6.155630750784197,-2.1297830915138762,6.04919554073102,-2.1312355535687977,5.782008517807632,-2.1396346301708333,5.816835890757102,-2.128540986659809,5.743416339601371,-2.1192631920522897,5.657894934514074,-2.1121100127996555,5.494632538213995,-2.1192654941654387,5.36756520686987,-2.129988088378697,5.264040015995318,-2.152587011973577,0.022599999999999953
2.1877727692792925,-0.5853910807259819,2.187355282070111,-0.5824488661892094,2.23089621677029,-0.593249027717986,2.19820232007884,-0.5822491594112661,2.251232526861669,-0.5909101093069574,2.2430598141824034,-0.5944323493724717,2.214240747976603,-0.5688871561276627,2.207877954054528,-0.566055306998581,2.2417466270745248,-0.5667086898248015,2.2632270522419953,-0.5924633036091473,2.2842602741368982,-0.5900667094068406,2.234408541426565,-0.6057909195193348,2.204692037451035,-0.6173811124812495,0.041
8.437975219802437,-1.7759664423123807,8.437975219802437,-1.7759664423123807,8.429217057354736,-1.774813505183717,8.424484179461666,-1.7753782698972915,8.393758954127767,-1.762308666984835,8.383648235106245,-1.778070782879701,8.37998329592607,-1.7569535646603454,8.373503503910413,-1.7576826739113582,8.407391282080312,-1.755686152458316,8.439800723358346,-1.7559805094145169,8.470060288451315,-1.7770715786011062,8.48426217652425,-1.7768417340186202,8.484099068846376,-1.7780139178344665,0.2182
4.338079067974673,1.7870899802238793,4.419976571204874,1.7876051566795148,4.138792094319307,1.806867583687006,4.100233175076756,1.8081266048843008,4.067664800595055,1.807963999705532,4.458315907380273,1.7989317285666908,4.094487635834305,1.8150049391321377,4.153753344867748,1.8114016016351695,4.0240059803633486,1.8153229485335025,4.095920763393745,1.8144900469710572,4.021187001371611,1.8188570624681482,4.12178253307959,1.813480133848488,3.946061105710352,1.8175881409772456,0.031299999999999994
2.620934613835301,-1.2742049065352818,2.660804329521434,-1.2673016367786913,2.736171356110578,-1.265931802649727,2.4712155167042797,-1.2332926954919452,2.7225291935992146,-1.272127264722976,3.1516845797128874,-1.3104800738620401,2.7382934996088357,-1.2732881372163714,3.1385565551699077,-1.3100913151622353,3.1343051063991827,-1.3102247627719468,2.9390426825754004,-1.2962870068945238,3.081973440832999,-1.3040804175068923,3.083943877569761,-1.2837933339700163,2.8915796962905937,-1.2602883811417522,-3.3312
11.899622525525757,-1.5662583521470843,11.898143324065312,-1.565887978248036,11.888601805511028,-1.5666578972938277,11.883077799964118,-1.5671777277613643,11.89292810370936,-1.5661548963823355,11.88628518251182,-1.5670104419026745,11.881883330937063,-1.5670511205181528,11.876692997631958,-1.5668389859186211,11.873789880657316,-1.5669053941577515,11.87280111389052,-1.5666692350806373,11.885872799252061,-1.5672963663263526,11.902728835439376,-1.568595149105348,11.890360084118562,-1.5676172755800672,-0.0010000000000000009
1.8132946919902457,-1.6873122611884728,1.8751433358546221,-1.7270461018537941,2.362315442526675,-1.4894303865800487,2.3797384331056217,-1.5076802710331516,2.469508171681156,-1.7733935964135432,2.636666653181626,-1.7871451293956897,2.70196564374901,-1.7933952905316974,2.880313567999151,-1.785793664238163,3.069573498061253,-1.7754754513150894,2.998205945227911,-1.7947977450883392,3.1145467551475274,-1.7607931034720707,3.3232920801518495,-1.7492772177415505,3.284532736935347,-1.744509087087163,0.5551999999999999
5.855775826481066,-1.9706764610864917,5.661010703045879,-1.9666187928177377,5.332502400374518,-2.0893027872395638,5.356033369014798,-2.0697288087850523,4.738464926534752,-1.9840901123513668,4.627840396988643,-1.9724705917524106,4.720746894295436,-1.9512476334958626,4.140991806318867,-2.007992450856933,3.7877764770376827,-2.0557685565773784,3.7452260946436864,-2.0505051329656228,3.534123441533982,-2.076658092412508,3.1779425309467118,-2.1377644710261037,3.1086333878410315,-2.1522947974371465,0.3266
8.66697203237671,0.1256916606415733,8.270658951377456,0.09223948486806485,7.8604701952236935,0.05473142750424246,7.504744398712055,0.01408488941552283,7.1236929776626425,-0.028500313667510668,7.1236929776626425,-0.028500313667510668,6.188520993743171,-0.2083384415286003,6.188520993743171,-0.2083384415286003,5.962322797366809,-0.25634028506301143,5.710941305949489,-0.3297796193579099,5.506032300123202,-0.39180138733208747,5.410980917541665,-0.4535146357145426,5.361454461244633,-0.5167146726397316,1.6366
6.446536622094069,0.21588098192263971,6.366656432539768,0.19797158778051524,6.231110522210307,0.17558884868419397,6.170293347969773,0.1639017554020483,6.084342876597272,0.14212019209964752,6.016551033607212,0.13163442280047236,5.924415721402409,0.10908772660257984,5.841021398693897,0.08823258711319024,5.719652815512495,0.07791570418857313,5.6077597247029045,0.049826600358162415,5.437835381840827,0.03756053789504228,5.408615889485963,0.02444491709621799,5.247976166104413,-0.008193726456134547,0.2987
2.592267470767628,-1.500142992005743,2.631939864434599,-1.5089012978342475,2.7318873713972915,-1.510361740848817,2.6827248274841753,-1.5146671807569159,2.727566323666574,-1.5155174591842178,2.8360327007987762,-1.5100403328183623,2.8528340733382995,-1.504146554158863,2.882347227521346,-1.5116085967460844,2.852160584539376,-1.516775902078444,2.892131342107408,-1.5129866736363426,2.8994294697405563,-1.5124759426801226,2.8973092568795624,-1.5085605195053355,2.8865517040233306,-1.5116255005022323,-0.25360000000000005
4.471910384835547,1.6000273720223,4.471910384835547,1.6000273720223,4.476102041955701,1.599173035951016,4.133081602146273,1.6009720984939875,4.069454392175933,1.6033371434802375,4.427192211774863,1.6007972657615335,4.466486593509489,1.6006228467796,4.463563233561277,1.601202732032443,4.4605798602872255,1.6013352201978672,4.463378555533913,1.6013160652886842,4.46240351044143,1.6015020956310206,4.4534330229610495,1.6002610083506508,4.431785829662801,1.5991859884323958,0.06080000000000001
8.437739927847979,-1.8250393605732624,8.457535736844388,-1.826520418662962,8.456424878753431,-1.8270926096193532,8.429776970952435,-1.8274305066292686,8.452675071242236,-1.8269398071581566,8.457712826172331,-1.8266004918801386,8.462920759406884,-1.8265250451092916,8.177547312000097,-1.5200013166140738,8.197783179616309,-1.5316415940379573,8.17748309016901,-1.5315932974445494,8.183329767887884,-1.5347029351932469,8.177040328260583,-1.5349933307551362,8.189681373533402,-1.5335457264104437,-0.041
4.963174739015342,-2.097984633780759,5.003859456459586,-2.0922204430649676,4.8844138276767675,-2.1000291031733265,4.790641485229301,-2.111273104934681,4.630952611504462,-2.1232703968548,4.562223045840696,-2.1269746319010094,4.442391256969607,-2.1357092981455805,4.593865494330455,-2.112022200226624,4.460778553122762,-2.1295786143175173,4.316496824972773,-2.1429662025120404,4.226917918531186,-2.150951270924029,4.0846035413488995,-2.168176244323989,4.051568669046595,-2.1795285863385554,0.35619999999999996
6.47096684352501,1.155801168512499,6.298022566647409,1.1993418777671774,6.019751006478594,1.235586744007963,6.018266382439381,1.2899632074974474,5.714577520692146,1.326573123633473,5.481934877395024,1.3674620846145102,5.562571528528871,1.4255509597559604,5.624590381530019,1.481140856115133,5.80250785867628,1.5370286458036913,5.588585979476383,1.5763433755638447,5.707161005263478,1.625895365849802,5.748004165795292,1.6866081910065291,6.102524808634537,1.735239189164096,-1.3365
2.8966467682477224,2.9072897414503838,2.901137128782428,2.9057098169264024,2.907989009607848,2.909174844546583,2.8910283101346437,2.9135778698512587,2.888412276666893,2.9159615382014534,2.883512309666818,2.918417335969366,2.8875127185867107,2.9159255611955883,2.9004628216889836,2.914969529750446,2.8954036419815465,2.915169166317667,2.888136399133535,2.919029198898896,2.90109884354187,2.9097815751932647,2.8965518707594495,2.910120458680484,2.9049189317431985,2.9035438286001014,-0.05399999999999999
4.07936087396053,-1.7991091726704107,4.098096223858099,-1.8004520381990574,4.176312455983147,-1.7945531175656377,4.135984000210832,-1.7970207007732815,4.185798261980623,-1.793743468319771,4.291799633021092,-1.7860003829000337,4.302641309707329,-1.7831428166036718,4.100390943556478,-1.7998453853787222,4.313739234121599,-1.788733578361048,4.355502121455115,-1.7819121098382815,4.309000957298572,-1.7822786673000124,4.349558700604004,-1.781570115804562,4.20635711512943,-1.7979515552912158,0.9493
2.0755617576935603,-2.7495626064001475,2.0681194090284025,-2.750167660419189,2.0599903737639176,-2.7382689035504924,2.062535364545293,-2.730506453457497,2.0523930739505043,-2.7339306495102047,2.054399303932899,-2.744191746913609,2.0552942003518617,-2.7498555651977865,2.0502024899994638,-2.7436498699982312,2.0560666915253503,-2.740890287437828,2.0615716431887616,-2.7483313606095945,2.0773307993673034,-2.7466311969578188,2.1455330922640212,-2.601372985457551,2.168742718719765,-2.555418809433305,-0.956
4.055316008648403,0.16655133181044565,3.9872847026516722,0.174256689786346,3.9096405205594014,0.1820954946175703,3.833154529887883,0.22304644340796345,3.7701695837190137,0.2237352454389872,3.7006829923677618,0.213193900854339,3.6016616609559557,0.21647654810490313,3.5205742514538745,0.2220979897666515,3.446085734569,0.23106408174778134,3.4227264994445554,0.2530780905990103,3.305896904018636,0.2615084480490223,3.2960699704344867,0.25737776276472746,3.1755908568327933,0.2628742714532596,-0.4011
4.386514389580872,-2.40291116481458,4.278344773390758,-2.389189522893953,4.217584651195513,-2.392198184816039,4.120700030334652,-2.380701237971985,4.0227419728339475,-2.3538039164372564,3.9283462334677184,-2.3534764697053414,3.814268983697926,-2.331906718023017,3.710898199897164,-2.3186285089855754,3.612996292552762,-2.3135359054793083,3.520848166280386,-2.301922529851318,3.3978805894262964,-2.284546011868691,3.3059685086219455,-2.2846950154614714,3.164639382299352,-2.253724463014195,0.7118000000000001
2.3828279270648145,1.5937542604189316,2.3828279270648145,1.5937542604189316,2.3890990979865188,1.5931915771368876,2.0524026359367213,1.5969637697362133,2.02067952926732,1.5967311046024886,2.5555455073232403,1.591458747819873,2.718281024839044,1.591472630688988,2.716050872130344,1.5909372228893361,2.6491662424242084,1.5895580470202655,2.6119577829666385,1.5895190095761353,2.6620975339006643,1.5857475005709178,2.5422577446041923,1.5850361195519533,2.5760686015710066,1.578094333871939,0.21660000000000001
2.3695851198047264,-2.9281236498616834,2.3660094040387825,-2.924551138832317,2.3730243340513817,-2.9234767696115416,2.36941953440078,-2.920415118294639,2.37763984867347,-2.918088089285974,2.3797333127894835,-2.915184361617545,2.3777396093769405,-2.9287809575888497,2.3902606552424297,-2.926145550722312,2.3810326205241337,-2.9194023869873136,2.3766382328827436,-2.918423776882466,2.3881014718809546,-2.9220879976475223,2.3896784574498846,-2.9208630435029783,2.394902803873264,-2.919726225881886,-0.0788
3.570435442631606,-0.19247950266945602,3.544969569686029,-0.19100578208056887,3.5408694031268575,-0.1920064335809763,3.558374260810691,-0.19591850489511653,3.547224484015631,-0.1910264305156223,3.5596927535954586,-0.1872030753536468,3.560634793123262,-0.19038394815214088,3.5586260747653697,-0.19160897011619651,3.553956870869421,-0.19000104085189062,3.5598133996039647,-0.19111506593757205,3.5497236850211276,-0.19390386133298165,3.552529027326875,-0.19383485215435695,3.552381129608702,-0.19318325694192645,-0.06050000000000001
1.6937576213850702,-2.2506270343832293,1.6937576213850702,-2.2506270343832293,1.6555096888873893,-2.5506917502333564,1.6555096888873893,-2.5506917502333564,1.7929584323123633,-2.627614219611573,1.8160181551955852,-2.6553117694516177,1.942486823636133,-2.6920584497297773,1.9122623355596318,-2.8508371001939006,2.2131887583303844,-2.7003359983194413,2.4470337512997316,-2.6905373641871195,2.5519207138937587,-2.7107394269737743,2.6314243462429165,-2.747783745597499,2.74471595980349,-2.746154136043743,0.6821
3.4275601147171733,1.5767189417161493,3.4275601147171733,1.5767189417161493,3.4054277763593817,1.5794590766469399,3.7451525255989235,1.5798214489025446,3.7851818199394334,1.5805978623102226,3.4260723693465676,1.5834058516866094,3.336804798006619,1.5843126623282227,3.344776412557348,1.5836525477325318,3.355622198639173,1.584654111007947,3.815800100896273,1.596901287917304,3.960279526750607,1.602415525271308,3.9585349171126434,1.6044009401774475,3.962653918777161,1.6013866602108733,-4.1239
4.4554025957257775,-1.7770175302816489,4.4554025957257775,-1.7770175302816489,4.4554025957257775,-1.7770175302816489,4.402200614465451,-1.8274552212787747,2.2061759902600686,-1.4272967094600744,2.2859218053118098,-1.4350735608275602,2.260977456765108,-1.4328523646755704,1.9454504722557169,-1.4041519221943088,2.005292559702951,-1.399662887876525,2.0545927966387874,-1.405535627872608,2.039974215523325,-1.409209679993101,2.1406363539844864,-1.4239575825472521,3.0260900928425785,-1.9121419688758179,0.3066000000000001
9.791386456472848,0.03159424504268279,9.498881315712916,0.03806630566506629,9.238742210928933,0.04146774305422386,8.905666333857338,0.04230029721239741,8.625887391451384,0.052505678595023086,8.324059819583228,0.06056036301133793,8.08527997598104,0.07084219402332986,7.806019247990616,0.07764634328607714,7.50783474045613,0.07920012475264927,7.351715316169418,0.07040908908135632,7.075427920627839,0.06626355803346064,6.868463226224625,0.09948756445828014,6.705748823956952,0.10685800127723727,-3.9688000000000003
2.4509053429294223,-2.528125779528629,2.2650506793447223,-2.6006885765289955,2.0621538473159564,-2.818876004816437,2.007736907565328,-3.0112265864222385,1.9776076481445983,3.1388115118929787,2.0958216002322336,2.781900540768099,2.1227662918936745,2.748917787131201,2.2334152524776956,2.6498680514684136,2.525691042071457,2.4015084413728394,2.9852409015019212,2.255069260323527,3.226860097680098,2.1909413402741813,3.5214913318081593,2.151726288638228,3.8277820261869664,2.1038052364368807,2.0984
5.545271226910366,0.3656408830247386,5.4675734736718455,0.3732076580964458,5.40774870810396,0.3888679604972761,5.40774870810396,0.3888679604972761,5.536976070925355,0.5047461454043563,5.536976070925355,0.5047461454043563,5.465641439026167,0.5228973646609939,5.325503774292153,0.5565830204998821,5.3919889734679565,0.5540679569025384,5.1278977846677085,0.4829139047175179,4.983892022305459,0.4765065301205829,5.116585237245634,0.5792265243445688,5.06548772479018,0.6321258482482847,-0.3005
5.371597632920766,-1.7574468358870503,5.289312388203218,-1.7653739691344685,5.2017242564365125,-1.775423220082727,5.065241602332508,-1.7780922465703966,4.945179424449632,-1.7892042636885992,4.785916953938923,-1.8055025935782194,4.677358003189406,-1.8284171183279152,4.626042449005412,-1.8708893219600233,4.455942918171188,-1.8563525779803076,4.4191733457740705,-1.861227925208201,4.3468676814460325,-1.8848936724497558,3.9142838425438713,-1.957934925697577,3.731165679784268,-2.0152293640180914,0.032399999999999984
2.7114102492983245,-1.2161739356374561,2.774428214966104,-1.2087773532760664,3.2102056787688866,-1.273202040718688,3.3360873010159677,-1.2839735152368617,2.7601803002702545,-1.2289836060192547,2.8381348699454008,-1.2359422902790467,2.7238821266714157,-1.2232234833668196,2.7472171173753264,-1.223822847654786,2.7084689180420733,-1.2257159719096324,2.6422024014068275,-1.1939515725517191,2.7328068501085094,-1.1956988284667522,2.732018221022694,-1.2492541201971696,2.766142239654353,-1.250543376253886,0.24519999999999997
5.144714348727251,-0.0708698492640252,4.908779368641457,-0.1191093464826322,4.7417894565237715,-0.1428365255396877,4.615174692251633,-0.18549702572506221,4.4403961647582815,-0.22837880156872656,4.283795491150339,-0.3012346680887254,4.159505515082289,-0.3790822455013547,4.046067285649112,-0.4678919906228109,3.966736315915138,-0.5561141513078973,3.966736315915138,-0.5561141513078973,3.859913249025161,-0.7009744498861995,3.847159327347909,-0.784056425088156,3.7891306720671447,-0.8527235454301958,-1.2203
10.395812211174263,0.6191100236002086,9.912617874708976,0.6579720596755511,10.300304875584992,0.8556496510036375,9.842648888383653,0.8713685137753658,9.801638110030382,0.9383425757294981,8.225432178919235,0.8362172922516395,8.225432178919235,0.8362172922516395,7.602288923738696,0.9628656920632053,7.125669336279924,1.0197747990573858,6.796141500145504,1.0995877610776277,7.744097102309601,1.0677652930133525,3.173904324329894,1.2575944462162425,2.563239093412862,1.4507770756704743,1.3885
6.4485709874359,-0.26152438927448735,6.595655337417199,-0.2747904849588175,6.778983004846674,-0.28142620018877285,6.972597258554375,-0.29657247879448945,7.164721547275927,-0.3093610422175497,7.35464387853008,-0.32025425756085213,7.551716059280836,-0.326072063147088,7.728378454760087,-0.3311454052809776,7.914800081492895,-0.336961621245878,8.065836862347265,-0.34877841819407884,8.242709023130677,-0.3509808256261824,8.427161236145896,-0.3564304455197739,8.604004094025061,-0.3598548377299335,-0.20360000000000006
8.27151089584001,-1.8148982678562389,7.999620084103996,-1.7950569499025941,7.808345640402966,-1.7854174428887086,7.532548960345359,-1.773846898223203,7.277029163745326,-1.7594626619196962,6.9195309262984015,-1.7448356229729407,6.580998723598111,-1.7343262439761096,6.232731037033444,-1.7384903602198032,5.859606662567034,-1.6967346702860684,5.859606662567034,-1.6967346702860684,5.529525929046721,-1.6569863297249936,4.781521687705703,-1.656186716882483,4.430188088557866,-1.6549779264670963,0.9430999999999999
7.087792065234419,-1.2234067042928825,6.8644036252248455,-1.2511971389074408,6.66567736467945,-1.2849997190870697,6.384369466125842,-1.3201040913777025,6.1394744481918035,-1.3618178046990834,5.951632169413694,-1.4011562150224195,5.951632169413694,-1.4011562150224195,5.622605091058772,-1.497722448795022,5.495125742874319,-1.5488296397348933,5.375865441954437,-1.6034480347282365,5.289728644269006,-1.659992847995238,5.19878636702837,-1.7187351519383465,5.169461629609024,-1.7837392754874828,0.26660000000000006
1.9569046808672097,-0.3395108770800493,2.073578187578181,-0.3411196998616706,2.042878530407521,-0.296562714097255,2.150714978791938,-0.28059888726539567,2.2534970623455473,-0.2913930384848886,2.3076663558668957,-0.2726865558949425,2.364038047494158,-0.22242663630656737,2.4233549059104016,-0.21414834288441262,2.4836225236537057,-0.23074023170190375,2.5414213129664227,-0.21016719381358628,2.610366889921801,-0.18232396730865763,2.710613306984234,-0.2056436905774094,2.781137668293317,-0.16514276620105497,4.2410000000000005
3.3849510085080996,0.021065378294955264,3.3849510085080996,0.021065378294955264,3.3849510085080996,0.021065378294955264,3.23727268700059,0.048918694617390915,3.1984537264121853,0.09770250271012539,3.078271146276753,0.1380149616856999,2.974762972070216,0.16223623062118048,2.8713780559167037,0.2213849447409341,2.7912837279646125,0.2676502980707966,2.6922753685312406,0.35210621800316205,2.542643350924387,0.4315782216598891,2.4013596669387067,0.47863996671361947,2.1955286675422894,0.5447860118609358,0.6029
7.03690276329011,-2.479602243862294,6.761336128310735,-2.507450778333561,6.460511240606274,-2.5452786958481752,6.157262356762138,-2.5848198941259213,5.785586858737844,-2.627486769535943,5.502471889069494,-2.682000679954619,5.135339593444625,-2.764380484308581,4.88449432899661,-2.8368245183695193,4.697021971419762,-2.922558848733879,4.561186039836569,-3.011257766871347,4.600757308313493,-3.1011752591263626,4.477754816869723,3.109160002745083,4.3180904448610145,3.0048800899703325,2.6305
2.4175124094821117,-2.2496717459285387,2.390752962980493,-2.254303874195918,2.4146978775822046,-2.2719929680454114,2.3791180088427724,-2.2663149488763126,2.3358420858439897,-2.2644931365443433,2.2551365213662797,-2.3016404162588966,2.2193447861925395,-2.31527346910967,2.199295109802229,-2.3233940598197744,2.1965953405213257,-2.328925303829742,2.2332379944824523,-2.3388423780025205,2.198389783455153,-2.3336129100865746,2.2025455909015843,-2.343031441323806,2.2071347670679278,-2.3713807625738403,-0.4431
3.530946425535228,-2.508904720483715,3.569469991469325,-2.5525410912275825,3.6802667131608824,-2.5798942162707275,3.815820028512874,-2.6068855791038796,3.937812697424801,-2.6244057400518517,4.021895798003721,-2.6507212133746654,4.1231122856405475,-2.6691158745058443,4.283089221578278,-2.6534262291685557,4.365704983161369,-2.679584051521258,4.47204641523319,-2.689775557416982,4.547273496283241,-2.7022884885928202,4.62672325517747,-2.7169470985956528,4.737342741453271,-2.7354674463633284,-0.5406
7.936121662373882,1.8561508965849505,7.9555654915285565,1.8522660234053494,7.957892138625654,1.855610304237874,7.935429335581032,1.8540102531216696,7.958753200093593,1.8509340762559157,8.032116834309619,1.8473105971172112,8.067808446536148,1.8457333920195618,8.101040349239105,1.8422949152508075,8.122992855468974,1.8430505907590018,8.106059072076885,1.8492620509027802,8.109083322423071,1.8483218689054315,8.170126467197433,1.849884493926856,7.896390522890824,1.8604275664755887,2.1129
2.7858992677410277,-1.4752779913945122,2.8147967670863903,-1.476154498478269,2.841645474016773,-1.4802320205668742,2.8031311385663007,-1.4765836436230464,2.806231412410601,-1.478549129097914,2.839456828338831,-1.4763421295265284,3.342892690470337,-1.4741727155686422,3.301884168168227,-1.472360213948103,3.2960196434487488,-1.4752937759754532,3.4835314969151634,-1.5186704255973176,3.3640246996715084,-1.4963225797371742,2.893101508761833,-1.4702850348743455,3.3070265314932086,-1.4716933395621001,3.1630000000000003
3.1716324329909344,1.6881979451266331,3.3274319046375664,1.684885216154656,3.685501897978075,1.6763237282845787,3.687696425954825,1.673670520279353,3.684456155255481,1.6746617786713633,3.136048349435958,1.688091358745156,3.628025846104188,1.676699042325001,3.6107876218354367,1.6755355524331104,3.3064777392264415,1.6853678667477365,3.211864046001948,1.686469958065331,3.2987722958700854,1.6833483220105399,3.065228854425068,1.6863136325567871,3.054793631327652,1.6855566118384937,-0.09540000000000001
8.437388428299359,-1.8107244116713692,8.435461338895461,-1.811634703056199,8.429855744910462,-1.8125065951957295,8.432961943469207,-1.8116708648130129,8.439912046935087,-1.8119932248799935,8.440827581463795,-1.8200879213054975,8.444046381919039,-1.8225334875008725,8.441391878120573,-1.8231648530424263,8.426330070083894,-1.8174530435296765,8.423111141377632,-1.813670142083012,8.420180549726945,-1.8134504978932517,8.415932669051003,-1.8136366461635596,8.43928970293116,-1.8117429159448886,0.0736
6.077090910954025,-1.1507057386037305,6.077090910954025,-1.1507057386037305,6.077090910954025,-1.1507057386037305,6.1152666246043585,-1.16184848626064,5.915751938680323,-1.1648613251201607,5.811090882958207,-1.1815979899450884,5.510826526030374,-1.1690258818466415,5.3526173111852495,-1.150056684880832,5.251411987265902,-1.1454548241651978,5.135600811979064,-1.1459704999538172,4.963499575904081,-1.1523224308934834,4.83193159409361,-1.1504496567464777,4.69988531136665,-1.1390974010300678,-1.1723999999999999
4.411993039432407,0.6129931552549878,4.411993039432407,0.6129931552549878,4.411993039432407,0.6129931552549878,4.42114277534666,0.6381721446076738,4.439830092469759,0.6792082604132365,4.818691134530206,0.8105671593056418,4.539717820525855,0.7615178745067481,4.642098181856995,0.7741106543717603,4.918251064148717,0.8378270726435983,5.0355802535556915,0.8703574118409426,5.016232072980677,0.8941686824715241,5.271383455033414,0.947192636141098,5.384448280000469,0.9654959793113393,-1.2891
4.346136219678349,-1.7817386006749691,4.36905878307903,-1.78164507682107,4.306714088490202,-1.7853147484689642,4.341740858227259,-1.7857729294860314,4.339181747749219,-1.7828360989987613,3.8810832366750394,-1.797013870513535,3.908827093899139,-1.8148442670186005,3.9327487855188514,-1.8135918431166447,3.919510117348849,-1.8114063139695558,3.924010057326563,-1.812122122801789,3.912513353331843,-1.814925730593461,3.893491112099784,-1.7962014099655383,3.8951774093101337,-1.8006874585043382,0.5502
4.538551267750539,0.7484495511406725,4.441012326035587,0.749087573200784,4.300608283719872,0.7546302937896682,4.009693384786427,0.7220817231231399,4.005758647247732,0.7575392995543875,3.6959785240176943,0.7071266488915847,3.6073877709500475,0.7205693777407588,3.4436397212832874,0.7359945113956775,3.4436397212832874,0.7359945113956775,2.991588330636419,0.6411411562286198,2.8523869881206525,0.6156401343931742,2.6995262047255655,0.5839443510558399,2.53533496997931,0.5838128061589799,-0.5999
3.782425852544895,-0.06556046657390255,3.7695335573516258,-0.06323297227126137,3.780562127514898,-0.06326029675429082,3.7723674383601593,-0.07123569585116324,3.7915568543805342,-0.07357177920534533,3.7695324378495534,-0.07333740843216133,3.7694114182455505,-0.07067993917124042,3.7673342100217173,-0.06888297036890118,3.7555801815431855,-0.06141393544526513,3.74979765320743,-0.05656654585711699,3.737475642729986,-0.05560091210335406,3.738975110909403,-0.05748054557868047,3.7361558452505763,-0.05503083051420762,0.5569000000000001
3.852227575053171,-0.22780867160434953,3.6680162227013122,-0.23523216393778906,3.525947261375307,-0.23625649432694207,3.336720117121006,-0.19773645556960126,3.2283076185518618,-0.19805164801176328,3.0238897681628556,-0.007705383579724166,3.0668882682614993,-0.17471186453340007,2.9193321736314983,-0.023877592344487754,2.9167298023642885,-0.08777935680510879,2.834468080610543,-0.03532261283625549,2.8209987185392356,0.008365929107414882,2.8107531606315077,0.1333485340839825,2.8310560891653096,0.03522382334961779,-0.5026999999999999
5.390817752437929,-0.060361447344900815,5.245684767501761,-0.02379322844551748,5.084071467829692,-0.05529884216618285,4.927753021408433,-0.0900205198941345,4.766058606437818,-0.08945934373351834,4.631097740277138,-0.14544549970351128,4.390814645370494,-0.11160036798746435,4.242821419763032,-0.1441769594575143,4.0615122725408535,-0.14048336714234527,3.9190239652239938,-0.1547367569301451,3.839921270026249,-0.2446249580811056,3.7458024627574815,-0.31387390955368677,3.5620155109151392,-0.3179331013496892,1.2752
9.684944033395338,-2.465056951482234,9.553554065896105,-2.457643209192765,9.48581853769088,-2.4609032618245945,9.355318594254285,-2.4549155180461293,9.257433253337558,-2.4455127980655216,9.175330674150112,-2.44985877938137,9.068411726978434,-2.4455554292838766,8.997587150453167,-2.4341152159680846,8.906852707887339,-2.4386461043017094,8.748373391665442,-2.4336234930517326,8.64562066250885,-2.4302966566347854,8.483523871599584,-2.436965664608909,8.332596971532942,-2.4522938915286225,0.179
5.179598607035112,-2.376823774684944,5.010096331409207,-2.3716495373412707,4.856249816473612,-2.3746877068803043,4.729683890071304,-2.375003205574263,4.560517672370099,-2.366551993644274,4.560517672370099,-2.366551993644274,4.077675516761974,-2.321332163218117,4.077675516761974,-2.321332163218117,3.8659456204142333,-2.3613524778119857,3.4549055327172096,-2.4088593056380043,3.204877671612444,-2.4394035160821956,3.093275755570465,-2.4536385787562396,2.974623056792237,-2.4413749683839447,1.0401
6.095265318261377,3.104621115303341,6.095265318261377,3.104621115303341,6.095265318261377,3.104621115303341,6.1498039269557205,3.1008483753300453,6.205302364913412,3.0958093502992603,6.267192803799803,3.0964215104381827,6.296344486287268,3.0916699483032746,6.360396302904402,3.092393482260863,6.390656406035296,3.094929495452004,6.452902443087141,3.0881804317874235,6.481313546650866,3.0967564715484293,6.55696174230108,3.089303769263886,6.605883688046591,3.084445804186508,-0.4305
4.2013016506792304,-0.38838280545926207,4.1626158794681025,-0.45919975591105744,4.186779040025873,-0.5675847025874564,4.083444754126107,-0.595086783433592,4.142707772701328,-0.6642040237193452,4.2015156051120375,-0.7156662822172989,4.151469917992899,-0.7455311214055584,4.144388150258129,-0.8300807951820535,4.5006035473034025,-0.9114700132203594,4.706233629984809,-0.9603680285895027,4.813573915501867,-1.009497231615382,4.924423613987734,-1.058279654658349,5.055047205516485,-1.098434437809349,-0.9442
4.647007708192445,-1.5085224886894846,4.64111043285979,-1.507104712503646,4.637945179710515,-1.5059592849425183,4.637945179710515,-1.5059592849425183,4.58359711689411,-1.513976298790654,4.5754108329198155,-1.5101525829993343,4.566295462407136,-1.4989037565233347,4.314271210760863,-1.4947426423021049,4.260439531315989,-1.4974988315251219,4.260439531315989,-1.4974988315251219,4.213479001965004,-1.502652600403528,4.628659210829849,-1.5004154960147709,4.540544295566337,-1.5010344558329656,2.4285
2.7321932362115233,1.6392196856726962,2.619214783098171,1.6407981104297968,2.7364059238351315,1.6376124413255355,2.8788128977062777,1.6449573275006821,2.9387506256911315,1.6395872624368537,3.176229879904793,1.64279916276273,3.2379756422802184,1.6387614418410552,2.7546721656124524,1.6377508538585723,2.6747639166849875,1.6419279889497536,2.7001012166213334,1.6340583672966085,2.357776282856371,1.634458588184489,2.167979875367853,1.6350939847122405,2.1708165952009857,1.6360254176913975,0.34590000000000004
10.51904312425802,2.8744776408100203,10.046761908694762,2.8688534756377306,9.591848444382345,2.85986321566825,9.157992640311521,2.8532045083691844,8.74276797358823,2.8417919459987098,8.3358826053394,2.828874718594283,7.971135799871934,2.816454137482373,7.605987246899645,2.7970563902071097,7.268157572590178,2.778192274938403,6.786515832148335,2.7553264601319096,6.678932532972619,2.7460747940169843,6.425830140923427,2.7314901332569113,6.08248356676777,2.704365591183417,1.3128
2.710149254192472,-1.2458253219322237,2.6559422056965016,-1.2368294765237153,2.651894705677434,-1.2402095307685084,2.636140197333973,-1.2391610203335972,2.638961214190161,-1.2416521696334961,2.5128880755019716,-1.2222633164474883,2.7161857613204594,-1.2590932867379552,2.768590776911606,-1.2666250984313219,2.7252332468983265,-1.259199180363242,2.763829415864877,-1.2585653713173715,2.806894064620182,-1.2569659303593146,2.751874766409255,-1.2572392019345817,2.8534928841684546,-1.2745596016167366,0.9441999999999999
6.380829906054543,0.04275040802399833,3.294649146722608,0.0987444829969711,3.411217303251145,0.09541863432547738,3.4123309481936266,0.09936247202921177,3.422440442140665,0.09284495329623406,3.421565723466377,0.09542276397091448,3.4142463721881593,0.09453934153015892,3.4336673601267784,0.10571077872929663,3.4488475306977553,0.105972702298709,3.4374455544779154,0.10448255633983185,3.438586920524184,0.10430154465636121,3.4346540277006086,0.0824013635072666,3.4331326350725253,0.0666941051872129,0.01930000000000001
6.366232079495688,-1.4036411548438803,6.189730524829007,-1.477133559820624,5.9723505004311335,-1.5398990513442048,5.811362568279493,-1.609988220114645,5.646993578887796,-1.6834482417774232,5.498396424413215,-1.7485090804651564,5.37685455726673,-1.8204210630090651,4.7422841005152785,-1.9246333786353882,4.6107098846056225,-2.0013045421251885,4.61806948085453,-2.049154454025052,4.4183229092043526,-2.1330278807777003,4.294387604769744,-2.2027239321900836,4.131646055750665,-2.2896559256879154,0.6413
2.350142642479389,-1.8581204418332555,2.3794961252332394,-1.8549148744443527,2.367206159167386,-1.8568716081193346,2.367206159167386,-1.8568716081193346,2.3605812377463313,-1.857388055720339,2.497685024177388,-1.8422875335601763,2.5493055093495562,-1.8260595804385296,2.311309042512489,-1.8566792970868076,2.2977105322472626,-1.858147027276902,2.5769973321678084,-1.829713960214539,3.20251116001178,-1.7790741360176474,2.5972207164582684,-1.832033643815986,2.422659598457859,-1.8440101306881644,-2.1300999999999997
9.212018230550783,-1.5246228266869137,8.887921710951328,-1.5174965474486937,8.469069876910924,-1.5078553082502215,7.921247813318303,-1.4918885017786194,7.921247813318303,-1.4918885017786194,6.613187276948992,-1.4512653083628604,6.263009311824471,-1.4415852902182567,5.876311704632424,-1.4209933948630387,5.4210246780475,-1.3940809852115519,4.920010781492252,-1.3616534848972457,4.233231583554106,-1.3137972488801852,4.02649068668984,-1.2830980635332194,3.717470451799181,-1.2302622480500327,0.1906000000000001
4.253734581517754,-0.8747336557033066,4.212749479852798,-0.8716115822409959,4.164210356117953,-0.8673872944445566,4.140259066773479,-0.8625342025842633,4.082695249464501,-0.8545585171298518,4.211105911752873,-0.8864870084142686,4.159734539607063,-0.8829220579426111,4.065892354699026,-0.9016941048660826,3.9952725226197026,-0.8946207943162765,3.919890296934341,-0.894170887110943,3.903563404121931,-0.8963954525718374,3.875103937960889,-0.9160746383539302,3.87692655205125,-0.9114521091121638,0.30069999999999997
6.7764920497260235,0.9460523348540126,6.60824292002042,0.9436421974294897,6.4054104169834405,0.9374524311189145,6.204195616677478,0.9499753641221488,6.109556014147016,0.9462371705806204,5.92318421881339,0.9640675140515051,5.772923448305893,0.9760628108253839,5.513633651232189,0.943829532667166,5.224152120679486,0.9550506533125138,5.331563502388394,0.9996335245666135,5.265388978033816,1.0073634372733469,5.150308310188815,1.0277961742020216,4.978959218551603,1.0260505630339594,0.646
3.0932699413403877,-2.887949851095634,3.0229539493680733,-2.88803715580777,3.0720009667967227,-2.917955896623238,2.9871574933371052,-3.024491731928004,2.9801649836879807,-2.997545921901736,3.008004378321282,-3.0164995544156774,3.002488416297388,-2.9966387144812914,2.9855370605638107,-2.977638889787391,3.0328435271210403,-2.940123243381785,3.0373351626055354,-2.914278050370413,3.015170789524197,-2.906170222204099,3.050372313341443,-2.8955406029448194,3.012070565242456,-2.868564768402287,-1.545
8.15842645857643,0.3994356971953308,8.138486528833235,0.39960303275643266,8.172633289827704,0.4057095763339582,8.179452168696871,0.39908049290552083,8.160611779149898,0.39903006798269197,8.169495360179845,0.39766861992614655,8.154182542106842,0.3970608393317319,8.147745840415004,0.40137533851434415,8.15140604374485,0.4014912881074044,8.121840831363295,0.4023681027566288,8.192019316383476,0.39828796353280915,8.24313197395262,0.40122169218219766,8.352555226396289,0.38916591137718376,-0.2689
2.7910803714690826,1.6877920429544362,2.7910803714690826,1.6877920429544362,2.733132029375825,1.6898053076197026,3.101511234865999,1.6850212482119182,2.889980792323714,1.6875674828081242,2.947568061979232,1.686676234737802,3.001049917945384,1.6878894979790093,3.579450417312692,1.6810925850464167,3.715524357341775,1.6809631406728016,3.714600244979266,1.6842956487089205,3.72705353999644,1.6849409722374162,3.7140447937524903,1.6874567763287007,3.480345281721341,1.6934477940473687,-2.8209
2.5584486021806256,1.3699129883621002,2.4505187369208175,1.364981463370803,2.887559363891934,1.3964812204751513,2.5001651465453256,1.3622618759323422,2.424091964014567,1.3506731781785197,2.394553755921968,1.3491966844022787,2.3600263218871085,1.3482024440481033,2.3750494921159016,1.3448842747126832,2.4582798640512853,1.3589046347813971,2.8647945563338397,1.3983423516289222,2.9302899924751467,1.4128177146824752,2.9573286087278166,1.4106785989573163,2.9673907545181857,1.414024509608942,-1.1844999999999999
4.970017819887574,-2.1400363066398658,5.098059800551577,-2.1493761793874375,5.107729950770692,-2.143404252189253,5.077624870941138,-2.1671398086326166,5.127170004008063,-2.1271214856892975,5.127170004008063,-2.1271214856892975,5.092971804359413,-2.191086897974699,5.4404632100584935,-2.071928323398937,5.443617651892904,-2.0607115097940025,5.3004599130641505,-2.067279215233962,5.258481704826972,-2.066716044610285,5.208216838803852,-2.064690880696253,4.6116873484658525,-2.1203715955269984,-2.1773
2.852759776076503,2.9309424557783497,2.850199868430275,2.9356992215494064,2.862360055967812,2.928801044433838,2.834819170599771,2.940509728493148,2.853737221609578,2.9326995556856588,2.838450964875035,2.9317739134308156,2.8251505765179927,2.9343534707825416,2.8160092489194675,2.936863590079674,2.819367198503949,2.9388130975711255,2.794374257324882,2.9473061829253617,2.804652707555781,2.9475185508038253,2.831790401848266,2.9395708316588114,2.852355254872721,2.931270632301652,0.7237
5.557688645471244,2.4806157648767457,5.4642931153077825,2.5039294785470196,5.449750108949951,2.5203512843132656,5.353594786683057,2.5459692651374053,5.221389176263346,2.591020467591686,5.1996844452331885,2.6126875980282143,5.120061821892392,2.6480772285997523,4.926822417136628,2.7216289623634036,4.888628965262144,2.749158654398741,4.8422782840311855,2.767678475017153,4.844799349818319,2.8195287955468875,4.833581183760134,2.8696103512837996,4.9272428172356175,2.928984026115081,-1.4135
3.2646075568129147,-0.008117450740558836,3.251847088963443,-0.005381582833500988,3.262039161322263,-0.01210928606581459,3.243902225715192,0.0011714289163734248,3.263733023701534,-0.011949791210263783,3.2661769700982273,-0.010409911769793266,3.256733628960153,-0.0045444462543979755,3.2450046610136063,0.001694913631224852,3.2378024708125657,0.0012354061291710624,3.2115859789206964,0.007317322303198962,3.225545859230648,-0.005332456044599333,3.2425726113689346,-0.006692267091378472,3.2695920999415238,-0.025847080254852176,-0.7679999999999999
2.739015841502203,-3.0854481156624716,2.7584751294872984,-3.026419633688847,2.761728288590315,-2.971128138708688,2.774994502697257,-2.950154830946066,2.763503660211078,-2.9923877926992186,2.7486954614871393,-3.000806926874189,2.7382795127597954,-3.011104461801854,2.7157981441926076,-3.014807929725016,2.7449200352651446,-3.054851158915992,2.796452304259809,-3.008712655876509,2.835124776795552,-3.0180032719307373,2.8116699664078593,-3.0232372341368725,2.800608828451408,-3.0247091967302975,-0.0928
5.318048917601268,1.9307136290727334,5.24223592467947,1.9559466662716813,5.265203940019798,1.9972241962229618,5.607542124674592,1.981687338612968,5.6207061166725305,1.9861050600090213,5.692842962878917,2.0048235540162285,5.731894187788186,2.0167554360040882,5.755915941881014,2.032711306572116,5.800387056912672,2.0535197927799964,5.7191798581614846,2.089638815984332,5.6780279754506315,2.0823338637200717,5.616386911529514,2.0791053964143487,5.638504699829555,2.065500444586096,0.06319999999999992
3.841608001865881,3.1145173487643385,3.8574065964064563,3.113642777406066,3.836830600899649,3.1195674872183936,3.879038068903173,3.1054160022859203,3.8544168495376776,3.1144775774607676,3.889364086839909,3.1151070788644026,3.9066346130653185,3.11266346662733,3.924499979615233,3.112157902519846,3.9264795084146322,3.111484802690709,3.947814728428883,3.1088598423050087,3.8791842879657037,3.112123430970165,3.8945712395589944,3.1160414898463857,3.8670796746382132,3.122843557653925,-0.5002
3.3890050354049333,-1.3674807999925722,3.424349666725055,-1.3751188995895802,3.37571555821873,-1.3774268422013785,3.44381561643477,-1.3764759280942644,3.5803197692384954,-1.3684873264596873,3.5803197692384954,-1.3684873264596873,3.7901838754867816,-1.3968684493306671,3.429626838301798,-1.3682256880548527,3.441651818531329,-1.371018869346857,3.578019436783426,-1.3832834172143453,3.651020909280031,-1.3874102077048207,3.7801934474309626,-1.3989284602661023,4.3011189392994025,-1.4237469327915895,1.524
5.722462488299945,-0.3800228683690043,5.722462488299945,-0.3800228683690043,5.493768923061838,-0.3964307402352852,5.425349599795389,-0.42253624491404973,5.078889639478299,-0.45301055544220853,4.855138503688642,-0.4617409019050081,5.048815245183768,-0.4755084717149282,4.614513639594101,-0.5432403305663702,4.455779264056964,-0.5724593946016748,4.3498467881064515,-0.6170051215744361,4.286488000683076,-0.651811037563328,4.157890389368142,-0.6819339007905685,4.2465904358673425,-0.7800531139752191,-0.3409
6.2643497387997105,2.551850066674394,5.556972076589909,2.674653491413555,5.210799625777218,2.773363403921614,4.789531927025855,2.8606831726439337,7.585989739645048,2.3485976229451992,7.425443580015948,2.432507714142054,6.338803756230352,3.0734671888576126,6.277673029076935,3.015078099765983,6.202677957946872,3.013296247019018,5.870473119774934,2.6040974547323867,2.7348703662148233,-3.0583481792824454,6.316082407632123,2.9982446826567957,4.380994627935535,3.0165694957142195,1.8629000000000002
7.1122994790714475,-0.23776967602175492,6.783869695092911,-0.11404642066900209,6.5877294032162546,-0.03454076957459821,6.327261275623125,0.009087785215375885,8.114698469444194,-0.5221267313512589,8.13474067441612,-0.4520034787456928,7.986129668994864,0.09801402121627892,7.8310168618130325,0.04745737265823141,7.67027162817589,0.04384561082762503,6.782387267032164,-0.2962160136723153,4.27468837226762,0.2833767688325098,7.515542339046468,0.02214259341105148,5.603850052419318,0.10151531015740395,-0.8694000000000002
4.398599797662887,1.0166287455756695,4.339174974577542,1.009111679667469,4.3138007939634875,1.0015299957941546,4.32705836914641,1.001158455830657,4.319209522586282,1.0037865475871433,4.32993192094287,1.0036384523401176,4.32023564750813,0.9968150061501528,4.317373409840757,0.9923528508011449,4.330943705475746,0.9937638553882202,4.341647231178508,0.9989052858202396,4.332598762867385,0.9988236957197967,4.332598762867385,0.9988236957197967,4.331043787587463,1.0013913444029958,0.2211
3.092405332423291,-2.616313763150662,3.092405332423291,-2.616313763150662,4.2752047646867135,3.0536942426079734,4.2752047646867135,3.0536942426079734,5.439033349778253,-2.3336495460131643,5.208239721825406,-2.399680769618584,3.559594072362747,2.931602024489456,3.8659734220503905,3.055635241761353,4.207848648656462,3.0770969618182047,6.015859563686636,-2.7850418499437137,8.293373499969722,3.0085646330003555,4.972659277489256,-3.1335888023857654,7.179320057637772,3.090632628467768,-0.8683000000000003
2.4124681469399762,1.9746430903828025,2.4536588780839126,1.967612680813318,2.4674633715619767,1.966806387811953,2.5695407546875,1.9510497662220494,2.6419447174382733,1.9406469374059392,2.2096932479418943,2.0313069292877524,2.199790283186104,2.055405524158447,2.23297135001773,2.039951590899917,2.1981889500222693,2.021687501488429,2.2562205432980154,2.0051636034499234,2.435409848464936,1.977451152094373,2.448786722031955,1.9723475175481076,2.269656778017327,2.017753857123824,0.657
2.2982425742292736,-1.7644116218561747,1.9690881773044098,-1.8063768630010684,2.1411699442127423,-1.7783863618602174,1.9156678678727175,-1.815281225323034,1.8806660362754473,-1.8269562823182077,1.9430058775001164,-1.813627999012559,2.0821962179391256,-1.7897153130347283,2.077141675476182,-1.7894182760160784,1.9082946129987368,-1.816029180889963,2.0757148599940205,-1.791644282759268,2.0629961924346847,-1.7864736623336477,2.453217161198738,-1.7502998167576391,2.4501314515756087,-1.7479155781846232,2.3432
4.386028240903152,1.7525279903427637,4.554862295393794,1.775567520937139,4.621276403765523,1.7035737909135127,4.8692538370883875,1.6732911582285341,4.9349412083630755,1.6778306267568928,5.084257319412541,1.6562618671675784,5.257753464170794,1.6332590338013204,5.378394118136009,1.640855933259797,5.416571908504495,1.6416013266503324,5.569023049871493,1.602638530259944,5.618886017708494,1.5864228358762962,5.616582813419564,1.565365951971631,5.534583317649125,1.5510103485845461,-0.2802
3.0355527799727016,-1.514830021231723,2.864958137565013,-1.5169125752121657,2.7782033420899914,-1.5191572875752029,2.760577702221042,-1.5198791846115276,2.760577702221042,-1.5198791846115276,2.2661268477294,-1.5104364920526119,2.2661268477294,-1.5104364920526119,2.236851009790326,-1.5121087595224396,2.760949188232192,-1.5103092244905887,2.5093299284868844,-1.5043951676697929,2.7770862428091774,-1.5102643070127884,2.855610239510987,-1.513965271182322,2.8734154328951473,-1.5122959580152717,-0.019799999999999998
4.150536168978656,-0.7439364403631195,4.030320593947829,-0.7819418548980387,4.075619370108059,-0.8240107879906937,4.083341585025673,-0.8428178035929685,4.064466613222455,-0.8735599773932761,4.040986554048405,-0.900352992481728,4.097742883588477,-0.9113198905358372,4.311091074194561,-0.993312540063605,4.374418914553107,-1.0289419272856335,4.420554744599366,-1.0432689999817544,4.267082743514588,-1.0338975707888924,4.201639756095232,-1.047422856581076,4.211646756317531,-1.056391746739401,-0.42190000000000005
3.9137761420398096,-1.8209061055362508,3.921834121938355,-1.81988133666174,3.889340111124253,-1.824848358832363,3.903511712548076,-1.8217894691339085,3.903511712548076,-1.8217894691339085,3.9387840369840004,-1.8252086142395265,3.9387840369840004,-1.8252086142395265,3.9354770104778916,-1.8293150779147358,3.9338462018741898,-1.8287410970144027,3.7831201421577942,-1.8392670345702964,3.887828377127776,-1.830454311289621,3.9525361427822516,-1.8275199516957212,3.943987205861601,-1.8234250466969602,0.13590000000000002
8.392912450991016,-1.8499994033211178,8.370633242473353,-1.8511603423089469,8.373649666662676,-1.8515910225265295,8.387361452208916,-1.8510202949306964,8.398791177901732,-1.8510994503443665,8.434369987734707,-1.8479494643841057,8.430305109543786,-1.846902856786468,8.433401943462671,-1.8465893090079095,8.4213072619398,-1.8479215882189586,8.429941710949134,-1.8472726451234411,8.429189536367069,-1.8481736422000345,8.429189536367069,-1.8481736422000345,8.429189536367069,-1.8481736422000345,0.009099999999999997
3.2888677747820765,-1.5120797846027985,3.471858490779832,-1.5112252629686558,3.5324881726624358,-1.5115966588457443,3.3844055800095822,-1.5107201105674144,3.085118062570701,-1.5104378437385764,3.5466295958275667,-1.5129627365813185,3.8108179030229214,-1.516976121700928,4.027908272292208,-1.5209234766052844,3.1362547170151838,-1.5174909750293095,3.279620784481035,-1.5149071186081744,3.5287924634356154,-1.5214676717346416,3.57253983742659,-1.5220722049779067,3.5637356720160938,-1.5220360186033188,-0.05240000000000001
3.1251200360946156,0.42024519833717006,3.188390189421613,0.4179058785359213,3.2552229186339923,0.4114869590103032,3.237888972772226,0.40339132104996467,3.2142620879449124,0.3824013099369672,3.202574245821637,0.3912218680216131,3.229615873443775,0.39534131614299345,3.1375517908076067,0.2815656182531396,3.098421565894481,0.23060648269659226,3.1054351224908885,0.23772307530468145,3.1803774823124327,0.342364037852136,3.2037530632057143,0.3663110521995743,3.220592009243019,0.3790360782306653,-4.9516
7.206123654920168,-1.9913173359530276,7.298796630267211,-1.9829831828686615,7.301939569730772,-1.9844096899561852,7.232495782231746,-1.9932013842709873,7.183953419949213,-1.99253001891518,7.2066346716064364,-1.9842134549320782,7.21941784356606,-1.9897660537579793,7.107292089115235,-2.0015669311644193,7.147468390975924,-1.993148837395866,7.188366944584839,-1.9866208417796891,7.213500346572393,-1.990070699130056,7.160686018113069,-1.9834906412096331,7.099166870133425,-1.984594071253241,0.47829999999999995
2.552521079246943,0.8004687794090029,2.4786987896878463,0.7774960085374188,2.4519622346194483,0.8068555826926489,2.429109207096295,0.8147449689314236,2.5385233896893724,0.8883651215088666,2.5302114713991815,0.898740364416527,2.5519000764136504,0.936151479907778,2.5893734860000372,0.9586592969113605,2.471672480325823,0.912446426760105,2.3735819113736114,0.9124394859106675,2.3794634374160886,0.8960225675590159,2.4036723424793145,0.9133910446832856,2.482577130725242,0.9113111467704269,-0.8771
4.056010249000858,2.8992629829691845,3.9705301333701013,2.9130646375250833,3.9705301333701013,2.9130646375250833,3.6573389903042943,2.853681878530826,3.6573389903042943,2.853681878530826,3.530874482334367,2.916116306181851,3.3600979509532154,2.9323368046841884,3.2555789316187664,2.9210146581974232,3.125733662678253,2.9364608745744936,2.968933983772623,2.9468261286772974,2.882161945484673,2.944210702700052,2.7207441077763974,2.9557592722191695,2.582540309462758,2.9594083090767636,0.25060000000000016
6.367299528842658,0.02568089851123215,6.058125436964799,-0.08908921803576084,5.6947125124978895,-0.013416356288896689,5.312460188086121,-0.019013052684843972,4.961346559151054,-0.04088739109961267,4.654039673230127,-0.07544693472718601,4.309190574806363,-0.11444746008976205,3.98757007211159,-0.1591128818190273,3.6668293115442383,-0.21061715185266944,3.3279110940648664,-0.2715098182460681,3.0864590196534274,-0.34671154793384057,2.7748497364722273,-0.41803771531308825,2.533622110733964,-0.5028432109278598,-1.4535
4.609050692930161,-1.5116824935121351,4.622104483890428,-1.5097689183564218,4.637857614243886,-1.508982758115477,4.636372729839567,-1.5078824053922308,4.619681324507135,-1.4987593775437755,4.627867185864349,-1.5000784991065803,4.633983929622545,-1.5054712721628447,4.611442995419113,-1.5018913479433884,4.617113935133073,-1.5062523555107796,4.617316459806496,-1.508989503558741,4.610339021156688,-1.5071354545308238,4.634478184218801,-1.5102995508216124,4.096374799746723,-1.5049588958954072,-0.03870000000000001
3.136937720134078,1.6750675700588213,2.936181167775585,1.6780798710348617,2.8204613541050323,1.6792178692623385,2.8044769530163705,1.680232864677095,2.9123302594314415,1.6724363794347237,3.29090802818918,1.6694702164827047,3.3882906988627775,1.6703915619438396,2.9891539170808863,1.656040678038736,2.8738965778190426,1.6709323935507423,2.701878861089076,1.6747259457169943,2.565860489192659,1.6895148003016927,2.4968350786545748,1.6903922675582899,2.5022439409458093,1.6932726399192435,0.1204
2.4033954397893016,0.360153700954998,2.449708498985132,0.4225970686963315,2.4766297926819845,0.4657783773682339,2.52212479072706,0.44536528986348145,2.4999944999939485,0.4112995981565014,2.558981437994426,0.4309612305493143,2.5639570140702426,0.40612600582073133,2.5717868185368684,0.3025183726014423,2.6638824467307103,0.3620395370593676,2.8093024401085747,0.44260110243213385,2.8762060513808803,0.43938920658151087,2.871596245992813,0.4326509958016653,2.8797276676797043,0.41421191184510087,-0.3764
3.5572561181337483,-2.1193683837088826,3.1808254431829504,-2.1999924846754073,2.910154375630272,-2.2672196733312346,2.374762491282021,-2.485694198010105,2.0930289486770124,-2.6296586508002195,1.9047429695368356,-2.8499296849529965,1.8290073209257594,-2.915113451455683,1.751656518841516,3.065591380588753,1.81323677438993,2.961157087428552,1.8990331697998317,2.6835734146116006,2.2341737175072116,2.3899393551476793,2.3070930843812962,2.323700564865588,2.4574907710915213,2.2311935216529144,-6.5058
8.433770774689105,-1.7876750452210737,8.430525168101926,-1.7896672653171615,8.4034973320636,-1.7887979727900862,8.403846517518037,-1.7861082552638072,8.364118063490018,-1.7684310492895767,8.387912531732791,-1.7747853210202325,8.410938920833992,-1.7804871422162447,8.405761833409276,-1.7836843935333555,8.405621966874316,-1.780658253271062,8.404195253562353,-1.779113119794652,8.412528942000733,-1.7797177862532354,8.433228926692312,-1.779803451749698,8.456826000338426,-1.7841938604936078,0.2047
1.8907331197183803,1.3425584596950602,1.8824970491344741,1.34214206033471,1.8789312068300967,1.3463430943530457,1.8971159585012194,1.3561981629904425,2.1766869986288797,1.3907455891566778,2.4750061414065208,1.4087961364657808,2.100466874292475,1.3754081776730516,1.8410824777831103,1.3434315893167827,1.8432260116437171,1.3444244520434625,1.861378051337235,1.349534297752175,2.333295390643885,1.4129823778068562,2.473356929357346,1.4232958086248582,2.4780546765557863,1.479347283351557,0.9181999999999999
3.564769402079188,1.0893207992877614,3.4127406142278054,1.0723499474693876,3.41560234219383,1.084731184080373,2.9830659798267956,1.0030078312110469,2.5819577726988476,0.931005589287468,2.8358655204363954,0.7822813551383994,2.517062911410837,0.5484458194196825,3.7193454921531566,1.1296715484628626,3.424534959669708,1.071398334178208,3.218389897138007,1.024040950867822,2.8878274758025273,0.9418880203792708,2.8087241035744337,0.9216912206686263,2.392683669021042,0.6544597345182802,-0.8857000000000002
4.647072403137267,0.523117736684692,4.442632427964301,0.5072187500426906,4.293784727952716,0.48129216246109324,4.087800592005435,0.4636694894025267,3.9014466342627325,0.44170611941767307,3.7496914886427613,0.43939829800870817,3.5991886780217577,0.429359211595761,3.3645938358143637,0.39244999602876485,3.167317568542822,0.34907041688671386,2.9917746038095836,0.323906816909708,2.8005966667837052,0.26721973926309683,2.669087952840819,0.22884883114124388,2.6238682931885142,0.32189517801267103,-0.3842
2.8776943896112384,-1.818303429539958,2.373911508460245,-1.8658884858632212,2.5468784992613998,-1.8531895049544402,2.8585302237338683,-1.8275858651966366,2.8768007664765385,-1.8187763382650206,2.8472955817758003,-1.8216184431518194,2.8180362187168577,-1.8246828843660483,2.8534335247207006,-1.8312452099695367,2.8418713359334205,-1.8319653844682517,2.359959986948932,-1.879361185653802,2.6947046925405393,-1.8440851955722766,2.698474650612825,-1.8401165688193597,2.6757712047183713,-1.8481668231866923,0.15560000000000002
2.1795851073082684,2.5548116410666677,2.1488906649711144,2.56289588910645,2.1335511547652173,2.5663688655916874,2.1389241454525707,2.562420558217213,2.1443658946177986,2.5559310877232444,2.1305618155782295,2.5693160771445047,2.164101090522349,2.562023044620231,2.1783524829558716,2.5496303554293522,2.180808336374382,2.5556248939843407,2.2013957799541664,2.5690242287878666,2.197857195087976,2.572961601079754,2.1721073131868978,2.5758732942015716,2.1826020434334783,2.5730080463140763,-0.0465
9.206139527510976,1.915047807352647,8.843963611413155,1.930808347992374,8.481081318440474,1.9460894228835772,7.802250752827674,1.9796716193580002,7.113740875938623,2.021618886906351,6.55265242783409,2.0620337816190792,6.409045314241427,2.0811986103431286,6.092967097400083,2.1220835875699215,5.723782520326921,2.1467767724978666,5.539569471538379,2.194464269271617,5.106753611640179,2.275089713959817,4.95970518680294,2.313866979694015,4.838307491261791,2.3563406377418707,6.0168
4.122583497031928,-2.067959362633872,4.207936065341295,-2.0518851399202744,4.179377404590307,-2.0600851042231154,4.251223722647395,-2.053496163432843,4.009592310946341,-2.103260137095112,3.8524867864796097,-2.1254170146616143,3.8036861700198115,-2.133508918609663,3.9295886871274464,-2.105747346384495,3.806474154647577,-2.136092952708841,3.993645765462931,-2.098933859312266,3.7256881579112315,-2.1539229174711223,3.5961420355708973,-2.1809277108206526,3.5835695109764543,-2.1896379569589164,0.5402
3.0231569492833144,-2.7002694354464762,2.8761826263295545,-2.7974110220532418,2.845703825066832,-2.793569215774019,2.7275784205041647,-2.9776373793407123,2.6804537395746992,-3.0532464433779127,3.092620497248249,3.1327650736809183,3.2624778068210665,3.02732035413115,3.010066532487285,-2.6434098936281565,2.860331912558401,-2.7955726048575515,2.79631596569486,-2.9288933113224918,2.7996627975525876,3.0239142393052214,2.8225064216047406,2.9456562366732304,3.1143340684647156,2.6847803848071554,2.1921000000000004
6.560368136774035,1.1802978968290405,6.165080411478833,1.1570187253967854,5.866507933174555,1.1388969111422798,5.542237404694967,1.1143303574881198,5.203849487638935,1.0913009037386476,4.8855850509432335,1.0718628943839394,4.583813096102417,1.0398277327024763,4.2825178505173795,1.010055983909312,3.8987386331992036,0.9617850030564155,3.2130135449449937,0.843575022213198,3.010287084316048,0.7918578701212744,2.7427878153440868,0.7541985924787337,2.389274394036821,0.6532866625981864,-4.4943
3.3897777936024105,1.6688358285909966,3.2370817305097495,1.678570866079966,2.987847469333066,1.6786076065097544,2.6070848279256262,1.6883241086270722,2.6287114581102276,1.7000019186475035,3.0265229372995006,1.6901268352369618,3.089615608777244,1.6877764921813305,3.067629092638158,1.6963036740581707,3.0860098201399175,1.6958788073267759,3.04076914283212,1.6896975938657512,3.047286046632317,1.6958229265809621,3.0606664699048802,1.6925739030141256,3.0742804589041666,1.6899022904586227,-0.1362
4.759151529422024,1.633495626986002,4.720623162253052,1.6312488932162936,4.696496347278468,1.6284243454815694,4.734183508272572,1.6258917701983027,4.765563191271311,1.6199813833856844,4.746304520361076,1.6231557010226587,4.7420455765418374,1.6358986170406193,4.719311573736152,1.6391221462697998,4.7112339668074235,1.6428780790279285,4.721690045947532,1.6387267973389914,4.726982667622126,1.6434859325828972,4.752831392969879,1.639862718415898,4.744253548241282,1.638762381185482,-0.06340000000000001
5.018411335273344,0.7478388127677077,5.018411335273344,0.7478388127677077,5.028241191510205,0.7593792214557952,5.0779055416579,0.7976943949228329,5.418594313103722,0.7053314307076384,5.234681699969925,0.5438267537365381,5.13886518309247,0.5207849901361707,2.6412739047664098,2.198880021612596,4.221871979347552,2.7310185978046997,3.7925055702002592,2.6916831978558737,3.5431686228572286,2.5051643690410703,2.8409076947342,1.650891577148012,3.0492531610215647,1.6092414376380744,-1.9044999999999999
2.7206521350588,1.605647968708891,2.7114581833397327,1.6227474708330853,2.714346007788985,1.6391902228181634,2.70483585453905,1.6240594885671915,2.7018240597788745,1.6165221195892612,2.721736860903345,1.6195712954592945,2.7142959492288234,1.6236892077325258,2.6845226652051197,1.6198004373579722,2.6612704127916054,1.6164294737409146,2.642737453853484,1.623985973258302,2.606404935922277,1.6155088061807814,2.5873467278275633,1.6160318223491388,2.5889377937679385,1.6104755165886535,0.2361
5.984353762938819,-1.6022167515606636,5.964752428223656,-1.6027897005181786,5.994986215997494,-1.605866147781424,6.006440464201738,-1.6015515006247043,6.004058722231154,-1.613830506710034,6.013160028637191,-1.6222562166551922,6.102868201919489,-1.6296551053037316,6.136064923059405,-1.6289281867384389,6.112560972293037,-1.6328395951815562,6.088898995713426,-1.6366522041859508,6.0928220866852785,-1.6374321797071656,6.055273988846416,-1.6339568434457858,5.982028421864943,-1.6336927215519144,-0.04300000000000004
1.8745223871695962,1.3939918162516158,1.939666530618085,1.407936071880426,2.0737512145867463,1.4139638121036928,2.279711054059265,1.4255307776824797,2.444599535711321,1.4386935219472567,2.4576880396014453,1.4363223145790567,2.4832330740387607,1.4324302103043847,2.4558834113206593,1.43034464914191,2.4464715265050607,1.4188928425104057,2.4605337815197745,1.414914933616774,2.463139772729107,1.4129027499187747,2.410728622221921,1.409146046161234,2.043287317045746,1.355009829236651,3.9351
3.274146759080907,3.132124396524151,3.278500738142354,-3.1409216151057953,3.270107375912903,3.133488855455598,3.265065618023626,3.1352527691610867,3.28050002438653,-3.141470720958176,3.2882655929836324,-3.1315567994215803,3.2805024386517414,-3.140373327871867,3.2775181250452334,3.1382669602825635,3.283406940968478,3.1335216809132582,3.2849384803980657,3.1367523613954695,3.288386266848836,3.1309489341421397,3.289062646104511,3.135420643181799,3.2871175579829877,3.1331352951532887,-0.0816
3.807092207971853,-2.8108878089206466,3.7680221084807894,-2.765743434102006,3.735616582306057,-2.7339415991004037,3.6603666114202267,-2.737945642727659,3.586133081746968,-2.753764307427284,3.5119818735295305,-2.7507966588822286,3.439283463164964,-2.762031144481604,3.3288438142995003,-2.7755403452668315,3.273677494806106,-2.7867225573857985,3.2205308956754317,-2.8080097845207153,3.1948541656858165,-2.8325515175842764,3.1631479004308307,-2.8395979479247844,3.1272453261616655,-2.8348792440468906,-1.5586
1.0750781366951916,0.39328854498626103,0.9711586688075229,-0.05666369966008161,1.0417051838212141,-0.3515349227973568,1.1450009825323286,-0.5748008511825684,1.296220081621947,-0.7973997693479051,1.5238763860628584,-0.9805004832370643,1.7794329237147448,-1.1112201723381816,2.067498413542319,-1.2024244479269,2.4174364707267912,-1.2746483212134545,3.102992183361086,-1.3638760415533229,3.3225753926735817,-1.3764110637226792,3.4857110049457645,-1.4198962817422969,3.8696465187404407,-1.4682039992559617,-4.2658
2.7744927914845965,0.9866923389728397,2.795103634930196,0.9936096907690132,2.7370712413088585,0.9980648947668155,3.1809750517726485,0.8506650994297065,3.1809750517726485,0.8506650994297065,2.685383549886309,1.0030589155370533,3.0363323088884733,0.8623951061037564,2.6248165231116634,0.9714345381484415,2.568990099241336,1.000338245188615,2.5879478375732377,1.004893954593248,2.5902420910023074,0.9984915587790186,2.6360784377556015,0.9909478322041219,2.635461162681019,1.0450188789363744,-0.26739999999999997
3.039154824947224,0.7781156657431079,3.039154824947224,0.7781156657431079,3.0310974068808787,0.7975992236932445,2.7663705626687114,0.7634907951358855,3.1184996216129317,0.6384602017919199,3.1566800091235123,0.4736214926480693,3.1213082273303265,0.46770237658900504,3.372943772137333,2.848187800408196,5.6093283893885175,3.0470913866274016,5.152800249378974,3.0416748942195513,4.704891378129788,2.932892299547258,2.6256072307182565,2.4334290594258774,2.7170386894558605,2.3442748007158047,-2.0254
3.292232411297842,1.8054611404521907,3.2602229432969767,1.8076512566591103,3.109724445991959,1.826389987825836,2.889210663831905,1.8464954030833507,2.618752048209221,1.8813284935258212,2.213050991278783,1.9485756515280526,2.6745521120367055,1.8472470844092859,2.7391399015019293,1.8370803954136476,2.705749526471361,1.8572440476388448,2.6826533227385165,1.855583482855484,2.7155371034106675,1.8536889567605017,2.609703140205797,1.869424851177245,3.0814687163753582,1.8175931411154695,-3.9234999999999998
3.3399424306415835,-2.7993139025308285,3.306145880024048,-2.8703851331894863,3.2885348181218994,-2.913688380283315,3.295412339905281,-2.922729515066015,3.3025558117918252,-2.9308651838096336,3.3061960982373724,-2.9756881635219816,3.3227698927250415,-2.951633919521595,3.328354464296129,-2.9400724824547275,3.3464357531558866,-2.941999423881556,3.3244626227407057,-2.939342047026401,3.3175298551783974,-2.9325393304214047,3.3156769881880885,-2.9437534826562577,3.3116803484032142,-2.942556712178856,-0.1501
2.875214364182268,-0.16744723476446882,2.876483328649757,-0.17065251685959917,2.8679388731282245,-0.17265233433925833,2.870154687468957,-0.17322507459078543,2.878411938899641,-0.17187681335463847,2.8646704871590365,-0.16870676856868877,2.8650638614174038,-0.1657454353412054,2.8600049457999193,-0.16703409023052765,2.858996764601178,-0.1685125703068509,2.8580602880275303,-0.16466549952195456,2.867624082755609,-0.16810687551609033,2.8527829290010844,-0.16550596844179188,2.8480981531541474,-0.16588752387138578,-0.019499999999999997
3.7711948146442946,-2.000533496010753,3.7428044672411094,-1.9846693192884102,3.6955779317990296,-1.9792944859047166,3.703122004471361,-1.9901201445728942,3.7068134414885243,-1.9910941828947295,3.730977871818593,-1.985183481093947,3.6990265273447274,-1.9858228412471954,3.6634955984687645,-1.9807059921112666,3.5918522310919165,-1.983485746210294,3.5693394248796255,-1.9899878318339894,3.5531861814433565,-1.9902265492366247,3.528392570278994,-1.9904738676697857,3.5126781648764798,-1.9947496956240338,-0.3689
2.8979421802375547,-2.4099009796851747,2.91510242701693,-2.410944887376422,2.8808480973491117,-2.3990142125386074,2.8947075154495288,-2.39655980090072,2.8973302417915736,-2.3965965175818065,2.9189698765146552,-2.4015583707306902,2.9215780735759944,-2.4079634227706737,2.9318644716289297,-2.4016484335763097,2.9461781904698174,-2.4001541396553656,2.939741655315993,-2.4117863922809772,2.8757908008059343,-2.4081236327756925,2.925661593554524,-2.3949714823828554,2.762777350783086,-2.515473480453477,0.5184
9.955401452477945,0.029053644063866187,9.688866171023315,0.03538820269557499,9.34237839578338,0.043600143778330804,9.075889515634264,0.037525790396621565,8.758136784156779,0.04617919791835305,8.471188354062258,0.059495463962219754,8.211818807669829,0.06625791848137703,7.959298084630331,0.07351488767720342,7.652767896650203,0.07916516147803244,7.433808158003538,0.07246236026410115,7.23165714065594,0.07917937847863825,6.968591635330629,0.090140208305178,6.7823507908394145,0.11377526566355342,0.7278
2.4491785725014004,-2.5114515234227395,2.3295208262644924,-2.5852411798958643,2.1460859465547983,-2.7360339600792267,2.0835462293887286,-2.8158807921857187,1.9920618690191372,-3.1337112906753646,2.0108269443191786,2.9372724019279937,2.1731449859592926,2.7066362407781916,2.145576528581538,2.7057538795616205,2.3060363678832143,2.5104594013916985,2.7797414448110134,2.332026168936825,3.151955375635896,2.206518059169649,3.378835587891188,2.182991598315364,3.678907023831942,2.1249728555882714,1.2811
2.5699200007004106,1.9593016661879585,2.755364719959954,1.920599865739771,2.7201853944170797,1.9214047033461226,3.2428332951294325,1.8662730784108512,2.9586023203533105,1.8903771307513064,3.1964937494073093,1.8669905903252575,2.7466121914096284,1.916301208068766,2.7300646970355844,1.9219144133336297,2.734957286686576,1.9155812964345504,2.6993031767476565,1.9149715824963731,2.637249434543496,1.9627027353409212,2.7275179192811922,1.9090110705634813,2.8983828749839113,1.8751219473163936,-1.154
8.06694183008654,1.3471296141995917,8.126424366226514,1.3396514044065844,7.886980563561696,1.3534943739069942,7.650749038492899,1.3586942484102982,7.418818971372734,1.373022747099797,7.079491304465318,1.3885903628293323,6.7610796430747655,1.4015699298398088,6.3972235454140565,1.4157653176347906,6.076916734660761,1.4211496542407431,5.8141108520564,1.4608418728893025,5.8141108520564,1.4608418728893025,5.010538591808271,1.4773971659585174,4.6507716800548256,1.4881568563865581,0.2378
5.572795235786079,0.36064197037406254,5.535608397457321,0.36688979486972056,5.47811918910131,0.3979238676265648,5.418761489491857,0.4032149438129224,5.418761489491857,0.4032149438129224,5.52315081181023,0.5150948167006749,5.52315081181023,0.5150948167006749,5.456294688705881,0.5307353569098705,5.337441170635983,0.5513604046120006,5.342103918869423,0.5482334966009831,5.045975375484901,0.4714557957604964,5.138676851096983,0.562000852209026,5.090189532817022,0.6025402965431945,-1.8902
5.441573967153254,-1.749413769845401,5.330326776099193,-1.7578971587252799,5.24663613470574,-1.7682404798708427,5.135509565758788,-1.7772044362030286,5.011742964278995,-1.787523964582284,4.861867546529834,-1.7979250887816907,4.715985183394877,-1.8150549921033132,4.630079502557164,-1.8360065320690193,4.574156975880911,-1.8624415808438595,4.456738693259903,-1.8563235427430007,4.418699022336778,-1.8696796126469504,3.9618447382501,-1.9373159630590155,3.841138806395834,-1.9828087516399513,-1.0246
4.9766621595201705,-0.11533264549838891,5.009741234834392,-0.09531885034323198,4.8170382279986095,-0.131894422850132,4.69960109158214,-0.16715311738665514,4.519404104525282,-0.206378289649003,4.363110552117607,-0.2670098821257685,4.228085268771198,-0.33503403837332596,4.1087022817429855,-0.4215555253391173,4.012236494774453,-0.5102334573136816,3.903037956515412,-0.5887060981659609,3.903037956515412,-0.5887060981659609,3.8345120993419775,-0.7310084820570673,3.795154136527265,-0.8137596152783583,-1.5396
10.622283762920288,0.6011076948758052,10.142628127364228,0.6422351643784481,9.67171455844309,0.6821284788942686,10.54634438751172,0.9263830534656776,10.54634438751172,0.9263830534656776,8.087757615680628,0.869385255992677,8.087757615680628,0.869385255992677,7.667300978179999,0.9358563534023889,7.352784651409289,0.9907641316039438,6.923541996695046,1.0628168172743206,7.476521164953656,1.0763866162647457,7.554408658525168,1.0816963107125306,2.627331766260214,1.3837392285492578,0.535
3.89304055077776,0.6550707300807095,3.89304055077776,0.6550707300807095,3.89304055077776,0.6550707300807095,3.888405293947634,0.6532636206999317,3.8978469608233746,0.6515723188466224,3.932372191184346,0.6486532380035884,3.934787224234625,0.6454173508121719,3.9227588569780787,0.647952072588653,3.939708954986399,0.6509382749496465,3.939381871563102,0.6444758811645126,3.9079352323189824,0.6553695472670898,3.9646815824224726,0.6781640485009116,3.8049769224004497,0.5809685253590952,-0.6713
7.2538499626060675,-1.2168500516998246,6.9892089860012065,-1.2381188527168534,6.775955326003849,-1.2675091190626464,6.543046472401062,-1.30408316526978,6.543046472401062,-1.30408316526978,5.875585680593892,-1.4247087911869882,5.875585680593892,-1.4247087911869882,5.696623380565017,-1.4787346872081242,5.559169906559788,-1.5248380390929377,5.427053955876982,-1.5752554827929812,5.3301584685635754,-1.632240285463191,5.243958346516495,-1.6874806160770481,5.177620909259388,-1.7541842719919563,0.2258
1.9127615481287796,-0.3946905804073325,1.9741170811276618,-0.32032489018561305,2.0855534637117326,-0.29592547913879946,2.079967273781014,-0.274845772076984,2.2144920004371156,-0.2838139783250357,2.269780000352459,-0.2837764863550134,2.3433233537008937,-0.24118017802679714,2.3786543864126184,-0.21772047807111244,2.4367441761498068,-0.22796771144735337,2.5045911622458488,-0.20587583891892647,2.568906576736492,-0.2321382773689992,2.6566546369447406,-0.20780446811018408,2.7681066182500955,-0.20168190576948122,-0.16690000000000005
9.675156915006598,-1.6569168518310677,10.177412097385073,-1.6493843837279816,10.429961756880989,-1.6446893272796224,10.582724328357044,-1.6425407238433616,8.679750342031733,-1.4229033196710128,8.293762143321931,-1.4177354018498516,8.114288834519016,-1.452208758791551,7.838311476332131,-1.4685811478395672,7.643775672401694,-1.4914066010580012,7.5441637800355315,-1.5263101921710764,7.356342184129282,-1.5575828538381358,7.2455004920295165,-1.5856612718143652,6.72242713088063,-1.1976405647968653,-3.0239
3.9207434218525465,-1.3216668724990144,3.616495463843417,-1.3121496527685736,3.609037812215328,-1.3123767999016067,3.672040747322941,-1.3099255394283222,3.6278398338405196,-1.2978088586923944,3.5262884524667,-1.3002289744383035,3.324860034648074,-1.2109449602300775,3.301112942630108,-1.196449620213634,3.3949158885015103,-1.2609968750287255,3.631631210626983,-1.296127720160165,3.575392311341514,-1.315269173926616,3.9301829830174566,-1.341369469152677,3.537052339166046,-1.306788344447487,-0.9470999999999999
4.097654756076944,1.6596223671782055,4.082161345414951,1.6570094331436447,4.079471379970693,1.6570664226686345,4.09257975976034,1.6558084562977455,4.097123001570736,1.6567428221528613,4.434124347602355,1.642280538439884,4.6080799396277845,1.6342710011178407,4.3772369378410385,1.6408521116614374,4.116002803691951,1.6527148779483967,4.081519954624747,1.6560393747911715,4.579231188747737,1.6490990564187775,4.651026391023814,1.6490309020627638,4.7131464362992155,1.650189783146536,-0.0422
2.570709561580224,-1.5142448292165287,3.034343042571159,-1.5120017991462495,3.1785435564107045,-1.5133484994757642,2.981252924526867,-1.518646957785048,3.001479291949221,-1.5262368806730764,3.1066318240177733,-1.5179814848955204,3.1819645661132077,-1.5178168396418803,3.1800396617023514,-1.523609594829785,3.191080364077345,-1.5132605520181346,2.9909758758639304,-1.5344456683376275,3.079416647678582,-1.5087968269180232,3.2119964788274613,-1.5062121394744432,3.2644557034825876,-1.5078959869469084,-0.045700000000000005
3.884125066215046,2.689378578999474,3.754274951305511,2.748547237006516,3.7130048922671772,2.763166783200475,3.812796058013071,2.6958800780150725,3.8656949414044557,2.6743240097321372,4.054255400193727,2.587945281307787,3.9178475378707627,2.6467091330740975,3.9279481921226997,2.643668203742566,3.950089619236505,2.6287894800886593,4.311945384626297,2.531075679583985,4.311945384626297,2.531075679583985,4.1966575426165065,2.534476140519274,3.9255071939814354,2.6206549814971543,-0.1242
2.535568750793401,-2.4064968668606084,2.517268170060553,-2.459977517624658,2.552243227045571,-2.5179498915999954,2.576768196792251,-2.5646659041480713,2.6510083458940654,-2.608386355078952,2.658449407079246,-2.6463137569657205,2.683365830445041,-2.705564355417136,2.7079034122361163,-2.7601673670840894,2.7369254063638664,-2.8284153645167214,2.80907965177209,-2.8533614893874417,3.049333810851151,-2.9185521236523018,2.9625156775956456,-2.909819704003888,2.9203659017321795,-2.9448014855808986,0.9682999999999999
9.255535168211503,-2.960990216944687,9.094776672904068,-3.0043030014117664,8.987785126492511,-3.016183310797612,8.899344014027099,-3.01685577114152,8.780681935362427,-3.022608339036293,8.66464159039484,-3.0222393566332215,8.57758234760821,-3.0263637046351386,8.369823922879139,-3.039801922146971,8.267517069229427,-3.05044764689387,8.17452630126052,-3.0558557796853676,8.069056220525425,-3.058177658607958,7.982915137968083,-3.0551380915116035,7.837780150654905,-3.0767329178477762,0.3287
5.387622474709977,-1.729753633564745,5.012009645840681,-1.733888379322716,4.966609129979934,-1.739619206904223,4.977046170169611,-1.7403216835924964,4.976508149295047,-1.7405236723380881,4.984892514387849,-1.7411920579471765,4.977707798776459,-1.7405027524165493,4.985704408606668,-1.7414286202376001,5.044065798539903,-1.7749649330938273,5.100670201061816,-1.818889503994761,5.0218921782531325,-1.7762250186686857,4.966940133522853,-1.7412010932075819,4.9691779330187,-1.74061313677994,-0.0165
2.1984019286745564,-0.5915855514774478,2.1859364537881727,-0.5867718739780071,2.1584957586245124,-0.5749088633962869,2.121831579084449,-0.5781336429146587,2.1395211099683076,-0.561775071731405,2.127542831531246,-0.5502539272644718,2.1411438858703566,-0.5596438952750258,2.105575106710749,-0.5304743207484741,2.05974908423332,-0.5939408080131735,2.093162545049956,-0.6229374724002502,2.1137452258964444,-0.5859031997143986,2.1002707063614428,-0.5850181684920167,2.080635174652203,-0.5848700322804818,0.059699999999999975
5.914269058810224,-3.0395433536507466,5.816704663295194,-3.0379638256218304,5.70253344838941,-3.0227341169832305,5.6599143403412056,-3.022315292690669,5.527183243750835,-3.0805834314756284,5.370613599952986,-3.081749996004561,5.277529061975879,-3.0814904874017244,5.21564964793457,-3.0892262504964396,4.977944962532233,-3.1007813566070426,4.894931944368586,-3.100007056825769,4.89796113194051,-3.0989088774479256,4.81899182921075,-3.0938466894911607,4.6833689263178915,-3.0959900071901467,-0.007000000000000006
4.451568031604139,0.4232810467301333,4.3596049178796035,0.4286397461875846,4.272094410239548,0.4478398906007887,4.257491314142639,0.4450856967195785,3.989556532999623,0.37916121585261997,3.8262582165870618,0.38407347465990044,3.74698624763956,0.39842276425888695,3.6467446003250683,0.375765628132877,3.5369726999229196,0.3933905299316884,3.4943292031518713,0.4199532201161416,3.4219345595729855,0.4143966709010061,3.3631012904758015,0.42601966526379376,3.2436027084092776,0.4334068859434356,-0.05269999999999997
2.708329093740272,1.9954314498009875,2.8602475225057002,1.9440572536802498,2.9507284151544684,1.902063666728943,2.9755238614402013,1.8693446758723564,2.9063363002240457,2.8654150800259903,2.7477792505949252,3.0215349995495755,2.327954520603872,3.121831531292273,2.1028098083278937,-2.9802513818633076,1.9405504708716035,-2.796585929953415,1.6766697736883074,-2.6433169214757144,1.4328109610133517,-2.303611428581403,1.425325313744203,-2.20103691623205,4.091160622610654,-2.5598541200765816,1.9907
2.979574120574952,1.432924197533604,2.996590310669778,1.4349920670533813,2.8646702654930465,1.435006058968308,3.0059647935396705,1.4385063990736326,3.0035112002454714,1.4324165545941236,2.986391483044379,1.4340183985565222,3.22794961701697,1.3703204512786837,3.285121685721854,1.36649362029091,3.093495996441566,1.405243759302854,2.99691966692469,1.443051697107832,3.0038961932796537,1.4437862994870152,2.5101691178085983,1.4208426545792177,2.8491315764632548,1.4294055660759168,-1.0372
3.206623276906722,0.3584640718438312,3.1972981234160858,0.3462912701080123,3.2233713686139227,0.37302289264241273,3.233806594402331,0.385071532829593,3.152445501511487,0.3264050428933106,3.1439695688730853,0.320774905698457,3.307630160704184,0.3534204028509324,3.2001885256965714,0.34204862217494286,3.18258043731812,0.3640516638512792,3.2205142834646754,0.3806505274890407,3.2526204481925047,0.36983586763287407,3.214688694103989,0.36597228175817736,3.2277202310609296,0.3853678015107814,-0.05009999999999999
9.799484986467402,-0.188990041926273,9.435960832898788,-0.18839600651211474,9.09391624549072,-0.19407013184298527,8.783472362340538,-0.19947651783923698,8.395969266856568,-0.20579766347542042,8.013310208022645,-0.2119457461385708,7.58787535546018,-0.20947885326151675,7.163370034418155,-0.2191761911100284,6.763708692721771,-0.24250443249947895,6.396057480198253,-0.2585277330901677,6.022042771352591,-0.27952909834041495,5.666764213376092,-0.30846324547529164,5.342932378385485,-0.3430591922953333,1.8349
2.929910327979341,-1.5503847285024799,3.365609497550185,-1.5551967364720065,3.7122453434545517,-1.5553064294040229,3.9207544427061487,-1.5619203674732582,3.9357927092264373,-1.5586002602031668,3.943015552847846,-1.545965062466228,3.9618204060759745,-1.5421944625797275,3.9487144161106387,-1.5481287809879263,3.811986067655549,-1.558545188570591,3.8942128395864564,-1.5682284109150364,3.6256529260258787,-1.5799810085261694,3.4142740868301704,-1.5920908956693183,3.6751971974303634,-1.596321538483156,-0.058899999999999994
5.069555385830201,-0.09946256162567303,4.822522760962352,-0.0981768769392145,4.631140112326549,-0.1537640306822394,4.459918871459436,-0.21472179955339007,4.280732793576356,-0.2887605690235803,4.133632983224321,-0.35561644601537445,4.124844003110906,-0.48126669212598905,3.9429033832951155,-0.5196053969153153,3.791959273251755,-0.5666948331752752,3.6901011273405477,-0.6155524367499644,3.58261810691567,-0.6684854384761604,3.5014897201048596,-0.7204070523128471,3.4249725444155024,-0.770429530675305,-0.6509
9.0184738670132,1.5770058430282332,8.379224680720766,1.5505066614575476,7.862241095896259,1.5200001581828755,7.7617424776914605,1.4985590028672067,7.387598698494663,1.452307647759241,6.034946644337462,1.4028145642580296,7.159577535022581,1.374584107578425,6.968876702166569,1.3229916818336873,6.595362774707695,1.2591675539527403,6.056957633994148,1.179740271939822,5.992672833552654,1.1310390075098762,6.251726981402821,1.1135510911481818,6.436278360978493,1.0872265496754376,-1.3352
8.630204637782349,1.2992627207066494,8.500138144759768,1.3183875658517092,8.154299187545183,1.3295712747450175,7.78323317972679,1.3354622339839815,7.397167872233263,1.3461506758799215,6.990501976968464,1.3532926392330684,6.383537653997196,1.3526863979441783,6.214207712170551,1.3669152823643222,6.001613896278236,1.3781585900074,5.7835461967550685,1.385930589587625,5.56764712333675,1.3926167721135776,5.37907421495558,1.4070260272161164,5.212736295843097,1.415493954710748,0.5036
4.3138007939634875,1.0015299957941546,4.32705836914641,1.001158455830657,4.319209522586282,1.0037865475871433,4.32993192094287,1.0036384523401176,4.32023564750813,0.9968150061501528,4.317373409840757,0.9923528508011449,4.330943705475746,0.9937638553882202,4.341647231178508,0.9989052858202396,4.332598762867385,0.9988236957197967,4.332598762867385,0.9988236957197967,4.331043787587463,1.0013913444029958,4.318222618161316,0.9983053679022339,4.339411227344097,1.004155481281977,-0.0257
1.8291443300078882,-2.2551256770590626,1.7513719878997762,-2.2179974004327234,1.9263353446375806,-2.242302451163806,1.9263353446375806,-2.242302451163806,1.9186628807583663,-2.3187788047187947,2.011794089861085,-2.3339087695792764,2.1918796340127797,-2.342612489473285,2.332817716839442,-2.364075503138066,2.4309830706938316,-2.3677423958457537,2.505673188985351,-2.361866787194561,2.5985279082588266,-2.346479717038398,2.6865371651998378,-2.419194504562341,2.7276617715545304,-2.4423152483357327,-1.4083
3.6515807864539953,-1.305677955078476,3.7127733744466567,-1.296325841207455,3.7834570276401966,-1.2696584789786012,3.888639085849959,-1.260138175390366,4.054473805563427,-1.2542246485070558,4.152161097549083,-1.2454205578944977,4.214190874889271,-1.2338348239738959,4.364302039272716,-1.2128596913979532,4.430540490730222,-1.1942884195089567,4.520034947873744,-1.1773649655507705,4.601108089362821,-1.1682360974034793,4.746612591101151,-1.1670691609558552,4.815367505185873,-1.1643148034332733,0.029500000000000026
2.8378975492431007,1.6715694475524494,2.83762229516192,1.672358537864059,2.854244800293067,1.6731737337775647,2.8615298355949403,1.6716124855631127,2.8456380268755184,1.6712237655018602,2.8363346576171167,1.669605475133533,2.6025921270917594,1.6719063467085427,2.8014480416384675,1.6699073360792687,2.8562211486507834,1.667050893716281,2.304568317494626,1.6765227112504097,2.792792093944699,1.669495876864551,2.8126239083816373,1.669262142585273,2.8523935352612204,1.6705975395827748,0.2102
4.472678420141562,-1.1378498170676372,4.371421379826017,-1.1134711429115156,4.2992363600993135,-1.1133484469571258,4.216554238949143,-1.1065123494226563,4.093880688295644,-1.0873422963389647,4.045148784655516,-1.0773053487138142,3.9977130512331667,-1.0712539619703627,3.8426630466383593,-1.0663341512079585,3.7571486049928904,-1.0644992244263187,3.6560430440573297,-1.0655840512102834,3.60391532780669,-1.0657649541723648,3.4944927028110975,-1.0518986729759372,3.3957618055452583,-1.0339120939116917,0.2339
3.726129157718504,0.9621964236086608,3.7872828320578367,0.9476278176932911,3.8315782244396326,0.9105337157129282,3.8315782244396326,0.9105337157129282,3.732582918034105,0.767248653984593,3.6714013305548585,0.7290332303702034,3.7266794576405418,0.7341454478691832,3.7981054487731116,0.7233625885846254,3.8268324055281018,0.6613915322162697,3.8284723232642035,0.632969298196002,3.6907699860598178,0.6087371320115131,3.5504953077000416,0.5621042912729445,3.438120086617104,0.5219672865345634,3.4461999999999997
8.256432249464655,-3.0188345834157393,7.949229102875322,-3.026130134772487,7.632393504006459,-3.0422994674806554,6.9485355960806565,-2.943172558878931,6.866482064347073,-3.0220769690103375,6.6886358198066045,-3.118162713285007,6.35115867381693,-3.1372942120815916,6.050878741141649,3.130403962584506,5.771472259311307,3.0949672039163545,5.4616214973211,3.0934748189487413,5.113173270093631,3.07201022112731,4.7967065211455235,3.0398475076988456,4.496115020770709,3.0186887405431406,1.4746
6.0263212866557305,-2.355079794262129,6.246614041222649,-2.3529570099932937,6.08755052381498,-2.340233949676271,6.0749942559643655,-2.3287331544301844,6.1583030941973,-2.3051225666514945,6.12472674410867,-2.2947010917404724,6.048598312005848,-2.275536661545493,6.031146864403154,-2.2362021524727504,5.965297767924078,-2.2194036571972102,5.926907096454272,-2.20516607057256,5.869270282581983,-2.19918424903229,5.917786854052791,-2.152799892801675,5.957909379975497,-2.1350693628346495,1.1483
3.5705610119419613,1.6820164437921594,3.6743010137984053,1.682259025039864,3.6803849377476827,1.6818826256055175,3.317277609727589,1.6827784826112262,3.671876479403957,1.6853753323737513,3.562548718263372,1.6872966852181635,3.747957044844567,1.6790934426248574,3.7631421564963485,1.6817558072746028,3.7636462426747808,1.6834253069711902,3.7657874023901043,1.683254100851946,3.773500810918157,1.6810233523587435,3.769304743583356,1.682054148497176,3.765850440471581,1.6826910404458453,-0.0203
8.414054117368153,-1.8201621783130149,8.410485208357487,-1.8183934191053874,8.444373585411771,-1.814180942387748,8.453267193813288,-1.8122746384008848,8.443983790249712,-1.8113746288374677,8.449710061889693,-1.8107088136123597,8.444468250872871,-1.8121044068179502,8.470341001990416,-1.8199927189932634,8.44291461759504,-1.8121496941191075,8.428222558167292,-1.8119678359832103,8.43928970293116,-1.8117429159448886,8.464036675251354,-1.8115111366631356,8.462293485811037,-1.813046483732356,-0.0359
4.765099833161944,1.9346734924393614,4.572135501054185,1.9395404518993449,4.472102513359907,1.9521705357701182,4.3755566148777,1.957774734613932,4.25767439454921,1.9696958764216037,4.085189054376797,1.9875070274026188,4.01098812015194,2.0012451472108768,3.7986220080444957,2.017796076821237,3.6815400649728125,2.0279449991112957,3.628207890956636,2.0446130767714954,3.4513864011437487,2.071627588043988,3.382321086177362,2.0881382030352698,3.3285192864094992,2.086275631813706,-1.7737
2.877106861067207,2.0873644049437634,2.8478093563298805,2.0975993859712547,2.8513754032045675,2.101826911655746,2.8444488112813704,2.105789486345637,2.863047023714421,2.097857568680175,2.8688994126668153,2.109900699060618,2.8980168805581514,2.106386890757492,2.914615888929449,2.104484378718239,2.8942981411734334,2.1042178789520114,2.891262869404995,2.0982608172968664,2.9036557457797914,2.0951795384472014,2.900499281158331,2.0999577582898667,2.9051774902749035,2.103925304209849,0.4365
4.647305577428713,-1.7685843463342075,4.633694760123932,-1.7682045838213485,4.625105106913791,-1.7685099055879852,4.617076483013898,-1.765876928477878,4.616142478303721,-1.7679709654067945,4.598433129882391,-1.7683411562886195,4.598433129882391,-1.7683411562886195,4.57858621082971,-1.7683846366713025,4.549153980686957,-1.769657642917399,4.543926303319629,-1.770630432492009,4.574631960059736,-1.7663956174469526,4.574631960059736,-1.7663956174469526,4.588109363343466,-1.764503033675801,0.2079
2.730779245929631,1.6412741176133439,2.6136653534834964,1.6406017959535601,2.5996410309887015,1.6422901557500642,2.9480484460062732,1.649165602612607,2.599622191780953,1.6448362423745813,2.7135845997499346,1.6440860978615233,2.5093178754394567,1.6450680246031866,2.501357239580146,1.643220339386969,2.499780990406958,1.6444694030826106,2.5056138609131304,1.64826000104053,2.509880331808672,1.6490472176218702,2.543251283298605,1.6513710085647804,2.5436935232059685,1.6500949271146026,0.11050000000000001
3.1192496870241078,0.47030012674426425,3.142767455603421,0.4602039592385114,3.0715270550656086,0.44996080444359626,2.8662475887473495,0.42691046023161616,2.6898265260049743,0.4170277289507265,2.7493617150167795,0.3906782653869449,2.7950144257230587,0.3598426697259314,2.754338884378612,0.3717485104144759,2.6273569380653257,0.3932569654500949,2.5648274366904262,0.3629917488938208,2.482885599458823,0.33150671519418234,2.445701032424038,0.3148200491046446,2.406159803504332,0.2895460448427192,0.3435
8.663821413787334,-0.2478844517049839,8.682822052766024,-0.2383250185162482,8.888529795753625,-0.225647801699865,9.160230198526673,-0.20198791811373118,9.368297523563177,-0.19225204826225684,9.430138029212507,-0.19108370714445264,9.523650208822248,-0.18729268851935668,9.661540191915574,-0.18938157063119318,9.963903622576847,-0.18262909109713127,10.136287932473111,-0.17264510254834828,10.209141733270238,-0.16270905301389618,10.3983786591949,-0.15686885454955582,10.538915565180316,-0.14618979521179154,-0.1392
4.762338068638136,-2.247203179892318,4.473522444338466,-2.2768258445268645,4.501395482514288,-2.2586938110836527,4.152048017545079,-2.3106737741280936,3.9484996365708303,-2.333628192895858,3.824805608132261,-2.3458043893116507,3.6888127873341627,-2.3642455373351274,3.504113800948822,-2.3805129829427902,3.3645688118984847,-2.40166834748997,3.2736162511815583,-2.4192223167935967,3.380323895723602,-2.373306506508663,3.1438230373225546,-2.4319071987057783,2.96887288040428,-2.4730221670432027,1.3901999999999999
4.02356748296832,-2.5307648850273727,3.8870020581419786,-2.4991206156964365,3.7594853823362566,-2.4766348342867626,3.621492556943888,-2.452564196795367,3.494584531814906,-2.4191446799461076,3.3365376575126526,-2.4097956295784613,3.2294329734490543,-2.358055625307808,3.070061030337999,-2.346083122259305,2.9186641619069515,-2.3257363553181616,2.7918824491729564,-2.276862367063224,2.530430232193726,-2.298429792965988,2.4357398239549286,-2.224216555826897,2.3702189118307224,-2.1964162777452176,0.4645
6.371847261979839,2.257723925927843,6.4633069190624095,2.2438748445194086,6.696093181101949,2.21744554512745,6.750201126633193,2.213719674993525,6.81699260744795,2.2080600405729296,6.846530912075106,2.2064481243779555,6.851117704433348,2.1932482206706085,6.843127934650935,2.1798151401601062,6.832012905432775,2.149465851769754,6.799662410737756,2.117970231555678,6.840227309088494,2.0699003634499573,6.901255556056451,2.043807928829966,6.96481250286036,2.015500726450569,-0.9829000000000001
2.436702698320005,-1.7037438020117057,2.6364075936774287,-1.6890351896539109,2.682904748588736,-1.679737125907637,2.67794678438538,-1.6754328531932874,2.6876091698757114,-1.6754668257763359,2.6756104892155017,-1.6724434441361293,2.9058386913247602,-1.662982882799592,2.9461106462588944,-1.6596062308568422,3.160985113852957,-1.6541897701257628,2.7151203748637,-1.6717366650693568,2.6576529946552454,-1.6729435394881877,2.65737182193234,-1.6748459892262355,2.660633257328037,-1.6746424049837194,-0.0753
2.831747497571066,1.6305122739695996,2.8225552253233204,1.6335466358173638,2.8137410861697982,1.6329956620705506,2.8145783431981424,1.630876983652733,2.810703443979815,1.6310668408696567,2.8206104108862644,1.6321690889347469,2.5881258740640876,1.6355602363344406,2.5517574198971174,1.6362096814191178,2.341714809706769,1.640673808528114,2.798297234033582,1.6323368509673912,2.8419097258709685,1.6313560193696393,2.8323303373723894,1.6338604301336088,2.847207033216938,1.6330026234845867,-0.063
3.235393523205483,1.922899850370572,3.4182907102819677,1.9107169422244112,3.4710382092394196,1.9110877423550805,3.471106189674987,1.9134656277515354,3.477627550500486,1.9175012226921533,3.487294184607891,1.9229384206895608,3.523918143203669,1.920027976608683,3.623940465846533,1.9107853892509543,3.520360596586661,1.9159852126808248,3.50171202985054,1.9165346189868655,3.4843287631909825,1.9185154218831832,3.8030297237860244,1.8901022235746905,3.790338149822518,1.8930724899733653,4.6508
3.1732629326924693,-2.6965773040350025,3.1766463904564564,-2.7131336463645632,3.1710260421510315,-2.7132948240861032,3.0951276371096523,-2.700212724236793,3.0531116749965177,-2.7374061889262804,3.0267448025890804,-2.725672923434715,3.053544473231068,-2.7159598452099885,3.0820853330172393,-2.7222153019552313,3.1362998899977628,-2.731300040604538,3.1379933875010035,-2.726490735438705,3.1347696773447336,-2.723141595288891,3.106381229018744,-2.724044920528259,3.0156839522735095,-2.7636909664287055,-1.8038
4.6535617541835625,-1.5265146884994425,4.648049067081801,-1.5280341770762416,4.647917625130635,-1.5420698360333733,4.662126069723985,-1.5341739445327784,4.697277012269981,-1.5504001180359517,4.690368630502297,-1.5466380931095178,4.65795711659092,-1.5457827539843956,4.658744109736012,-1.5555126429640602,4.645572206951475,-1.552562901588168,4.644881407528076,-1.5648757965927276,4.630809054582147,-1.5592430129838077,4.607786246127309,-1.5548443894970154,4.610346737502506,-1.5553955747934212,-0.01469999999999999
2.7787665069235326,1.6221726463644592,3.324440169411985,1.616293363407666,2.392201638658416,1.6208966736763357,2.649530135703307,1.609945341391816,2.5245816485112917,1.627668080284772,2.6968046351191273,1.6239211909573734,2.5554618467118604,1.618947130637224,2.795915181116911,1.614051469098825,2.344225733584547,1.6113325348527066,2.3395744271127588,1.6129104486933092,2.3859095225930083,1.6051715412529555,2.777980626282336,1.6215744386682465,3.16894032761742,1.6231405555071667,-1.6235
5.263445553057425,1.5490407996325701,5.142524286768126,1.546447900887708,5.610899222941006,1.550120805748911,5.488724968515002,1.558352314174099,5.458012870999847,1.5472507842968704,5.511556917060732,1.5521616749981193,5.560077619062526,1.559141549385583,5.606616866703127,1.5643396252963855,5.668044658433805,1.566826693447162,5.641508862884116,1.569023750436379,5.584000175501429,1.5710470431220216,5.690304942619506,1.5721143584728365,5.3380264368022745,1.5676490910265484,2.5128
2.09496159630672,-2.0453098246927635,2.112369532065826,-2.033554746039789,2.0870379033453115,-2.0047401532024107,2.362879745141509,-1.9781832315746404,2.4489769884586505,-1.9414148745027222,2.186598749199313,-1.9837409773585994,2.0630281747954884,-2.0010543325036303,2.5685878396504176,-1.9073333479411685,2.469247312441586,-1.913692229731282,2.137584218223928,-1.9682000320901503,2.0752088280459877,-1.9955574064047197,2.0645512684358303,-1.999756855053847,2.1333351963533533,-1.987826038910817,0.05259999999999998
5.822003698040738,-2.0059188888595023,5.651442415879333,-2.023847876135129,5.46441392008329,-2.034042914440306,5.031094442564164,-2.0629459038054168,4.716314121217967,-2.088490731172607,4.936063683746392,-2.069994298381134,4.850176826673437,-2.0801477336247,4.154316758505545,-2.167765174235533,4.097356323289447,-2.180962454714859,4.209826035598144,-2.1644647787296787,4.078860273409718,-2.1784513167172794,3.965871153983702,-2.1919398290773735,3.8798393497669443,-2.208766250533766,0.766
2.6283117185752523,0.11316558765629577,2.651300482781983,0.11263568455241915,2.6720845214925357,0.10452826166048004,2.6740331205877026,0.06316762015739118,2.6740331205877026,0.06316762015739118,2.6230266277718206,0.08435381685581135,2.6230266277718206,0.08435381685581135,2.6404332012001346,0.06416228142646871,2.6437304703770415,0.07549541966831529,2.665272835940065,0.07736755922519158,2.6654516559112467,0.10667572045109315,2.687805180812029,0.10249331549554688,2.64216024495109,0.10503146026692821,0.016199999999999992
5.909249039429627,2.3592937156318095,5.778632310503931,2.388333273306047,5.606151097678331,2.4268738036317243,5.471458025974428,2.4632638041036925,5.342439447480901,2.5053167714418647,5.3361384333617154,2.5162367474340708,5.2130728538933715,2.5462852399615934,5.1232953506507855,2.592252141344647,5.019191394039482,2.6232991067243057,4.92249399491762,2.663608262656259,4.793768526952466,2.703472128081478,4.784510110763692,2.741042532900286,4.774506794423905,2.744338127539695,-0.9273
3.250619793208681,-0.02245914380397283,3.2494703322233947,-0.02031239925262317,3.2284039555173365,-0.013722381384210997,3.2253530566435713,-0.0057358376328554995,3.2425148095267113,-0.0030223500879846803,3.244532400824489,-0.004469071803243309,3.2622267057946712,-0.004046327006243867,3.266829998637827,-0.004285513130174701,3.2701489904895764,-0.005473784050797524,3.2677299903755728,-0.00428433281539271,3.2702674263735707,-0.006421537320719319,3.266001875382184,-0.001071646864717499,3.2678881315002286,-0.007344258673531273,-0.1446
4.433286133332701,-2.932252767571109,4.240299462302163,-2.9317692540299056,4.028385505385499,-2.9301855075866157,3.949378894206027,-2.930605427729615,3.8462673139031764,-2.9127573866070064,3.760706194320421,-2.9476493479878676,3.5987523449106664,-3.0427866657448663,3.451101879110498,-3.0602826526445037,3.3912200886996406,-3.064700896479866,3.349400108974738,-3.076011530851852,3.2990738715585053,-3.086124413212105,3.2847183045125785,-3.0863086170410234,3.245670539349304,-3.0946822127091775,0.1964
2.4837335867600587,-1.504637925521347,2.4940885790204,-1.4997688124110777,2.5162120121325247,-1.5005138724812017,2.532140614183973,-1.4972744717877118,2.5185274050524042,-1.5004591806939134,2.4736625679344395,-1.5001945172158562,2.497087103006219,-1.4954372977829944,2.7135288703089184,-1.4972833365344755,2.706512569710331,-1.5003522991708174,2.702165490860987,-1.4994967720044123,2.7371570835448984,-1.5020944259417206,2.7412785575347867,-1.5015031228707179,2.7556998711761027,-1.5026301804459883,-0.1071
9.595872494463439,1.2646899406499685,11.76402902453067,1.3025454776490253,11.76402902453067,1.3025454776490253,11.024577685335615,1.293457294256535,10.84721978112364,1.2899703557752782,10.457914677888706,1.2862865872846105,9.79308975196286,1.2690061083890065,9.407331220383387,1.262502276922644,8.923861492649916,1.2429294456524889,8.592453426699501,1.2356895791671436,7.9307682055397395,1.209516818114156,7.534050423245124,1.1906867740804528,7.271700662843597,1.178106082120545,-2.6545
8.481422960800858,-1.815380363721907,8.491911732937412,-1.8141013274168547,8.475204068929555,-1.8138977081220358,8.466041196450679,-1.8136063303581444,8.4351373960357,-1.8127185397571326,8.424791148153169,-1.8153086190409966,8.463111386481929,-1.8161274830077536,8.467842528649198,-1.8150503482164289,8.450806381641932,-1.8138090590666,8.462813133349927,-1.8137373347589296,8.46709065086704,-1.8164968315239953,8.460169504212075,-1.820396278171017,8.470994643487861,-1.824421751556368,0.0943
4.219360033227787,0.9438766913562407,4.219360033227787,0.9438766913562407,4.219360033227787,0.9438766913562407,4.1031864788235,0.9344994374178975,4.043019199806008,0.9377084163514473,3.982248653713127,0.9397457918582551,3.8919170250661823,0.9598093476958581,3.801277581287639,0.9595531266461665,3.7689972592189545,0.9476044028169708,3.7842152753245957,0.9459051700799014,3.710140528335822,0.9278288905347312,3.6674138708359583,0.919414924113234,3.6011270305280814,0.9115383875797815,-0.20180000000000003
7.586742142711852,-2.332257685746925,7.194298712174803,-2.3743392851037304,6.749440238271615,-2.4011644136930075,6.65790833370361,-2.38780652512767,6.391964521178133,-2.4018096555489397,6.051341875980898,-2.4309319877317037,5.777883948298028,-2.453887962894813,5.495418834811416,-2.477378266570443,5.2164714367089156,-2.503324991380356,4.995587551029407,-2.5316194084416868,4.707425028611714,-2.580318247351067,4.448939587137593,-2.6201130132290626,4.152350784796487,-2.703947069369572,0.5515
2.0358960386031515,-1.4426396714879761,2.120965383970234,-1.3447325336670768,1.9377448877496777,-1.2378014892376121,2.2427126989429556,-1.1343711953433888,2.2782695823804486,-1.0159610098668395,2.2737408339562344,-0.9140039539608918,2.3108082763396913,-0.8301808955651793,2.4025189052325864,-0.7370226983196648,2.506530121502635,-0.6659244219626359,2.641067672362828,-0.5926967638092566,2.75268564314925,-0.5167985103259708,2.9448145951825246,-0.4480048996007433,2.9448145951825246,-0.4480048996007433,-0.4881
3.108731976224389,-1.4266701793492254,3.5730014679538007,-1.4422026867906212,3.6866311396720985,-1.4514341916885856,3.6669868966223484,-1.4532908877179682,3.63860620842652,-1.4532556820061837,3.6341607848305246,-1.4530558185820732,3.090280246191275,-1.4392968764632903,3.058070797087604,-1.437639742386306,3.058070797087604,-1.437639742386306,3.076497505280965,-1.425543580088583,3.076497505280965,-1.425543580088583,3.102479061976085,-1.4359146056760357,3.081772191450889,-1.4364435973621448,0.007800000000000001
8.90572800168521,-2.4948082587441047,8.325750722307271,-2.5618382747670347,7.946914088500013,-2.598434581162093,7.659831492924635,-2.6213697125942925,7.403408135446808,-2.647199358985125,7.104673567448401,-2.685328723925658,7.049466082619307,-2.649704433137185,6.7756916532557785,-2.678915283676257,6.7756916532557785,-2.678915283676257,6.148855279643524,-2.7932245928565056,6.148855279643524,-2.7932245928565056,5.889644407771997,-2.8476313717114152,5.745186124052031,-2.8752429022720225,4.8063
2.1634161157761587,-2.0026455947044774,2.1584938915827383,-2.00609684882016,2.1668967303496474,-2.004802801414705,2.172876492118224,-2.0079934455374766,2.164651105836688,-2.015084450368454,2.1576893312059555,-2.016929143259949,2.1648107376858623,-2.0144866709562446,2.1586019387557296,-2.015341015206644,2.1626178326278542,-2.010722587705727,2.1476226577311017,-2.0182424211622125,2.1480648709943573,-2.0159761039326103,2.146853627986781,-2.0139238452977044,2.1447557669814072,-2.0109838544181886,-0.021199999999999997
3.1115991467411104,-1.6564196385375516,0.5877478541007171,-1.5580354064395114,0.5877478541007171,-1.5580354064395114,0.8422423226126776,-0.9955708971417878,1.158810135440659,-1.0348019038289,0.7688058532555544,1.574698492212547,0.5983231401174448,1.525152961923009,1.4016004031106712,-1.1999087321904576,1.5968014560364094,-1.1872779806537257,2.1191986409961663,-1.61837943007188,2.8679731414363,-1.5162010553456098,3.3564048161686335,-1.4797399214222984,2.717502384543573,-1.5721210730300597,-2.1644
5.3142688565784875,-1.9774918183600263,5.3223617633528075,-1.993318714369712,5.113572561331264,-1.9789594990207469,5.081554142189178,-1.9452182534201308,5.91298054114843,-1.8895091974703568,6.357947930739918,-1.832781671162946,6.550779896317689,-1.8069261548543745,6.550779896317689,-1.8069261548543745,6.694528566672937,-1.775172939028322,7.037764708343124,-1.7508442737829775,7.0715236045706575,-1.7380884741438651,7.276273630093909,-1.726100707616585,7.398034096974684,-1.71286542605251,-27.807399999999998
3.6433499324111054,-1.5534213322896713,3.4768547179886586,-1.5613623730648611,3.5239057493071515,-1.5630491635537602,3.522129475189688,-1.5622218634556786,3.525637170782043,-1.5619751118393597,3.5266591130984013,-1.5612971087690426,3.5588281399921518,-1.5623102855251363,3.595321729692629,-1.5673195794763857,3.5993587039915873,-1.561405627072614,3.4865877932442775,-1.555881478508503,3.4803380640391817,-1.5618890283208589,3.5621295119633154,-1.5667257167861297,3.4684195723701032,-1.5624927376933555,0.050300000000000004
5.490643088928656,-2.148771886855825,7.474110029294458,-2.0160795329651977,7.474110029294458,-2.0160795329651977,6.82019020995749,-2.0453618927286144,6.606361580325435,-2.06166721112197,6.2463405999032755,-2.0810125467164546,5.702641949131999,-2.12861123527016,5.345675909555309,-2.1554420891585706,4.9246471081692755,-2.2109794252571193,4.605699766593563,-2.258209327506934,4.065100398514165,-2.368284011634013,3.755431284153661,-2.4449008020693466,3.5813525112728026,-2.4938305718460536,2.7356
10.87295417906284,-0.47046303976978093,10.039709783156082,-0.4559012474299661,9.340564694385453,-0.4807028097226086,8.759000998972429,-0.5102034301534726,8.237560994007874,-0.5625124417920494,7.688708521591906,-0.6097126736817399,7.386289380331643,-0.7268627072737307,6.989894129384222,-0.7861872216240099,6.989894129384222,-0.7861872216240099,5.448314339316334,-0.9855884482318282,5.448314339316334,-0.9855884482318282,5.0391046952807,-1.062200156759917,4.252653257673376,-1.1210724942516737,3.0202
10.208025613702192,-1.8460347104574866,9.789177733088717,-1.8514028288625626,9.237912917970162,-1.8613158153073215,8.614608098456944,-1.8779988619499766,8.019725891824484,-1.8924995636990856,7.441054450143473,-1.9131214736298767,6.857218386488797,-1.9380329812600863,5.597113921477746,-2.0143475447028663,4.99843678363546,-2.0599816469035535,5.315321721213122,-2.0260301671569056,4.772226952901549,-2.0722468755796397,4.261933632754036,-2.1296667392044673,3.8250390442451687,-2.1882346203630907,2.3198999999999996
2.2650506793447223,-2.6006885765289955,2.0621538473159564,-2.818876004816437,2.007736907565328,-3.0112265864222385,1.9776076481445983,3.1388115118929787,2.0958216002322336,2.781900540768099,2.1227662918936745,2.748917787131201,2.2334152524776956,2.6498680514684136,2.525691042071457,2.4015084413728394,2.9852409015019212,2.255069260323527,3.226860097680098,2.1909413402741813,3.5214913318081593,2.151726288638228,3.8277820261869664,2.1038052364368807,4.1814772903843425,2.0632070524356325,1.3783999999999998
2.774428214966104,1.9328153003137267,3.2102056787688866,1.8683906128711054,3.3360873010159677,1.8576191383529317,2.7601803002702545,1.9126090475705386,2.8381348699454008,1.9056503633107464,2.7238821266714157,1.9183691702229735,2.7472171173753264,1.9177698059350072,2.7084689180420733,1.915876681680161,2.6422024014068275,1.9476410810380742,2.7328068501085094,1.9458938251230409,2.732018221022694,1.8923385333926235,2.766142239654353,1.8910492773359073,2.9524984470783404,1.8717455625049928,-1.8496
2.8697541427794864,-1.9892046372946444,2.6885707169423654,-1.8618434239373427,2.4966536023245176,-1.7067966689004963,2.439689529427874,-1.5470205700447233,2.422507481928592,-1.3652241357008776,2.5683907568748188,-1.2064569937073109,2.7105527738821107,-1.0450561572861192,2.8441049277408905,-0.8799656523722125,2.9404159790750706,-0.7553578826202133,3.245193450320024,-0.6291655709833948,3.585314447855308,-0.568592448493971,3.8869294732474877,-0.5012336668565686,4.181371765342083,-0.43735533606533916,-1.3517
4.908779368641457,-0.1191093464826322,4.7417894565237715,-0.1428365255396877,4.615174692251633,-0.18549702572506221,4.4403961647582815,-0.22837880156872656,4.283795491150339,-0.3012346680887254,4.159505515082289,-0.3790822455013547,4.046067285649112,-0.4678919906228109,3.966736315915138,-0.5561141513078973,3.966736315915138,-0.5561141513078973,3.859913249025161,-0.7009744498861995,3.847159327347909,-0.784056425088156,3.7891306720671447,-0.8527235454301958,3.7458358653309936,-0.9097601822083587,-0.9378999999999998
4.482759004229429,2.9191394306054983,5.64810700412094,2.647765202694309,5.4274248958414875,2.6818178004416047,5.59136989028628,2.6320187562355724,4.716656622015218,2.9558188203353097,4.846954595413495,2.9598200005819457,4.814389550088357,2.9589356988937823,4.860774005238258,2.9890090184538365,5.037290066097043,2.9954590856594203,4.020579471916954,2.776231314550206,6.438433157997369,-2.763757020792906,6.807821846229529,-2.705197103638158,5.074034798855839,3.0560929702489714,32.1936
5.441769720412655,-2.0949501033427285,5.336560984379358,-2.0576507464858804,5.275711103728099,-2.022448919385466,5.155484105299909,-1.982060568349122,5.074537677463834,-1.9418467901839944,5.074537677463834,-1.9418467901839944,4.93294435808879,-1.836219846260327,4.853298850266691,-1.7890160625044407,4.860737508856037,-1.722652637666003,4.898586122545974,-1.658402980244086,4.7142298989336515,-1.597887840144957,4.71096540530707,-1.5302839932710968,5.006263670643008,-1.4775178018491049,-1.5365
7.999620084103996,-1.7950569499025941,7.808345640402966,-1.7854174428887086,7.532548960345359,-1.773846898223203,7.277029163745326,-1.7594626619196962,6.9195309262984015,-1.7448356229729407,6.580998723598111,-1.7343262439761096,6.232731037033444,-1.7384903602198032,5.859606662567034,-1.6967346702860684,5.859606662567034,-1.6967346702860684,5.529525929046721,-1.6569863297249936,4.781521687705703,-1.656186716882483,4.430188088557866,-1.6549779264670963,4.1840373958653885,-1.6578317792142616,-0.1535000000000002
4.358184425881951,1.360094021073185,4.486331115733655,1.3580652433021498,4.71279250551093,1.3521596020128708,4.835639532678174,1.3474214699731877,5.021143793997541,1.3175577800278677,5.125227597873093,1.2616761470638842,5.040180541409206,1.2221829668942739,4.938141481367256,1.1863565300886723,4.240468674568884,1.215958808200941,3.528243421307551,0.9399704198344634,3.3151622418819855,0.8299274971917274,3.3215184389071175,0.7930195776098002,3.2504203189741467,0.7741944551043775,0.21050000000000002
4.439288484656072,1.5991830657897856,4.644168373347375,1.5999122186657364,4.625241495316759,1.5997718413928843,4.604279562537445,1.600121077557775,4.60772335324073,1.5973418364114265,4.592965082601871,1.5960550286438033,4.609272512013148,1.5960741569217645,4.636608813561911,1.5987298549029239,4.370531139346795,1.5989430756655152,4.61764723641813,1.5990829002611324,4.502315408764695,1.6014520238284455,4.608185210036593,1.5994015086776041,4.5807904481650334,1.5971485409595885,-7.3332999999999995
2.582425458749973,1.6440488313389259,2.6063384833900622,1.641644545596022,2.6197315320467487,1.6375320747167075,2.5786069591932774,1.635566474197925,2.586603860277025,1.632383138063222,2.62369343674142,1.633726299105764,2.5903024784762096,1.6394522774331803,2.6941799234646524,1.648262824503901,2.5678239990310887,1.6488794361493704,2.9839243857711937,1.6364282071771101,3.033918299822854,1.6353451860188828,2.6962165139320686,1.6424393868660823,2.5038887215689125,1.637622183495995,-0.3173
2.4395240396438,-1.6519256944464926,2.6271357502040136,-1.6445174443977997,2.626951033041919,-1.644598979087693,2.6108188160038988,-1.6467074889780653,2.6179660291913645,-1.6473426371977598,2.621931173772493,-1.647609170740909,2.597851485362472,-1.646044828103596,2.6113060027503474,-1.6456179867440959,2.3514188142481127,-1.655442071088776,2.596038817121192,-1.647024614617887,2.4745147504106737,-1.651303071372886,2.6093151381157464,-1.6482119323546958,2.6189172915538976,-1.6500340659825579,7.4959999999999996
9.596798720406715,1.283625251731546,9.596798720406715,1.283625251731546,9.253636611084314,1.2750170208645872,9.11169264461878,1.2300432523629896,8.854917664778144,1.221004522574476,8.35942576137859,1.250430310076363,7.946608364579194,1.2352765944762227,7.7176782940208115,1.226979230345401,7.250080712654167,1.206890409892845,7.106496059944028,1.1980507460871446,6.687233365899533,1.1819453782181564,6.3748882915702945,1.1662443984155204,5.76934505295012,1.1331115713229072,-1.5813
1.7984615647825202,-0.994514346296684,1.7984615647825202,-0.994514346296684,1.7851655077331077,-0.988526678896095,1.8130240869883663,-0.9867558252332262,1.8155511917872211,-0.9784093944807453,2.1473170539070376,-1.0586453271399727,1.9317668829338575,-1.0174592543619474,2.2555382594848634,-1.0780380481330505,2.315577357809495,-1.0848400461421503,2.311062848561241,-1.0885513421225783,2.3154154011753483,-1.097800307445833,2.1504087471920315,-1.0732644447411699,2.3555737814808513,-1.1101104345291297,-1.2604
3.880150673620802,-2.87639167716355,3.694786360535611,-2.8804323672552496,3.5284314050297154,-2.928066591537625,3.353575014816276,-2.918275978221092,3.156093175113811,-3.0017881804747755,2.9875145070777456,3.1296091613700066,2.812717769346935,3.1291488514852985,2.812717769346935,3.1291488514852985,2.5670641674878323,2.8028661779218953,2.3467899096425353,2.8204349951512753,2.398336677783168,2.5608177809185793,2.062729415119686,2.6515782926818705,2.366360228283087,2.351383530746198,3.6609
6.14963352485333,-1.6414283524156672,5.979664079193747,-1.6291102365471442,5.912724898893912,-1.6177801118380408,5.906126571620354,-1.6043610019547916,5.995922200962919,-1.5901440156964273,5.698883352026078,-1.5823953503391968,5.7127002835786875,-1.5704812393685597,5.646444074813812,-1.561498305637246,5.433320903462263,-1.5487454096246447,5.3150352924510305,-1.5369989601958318,4.9445834293699615,-1.5211863624108066,4.786056157213366,-1.504367148038372,4.72019550866275,-1.4932217553300282,0.8517
3.181803408446225,-2.7697005644707526,3.1376448572137696,-2.8088059096698013,3.2074041591293128,-2.7610862764774278,3.2265828503232346,-2.744884763282065,3.2223122272678677,-2.741635607464816,3.222322722819674,-2.7446673813271896,3.2156707698394733,-2.745823151905907,3.201206653747925,-2.759369241213725,3.222184631581498,-2.7467012674681603,3.211462361604132,-2.751747779047732,3.213088146939014,-2.7542088058211966,3.210651038340976,-2.7535962780773873,3.2183988643423276,-2.7497772176427513,0.0166
4.862674294048492,-2.2656662557330347,4.663068264565722,-2.2949240068608323,4.416939204924602,-2.3412735699890987,4.450236039807321,-2.4513714093724928,4.2788266440696106,-2.5016205569763676,3.7428990314995176,-2.5150631619592385,3.460145125569155,-2.6179513498250326,3.372686568597799,-2.64855695965267,3.1131369452691895,-2.820675042949487,3.214601350089932,-2.7391680213081817,3.0312820142639345,-2.847459500303069,2.8814249131289222,-3.0758486407171244,2.890697967619583,2.918875055693626,2.697
5.098603012590801,2.686558564413978,5.121443023211328,2.66290766485725,5.15868403568197,2.6144182045018294,5.171089947970348,2.58735954088593,5.096438852767681,2.542297582856837,4.865583469636505,2.503949046399873,4.645387701796263,2.5092210932117616,4.447518413677452,2.5213065749098447,4.461584525703841,2.6790676935700546,3.481125820765454,2.892050484460143,3.260302185380987,2.993674867862838,3.1705949031688094,3.0119798618015565,3.1514969030605156,3.046637938864178,-0.2769
2.059477722627755,-2.7278448832227142,2.0991263063474745,-2.65450767476809,2.0645115838861265,-2.7205453344113297,2.053573553588966,-2.7256773091434243,2.067604241628461,-2.7185115855455777,2.0757880286772963,-2.716799157561435,2.103238514767171,-2.7164407530724692,2.0823389085353066,-2.690229913780258,2.094175159818296,-2.6954571371611187,2.124295935127687,-2.6402735330593394,2.149854664855283,-2.594264827909961,2.1500107162523645,-2.5953980348559007,2.0959059998005674,-2.709871343214939,2.6293
3.1437926140252967,1.6772383136962348,3.0273571378349127,1.6839413409526462,3.596864085561201,1.671889676784004,3.207572842508802,1.6821696582651,3.183403587357403,1.6846311358974826,3.0535371178356425,1.6901875346821478,3.0585976655977496,1.695621733972415,3.0705376939552447,1.6928366789739162,3.1372760876276105,1.6886871722609247,3.472574567953869,1.6815457710211141,3.6910598857238823,1.6756193782686677,3.6895041238627195,1.6741921592392182,3.4407575096190692,1.678012944288189,-4.2831
8.453510057366707,-1.8148511549485888,8.461402962275233,-1.813949107385722,8.438012991220145,-1.8147344853361802,8.42631958864604,-1.8152022061397832,8.43915946643977,-1.814151218159798,8.454518830187794,-1.8137123859870945,8.451449126037499,-1.8122423179389522,8.442215446196577,-1.8113162487338466,8.438813452731369,-1.8108660946889779,8.435417111204401,-1.811513921627585,8.429146942603388,-1.8127106128658061,8.436495761867004,-1.8118853236740948,8.436648852476914,-1.811661159128998,-0.04019999999999999
4.45181584637101,1.3692465509184477,4.251130148560497,1.3605293867111077,4.237202054422234,1.3595381606729966,4.2593087760809265,1.3605310794382297,4.285135891660843,1.360242487406089,4.267033688641324,1.357681537765468,4.275976061672937,1.358301551231765,4.463314222637701,1.3672799457694222,4.58627461999388,1.3728320385207344,4.496125502029496,1.3700115704321305,4.567054500441174,1.3734394142879913,4.332384694368678,1.3602366037087836,4.3344251348938965,1.360573126047785,1.1842000000000001
2.3797832863519326,2.2312829921668396,2.2632657820061683,2.2742467609285324,2.7540025308630347,2.1408618729925046,2.3759456075423917,2.2361178484085484,2.564594537153971,2.17090073945339,2.5206556865228573,2.191142660611022,2.3558159945123025,2.240618319537547,2.2668420015519364,2.268929207140203,2.318826576094037,2.255485078534894,2.6086126159320777,2.179352211587271,2.816709860812787,2.1370953243881856,2.81478522981772,2.1368143785895133,2.5854653062843465,2.1683785377413742,-3.9162000000000003
3.8587636996841397,2.1384855516558434,3.8735265843930886,2.1380759891727794,3.8791986608061237,2.135953731502103,3.8734213016401933,2.13634938176614,3.8720347686972008,2.1360260931285175,3.855022158172372,2.135169948554384,3.84599269890103,2.1369033562106936,3.840524142613873,2.1369444079525604,3.843300046834753,2.1372561397091214,3.8558255821548797,2.136757748917717,3.8489520041174843,2.139464403002277,3.8513997312665467,2.136934100607384,3.842366287849195,2.1364855892457193,0.04880000000000001
5.57093393337239,-0.37120636623321157,5.299613602895965,-0.3596739405710056,5.073928088769091,-0.36149259935222433,4.9015132204248895,-0.3932892281617756,4.837565457955064,-0.4051143595541584,4.667749659096983,-0.41856366655393545,4.453441106605093,-0.41883534650450965,4.014471632730766,-0.25535216118788695,3.834538575891493,-0.22580000360576227,3.633597563022084,-0.23526666624338619,3.5000276927475866,-0.22061200882344037,3.317761210515306,-0.20601995956268385,3.194560789842633,-0.17779841283843884,3.9082
2.9774646832498277,1.635157215497629,2.912579791181694,1.6327054157252625,2.9198535048868433,1.632482368724574,2.9154678835480223,1.6337093759752328,2.998406885330942,1.6341055399623774,2.9686027504534866,1.632244351032271,2.9563802681657845,1.628263052731965,2.9275573589598554,1.632422505869089,2.945085711825718,1.634028466753655,2.9596649962453507,1.6363913150207958,2.9059964435628634,1.6416747396397402,2.9643415677009965,1.6397363717606468,2.963113740645134,1.640103274883321,3.4259999999999997
6.71876072650307,0.0846553615893344,6.573621108643242,0.06939341520704435,6.447076441302678,0.06609354948718817,6.374575863537903,0.02842924996004192,6.10831663881302,0.037596954057719754,5.906847295300594,0.04850511972796719,5.737662412516094,0.04672591846926096,5.606127031204338,-0.08262869021524102,5.337921847498331,-0.04465768374620732,5.254236861809715,-0.021698478607917425,5.045629250153053,-0.06848899967411345,4.912410310631636,-0.08541836980982467,4.747788219792451,-0.10366533660091082,0.9099
7.746544987928488,2.079142393403996,7.54066386732627,2.0397459998400365,7.344120606988966,2.001792808953394,7.169385926981474,1.9604770198291208,6.997519864209033,1.9158361183053374,6.827122548336161,1.8653957840789033,6.682155879654409,1.8141924830398912,6.560711044543873,1.7601058739713444,6.4749449827778465,1.7145040279557857,6.401870218147196,1.6658020881522768,6.3923411806629975,1.6221929308647545,6.375628635671935,1.5771486842947806,6.3693105199856594,1.5319283319859598,-4.7333
4.843495401050773,0.8544776403069311,4.945110716657414,0.870724353572024,4.9391633026252535,0.8692325276939794,4.890011771969469,0.8555733848560535,4.772224287478534,0.8336169774714332,4.729258540194225,0.8276943143917539,4.653245492126972,0.8193069177319038,4.450445445121197,0.7759602842292496,4.311844674846254,0.7339476666057672,4.339176618899029,0.7271074070780553,4.286431394528556,0.7051064340370745,4.4106820617677736,0.7375252912573773,4.360196909544338,0.7231321062391288,-1.2486000000000002
1.6884982232741603,-0.6058255887778413,1.8060938873713086,-0.6022844945323624,1.865951030975898,-0.5523220587045052,1.9542371299307588,-0.5437367325083297,2.0166394546373416,-0.5162737961150952,2.187505814849415,-0.4614600997125058,2.266509289634612,-0.44127035484842786,2.3758657643057175,-0.3783882661049785,2.481426255200828,-0.371114557589092,2.6994444632183088,-0.3968998172441818,2.8896971086949574,-0.3876330019976011,3.023317629690926,-0.3444812826188964,3.0641187215902694,-0.3360756896597932,-0.10439999999999997
5.85410039203292,-2.4509618220990457,5.518234417818797,-2.4324219161926646,5.033802988794851,-2.3869766971085333,4.729838105051799,-2.3567924868320813,4.443859817771036,-2.3276126546336546,4.148089179369218,-2.2755108123321195,3.9470946707673513,-2.2322305737123855,3.7665669421901966,-2.172900446366793,3.632110466381772,-2.108807740533842,3.632110466381772,-2.108807740533842,3.659851190963918,-1.9517339811207541,3.659851190963918,-1.9517339811207541,3.8236645564170506,-1.8994608903776342,-0.14380000000000015
2.967147916771256,-0.5888625610854817,2.967147916771256,-0.5888625610854817,2.967147916771256,-0.5888625610854817,2.9373393300740767,-0.5657265597711342,2.87013238022221,-0.5453551055911269,2.737131801722379,-0.5520738381903164,2.7501689857170586,-0.5454519162092405,2.627781208548382,-0.5568405718361649,2.3679011170232567,-0.7619840787218255,2.478940225176875,-0.473678303822764,2.3497482290662544,-0.32823732818286405,2.503524893025831,-0.4160058782690782,2.546419494113254,-0.291494409108436,-0.9060999999999999
2.1089210985714937,-2.2317480020545486,2.0846441326998715,-2.2319320547358847,2.060846898728774,-2.2381636767636865,2.076459893665177,-2.235797219616071,2.0620760049037963,-2.243446948895972,2.073205368505497,-2.24182351047027,2.103531699309521,-2.2297672751617967,2.1336980597076027,-2.2315640916924826,2.0850074939913297,-2.236361496582017,2.098636045149323,-2.220158418700767,2.0478793763305467,-2.2499223027226347,2.038641677686394,-2.2657858229733767,2.08151849379245,-2.2534904019492514,0.016199999999999992
3.024135211924229,-2.5479313770067806,3.007749199983268,-2.543123814739049,3.051276822905453,-2.5437276300674805,2.999142492446793,-2.527564234599816,2.965011779065974,-2.5579584275533804,2.9693017579895775,-2.529255429424411,2.918210520164718,-2.5481156521756043,2.940829641444744,-2.526774459466528,3.014623401023749,-2.4859172524536772,3.0305983980065734,-2.4370822473420857,3.0049142217374514,-2.4910630001086864,2.9648860500869163,-2.447018478184051,2.9546369252414046,-2.4322762301789136,0.2617999999999999
4.270967630408826,-0.386136874797344,4.6070445385301,-0.5383944429197736,4.379736161003307,-0.6150206574998449,4.144530087959312,-0.7204687879922516,4.004277029627197,-0.8629095392226617,4.153672500330276,-1.0103340843671191,4.510400989934267,-1.1504716991032373,3.0056297659558857,-0.25226537588159964,3.0843337205951,-0.22944768754531863,3.329544989934807,-0.33193218652078127,3.4560832223776035,-0.26548565687760123,3.621953663425307,-0.23129776642824929,3.9036812369864458,-0.23717505882814255,-1.6235
8.543419704661591,-1.8960447293435576,8.059823567547863,-1.8925154931331356,7.745846363051619,-1.897633755850414,7.109115102458251,-1.9332235557713975,6.8765769834998585,-1.9511622829152466,6.422577850832172,-1.9832424299816167,5.669392102333374,-2.037141707133872,5.027879722109508,-2.0846755015492056,4.717832394225128,-2.11695933873919,4.4034222077833975,-2.1373130511144174,4.200030980838119,-2.1394758135690015,3.5822088409248263,-2.233621911480323,3.3165952798012595,-2.2713446754358313,0.40080000000000005
5.755840221027685,-3.0043270723990316,5.762795288746601,-2.9755111219967305,5.6486062652658,-2.93141306799993,5.652333614534801,-2.905247375766853,5.6358650170138045,-2.8942169764800956,5.704614421676541,-2.827824633778538,5.643185920205005,-2.852680136707778,5.7388001646685645,-2.7964154740912526,5.714965880038132,-2.7700381670103673,5.639110944998332,-2.8017000028121113,5.670664851673037,-2.776788945614706,5.635511582811268,-2.7951047856741353,5.595456329022684,-2.825533200340948,-0.8977999999999999
2.204315535489418,-2.1816375024103736,2.3154452811500414,-2.1366013883295323,2.202521582187107,-2.2130988091349817,2.1624308289515266,-2.2261084926066355,2.2537213425798672,-2.21538896382728,2.079929866606083,-2.319639935348775,1.9465934680872623,-2.3979444386061832,1.7378024801455452,-2.5257046357037827,1.7271402317125262,-2.5196201222110384,1.9063673570432353,-2.41074655208549,1.9055461815448127,-2.397952930720145,2.24349207264033,-2.211016829745345,2.432906592945977,-2.1265200711363237,0.19229999999999992
7.674661442044206,-2.603083744172156,7.387406213279459,-2.5968087207383554,7.13531952192752,-2.5612786181210705,6.911980376852931,-2.529552263505004,6.5909866674117925,-2.5032197827760543,6.275040006246974,-2.4981361660259855,5.846921078653278,-2.4954063676484948,5.605019311295907,-2.451130647579215,5.273633058907305,-2.417132890367953,4.689606913164469,-2.446635959289702,4.48756594269098,-2.3852387662095276,4.222624208948745,-2.333100156280582,3.944562577777161,-2.2964470638032126,-0.9195
3.509002634652759,-1.2633841946769497,3.5111579129967962,-1.291397363024799,3.5111579129967962,-1.291397363024799,3.3949491954961575,-1.2930064672244919,3.3949491954961575,-1.2930064672244919,3.9670728818613874,-1.3640621746124395,4.385722208485166,-1.3774476622639642,4.368898928792012,-1.3736835685588729,4.326598074700258,-1.3742529338722835,4.293931764711684,-1.3646314658427185,4.201098490871166,-1.3572807367784574,3.8329944234240676,-1.3430295194825184,3.7926344788286683,-1.3378531780008829,-0.3347
4.420879578771625,0.7395572716533486,4.147281481886655,0.6990696992030616,4.147281481886655,0.6990696992030616,3.1076572944904997,0.31002780971197746,3.1076572944904997,0.31002780971197746,3.1643554067139816,0.34611695732313097,2.928225505318879,0.21929123946436987,2.79573760213651,-0.005186489961246797,2.7933829848411413,-0.14640289693346092,2.811784531218563,-0.3160710338425421,2.9846439134342306,-0.48531590459107865,3.1975329943567425,-0.6314290089432665,3.55011178556394,-0.757768557343671,-0.9041999999999999
8.227297544759152,-2.7955132965772487,8.262324914937683,-2.800742481197968,8.274376792242421,-2.8050130826729562,8.321744885539331,-2.817569686743233,8.36261235559798,-2.830850114144222,8.36261235559798,-2.830850114144222,8.428124831776046,-2.8597970922849725,8.428124831776046,-2.8597970922849725,8.43028463872959,-2.8689974513515226,8.45584307919677,-2.871683354131497,8.491305758244724,-2.8725332072072534,8.516465302577124,-2.873615624815637,8.533254127822515,-2.866541393160329,-0.30200000000000005
7.8012383042693925,-2.901140618957656,7.634733198350814,-2.880256226610657,7.634733198350814,-2.880256226610657,7.098195738354925,-2.8430906146733186,7.098195738354925,-2.8430906146733186,6.942970595501606,-2.8330008526239467,6.746093350228706,-2.8253218945261596,6.513597657209107,-2.8191915443712956,6.371564257699984,-2.7401445033427567,6.237651581324495,-2.6961567916169136,6.074134319390706,-2.6543604830198926,5.908395372687919,-2.612394938658927,5.742957350529431,-2.5582745803759717,0.9229
3.078408207174615,-1.44222679318341,3.08383730115582,-1.442519783723375,3.085749609090146,-1.4456052557329093,3.09119441155033,-1.4558628640787552,3.042481232481144,-1.475235407860872,3.042481232481144,-1.475235407860872,3.0855028277413754,-1.4927070114799366,3.0855028277413754,-1.4927070114799366,3.095961601829064,-1.4938460693610878,3.0800573517387604,-1.4879759464732814,3.0605354253790273,-1.4709748685308164,3.0642347968130657,-1.4631555627016735,3.093486537872765,-1.451228747257188,0.24650000000000005
2.0738864795354615,0.9222418822926534,2.318703200066795,0.9897672944124523,2.338811651245135,0.8908669566206054,2.414944398945868,0.794680201876707,2.443873327322838,0.770988604625264,2.522077318402434,0.7599381062234599,2.6944755408056658,0.7501729940979166,2.793238396556945,0.7532932974318857,2.964084501157142,0.7261772544081291,3.270831246029058,0.7713888749936947,3.172055614266559,0.7093546041183308,3.4559509906825947,0.7656524439455327,3.687366111467647,0.7542889059502796,1.4841000000000002
7.100496594605195,-2.5059023455183973,6.997743285517128,-2.492658337903071,6.699647698946567,-2.5325957271513113,6.264663184082606,-2.621369467732556,6.06510098844199,-2.6458645752370207,5.8961422133459465,-2.664595310494146,5.596512360390175,-2.66420020574809,5.596512360390175,-2.66420020574809,5.069136227208734,-2.877584665665076,5.069136227208734,-2.877584665665076,4.941780191388525,-2.86289551512584,4.828593898848819,-2.850024774450001,4.820978997050292,-2.7981877953569314,1.2147000000000001
2.9568306495299987,1.6458796044638184,2.740936535201061,1.63662429466316,2.90484558281503,1.6369065040034296,3.1780246207353415,1.6418751212572862,3.207878309724359,1.6452131997647716,3.1680210052965223,1.6441570798076839,3.0565366102829503,1.592751041994614,3.0565366102829503,1.592751041994614,2.95463685247443,1.6459354583841443,2.95463685247443,1.6459354583841443,2.6704890525894305,1.6421171312810037,2.513479858681983,1.6305100260019982,2.4171983989734898,1.6290371289310377,0.3224
5.6854923181726305,0.9727493256367131,5.318987333130248,0.9408320426798741,5.289743132705026,0.9878114556972801,5.3059003090898695,1.006323528151852,5.224006604130586,1.0191162630659687,5.063376526587765,1.0297976426626154,4.86888285544025,1.0264247512917446,4.6698648256668,1.0591324228598438,4.54964118255495,1.08089071761254,4.241630678170841,1.0505740983224614,4.291786791069659,1.0957174882652154,3.9008252831932864,1.0712797917883035,3.6038526898307044,1.0925424293585826,-1.5693000000000001
9.510196490609435,1.4347330015770703,9.510196490609435,1.4347330015770703,9.510196490609435,1.4347330015770703,8.903330398227393,1.4615977454210192,5.014304212949189,1.5695000349178274,4.130867062736348,1.6140695139515755,3.620066895790741,1.6629692840253496,3.1258559531750665,1.7684428465612085,2.401782440188951,1.8150378248090977,1.767464073185082,1.9885036378936953,1.2493178298575587,2.354609705465213,1.1048475369932242,2.883310713839656,1.3285184417237097,-2.6038195035606067,-71.8033
4.024528983620322,-0.07797631045054616,4.024528983620322,-0.07797631045054616,3.8649805497570124,-0.14359851109360586,3.6704546993526512,-0.21506077351632616,3.52315700757148,-0.2691646622739158,3.366053977582648,-0.3707913031186404,3.213991171425339,-0.4776322246892473,3.0980905377344907,-0.6001511620381828,3.007308221649388,-0.7175818810508876,3.2246250402178545,-0.7643673339146265,3.296767278714108,-0.8529479191490866,3.4071150552923766,-0.9477831916333083,3.4987727691292,-1.0406460230271009,-1.2972
5.258112727015273,-0.6363958380822992,5.258112727015273,-0.6363958380822992,5.241574191023157,-0.694347441295503,5.204431212918466,-0.7584254335908233,5.06376207280713,-0.7633471254335163,5.047041443261585,-0.8096243806379653,4.987550770668904,-0.8646905569977705,5.0597067395255255,-0.9125942317484664,5.046673986894737,-0.9645085080624274,5.010083695907687,-1.0214767315320992,4.957922568979873,-1.050074110581148,5.0728371332026825,-1.0919584280412966,4.968863133554798,-1.1439323207391718,0.4048999999999999
5.628033327904163,2.9291429237309927,5.628033327904163,2.9291429237309927,5.708821974803558,2.869305900912571,5.776047550012034,2.8144439079744363,5.70231681775048,2.820845853230145,5.644901459724518,2.795140339027801,5.56343601113556,2.7819489242571644,5.542474199308465,2.754552940056052,5.538637467825457,2.737246136447702,5.34610030583041,2.759613523492156,5.361425774922189,2.711658698491917,5.268588305229402,2.730103831652371,5.14794477048851,2.743006134110428,-1.8890000000000002
3.2702207157927408,-2.7218159110984055,3.2671727303587725,-2.712733501921296,3.0882004549575446,-2.763954509905029,3.131513282743663,-2.7431414619003087,3.0036933948057998,-2.7782551822750325,3.193854627249024,-2.718857219833527,3.21033991969698,-2.7023535509915293,3.1896620400913958,-2.690928596430302,3.155841548620586,-2.682593141942823,3.143894128306489,-2.691658210511819,3.18544978456732,-2.709215573917178,3.172147881168216,-2.715638276418989,3.1171838476419675,-2.7231956895120866,0.565
4.669148218893891,-1.5541329875983403,4.73884041617778,-1.5588099851727,4.73445726984625,-1.5568977710097962,4.706921632022357,-1.5574113830651666,4.6879693183722955,-1.5484607057933362,4.6675428225137905,-1.5450840349054404,4.6511532172139844,-1.54413311276645,4.65579085977882,-1.5446538588486758,4.6518295422338936,-1.539147579741387,4.650463384438158,-1.5269802214518924,4.650867069697865,-1.527457506567974,4.642101773981264,-1.5277421780597953,4.639346775139793,-1.5357626779765048,-0.0040999999999999925
3.299657292810877,-1.4286978329745268,3.3201111261522533,-1.430522156435594,3.3579906566278592,-1.4263092044918257,3.349897720826711,-1.4252939651057608,3.3809320963308345,-1.428999662037635,3.4918250500275656,-1.4384737837809283,2.8813175111396507,-1.4190335931675657,3.0054475024528378,-1.4225891537439184,2.9228280021239703,-1.4180559564113175,2.7853064068428792,-1.4129961615876208,2.7038964810066246,-1.4083532869341806,3.1211801117526066,-1.4205122522185614,3.0909279156913394,-1.4231525771545843,4.6071
3.3462269633125623,-1.5138357397694817,3.303550491516665,-1.5171616270998083,2.9405621792439605,-1.520206188106594,2.80871630642897,-1.5207525893953082,2.7863626199760874,-1.5223989512255802,2.3998882140633135,-1.5153486714356486,3.117225986353892,-1.5206024386899584,2.9258578297654867,-1.5194383805259168,3.1793192793426686,-1.5264956282103583,2.784711381813205,-1.5205725259238694,3.119739298402993,-1.5218303642420798,2.775676050982892,-1.524484746193046,2.429295618075328,-1.5203075754554802,-4.654599999999999
3.5550488111979552,-1.3572531159578112,3.5087805702266417,-1.3457469947171616,3.660355951270313,-1.3556921693861672,3.692293208833773,-1.3272167969996935,3.1463795463993214,-1.3332177983845326,3.6200504209195774,-1.3724852097672142,3.6175265707386326,-1.3695245441992612,3.607207831550603,-1.3628532084302158,3.6109525405355307,-1.363977587704695,3.235139046470801,-1.3275494519028812,3.548514930220809,-1.326323442490183,3.5893821306737457,-1.325344671554975,3.4509676237252638,-1.3250656625728492,-0.6201
2.1567994807121043,-1.9900563400260403,2.1807784229490177,-1.9940955968586536,2.0390581379646826,-2.0117639300180556,2.0337356367040442,-2.0117485546967218,2.0326562768948406,-2.009117574102829,2.0425678054840666,-1.9930073528222025,2.0698939586365293,-1.9860284157214572,2.0629736450085816,-1.998081740956541,2.061940915739343,-2.0142501391081082,2.088520643900844,-2.0452790935812546,2.098171406248783,-2.042543513547596,2.1162727919623214,-2.0308937298791423,2.2262036137783987,-1.9851666978766662,1.0845
4.843838986795491,-2.3464866242466784,4.723262509113799,-2.371689813710161,4.584918865149084,-2.3868899840855464,4.556396475286145,-2.4307858374959803,4.661260718947181,-2.3709553011511435,4.075757865722645,-2.5165971350056724,3.994640525754481,-2.5255016983554777,3.9189755153611237,-2.5454583642600648,3.8164853569744004,-2.579260478491719,3.9557471165381606,-2.5294687693888185,3.731819869715043,-2.6694244641490723,3.653379022220387,-2.717543093216892,3.515481793438848,-2.763357631266486,0.3137
5.011024399262089,-2.2129723568389927,4.758636594656081,-2.248582878242946,4.531611927338881,-2.2831971955761934,4.301214606364116,-2.3240822372072656,4.021893719381457,-2.3760100684352485,3.825490013057152,-2.4251578059584773,3.6178032464466625,-2.4801349322734785,3.404556013638196,-2.5531338494107536,3.473022594225383,-2.550467580733776,3.2750990351438243,-2.627154053310923,3.248751250865474,-2.616456186513559,2.9183781591836238,-2.7899526878375784,2.725437948293819,-2.935209461102657,1.5514000000000001
7.917540933901135,0.9044780735554104,7.660878947614299,0.9757158935010847,7.4641781503391265,1.0163792573652364,7.307010691794555,1.0513022300124715,7.1802815578499475,1.1036608305957372,7.049422230225684,1.16599767327216,6.949945041509321,1.2213049525782247,6.831624944330598,1.282509567082807,6.788556362732799,1.338168845996753,6.772993468917565,1.401181453691918,6.68047883089229,1.483431005782511,6.717639015308876,1.5523810782906071,6.886171834190604,1.642858043806482,2.1961
2.7324973632192227,0.08684296008875272,2.7127403211512933,0.0992138186285976,2.6949256631677287,0.08276836433841979,2.702528129363314,0.11395481508561606,2.7044070440671484,0.06382810766587105,2.701437846777157,0.0967661596289102,2.677022891198358,0.08827222373890052,2.6596497231778473,0.10607743015844469,2.64883474947004,0.11380486712953941,2.621254863610177,0.1131259982819241,2.6352044816294606,0.1146634689649486,2.6726385258766254,0.10823177647812923,2.6762776836494324,0.06850685874112557,-1.0893
3.3121618695347737,0.14055207985956214,3.3121618695347737,0.14055207985956214,3.3121618695347737,0.14055207985956214,3.278441465086732,-0.01641097318706985,3.2833848510340697,-0.026865754365180128,3.2757204841072807,-0.0209740231369893,3.2676110662072264,-0.02228111682964056,3.2739453645410745,-0.016494609015698755,3.2682870895929685,-0.015390932475235644,3.258151859567016,-0.022867716633734086,3.251837548217935,-0.02269680928761231,3.239555679410377,-0.018522117464143766,3.223132271564416,-0.009059634226837567,-0.0558
3.815706361868006,0.6584504049941551,3.7017310139987223,0.6782215736693018,3.559897134749822,0.707276510907666,3.403139322743048,0.7233357810737014,3.275700013737522,0.7497730141892796,3.1390858048164296,0.7895204115768923,2.9892064130802316,0.7987401679844974,2.856411486463389,0.8424648230857684,2.662234106910957,0.8677762084003031,2.531547884200495,0.897443432884704,2.3941539507725875,0.939349872618218,2.329614560394054,0.953740442729202,2.2324329978747395,1.0199366112321533,-0.6154
3.2196875531641287,-2.7798375035238934,3.2072064168057532,-2.7775304481521714,3.211952169631422,-2.770654615541677,3.2191573944123912,-2.7693583215874864,3.2259556134578165,-2.7694157234268326,3.2244291091602553,-2.7536340428077097,3.2046374896390377,-2.7812296047145164,3.145138268820628,-2.7804887038381136,3.172994160095475,-2.8038157218946798,3.1525053354435437,-2.8365846180311114,3.151016948542166,-2.8403264704498605,3.164169812130821,-2.825898512379438,3.1782973130278362,-2.8113947910942,-0.2182
4.528788545516339,-2.260383463242819,4.263174137893033,-2.2981925330872683,4.049520524704129,-2.322312709739778,3.880665391398749,-2.34034131537249,3.7575796172536386,-2.353447037564575,3.6008042490532604,-2.370294659412801,3.433401977630934,-2.3899353894681266,3.3122713128607066,-2.413759389564866,3.232317294140538,-2.425224821467026,3.2133091058906884,-2.419855566267366,3.096682781622943,-2.441355270103629,2.8726012915126256,-2.5019417231550807,2.843479987620807,-2.5033949303507033,-0.20679999999999998
2.8170034167533404,1.6333147824946879,2.810878277336109,1.6326670007304598,2.8116622023280105,1.6314025759628832,2.8132806898708127,1.630904729861526,2.818907478084374,1.632170669860053,2.2964506613467672,1.6409620766488366,2.6779523688818663,1.634619721852059,2.6324580775389395,1.6340113168531807,2.8340424714530985,1.6316303904335532,2.836173282787919,1.6323617764509688,2.8381377151223646,1.6338371311368685,2.8464410568286853,1.630907539608795,2.846325302912511,1.6278129705977264,-0.06620000000000001
3.4510368992521645,1.91138767521682,3.475359378539147,1.9149235302989205,3.476998674144124,1.9135939147635421,3.484378532823322,1.9200675313982973,3.515249580044068,1.9209867033942212,3.6126605154650226,1.912330676837805,3.5465961427825397,1.9161417952562307,3.510300391704392,1.916349763087387,3.4921984479694173,1.9169985286896563,3.5500818652532495,1.9106748786818868,3.9526115038035297,1.8795537412980645,3.616160333834771,1.9087605418781588,3.3770595330849567,1.9333758885145091,-0.795
3.063361566971815,1.7015811374575487,3.055890285988684,1.7040484904101942,3.067561301750953,1.7056765674121492,3.6423203716861567,1.6922260984592516,3.1181037715252513,1.6972675603410503,3.059944894928665,1.7060473333702293,3.056873762522754,1.7088257519922332,3.348575029770127,1.6987517191652173,3.068558935396219,1.7085270844959597,3.6202874872031923,1.6906870958744178,3.1892505530296633,1.7011328695516337,3.625649642477885,1.6939265905909655,3.0841730236807403,1.7084472976554606,0.1043
7.2040805999100295,-2.2147055376410156,7.0431882191234925,-2.21276971776342,6.702966899067904,-2.2303805595458397,6.619667008241425,-2.219424604169296,6.2074385216448205,-2.245587587281421,6.357517695610452,-2.216656849220242,5.554622411109511,-2.2925138877858013,5.1332274301846414,-2.349155360247776,5.016722221730043,-2.373123388612606,4.3988073667756815,-2.485524171287982,3.882878048561401,-2.552082897560871,3.525373353277638,-2.659270804749456,3.3820424420754955,-2.707384097699362,2.1624
3.161263704596628,-2.2430177480207085,3.0601018577818655,-2.2383054787110983,2.9810100033377966,-2.223636687949404,2.886556387808837,-2.2240185143328928,2.8156810348475236,-2.226827591798554,2.755040834543113,-2.2088528432898924,2.8542113323998946,-2.143493705587081,2.827863829819248,-2.120676741739378,2.6539541311032493,-2.133892937786208,2.6539541311032493,-2.133892937786208,2.652765185612931,-2.039063152060912,2.652765185612931,-2.039063152060912,2.6165538748514243,-2.0214709699620177,0.1981
6.5159045058993925,-0.8162336176227156,6.359937984760542,-0.8301636249008031,6.0079789055888,-0.8709369612579678,5.527556535215174,-0.9227724084973667,5.232815634054003,-0.9686575984640389,4.966009835874271,-1.0324868850369266,4.6532450924059425,-1.1034197227862952,4.149759208677054,-1.1472062284734863,4.28095424525888,-1.2315749780191803,4.28095424525888,-1.2315749780191803,4.015231904884199,-1.3402546948104352,3.8707298588250754,-1.3873750282587645,3.748191142404558,-1.4421128993247532,1.4606
5.7918507784645135,-2.3509203290069074,5.616761423631952,-2.3564085070334615,5.408031306307319,-2.3579073322300994,5.222919556148651,-2.358726198902678,5.1071756627318,-2.3623557137181637,4.96146553449684,-2.33189248240598,4.990410782691139,-2.2929572282612387,4.897223430679882,-2.284443642185298,4.721245159912796,-2.2688567237692534,4.6522621099847745,-2.2514018811048953,4.485298723608051,-2.2114079919118,4.378442532453752,-2.196130159224314,4.280529499956753,-2.193457383665437,0.944
7.478553933080917,-3.0717094531301505,7.3142215908461505,-3.1218763596322954,7.169001230297011,-3.141006797888931,7.029055331266073,3.111157123230631,6.915383364644363,3.0710826170832735,6.7897525175811815,3.0374981812812236,6.656048921094256,3.037469074955343,6.540748315751038,3.0124721421209872,6.4273785838396025,2.978896901343189,6.356097190100228,2.925667723449818,6.268492923342898,2.9042749265257006,6.2701755079104435,2.8752566777909556,6.173261253178907,2.8758094476403864,0.7944
3.124533227539754,0.2999789931904532,3.1310765464932317,0.31655931108544366,3.118923129863895,0.2905477736150037,3.1183050283767915,0.2855899575807953,3.0837211822731327,0.2461112278241029,3.117428417782839,0.30505297481846294,3.161125195242986,0.34346017093555364,3.1053348692210343,0.2897387527020403,3.0856398007544614,0.25699710734734144,3.0846878691368405,0.2574804690062211,3.0884555832972516,0.25097051841608625,3.1410443947833664,0.3356140828277933,3.0649879673499525,0.26474687948219,0.3587
6.109270537470082,-0.9642474811596592,6.355613965621262,-1.0100188452923502,6.632660987869045,-1.0481775043018497,6.896428411866535,-1.0830362180665292,7.096257640475016,-1.1123479777033582,7.365466848068763,-1.1399967836917329,7.644450479923327,-1.166017906730316,12.078748755148444,-1.0134387769819224,12.078748755148444,-1.0134387769819224,8.264110272739588,-1.2354612114375978,8.264110272739588,-1.2354612114375978,5.727810326817743,-0.9839510012377461,5.872700041718464,-1.0290218217174707,-0.9295
8.102721764938002,-0.6175809892609829,8.09747228954814,-0.616496808233178,8.09735296254276,-0.6147223008642007,8.101972190769354,-0.6119504688435741,8.116884136785492,-0.6127233577502708,8.134067269207948,-0.6137182456028442,8.123159651884233,-0.6144836959252209,8.11907019861264,-0.6149446972441602,8.149741076255122,-0.6194293077814985,8.149741076255122,-0.6194293077814985,8.137732763491318,-0.6163796656223778,8.13165026547502,-0.6185540150623682,8.128514974458744,-0.6193270574967031,-0.109
0.825391428353845,-2.9866220965309926,5.89716764642146,-1.467938645960165,6.176859010856571,-1.5751674943955667,6.831719207490895,-1.5731676208557592,7.15479864217016,-1.5857379041940771,7.419273218449366,-1.592660048278288,8.227469249410781,-1.592676002908161,8.8821164555527,-1.5981242967255556,5.036820891197143,-1.7733977191069727,2.448560495474843,-1.4139396673389362,1.5367463193383613,-0.8583939574258475,2.2100313527187785,-1.1412928464207184,2.4533347773999377,-1.211644000824938,-0.4941
2.788488755580697,1.6416106685156793,2.7822543090091547,1.6420218470363406,2.7990019542686992,1.6449979663699967,2.80160221480495,1.6449647630684658,2.7823973548003544,1.642738829187382,2.562368851278054,1.6450928496444963,2.250605682921823,1.650280842868172,2.723313926083438,1.6455911791057822,2.450330867454432,1.6481691870549384,2.227204750354128,1.6512529012754298,2.2254401744374075,1.6520381513145053,2.225816903970316,1.6479231322329004,2.213681605380501,1.6424578251342148,0.04220000000000001
2.5774107802211117,1.4442468863801508,2.403936049482182,1.4365294784481828,2.3991054541224313,1.4309978060291124,2.387503620939663,1.4288755785962997,2.407943988135936,1.4341557356853616,2.401737514800483,1.4330858611664035,2.399632680224205,1.4395666343914792,2.360609982610427,1.432895201053836,2.358371120074193,1.428395560356527,2.363915789532276,1.4299282630572039,2.4202601389106917,1.4305587501517965,2.4051701166445594,1.4339971588680527,2.3954658586588122,1.4438834487583059,7.0016
2.124251428150632,-2.242942030097988,2.116357798199541,-2.2450059547295993,2.103927646094324,-2.244312479886461,2.298742460564037,-2.194676754018363,2.578875625151397,-2.1163697007381383,2.1247529856432714,-2.2426339328175406,2.5209670723752002,-2.1169030727120592,2.605058634656805,-2.1548703258918924,2.6001784092634863,-2.1451239491655456,2.5346787271762863,-2.1077312848575858,2.5445618640543994,-2.102090000309829,2.420806762217918,-2.1449012287832048,2.5576342838646804,-2.124633654957879,-0.007900000000000004
4.754633117286757,-2.1558706297817385,4.707143797463595,-2.1564126234613585,4.798252312040291,-2.1317152341476096,4.542667163682585,-2.157260357301981,4.43074150114854,-2.143111536843043,4.400303958819206,-2.136282797946957,4.307668734942371,-2.1346714563605946,4.2132475882625275,-2.123468220175107,4.294830846494427,-2.091328681706047,4.128898460848853,-2.0832583498227835,4.28618939035596,-2.0538833802267003,3.924462460006467,-2.0912698738900573,4.0942713405440045,-2.0489937659806188,-0.6612
5.639464400987028,2.8736936309032535,5.743392298110932,-2.3174892878039395,6.4439385859891605,-2.3227199546783157,6.680842345093918,-2.27394804107583,6.820618366394653,-2.2239594664801605,7.023917938729068,-2.1952214544554667,7.622428938993134,-2.124826015863367,8.168588875075057,-2.073346700183562,5.685268734193661,-2.5022320820978283,3.105516905444247,-2.862673758535826,2.2142233401353133,3.0728915282275273,2.223589325842345,-3.0269772304636064,2.2680329208369114,-2.777429266550747,-1.2915
1.9291587000555457,-1.2784408681430808,1.9291587000555457,-1.2784408681430808,1.9291587000555457,-1.2784408681430808,2.070646082748086,-1.1471584808704531,2.2943584942201167,-1.068447676612817,2.407194900709124,-0.9620646762998906,2.5752938201300464,-0.8803785049844558,2.7913370505906308,-0.8084271587838896,3.013680681492319,-0.7702638033424365,3.2354408123159986,-0.7223045298782823,3.509723376564029,-0.6976457855965433,3.8176140834295977,-0.6958718762343264,4.060621028857535,-0.684190842653785,-1.359
4.87232947264448,0.4163967456945189,4.8434761618077555,0.41609656616960994,4.906805543324493,0.41108945690126875,4.965653868323889,0.39488561496309865,5.006360822993084,0.38291364249205234,4.9612376621161784,0.32056499582711484,5.103790251372009,0.399296082547051,5.103790251372009,0.399296082547051,5.095438104814933,0.3930942767949096,5.094691767909024,0.3918166770466361,5.0298920555017945,0.3368587162147793,5.117252361375197,0.3883483147464891,5.126718492369173,0.35136238371649264,-1.4102999999999999
8.162926818856088,0.5473211586736627,8.274851112255739,0.5563972964751037,8.36237011438743,0.5623057297394441,8.396388166944165,0.5671082977561805,8.615534530718337,0.6000426508023369,8.785118196700598,0.6232677864842688,8.642376147796393,0.5938369404282613,8.7457606032866,0.6102285666356392,8.918222272403844,0.6382646152410976,8.776040679030608,0.6171764037554082,8.948406652024705,0.6459417691848091,8.987361341906757,0.648250017710774,8.927130697486177,0.6357135334737752,5.2312
5.514769442143523,1.4070487514594165,5.402952464162534,1.3321291638166102,4.802125697022102,1.2347357265551053,4.615029071414392,1.149876888390158,4.7142801497153295,1.112499050469287,4.437239034579949,1.0184917204751964,4.336393345857822,0.9560557992227756,4.1293159833076505,0.8581196540445911,4.042867546680206,0.8081374203421582,4.345749426738732,0.8273902706188176,4.195933832891078,0.7814378881748132,4.006681630726353,0.7065526253409784,3.6636535166415456,0.5278504671030749,1.4427
5.694721691180353,-2.957311547627469,5.317787819197004,-2.920204826609885,5.079671368307208,-2.8595018049973713,4.812796862532225,-2.8198289580706377,4.629531221408927,-2.7749290404248907,4.459927633942054,-2.7169915302227436,4.3593914632664035,-2.6678606459013308,4.319316988830523,-2.567556519204964,4.2833876779950675,-2.531482539819096,4.1953228648102865,-2.472789242799904,4.273091660612955,-2.4172610792398537,4.367853591868665,-2.361213065510981,4.380898595037326,-2.322454069595859,-1.3004000000000002
2.563639391568166,1.1148941449559893,2.518184552410722,0.9317111120351386,2.4737127824385765,0.7732493085748622,2.588407666887114,0.641067177577264,2.73049437465086,0.6002427025062419,2.7979316110298353,0.4758434908116345,2.9778378884687435,0.478636197936053,2.994691970804344,0.32491844242671447,3.037174292002357,0.2546892666927482,3.1469178635611073,0.16916081775197508,3.1466963072403407,0.0768864474615271,3.205553063045441,-0.03307364605997059,3.3077253649600316,-0.11200267502888628,-1.8867
10.288674834982393,-2.5476945563267805,9.432066512170065,-2.482499419919932,8.667250459632513,-2.410760299619462,7.954136441500107,-2.3333012568213722,7.244443599062666,-2.2338419336707536,7.262056447040329,-2.0716728319249214,6.764361204134501,-1.963477972898949,5.9245131597456995,-1.8577279141376861,5.905407965585446,-1.7101022297026935,5.690365487383039,-1.5755939280716622,5.754533798666926,-1.448851101176991,6.186507652141066,-1.3401628862006811,6.619017305461588,-1.2399252769093596,-2.7052
14.008397761343014,2.07682705702937,13.584502388383612,2.0666691654394165,13.124978510077645,2.0637990408935236,12.756547505104978,2.0540949701935944,12.399313700362613,2.053640296136012,12.003339670691654,2.0523098242186277,11.647600881297404,2.053089793287171,11.160766267600087,2.0581837233658615,10.913561400386216,2.0595085747184263,10.601669882145924,2.0554991847141353,10.327737475362161,2.0652019969470556,9.975903296443885,2.078350490976433,9.7056841840233,2.0841174676893446,-1.8388
19.03479707929664,-0.15949502374317626,17.976318345256352,-0.16335619587597547,16.982104774732722,-0.17138794140288113,16.029967155612017,-0.18467272211306507,15.097160300202152,-0.2135262732432515,14.008196858982242,-0.18145997334732408,13.244874046211237,-0.22953216401675006,12.495803105443045,-0.2909853856518334,11.6350917955124,-0.2976433468282215,10.951352907289582,-0.333070062825153,10.270020300856274,-0.3550976058113361,9.488686710498982,-0.34951202964800293,8.714681379144047,-0.34954255163492587,2.7234
4.09587524224066,-0.8262904149074934,4.192902251424426,-0.8734257946729101,4.305969783916278,-0.9091380316153546,4.413018461325538,-0.9448306002828599,4.503238099412466,-0.9761728533934607,4.786857461842792,-1.0272598753332873,4.619471045476961,-1.020501374400776,4.695790107106581,-1.0425425295446575,4.824883825544404,-1.0756014228735096,4.905226420869885,-1.1052523632604656,4.905226420869885,-1.1052523632604656,5.371463045577061,-1.1843299224863488,5.522462897113931,-1.2106650237580263,-0.5765
7.983901732862196,-2.7578393534032246,7.714938706820684,-2.776154404056734,7.464005736868105,-2.8072926550725708,7.158524044801413,-2.8303117643477513,6.925703834268397,-2.851535457680249,6.70994468680629,-2.9037817434798927,6.521899361382386,-2.912702162299682,6.329933169473437,-2.9472736448533547,6.051559115632927,-2.994037835035298,5.784340613241925,-3.0344959978298425,5.784340613241925,-3.0344959978298425,5.345688253162548,3.1172154546576167,5.179374589658483,3.053960316317774,-0.24229999999999996
7.578478396089812,0.9139148241476163,7.484531036745054,0.9236022594595397,7.320118147953628,0.9250684761457001,7.152866169585445,0.9382113387371557,7.038408264657568,0.9465763399927579,6.971538391201758,0.9517140633249812,6.696269297153451,0.9424534923478007,6.529442548947036,0.9413244408876126,6.325067114268433,0.9473121525900935,6.132847861312068,0.9536383931398379,6.045930138531208,0.9520350436781082,5.873083112812211,0.97011375678388,5.705805952711675,0.9725663375903265,0.8188
12.104837175278321,1.5683179761754935,11.55059643871259,1.574882707235272,11.008015422409255,1.582197357230154,10.50457934664687,1.590693724346979,10.036782732031213,1.6032426939081412,9.378541605708213,1.6124673149465552,9.0832461207434,1.618760129482649,8.75331731002595,1.6253398417287495,8.260142386787287,1.6406460980988509,7.847233413758,1.6536719311100345,7.847233413758,1.6536719311100345,6.636274982247196,1.6975922919866584,6.1298507208577275,1.705282930893646,0.8371
4.467268096946949,-0.7780377897871715,4.6262338343408445,-0.867768913893734,4.691621350876473,-0.9382468748484702,4.695896926040858,-0.999621343937012,4.684830316030668,-1.0700731317682817,5.921221874748489,-1.4754010951110115,2.5795141267300727,-1.5249188852193571,2.5795141267300727,-1.5249188852193571,5.301865094473832,-1.2445485523623516,5.4985588520993405,-1.4193236766633497,5.57642220783183,-1.6427323944656245,6.084369111912918,-1.5660299969963496,6.843820631781637,-1.4362846867015886,-7.4392000000000005
4.75807638547344,-1.5097042471621012,4.7762634862411,-1.5102098441966982,4.701116516318225,-1.5102417876058898,4.388144293434299,-1.5080178725921365,4.736571043487049,-1.508897712187467,4.757406777857029,-1.5046406379151076,4.575743943884972,-1.5206851413520894,4.748684374645254,-1.5085916321184432,4.7341380767780725,-1.5043785078978547,4.696079337064058,-1.5139736976214448,4.734693341706515,-1.513781815596828,4.756558656213544,-1.5203182460803684,4.7428652352770895,-1.5210590400255273,0.04530000000000001
3.723090416575991,-1.4017177025093088,3.723090416575991,-1.4017177025093088,3.7435948565516526,-1.398397262613374,3.81032406627048,-1.3991024044065852,3.808592663963947,-1.4000361328965387,3.814134015736731,-1.4018028904557582,3.4923432033521586,-1.393017326850138,3.594036861246695,-1.4030677890373324,3.5647998667526917,-1.4039551432255986,3.7422305888333516,-1.4056256840064882,3.7832343966505695,-1.4068426515273518,3.8119385999777045,-1.4108790264330144,3.788538009575726,-1.4105511662421333,-0.14279999999999998
3.699791013016814,1.1534968378491646,3.7023871664103414,1.1565238195573604,3.6995057250935566,1.1531373736110655,3.7070809662050825,1.1559901973931896,3.723010486152301,1.152353819764497,3.744051463321517,1.1512865602511204,3.75065532407338,1.1506120434724285,3.785742529544239,1.1366266742019782,3.7507630810276447,1.153893032594328,3.7072671619401807,1.1652776301976264,3.704197285512749,1.1517496763175306,3.690723574043444,1.1500932750539419,3.726526308776044,1.153800812465513,-0.0651
5.972325085760155,-1.6157185676867938,5.991306108020186,-1.625937457076891,5.9775637177699785,-1.6273712778674871,5.998299148925464,-1.6240365601590423,6.044562377045999,-1.6249540944008454,6.056545209936107,-1.6213747639603737,6.020266396929622,-1.6199335255286758,5.972484197551304,-1.6034518609643085,5.967621741531548,-1.6031431592548055,5.9726299265901295,-1.6056624061220752,6.018661971734245,-1.6021705721746677,6.016417060842774,-1.6091175440265437,6.002699603511739,-1.6190933788964896,-0.7986
4.43304838006535,-2.635572126913603,4.43304838006535,-2.635572126913603,4.372666371906276,-2.6318641662786924,4.259925732920705,-2.632157092221335,4.149634711634272,-2.6627917498206726,4.12183266278485,-2.7115317147948548,4.01616359228555,-2.7402318798970655,3.8218689799625514,-2.8082580083623836,3.806828653879761,-2.7295401960754,3.7382946285706242,-2.741319780213617,3.6767742179796663,-2.733133190941585,3.605683560713559,-2.752593703893458,3.5281698881998333,-2.747412005141666,-0.30810000000000004
3.033090649815794,-2.5181582330874406,2.992799097834665,-2.533905145178637,2.949355444838755,-2.5808549075582876,2.961159965283875,-2.588523958316581,2.9076432036960775,-2.5761031811513764,2.9076432036960775,-2.5761031811513764,3.049376959314805,-2.6325830313529273,3.049376959314805,-2.6325830313529273,2.9367722911386904,-2.6466157899283593,2.741914486266848,-2.8006613762151,2.6769495942210013,-2.883521700970746,2.6626976884355487,-2.9005216082291327,2.627332162099039,-2.951086844013714,0.9083000000000001
2.3574423598467913,-2.0351648067866677,2.333341220224765,-2.0325273114056377,2.2902503378451886,-2.0527220789013323,2.284141687811856,-2.0740039656985316,2.0685485080123187,-2.219547517879112,0.9844588005599844,-2.6740382821092648,1.843318455937553,-2.4435758600323503,1.8849417444579006,-2.4322701109382705,1.990833727361479,-2.4285369548231612,2.0864074985486423,-2.383819262967144,2.290000510916976,-2.308067961390255,2.286410081328369,-2.3495143149276365,2.1493618238909926,-2.462492065962473,-1.1135
2.8760608912191072,-0.17526637600308054,2.8796161167766723,-0.17286169279694993,2.877765489055698,-0.1715983948852104,2.8683329269804205,-0.17262837675056403,2.872526367154882,-0.17187915240460064,2.860482088739586,-0.16906256300155142,2.8685411797636804,-0.16936104898064597,2.8775703727276487,-0.16811950307916831,2.8758067285546134,-0.16928180656593586,2.8672883531308813,-0.17297512808760535,2.8675469045858697,-0.1734904171881712,2.8787890249200254,-0.1726297633981187,2.864519598466734,-0.1698490560214309,-0.023400000000000004
5.576745220108229,-2.895700689131633,5.2503330218187125,-2.889971196713459,5.5813343010430785,-2.883659759790618,5.613179722759635,-2.883037543919683,5.678513397888565,-2.863019652904705,5.728755580403134,-2.8431386401562926,5.772021720333353,-2.8416378185946427,5.807161607015941,-2.842121396869668,5.782888953628633,-2.8529151526253616,5.796662310329971,-2.849119647997217,5.827756471404754,-2.838721092479564,5.853599939353558,-2.831268166660729,5.849759913876808,-2.829513270331566,-0.027700000000000002
3.3106371909346963,0.02733953308734315,3.312339374218768,0.03146332008241353,3.3039685985190546,0.029817049987063565,3.2941991196647478,0.02914626284982951,3.2898284894504792,0.031465798739797365,3.2697744417619976,0.03386201716370855,3.2694615367060074,-0.009940638510720462,3.2751612555719976,-0.009923338383515001,3.2778763384240066,0.010372755466318233,3.2723584278009765,-0.009840156683195926,3.2642897052804494,-0.007413625586513801,3.280309037270723,0.0023473419679982187,3.2817174436565995,-0.0032604936719948024,0.8101
2.6433250159600115,-2.101678341485361,2.668417045740787,-2.137833087156324,2.682232174887174,-2.132572994708747,2.6713457376386183,-2.1279790551186886,2.6375740255014666,-2.1344955677812676,2.657990703520237,-2.145703161348736,2.6593603385024767,-2.1148465466098814,2.773206175169814,-2.150587965314111,2.7921181798054318,-2.1476535119626496,2.7590193982645337,-2.1433576949353594,3.1555551413340917,-2.2888065078546598,3.1555551413340917,-2.2888065078546598,2.7008904994464324,-2.1370683567073865,-6.143
2.0880400115898174,-0.6436064707591401,2.0880400115898174,-0.6436064707591401,1.9805791526722674,-0.811606446865379,1.8893889223767586,-0.8026894478281456,1.94221171348543,-0.8426617243260301,2.0059797456604587,-0.86804760068493,2.006786052373294,-0.87593682687722,2.029430585164225,-0.883673093400051,2.038490127520857,-0.8722266517216056,2.0255054504987156,-0.8754132849840186,2.0582500552653937,-0.8982178796829083,2.090186484503239,-0.9040128952047725,2.0971707846525014,-0.9112252580543232,0.10289999999999999
2.937428509768363,-2.4372866470336776,2.9621829264918773,-2.4212414600347656,2.921534454700127,-2.4062435349246956,2.881904524789115,-2.41617211924883,2.923798599425072,-2.4125985188850967,2.8853794377863013,-2.3978676759141977,2.9134375469537726,-2.3945027581211553,2.932596995838324,-2.3949762517323596,2.9178008036875975,-2.404900328506915,2.9293880811527826,-2.406689294767951,2.9307706307386145,-2.4024624389566247,2.9566590672581765,-2.3973890379706635,2.9139667139485295,-2.409581053367462,0.18270000000000003
3.8276308769263565,-0.25141019648215085,3.927367582745469,-0.2158878304318066,4.121441378935284,-0.2512871336510799,4.289127269037371,-0.24330488256433033,4.453530425404096,-0.22727850468390767,4.533380426348536,-0.21428092083546588,5.033650859962379,-0.3575546039049553,5.744163389911539,-0.5293814586745405,4.723751061391785,-0.2102786519862947,4.782528513244854,-0.1845682846520113,4.851466698844789,-0.1746065268176414,4.836596995822576,-0.15245283540473364,4.987649546630159,-0.14121655113656412,-1.0255999999999998
3.429338493062477,-2.254987061730642,3.2487403712823832,-2.2716433828733753,2.85776165731154,-2.3657703239851147,2.430042446131346,-2.5180184414113813,2.3110276264034533,-2.580103716390918,2.1365836374923344,-2.7431292360479342,2.081992973090926,-2.828378254939422,1.9972022531531446,-3.1400905517754083,2.0369074328501053,2.8765849900643907,2.139010867200068,2.7405620889919287,2.179272869559935,2.68705659673386,2.3979454747762747,2.444478323984838,2.8426013244913513,2.322034003112157,1.1504
2.8990829808751597,1.891467003343032,2.8990829808751597,1.891467003343032,2.8990829808751597,1.891467003343032,2.630932344246047,1.9520791012667869,2.7663831639886762,1.925577307710526,2.953156401208714,1.8928788331640984,3.2915041941337395,1.861394672453685,2.860351357788061,1.9010265947987812,3.020983596446693,1.884769295135223,2.738178095011353,1.9164783588185812,2.7353288723661744,1.9200420899960609,2.7211675876358656,1.9156050526044857,2.7008413392867068,1.910719459484307,0.9263000000000001
5.600845137119935,0.31566969705132375,5.594839469546919,0.3295336200676704,5.697004268911862,0.40012998336754585,5.57169851032879,0.3595079938409693,5.537710885374929,0.3686790581865027,5.448012801930624,0.3934215302612806,5.406523150787394,0.3992572494922431,5.406523150787394,0.3992572494922431,5.5057418482889275,0.5160710031313084,5.5057418482889275,0.5160710031313084,5.299926376847139,0.5529232173695726,5.341978780377172,0.5496302519077481,5.2310819473604075,0.5103515519440421,1.6861
6.922637232298107,0.13300018321136337,6.553233529334968,0.1699703593601806,6.216088733279147,0.20055054152577467,5.882426187382211,0.22934340424634744,5.453791526085317,0.2513647437675727,5.070503139728835,0.27352906989457615,4.7840421496889,0.45846877838767736,4.994101025209637,0.7228177270353678,4.0637954980535085,0.3751965873602878,3.747784062616202,0.39283919580595145,3.4367305888009345,0.4373197486495033,3.087297577170042,0.4449456084643442,2.741605684630816,0.46598024211833694,1.3896
7.841907391700053,1.9559889670953123,7.611916180568465,1.944591493510024,7.4100758626346055,1.9355043216672916,7.210085048735555,1.9221517050610835,6.942779493113695,1.897743899267667,6.739735360531597,1.8687890966685317,6.483443837961429,1.8329089011994364,6.483443837961429,1.8329089011994364,6.010352497150229,1.752228748363434,6.010352497150229,1.752228748363434,5.677968904458705,1.656353761880551,5.535454533279088,1.60859807018074,5.42073662245271,1.5581039840275168,-0.1208999999999999
1.893762849461357,-0.35496974668274106,1.893762849461357,-0.35496974668274106,1.893762849461357,-0.35496974668274106,1.9331331511305712,-0.36570310463879013,1.9896243992271503,-0.3129293574734107,2.059177903921852,-0.3003412734202155,2.109935555887902,-0.273696946787955,2.2300555800248585,-0.29379761417243594,2.270843266277974,-0.2750272095660109,2.3684787058363033,-0.23075462376949307,2.3977364826018737,-0.22331022840067896,2.4619667117977033,-0.2196778361044599,2.521073779166331,-0.21505497029864032,-0.2572000000000001
4.571935831789419,-1.5505628162622873,4.444993772774041,-1.551897537549748,4.292792393070039,-1.5492935135352575,4.498220256946073,-1.5494974045335015,4.084917072597681,-1.5534144377455148,4.04067321618564,-1.5500062141048494,4.058591688011988,-1.5537206086165887,4.0671197732547775,-1.5533383686688365,4.500344435707116,-1.555241334522509,4.625747074797757,-1.55056037638664,4.640676683415901,-1.5513582821814846,4.62179091370434,-1.5522959491160064,4.626965123058525,-1.550371152082405,0.0622
3.023247136771984,-1.5059861640815277,3.075486519235615,-1.5043514470453803,3.071623852297023,-1.5066168193750358,3.0472125787348663,-1.5095545768790852,3.0221175754758445,-1.5125923375093469,2.9216460737057126,-1.516245217066433,2.6856793795983904,-1.5170410199602677,2.9142861904761515,-1.516554054471662,2.7026810762648235,-1.5119318674690625,2.5671360579447287,-1.5094053555692266,2.615208507939664,-1.5047114366262475,2.5715461749694493,-1.5093938900086956,2.845253291009431,-1.5111881301243035,-2.0869
5.710439861341681,1.2635384744431362,5.131179024356879,1.22572336741046,5.025393923863082,1.2229977696791476,5.05211500264988,1.2441634877059213,4.18897138328731,1.180408725709444,4.014939134034289,1.1707938773764137,4.25391173979903,1.1891156879558007,3.9393885629625314,1.177420889973488,4.364139835064868,1.2295526627100362,4.382438231167669,1.2438575923990474,4.249943205502869,1.248785346048995,3.5823234429626813,1.2170408070803214,3.6564011664476856,1.2423949446092906,-2.0324
2.630132304656936,-2.063336840666628,2.8909499615178396,-2.009814106793031,2.671452376517316,-2.050281079318194,2.6779166977335205,-2.0700894039238755,2.957741755123323,-2.0363188296479175,2.847489829656992,-2.0438359855622124,2.484250641541629,-2.1137355828731312,2.6675168715492705,-2.0830653029641786,2.438648447398679,-2.1525436806809624,2.450499610283582,-2.1971653970997886,2.581987161083493,-2.176061748377769,2.7954467782449397,-2.152091949782407,2.544915764814233,-2.232373674424063,-1.0924
3.2395635956097584,0.3629652219856572,3.2278692941319655,0.3714799911130971,3.206672605677107,0.36432588479258426,3.202596877535477,0.36641610535561825,3.209943217566315,0.3710477548090656,3.158577928435514,0.3220408940859293,3.2139542824999885,0.36502707546467944,3.2236437970098404,0.3655056876331336,3.116300827904773,0.2966327603281858,3.1369087092231434,0.3003270616907446,3.1198624216461797,0.28637884144623194,3.1282916631925484,0.3088212426474206,3.0991652101816047,0.2734685645986837,-0.6626000000000001
3.9037445331373926,-0.023133699968282583,3.8968168984441633,-0.025998504769644878,3.8904172012780287,-0.026992671023686465,3.8855207746195366,-0.02797930833044986,3.8985823910749864,-0.027577620914539844,3.896975729973181,-0.022378193892492307,3.889755246798944,-0.022162591618428425,3.8847474100641346,-0.019616432985684128,3.9114480796758584,-0.01820398254986978,3.9101908521196336,-0.01879814355444693,3.904600907903389,-0.0175443062742119,3.9017481415386124,-0.008714153009636667,3.8844603975327088,-0.009087616365156767,0.03889999999999999
4.431776268044224,-3.135725897784381,4.477460110375077,-3.0969543176918592,4.496253388099916,-3.056017082683869,4.553811539798281,-3.0148761600240235,4.569614681786638,-2.9728355200231116,4.65840912007522,-2.9282533831045985,4.7071694254615455,-2.892595050847782,4.7838089531251144,-2.8698770796073805,4.895066418344087,-2.8153070707848378,4.8909293513605405,-2.7852054381721807,4.924731320589989,-2.793100957801026,5.158702790430939,-2.713790819404108,5.244455499858875,-2.6811172277935733,-0.8133
3.2442990383132044,-0.022194597566784494,3.2632401842340717,-0.02129946045351352,3.2784887799106457,-0.02049868428355433,3.270210280700605,-0.015840622448978298,3.2642154110903996,-0.011488465127174398,3.262980577631442,-0.017163065513178737,3.270942477329736,-0.016448600499412117,3.28226688281133,-0.018585786654816822,3.2450162064310195,-0.013960322098748418,3.2395494331773977,-0.012409451564435589,3.2475021678206843,-0.01364167650840184,3.2579802838568535,-0.02188647150434871,3.2675059678598863,-0.017598427876149014,-0.1235
5.577628769468253,1.643238097870035,5.577628769468253,1.643238097870035,5.574156909345128,1.6340768148358837,5.574156909345128,1.6340768148358837,5.607820628372486,1.633499896995036,5.561169349156705,1.637774764378571,5.4326107986860235,1.6402847819641693,5.443124148868922,1.6389165253024376,5.213422723125373,1.6406729525565316,5.278357840275707,1.6406095671249221,5.488248056529516,1.635397370597377,5.475292722768343,1.6338850267284268,5.459581809076585,1.6350946276516272,3.2141
3.631726901902181,-1.4381010483658019,3.7254412490334614,-1.417055173239864,3.7305168127217994,-1.4346577297487773,3.6192893915795135,-1.4332365378971952,3.6146086164341473,-1.4457824871755116,3.638749257643348,-1.4494682792761464,3.6384595641562396,-1.4501230501187927,3.6409991815434424,-1.4507609303781712,3.1800171634756955,-1.4342092401619257,3.0577280520020094,-1.4293710269912228,3.068872908740274,-1.434231043472306,3.0672124054261376,-1.4338604546401945,3.353559584978326,-1.4356929954481559,2.0151999999999997
2.6091783553448384,2.6781850048195426,2.603397459090715,2.583445285252153,1.7974832099354918,-2.398968714771357,1.4563223303925579,-2.546162605543922,1.1992947010639172,-2.941220912051087,1.180302351094838,2.854518023130807,1.5046080153980328,2.3977509845054588,1.6214617140099223,2.3017869560590336,2.141613615944762,2.0970893962328723,2.596766398812183,2.0004929666972027,2.8588184849689218,1.9601951981233388,3.183166238197435,1.9171866317236412,3.1672537536484198,1.9212856205383633,-2.027
1.8935925327271423,2.09195991436309,2.295193510360294,1.9872732571351606,2.216249164692453,1.9991639877010836,1.860330384636017,2.050334695330209,2.220504109431008,1.9476314458250412,2.314337935566024,1.921080881049268,2.712259637276639,1.8703226172185603,2.4680231461637456,1.8759532867847408,2.409143984904183,1.859410423947117,2.383203209967627,1.846035458983882,2.471123446936636,1.8150094360752238,3.153449845803799,1.731534533107384,3.049034845651981,1.7203511797844182,1.9921000000000002
4.1222501913396785,1.0500314190919806,3.8857985253998946,1.0524194849074249,6.067456324523483,1.3969499781533714,6.173676477594206,1.4172049036560577,5.701944356971576,1.408810535204394,5.251068557922283,1.4060859574828164,4.150367125929946,1.3739299974322077,4.2854315628650514,1.3814003034081914,3.8730211515043402,1.3606299010415075,3.60010610121424,1.343489477768709,3.2811873734975876,1.3165409433669097,2.9395281390046253,1.2873097499426132,2.696109856812218,1.2524002837313533,-0.05639999999999999
3.682989986410499,1.6941611959798717,3.836121808545708,1.6947277542202792,3.695561589258119,1.6859179641075634,3.695561589258119,1.6859179641075634,3.625643011935954,1.6838445398640522,3.624549872742823,1.6879614844862951,3.62473922372355,1.6900389894126417,3.6056124306419868,1.6900600309217366,3.138160418143089,1.7173936834240573,3.0596916740089997,1.7251825626396748,3.5888158673857893,1.697162799970764,4.06659859464885,1.6931443637270986,4.230270758473978,1.682724865356166,0.0595
4.600826310566397,1.5965554182597315,4.575175857822297,1.5961969889338232,4.6263025636030335,1.5979271501618642,4.623436360543963,1.59820361728079,4.558019825538279,1.5982678503800345,4.084098286035732,1.6028529554370408,4.608087856150314,1.6009001259767004,4.613021102271264,1.598113711563009,4.395493423951399,1.5985555924872121,4.362091366535093,1.5994562294487429,4.5173508542064775,1.5994232070284622,3.9323395237441034,1.6037852197707265,3.8031378163300893,1.6043275585284003,0.22250000000000003
3.2222171078311925,0.398049751328647,3.220747411704309,0.39800585921952797,3.1554368382206643,0.34057237974102667,3.218963449621634,0.3958808161367613,3.21243133467472,0.3916398947792812,3.2154283835905932,0.38957346369936885,3.212511867682361,0.3873561789368504,3.212408074949385,0.390969390742584,3.2203580934424036,0.39206805557080043,3.2276352535563855,0.3989237116617094,3.2337072672089513,0.4023295738476667,3.225724724771169,0.3992743252239832,3.225575187466566,0.39956309530602657,-0.038599999999999995
4.231219272266566,-1.7174495364384654,4.130420116646731,-1.7267386712344857,4.048093364782984,-1.7303121647302933,3.765039188375069,-1.7609150258993433,3.5071912551213984,-1.773336391950183,3.3341536392314013,-1.7810915505130074,3.5002418259314623,-1.7685840918264293,3.8040772284484445,-1.7487547316559033,3.833994012775713,-1.747192482279069,3.8516064414734807,-1.7465092990891535,3.8452298682913613,-1.748758730958212,3.84791493928855,-1.7485276054591883,3.825221815790556,-1.7432211820321686,0.8573
2.084044745201024,2.9701726112280755,2.131038772523857,2.8727683290132444,2.1722402675578953,2.8063321620838733,2.166151363593963,2.803885152581748,2.069876566368147,3.0729356025350385,2.083558576090434,2.980254999488407,2.061089694797386,3.089557852916551,2.087832821372441,2.902619819601709,2.030788083478922,3.009138741316628,2.0894375319688336,2.991031946794469,2.0500417678671825,2.991520830241681,2.055505777175048,3.018685883953793,2.23608973209932,2.843843374162612,0.0513
2.1051239963479578,1.088707837177964,2.0912345253462123,1.0950444285290193,2.0966651926332927,1.0856253309812234,2.0970418879936563,1.0833467373066685,2.1623748726804983,1.1044807889817854,2.607990132266607,1.193130932042279,2.1298970045520993,1.1008495885114333,2.0880264198520084,1.0945760178390886,2.25608427369192,1.1172583941730585,2.2667475664484575,1.1260110541521977,2.0987645985198067,1.0914224549132154,2.6145697083841544,1.193841121561356,2.7016491722649714,1.2061338152461103,0.0403
1.8116967571864782,2.1678159703558912,1.9697132913193232,2.110440923648192,1.8391362891313956,2.158557643079574,2.3296527166082064,2.0536608928972973,2.3082460874005615,2.0576955586061665,2.308800770963142,2.050134240498925,2.3253193178572276,2.042579310415269,2.3214930540494834,2.0369482649852175,2.3632696608724104,2.045646888677844,2.3350691167500823,2.0479082334805168,2.3351711243504187,2.045187972982098,2.3092306619305036,2.0496471029156984,2.2953152376089863,2.0507330752472694,-0.0315
4.946919567771443,-0.6311132851167484,4.763905738991907,-0.6402138841794305,4.5170476397753445,-0.6263076159226166,4.442626494541265,-0.5386321817261466,3.9912885237727393,-0.42888349633295514,3.331123685785326,-0.17089332972397378,3.204687822549964,-0.13622196703182882,3.1553113142762976,-0.11491656550522551,3.15373115055802,-0.08479491074146538,3.199663285409886,-0.0568177908521291,3.035333892671449,-0.04086354942263148,2.7930812179383535,0.007626060538891459,2.607200019177666,0.11049626697099268,2.6181
5.84657138842929,-2.1620721634343316,5.6696233984278,-2.1643756808337122,5.6696233984278,-2.1643756808337122,5.21481564774825,-2.133778084201666,5.21481564774825,-2.133778084201666,5.099963419476653,-2.1128837476106805,5.2797388657015984,-2.06191681244184,5.007100527251275,-2.0556491151258482,4.776804071761786,-2.047841634158821,4.416446012349752,-2.051122390352302,4.1780488460524206,-2.034957722357789,3.980426640449487,-2.0097911507591517,3.684929943703134,-1.9919055657909561,1.1581000000000001
5.8077607560918025,-1.5869822732384313,5.7288844158352505,-1.576224984540037,5.68401163352082,-1.5687731064731942,5.553721207442809,-1.5546803081794045,5.3789011889046625,-1.5442078386841747,5.232667550112467,-1.5308825641719601,4.826553215287283,-1.5130211201662078,4.740614342044708,-1.5029260183020223,4.663660009048689,-1.4857390677770503,4.622940000692199,-1.4728883306003646,4.510884990775091,-1.460349643272305,4.440143341154654,-1.4503969172078182,4.343631385143078,-1.4340793246414967,0.7195
8.550072802614022,-1.8931053605899384,7.8499906203765635,-1.9138828215756856,7.854400240629452,-1.9113580343555459,7.534427390319717,-1.9211582466320491,7.246028615041484,-1.937988986380635,6.890489205419308,-1.9523402603984499,6.527259628665001,-1.9695766444247689,6.1912189373337485,-1.9799022534127926,5.642907106270668,-2.008263897216229,5.109670197772063,-2.052045717262638,4.5119317913727395,-2.116427023406688,4.290453939852985,-2.1329903672156694,4.001856855261068,-2.158909818905934,3.5815
4.632083747084027,1.3138374229189795,4.605460381981372,1.3172335506540813,4.60307120301218,1.3134615542803518,4.606825446009431,1.312329088478949,4.616155146872774,1.3146105161323867,4.631135243112643,1.3163279570264208,4.618205720840075,1.3169421260111907,4.611664694012347,1.316193220533373,4.6335673826976995,1.3096795625509599,4.632837335801895,1.312965035577143,4.614694881571262,1.3147068345904391,4.609019628944967,1.3146984153815562,4.620442936559222,1.3133767728863939,0.0662
2.0631513008017612,-2.7077326010966036,2.0775099831288437,-2.7202355450505467,2.132503116058686,-2.6707937708229608,2.0658515145092133,-2.7005906898364125,2.1057197083182744,-2.658043687363689,2.148899227511611,-2.603288057469222,2.16194679166718,-2.578967981965274,2.115801476982185,-2.669321106536693,2.1345398754766824,-2.645087513158309,2.0852776337936385,-2.7238990578342124,2.0754028741427537,-2.7212059325041844,2.0830731840240246,-2.7203803919008505,2.076884756070978,-2.731889595007177,-0.040999999999999995
7.949289591529548,-1.8757149008973844,7.942453128599502,-1.857478716427858,7.805038906373241,-1.8478957364709616,7.997579471940244,-1.822586291113857,8.104743782501703,-1.8059444217701126,8.16011251454292,-1.7901963395641514,8.21341489150524,-1.7768308877454542,8.294282759829205,-1.7623988936588417,8.459752285971499,-1.743226641168696,8.575929366546813,-1.7255068498934543,8.6027298097755,-1.7110133019677052,8.746357336628778,-1.6967240283792282,8.95925485406013,-1.6772898225359558,-0.5349
2.4417364005969193,1.2914728215220124,2.3440423929613567,1.2780278566978354,2.4962120683147098,1.286768263102997,2.6636733733699396,1.3076788984653274,2.7584424391311835,1.311599737145581,2.65209544511505,1.3029072931445873,3.1322172657719647,1.3679534474613944,2.620994980918507,1.3028945613995835,2.319786615186836,1.26720427587639,2.3208490903115604,1.2668961520562088,2.4476460610145434,1.2756375847607282,2.4476460610145434,1.2756375847607282,2.823015007044773,1.3157570013139397,-0.0459
9.804469683771783,-1.8314466797632538,9.403456326798143,-1.8409069550718544,9.128869299644947,-1.8476274144555977,8.780548559742723,-1.8573137316371942,8.350028892165582,-1.8710342339334107,7.99115347994268,-1.8786328360546172,7.733001503297411,-1.8868422382263406,7.278478709867881,-1.9001805860262424,6.657111921847191,-1.933714454116363,6.305980834097105,-1.9483697292144853,5.807796798270408,-1.9807321238137254,5.2282052847989835,-2.0390202692732315,4.7197594949319175,-2.081942758864177,2.8868
8.234086500638675,2.2326490136988904,7.971055033055538,2.2582982813785937,7.756218468429059,2.27925618583928,7.476589534005462,2.3151747848950235,5.83680226579589,2.5712722234046166,5.757989639622496,2.619536302030286,5.814912251272586,-2.8306154229445757,5.773125669860305,-2.838050592144245,5.776632871318724,-2.87026495290784,4.8576196526694035,-2.9555542313372642,4.9858789686473575,-2.876872767250091,5.647845685746028,-2.9476868689009077,5.600045886419148,-2.9459376110562534,-1.9256000000000002
9.16647225763543,-2.293770387111033,9.12479817749412,-2.2946728470153364,9.210027754572732,-2.282715415580147,9.055734612940023,-2.294781974801476,9.014777736583417,-2.2960900083869076,8.995214963523665,-2.29430525909239,8.967515477544493,-2.2931657670174204,8.967103347235383,-2.290207516763329,8.95950900496227,-2.2876439832303435,8.927660838091914,-2.2851838500517134,8.885357746877725,-2.278309303183471,8.842252908620063,-2.2783860629199473,8.838422095034838,-2.27330373516809,0.4802
4.138173559675805,0.009158757920278345,4.138173559675805,0.009158757920278345,4.147005658303349,0.009959157554409811,4.148178666595749,0.00928131496969383,4.133613378147497,0.010160776748118267,4.113341464065437,0.012885258150505575,4.113858376269171,0.01319967093147127,4.20451022712516,0.015579139094957511,4.205316407834257,0.017122021531993062,4.127470204616876,0.015094564654383816,4.173295380152231,0.015408098025986632,4.138034376367604,0.016071123787828833,4.1291595621869615,0.017873838142181565,-0.03949999999999999
4.640936484159198,0.13973654626884352,4.640936484159198,0.13973654626884352,4.654580651358397,0.14006190438311322,4.655426220014664,0.13903850479225824,4.644781485710607,0.1378810363938387,4.630519169596432,0.13924608013463172,4.625473921664674,0.140337756635349,4.715396053355433,0.13963570068442485,4.7178058130872795,0.1406770275715143,4.629654537867817,0.1416282423332481,4.658266962079354,0.14075251172210257,4.625411813017302,0.14208661878771456,4.623030159970839,0.1450234210028501,0.11470000000000001
3.245188902051772,-2.7545171740958247,3.2372965326024756,-2.754524103707771,3.264961385682838,-2.7396085490049127,3.2860309919414945,-2.725160458937032,3.1606520877818896,-2.8369317155411746,3.176245206214408,-2.81612849334162,3.2080421957948113,-2.801969782446657,3.199743045933532,-2.7986317813078245,3.227460774354969,-2.77551106395553,3.2330565166727308,-2.768978128717702,3.225333188989937,-2.7764533823152004,3.2122013837865118,-2.780719599825386,3.202464315179794,-2.7872405558146363,0.19390000000000002
0.6693320401713948,-2.512763414264078,0.576491543736764,-2.7622136717156827,0.5562322626385484,2.9246982076278027,0.5749896781682262,-2.9726126868442964,2.3691241630611084,-0.004516452343005935,2.4919514541820447,-0.014206212037455526,2.4341395933676466,-0.024651863737912505,2.4313396492468917,-0.03319767560378601,2.4028904677492067,-0.023973426381596268,2.3941274172441185,-0.010317094243002123,2.3747006821913375,0.0007579903378389606,2.3710182390694494,-0.003922375498252035,2.3995638145296354,-0.007293056775000985,-0.25029999999999997
2.021111854895714,-2.7212834865842743,2.0503587686061158,-2.733767798546309,2.0552614553871256,-2.7429427601599463,2.0880329714829693,-2.7334245409801436,2.0588087065096627,-2.7187719476937224,2.021520103783288,-2.72083186462913,2.0272334695342824,-2.7185250556105833,2.021046830234274,-2.7178520948634666,2.1034286605444934,-2.5652991476508613,2.0990995045495078,-2.5610553588869536,2.075570401118689,-2.5734481735985253,2.069372003773126,-2.575719584374781,1.9586605474149923,-2.7406159485978554,-2.1871
10.758937137561501,-0.29161615120947354,10.758937137561501,-0.29161615120947354,10.758937137561501,-0.29161615120947354,10.545779337725591,-0.3005667238785125,10.423271812631578,-0.3144449477898893,10.267054324391202,-0.3176233101443044,9.97611010765218,-0.3231326096104239,9.708805529518035,-0.3256949409279179,9.407927033092893,-0.33026144491661036,9.133862107564362,-0.33999708346536234,8.860856399355542,-0.34650996884403634,8.549193852638972,-0.3539626135137394,8.062063522448824,-0.32430797319667054,-0.5024000000000002
3.5198157735881574,-1.5195780749205432,4.032707656153619,-1.5224725073760221,3.512722943814384,-1.5200446663144505,2.9731263831192916,-1.5214006082148983,3.13375342042095,-1.528118880054585,3.1594500312554374,-1.5275791533524763,3.0032218116549445,-1.5323281421792923,3.10601996130096,-1.5347294994787166,3.746135974574337,-1.5412415754027065,3.0221734447248396,-1.5454145154892396,3.0115728017100962,-1.546720201304808,2.909523679229986,-1.5518230108494093,3.3810026826372064,-1.5535520667440468,-0.9117999999999999
2.167528391970907,-1.494969196771359,2.7355505076675146,-1.4931104307554164,2.6016407476821244,-1.4956576310118157,2.663913707311106,-1.4987346457620496,2.5439536631000177,-1.5035273996153204,2.588687167272247,-1.504497971448537,2.3680397336193475,-1.4920422775660498,2.645767098593528,-1.4907719336885863,2.820528342350062,-1.499188265878416,2.8698629322669733,-1.5041933953252282,2.798442223809525,-1.498837097755442,2.609857837124468,-1.4993523659729342,2.5804976419287797,-1.4987323531393186,-1.3039
5.9689733698518035,1.4393740257310497,6.414476435376468,1.4448885955142643,6.479264715228109,1.4461541822201334,6.454442433704092,1.4447041185752454,6.47844468140309,1.4431042204213593,6.4671861153054815,1.4442836831223085,6.416910369484678,1.4416843601932336,6.077518909061493,1.433467108043571,6.022785758268346,1.4321607963418659,6.35280987359137,1.4393422045849178,6.374639523141681,1.4383391284484202,6.374639523141681,1.4383391284484202,6.516364498706315,1.4424897917967212,-0.17519999999999997
6.2701755079104435,-0.26633597579883755,6.173261253178907,-0.26578320594940685,6.142780582928224,-0.2908424414580547,6.121548167743187,-0.3180156625014091,6.089436171765003,-0.34626942338905864,6.094803027169949,-0.37943695656122717,6.070067915600285,-0.3969441830671608,6.0536726208145755,-0.42256168572682135,6.202758873275667,-0.49303945111420266,6.284274921580054,-0.5370764549592352,6.226722916591036,-0.5517286304576445,6.296000150095297,-0.5916545053409659,6.318419923525186,-0.6198980800977144,-0.8834
1.664063171877799,0.9921940730537454,2.0914239981409803,1.117819142306682,2.126249103468358,1.120715407480135,2.113783456269824,1.1123322109862392,2.1061018232744586,1.101075703037029,2.1061018232744586,1.101075703037029,2.07877841291466,1.100931337385621,1.8256214120129062,1.018821968960973,1.7572177582758486,0.9914747458012334,2.0814930915090732,1.096577787350955,2.1084408670863883,1.104454964499724,2.1084408670863883,1.104454964499724,2.107721352551139,1.0957120360657746,-0.15099999999999997
8.525881947341285,0.38825802475767757,8.284948203217692,0.41241527951337903,8.284948203217692,0.41241527951337903,7.868640339982505,0.4705133220631022,7.712860694320882,0.512267982205292,7.5157266109139425,0.5300847587485875,7.297051135904144,0.5444995370454072,7.038446681619462,0.5531851790033745,6.767899674197308,0.5485283894855316,6.5434226426236615,0.5565808636441236,6.523994979305239,0.6192712515719818,6.370860081653023,0.6433410048212488,6.252681864608177,0.6571436781589215,0.28600000000000003
6.920557229009811,-2.7256922839462177,6.673583802575649,-2.736742185960059,6.3451179886586795,-2.761683300067947,6.126014551892608,-2.758649142212949,5.820303579711281,-2.804324304717909,5.5310984343076015,-2.7916121936618543,5.281307347617632,-2.787083632803331,5.0093979807956925,-2.7927636626778876,4.739985929304013,-2.8069190601464693,4.5401586976668575,-2.79553141548911,4.267906218510424,-2.842954186640056,3.9564074929157638,-2.8597447556538684,3.7669887031951674,-2.8827515670135337,0.8950999999999999
8.541822729371058,-1.6772156278255987,8.541822729371058,-1.6772156278255987,8.387410108609213,-1.67851086585606,8.185868281984508,-1.6798953936003858,7.944336504705726,-1.680591706899978,7.788716210005345,-1.6806113509690002,7.727512308628178,-1.6815107107511855,7.419531449491942,-1.6789247715353406,6.920614756652767,-1.6766201855200444,6.699387258548353,-1.6709729402689861,6.8214486335381865,-1.6546156600413993,6.239330070608544,-1.6480931046495635,6.052565079369242,-1.6352433768793364,0.9526
4.05279179825463,-2.261067441603167,4.05279179825463,-2.261067441603167,4.05279179825463,-2.261067441603167,3.827575538118092,-2.3580418924875013,3.7437062491600486,-2.4200789736082413,3.6435444624705724,-2.4843407646422078,3.6950781453170913,-2.494957641127946,3.5141192040111564,-2.603593770730351,3.4810712331120115,-2.6535718521103484,3.39272563730108,-2.7512341088729553,3.3218267940998962,-2.817128982902945,3.382665553967758,-2.7522478801838433,3.490632643232453,-2.8462531027822005,1.0972
3.4041717994249323,2.7367548684001086,3.4041717994249323,2.7367548684001086,3.4041717994249323,2.7367548684001086,3.140234903633801,2.7921958933980875,2.8863744126498925,2.87909330260383,2.7171516409652217,2.9453519276521476,2.5554124285523865,3.009646235208256,2.450998233373495,-3.1177225606045194,2.417403013566422,-3.029752271322526,2.4082188625621193,-2.9079745056616106,2.421595721833021,-2.8848154234056547,2.4617016655151365,-2.848890767171023,2.3776671192578682,-2.701100899007072,-1.1024999999999998
3.2133764625390504,0.35857398550415903,3.210205052640717,0.359310264793089,3.2069470747114015,0.3675991980386847,3.2173804531015615,0.37542154800050226,3.2254524922869345,0.37297014772533904,3.218211834233415,0.3770904474080901,3.196960470509447,0.3666236244573003,3.157257369933592,0.3649726066854356,3.1634813497158443,0.3510935974765339,3.147129527045242,0.30328103557851505,3.1509267097157303,0.2971899340791563,3.1586698751214897,0.31290034194853816,3.1729090910393225,0.323723921313645,0.27559999999999996
4.445577622761749,-2.2792615691139244,4.422086897608416,-2.2805680597457116,4.120065762824664,-2.3133265694864473,3.9269157057415907,-2.336313816116177,3.8135230351998644,-2.345031921653989,3.66585594506931,-2.3650482547107363,3.475135027592454,-2.3846035693058565,3.3454592629413353,-2.4048271810904547,3.2572021398740376,-2.421367688880714,3.304439475917209,-2.3958994929318873,3.127269615815052,-2.4332611927743373,2.933419591534768,-2.4833300791395425,2.9945541537931835,-2.440214232465541,-1.8768000000000002
3.860161557499891,-2.492444082752082,3.7406924238702066,-2.4745964065073647,3.6006180483355927,-2.4482127581632596,3.462504215159889,-2.4185623450339775,3.315706335006161,-2.4029153760592634,3.20051548972974,-2.353852574099114,3.0351946132002814,-2.3462232443238733,2.9006280164819516,-2.313105738676822,2.7497261481827557,-2.276314262549876,2.5428193978338274,-2.283914238013433,2.4212011894925203,-2.2133061919016015,2.360981857194165,-2.1928725061014074,2.2467114857052732,-2.1530586069977886,0.5747
2.5557677691840492,1.0492673234200267,2.5422170737370164,1.0461564325271506,2.548862938645388,1.0454894667138,2.558448971545066,1.0392922335716426,2.555457925695509,1.0361953575520984,2.608341607228625,1.0470518113759038,2.4750125272410215,1.0165526308298107,2.5328302528989184,1.036870285719309,2.547728574632706,1.0406424387467883,2.3813004724309796,0.9980635354101451,2.2060479958514048,0.9445395778023584,2.236642441249829,0.9489096536655128,2.559249690827371,1.0363006578914893,-0.0778
3.4347709283153076,1.9107494580679316,3.486240962698936,1.9200256030263192,3.468839142998706,1.9136069566386307,3.4817739415418716,1.9185980792634139,3.4924227593462955,1.9223683681244466,3.436058895013296,1.9296351222931578,3.587686894086496,1.9137996427827741,3.515321094864596,1.9166217019407692,3.4985735664696267,1.9168273837315462,3.679340692298013,1.9008064680009336,3.8745516385770387,1.884385129680177,3.863739785492808,1.8881517907741687,3.1957985121092976,1.95174431016331,-2.2797
2.6588324373679524,1.4555662136909981,2.68075143383343,1.4751549714867553,2.6787266097905564,1.4658900780230508,2.688824520120272,1.4668090138561054,2.6758399129992805,1.469045258137736,3.0472102159188146,1.4846109352425974,3.0664321189291,1.4863307788954163,3.2007692903425586,1.4895076028866097,2.6921491284845276,1.4689543833733443,2.662247225559642,1.4691280656783252,2.6617939251564895,1.4656735839460033,2.659949931859618,1.4676038223626477,2.3395519613806375,1.450698565871435,-2.2411000000000003
14.674573259894135,0.20888113488140453,14.674573259894135,0.20888113488140453,14.674573259894135,0.20888113488140453,14.247234012256554,0.21833397066702429,13.828286951029039,0.22877183077232546,13.388657936103979,0.23594820966827978,12.976297411049119,0.2473056529924279,12.590612688824956,0.2564674947266,12.179433289361208,0.2686680339077282,11.847488328333561,0.2918488993252084,11.490775054799395,0.30385049788352125,11.082605377798126,0.310867585393657,10.705779218721075,0.3288220208062284,1.8128
3.226887523605373,0.40147777478421626,3.1750501633832466,0.4071498096099322,3.162239197151287,0.4113113240504863,3.128844101261678,0.41520312210708743,3.1251200360946156,0.42024519833717006,3.188390189421613,0.4179058785359213,3.2552229186339923,0.4114869590103032,3.237888972772226,0.40339132104996467,3.2142620879449124,0.3824013099369672,3.202574245821637,0.3912218680216131,3.229615873443775,0.39534131614299345,3.1375517908076067,0.2815656182531396,3.098421565894481,0.23060648269659226,-0.0743
7.324019640880276,-1.9829526805146167,7.324019640880276,-1.9829526805146167,7.324019640880276,-1.9829526805146167,7.220323475440694,-1.990999228374811,7.206123654920168,-1.9913173359530276,7.298796630267211,-1.9829831828686615,7.301939569730772,-1.9844096899561852,7.232495782231746,-1.9932013842709873,7.183953419949213,-1.99253001891518,7.2066346716064364,-1.9842134549320782,7.21941784356606,-1.9897660537579793,7.107292089115235,-2.0015669311644193,7.147468390975924,-1.993148837395866,-2.214
1.8060938873713086,-0.6022844945323624,1.865951030975898,-0.5523220587045052,1.9542371299307588,-0.5437367325083297,2.0166394546373416,-0.5162737961150952,2.187505814849415,-0.4614600997125058,2.266509289634612,-0.44127035484842786,2.3758657643057175,-0.3783882661049785,2.481426255200828,-0.371114557589092,2.6994444632183088,-0.3968998172441818,2.8896971086949574,-0.3876330019976011,3.023317629690926,-0.3444812826188964,3.0641187215902694,-0.3360756896597932,3.1885606439269716,-0.29770804607441015,-0.5746
2.62031763914224,0.7561146709213195,2.62031763914224,0.7561146709213195,2.62031763914224,0.7561146709213195,2.628688969809859,0.7936833345523113,2.552521079246943,0.8004687794090029,2.4786987896878463,0.7774960085374188,2.4519622346194483,0.8068555826926489,2.429109207096295,0.8147449689314236,2.5385233896893724,0.8883651215088666,2.5302114713991815,0.898740364416527,2.5519000764136504,0.936151479907778,2.5893734860000372,0.9586592969113605,2.471672480325823,0.912446426760105,-2.0799
3.620549042617706,-2.0716199471461665,3.4090877738773475,-2.0570748962697945,3.279322724283169,-2.0625133429902935,3.179697326790713,-2.0286492637387075,3.051025278492461,-2.0019565066387695,2.8598476952453242,-1.9645491984412329,2.8598476952453242,-1.9645491984412329,2.7848113203590668,-1.8433693326067646,2.7848113203590668,-1.8433693326067646,2.432449288268924,-1.8020447119286058,2.285117915994708,-1.7603218178335094,2.6086562153722017,-1.6633129803904951,2.6477166105910923,-1.6035095890535964,0.6277999999999999
4.637725422014547,-1.5043787647795446,4.265723565820927,-1.4950744511411822,4.182889710475284,-1.4790563885006358,4.293531377549255,-1.4959161566660666,4.200617441519758,-1.4970498548663171,4.302944222273861,-1.4882707549842624,4.820154425949442,-1.486404283650899,4.834617760485311,-1.4943559936617643,4.352924102255862,-1.4992891769254628,4.06354991233035,-1.5029464167473356,4.088979243038536,-1.5009176440452954,4.1720847606442515,-1.499548631810416,4.186809297066204,-1.5030318145991013,-0.6978
4.786436487617903,0.11558306239707113,4.7703631937201605,0.07024108050243844,4.606903578326772,-0.022858991778670127,4.645937890243475,0.017822964017102743,4.63606842486174,-0.08011036275181528,4.574354845221342,-0.13375056382867986,4.522781730307134,-0.17752585760854614,4.461651514854112,-0.19533841989456138,4.395265417469118,-0.21022412196106818,4.361262304654471,-0.2358749616145852,4.3251067824968175,-0.26581809357141867,4.258308088901038,-0.2613542064746849,4.2638198519637305,-0.3182573584860053,-1.7579
7.086565211722813,1.340517705169791,6.922425795918653,1.3407751832157837,6.763617766402828,1.3434001688125898,6.611363323853863,1.3308801685679197,6.4751922820870735,1.3230571435955794,6.320208674561307,1.3232196987698797,6.141029314373935,1.3208492608815616,6.022074994551299,1.3136061536393513,5.782187953534544,1.2960362910138299,5.68098340870663,1.2819882759329442,5.499449707016148,1.272013975029837,5.30616635246201,1.2643745354417995,5.163000411582398,1.2555075695757256,-0.07090000000000007
4.680855717708034,2.7002843863740247,4.604483972173213,2.7361561910702425,4.587152176459809,2.7684539974543756,4.548250927554457,2.796756973587067,4.5003605333350825,2.832216470180929,4.645199950486524,2.905464056236553,4.645199950486524,2.905464056236553,4.436637041724284,2.9918668224675726,4.343555375495981,3.0371796624785157,4.309977110148034,3.0867621087900172,4.298300615359514,3.141057558370641,4.373107459233078,-3.08031639539589,4.397717155525125,-3.0298707214705063,-1.5012
2.418956952903463,-1.7136989585071214,2.9903586156178665,-1.689825493487001,2.7528833048278667,-1.7053522444568459,2.807564590530377,-1.7050519441904388,2.737536565965832,-1.7135251087725845,2.5841551037041084,-1.7216686220025026,2.8945912215717082,-1.7025602437660323,3.0152660711784613,-1.6972245563246062,3.0689803681353185,-1.72214010498694,2.9956735953704974,-1.6979212941344768,3.0362860076086395,-1.73508951684445,3.005659543261679,-1.695551611840409,3.0062102388222955,-1.6868168056325707,6.1538
3.3542125454419267,0.3998731551971692,3.5233401680791485,0.5004271950372318,3.316101483670246,0.41035218825447556,3.290412626100259,0.3906649011533819,3.222461346548628,0.32360525723448663,2.9011439485141013,0.2312761948521921,2.9011439485141013,0.2312761948521921,3.0089451739770863,0.18804894114293016,3.028973453168582,0.11969902760143555,3.0301416633550318,0.04175935899542866,3.0446361096196695,-0.032784831062210744,3.023534059672558,-0.12851474869891621,3.04949020165666,-0.20115776933792495,-1.3502
10.226426122551317,-2.7040380223300775,10.221521437633443,-2.7068035966259028,10.215057188288274,-2.705959051878834,10.221534926320993,-2.705293514734188,10.214765067293522,-2.7057189634984202,10.217511509658307,-2.7053042866083157,10.228361212335045,-2.7047416433758493,10.22352887656703,-2.7053844514393766,10.22060146664569,-2.7057906453495177,10.239337324260783,-2.703463350249434,10.210992703944124,-2.705190316576596,10.228662079666146,-2.701386347575658,10.208183543118727,-2.7047376500987137,0.1432
2.978047026156571,-2.273780863604347,3.130012868983129,-2.223511585593291,3.0849975105338423,-2.237599401014772,2.8569496127863365,-2.294700469384901,2.8214790766546547,-2.3083086044249663,2.6468790848846906,-2.3733729108348918,2.241171106810012,-2.6042263803388015,2.1496076967670206,-2.655890562578145,2.242899973248915,-2.5646081043636095,2.3498115881917023,-2.507837161259889,2.238574709497094,-2.5880647016942127,2.0991407789855354,-2.6998053076119195,2.0214202779234203,-2.7714211373993156,0.7687
5.394593653835289,1.4123277680962896,5.407274452069176,1.4140694630332875,5.38622492382188,1.4093713562595689,5.371929294024634,1.4110124408989733,5.383890585812463,1.4139472529913055,5.372810799758351,1.409417371405069,5.359073272497777,1.4097184662472364,5.390034553692583,1.4057635514486027,5.387780775978178,1.4125955843733662,5.372072166306028,1.4119028468348964,5.3756208841398,1.4149845689980682,5.374513055152066,1.4148580158709054,5.395843634687722,1.4170550065889367,0.035199999999999995
4.628237855815107,-1.792851713906828,4.596045066141107,-1.7940318281393492,4.581354603171426,-1.7825756878084884,4.63241492096725,-1.7835179792973939,4.619246251283861,-1.7839565662663688,4.4588741280731385,-1.7382567594618956,4.4588741280731385,-1.7382567594618956,4.362366396808044,-1.7754838736385063,4.382423587468468,-1.7847503695447748,4.275767665577726,-1.7907006667324672,4.2406545084456,-1.7950181707331732,4.171358202072798,-1.7883861738105593,4.091897301985961,-1.7947614598527206,0.7173
4.418934107904307,0.21510001332641548,4.3369535724976345,0.2090851421050407,4.178359497458302,0.21427929746682717,4.029849113800661,0.22172116339097347,3.9123428326259972,0.22215106921143143,3.790853942055798,0.20117732614044925,3.6996578125551003,0.17861327356113735,3.6186780583522533,0.14308120749821068,3.540113382365028,0.14570812746741868,3.4117437330491294,0.15677863565277833,3.404597816189165,0.15779444857031494,3.326248989477486,0.15080018341912022,3.2846064269559023,0.19445793918173498,-0.13490000000000002
9.577377555468932,-0.974030654928654,9.576598273395415,-0.9759182722607112,9.605248619374716,-0.9731320486437564,9.662483855096475,-0.9684556790233564,9.623847127838225,-0.9688477345783657,9.616105358199857,-0.969505708426613,9.58740140809802,-0.9765798200289253,9.583125546500993,-0.9724440554636575,9.583981320933388,-0.9711658019287712,9.54877177128033,-0.9735018922936558,9.577984419490358,-0.975927954623791,9.760239742957143,-0.9424429661920573,9.688802638613293,-0.9566095395679165,1.974
3.23789910281343,0.39849248356848377,3.206719856800714,0.38415460108532423,3.2138866703728084,0.3923282473494478,3.2361399537102877,0.39383081117485547,3.1124113866903884,0.24535270462802927,3.0910826582283426,0.22379206759034762,3.1165842905334658,0.25064406034065684,3.2265630398304657,0.3849781868016328,3.2175571914109025,0.37309594173274396,3.126766438351288,0.2788356117196618,3.126766438351288,0.2788356117196618,3.5099263610509017,0.4053481886057356,3.5099263610509017,0.4053481886057356,-2.2478
2.829246332506239,1.658387413808998,2.829246332506239,1.658387413808998,2.829246332506239,1.658387413808998,2.853394282254031,1.6549358295671763,3.215531789611169,1.649807912067866,3.3586854109904376,1.6475385322095366,3.4179034509476725,1.6469399083008422,3.188070145087777,1.6491054829258553,2.992404372741092,1.6513538360932518,2.7923330746886195,1.6568521352508028,2.8019873465096157,1.6573429788005547,2.8019817433380982,1.6552297812104544,3.2899595195078017,1.6486265963452553,3.7747
7.216120612212634,-1.9921400971648544,7.212329656913923,-1.9865936201868297,7.213335930760471,-1.9871837427694075,7.151615798545108,-1.9971842734676497,7.117678025873329,-1.9982702998505688,7.238170576188435,-1.9827249996975347,7.199912717526513,-1.9848506234451282,7.22275093575848,-1.9818146630729083,7.092375659819493,-1.986093025389228,7.136884772083685,-1.9868653033310215,7.142058157842176,-1.991494318853529,7.11782807322571,-1.9998050778620429,7.117624258838055,-2.004380643985748,-0.5566
3.4995331531505807,-0.42166826974989907,3.4995331531505807,-0.42166826974989907,3.240394648804374,-0.4879677343133368,2.9471572557296675,-0.5641346326898276,2.7157920870346404,-0.6559987089199472,2.4853829041014976,-0.7528449078606999,2.2460474082262807,-0.8678491776631757,2.1218254970661463,-0.9985583595821216,2.040155506327893,-1.152188783012699,1.945308667024331,-1.3028625764263342,1.8816679010920094,-1.4804876763662287,1.9888632657877667,-1.6306652580499594,2.508741495252152,-1.8146825485071216,-2.1374
2.583309840108227,2.7707474643521803,2.81680243006143,2.7188229007695046,2.979691433689066,2.770621430670809,3.0210274891169027,2.7982458509734447,3.095237389926662,2.8199442651102458,3.218395732348649,2.8422759019282133,3.3989983421590533,2.827015203557786,3.502268978819302,2.843681512682414,3.642580026574571,2.8579193378843835,3.738705521968797,2.875068481558642,3.9355650166145155,2.9254592551429233,4.038832821496827,2.9072071707988147,4.08093100774811,2.9181714450851417,-0.11359999999999998
7.8939551582207494,-2.495106978187612,7.8939551582207494,-2.495106978187612,7.679987678375533,-2.4995056100364597,7.500050416497211,-2.4944248945618086,7.3358938950887245,-2.4942583283860706,7.084841353904825,-2.498709766159587,6.8782465628966785,-2.502490936027316,6.64843459018738,-2.508124149921221,6.4154846800534076,-2.517146597355437,6.225876648312272,-2.522116175649878,6.041548603628049,-2.5035074012435383,5.891387683729527,-2.502885000882314,5.593117091568891,-2.5325335349719036,0.15280000000000005
3.1388976169986815,0.5122506256550282,3.1388976169986815,0.5122506256550282,3.24019967594591,0.5177642070211602,3.24019967594591,0.5177642070211602,3.185572044390145,0.5196211384487108,3.1668772379111894,0.5246059178973117,3.145105290765318,0.5100477835340993,3.0625641446343614,0.46433393064652456,3.148879959604684,0.4923970383611699,3.1403745779763272,0.4842554652392614,3.178323536079992,0.48989254922560316,3.1656675330805006,0.4929935830222297,3.1243257272570033,0.4887711876928236,0.15500000000000003
3.4084633077092064,0.08059270317866837,3.3647224343175828,0.07243184256840741,3.3068612368830914,0.059547813145687634,3.292333348857615,0.057985307907374585,3.25709623591321,0.05015771099467264,3.218578170559169,0.04002835879350822,3.1789063182170034,0.040496690200063246,3.143964277786884,0.03795483586842181,3.12617150041388,0.03727466067719897,3.124097834575608,0.038356474966768604,3.0736150995204308,0.12057375260536903,3.1535287441214206,0.19378856545534792,3.04896079673058,0.1410064920224526,2.9213
4.650336492126136,-1.5518288200486383,4.639951539617629,-1.56271425784829,4.632665851321462,-1.5623345751692104,4.621773391242802,-1.5550441458498685,4.609360008721384,-1.5538734301293262,4.614819545767744,-1.549775538651753,4.6007186264756506,-1.5451018610713738,4.593928202529944,-1.536330976645894,4.03538804577701,-1.5427408212901688,4.148181529296905,-1.5469281812512032,4.069704319726434,-1.546467835375963,3.94028698066524,-1.5452370298435272,4.2416978782086785,-1.5470300207574155,1.1622999999999999
9.934709856860442,2.6442807728889677,9.433295611290895,2.607181724001247,8.999436684593102,2.590691836298871,8.50257913400399,2.567545136054732,8.04258407229915,2.5354912304461124,7.308294827796699,2.5599429298617764,7.299947405974923,2.4614968125914927,6.875003456726403,2.4329458716836947,6.77477711810507,2.397015840935034,6.931735403201712,2.34378974811782,6.931735403201712,2.34378974811782,5.529247402676063,2.2264368179776484,5.529247402676063,2.2264368179776484,5.1906
3.331236096406257,-1.3346710491485418,3.223772563317703,-1.3320094185423441,3.510762123813005,-1.3476290440833123,3.107221030116782,-1.3470971930947186,2.998766259647457,-1.3399233364866774,3.490388931050521,-1.370776808927259,3.4811052971721512,-1.3643697721556314,3.476131046148865,-1.365451396191495,3.592085952479423,-1.3666580201012228,3.594848138656208,-1.3687199500671248,3.5753020977254497,-1.3638287679240044,3.5745250775452675,-1.3590640647150258,3.1192104032911923,-1.3303819247407005,1.0010000000000001
2.2475751934028803,-1.9480805066067544,2.360966431358143,-1.9303403422744492,2.056840061842436,-1.9946877165325647,2.0639287608829924,-2.0074205595592844,2.1040547545156714,-1.9926447381027235,2.112293050218175,-2.001706256021357,2.139837547572243,-2.0137729392514307,2.145198368449872,-2.0139288611193646,2.611798246419506,-1.9027659277898488,2.514473847547433,-1.9110728302946454,2.6137950646521615,-1.9016934102267236,2.61232176042692,-1.9101972346088616,2.426269255461972,-1.9368752921389605,-1.3714
4.343503872451364,-2.1415638823711993,4.104688866406318,-2.18224079513498,4.16433098228275,-2.164073782348416,4.008551016265104,-2.1864783102840084,3.9021652361221193,-2.201386296084302,3.7612843391586317,-2.2236454425220447,3.5788503098062088,-2.2508480349125413,3.461251896351953,-2.2712498199804245,3.3531161178819904,-2.286167122788598,3.1913194465612515,-2.32563496595909,3.006735512146023,-2.3693175902323715,2.8591264907310387,-2.4112004974979446,2.757161723584602,-2.448266090898876,0.1739
2.625246933147431,-3.085377859981919,2.669972554166053,-3.0500782628195786,2.675615116192909,-3.0352485080090172,2.680773250388776,-3.036916823492609,2.666841331988092,-3.0378383858749785,2.6519737932340086,-3.0426368930685146,2.624284317675964,-3.0543343954408964,2.613384307751155,-3.030588932083264,2.6103607490153555,-3.0295732083475553,2.6304036591367463,-2.932111040194166,2.678540806110669,-2.92611870146068,2.6629706607471273,-2.8979163932530354,2.6142894656101063,-2.9108458578030922,-0.29080000000000006
10.691636870002647,-2.776930283982936,10.099441810813111,-2.756553941083696,9.71749266477727,-2.7287838824051502,9.277251256703138,-2.6959555552244066,8.843199177333961,-2.663390061179598,8.664384327810026,-2.608089061138765,8.00434151008064,-2.6117897849554215,7.6666079970218854,-2.5657637014491863,7.416685664769675,-2.561031807917446,7.086854591424886,-2.5973108979441153,7.086854591424886,-2.5973108979441153,6.243872035844423,-2.3935750751634886,6.243872035844423,-2.3935750751634886,-1.7009
3.270226640463932,3.1375562251414406,3.2670358262498396,3.136909492234838,3.2688940759834955,3.134005917117492,3.270220929845569,3.1380149060272977,3.2687975602658614,3.1224713077086554,3.2691042962866703,3.139971413689987,3.243215416835584,3.1385092889161625,3.2433082631782026,3.133421893145687,3.254861447127976,3.1354479601265037,3.2682046279264636,-3.139909771634029,3.2795046119802898,3.139915570240639,3.282919408087863,3.133063556161171,3.265201568050578,3.1406126220525192,0.08940000000000001
6.803117012811115,-2.9779228896896286,6.79143256831723,-2.995716218754368,6.819892234485819,-2.9461094012203004,6.859105738359774,-2.9433021613561063,6.8477271470174665,-2.9495183556843116,6.809131698682291,-2.948969591672285,6.7522607428919725,-2.9506159755255617,6.742581473738377,-2.952739817280146,6.741043187074236,-2.9525904785247343,6.731824235673416,-2.9514511966730073,6.710623130529681,-2.956986183305522,6.69759893842562,-2.959857511335034,6.706600964721249,-2.9552508912068913,-0.013199999999999996
8.628088847479491,0.16591845619883733,8.00547122535582,0.19386787469070568,7.598499973679016,0.2323001434791362,7.1044040664928385,0.28365729266552764,6.607065694391121,0.32979625326578965,6.171844432582533,0.3703937977024201,5.7969057073580235,0.41821557192284775,5.481592189318718,0.497234151297774,5.279352635503716,0.5188641825519478,5.005824399636887,0.4922041226629378,5.005824399636887,0.4922041226629378,4.396295313101702,0.8446224550919418,4.396295313101702,0.8446224550919418,0.6749
2.2074793317265744,1.549956571194147,2.1003763567513354,1.6203315175967883,1.998286250765889,1.668786902932638,2.046573617048747,1.793789959645407,2.04400988255928,1.8476041115792163,2.008937652093761,1.9144129341477112,1.8083725418176415,2.108702673837808,1.9032512944958169,2.1448235082205755,1.913556071820208,2.156132038094182,2.0468889100290717,2.196923855223611,2.1473925444594424,2.217715541100238,2.1013154094518987,2.256997957484089,2.151169449392587,2.3443607230891934,1.0521
3.8744545745175603,3.0653532594438864,3.900585597061043,3.0418525732561807,3.918844630755351,3.035957060601574,3.8996603800843976,3.045848371370673,3.907648685590861,3.0375060114581602,3.8476603852211384,3.114039958642292,3.811780153681482,3.125720137862851,3.8388073838107566,3.1175724677682712,3.8536674091052543,3.1113051815258697,3.877828011915959,3.105482122081679,3.898595271376605,3.108805741617053,3.9059315265375565,3.119752336845942,3.9055244206124238,3.1252048762188633,0.05469999999999997
5.655645749160747,0.6952318014667849,5.6192465064277055,0.6761055618535821,5.552362009091269,0.6624995720505296,5.482295827479578,0.63988582720338,5.455452616419651,0.6220713657258712,5.406435813916597,0.6036343468130451,5.346242044651554,0.5840598972706108,5.285385338837655,0.5608435010506091,5.205130954164362,0.5354937563489282,5.150905847518474,0.515156018006035,5.039197035242818,0.4479564963558241,4.832796300279994,0.37991464756344007,4.90994691315497,0.38863403475101044,-1.9005999999999998
6.3418331143290105,0.010249581931022322,6.255966528842684,0.012212645134997103,6.0773043843467285,-0.0012011907407965773,5.92743852013667,-0.012164070167419237,5.788416793908329,-0.01964394011121433,5.645925321858235,-0.012274646985793697,5.48824635015594,-0.00947493511318625,5.388520483398017,-0.02375643574947286,5.0548191045773345,0.006864790178475577,4.693789924996647,0.10177795596284993,4.693789924996647,0.10177795596284993,4.798451170950895,0.01371318785985604,4.798451170950895,0.01371318785985604,-0.0838000000000001
5.297318000649008,1.666651860287353,5.103242327187688,1.6662728675111709,5.542016392072474,1.6667932910735002,5.302408767720571,1.6641915452833174,5.295153023284596,1.6726692207199554,5.115403379011278,1.682889153034978,5.0999901745003395,1.6891708543203656,5.086996529387453,1.6807089432354292,5.065235328195521,1.6788395025793919,5.07482012390587,1.678892313380685,5.077445950475495,1.67036111413084,5.083213712800201,1.6661956669432774,5.114340842180935,1.6783291046993478,-0.174
10.98643342673135,-0.4127512977272589,10.985615200342675,-0.40884212389821784,11.464588269100638,-0.38769965862770284,11.548538976857637,-0.3835373773897731,11.231875606504907,-0.4055067075186924,11.363471913988256,-0.39772292017363176,11.549895543250598,-0.39265656663966486,11.60077272124577,-0.3843977257082691,11.808201260141189,-0.3723602380924132,12.218590189133936,-0.36147001895347275,12.301056118886702,-0.35313411824867297,12.411394065535104,-0.34603681206058867,12.158433832118346,-0.36245275141523714,12.117700000000001
5.803269003759867,0.5064842610517827,5.661281184502319,0.5020012433676853,5.389729063691423,0.5211229465723699,5.163002182838972,0.5366194853444981,4.959065234497327,0.5382061963732933,4.739149906892586,0.560106840650358,4.410560024532034,0.5878013773279918,4.243819034784588,0.601073754497749,4.243819034784588,0.601073754497749,3.468183745132313,0.6757541267898612,3.468183745132313,0.6757541267898612,3.256353178019855,0.7195551081886233,3.0646995105556427,0.7596231817575131,-0.24739999999999995
3.1889428499112364,-3.049740364262753,3.0182924444129027,-3.1146867790079984,2.915108889904462,3.101789462790247,2.737684994662463,3.0445336421452707,2.6369394172032132,2.971755643536634,2.5466198086875895,2.8907187083718195,2.450157207201204,2.8047926365358626,2.375253613827374,2.7267667053468116,2.296999521114447,2.6219605520172027,2.3436076890128197,2.4847783431799213,2.271119917573702,2.426117762287522,2.3028247176022756,2.318724327298427,2.310481172829593,2.1900143925502764,-0.9217
1.227745291174031,1.9416074863888244,1.3706225775172396,1.7423620925672962,1.484409461705227,1.5672258757855326,1.6578195951309058,1.453870827284529,1.8256020869839074,1.3294711128909833,1.9315128164213684,1.2330659956813104,2.1584744103185503,1.151729981279938,2.3756346541503395,1.0989032675072385,2.5071363923807555,1.0488401611215779,2.805554713421213,0.9790371297771202,3.1344570710092725,0.9957304821439655,3.3341571558641308,0.9748994349867535,3.579092942352856,0.9703249810696137,-3.5577999999999994
5.921448749250474,1.037110604704437,5.198991180988868,0.7497019633281721,5.203925692205836,0.7349518903471782,5.173884889519671,0.7298685760472254,5.191377779549471,0.7169001297696025,4.99822763987396,0.682536855314405,3.8893364781155144,1.447895561246481,3.6384228258958586,1.432133167180605,4.879707771987991,0.6235846651280279,3.243037195284692,1.4810995749309626,3.7203737016595535,1.3610020939834915,3.011920400674627,1.5231342620197053,2.8872444579564105,1.5496673438252826,-1.4574999999999996
3.155721985536751,0.5687099904734666,3.0374338675928416,0.5216166566199265,2.9822962428303414,0.4974841676361169,2.877142255780902,0.4584870865269726,2.790575368987554,0.3902152621642112,2.734078638225319,0.34280251097420533,2.6793108703545383,0.33050817951380296,2.7169084968029376,0.37680874036830236,2.611188643127876,0.29060944896361135,2.571241281949248,0.2546849897452464,2.5197539562425506,0.1908576704379384,2.538264117462952,0.20483614018457277,2.4680206502377566,0.11646962635308727,-0.4839
4.475682509964264,1.6005615458943623,4.470815558709618,1.5992961041770744,3.9296022495921896,1.601083920364058,4.204500962064345,1.6016491153287093,4.37955046209083,1.6013978503000168,4.470523738892346,1.6008868277984865,4.464302518871229,1.6007494928179096,4.462557618675641,1.6011647480226852,4.455539618272964,1.6010554164920754,4.4618518722611125,1.6011247078867457,4.45196920025285,1.6005403610876043,4.440551264201328,1.5988821180006205,4.424969265429987,1.600631468487343,-0.02139999999999999
8.456643051471428,-1.8263035734701665,8.454559899249633,-1.8273705191626912,8.416945446538186,-1.8274252224250311,8.454057341300686,-1.826676898845396,8.455752613457896,-1.8266488969105756,8.4588456351916,-1.826785423947626,8.17470683816857,-1.524111029847373,8.20452999872631,-1.5324544509068398,8.169847994301973,-1.531372897564882,8.185622545048115,-1.5343952104679761,8.176462213573789,-1.5349173697003933,8.191305969746214,-1.53379744743747,8.179627261067585,-1.533047256062035,0.028800000000000006
3.087706509692916,-1.139539894779754,3.005782635188381,-1.2376306230228455,2.8335498336891853,-1.330448330138634,2.8892023899339403,-1.4492876243720596,2.7409264948188574,-1.5494150656549381,2.713614681564059,-1.6633512632405034,2.680567494020624,-1.7787786504266299,2.7815918464073746,-1.8864078041554435,2.857552143006318,-1.987695311423218,2.926505446774361,-2.091811542288547,3.078580312416746,-2.1859104104965574,3.069194845558032,-2.2974116097354083,3.2159155601476828,-2.373631642495675,-1.5285
2.6261258538006116,1.633286395698096,2.7025897838924804,1.630960127999389,2.6513491358174637,1.628081523250811,2.6891482406144873,1.6256739485680352,2.8288629588582035,1.6294400553852364,2.8449726694645063,1.638264668726568,2.8628414713357757,1.6318925476389885,2.8457298290596738,1.6253260610848057,2.869316535344265,1.6275301558927318,2.8921419121474656,1.629263832841316,2.878996943381496,1.6320364694913427,2.87632308685933,1.6287151075273478,2.9202182178734546,1.609775887460088,0.5019
4.989162780467281,-2.0944919888778033,4.882627001932467,-2.1014300563355754,4.760513526921228,-2.1160576366247636,4.646157390790804,-2.1218097459707126,4.574859041544342,-2.1269048574194067,4.449544750870589,-2.1360207596147043,4.411096150618348,-2.1351869672050476,4.5141341229520435,-2.1238445269309136,4.303947886533946,-2.145343272990079,4.227928273989521,-2.1514451570029136,4.0636322914358285,-2.171780781703197,4.105308579144809,-2.1709936125562486,3.966692487450978,-2.200966035042166,-0.018000000000000016
6.343654600464939,1.1930005968497737,5.969529169038372,1.2231917496228801,6.053148288287674,1.282539070740462,5.840361759343339,1.3242811455502939,5.471168333180765,1.3580332455480761,5.528668917560537,1.4153416480759105,5.621512424606031,1.4712816688684565,5.863966804987902,1.529635085864539,5.722143326586636,1.5778741533776903,5.685662994761473,1.6154321526101991,5.7687569622926596,1.6765969404735603,6.049353844833346,1.7282730626137461,6.087890212544902,1.7737005320945112,-0.4337
2.900553747131744,2.9056614741298663,2.9119566634824867,2.9074501758863778,2.8946296637048357,2.9128025654924357,2.892998019356391,2.914161638686595,2.883889307861868,2.9186247861807364,2.8855688676585047,2.917939404944185,2.8995709492957795,2.91507556775732,2.8973147913197215,2.9146127164161704,2.8873905762816365,2.9179763587017478,2.897570963755665,2.9107351699980466,2.8947108128446883,2.91192225172897,2.902891169162216,2.902771640709971,2.899134093138849,2.9104012579896166,0.0718
4.090182335788954,-1.8005528569531704,4.151020386603757,-1.7967555444835372,4.103267274989531,-1.799631913757149,4.1529642341344575,-1.79523989388959,4.288176872518201,-1.7868296327982078,4.292381186474474,-1.7831100149420758,3.932694527928656,-1.8086210214946312,4.302739825971356,-1.7892283136142533,4.332400713230485,-1.784660879243658,4.272071652020832,-1.784158868405205,4.329961308141217,-1.7824913155464108,4.333565564289986,-1.7893276126399233,4.280826840693278,-1.8027323498153927,3.7338999999999993
2.072776924804017,-2.746760711656039,2.0594174151929505,-2.741157637444544,2.064656315225371,-2.7322744852949477,2.049532446681442,-2.730774678552451,2.0558400813292828,-2.741899905830613,2.0557504055697056,-2.7502103649720726,2.0535006817627326,-2.742845802012273,2.054509975638957,-2.7399347854469562,2.060423378822904,-2.7462601962788766,2.0887541358427004,-2.7213364190496803,2.127881035208502,-2.620726975884098,2.169876376662965,-2.553219376711894,2.1458849107070024,-2.584924753238224,-0.8818
3.9879489264532983,0.1718599860459499,3.9199355147757227,0.1805745295537602,3.841948392417574,0.21777964315250675,3.7800382246744566,0.22672349906925637,3.714921162016766,0.21649667383222043,3.6163220722164655,0.21351908318161786,3.5323136015931524,0.21983886639353808,3.4483181016257762,0.22707054996628476,3.4327992673618466,0.25021403243178997,3.3271462742115774,0.2606081999376646,3.3215479885137884,0.2587212438660316,3.198054649314174,0.2649027517693835,3.1039862902403423,0.25957513983211916,-0.4065
2.069436222742807,-2.034616819054559,2.1462117882445835,-2.1142523196827545,2.1440634901979956,-2.2066016919948366,2.2960202263917395,-2.2598354197631725,2.2773967462873013,-2.3801665417282414,2.429564261343998,-2.419684430093462,2.5012696555949376,-2.5029610909924664,2.6148294093496784,-2.5615876732353455,2.7233428649364018,-2.619549871335265,2.7999787374192677,-2.720779168735192,2.85971647720539,-2.7289639623182405,2.8425768679140377,-2.692734305324323,3.0529438661724524,-2.7574975932427512,0.7438
4.287972445107359,-2.389725897534527,4.2317308350130185,-2.3935324900613026,4.139730360784386,-2.3827414611216176,4.0418931467815895,-2.35638692909062,3.933125784919672,-2.350836949132954,3.830568626196375,-2.3347797436527884,3.7213407718186726,-2.3225936957763516,3.6159131405497025,-2.3125329354401205,3.5408767572453024,-2.3046295315765732,3.4285179728273216,-2.2859523539114748,3.3473809538204664,-2.286745745338662,3.1691557377320536,-2.2627267337719505,3.045662924553535,-2.2430964610133213,0.6315
0.976958898828397,0.08043809926065287,0.9676188557484834,0.0661900659696222,0.9676404807571891,0.08557001555057944,0.9683792335650324,0.06230930425378305,0.9875940107149284,0.17330551070761657,0.9722287488034873,0.05608616657099411,3.502080810032802,0.024844929568145227,3.434022750361448,0.003640053812363158,3.401947696540911,0.009318326320855264,3.383043873496174,0.009222594640681816,3.313086797836725,-0.021794091234070122,3.385200478553668,0.0005317262880666434,3.3957237490702936,0.0037400067101199265,0.01680000000000001
2.3793685401803573,1.5945023151478384,2.3838162429180647,1.5935349380773687,1.8439379436412704,1.5971017640748115,2.1566197833646994,1.5947713239618548,2.4857757923835355,1.5923204446854897,2.7120990487074774,1.5918148058655197,2.7155211728137933,1.590388662969815,2.662478967053074,1.5897647502370713,2.5976306762124586,1.5890062342514835,2.6546212874909294,1.5863547292111246,2.5542709018426377,1.5853606845350683,2.5630944188617004,1.5793798069766016,2.5263692089637253,1.5781983212046682,-0.04069999999999999
4.202692939057052,1.4259784327781055,4.144953888766434,1.4222392094833338,4.203817038121424,1.4254645011880427,4.198405679540747,1.4219770443208708,4.069061164445677,1.4122090123158346,4.058048261171865,1.4109263661797247,4.027166061885206,1.41200375545682,4.0410017099724165,1.4134791552360313,3.7059407901368293,1.3866733402580893,3.432843119048697,1.3585351596018942,3.457957161388787,1.3603957771996833,3.4531206596352826,1.3752352104360392,3.7079281452045407,1.411189822208155,1.8495000000000001
2.3674868531841966,-2.9266346908180636,2.371258250381008,-2.924305105526206,2.371983819506362,-2.921954281535902,2.374392520203852,-2.9216629047586515,2.378428617806297,-2.912338883122702,2.375269437348104,-2.9272207399976704,2.3892388955481256,-2.9271229793666507,2.383031743389083,-2.920452205629439,2.377134762692268,-2.917694651259127,2.3856103705341294,-2.9209959291435057,2.3887684567575755,-2.920648848199896,2.3929805452615,-2.9200590743797585,2.395396134254213,-2.918060540686276,0.1925
1.041301579754871,0.26955375707981927,1.041301579754871,0.26955375707981927,1.041301579754871,0.26955375707981927,1.1861514616607882,0.21037497215194773,1.2631508738072508,0.1845552488496404,1.3575209906296029,0.15233569779520145,1.4767512485181817,-0.056437560280048066,1.585530677722771,0.11421632159076646,1.864684959986546,0.2266380634262813,1.9893123158518937,0.1945070185662907,2.072921850914783,0.16134189114023484,2.1726149981071132,0.16474006633676722,2.302640512542063,0.158437416698906,-0.3759
1.881324666292341,3.0117984511042586,1.881324666292341,3.0117984511042586,1.881324666292341,3.0117984511042586,2.044109373296853,3.0040335013314268,2.1233956390649396,2.9936481450018637,2.215596614909852,3.007138236450778,2.3996722297013835,2.897260840515726,2.461181220471181,3.0042350150269295,2.6724356269141416,3.105550306318421,2.802782925950567,3.098657837991391,2.9049857641647736,3.0818321839605,3.001309187671266,3.0892582619396474,3.1453461653687596,3.0921343729320125,0.2968
4.71091079304204,-2.5350142390440893,4.71091079304204,-2.5350142390440893,4.774818225859497,-2.539323644164272,2.621980528150428,-3.0521516589751476,2.647151912905642,3.0890592291312253,2.63013462202983,3.012649064251872,2.611451829921428,2.9578654477179165,2.5481291058343127,3.011206568724141,2.6242324230143943,2.8824360498824233,2.7453346681233626,2.8248873255813436,2.6857227146524294,2.819371123130012,3.827663507937968,3.1203509446330244,3.7632852841632958,3.0129727303699383,1.9795
6.324679935775408,-0.8280856430689196,6.348030533165386,-0.849033623467047,6.428095234204299,-0.8814459831552266,6.588397809786538,-0.9218462183067219,6.685206148653908,-0.9351484596936052,6.779926396355642,-0.956777685041998,6.850592535686241,-0.9749353945210004,6.927142015290287,-0.9804995340235971,6.991540806574758,-0.9935522669975329,6.945770115689118,-0.9978282326219524,7.060095628247538,-1.00869275280433,7.121939500585496,-1.0273788221417586,7.101774320548351,-1.0281309959605953,-1.8397999999999999
3.3385749594699834,1.363355635860706,3.362020269123908,1.3601413276252787,3.3570663279119164,1.3579366667512816,3.3583062457137527,1.358625703602989,3.3892586947590777,1.363216523260013,3.1338697308599164,1.3414359513460699,2.7891612000743153,1.309103851090171,2.675872941677163,1.306274878742915,2.768374983632096,1.3164345610326094,2.3249066497388666,1.2740619820667667,2.3014137046606806,1.2731216077072904,2.307693066679363,1.3026097794357254,2.29050510586639,1.3099127059713838,0.2906
2.746902389965831,-1.0028776707114955,2.685542660245785,-0.9914379695905328,2.7309941120405226,-0.9992872403732614,2.7358573683582277,-0.9915020261086103,2.8257972821842703,-1.0092185969472631,2.78678300016345,-1.0016644784263877,2.78678300016345,-1.0016644784263877,2.5079401687440668,-0.9269283830858104,2.5079401687440668,-0.9269283830858104,2.7869845227413825,-0.9875904222902095,3.2187382993962097,-1.0665947206443558,3.0992751055690433,-1.0495571355756532,3.1859614121956996,-1.0614845058535785,2.9275
8.219567093831646,1.3074071411662644,8.047025590241402,1.3006151211381318,7.8570113713803424,1.2920316320452734,7.656840750596815,1.2885140688561627,7.527275715688911,1.2837537590567487,7.316142946252485,1.2725224975310059,7.182846371738715,1.2699329462540696,6.943916564158876,1.265828145998487,6.793639226511812,1.2651147038089445,6.71147824625842,1.251378088474535,6.586176834097306,1.2536407148760123,6.552513406319746,1.2515842789720777,6.344860402719668,1.241913609656571,-1.3874
2.5923009566792197,-1.5295857429415762,2.6423887696552146,-1.5319959336999447,2.6006892509486796,-1.531681335337537,2.614690285674386,-1.5317760692041087,2.5288686877732474,-1.5323506972230754,2.6175055701946492,-1.5228697738794998,2.6310643112626497,-1.521747073495238,2.5671039012864285,-1.521616047174263,2.5601300748204157,-1.5246103792464187,2.5783594415829594,-1.5228793176991462,2.2103459661329037,-1.5182917344155327,2.2882917755391237,-1.5213944201148701,2.2001665505138486,-1.5206427351645608,-3.035
4.500260251363249,-2.1481552644959354,4.371019616748476,-2.167041443269805,4.2244619941478945,-2.1943314366177233,4.049143644031415,-2.21894040931271,3.955602549549184,-2.2365866567888864,3.616640989924216,-2.323087789841942,3.272291681681207,-2.426459664840841,3.0877004129286885,-2.4808221717217696,2.9869560592683686,-2.504218221628274,2.976735608010897,-2.5415891353387146,2.8643352771629265,-2.5599323778286904,2.8395168603126835,-2.5557389039333946,2.7186366675228952,-2.624572613435985,1.0661
2.2357377149388484,0.5248548534375693,2.2504934081218795,0.523318291163355,2.261101114501513,0.5161838913630573,2.262377457454877,0.516371968137686,2.271119239494036,0.5129747016080146,2.318528466506285,0.49702322580974007,2.3237899324164304,0.4955997615257866,2.322726959846976,0.4969243456818291,2.322056510940251,0.4969339572454996,2.288211012996842,0.4989909640010061,2.27920737977043,0.5045501203377705,2.3009569074626284,0.4966170088547278,2.328766763761465,0.4798179814076688,-0.10260000000000001
2.9440552304601866,0.6138369887853772,2.954996996614377,0.6150369995063437,2.951639349581859,0.6047197138783519,2.9714100777240406,0.608594764933796,3.0014267024200256,0.6086106196720116,3.0239094910397046,0.5934323978377501,3.0236226252626164,0.5928183289989345,3.0285347117046455,0.590612607236826,3.0340714197263003,0.5878837681351738,2.998356851677274,0.5903336232185676,3.0018457072274765,0.5942114657477184,3.0295137448111977,0.5915089518987869,3.0242783023392588,0.5703937840037815,-0.0721
2.1289384420410062,-0.5646289176350245,2.178845148237934,-0.5688694112384368,2.2317128354696525,-0.5718086305643167,2.2380274819581674,-0.5856232194911309,2.287114489919553,-0.6011118748550324,2.1920714244750363,-0.5526950144304205,2.219657640267978,-0.5630596487062541,2.2640084540478176,-0.5574943744581277,2.248466822081213,-0.5638605141298073,2.3098668230008377,-0.6052818097851322,2.343278374414783,-0.6364425631561225,2.3488479495275962,-0.6700534142221382,2.382080873941946,-0.6907715147726505,-0.7580999999999998
4.139454751534312,1.8073260382287062,4.081867878802548,1.8082823347481183,4.079789019054785,1.8073213722218446,4.034257172020643,1.810093711092745,4.124297023736289,1.807289104805024,4.0192683525736355,1.8074958045109353,3.4636902690627545,1.902571562261469,3.4339713277777983,1.941428270911093,3.5071688596359327,1.8316742213738653,3.5041147826519623,1.8271541026867266,4.020039116725112,1.7982477458864028,3.812657373801112,1.8078868619200188,3.9060256335564403,1.8048775077576642,-2.394
5.2793848012813,0.8031591890690505,5.243390195283961,0.7966994031314413,5.145193100360762,0.7779493580357641,5.34794717438383,0.8200467948272585,5.345281751226964,0.8194022584127473,5.2911977358628315,0.805311589284889,5.260767048634638,0.7985977408846613,5.257044124791042,0.80246787142206,5.298556920520907,0.811184084481684,5.295265524976058,0.8098376221537696,5.281393090842604,0.8086429380569433,5.281073020703276,0.8077470205652567,5.252895925106456,0.8027371547590294,-0.007000000000000006
2.986163098358831,-1.6584455903736592,2.986163098358831,-1.6584455903736592,2.986163098358831,-1.6584455903736592,2.997585391611054,-1.668463342141588,3.34809901436621,-1.659620133107978,3.462128491260833,-1.6585718303973607,3.4847822370988992,-1.6564731686364254,3.7079980393738055,-1.656148076447861,3.9547671347375175,-1.654260940659689,3.7744761596809693,-1.6770239564132157,3.57867994238099,-1.696818437036093,3.547697829579065,-1.7077065178485507,3.654893690656407,-1.7154909394837663,1.8336
4.193522073388907,-1.78765731184295,4.214410936299399,-1.7858852834847923,4.221686782555049,-1.7868908922135274,4.216371188593339,-1.790519988919111,4.198716605106853,-1.7911418317977492,4.160507009968857,-1.7993642873650426,4.160507009968857,-1.7993642873650426,4.548889835992955,-1.7802206943769647,4.548889835992955,-1.7802206943769647,4.211765816139356,-1.8037508981230903,4.054934110438788,-1.7910220621752737,4.0770130303937,-1.7927508839169928,4.076971087707147,-1.7992957440497352,-0.1109
3.3142833146850914,-2.7538921156796867,3.289170760237299,-2.756027745171947,3.278457028847565,-2.734093525378545,3.2689772727873136,-2.7257630566018816,3.26640277522537,-2.720455698815959,3.26696940450932,-2.7196947607844675,3.102507039476303,-2.76474332231438,3.0375949203275914,-2.7797510688827,3.105538922634846,-2.7462566018127905,3.0590788057845115,-2.749303546628304,3.2256565300726012,-2.7057464787824963,3.2012871536305476,-2.6997117206394816,3.1864191328197915,-2.68785390943247,-0.0426
2.628579574599178,1.300727171172033,2.6614117926393903,1.2513865197777494,2.634370034752141,1.2391303690422217,2.6751090332919154,1.2460668465337295,2.4151371472444363,1.2177732210050192,2.1615248182706583,1.1436328008222547,2.0818353080875545,1.1335742830539093,2.023335844589327,1.1283468773159957,2.0327340431054903,1.130427450287768,2.038948143038464,1.1435883988535334,2.053335014068576,1.1518994957099677,2.0782841312005442,1.1490788560538592,2.062393876057626,1.144128705257127,-0.3283
2.9028031779643615,1.6441360546852184,2.9232924742488557,1.6587215179601604,2.913718672075257,1.669628302285014,3.3586843168121634,1.6439556688131653,3.434215515951207,1.6264418167531454,2.93003072338841,1.630558229745797,3.39815538196828,1.620255075250635,2.82651906061148,1.6207017199197624,2.797290569461815,1.6207582929444164,2.785855304928811,1.6213229582538178,2.670198962624324,1.6234384388742364,3.3036993946181004,1.6181245935830832,3.023664521735176,1.6165514913570083,2.8989
4.663273447911885,1.5816258412273334,4.67942276461531,1.5842385604796392,4.428674665179189,1.5882516450069428,4.406935294510233,1.5890640053616047,4.536277796828585,1.5893147696709022,4.700614427923227,1.5869651304089196,4.751242469081113,1.5808991192441162,4.717006154331367,1.5854459730784554,4.70011126357664,1.5869243037566803,4.675726760622353,1.5955008818972123,4.674203963243367,1.5977988578081064,4.652439455812402,1.5973446590809002,4.66156547095501,1.596713269317564,0.035500000000000004
3.7018929927808553,1.7623272707169533,3.598706835795325,1.7127680472691524,3.7585555736213343,1.6897391901705614,3.1759814766462378,0.7675413282115854,3.2003769559225343,0.7718317339506234,3.544365005187812,0.8510214564320079,3.266563484764992,0.7047413135881493,3.694386992452198,0.8112975194296322,3.7954076526771137,0.7879132954949771,3.889720520808659,0.7628726531277153,3.8593023009347154,0.7079095976206523,3.739558059450342,0.6059370353367736,3.7883272139560487,0.589086137789316,-9.976500000000001
5.576315862646233,0.8997466655296088,5.320837892663147,0.8682325879241928,5.154539921273283,0.8553353456204265,5.0449615598139115,0.8340812852977393,4.917593403281734,0.8101327761893727,4.790667281287648,0.7825937427052375,4.639884275496537,0.7641066234815513,4.556085628036419,0.736257428981428,4.4117456737667915,0.7056071610252456,4.220882003799683,0.6732054305320524,4.044779436508253,0.6195568478892708,3.95077308890298,0.6060313189633034,3.8834613143431755,0.5812535255663969,-1.1929
2.954871943079767,3.0931113267195696,2.9967035288796904,2.9467494108112704,3.0532830134135938,2.869555340850499,3.135955186223172,2.7919362219351704,3.1652589546512635,2.719919951203236,3.2571859081114787,2.662319599920415,3.3874990450183162,2.5681888081315507,3.6097443815317467,2.5030503649976437,3.732861744024282,2.4307464357841617,3.803040922735385,2.382860290632384,4.140482339051817,2.294538427302154,4.332148275394091,2.2514422863997203,4.512385680546378,2.2127106911227434,3.7429
8.859485859235857,-2.393899350512316,8.581537955401705,-2.3607758688181497,8.336124799929522,-2.3299468072081444,8.155805630960073,-2.289359882446421,7.897516152563413,-2.2472834066541387,7.897516152563413,-2.2472834066541387,7.5389266404442505,-2.156275197477693,7.379882213152188,-2.1072513010170804,7.287995231886475,-2.066462508093996,7.129634870033667,-2.0064456567202185,7.003306831775972,-1.9531084022303085,6.906554411571666,-1.8945248643631465,6.802688799291053,-1.830653496576544,-1.8916
